,site,plot,year,crop_sequence,operational_costs_dollars,material_input_costs_dollars,crop_1_name,crop_2_name,crop_3_name,crop_1_yield,crop_2_yield,crop_3_yield,plot_revenue_dollars,plot_gross_margin_dollars
0,roseworthy,ROSEWORTHY_S8_P0121_R1,2024,1,182.5,394.53,Lentil,,,,,,614.369431425,37.33943142500004
1,roseworthy,ROSEWORTHY_S1.2_P3123_R2,2023,1,279.0,592.1894,Lentil,,,,,,1490.89,619.7006000000001
2,roseworthy,ROSEWORTHY_S1.2_P3123_R2,2023,2,193.5,478.53000000000003,Lentil,,,,,,748.7078046,76.6778046
3,roseworthy,ROSEWORTHY_S1.2_P3123_R3,2023,1,268.0,592.1894,Lentil,,,,,,1522.5,662.3106
4,roseworthy,ROSEWORTHY_S1.2_P3123_R3,2023,2,193.5,478.53000000000003,Lentil,,,,,,553.6397688,-118.39023120000007
5,roseworthy,ROSEWORTHY_S6_P0000_R1,2023,1,257.0,592.1894,Lentil,,,,,,1890.56,1041.3706
6,roseworthy,ROSEWORTHY_S6_P0000_R1,2023,2,202.0,258.456,Lentil,,,,,,5.2142912514,-455.2417087486
7,roseworthy,ROSEWORTHY_S3_P1212_R2,2023,1,248.5,576.9044,Lentil,,,,,,0.0,-825.4044
8,roseworthy,ROSEWORTHY_S3_P1212_R2,2023,2,193.5,249.936,Lentil,,,,,,676.0199132800001,232.58391328000008
9,roseworthy,ROSEWORTHY_S3_P2121_R2,2023,1,257.0,592.1894,Lentil,,,,,,1771.492,922.3026
10,roseworthy,ROSEWORTHY_S3_P2121_R2,2023,2,182.5,298.45500000000004,Lentil,,,,,,0.0,-480.95500000000004
11,roseworthy,ROSEWORTHY_S4_P3123_R3,2023,1,270.5,558.6094,Lentil,,,,,,1350.65,521.5406
12,roseworthy,ROSEWORTHY_S4_P3123_R3,2023,2,193.5,267.18,Lentil,,,,,,662.17762931221,201.49762931221
13,roseworthy,ROSEWORTHY_S4_P2312_R3,2023,1,270.5,816.4513999999999,Lentil,,,,,,1507.43,420.47860000000014
14,roseworthy,ROSEWORTHY_S4_P2312_R3,2023,2,171.5,232.98000000000002,Lentil,,,,,,426.2611510056,21.78115100560001
15,roseworthy,ROSEWORTHY_S5_P0000_R3,2023,1,285.0,695.1294,Lentil,,,,,,1396.56,416.4305999999999
16,roseworthy,ROSEWORTHY_S5_P0000_R3,2023,2,193.5,249.936,Lentil,,,,,,550.808096,107.37209599999997
17,roseworthy,ROSEWORTHY_S8_P0212_R3,2024,1,180.0,231.98,Lentil,,,,,,532.059805728,120.07980572800003
18,roseworthy,ROSEWORTHY_S2_P1212_R1,2023,1,281.5,786.8794,Lentil,,,,,,1522.5,454.12059999999997
19,roseworthy,ROSEWORTHY_S2_P1212_R1,2023,2,202.0,289.93600000000004,Lentil,,,,,,1153.56379424,661.6277942400001
20,roseworthy,ROSEWORTHY_S1.1_P3123_R1,2023,1,279.0,592.1894,Lentil,,,,,,1525.4,654.2106000000001
21,roseworthy,ROSEWORTHY_S1.1_P3123_R1,2023,2,193.5,478.53,Lentil,,,,,,804.8121885,132.78218850000007
22,roseworthy,ROSEWORTHY_S4_P2312_R1,2023,1,270.5,816.4513999999999,Lentil,,,,,,1409.27,322.31860000000006
23,roseworthy,ROSEWORTHY_S4_P2312_R1,2023,2,182.5,232.98000000000002,Lentil,,,,,,313.69790903919994,-101.78209096080008
24,roseworthy,ROSEWORTHY_S3_P1212_R3,2023,1,259.5,576.9044,Lentil,,,,,,0.0,-836.4044
25,roseworthy,ROSEWORTHY_S3_P1212_R3,2023,2,182.5,249.936,Lentil,,,,,,593.47573024,161.03973023999995
26,roseworthy,ROSEWORTHY_S2_P2121_R3,2023,1,279.0,592.1894,Lentil,,,,,,1078.132,206.94260000000008
27,roseworthy,ROSEWORTHY_S2_P2121_R3,2023,2,182.5,478.53,Lentil,,,,,,681.00544185,19.97544185000004
28,roseworthy,ROSEWORTHY_S1.2_P3123_R1,2023,1,268.0,592.1894,Lentil,,,,,,1470.01,609.8206
29,roseworthy,ROSEWORTHY_S1.2_P3123_R1,2023,2,182.5,478.53000000000003,Lentil,,,,,,775.6069365,114.57693649999993
30,roseworthy,ROSEWORTHY_S1.2_P2312_R1,2023,1,268.0,592.1894,Lentil,,,,,,1788.8,928.6106
31,roseworthy,ROSEWORTHY_S1.2_P2312_R1,2023,2,202.0,289.93600000000004,Lentil,,,,,,628.7356919,136.79969189999997
32,roseworthy,ROSEWORTHY_S2_P2121_R2,2023,1,268.0,592.1894,Lentil,,,,,,1550.216,690.0265999999999
33,roseworthy,ROSEWORTHY_S2_P2121_R2,2023,2,182.5,478.53,Lentil,,,,,,770.36491725,109.33491724999999
34,roseworthy,ROSEWORTHY_S4_P2312_R2,2023,1,270.5,816.4513999999999,Lentil,,,,,,1400.63,313.6786000000002
35,roseworthy,ROSEWORTHY_S4_P2312_R2,2023,2,182.5,232.98000000000002,Lentil,,,,,,402.4891824504,-12.990817549600024
36,roseworthy,ROSEWORTHY_S1.1_P1231_R2,2023,1,281.5,786.8794,Lentil,,,,,,838.5,-229.87940000000003
37,roseworthy,ROSEWORTHY_S1.1_P1231_R2,2023,2,191.0,299.93600000000004,Lentil,,,,,,601.6714854400001,110.73548544000005
38,roseworthy,ROSEWORTHY_S1.1_P3123_R2,2023,1,257.0,592.1894,Lentil,,,,,,1579.63,730.4406000000001
39,roseworthy,ROSEWORTHY_S1.1_P3123_R2,2023,2,193.5,478.53,Lentil,,,,,,341.6074707,-330.42252929999995
40,roseworthy,ROSEWORTHY_S1.1_P1231_R3,2023,1,270.5,786.8794,Lentil,,,,,,1349.25,291.87059999999997
41,roseworthy,ROSEWORTHY_S1.1_P1231_R3,2023,2,202.0,299.93600000000004,Lentil,,,,,,637.2072371200001,135.27123712000002
42,roseworthy,ROSEWORTHY_S1.1_P2312_R3,2023,1,279.0,592.1894,Lentil,,,,,,1490.88,619.6906000000001
43,roseworthy,ROSEWORTHY_S1.1_P2312_R3,2023,2,202.0,299.93600000000004,Lentil,,,,,,179.119033194,-322.81696680600004
44,roseworthy,ROSEWORTHY_S4_P3123_R1,2023,1,270.5,558.6094,Lentil,,,,,,1366.12,537.0105999999998
45,roseworthy,ROSEWORTHY_S4_P3123_R1,2023,2,193.5,267.18,Lentil,,,,,,964.2959186454,503.6159186454
46,roseworthy,ROSEWORTHY_S1.2_P1231_R3,2023,1,270.5,786.8794,Lentil,,,,,,1109.25,51.87059999999997
47,roseworthy,ROSEWORTHY_S1.2_P1231_R3,2023,2,191.0,289.93600000000004,Lentil,,,,,,485.4578016,4.521801599999947
48,roseworthy,ROSEWORTHY_S4_P1231_R2,2023,1,281.5,579.2794,Lentil,,,,,,1300.596,439.8166
49,roseworthy,ROSEWORTHY_S4_P1231_R2,2023,2,171.5,439.23,Lentil,,,,,,554.5648738474999,-56.16512615250008
50,roseworthy,ROSEWORTHY_S8_P0212_R2,2024,1,180.0,231.98,Lentil,,,,,,308.96147436,-103.01852563999998
51,roseworthy,ROSEWORTHY_S7_P0000_R2,2023,1,257.0,6808.229399999999,Lentil,,,,,,1530.1,-5535.1294
52,roseworthy,ROSEWORTHY_S7_P0000_R2,2023,2,182.5,10348.086,Lentil,,,,,,387.08837616,-10143.49762384
53,roseworthy,ROSEWORTHY_S7_P0000_R3,2023,1,257.0,6808.229399999999,Lentil,,,,,,1796.316,-5268.9133999999995
54,roseworthy,ROSEWORTHY_S7_P0000_R3,2023,2,182.5,10348.086,Lentil,,,,,,180.13815971999998,-10350.44784028
55,roseworthy,ROSEWORTHY_S1.2_P2312_R3,2023,1,279.0,592.1894,Lentil,,,,,,1201.28,330.0906
56,roseworthy,ROSEWORTHY_S1.2_P2312_R3,2023,2,191.0,289.93600000000004,Lentil,,,,,,146.69071798,-334.24528202000005
57,roseworthy,ROSEWORTHY_S6_P0000_R2,2023,1,279.0,592.1894,Lentil,,,,,,1697.92,826.7306000000001
58,roseworthy,ROSEWORTHY_S6_P0000_R2,2023,2,202.0,258.456,Lentil,,,,,,3.1368733572,-457.31912664280003
59,roseworthy,ROSEWORTHY_S1.2_P2312_R2,2023,1,279.0,592.1894,Lentil,,,,,,1796.16,924.9706000000001
60,roseworthy,ROSEWORTHY_S1.2_P2312_R2,2023,2,202.0,289.93600000000004,Lentil,,,,,,391.34563822,-100.59036178000002
61,roseworthy,ROSEWORTHY_S3_P2121_R1,2023,1,279.0,592.1894,Lentil,,,,,,1574.184,702.9946
62,roseworthy,ROSEWORTHY_S3_P2121_R1,2023,2,182.5,298.45500000000004,Lentil,,,,,,0.0,-480.95500000000004
63,roseworthy,ROSEWORTHY_S5_P0000_R1,2023,1,274.0,695.1294,Lentil,,,,,,1787.28,818.1505999999999
64,roseworthy,ROSEWORTHY_S5_P0000_R1,2023,2,193.5,249.936,Lentil,,,,,,639.5596383999999,196.12363839999992
65,roseworthy,ROSEWORTHY_S6_P0000_R3,2023,1,268.0,592.1894,Lentil,,,,,,1117.76,257.5706
66,roseworthy,ROSEWORTHY_S6_P0000_R3,2023,2,191.0,258.456,Lentil,,,,,,0.74487346829,-448.71112653171
67,roseworthy,ROSEWORTHY_S3_P1212_R1,2023,1,248.5,576.9044,Lentil,,,,,,0.0,-825.4044
68,roseworthy,ROSEWORTHY_S3_P1212_R1,2023,2,182.5,249.936,Lentil,,,,,,767.0964707200001,334.66047072000003
69,roseworthy,ROSEWORTHY_S8_P0121_R2,2024,1,182.5,394.53,Lentil,,,,,,585.82232295,8.79232294999997
70,roseworthy,ROSEWORTHY_S1.1_P2312_R1,2023,1,268.0,592.1894,Lentil,,,,,,1607.36,747.1705999999999
71,roseworthy,ROSEWORTHY_S1.1_P2312_R1,2023,2,202.0,299.93600000000004,Lentil,,,,,,262.74655913299995,-239.1894408670001
72,roseworthy,ROSEWORTHY_S1.2_P1231_R2,2023,1,270.5,786.8794,Lentil,,,,,,1140.75,83.37059999999997
73,roseworthy,ROSEWORTHY_S1.2_P1231_R2,2023,2,202.0,289.93600000000004,Lentil,,,,,,680.6755664,188.73956639999994
74,roseworthy,ROSEWORTHY_S3_P2121_R3,2023,1,268.0,592.1894,Lentil,,,,,,971.56,111.37059999999997
75,roseworthy,ROSEWORTHY_S3_P2121_R3,2023,2,182.5,298.45500000000004,Lentil,,,,,,0.0,-480.95500000000004
76,roseworthy,ROSEWORTHY_S8_P0121_R3,2024,1,182.5,394.53,Lentil,,,,,,754.896954,177.86695400000008
77,roseworthy,ROSEWORTHY_S4_P3123_R2,2023,1,259.5,558.6094,Lentil,,,,,,1405.41,587.3006
78,roseworthy,ROSEWORTHY_S4_P3123_R2,2023,2,193.5,267.18,Lentil,,,,,,930.7277725196,470.04777251959996
79,roseworthy,ROSEWORTHY_S5_P0000_R2,2023,1,274.0,695.1294,Lentil,,,,,,1840.08,870.9505999999999
80,roseworthy,ROSEWORTHY_S5_P0000_R2,2023,2,193.5,249.936,Lentil,,,,,,484.94543456,41.50943456000002
81,roseworthy,ROSEWORTHY_S1.1_P3123_R3,2023,1,279.0,592.1894,Lentil,,,,,,1367.9299999999998,496.74059999999986
82,roseworthy,ROSEWORTHY_S1.1_P3123_R3,2023,2,182.5,478.53000000000003,Lentil,,,,,,729.6448116,68.6148116
83,roseworthy,ROSEWORTHY_S1.2_P1231_R1,2023,1,270.5,786.8794,Lentil,,,,,,1215.75,158.37059999999997
84,roseworthy,ROSEWORTHY_S1.2_P1231_R1,2023,2,191.0,289.93600000000004,Lentil,,,,,,804.7263039999999,323.7903039999999
85,roseworthy,ROSEWORTHY_S2_P1212_R3,2023,1,270.5,786.8794,Lentil,,,,,,1179.0,121.62059999999997
86,roseworthy,ROSEWORTHY_S2_P1212_R3,2023,2,191.0,289.93600000000004,Lentil,,,,,,608.440472,127.50447199999996
87,roseworthy,ROSEWORTHY_S4_P1231_R3,2023,1,281.5,579.2794,Lentil,,,,,,1423.499,562.7196
88,roseworthy,ROSEWORTHY_S4_P1231_R3,2023,2,182.5,439.23,Lentil,,,,,,560.5840651325,-61.145934867500046
89,roseworthy,ROSEWORTHY_S1.1_P2312_R2,2023,1,268.0,592.1894,Lentil,,,,,,1633.28,773.0906
90,roseworthy,ROSEWORTHY_S1.1_P2312_R2,2023,2,202.0,299.93600000000004,Lentil,,,,,,441.46737671,-60.46862329000004
91,roseworthy,ROSEWORTHY_S7_P0000_R1,2023,1,279.0,6808.229399999999,Lentil,,,,,,1407.264,-5679.965399999999
92,roseworthy,ROSEWORTHY_S7_P0000_R1,2023,2,182.5,10348.086,Lentil,,,,,,640.23085313,-9890.355146869999
93,roseworthy,ROSEWORTHY_S2_P1212_R2,2023,1,281.5,786.8794,Lentil,,,,,,1095.0,26.620599999999968
94,roseworthy,ROSEWORTHY_S2_P1212_R2,2023,2,202.0,289.93600000000004,Lentil,,,,,,520.36017696,28.424176959999954
95,roseworthy,ROSEWORTHY_S8_P0212_R1,2024,1,180.0,231.98,Lentil,,,,,,247.48459384,-164.49540616
96,roseworthy,ROSEWORTHY_S2_P2121_R1,2023,1,268.0,592.1894,Lentil,,,,,,1452.632,592.4426000000001
97,roseworthy,ROSEWORTHY_S2_P2121_R1,2023,2,182.5,478.53000000000003,Lentil,,,,,,768.5064937499999,107.47649374999986
98,roseworthy,ROSEWORTHY_S4_P1231_R1,2023,1,281.5,579.2794,Lentil,,,,,,1490.83,630.0505999999999
99,roseworthy,ROSEWORTHY_S4_P1231_R1,2023,2,171.5,439.23,Lentil,,,,,,495.26255966,-115.46744034
100,roseworthy,ROSEWORTHY_S1.1_P1231_R1,2023,1,270.5,786.8794,Lentil,,,,,,1487.25,429.87059999999997
101,roseworthy,ROSEWORTHY_S1.1_P1231_R1,2023,2,191.0,299.93600000000004,Lentil,,,,,,751.59957216,260.66357215999994
102,warrambine,WARRAMBINE_S4_P1231_R3,2023,1,215.5,458.03800000000007,Lentil,,,,,,0.0,-673.538
103,warrambine,WARRAMBINE_S3_P3123_R3,2023,1,221.5,775.8506,Lentil,,,,,,1400.0,402.6494
104,warrambine,WARRAMBINE_S3_P2312_R3,2023,1,243.5,708.108,Lentil,,,,,,2511.52,1559.912
105,warrambine,WARRAMBINE_S1_P2121_R2,2023,1,232.5,775.8506,Lentil,,,,,,1206.08,197.72939999999994
106,warrambine,WARRAMBINE_S1_P2121_R1,2023,1,221.5,775.8506,Lentil,,,,,,1320.32,322.96939999999995
107,warrambine,WARRAMBINE_S3_P3123_R2,2023,1,221.5,775.8506,Lentil,,,,,,979.2,-18.15059999999994
108,warrambine,WARRAMBINE_S1_P1212_R2,2023,1,232.5,708.108,Lentil,,,,,,1750.32,809.712
109,warrambine,WARRAMBINE_S4_P1231_R1,2023,1,204.5,458.03800000000007,Lentil,,,,,,0.0,-662.538
110,warrambine,WARRAMBINE_S2_P1231_R2,2023,1,215.5,703.663,Lentil,,,,,,2118.42,1199.257
111,warrambine,WARRAMBINE_S5_P1231_R3,2023,1,248.5,611.001,Lentil,,,,,,0.0,-859.501
112,warrambine,WARRAMBINE_S3_P1231_R3,2023,1,215.5,609.8009999999999,Lentil,,,,,,1489.202,663.9010000000001
113,warrambine,WARRAMBINE_S3_P1231_R2,2023,1,237.5,609.8009999999999,Lentil,,,,,,1614.5800000000002,767.2790000000002
114,warrambine,WARRAMBINE_S4_P2312_R2,2023,1,221.5,708.108,Lentil,,,,,,2255.44,1325.832
115,warrambine,WARRAMBINE_S6_P0000_R1,2023,1,215.5,557.813,Lentil,,,,,,1057.89,284.5770000000001
116,warrambine,WARRAMBINE_S4_P3123_R3,2023,1,232.5,775.8506,Lentil,,,,,,1730.88,722.5294000000001
117,warrambine,WARRAMBINE_S7_P0000_R3,2023,1,204.5,741.1006,Lentil,,,,,,1576.0,630.3994
118,warrambine,WARRAMBINE_S3_P2312_R2,2023,1,243.5,708.108,Lentil,,,,,,2190.32,1238.7120000000002
119,warrambine,WARRAMBINE_S5_P3123_R1,2023,1,232.5,775.8506,Lentil,,,,,,1305.92,297.5694000000001
120,warrambine,WARRAMBINE_S1_P2121_R3,2023,1,243.5,775.8506,Lentil,,,,,,1221.76,202.4094
121,warrambine,WARRAMBINE_S2_P2312_R1,2023,1,254.5,708.108,Lentil,,,,,,1524.16,561.5520000000001
122,warrambine,WARRAMBINE_S6_P0000_R2,2023,1,193.5,557.813,Lentil,,,,,,1394.38,643.0670000000001
123,warrambine,WARRAMBINE_S5_P3123_R3,2023,1,221.5,775.8506,Lentil,,,,,,1389.12,391.7693999999999
124,warrambine,WARRAMBINE_S3_P3123_R1,2023,1,232.5,775.8506,Lentil,,,,,,1178.88,170.52940000000012
125,warrambine,WARRAMBINE_S2_P2312_R3,2023,1,232.5,708.108,Lentil,,,,,,2476.32,1535.7120000000002
126,warrambine,WARRAMBINE_S4_P3123_R2,2023,1,232.5,775.8506,Lentil,,,,,,1136.32,127.96939999999995
127,warrambine,WARRAMBINE_S4_P2312_R1,2023,1,232.5,708.108,Lentil,,,,,,1622.72,682.1120000000001
128,warrambine,WARRAMBINE_S5_P2312_R2,2023,1,243.5,708.108,Lentil,,,,,,2590.72,1639.1119999999999
129,warrambine,WARRAMBINE_S2_P3123_R1,2023,1,221.5,775.8506,Lentil,,,,,,1446.08,448.72939999999994
130,warrambine,WARRAMBINE_S5_P2312_R3,2023,1,232.5,708.108,Lentil,,,,,,2350.48,1409.872
131,warrambine,WARRAMBINE_S2_P3123_R2,2023,1,232.5,775.8506,Lentil,,,,,,1181.76,173.4094
132,warrambine,WARRAMBINE_S4_P1231_R2,2023,1,215.5,458.03800000000007,Lentil,,,,,,0.0,-673.538
133,warrambine,WARRAMBINE_S2_P2312_R2,2023,1,221.5,708.108,Lentil,,,,,,2195.6,1265.992
134,warrambine,WARRAMBINE_S3_P2312_R1,2023,1,232.5,708.108,Lentil,,,,,,2564.32,1623.7120000000002
135,warrambine,WARRAMBINE_S5_P1231_R2,2023,1,237.5,611.001,Lentil,,,,,,0.0,-848.501
136,warrambine,WARRAMBINE_S2_P1231_R3,2023,1,215.5,703.663,Lentil,,,,,,1691.8200000000002,772.6570000000002
137,warrambine,WARRAMBINE_S4_P2312_R3,2023,1,232.5,708.108,Lentil,,,,,,2816.0,1875.392
138,warrambine,WARRAMBINE_S5_P1231_R1,2023,1,248.5,611.001,Lentil,,,,,,0.0,-859.501
139,warrambine,WARRAMBINE_S7_P0000_R2,2023,1,204.5,771.1006,Lentil,,,,,,1512.64,537.0394000000001
140,warrambine,WARRAMBINE_S5_P2312_R1,2023,1,221.5,708.108,Lentil,,,,,,2414.72,1485.1119999999999
141,warrambine,WARRAMBINE_S2_P1231_R1,2023,1,215.5,703.663,Lentil,,,,,,2650.86,1731.6970000000001
142,warrambine,WARRAMBINE_S6_P0000_R3,2023,1,204.5,557.813,Lentil,,,,,,1170.64,408.3270000000001
143,warrambine,WARRAMBINE_S7_P0000_R1,2023,1,215.5,815.3506,Lentil,,,,,,1212.48,181.62940000000003
144,warrambine,WARRAMBINE_S2_P3123_R3,2023,1,221.5,775.8506,Lentil,,,,,,1191.36,194.0093999999999
145,warrambine,WARRAMBINE_S4_P3123_R1,2023,1,232.5,775.8506,Lentil,,,,,,1328.32,319.96939999999995
146,warrambine,WARRAMBINE_S3_P1231_R1,2023,1,226.5,609.8009999999999,Lentil,,,,,,1798.137,961.836
147,warrambine,WARRAMBINE_S1_P1212_R1,2023,1,232.5,708.108,Lentil,,,,,,2180.64,1240.032
148,warrambine,WARRAMBINE_S1_P1212_R3,2023,1,243.5,708.108,Lentil,,,,,,2070.64,1119.032
149,warrambine,WARRAMBINE_S5_P3123_R2,2023,1,232.5,775.8506,Lentil,,,,,,1298.56,290.20939999999996
150,edillilie,EDILLILIE_S1.3_P1212_R3,2023,1,149.5,266.847,Lentil,,,,,,1571.68,1155.333
151,edillilie,EDILLILIE_S1.3_P2121_R2,2023,1,171.5,171.02859999999998,Lentil,,,,,,1201.6,859.0713999999999
152,edillilie,EDILLILIE_S1.2 _P1212_R3,2023,1,160.5,266.847,Lentil,,,,,,1293.6,866.2529999999999
153,edillilie,EDILLILIE_S1.3_P2121_R1,2023,1,160.5,171.02859999999998,Lentil,,,,,,1072.0,740.4714
154,edillilie,EDILLILIE_S1.3_P1212_R1,2023,1,171.5,266.847,Lentil,,,,,,1822.48,1384.133
155,edillilie,EDILLILIE_S3_P1234_R2,2023,1,160.5,108.853,Lentil,,,,,,804.0600000000001,534.7070000000001
156,edillilie,EDILLILIE_S2.2_P3412_R3,2023,1,160.5,171.02859999999998,Lentil,,,,,,1209.92,878.3914000000001
157,edillilie,EDILLILIE_S3_P3412_R2,2023,1,171.5,171.02859999999998,Lentil,,,,,,1128.0,785.4714
158,edillilie,EDILLILIE_S2.2_P1234_R1,2023,1,171.5,108.853,Lentil,,,,,,1179.0,898.647
159,edillilie,EDILLILIE_S2.1_P2341_R3,2023,1,149.5,266.847,Lentil,,,,,,1312.96,896.613
160,edillilie,EDILLILIE_S1.1 _P2121_R1,2023,1,171.5,171.02859999999998,Lentil,,,,,,1290.56,948.0314
161,edillilie,EDILLILIE_S3_P1234_R3,2023,1,171.5,108.853,Lentil,,,,,,1191.24,910.8870000000001
162,edillilie,EDILLILIE_S2.2_P1234_R3,2023,1,160.5,108.853,Lentil,,,,,,1280.25,1010.897
163,edillilie,EDILLILIE_S2.1_P2341_R1,2023,1,160.5,266.847,Lentil,,,,,,1682.56,1255.213
164,edillilie,EDILLILIE_S3_P2341_R2,2023,1,160.5,266.84700000000004,Lentil,,,,,,1200.32,772.973
165,edillilie,EDILLILIE_S1.1_P2121_R2,2023,1,171.5,171.02859999999998,Lentil,,,,,,1182.4,839.8714000000001
166,edillilie,EDILLILIE_S2.1_P4123_R1,2023,1,160.5,171.02859999999998,Lentil,,,,,,1626.24,1294.7114000000001
167,edillilie,EDILLILIE_S2.1_P3412_R2,2023,1,149.5,171.02859999999998,Lentil,,,,,,1379.2,1058.6714000000002
168,edillilie,EDILLILIE_S3_P3412_R1,2023,1,149.5,171.02859999999998,Lentil,,,,,,1271.04,950.5114
169,edillilie,EDILLILIE_S3_P4123_R1,2023,1,171.5,171.02859999999998,Lentil,,,,,,1230.72,888.1914
170,edillilie,EDILLILIE_S2.1_P1234_R1,2023,1,160.5,108.853,Lentil,,,,,,1125.0,855.647
171,edillilie,EDILLILIE_S2.2_P1234_R2,2023,1,171.5,108.853,Lentil,,,,,,1285.5,1005.147
172,edillilie,EDILLILIE_S1.1_P2121_R3,2023,1,160.5,171.02859999999998,Lentil,,,,,,1295.36,963.8313999999999
173,edillilie,EDILLILIE_S2.2_P4123_R2,2023,1,171.5,171.02859999999998,Lentil,,,,,,1014.4,671.8714
174,edillilie,EDILLILIE_S2.1_P4123_R3,2023,1,171.5,171.02859999999998,Lentil,,,,,,1155.52,812.9914
175,edillilie,EDILLILIE_S1.1_P1212_R1,2023,1,160.5,266.847,Lentil,,,,,,2119.92,1692.573
176,edillilie,EDILLILIE_S2.2_P4123_R3,2023,1,171.5,171.02859999999998,Lentil,,,,,,1223.68,881.1514000000001
177,edillilie,EDILLILIE_S2.2_P3412_R1,2023,1,160.5,171.02859999999998,Lentil,,,,,,1300.8,969.2714
178,edillilie,EDILLILIE_S1.2 _P1212_R2,2023,1,160.5,266.847,Lentil,,,,,,1191.52,764.173
179,edillilie,EDILLILIE_S1.2 _P2121_R1,2023,1,171.5,171.02859999999998,Lentil,,,,,,1357.76,1015.2314
180,edillilie,EDILLILIE_S3_P4123_R3,2023,1,160.5,171.02859999999998,Lentil,,,,,,1170.24,838.7114
181,edillilie,EDILLILIE_S2.1_P3412_R1,2023,1,149.5,171.02859999999998,Lentil,,,,,,1362.56,1042.0313999999998
182,edillilie,EDILLILIE_S1.2 _P2121_R2,2023,1,149.5,171.02859999999998,Lentil,,,,,,1322.88,1002.3514000000001
183,edillilie,EDILLILIE_S2.2_P2341_R2,2023,1,160.5,266.847,Lentil,,,,,,1411.52,984.173
184,edillilie,EDILLILIE_S1.1_P1212_R3,2023,1,149.5,266.847,Lentil,,,,,,1489.84,1073.493
185,edillilie,EDILLILIE_S2.1_P2341_R2,2023,1,171.5,266.847,Lentil,,,,,,1280.4,842.0530000000001
186,edillilie,EDILLILIE_S2.2_P4123_R1,2023,1,160.5,171.02859999999998,Lentil,,,,,,1163.2,831.6714000000001
187,edillilie,EDILLILIE_S1.2 _P2121_R3,2023,1,149.5,171.02859999999998,Lentil,,,,,,1289.6,969.0713999999999
188,edillilie,EDILLILIE_S1.3_P2121_R3,2023,1,160.5,171.0286,Lentil,,,,,,1299.52,967.9914
189,edillilie,EDILLILIE_S2.2 _P2341_R1,2023,1,160.5,266.847,Lentil,,,,,,1653.52,1226.173
190,edillilie,EDILLILIE_S3_P2341_R1,2023,1,160.5,266.847,Lentil,,,,,,1666.72,1239.373
191,edillilie,EDILLILIE_S3_P1234_R1,2023,1,160.5,108.853,Lentil,,,,,,1126.98,857.6270000000001
192,edillilie,EDILLILIE_S1.2 _P1212_R1,2023,1,171.5,266.847,Lentil,,,,,,1822.48,1384.133
193,edillilie,EDILLILIE_S1.1_P1212_R2,2023,1,160.5,266.847,Lentil,,,,,,1327.04,899.693
194,edillilie,EDILLILIE_S3_P4123_R2,2023,1,160.5,171.02859999999998,Lentil,,,,,,1120.0,788.4714
195,edillilie,EDILLILIE_S2.2_P3412_R2,2023,1,171.5,171.02859999999998,Lentil,,,,,,1191.04,848.5114
196,edillilie,EDILLILIE_S2.1_P1234_R2,2023,1,160.5,108.853,Lentil,,,,,,1234.5,965.147
197,edillilie,EDILLILIE_S2.2_P2341_R3,2023,1,160.5,266.847,Lentil,,,,,,1395.68,968.3330000000001
198,edillilie,EDILLILIE_S3_P3412_R3,2023,1,171.5,171.02859999999998,Lentil,,,,,,1110.4,767.8714000000001
199,edillilie,EDILLILIE_S3_P2341_R3,2023,1,160.5,266.847,Lentil,,,,,,1647.36,1220.013
200,edillilie,EDILLILIE_S2.1_P1234_R3,2023,1,160.5,108.853,Lentil,,,,,,1176.75,907.397
201,edillilie,EDILLILIE_S2.1_P3412_R3,2023,1,160.5,171.0286,Lentil,,,,,,1214.72,883.1914
202,edillilie,EDILLILIE_S2.1_P4123_R2,2023,1,171.5,171.02859999999998,Lentil,,,,,,1289.6,947.0713999999999
203,edillilie,EDILLILIE_S1.3_P1212_R2,2023,1,149.5,266.847,Lentil,,,,,,1635.04,1218.693
204,manang,MANANG_S1.1_P2312_R3,2023,1,213.0,458.82,Lentil,,,,,,1065.92,394.1000000000001
205,manang,MANANG_S1.1_P2312_R3,2024,2,213.0,315.7692,Lentil,,,,,,640.0,111.23079999999999
206,manang,MANANG_S3_P2312_R3,2023,1,193.5,501.3472,Lentil,,,,,,656.25,-38.59719999999999
207,manang,MANANG_S3_P2312_R3,2024,2,221.5,402.6359803,Lentil,,,,,,832.0,207.86401969999997
208,manang,MANANG_S8.2_P1231_R3,2023,1,215.5,524.5,Lentil,,,,,,0.0,-740.0
209,manang,MANANG_S8.2_P1231_R3,2024,2,221.5,363.6054763,Lentil,,,,,,640.0,54.89452369999998
210,manang,MANANG_S7_P3123_R2,2023,1,202.0,434.32,Lentil,,,,,,860.8000000000001,224.48000000000008
211,manang,MANANG_S5_P4123_R2,2023,1,191.0,434.32,Lentil,,,,,,752.96,127.64000000000004
212,manang,MANANG_S5_P4123_R2,2024,2,193.5,189.30169999999998,Lentil,,,,,,225.0,-157.80169999999998
213,manang,MANANG_S4_P1234_R3,2023,1,226.5,501.3472,Lentil,,,,,,663.0,-64.84719999999999
214,manang,MANANG_S4_P1234_R3,2024,2,210.5,357.80696340000003,Lentil,,,,,,704.0,135.69303659999997
215,manang,MANANG_S13_P0000_R3,2023,1,182.5,513.1,Lentil,,,,,,1019.04,323.43999999999994
216,manang,MANANG_S13_P0000_R3,2024,2,221.5,311.91542175,Lentil,,,,,,693.3333333333333,159.91791158333325
217,manang,MANANG_S10.2_P2312_R3,2023,1,191.0,434.32,Lentil,,,,,,1026.24,400.92
218,manang,MANANG_S10.2_P2312_R3,2024,2,221.5,403.34943890000005,Lentil,,,,,,672.0,47.15056109999995
219,manang,MANANG_S8.2_P1231_R1,2023,1,226.5,524.5,Lentil,,,,,,0.0,-751.0
220,manang,MANANG_S8.2_P1231_R1,2024,2,221.5,363.6054763,Lentil,,,,,,512.0,-73.10547630000002
221,manang,MANANG_S4_P2341_R2,2023,1,202.0,450.5,Lentil,,,,,,1182.72,530.22
222,manang,MANANG_S4_P2341_R2,2024,2,221.5,376.47051765000003,Lentil,,,,,,608.0,10.029482349999967
223,manang,MANANG_S9_P2312_R1,2023,1,202.0,434.32,Lentil,,,,,,909.76,273.44
224,manang,MANANG_S9_P2312_R1,2024,2,210.5,434.56885679999993,Lentil,,,,,,1213.8,568.7311432
225,manang,MANANG_S1.2_P2312_R1,2023,1,202.0,434.32,Lentil,,,,,,1071.68,435.36000000000007
226,manang,MANANG_S1.2_P2312_R1,2024,2,230.0,405.9979634,Lentil,,,,,,256.0,-379.9979634
227,manang,MANANG_S10.1_P1231_R1,2023,1,213.0,448.4972,Lentil,,,,,,0.0,-661.4972
228,manang,MANANG_S10.1_P1231_R1,2024,2,230.0,393.24006640000005,Lentil,,,,,,448.0,-175.24006640000005
229,manang,MANANG_S8.1_P2312_R2,2023,1,191.0,434.32,Lentil,,,,,,1009.92,384.59999999999997
230,manang,MANANG_S8.1_P2312_R2,2024,2,230.0,396.09793845,Lentil,,,,,,384.0,-242.09793845000002
231,manang,MANANG_S11_P1212_R3,2023,1,213.0,448.4972,Lentil,,,,,,0.0,-661.4972
232,manang,MANANG_S11_P1212_R3,2024,2,230.0,386.26415265,Lentil,,,,,,768.0,151.73584734999997
233,manang,MANANG_S2_P2121_R3,2023,1,202.0,434.32,Lentil,,,,,,1018.24,381.92
234,manang,MANANG_S2_P2121_R3,2024,2,193.5,189.30169999999998,Lentil,,,,,,225.0,-157.80169999999998
235,manang,MANANG_S4_P3412_R1,2023,1,213.0,434.32,Lentil,,,,,,1004.16,356.84
236,manang,MANANG_S4_P3412_R1,2024,2,230.0,389.30201015000006,Lentil,,,,,,448.0,-171.30201015000006
237,manang,MANANG_S10.2_P2312_R2,2023,1,191.0,434.32,Lentil,,,,,,831.36,206.04000000000002
238,manang,MANANG_S10.2_P2312_R2,2024,2,221.5,403.3494389,Lentil,,,,,,576.0,-48.849438899999996
239,manang,MANANG_S10.1_P3123_R1,2023,1,182.5,409.82,Lentil,,,,,,1046.4,454.0800000000001
240,manang,MANANG_S10.1_P3123_R1,2024,2,193.5,207.1572,Lentil,,,,,,288.0,-112.65719999999999
241,manang,MANANG_S8.2_P3123_R3,2023,1,202.0,434.32,Lentil,,,,,,1123.84,487.5199999999999
242,manang,MANANG_S8.2_P3123_R3,2024,2,193.5,210.7522,Lentil,,,,,,0.0,-404.2522
243,manang,MANANG_S8.1_P1231_R3,2023,1,204.5,524.5,Lentil,,,,,,0.0,-729.0
244,manang,MANANG_S8.1_P1231_R3,2024,2,221.5,407.6677994,Lentil,,,,,,608.0,-21.16779939999998
245,manang,MANANG_S13_P0000_R6,2023,1,182.5,513.0999999999999,Lentil,,,,,,1057.76,362.1600000000001
246,manang,MANANG_S8.2_P2312_R2,2023,1,213.0,434.32,Lentil,,,,,,1071.68,424.36000000000007
247,manang,MANANG_S8.2_P2312_R2,2024,2,230.0,364.08917620000005,Lentil,,,,,,576.0,-18.089176200000054
248,manang,MANANG_S10.2_P2312_R1,2023,1,180.0,434.32,Lentil,,,,,,1169.92,555.6000000000001
249,manang,MANANG_S10.2_P2312_R1,2024,2,221.5,403.34943890000005,Lentil,,,,,,224.0,-400.84943890000005
250,manang,MANANG_S3_P3123_R1,2023,1,202.0,434.32,Lentil,,,,,,834.24,197.92000000000002
251,manang,MANANG_S3_P3123_R1,2024,2,193.5,189.30169999999998,Lentil,,,,,,150.0,-232.80169999999998
252,manang,MANANG_S2_P1212_R1,2023,1,204.5,501.3472,Lentil,,,,,,652.5,-53.34719999999999
253,manang,MANANG_S2_P1212_R1,2024,2,230.0,420.27051550000004,Lentil,,,,,,544.0,-106.27051550000004
254,manang,MANANG_S10.1_P2312_R1,2023,1,171.5,409.82,Lentil,,,,,,869.76,288.44
255,manang,MANANG_S10.1_P2312_R1,2024,2,230.0,398.2465015,Lentil,,,,,,448.0,-180.24650150000002
256,manang,MANANG_S9_P2312_R2,2023,1,191.0,434.32,Lentil,,,,,,1033.28,407.96
257,manang,MANANG_S9_P2312_R2,2024,2,210.5,434.5688568,Lentil,,,,,,1451.8,806.7311431999999
258,manang,MANANG_S1.3_P3123_R3,2023,1,213.0,479.32,Lentil,,,,,,1006.72,314.40000000000003
259,manang,MANANG_S1.3_P3123_R3,2024,2,193.5,189.30169999999998,Lentil,,,,,,225.0,-157.80169999999998
260,manang,MANANG_S13_P0000_R2,2023,1,182.5,513.0999999999999,Lentil,,,,,,1035.76,340.1600000000001
261,manang,MANANG_S13_P0000_R2,2024,2,221.5,311.91542175,Lentil,,,,,,490.6666666666666,-42.748755083333435
262,manang,MANANG_S8.2_P2312_R3,2023,1,202.0,434.32,Lentil,,,,,,745.6,109.28000000000003
263,manang,MANANG_S8.2_P2312_R3,2024,2,230.0,364.08917620000005,Lentil,,,,,,832.0,237.91082379999995
264,manang,MANANG_S8.1_P2312_R1,2023,1,202.0,434.32,Lentil,,,,,,1131.52,495.2
265,manang,MANANG_S8.1_P2312_R1,2024,2,230.0,396.09793845,Lentil,,,,,,224.0,-402.09793845
266,manang,MANANG_S4_P4123_R2,2023,1,202.0,434.32,Lentil,,,,,,913.92,277.59999999999997
267,manang,MANANG_S4_P4123_R2,2024,2,193.5,189.30169999999998,Lentil,,,,,,300.0,-82.80169999999998
268,manang,MANANG_S4_P2341_R3,2023,1,191.0,450.5,Lentil,,,,,,1177.44,535.94
269,manang,MANANG_S4_P2341_R3,2024,2,221.5,376.47051765000003,Lentil,,,,,,704.0,106.02948234999997
270,manang,MANANG_S13_P0000_R8,2023,1,182.5,513.0999999999999,Lentil,,,,,,1268.08,572.48
271,manang,MANANG_S4_P2341_R1,2023,1,191.0,450.5,Lentil,,,,,,1098.24,456.74
272,manang,MANANG_S4_P2341_R1,2024,2,221.5,376.47051765,Lentil,,,,,,384.0,-213.97051764999998
273,manang,MANANG_S12_P0000_R9,2023,1,193.5,412.09999999999997,Lentil,,,,,,1268.08,662.48
274,manang,MANANG_S10.1_P1231_R3,2023,1,213.0,448.4972,Lentil,,,,,,0.0,-661.4972
275,manang,MANANG_S10.1_P1231_R3,2024,2,230.0,393.24006640000005,Lentil,,,,,,672.0,48.759933599999954
276,manang,MANANG_S10.2_P1231_R3,2023,1,213.0,448.4972,Lentil,,,,,,0.0,-661.4972
277,manang,MANANG_S10.2_P1231_R3,2024,2,221.5,375.07880445,Lentil,,,,,,672.0,75.42119555
278,manang,MANANG_S12_P0000_R3,2023,1,182.5,412.09999999999997,Lentil,,,,,,1006.72,412.12000000000006
279,manang,MANANG_S12_P0000_R3,2024,2,221.5,335.56190395000004,Lentil,,,,,,704.0,146.93809604999996
280,manang,MANANG_S5_P1234_R3,2023,1,204.5,501.3472,Lentil,,,,,,711.0,5.152800000000013
281,manang,MANANG_S5_P1234_R3,2024,2,230.0,397.1617173,Lentil,,,,,,736.0,108.83828269999998
282,manang,MANANG_S5_P4123_R1,2023,1,202.0,434.32,Lentil,,,,,,893.12,256.8
283,manang,MANANG_S5_P4123_R1,2024,2,193.5,189.30169999999998,Lentil,,,,,,75.0,-307.8017
284,manang,MANANG_S3_P3123_R3,2023,1,191.0,434.32,Lentil,,,,,,796.16,170.83999999999997
285,manang,MANANG_S3_P3123_R3,2024,2,193.5,189.30169999999998,Lentil,,,,,,1725.0,1342.1983
286,manang,MANANG_S4_P3412_R3,2023,1,191.0,434.32,Lentil,,,,,,791.36,166.04000000000002
287,manang,MANANG_S4_P3412_R3,2024,2,230.0,389.30201015000006,Lentil,,,,,,704.0,84.69798984999994
288,manang,MANANG_S9_P3123_R3,2023,1,224.0,517.72,Lentil,,,,,,0.0,-741.72
289,manang,MANANG_S9_P3123_R3,2024,2,193.5,210.7522,Lentil,,,,,,0.0,-404.2522
290,manang,MANANG_S1.1_P3123_R3,2023,1,213.0,458.82,Lentil,,,,,,814.4,142.57999999999998
291,manang,MANANG_S1.1_P3123_R3,2024,2,193.5,189.30169999999998,Lentil,,,,,,1725.0,1342.1983
292,manang,MANANG_S3_P2312_R2,2023,1,204.5,501.3472,Lentil,,,,,,521.25,-184.5972
293,manang,MANANG_S3_P2312_R2,2024,2,221.5,402.6359803,Lentil,,,,,,608.0,-16.13598030000003
294,manang,MANANG_S3_P1231_R1,2023,1,204.5,501.3472,Lentil,,,,,,666.0,-39.84719999999999
295,manang,MANANG_S3_P1231_R1,2024,2,193.5,189.30169999999998,Lentil,,,,,,150.0,-232.80169999999998
296,manang,MANANG_S7_P1231_R1,2023,1,274.0,746.7126587,Lentil,,,,,,608.0,-412.7126587
297,manang,MANANG_S10.2_P1231_R2,2023,1,213.0,448.4972,Lentil,,,,,,0.0,-661.4972
298,manang,MANANG_S10.2_P1231_R2,2024,2,221.5,375.07880445,Lentil,,,,,,576.0,-20.578804450000007
299,manang,MANANG_S1.2_P2312_R2,2023,1,202.0,434.32,Lentil,,,,,,1229.12,592.8
300,manang,MANANG_S1.2_P2312_R2,2024,2,230.0,405.99796340000006,Lentil,,,,,,224.0,-411.99796340000006
301,manang,MANANG_S1.2_P1231_R3,2023,1,215.5,501.3472,Lentil,,,,,,519.75,-197.0972
302,manang,MANANG_S1.2_P1231_R3,2024,2,230.0,380.6001286,Lentil,,,,,,768.0,157.3998714
303,manang,MANANG_S5_P2341_R1,2023,1,202.0,434.32,Lentil,,,,,,998.72,362.40000000000003
304,manang,MANANG_S5_P2341_R1,2024,2,230.0,432.25104230000005,Lentil,,,,,,352.0,-310.25104230000005
305,manang,MANANG_S13_P0000_R1,2023,1,182.5,513.0999999999999,Lentil,,,,,,802.5600000000001,106.96000000000015
306,manang,MANANG_S13_P0000_R1,2024,2,221.5,311.91542175,Lentil,,,,,,373.33333333333337,-160.08208841666664
307,manang,MANANG_S6_P1111_R1,2023,1,191.0,434.32,Lentil,,,,,,1102.4,477.0800000000001
308,manang,MANANG_S6_P1111_R1,2024,2,230.0,416.05148280000003,Lentil,,,,,,304.0,-342.05148280000003
309,manang,MANANG_S5_P3412_R3,2023,1,202.0,434.32,Lentil,,,,,,1112.0,475.68
310,manang,MANANG_S5_P3412_R3,2024,2,230.0,386.07162275,Lentil,,,,,,96.0,-520.07162275
311,manang,MANANG_S8.2_P1231_R2,2023,1,248.5,524.5,Lentil,,,,,,0.0,-773.0
312,manang,MANANG_S8.2_P1231_R2,2024,2,221.5,363.6054763,Lentil,,,,,,768.0,182.89452369999998
313,manang,MANANG_S1.1_P3123_R1,2023,1,213.0,458.82,Lentil,,,,,,1164.8,492.97999999999996
314,manang,MANANG_S1.1_P3123_R1,2024,2,193.5,189.30169999999998,Lentil,,,,,,150.0,-232.80169999999998
315,manang,MANANG_S10.1_P2312_R2,2023,1,204.5,409.82,Lentil,,,,,,949.12,334.8
316,manang,MANANG_S10.1_P2312_R2,2024,2,230.0,398.2465015,Lentil,,,,,,544.0,-84.24650150000002
317,manang,MANANG_S1.2_P1231_R1,2023,1,215.5,518.5972,Lentil,,,,,,575.25,-158.84720000000004
318,manang,MANANG_S1.2_P1231_R1,2024,2,230.0,380.6001286,Lentil,,,,,,544.0,-66.6001286
319,manang,MANANG_S5_P2341_R3,2023,1,191.0,434.32,Lentil,,,,,,1132.8,507.47999999999996
320,manang,MANANG_S5_P2341_R3,2024,2,230.0,432.25104230000005,Lentil,,,,,,608.0,-54.25104230000005
321,manang,MANANG_S11_P1212_R1,2023,1,213.0,448.4972,Lentil,,,,,,0.0,-661.4972
322,manang,MANANG_S11_P1212_R1,2024,2,230.0,386.26415265,Lentil,,,,,,224.0,-392.26415265
323,manang,MANANG_S2_P1212_R2,2023,1,204.5,501.3472,Lentil,,,,,,858.75,152.9028
324,manang,MANANG_S2_P1212_R2,2024,2,230.0,420.27051550000004,Lentil,,,,,,608.0,-42.270515500000045
325,manang,MANANG_S1.1_P2312_R1,2023,1,213.0,458.82,Lentil,,,,,,1127.04,455.21999999999997
326,manang,MANANG_S1.1_P2312_R1,2024,2,213.0,315.7692,Lentil,,,,,,320.0,-208.7692
327,manang,MANANG_S1.3_P3123_R2,2023,1,202.0,479.32,Lentil,,,,,,885.76,204.44
328,manang,MANANG_S1.3_P3123_R2,2024,2,193.5,189.3017,Lentil,,,,,,375.0,-7.801700000000011
329,manang,MANANG_S11_P2121_R3,2023,1,202.0,434.32,Lentil,,,,,,920.96,284.64000000000004
330,manang,MANANG_S11_P2121_R3,2024,2,210.5,371.52683735000005,Lentil,,,,,,640.0,57.97316264999995
331,manang,MANANG_S9_P2312_R3,2023,1,202.0,434.32,Lentil,,,,,,971.84,335.52000000000004
332,manang,MANANG_S9_P2312_R3,2024,2,210.5,434.5688568,Lentil,,,,,,1190.0,544.9311432
333,manang,MANANG_S5_P2341_R2,2023,1,213.0,434.32,Lentil,,,,,,1023.04,375.71999999999997
334,manang,MANANG_S5_P2341_R2,2024,2,230.0,432.25104230000005,Lentil,,,,,,160.0,-502.25104230000005
335,manang,MANANG_S1.2_P3123_R1,2023,1,180.0,434.32,Lentil,,,,,,1008.32,394.00000000000006
336,manang,MANANG_S1.2_P3123_R1,2024,2,193.5,189.3017,Lentil,,,,,,225.0,-157.8017
337,manang,MANANG_S5_P3412_R2,2023,1,202.0,434.32,Lentil,,,,,,868.48,232.16000000000003
338,manang,MANANG_S5_P3412_R2,2024,2,230.0,386.07162275,Lentil,,,,,,448.0,-168.07162275000002
339,manang,MANANG_S4_P1234_R1,2023,1,226.5,501.3472,Lentil,,,,,,504.0,-223.8472
340,manang,MANANG_S4_P1234_R1,2024,2,210.5,357.80696340000003,Lentil,,,,,,1936.0,1367.6930366
341,manang,MANANG_S1.1_P2312_R2,2023,1,213.0,458.82,Lentil,,,,,,1076.8,404.97999999999996
342,manang,MANANG_S1.1_P2312_R2,2024,2,213.0,315.7692,Lentil,,,,,,480.0,-48.76920000000001
343,manang,MANANG_S10.1_P2312_R3,2023,1,193.5,409.82,Lentil,,,,,,1082.56,479.23999999999995
344,manang,MANANG_S10.1_P2312_R3,2024,2,230.0,398.2465015,Lentil,,,,,,768.0,139.75349849999998
345,manang,MANANG_S7_P2312_R2,2023,1,213.0,434.32,Lentil,,,,,,1017.92,370.59999999999997
346,manang,MANANG_S7_P2312_R2,2024,2,230.0,372.24345220000004,Lentil,,,,,,608.0,5.756547799999964
347,manang,MANANG_S4_P4123_R3,2023,1,202.0,434.32,Lentil,,,,,,931.2,294.88000000000005
348,manang,MANANG_S4_P4123_R3,2024,2,193.5,189.3017,Lentil,,,,,,300.0,-82.80170000000001
349,manang,MANANG_S12_P0000_R1,2023,1,182.5,412.09999999999997,Lentil,,,,,,822.8,228.2
350,manang,MANANG_S12_P0000_R1,2024,2,221.5,335.56190395000004,Lentil,,,,,,512.0,-45.061903950000044
351,manang,MANANG_S10.1_P3123_R3,2023,1,182.5,409.82,Lentil,,,,,,836.8000000000001,244.48000000000008
352,manang,MANANG_S10.1_P3123_R3,2024,2,193.5,207.1572,Lentil,,,,,,736.0,335.3428
353,manang,MANANG_S9_P1231_R1,2023,1,237.5,524.5,Lentil,,,,,,0.0,-762.0
354,manang,MANANG_S9_P1231_R1,2024,2,221.5,362.70835425,Lentil,,,,,,224.0,-360.20835425
355,manang,MANANG_S1.3_P1231_R3,2023,1,204.5,501.3472,Lentil,,,,,,651.0,-54.84719999999999
356,manang,MANANG_S1.3_P1231_R3,2024,2,230.0,451.37148745,Lentil,,,,,,128.0,-553.37148745
357,manang,MANANG_S10.2_P3123_R2,2023,1,191.0,434.32,Lentil,,,,,,882.5600000000001,257.24000000000007
358,manang,MANANG_S10.2_P3123_R2,2024,2,219.0,354.18498065,Lentil,,,,,,608.0,34.81501935
359,manang,MANANG_S1.3_P3123_R1,2023,1,202.0,479.32,Lentil,,,,,,1151.36,470.0399999999999
360,manang,MANANG_S1.3_P3123_R1,2024,2,193.5,189.30169999999998,Lentil,,,,,,150.0,-232.80169999999998
361,manang,MANANG_S11_P2121_R2,2023,1,191.0,434.32,Lentil,,,,,,885.76,260.44
362,manang,MANANG_S11_P2121_R2,2024,2,210.5,371.52683735,Lentil,,,,,,320.0,-262.02683735
363,manang,MANANG_S10.2_P3123_R3,2023,1,213.0,434.32,Lentil,,,,,,915.84,268.52000000000004
364,manang,MANANG_S10.2_P3123_R3,2024,2,219.0,354.18498065,Lentil,,,,,,672.0,98.81501935
365,manang,MANANG_S12_P0000_R5,2023,1,193.5,412.09999999999997,Lentil,,,,,,1444.96,839.3600000000001
366,manang,MANANG_S10.1_P3123_R2,2023,1,204.5,409.82,Lentil,,,,,,1104.32,489.99999999999994
367,manang,MANANG_S10.1_P3123_R2,2024,2,193.5,207.1572,Lentil,,,,,,544.0,143.3428
368,manang,MANANG_S3_P1231_R3,2023,1,204.5,501.3472,Lentil,,,,,,611.25,-94.59719999999999
369,manang,MANANG_S3_P1231_R3,2024,2,193.5,189.30169999999998,Lentil,,,,,,300.0,-82.80169999999998
370,manang,MANANG_S5_P1234_R1,2023,1,215.5,518.5972,Lentil,,,,,,680.25,-53.84720000000004
371,manang,MANANG_S5_P1234_R1,2024,2,230.0,397.1617173,Lentil,,,,,,384.0,-243.16171730000002
372,manang,MANANG_S7_P1231_R3,2023,1,274.0,746.7126587000001,Lentil,,,,,,608.0,-412.71265870000013
373,manang,MANANG_S8.1_P3123_R3,2023,1,202.0,434.32,Lentil,,,,,,1071.04,434.71999999999997
374,manang,MANANG_S8.1_P3123_R3,2024,2,204.5,215.80219999999997,Lentil,,,,,,0.0,-420.30219999999997
375,manang,MANANG_S8.2_P3123_R2,2023,1,213.0,434.32,Lentil,,,,,,1135.36,488.0399999999999
376,manang,MANANG_S8.2_P3123_R2,2024,2,193.5,210.75219999999996,Lentil,,,,,,0.0,-404.25219999999996
377,manang,MANANG_S13_P0000_R4,2023,1,193.5,513.1,Lentil,,,,,,1298.88,592.2800000000001
378,manang,MANANG_S6_P1111_R3,2023,1,202.0,434.32,Lentil,,,,,,903.36,267.04
379,manang,MANANG_S6_P1111_R3,2024,2,230.0,416.05148280000003,Lentil,,,,,,208.0,-438.05148280000003
380,manang,MANANG_S1.1_P1231_R3,2023,1,215.5,501.3472,Lentil,,,,,,760.5,43.65280000000001
381,manang,MANANG_S1.1_P1231_R3,2024,2,213.0,294.26919999999996,Lentil,,,,,,640.0,132.73080000000004
382,manang,MANANG_S8.1_P1231_R2,2023,1,204.5,524.5,Lentil,,,,,,0.0,-729.0
383,manang,MANANG_S8.1_P1231_R2,2024,2,221.5,407.66779940000004,Lentil,,,,,,480.0,-149.16779940000004
384,manang,MANANG_S10.1_P1231_R2,2023,1,202.0,448.4972,Lentil,,,,,,0.0,-650.4972
385,manang,MANANG_S10.1_P1231_R2,2024,2,230.0,393.24006640000005,Lentil,,,,,,576.0,-47.240066400000046
386,manang,MANANG_S12_P0000_R4,2023,1,182.5,412.09999999999997,Lentil,,,,,,1299.76,705.1600000000001
387,manang,MANANG_S2_P2121_R2,2023,1,202.0,434.32,Lentil,,,,,,962.24,325.92
388,manang,MANANG_S2_P2121_R2,2024,2,193.5,189.30169999999998,Lentil,,,,,,375.0,-7.8016999999999825
389,manang,MANANG_S6_P1111_R6,2023,1,180.0,434.32,Lentil,,,,,,936.64,322.32
390,manang,MANANG_S7_P3123_R3,2023,1,202.0,434.32,Lentil,,,,,,966.08,329.76000000000005
391,manang,MANANG_S8.1_P3123_R1,2023,1,191.0,434.32,Lentil,,,,,,1039.04,413.71999999999997
392,manang,MANANG_S8.1_P3123_R1,2024,2,204.5,215.80219999999997,Lentil,,,,,,0.0,-420.30219999999997
393,manang,MANANG_S9_P1231_R2,2023,1,226.5,524.5,Lentil,,,,,,0.0,-751.0
394,manang,MANANG_S9_P1231_R2,2024,2,221.5,362.70835425,Lentil,,,,,,736.0,151.79164575
395,manang,MANANG_S2_P2121_R1,2023,1,191.0,434.32,Lentil,,,,,,1233.28,607.96
396,manang,MANANG_S2_P2121_R1,2024,2,193.5,189.30169999999998,Lentil,,,,,,225.0,-157.80169999999998
397,manang,MANANG_S1.3_P2312_R2,2023,1,202.0,479.32,Lentil,,,,,,1018.88,337.56
398,manang,MANANG_S1.3_P2312_R2,2024,2,221.5,498.44224845,Lentil,,,,,,640.0,-79.94224845000002
399,manang,MANANG_S13_P0000_R9,2023,1,182.5,513.1,Lentil,,,,,,1134.32,438.7199999999999
400,manang,MANANG_S6_P1111_R5,2023,1,191.0,434.32,Lentil,,,,,,817.9200000000001,192.60000000000008
401,manang,MANANG_S9_P3123_R2,2023,1,224.0,517.72,Lentil,,,,,,0.0,-741.72
402,manang,MANANG_S9_P3123_R2,2024,2,193.5,210.75219999999996,Lentil,,,,,,0.0,-404.25219999999996
403,manang,MANANG_S5_P1234_R2,2023,1,204.5,501.3472,Lentil,,,,,,810.75,104.90280000000001
404,manang,MANANG_S5_P1234_R2,2024,2,230.0,397.1617173,Lentil,,,,,,672.0,44.83828269999998
405,manang,MANANG_S3_P3123_R2,2023,1,202.0,434.32,Lentil,,,,,,1156.48,520.1600000000001
406,manang,MANANG_S3_P3123_R2,2024,2,193.5,189.30169999999998,Lentil,,,,,,1200.0,817.1983
407,manang,MANANG_S1.1_P1231_R1,2023,1,204.5,518.5971999999999,Lentil,,,,,,889.5,166.40280000000007
408,manang,MANANG_S1.1_P1231_R1,2024,2,213.0,294.26919999999996,Lentil,,,,,,448.0,-59.269199999999955
409,manang,MANANG_S10.2_P1231_R1,2023,1,213.0,448.4972,Lentil,,,,,,0.0,-661.4972
410,manang,MANANG_S10.2_P1231_R1,2024,2,221.5,375.07880444999995,Lentil,,,,,,192.0,-404.57880444999995
411,manang,MANANG_S8.2_P3123_R1,2023,1,202.0,434.32,Lentil,,,,,,919.68,283.35999999999996
412,manang,MANANG_S8.2_P3123_R1,2024,2,193.5,210.75219999999996,Lentil,,,,,,0.0,-404.25219999999996
413,manang,MANANG_S12_P0000_R6,2023,1,193.5,412.09999999999997,Lentil,,,,,,949.52,343.92
414,manang,MANANG_S1.2_P2312_R3,2023,1,202.0,434.32,Lentil,,,,,,940.8,304.47999999999996
415,manang,MANANG_S1.2_P2312_R3,2024,2,230.0,405.9979634,Lentil,,,,,,704.0,68.0020366
416,manang,MANANG_S1.1_P3123_R2,2023,1,202.0,458.82,Lentil,,,,,,1210.24,549.4200000000001
417,manang,MANANG_S1.1_P3123_R2,2024,2,193.5,189.30169999999998,Lentil,,,,,,225.0,-157.80169999999998
418,manang,MANANG_S1.3_P1231_R1,2023,1,215.5,518.5971999999999,Lentil,,,,,,817.5,83.40280000000007
419,manang,MANANG_S1.3_P1231_R1,2024,2,230.0,451.37148745,Lentil,,,,,,320.0,-361.37148745
420,manang,MANANG_S1.1_P1231_R2,2023,1,204.5,501.3472,Lentil,,,,,,540.0,-165.8472
421,manang,MANANG_S1.1_P1231_R2,2024,2,213.0,294.26919999999996,Lentil,,,,,,576.0,68.73080000000004
422,manang,MANANG_S6_P1111_R2,2023,1,180.0,434.32,Lentil,,,,,,1163.52,549.2
423,manang,MANANG_S6_P1111_R2,2024,2,230.0,416.05148280000003,Lentil,,,,,,624.0,-22.05148280000003
424,manang,MANANG_S9_P3123_R1,2023,1,224.0,517.72,Lentil,,,,,,0.0,-741.72
425,manang,MANANG_S9_P3123_R1,2024,2,193.5,210.7522,Lentil,,,,,,0.0,-404.2522
426,manang,MANANG_S7_P3123_R1,2023,1,191.0,434.32,Lentil,,,,,,1089.6,464.2799999999999
427,manang,MANANG_S13_P0000_R5,2023,1,171.5,513.0999999999999,Lentil,,,,,,1111.44,426.84000000000015
428,manang,MANANG_S11_P1212_R2,2023,1,213.0,448.4972,Lentil,,,,,,0.0,-661.4972
429,manang,MANANG_S11_P1212_R2,2024,2,230.0,386.26415265,Lentil,,,,,,704.0,87.73584734999997
430,manang,MANANG_S8.2_P2312_R1,2023,1,202.0,434.32,Lentil,,,,,,904.96,268.64000000000004
431,manang,MANANG_S8.2_P2312_R1,2024,2,230.0,364.08917620000005,Lentil,,,,,,256.0,-338.08917620000005
432,manang,MANANG_S1.3_P2312_R3,2023,1,191.0,479.32,Lentil,,,,,,1047.68,377.36000000000007
433,manang,MANANG_S1.3_P2312_R3,2024,2,221.5,498.44224845,Lentil,,,,,,608.0,-111.94224845000002
434,manang,MANANG_S5_P4123_R3,2023,1,180.0,434.32,Lentil,,,,,,868.16,253.83999999999997
435,manang,MANANG_S5_P4123_R3,2024,2,193.5,189.30169999999998,Lentil,,,,,,1200.0,817.1983
436,manang,MANANG_S7_P2312_R3,2023,1,202.0,434.32,Lentil,,,,,,953.92,317.59999999999997
437,manang,MANANG_S7_P2312_R3,2024,2,230.0,372.24345220000004,Lentil,,,,,,672.0,69.75654779999996
438,manang,MANANG_S2_P1212_R3,2023,1,215.5,501.34720000000004,Lentil,,,,,,505.5,-211.34720000000004
439,manang,MANANG_S2_P1212_R3,2024,2,230.0,420.27051550000004,Lentil,,,,,,288.0,-362.27051550000004
440,manang,MANANG_S12_P0000_R7,2023,1,193.5,412.09999999999997,Lentil,,,,,,1216.16,610.5600000000002
441,manang,MANANG_S1.2_P3123_R2,2023,1,191.0,434.32,Lentil,,,,,,1021.44,396.12000000000006
442,manang,MANANG_S1.2_P3123_R2,2024,2,193.5,189.3017,Lentil,,,,,,300.0,-82.80170000000001
443,manang,MANANG_S1.3_P2312_R1,2023,1,213.0,479.32,Lentil,,,,,,1192.32,499.99999999999994
444,manang,MANANG_S1.3_P2312_R1,2024,2,221.5,498.44224845,Lentil,,,,,,416.0,-303.94224845
445,manang,MANANG_S4_P3412_R2,2023,1,180.0,434.32,Lentil,,,,,,1001.28,386.96
446,manang,MANANG_S4_P3412_R2,2024,2,230.0,389.30201015000006,Lentil,,,,,,480.0,-139.30201015000006
447,manang,MANANG_S11_P2121_R1,2023,1,202.0,434.32,Lentil,,,,,,1215.36,579.04
448,manang,MANANG_S11_P2121_R1,2024,2,210.5,371.52683735000005,Lentil,,,,,,288.0,-294.02683735000005
449,manang,MANANG_S1.2_P1231_R2,2023,1,204.5,501.3472,Lentil,,,,,,711.0,5.152800000000013
450,manang,MANANG_S1.2_P1231_R2,2024,2,230.0,380.6001286,Lentil,,,,,,608.0,-2.600128600000005
451,manang,MANANG_S4_P4123_R1,2023,1,213.0,434.32,Lentil,,,,,,1001.28,353.96
452,manang,MANANG_S4_P4123_R1,2024,2,193.5,189.3017,Lentil,,,,,,150.0,-232.8017
453,manang,MANANG_S4_P1234_R2,2023,1,204.5,501.3472,Lentil,,,,,,809.25,103.40280000000001
454,manang,MANANG_S4_P1234_R2,2024,2,210.5,357.80696340000003,Lentil,,,,,,528.0,-40.30696340000003
455,manang,MANANG_S8.1_P2312_R3,2023,1,191.0,434.32,Lentil,,,,,,1036.16,410.8400000000001
456,manang,MANANG_S8.1_P2312_R3,2024,2,230.0,396.09793845,Lentil,,,,,,672.0,45.902061549999985
457,manang,MANANG_S8.1_P1231_R1,2023,1,215.5,524.5,Lentil,,,,,,0.0,-740.0
458,manang,MANANG_S8.1_P1231_R1,2024,2,221.5,407.6677994,Lentil,,,,,,480.0,-149.16779939999998
459,manang,MANANG_S3_P2312_R1,2023,1,193.5,501.3472,Lentil,,,,,,708.0,13.152800000000013
460,manang,MANANG_S3_P2312_R1,2024,2,221.5,402.6359803,Lentil,,,,,,544.0,-80.13598030000003
461,manang,MANANG_S5_P3412_R1,2023,1,191.0,434.32,Lentil,,,,,,808.96,183.64000000000004
462,manang,MANANG_S5_P3412_R1,2024,2,230.0,386.07162275,Lentil,,,,,,224.0,-392.07162275
463,manang,MANANG_S12_P0000_R8,2023,1,171.5,412.09999999999997,Lentil,,,,,,1007.6,424.00000000000006
464,manang,MANANG_S7_P1231_R2,2023,1,285.0,746.7126587,Lentil,,,,,,544.0,-487.7126587
465,manang,MANANG_S3_P1231_R2,2023,1,215.5,501.3472,Lentil,,,,,,663.75,-53.09719999999999
466,manang,MANANG_S3_P1231_R2,2024,2,193.5,189.30169999999998,Lentil,,,,,,300.0,-82.80169999999998
467,manang,MANANG_S1.3_P1231_R2,2023,1,226.5,501.3472,Lentil,,,,,,773.25,45.40280000000001
468,manang,MANANG_S1.3_P1231_R2,2024,2,230.0,451.37148745,Lentil,,,,,,544.0,-137.37148745000002
469,manang,MANANG_S8.1_P3123_R2,2023,1,191.0,434.32,Lentil,,,,,,1240.0,614.6800000000001
470,manang,MANANG_S8.1_P3123_R2,2024,2,204.5,215.80219999999997,Lentil,,,,,,0.0,-420.30219999999997
471,manang,MANANG_S6_P1111_R4,2023,1,180.0,434.32,Lentil,,,,,,1160.96,546.6400000000001
472,manang,MANANG_S9_P1231_R3,2023,1,226.5,524.5,Lentil,,,,,,0.0,-751.0
473,manang,MANANG_S9_P1231_R3,2024,2,221.5,362.70835425,Lentil,,,,,,768.0,183.79164575
474,manang,MANANG_S10.2_P3123_R1,2023,1,202.0,434.32,Lentil,,,,,,1182.08,545.76
475,manang,MANANG_S10.2_P3123_R1,2024,2,219.0,354.18498065,Lentil,,,,,,256.0,-317.18498065
476,manang,MANANG_S1.2_P3123_R3,2023,1,191.0,434.32,Lentil,,,,,,1178.88,553.5600000000002
477,manang,MANANG_S1.2_P3123_R3,2024,2,193.5,189.3017,Lentil,,,,,,1875.0,1492.1983
478,manang,MANANG_S7_P2312_R1,2023,1,191.0,434.32,Lentil,,,,,,878.08,252.76000000000005
479,manang,MANANG_S7_P2312_R1,2024,2,230.0,372.24345220000004,Lentil,,,,,,384.0,-218.24345220000004
480,manang,MANANG_S12_P0000_R2,2023,1,182.5,412.09999999999997,Lentil,,,,,,1224.08,629.48
481,manang,MANANG_S12_P0000_R2,2024,2,221.5,335.56190395000004,Lentil,,,,,,544.0,-13.061903950000044
482,manang,MANANG_S13_P0000_R7,2023,1,171.5,513.0999999999999,Lentil,,,,,,1248.72,564.1200000000001
483,wallup,WALLUP_S4_P1231_R2,2023,1,171.5,233.24720000000002,Lentil,,,,,,2020.5,1615.7528
484,wallup,WALLUP_S3_P1234_R1,2023,1,171.5,204.3972,Lentil,,,,,,0.0,-375.8972
485,wallup,WALLUP_S2_P3412_R3,2023,1,180.0,377.96999999999997,Lentil,,,,,,1569.6,1011.6299999999999
486,wallup,WALLUP_S2_P4123_R1,2023,1,180.0,377.97,Lentil,,,,,,1472.96,914.99
487,wallup,WALLUP_S3_P4123_R3,2023,1,180.0,377.96999999999997,Lentil,,,,,,1644.8,1086.83
488,wallup,WALLUP_S2_P2341_R3,2023,1,158.0,521.3,Lentil,,,,,,2312.64,1633.34
489,wallup,WALLUP_S1_P2312_R2,2023,1,169.0,190.47,Lentil,,,,,,1356.48,997.01
490,wallup,WALLUP_S3_P2341_R3,2023,1,147.0,521.3,Lentil,,,,,,2310.88,1642.5800000000002
491,wallup,WALLUP_S4_P2312_R2,2023,1,158.0,377.96999999999997,Lentil,,,,,,1576.64,1040.67
492,wallup,WALLUP_S3_P4123_R2,2023,1,180.0,377.97,Lentil,,,,,,1530.24,972.27
493,wallup,WALLUP_S5_P0000_R1,2023,1,158.0,201.47,Lentil,,,,,,1458.24,1098.77
494,wallup,WALLUP_S3_P2341_R1,2023,1,147.0,521.3,Lentil,,,,,,2195.6,1527.3
495,wallup,WALLUP_S3_P4123_R1,2023,1,169.0,377.96999999999997,Lentil,,,,,,1479.04,932.0699999999999
496,wallup,WALLUP_S1_P1231_R3,2023,1,160.5,205.74720000000002,Lentil,,,,,,2075.25,1709.0028
497,wallup,WALLUP_S2_P4123_R3,2023,1,180.0,377.97,Lentil,,,,,,1599.68,1041.71
498,wallup,WALLUP_S5_P0000_R2,2023,1,158.0,201.47,Lentil,,,,,,1496.0,1136.53
499,wallup,WALLUP_S4_P3123_R3,2023,1,169.0,377.96999999999997,Lentil,,,,,,1529.92,982.95
500,wallup,WALLUP_S1_P1231_R2,2023,1,160.5,205.7472,Lentil,,,,,,2277.0,1910.7528
501,wallup,WALLUP_S3_P1234_R3,2023,1,160.5,204.39719999999997,Lentil,,,,,,0.0,-364.8972
502,wallup,WALLUP_S3_P1234_R2,2023,1,160.5,204.3972,Lentil,,,,,,0.0,-364.8972
503,wallup,WALLUP_S4_P3123_R1,2023,1,158.0,377.97,Lentil,,,,,,1570.56,1034.59
504,wallup,WALLUP_S2_P1234_R1,2023,1,171.5,205.74720000000002,Lentil,,,,,,2002.5,1625.2528
505,wallup,WALLUP_S4_P1231_R1,2023,1,160.5,205.74720000000002,Lentil,,,,,,2558.25,2192.0028
506,wallup,WALLUP_S1_P3123_R1,2023,1,169.0,190.47,Lentil,,,,,,1362.88,1003.4100000000001
507,wallup,WALLUP_S3_P3412_R1,2023,1,180.0,377.97,Lentil,,,,,,1629.44,1071.47
508,wallup,WALLUP_S3_P2341_R2,2023,1,147.0,521.3,Lentil,,,,,,2165.68,1497.3799999999999
509,wallup,WALLUP_S2_P1234_R3,2023,1,171.5,205.74720000000002,Lentil,,,,,,1611.75,1234.5028
510,wallup,WALLUP_S6_P0000_R3,2023,1,158.0,218.72,Lentil,,,,,,1492.8,1116.08
511,wallup,WALLUP_S1_P2312_R3,2023,1,169.0,190.47,Lentil,,,,,,1575.68,1216.21
512,wallup,WALLUP_S4_P2312_R3,2023,1,158.0,377.97,Lentil,,,,,,1518.08,982.1099999999999
513,wallup,WALLUP_S4_P2312_R1,2023,1,180.0,377.97,Lentil,,,,,,1569.6,1011.6299999999999
514,wallup,WALLUP_S2_P2341_R2,2023,1,147.0,521.3,Lentil,,,,,,1924.56,1256.26
515,wallup,WALLUP_S2_P2341_R1,2023,1,158.0,521.3,Lentil,,,,,,2294.16,1614.86
516,wallup,WALLUP_S2_P4123_R2,2023,1,158.0,377.97,Lentil,,,,,,1664.96,1128.99
517,wallup,WALLUP_S3_P3412_R2,2023,1,180.0,377.97,Lentil,,,,,,1310.08,752.1099999999999
518,wallup,WALLUP_S1_P3123_R3,2023,1,169.0,190.47,Lentil,,,,,,1491.2,1131.73
519,wallup,WALLUP_S2_P3412_R1,2023,1,169.0,377.97,Lentil,,,,,,1505.28,958.31
520,wallup,WALLUP_S2_P3412_R2,2023,1,180.0,377.97,Lentil,,,,,,1533.44,975.47
521,wallup,WALLUP_S5_P0000_R3,2023,1,169.0,201.47,Lentil,,,,,,1286.08,915.6099999999999
522,wallup,WALLUP_S4_P3123_R2,2023,1,158.0,377.97,Lentil,,,,,,1587.52,1051.55
523,wallup,WALLUP_S6_P0000_R1,2023,1,169.0,245.97,Lentil,,,,,,1544.32,1129.35
524,wallup,WALLUP_S3_P3412_R3,2023,1,180.0,377.96999999999997,Lentil,,,,,,1608.96,1050.99
525,wallup,WALLUP_S1_P3123_R2,2023,1,158.0,190.47,Lentil,,,,,,1500.8,1152.33
526,wallup,WALLUP_S4_P1231_R3,2023,1,160.5,178.2472,Lentil,,,,,,2187.0,1848.2528
527,wallup,WALLUP_S2_P1234_R2,2023,1,171.5,205.74720000000002,Lentil,,,,,,2340.0,1962.7528
528,wallup,WALLUP_S1_P1231_R1,2023,1,160.5,205.7472,Lentil,,,,,,1820.25,1454.0028
529,wallup,WALLUP_S1_P2312_R1,2023,1,169.0,190.47,Lentil,,,,,,1384.64,1025.17
530,wallup,WALLUP_S6_P0000_R2,2023,1,169.0,245.97,Lentil,,,,,,1583.04,1168.07
531,kinnabulla,KINNABULLA_S3_P2312_R3,2023,1,204.5,254.77200000000002,Lentil,,,,,,981.0,521.728
532,kinnabulla,KINNABULLA_S6_P1234_R2,2023,1,193.5,254.77200000000002,Lentil,,,,,,1096.5,648.228
533,kinnabulla,KINNABULLA_S9.2_P3123_R2,2023,1,171.5,163.54000000000002,Lentil,,,,,,1598.4,1263.3600000000001
534,kinnabulla,KINNABULLA_S1.3_P3123_R1,2023,1,180.0,334.03999999999996,Lentil,,,,,,1807.68,1293.64
535,kinnabulla,KINNABULLA_S13_P0000_R6,2023,1,169.0,342.84259615384616,Lentil,,,,,,1265.44,753.5974038461538
536,kinnabulla,KINNABULLA_S1.1_P1231_R2,2023,1,215.5,254.77200000000002,Lentil,,,,,,1214.25,743.978
537,kinnabulla,KINNABULLA_S7_P1111_R6,2023,1,169.0,292.03999999999996,Lentil,,,,,,1600.0,1138.96
538,kinnabulla,KINNABULLA_S12_P0000_R8,2023,1,169.0,450.84259615384616,Lentil,,,,,,1380.72,760.8774038461538
539,kinnabulla,KINNABULLA_S2.2_P1212_R2,2023,1,193.5,254.77200000000002,Lentil,,,,,,1290.75,842.478
540,kinnabulla,KINNABULLA_S14_P0000_R3,2023,1,169.0,450.8425961538462,Lentil,,,,,,1841.84,1221.9974038461537
541,kinnabulla,KINNABULLA_S9.2_P1231_R1,2023,1,182.5,248.22000000000003,Lentil,,,,,,0.0,-430.72
542,kinnabulla,KINNABULLA_S13_P0000_R9,2023,1,180.0,342.84259615384616,Lentil,,,,,,1289.2,766.3574038461538
543,kinnabulla,KINNABULLA_S2.1_P2121_R1,2023,1,180.0,292.03999999999996,Lentil,,,,,,1801.92,1329.88
544,kinnabulla,KINNABULLA_S2.1_P1212_R3,2023,1,193.5,254.77200000000002,Lentil,,,,,,927.75,479.47799999999995
545,kinnabulla,KINNABULLA_S8_P1231_R1,NA,NA,NA,NA,Lentil,,,,,,NA,NA
546,kinnabulla,KINNABULLA_S4_P1234_R2,2023,1,193.5,254.77200000000002,Lentil,,,,,,1085.25,636.978
547,kinnabulla,KINNABULLA_S8_P1231_R3,NA,NA,NA,NA,Lentil,,,,,,NA,NA
548,kinnabulla,KINNABULLA_S9.1_P2312_R2,2023,1,171.5,163.54,Lentil,,,,,,1638.72,1303.68
549,kinnabulla,KINNABULLA_S4_P3412_R2,2023,1,191.0,292.03999999999996,Lentil,,,,,,1599.68,1116.64
550,kinnabulla,KINNABULLA_S6_P2341_R2,2023,1,180.0,292.03999999999996,Lentil,,,,,,1576.32,1104.28
551,kinnabulla,KINNABULLA_S13_P0000_R5,2023,1,169.0,342.84259615384616,Lentil,,,,,,1342.88,831.0374038461539
552,kinnabulla,KINNABULLA_S14_P0000_R6,2023,1,180.0,450.8425961538461,Lentil,,,,,,1309.44,678.597403846154
553,kinnabulla,KINNABULLA_S6_P4123_R2,2023,1,180.0,292.03999999999996,Lentil,,,,,,1696.64,1224.6000000000001
554,kinnabulla,KINNABULLA_S9.2_P1231_R2,2023,1,193.5,248.22000000000003,Lentil,,,,,,0.0,-441.72
555,kinnabulla,KINNABULLA_S1.2_P2312_R1,2023,1,191.0,292.03999999999996,Lentil,,,,,,1656.64,1173.6000000000001
556,kinnabulla,KINNABULLA_S4_P4123_R1,2023,1,169.0,292.03999999999996,Lentil,,,,,,1568.96,1107.92
557,kinnabulla,KINNABULLA_S6_P1234_R1,2023,1,193.5,254.77200000000002,Lentil,,,,,,877.5,429.22799999999995
558,kinnabulla,KINNABULLA_S1.2_P2312_R3,2023,1,180.0,292.03999999999996,Lentil,,,,,,1431.36,959.3199999999999
559,kinnabulla,KINNABULLA_S11_P2312_R1,2023,1,191.0,292.03999999999996,Lentil,,,,,,1513.28,1030.24
560,kinnabulla,KINNABULLA_S1.1_P1231_R1,2023,1,193.5,254.77200000000002,Lentil,,,,,,884.25,435.97799999999995
561,kinnabulla,KINNABULLA_S14_P0000_R4,2023,1,169.0,450.84259615384616,Lentil,,,,,,1252.24,632.3974038461538
562,kinnabulla,KINNABULLA_S3_P3123_R3,2023,1,180.0,292.03999999999996,Lentil,,,,,,1489.92,1017.8800000000001
563,kinnabulla,KINNABULLA_S4_P4123_R2,2023,1,169.0,292.03999999999996,Lentil,,,,,,1559.04,1098.0
564,kinnabulla,KINNABULLA_S1.2_P2312_R2,2023,1,191.0,292.03999999999996,Lentil,,,,,,1622.4,1139.3600000000001
565,kinnabulla,KINNABULLA_S13_P0000_R1,2023,1,169.0,342.84259615384616,Lentil,,,,,,1882.32,1370.4774038461537
566,kinnabulla,KINNABULLA_S7_P1111_R5,2023,1,180.0,292.03999999999996,Lentil,,,,,,1613.44,1141.4
567,kinnabulla,KINNABULLA_S9.2_P3123_R3,2023,1,182.5,163.54000000000002,Lentil,,,,,,1537.6,1191.56
568,kinnabulla,KINNABULLA_S11_P3123_R3,2023,1,169.0,292.03999999999996,Lentil,,,,,,1227.84,766.8
569,kinnabulla,KINNABULLA_S3_P1231_R1,2023,1,204.5,254.77200000000002,Lentil,,,,,,940.5,481.22799999999995
570,kinnabulla,KINNABULLA_S14_P0000_R8,2023,1,169.0,450.8425961538461,Lentil,,,,,,1306.8,686.9574038461539
571,kinnabulla,KINNABULLA_S12_P0000_R3,2023,1,169.0,450.8425961538461,Lentil,,,,,,1789.04,1169.197403846154
572,kinnabulla,KINNABULLA_S13_P0000_R8,2023,1,169.0,342.84259615384616,Lentil,,,,,,1412.4,900.5574038461539
573,kinnabulla,KINNABULLA_S11_P3123_R1,2023,1,180.0,292.04,Lentil,,,,,,1959.68,1487.64
574,kinnabulla,KINNABULLA_S5_P2121_R3,2023,1,169.0,282.03999999999996,Lentil,,,,,,1175.66,724.6200000000001
575,kinnabulla,KINNABULLA_S9.1_P2312_R3,2023,1,171.5,163.54,Lentil,,,,,,1553.92,1218.88
576,kinnabulla,KINNABULLA_S9.2_P1231_R3,2023,1,182.5,248.22000000000003,Lentil,,,,,,0.0,-430.72
577,kinnabulla,KINNABULLA_S12_P0000_R7,2023,1,169.0,450.84259615384616,Lentil,,,,,,1301.52,681.6774038461538
578,kinnabulla,KINNABULLA_S10_P1231_R3,2023,1,171.5,211.37,Lentil,,,,,,0.0,-382.87
579,kinnabulla,KINNABULLA_S12_P0000_R1,2023,1,169.0,450.84259615384616,Lentil,,,,,,1507.44,887.5974038461538
580,kinnabulla,KINNABULLA_S9.1_P3123_R2,2023,1,171.5,163.54000000000002,Lentil,,,,,,1626.88,1291.8400000000001
581,kinnabulla,KINNABULLA_S1.3_P2312_R3,2023,1,169.0,334.04,Lentil,,,,,,1394.56,891.52
582,kinnabulla,KINNABULLA_S1.1_P2312_R2,2023,1,169.0,212.54,Lentil,,,,,,1492.8,1111.26
583,kinnabulla,KINNABULLA_S1.2_P1231_R3,2023,1,182.5,254.77200000000002,Lentil,,,,,,1155.0,717.728
584,kinnabulla,KINNABULLA_S4_P1234_R3,2023,1,193.5,254.77200000000002,Lentil,,,,,,1032.75,584.478
585,kinnabulla,KINNABULLA_S14_P0000_R1,2023,1,169.0,450.84259615384616,Lentil,,,,,,1851.52,1231.6774038461538
586,kinnabulla,KINNABULLA_S1.1_P1231_R3,2023,1,204.5,254.77200000000002,Lentil,,,,,,1060.5,601.228
587,kinnabulla,KINNABULLA_S1.1_P2312_R3,2023,1,180.0,212.54,Lentil,,,,,,1503.36,1110.82
588,kinnabulla,KINNABULLA_S7_P1111_R3,2023,1,180.0,292.03999999999996,Lentil,,,,,,1568.64,1096.6000000000001
589,kinnabulla,KINNABULLA_S8_P2312_R3,2023,1,169.0,292.03999999999996,Lentil,,,,,,1401.28,940.24
590,kinnabulla,KINNABULLA_S6_P3412_R3,2023,1,180.0,292.03999999999996,Lentil,,,,,,1479.68,1007.6400000000001
591,kinnabulla,KINNABULLA_S6_P1234_R3,2023,1,193.5,254.77200000000002,Lentil,,,,,,1162.5,714.228
592,kinnabulla,KINNABULLA_S10_P3123_R2,2023,1,191.0,292.03999999999996,Lentil,,,,,,1792.0,1308.96
593,kinnabulla,KINNABULLA_S6_P3412_R1,2023,1,180.0,292.03999999999996,Lentil,,,,,,1515.2,1043.16
594,kinnabulla,KINNABULLA_S1.3_P1231_R2,2023,1,193.5,254.77200000000002,Lentil,,,,,,1179.0,730.728
595,kinnabulla,KINNABULLA_S5_P2121_R1,2023,1,180.0,282.03999999999996,Lentil,,,,,,1409.4,947.3600000000001
596,kinnabulla,KINNABULLA_S1.1_P3123_R1,2023,1,191.0,212.54000000000002,Lentil,,,,,,1655.36,1251.82
597,kinnabulla,KINNABULLA_S6_P2341_R3,2023,1,180.0,292.03999999999996,Lentil,,,,,,1505.92,1033.88
598,kinnabulla,KINNABULLA_S11_P2312_R3,2023,1,180.0,292.03999999999996,Lentil,,,,,,1453.76,981.72
599,kinnabulla,KINNABULLA_S7_P1111_R1,2023,1,180.0,292.03999999999996,Lentil,,,,,,1710.72,1238.68
600,kinnabulla,KINNABULLA_S1.1_P3123_R2,2023,1,180.0,212.54000000000002,Lentil,,,,,,1482.56,1090.02
601,kinnabulla,KINNABULLA_S1.3_P3123_R3,2023,1,169.0,334.04,Lentil,,,,,,1580.8,1077.76
602,kinnabulla,KINNABULLA_S13_P0000_R2,2023,1,169.0,342.84259615384616,Lentil,,,,,,1818.08,1306.2374038461537
603,kinnabulla,KINNABULLA_S1.1_P2312_R1,2023,1,180.0,212.54,Lentil,,,,,,1675.84,1283.3
604,kinnabulla,KINNABULLA_S6_P4123_R1,2023,1,180.0,292.03999999999996,Lentil,,,,,,1848.0,1375.96
605,kinnabulla,KINNABULLA_S9.1_P1231_R3,2023,1,171.5,266.22,Lentil,,,,,,0.0,-437.72
606,kinnabulla,KINNABULLA_S14_P0000_R2,2023,1,169.0,450.8425961538461,Lentil,,,,,,1701.04,1081.197403846154
607,kinnabulla,KINNABULLA_S5_P2121_R2,2023,1,180.0,282.03999999999996,Lentil,,,,,,1315.15,853.1100000000001
608,kinnabulla,KINNABULLA_S4_P2341_R2,2023,1,169.0,450.8425961538462,Lentil,,,,,,1378.96,759.1174038461538
609,kinnabulla,KINNABULLA_S10_P2312_R3,2023,1,180.0,292.03999999999996,Lentil,,,,,,1480.96,1008.9200000000001
610,kinnabulla,KINNABULLA_S1.3_P1231_R3,2023,1,204.5,254.77200000000002,Lentil,,,,,,840.75,381.47799999999995
611,kinnabulla,KINNABULLA_S9.1_P1231_R1,2023,1,171.5,266.22,Lentil,,,,,,0.0,-437.72
612,kinnabulla,KINNABULLA_S1.2_P3123_R1,2023,1,191.0,292.03999999999996,Lentil,,,,,,1825.6,1342.56
613,kinnabulla,KINNABULLA_S9.1_P2312_R1,2023,1,171.5,163.54000000000002,Lentil,,,,,,1760.32,1425.28
614,kinnabulla,KINNABULLA_S8_P3123_R1,2023,1,169.0,292.03999999999996,Lentil,,,,,,1590.08,1129.04
615,kinnabulla,KINNABULLA_S2.2_P2121_R2,2023,1,180.0,334.04,Lentil,,,,,,1623.68,1109.64
616,kinnabulla,KINNABULLA_S1.3_P2312_R2,2023,1,180.0,334.04,Lentil,,,,,,1667.2,1153.16
617,kinnabulla,KINNABULLA_S10_P1231_R1,2023,1,182.5,211.37,Lentil,,,,,,0.0,-393.87
618,kinnabulla,KINNABULLA_S10_P2312_R1,2023,1,169.0,292.03999999999996,Lentil,,,,,,1882.88,1421.8400000000001
619,kinnabulla,KINNABULLA_S5_P1212_R3,2023,1,182.5,254.77200000000002,Lentil,,,,,,1109.25,671.978
620,kinnabulla,KINNABULLA_S2.1_P1212_R2,2023,1,215.5,254.77200000000002,Lentil,,,,,,1039.5,569.228
621,kinnabulla,KINNABULLA_S6_P2341_R1,2023,1,191.0,292.03999999999996,Lentil,,,,,,1812.8,1329.76
622,kinnabulla,KINNABULLA_S4_P1234_R1,2023,1,204.5,254.77200000000002,Lentil,,,,,,889.5,430.22799999999995
623,kinnabulla,KINNABULLA_S9.2_P3123_R1,2023,1,160.5,163.54000000000002,Lentil,,,,,,1843.2,1519.16
624,kinnabulla,KINNABULLA_S8_P2312_R2,2023,1,169.0,292.03999999999996,Lentil,,,,,,1596.48,1135.44
625,kinnabulla,KINNABULLA_S7_P1111_R2,2023,1,180.0,292.03999999999996,Lentil,,,,,,1829.12,1357.08
626,kinnabulla,KINNABULLA_S9.2_P2312_R2,2023,1,171.5,163.54000000000002,Lentil,,,,,,1638.72,1303.68
627,kinnabulla,KINNABULLA_S3_P3123_R1,2023,1,180.0,292.03999999999996,Lentil,,,,,,1569.28,1097.24
628,kinnabulla,KINNABULLA_S2.1_P2121_R3,2023,1,169.0,292.03999999999996,Lentil,,,,,,1489.92,1028.88
629,kinnabulla,KINNABULLA_S12_P0000_R6,2023,1,169.0,450.8425961538461,Lentil,,,,,,1424.72,804.8774038461539
630,kinnabulla,KINNABULLA_S6_P4123_R3,2023,1,169.0,292.03999999999996,Lentil,,,,,,1415.36,954.3199999999999
631,kinnabulla,KINNABULLA_S11_P2312_R2,2023,1,180.0,292.04,Lentil,,,,,,1738.56,1266.52
632,kinnabulla,KINNABULLA_S9.1_P3123_R1,2023,1,160.5,163.54000000000002,Lentil,,,,,,1592.0,1267.96
633,kinnabulla,KINNABULLA_S2.2_P2121_R3,2023,1,180.0,334.03999999999996,Lentil,,,,,,1456.32,942.28
634,kinnabulla,KINNABULLA_S2.2_P2121_R1,2023,1,169.0,334.04,Lentil,,,,,,1640.32,1137.28
635,kinnabulla,KINNABULLA_S1.1_P3123_R3,2023,1,169.0,212.54,Lentil,,,,,,1482.56,1101.02
636,kinnabulla,KINNABULLA_S8_P1231_R2,NA,NA,NA,NA,Lentil,,,,,,NA,NA
637,kinnabulla,KINNABULLA_S2.1_P2121_R2,2023,1,169.0,292.03999999999996,Lentil,,,,,,1717.44,1256.4
638,kinnabulla,KINNABULLA_S6_P3412_R2,2023,1,169.0,292.03999999999996,Lentil,,,,,,1593.92,1132.88
639,kinnabulla,KINNABULLA_S5_P1212_R1,2023,1,193.5,254.77200000000002,Lentil,,,,,,937.5,489.22799999999995
640,kinnabulla,KINNABULLA_S12_P0000_R2,2023,1,169.0,450.84259615384616,Lentil,,,,,,1459.04,839.1974038461537
641,kinnabulla,KINNABULLA_S11_P1231_R2,2023,1,171.5,211.37,Lentil,,,,,,0.0,-382.87
642,kinnabulla,KINNABULLA_S11_P1231_R1,2023,1,171.5,211.37,Lentil,,,,,,0.0,-382.87
643,kinnabulla,KINNABULLA_S5_P1212_R2,2023,1,193.5,254.77200000000002,Lentil,,,,,,1018.5,570.228
644,kinnabulla,KINNABULLA_S1.2_P3123_R3,2023,1,180.0,292.03999999999996,Lentil,,,,,,1396.16,924.1200000000001
645,kinnabulla,KINNABULLA_S7_P1111_R4,2023,1,169.0,292.03999999999996,Lentil,,,,,,1673.28,1212.24
646,kinnabulla,KINNABULLA_S1.2_P1231_R2,2023,1,193.5,254.77200000000002,Lentil,,,,,,1318.5,870.228
647,kinnabulla,KINNABULLA_S4_P2341_R1,2023,1,169.0,450.84259615384616,Lentil,,,,,,1525.04,905.1974038461537
648,kinnabulla,KINNABULLA_S8_P3123_R2,2023,1,180.0,292.03999999999996,Lentil,,,,,,1595.2,1123.16
649,kinnabulla,KINNABULLA_S2.1_P1212_R1,2023,1,204.5,254.77200000000002,Lentil,,,,,,979.5,520.228
650,kinnabulla,KINNABULLA_S3_P1231_R3,2023,1,204.5,254.77200000000002,Lentil,,,,,,945.0,485.72799999999995
651,kinnabulla,KINNABULLA_S1.2_P3123_R2,2023,1,180.0,292.03999999999996,Lentil,,,,,,1605.76,1133.72
652,kinnabulla,KINNABULLA_S4_P4123_R3,2023,1,169.0,292.03999999999996,Lentil,,,,,,1361.6,900.56
653,kinnabulla,KINNABULLA_S1.2_P1231_R1,2023,1,204.5,254.77200000000002,Lentil,,,,,,1240.5,781.228
654,kinnabulla,KINNABULLA_S10_P2312_R2,2023,1,180.0,292.03999999999996,Lentil,,,,,,1524.48,1052.44
655,kinnabulla,KINNABULLA_S11_P3123_R2,2023,1,169.0,292.03999999999996,Lentil,,,,,,1539.52,1078.48
656,kinnabulla,KINNABULLA_S12_P0000_R9,2023,1,169.0,450.84259615384616,Lentil,,,,,,1100.88,481.03740384615395
657,kinnabulla,KINNABULLA_S3_P1231_R2,2023,1,182.5,254.77200000000002,Lentil,,,,,,1011.0,573.728
658,kinnabulla,KINNABULLA_S13_P0000_R3,2023,1,169.0,342.84259615384616,Lentil,,,,,,1438.8,926.9574038461537
659,kinnabulla,KINNABULLA_S3_P2312_R1,2023,1,193.5,254.77200000000002,Lentil,,,,,,1251.75,803.478
660,kinnabulla,KINNABULLA_S13_P0000_R7,2023,1,169.0,342.84259615384616,Lentil,,,,,,1235.52,723.6774038461538
661,kinnabulla,KINNABULLA_S1.3_P3123_R2,2023,1,180.0,334.03999999999996,Lentil,,,,,,1650.88,1136.8400000000001
662,kinnabulla,KINNABULLA_S14_P0000_R5,2023,1,169.0,450.84259615384616,Lentil,,,,,,1424.72,804.8774038461538
663,kinnabulla,KINNABULLA_S9.2_P2312_R1,2023,1,182.5,163.54000000000002,Lentil,,,,,,1728.96,1382.92
664,kinnabulla,KINNABULLA_S13_P0000_R4,2023,1,180.0,342.84259615384616,Lentil,,,,,,1539.12,1016.2774038461537
665,kinnabulla,KINNABULLA_S3_P2312_R2,2023,1,193.5,254.77200000000002,Lentil,,,,,,1078.5,630.228
666,kinnabulla,KINNABULLA_S9.1_P1231_R2,2023,1,182.5,266.21999999999997,Lentil,,,,,,0.0,-448.71999999999997
667,kinnabulla,KINNABULLA_S9.1_P3123_R3,2023,1,171.5,163.54000000000002,Lentil,,,,,,1541.12,1206.08
668,kinnabulla,KINNABULLA_S10_P3123_R1,2023,1,169.0,292.03999999999996,Lentil,,,,,,1884.16,1423.1200000000001
669,kinnabulla,KINNABULLA_S8_P3123_R3,2023,1,169.0,292.03999999999996,Lentil,,,,,,1616.32,1155.28
670,kinnabulla,KINNABULLA_S12_P0000_R5,2023,1,169.0,450.8425961538462,Lentil,,,,,,1227.6,607.7574038461537
671,kinnabulla,KINNABULLA_S3_P3123_R2,2023,1,191.0,292.03999999999996,Lentil,,,,,,1488.32,1005.28
672,kinnabulla,KINNABULLA_S4_P3412_R1,2023,1,180.0,292.03999999999996,Lentil,,,,,,1706.24,1234.2
673,kinnabulla,KINNABULLA_S8_P2312_R1,2023,1,180.0,292.03999999999996,Lentil,,,,,,1662.4,1190.3600000000001
674,kinnabulla,KINNABULLA_S2.2_P1212_R3,2023,1,204.5,254.77200000000002,Lentil,,,,,,906.75,447.47799999999995
675,kinnabulla,KINNABULLA_S1.3_P2312_R1,2023,1,191.0,334.03999999999996,Lentil,,,,,,1592.96,1067.92
676,kinnabulla,KINNABULLA_S1.3_P1231_R1,2023,1,204.5,254.77200000000002,Lentil,,,,,,708.75,249.47799999999998
677,kinnabulla,KINNABULLA_S14_P0000_R9,2023,1,180.0,450.8425961538461,Lentil,,,,,,1288.32,657.4774038461538
678,kinnabulla,KINNABULLA_S10_P3123_R3,2023,1,180.0,292.03999999999996,Lentil,,,,,,1584.96,1112.92
679,kinnabulla,KINNABULLA_S11_P1231_R3,2023,1,171.5,211.37,Lentil,,,,,,0.0,-382.87
680,kinnabulla,KINNABULLA_S12_P0000_R4,2023,1,169.0,450.84259615384616,Lentil,,,,,,1469.6,849.7574038461537
681,kinnabulla,KINNABULLA_S4_P2341_R3,2023,1,169.0,450.84259615384616,Lentil,,,,,,1415.92,796.0774038461539
682,kinnabulla,KINNABULLA_S2.2_P1212_R1,2023,1,204.5,254.77200000000002,Lentil,,,,,,834.75,375.47799999999995
683,kinnabulla,KINNABULLA_S4_P3412_R3,2023,1,180.0,292.03999999999996,Lentil,,,,,,1527.04,1055.0
684,kinnabulla,KINNABULLA_S9.2_P2312_R3,2023,1,171.5,163.54000000000002,Lentil,,,,,,1628.16,1293.1200000000001
685,kinnabulla,KINNABULLA_S14_P0000_R7,2023,1,169.0,450.8425961538461,Lentil,,,,,,1153.68,533.837403846154
686,kinnabulla,KINNABULLA_S10_P1231_R2,2023,1,193.5,211.37,Lentil,,,,,,0.0,-404.87
687,streatham,STREATHAM_S3_P3412_R3,2023,1,307.0,1275.4,Lentil,,,,,,3452.24,1869.8399999999997
688,streatham,STREATHAM_S3_P3412_R3,2024,2,215.5,859.9486974637681,Lentil,,,,,,991.03942656,-84.40927090376806
689,streatham,STREATHAM_S1.4_P2121_R3,2023,1,296.0,1442.3675999999998,Lentil,,,,,,1574.4,-163.96759999999972
690,streatham,STREATHAM_S1.4_P2121_R3,2024,2,248.5,903.0347554347826,Lentil,,,,,,3171.3709676,2019.8362121652171
691,streatham,STREATHAM_S13_P0000_R7,2023,1,226.5,961.9,Lentil,,,,,,0.0,-1188.4
692,streatham,STREATHAM_S1.1_P2121_R3,2023,1,296.0,1352.3675999999998,Lentil,,,,,,1677.76,29.39240000000018
693,streatham,STREATHAM_S1.1_P2121_R3,2024,2,248.5,852.0550362318841,Lentil,,,,,,2752.46415752,1651.9091212881158
694,streatham,STREATHAM_S8_P2312_R3,2023,1,307.0,1275.4,Lentil,,,,,,3676.64,2094.24
695,streatham,STREATHAM_S8_P2312_R3,2024,2,215.5,889.8746394927537,Lentil,,,,,,896.95340512,-208.4212343727537
696,streatham,STREATHAM_S6.1_P1231_R1,2023,1,226.5,961.9,Lentil,,,,,,0.0,-1188.4
697,streatham,STREATHAM_S6.1_P1231_R1,2024,2,226.5,925.4431177536233,Lentil,,,,,,2051.85185216,899.9087344063767
698,streatham,STREATHAM_S4_P3123_R2,2023,1,296.0,1399.8675999999998,Lentil,,,,,,1702.4,6.53240000000028
699,streatham,STREATHAM_S4_P3123_R2,2024,2,196.0,635.0,Lentil,,,,,,0.0,-831.0
700,streatham,STREATHAM_S1.4_P1212_R1,2023,1,307.0,1315.4,Lentil,,,,,,4129.84,2507.44
701,streatham,STREATHAM_S1.4_P1212_R1,2024,2,248.5,1106.6266742753626,Lentil,,,,,,978.67564544,-376.45102883536254
702,streatham,STREATHAM_S2.1_P4123_R3,2023,1,296.0,1352.3675999999998,Lentil,,,,,,1178.56,-469.80759999999987
703,streatham,STREATHAM_S2.1_P4123_R3,2024,2,240.0,836.633,Lentil,,,,,,1613.4072582600002,536.7742582600001
704,streatham,STREATHAM_S2.1_P3412_R1,2023,1,296.0,1352.3675999999998,Lentil,,,,,,1740.8,92.43240000000014
705,streatham,STREATHAM_S2.1_P3412_R1,2024,2,259.5,1084.7268101449276,Lentil,,,,,,878.11447808,-466.1123320649276
706,streatham,STREATHAM_S6.2_P3123_R2,2023,1,296.0,1399.8675999999998,Lentil,,,,,,1922.88,227.0124000000003
707,streatham,STREATHAM_S6.2_P3123_R2,2024,2,218.0,646.475,Lentil,,,,,,0.0,-864.475
708,streatham,STREATHAM_S2.3_P2341_R1,2023,1,279.0,1185.3999999999999,Lentil,,,,,,3839.44,2375.04
709,streatham,STREATHAM_S2.3_P2341_R1,2024,2,248.5,1078.3927757246377,Lentil,,,,,,994.83726144,-332.05551428463764
710,streatham,STREATHAM_S2.2_P2341_R2,2023,1,307.0,1275.4,Lentil,,,,,,3908.96,2326.56
711,streatham,STREATHAM_S2.2_P2341_R2,2024,2,259.5,1111.250761231884,Lentil,,,,,,1034.34343424,-336.407326991884
712,streatham,STREATHAM_S5_P2312_R3,2023,1,296.0,1399.8675999999998,Lentil,,,,,,1882.24,186.3724000000002
713,streatham,STREATHAM_S5_P2312_R3,2024,2,237.5,911.807277173913,Lentil,,,,,,1123.87992841,-25.42734876391296
714,streatham,STREATHAM_S5_P1231_R1,2023,1,307.0,1275.4,Lentil,,,,,,4058.56,2476.16
715,streatham,STREATHAM_S5_P1231_R1,2024,2,215.5,855.0121467391305,Lentil,,,,,,958.0246912,-112.48745553913045
716,streatham,STREATHAM_S5_P1231_R2,2023,1,307.0,1275.4,Lentil,,,,,,4115.76,2533.36
717,streatham,STREATHAM_S5_P1231_R2,2024,2,215.5,855.0121467391305,Lentil,,,,,,1101.68350176,31.17135502086944
718,streatham,STREATHAM_S4_P2312_R1,2023,1,307.0,1275.4,Lentil,,,,,,3730.32,2147.92
719,streatham,STREATHAM_S4_P2312_R1,2024,2,215.5,885.3147844202899,Lentil,,,,,,488.4399552,-612.3748292202899
720,streatham,STREATHAM_S9.3_P1212_R3,2023,1,276.5,1173.95,Lentil,,,,,,4152.72,2702.2700000000004
721,streatham,STREATHAM_S9.3_P1212_R3,2024,2,215.5,909.8117699275363,Lentil,,,,,,0.0,-1125.3117699275363
722,streatham,STREATHAM_S9.3_P1212_R2,2023,1,276.5,1173.95,Lentil,,,,,,4192.32,2741.87
723,streatham,STREATHAM_S9.3_P1212_R2,2024,2,215.5,909.8117699275363,Lentil,,,,,,944.55667776,-180.7550921675363
724,streatham,STREATHAM_S2.3_P1234_R1,2023,1,270.5,1200.1525,Lentil,,,,,,1388.88,-81.77249999999981
725,streatham,STREATHAM_S2.3_P1234_R1,2023,2,281.5,1000.5082771739131,Lentil,,,,,,2091.3580248,809.3497476260867
726,streatham,STREATHAM_S8_P3123_R3,2023,1,296.0,1399.8675999999998,Lentil,,,,,,1712.64,16.77240000000029
727,streatham,STREATHAM_S8_P3123_R3,2024,2,207.0,659.3,Lentil,,,,,,0.0,-866.3
728,streatham,STREATHAM_S6.2_P1231_R1,2023,1,226.5,961.9,Lentil,,,,,,0.0,-1188.4
729,streatham,STREATHAM_S6.2_P1231_R1,2024,2,226.5,958.3714365942029,Lentil,,,,,,1841.9753088,657.1038722057971
730,streatham,STREATHAM_S8_P1231_R3,2023,1,248.5,994.926,Lentil,,,,,,0.0,-1243.426
731,streatham,STREATHAM_S8_P1231_R3,2024,2,215.5,767.276393115942,Lentil,,,,,,2910.17025112,1927.393858004058
732,streatham,STREATHAM_S11_P0000_R2,2023,1,292.5,1225.4225,Lentil,,,,,,1477.66,-40.26249999999982
733,streatham,STREATHAM_S1.3_P1212_R2,2023,1,279.0,1160.3999999999999,Lentil,,,,,,3571.04,2131.6400000000003
734,streatham,STREATHAM_S1.3_P1212_R2,2024,2,240.0,831.6826,Lentil,,,,,,891.5824915200001,-180.1001084799999
735,streatham,STREATHAM_S2.1_P4123_R1,2023,1,296.0,1352.3675999999998,Lentil,,,,,,1800.0,151.6324000000002
736,streatham,STREATHAM_S2.1_P4123_R1,2024,2,240.0,836.633,Lentil,,,,,,0.0,-1076.633
737,streatham,STREATHAM_S6.1_P3123_R1,2023,1,296.0,1399.8675999999998,Lentil,,,,,,1605.44,-90.42759999999976
738,streatham,STREATHAM_S6.1_P3123_R1,2024,2,218.0,646.475,Lentil,,,,,,0.0,-864.475
739,streatham,STREATHAM_S4_P2312_R3,2023,1,307.0,1275.4,Lentil,,,,,,3671.36,2088.96
740,streatham,STREATHAM_S4_P2312_R3,2024,2,215.5,885.3147844202899,Lentil,,,,,,782.2580646399999,-318.55671978029
741,streatham,STREATHAM_S4_P2312_R2,2023,1,307.0,1275.4,Lentil,,,,,,3652.88,2070.48
742,streatham,STREATHAM_S4_P2312_R2,2024,2,215.5,885.3147844202899,Lentil,,,,,,843.9955107200001,-256.81927370028984
743,streatham,STREATHAM_S4_P3123_R1,2023,1,296.0,1399.8675999999998,Lentil,,,,,,1758.4,62.53240000000028
744,streatham,STREATHAM_S4_P3123_R1,2024,2,196.0,635.0,Lentil,,,,,,0.0,-831.0
745,streatham,STREATHAM_S7_P1234_R3,2023,1,226.5,961.9,Lentil,,,,,,0.0,-1188.4
746,streatham,STREATHAM_S7_P1234_R3,2024,2,185.0,611.0,Lentil,,,,,,0.0,-796.0
747,streatham,STREATHAM_S7_P3412_R1,2023,1,307.0,1275.4,Lentil,,,,,,3648.48,2066.08
748,streatham,STREATHAM_S7_P3412_R1,2024,2,215.5,879.586204710145,Lentil,,,,,,802.69360256,-292.39260215014497
749,streatham,STREATHAM_S3_P4123_R3,2023,1,296.0,1399.8675999999998,Lentil,,,,,,2120.64,424.77240000000006
750,streatham,STREATHAM_S3_P4123_R3,2024,2,240.0,836.633,Lentil,,,,,,2251.51209684,1174.87909684
751,streatham,STREATHAM_S2.1_P2341_R1,2023,1,307.0,1225.4,Lentil,,,,,,3806.88,2274.48
752,streatham,STREATHAM_S2.1_P2341_R1,2024,2,259.5,1077.0797666666667,Lentil,,,,,,839.5061728000001,-497.07359386666667
753,streatham,STREATHAM_S6.1_P2312_R3,2023,1,307.0,1275.4,Lentil,,,,,,3467.2,1884.7999999999997
754,streatham,STREATHAM_S6.1_P2312_R3,2024,2,215.5,926.8369873188406,Lentil,,,,,,895.16129024,-247.17569707884059
755,streatham,STREATHAM_S13_P0000_R6,2023,1,226.5,961.9,Lentil,,,,,,0.0,-1188.4
756,streatham,STREATHAM_S7_P2341_R1,2023,1,226.5,961.9,Lentil,,,,,,0.0,-1188.4
757,streatham,STREATHAM_S7_P2341_R1,2024,2,215.5,815.4328278985507,Lentil,,,,,,1602.46913552,571.5363076214493
758,streatham,STREATHAM_S2.2_P1234_R3,2023,1,292.5,1266.3500000000001,Lentil,,,,,,932.58,-626.2700000000001
759,streatham,STREATHAM_S2.2_P1234_R3,2024,2,248.5,910.4324655797102,Lentil,,,,,,2676.07526912,1517.1428035402898
760,streatham,STREATHAM_S7_P4123_R2,2023,1,296.0,1399.8675999999998,Lentil,,,,,,1798.4,102.53240000000028
761,streatham,STREATHAM_S7_P4123_R2,2024,2,185.0,611.0,Lentil,,,,,,0.0,-796.0
762,streatham,STREATHAM_S2.4_P2341_R2,2023,1,307.0,1315.4,Lentil,,,,,,3711.84,2089.44
763,streatham,STREATHAM_S2.4_P2341_R2,2024,2,259.5,1141.5338336956522,Lentil,,,,,,866.44219968,-534.5916340156522
764,streatham,STREATHAM_S6.2_P3123_R1,2023,1,296.0,1399.8675999999998,Lentil,,,,,,1914.88,219.0124000000003
765,streatham,STREATHAM_S6.2_P3123_R1,2024,2,218.0,646.475,Lentil,,,,,,0.0,-864.475
766,streatham,STREATHAM_S1.3_P1212_R1,2023,1,279.0,1160.3999999999999,Lentil,,,,,,3424.96,1985.5600000000002
767,streatham,STREATHAM_S1.3_P1212_R1,2024,2,240.0,831.6825999999999,Lentil,,,,,,834.1189673599999,-237.56363263999992
768,streatham,STREATHAM_S2.2_P4123_R2,2023,1,296.0,1399.8675999999998,Lentil,,,,,,1763.84,67.9724000000001
769,streatham,STREATHAM_S2.2_P4123_R2,2024,2,240.0,836.633,Lentil,,,,,,1815.1515153,738.5185153
770,streatham,STREATHAM_S6.2_P2312_R3,2023,1,298.5,1200.4,Lentil,,,,,,3227.84,1728.94
771,streatham,STREATHAM_S6.2_P2312_R3,2024,2,215.5,889.1400597826088,Lentil,,,,,,875.4480288000001,-229.19203098260869
772,streatham,STREATHAM_S8_P3123_R1,2023,1,296.0,1399.8675999999998,Lentil,,,,,,1624.0,-71.86759999999981
773,streatham,STREATHAM_S8_P3123_R1,2024,2,207.0,659.3,Lentil,,,,,,0.0,-866.3
774,streatham,STREATHAM_S9.2_P2121_R1,2023,1,296.0,1399.8675999999998,Lentil,,,,,,1583.36,-112.50759999999991
775,streatham,STREATHAM_S9.2_P2121_R1,2024,2,215.5,725.0014067028986,Lentil,,,,,,1789.0740741885,848.5726674856013
776,streatham,STREATHAM_S7_P1234_R1,2023,1,226.5,961.9,Lentil,,,,,,0.0,-1188.4
777,streatham,STREATHAM_S7_P1234_R1,2024,2,185.0,611.0,Lentil,,,,,,0.0,-796.0
778,streatham,STREATHAM_S4_P1231_R3,2023,1,248.5,994.926,Lentil,,,,,,0.0,-1243.426
779,streatham,STREATHAM_S4_P1231_R3,2024,2,215.5,805.4104510869565,Lentil,,,,,,2515.905018,1494.9945669130434
780,streatham,STREATHAM_S4_P1231_R1,2023,1,248.5,994.926,Lentil,,,,,,0.0,-1243.426
781,streatham,STREATHAM_S4_P1231_R1,2024,2,215.5,805.4104510869565,Lentil,,,,,,2281.48148184,1260.5710307530435
782,streatham,STREATHAM_S1.3_P2121_R3,2023,1,296.0,1414.8675999999998,Lentil,,,,,,1395.52,-315.34759999999983
783,streatham,STREATHAM_S1.3_P2121_R3,2024,2,262.0,811.5450000000001,Lentil,,,,,,2493.7275985600004,1420.1825985600003
784,streatham,STREATHAM_S9.1_P1212_R2,2023,1,259.5,1073.95,Lentil,,,,,,3777.84,2444.3900000000003
785,streatham,STREATHAM_S9.1_P1212_R2,2024,2,215.5,876.8992771739131,Lentil,,,,,,891.5824915200001,-200.81678565391303
786,streatham,STREATHAM_S6.2_P1231_R3,2023,1,226.5,961.9,Lentil,,,,,,0.0,-1188.4
787,streatham,STREATHAM_S6.2_P1231_R3,2024,2,226.5,958.3714365942028,Lentil,,,,,,1715.05376328,530.1823266857973
788,streatham,STREATHAM_S1.3_P1212_R3,2023,1,279.0,1160.3999999999999,Lentil,,,,,,1569.92,130.5200000000002
789,streatham,STREATHAM_S1.3_P1212_R3,2024,2,240.0,831.6825999999999,Lentil,,,,,,990.14336928,-81.53923071999986
790,streatham,STREATHAM_S12_P0000_R1,2023,1,296.0,1399.8675999999998,Lentil,,,,,,1544.32,-151.54759999999987
791,streatham,STREATHAM_S1.2_P2121_R3,2023,1,296.0,1399.8675999999998,Lentil,,,,,,1656.0,-39.86759999999981
792,streatham,STREATHAM_S1.2_P2121_R3,2024,2,240.0,736.39,Lentil,,,,,,3023.52150496,2047.1315049600003
793,streatham,STREATHAM_S1.4_P1212_R3,2023,1,307.0,1315.4,Lentil,,,,,,3926.56,2304.16
794,streatham,STREATHAM_S1.4_P1212_R3,2024,2,248.5,1106.6266742753623,Lentil,,,,,,969.53405024,-385.5926240353623
795,streatham,STREATHAM_S1.4_P2121_R2,2023,1,296.0,1442.3675999999998,Lentil,,,,,,1701.44,-36.92759999999976
796,streatham,STREATHAM_S1.4_P2121_R2,2024,2,248.5,903.0347554347826,Lentil,,,,,,2955.55555592,1804.0208004852175
797,streatham,STREATHAM_S6.1_P1231_R3,2023,1,226.5,961.9,Lentil,,,,,,0.0,-1188.4
798,streatham,STREATHAM_S6.1_P1231_R3,2024,2,226.5,925.4431177536233,Lentil,,,,,,2008.28853016,856.3454124063767
799,streatham,STREATHAM_S11_P0000_R5,2023,1,292.5,1225.4225,Lentil,,,,,,1583.9,65.97750000000019
800,streatham,STREATHAM_S1.3_P2121_R1,2023,1,296.0,1414.8675999999998,Lentil,,,,,,1402.88,-307.9875999999997
801,streatham,STREATHAM_S1.3_P2121_R1,2024,2,262.0,811.545,Lentil,,,,,,2548.14814848,1474.60314848
802,streatham,STREATHAM_S12_P0000_R9,2023,1,296.0,1399.8675999999998,Lentil,,,,,,1687.04,-8.827599999999848
803,streatham,STREATHAM_S2.3_P4123_R1,2023,1,296.0,1414.8675999999998,Lentil,,,,,,1462.08,-248.78759999999988
804,streatham,STREATHAM_S2.3_P4123_R1,2024,2,273.0,932.066,Lentil,,,,,,1387.87878762,182.81278761999988
805,streatham,STREATHAM_S9.1_P1212_R1,2023,1,259.5,1073.95,Lentil,,,,,,4051.52,2718.0699999999997
806,streatham,STREATHAM_S9.1_P1212_R1,2024,2,215.5,876.8992771739131,Lentil,,,,,,861.95286208,-230.44641509391306
807,streatham,STREATHAM_S5_P2312_R1,2023,1,296.0,1399.8675999999998,Lentil,,,,,,1650.88,-44.9875999999997
808,streatham,STREATHAM_S5_P2312_R1,2024,2,237.5,911.807277173913,Lentil,,,,,,884.4837260699999,-264.82355110391313
809,streatham,STREATHAM_S13_P0000_R4,2023,1,226.5,961.9,Lentil,,,,,,0.0,-1188.4
810,streatham,STREATHAM_S13_P0000_R8,2023,1,226.5,961.9,Lentil,,,,,,0.0,-1188.4
811,streatham,STREATHAM_S3_P2341_R3,2023,1,296.0,1399.8675999999998,Lentil,,,,,,1889.6,193.7324000000001
812,streatham,STREATHAM_S3_P2341_R3,2024,2,215.5,798.0360163043479,Lentil,,,,,,2754.92831504,1741.3922987356523
813,streatham,STREATHAM_S9.3_P2121_R2,2023,1,296.0,1399.8675999999998,Lentil,,,,,,1670.72,-25.147599999999784
814,streatham,STREATHAM_S9.3_P2121_R2,2024,2,215.5,767.4003496376812,Lentil,,,,,,1923.7777774149,940.8774277772187
815,streatham,STREATHAM_S1.1_P1212_R1,2023,1,307.0,1225.4,Lentil,,,,,,3862.32,2329.92
816,streatham,STREATHAM_S1.1_P1212_R1,2024,2,248.5,1075.0870130434782,Lentil,,,,,,803.5914703999999,-519.9955426434783
817,streatham,STREATHAM_S9.3_P2121_R3,2023,1,296.0,1399.8675999999998,Lentil,,,,,,1898.88,203.0124000000003
818,streatham,STREATHAM_S9.3_P2121_R3,2024,2,215.5,767.4003496376812,Lentil,,,,,,2337.9558689355,1355.0555192978186
819,streatham,STREATHAM_S8_P3123_R2,2023,1,296.0,1399.8675999999998,Lentil,,,,,,1840.0,144.1324000000002
820,streatham,STREATHAM_S8_P3123_R2,2024,2,207.0,659.3,Lentil,,,,,,0.0,-866.3
821,streatham,STREATHAM_S3_P4123_R1,2023,1,296.0,1399.8675999999998,Lentil,,,,,,1870.4,174.53240000000028
822,streatham,STREATHAM_S3_P4123_R1,2024,2,240.0,836.633,Lentil,,,,,,0.0,-1076.633
823,streatham,STREATHAM_S13_P0000_R2,2023,1,226.5,961.9,Lentil,,,,,,0.0,-1188.4
824,streatham,STREATHAM_S13_P0000_R2,2024,2,185.0,1833.0,Lentil,,,,,,0.0,-2018.0
825,streatham,STREATHAM_S2.4_P4123_R1,2023,1,296.0,1442.3675999999998,Lentil,,,,,,1875.84,137.4724000000001
826,streatham,STREATHAM_S2.4_P4123_R1,2024,2,240.0,836.633,Lentil,,,,,,1645.45454538,568.8215453799999
827,streatham,STREATHAM_S2.1_P2341_R3,2023,1,307.0,1225.4,Lentil,,,,,,3623.84,2091.44
828,streatham,STREATHAM_S2.1_P2341_R3,2024,2,259.5,1077.0797666666665,Lentil,,,,,,891.5770608,-445.0027058666665
829,streatham,STREATHAM_S2.4_P4123_R3,2023,1,296.0,1442.3675999999998,Lentil,,,,,,1805.12,66.75240000000008
830,streatham,STREATHAM_S2.4_P4123_R3,2024,2,240.0,836.633,Lentil,,,,,,1832.66129016,756.0282901599999
831,streatham,STREATHAM_S12_P0000_R5,2023,1,296.0,1399.8675999999998,Lentil,,,,,,1507.84,-188.0275999999999
832,streatham,STREATHAM_S2.2_P3412_R1,2023,1,296.0,1399.8675999999998,Lentil,,,,,,1872.32,176.45240000000013
833,streatham,STREATHAM_S2.2_P3412_R1,2024,2,259.5,1105.4593119565218,Lentil,,,,,,974.18630752,-390.7730044365218
834,streatham,STREATHAM_S6.2_P2312_R2,2023,1,307.0,1275.4,Lentil,,,,,,3634.4,2052.0
835,streatham,STREATHAM_S6.2_P2312_R2,2024,2,215.5,889.1400597826088,Lentil,,,,,,872.72727264,-231.91278714260875
836,streatham,STREATHAM_S2.1_P1234_R3,2023,1,292.5,1266.3500000000001,Lentil,,,,,,1317.6,-241.25000000000023
837,streatham,STREATHAM_S2.1_P1234_R3,2024,2,248.5,825.027963768116,Lentil,,,,,,2688.3960576,1614.868093831884
838,streatham,STREATHAM_S7_P4123_R1,2023,1,296.0,1399.8675999999998,Lentil,,,,,,1799.04,103.17240000000015
839,streatham,STREATHAM_S7_P4123_R1,2024,2,185.0,611.0,Lentil,,,,,,0.0,-796.0
840,streatham,STREATHAM_S2.3_P3412_R1,2023,1,296.0,1414.8675999999998,Lentil,,,,,,1244.48,-466.3875999999998
841,streatham,STREATHAM_S2.3_P3412_R1,2024,2,259.5,1015.9049786231884,Lentil,,,,,,518.06958464,-757.3353939831884
842,streatham,STREATHAM_S10_P1212_R1,2023,1,276.5,1123.95,Lentil,,,,,,3870.24,2469.79
843,streatham,STREATHAM_S10_P1212_R1,2024,2,193.5,822.5826974637681,Lentil,,,,,,327.72166112,-688.3610363437681
844,streatham,STREATHAM_S3_P3412_R2,2023,1,307.0,1275.4,Lentil,,,,,,3993.44,2411.04
845,streatham,STREATHAM_S3_P3412_R2,2024,2,215.5,859.9486974637681,Lentil,,,,,,1109.76430976,34.31561229623196
846,streatham,STREATHAM_S2.2_P3412_R3,2023,1,296.0,1399.8675999999998,Lentil,,,,,,1544.0,-151.8675999999998
847,streatham,STREATHAM_S2.2_P3412_R3,2024,2,259.5,1105.4593119565218,Lentil,,,,,,830.64516128,-534.3141506765218
848,streatham,STREATHAM_S2.4_P2341_R3,2023,1,307.0,1315.4,Lentil,,,,,,3941.52,2319.12
849,streatham,STREATHAM_S2.4_P2341_R3,2024,2,259.5,1141.533833695652,Lentil,,,,,,991.93548384,-409.09834985565203
850,streatham,STREATHAM_S2.2_P2341_R1,2023,1,307.0,1275.4,Lentil,,,,,,3480.4,1898.0
851,streatham,STREATHAM_S2.2_P2341_R1,2024,2,259.5,1111.250761231884,Lentil,,,,,,571.94163872,-798.8091225118841
852,streatham,STREATHAM_S9.2_P1212_R2,2023,1,276.5,1123.9499999999998,Lentil,,,,,,3777.84,2377.3900000000003
853,streatham,STREATHAM_S9.2_P1212_R2,2024,2,215.5,877.973509057971,Lentil,,,,,,862.8507296,-230.62277945797098
854,streatham,STREATHAM_S11_P0000_R9,2023,1,292.5,1225.4225,Lentil,,,,,,1541.98,24.05750000000012
855,streatham,STREATHAM_S1.1_P1212_R3,2023,1,307.0,1225.4,Lentil,,,,,,3207.6,1675.1999999999998
856,streatham,STREATHAM_S1.1_P1212_R3,2024,2,248.5,1075.0870130434782,Lentil,,,,,,1023.29749088,-300.2895221634782
857,streatham,STREATHAM_S10_P1212_R2,2023,1,276.5,1123.95,Lentil,,,,,,3977.6,2577.1499999999996
858,streatham,STREATHAM_S10_P1212_R2,2024,2,193.5,822.5826974637681,Lentil,,,,,,398.65319872,-617.4294987437681
859,streatham,STREATHAM_S6.1_P2312_R2,2023,1,307.0,1275.4,Lentil,,,,,,3667.84,2085.44
860,streatham,STREATHAM_S6.1_P2312_R2,2024,2,215.5,926.8369873188406,Lentil,,,,,,818.85521888,-323.4817684388405
861,streatham,STREATHAM_S6.1_P2312_R1,2023,1,307.0,1275.4,Lentil,,,,,,3806.88,2224.48
862,streatham,STREATHAM_S6.1_P2312_R1,2024,2,215.5,926.8369873188406,Lentil,,,,,,647.36251392,-494.9744733988406
863,streatham,STREATHAM_S1.1_P2121_R1,2023,1,296.0,1352.3675999999998,Lentil,,,,,,1901.76,253.39240000000018
864,streatham,STREATHAM_S1.1_P2121_R1,2024,2,248.5,852.0550362318841,Lentil,,,,,,2829.6296292,1729.0745929681161
865,streatham,STREATHAM_S12_P0000_R4,2023,1,296.0,1399.8675999999998,Lentil,,,,,,1774.08,78.21240000000012
866,streatham,STREATHAM_S5_P3123_R3,2023,1,285.0,1354.4699999999998,Lentil,,,,,,1675.91,36.44000000000028
867,streatham,STREATHAM_S5_P3123_R3,2024,2,215.5,810.9646539855073,Lentil,,,,,,2769.71326192,1743.2486079344928
868,streatham,STREATHAM_S11_P0000_R1,2023,1,292.5,1225.4225,Lentil,,,,,,1513.5,-4.4224999999999
869,streatham,STREATHAM_S5_P3123_R2,2023,1,285.0,1354.4699999999998,Lentil,,,,,,1791.62,152.1500000000001
870,streatham,STREATHAM_S5_P3123_R2,2024,2,215.5,810.9646539855073,Lentil,,,,,,2451.85185168,1425.3871976944927
871,streatham,STREATHAM_S11_P0000_R3,2023,1,292.5,1225.4225,Lentil,,,,,,1479.58,-38.34249999999997
872,streatham,STREATHAM_S8_P1231_R2,2023,1,248.5,994.926,Lentil,,,,,,0.0,-1243.426
873,streatham,STREATHAM_S8_P1231_R2,2024,2,215.5,767.276393115942,Lentil,,,,,,2291.35802456,1308.581631444058
874,streatham,STREATHAM_S3_P4123_R2,2023,1,296.0,1399.8675999999998,Lentil,,,,,,1967.68,271.81240000000025
875,streatham,STREATHAM_S3_P4123_R2,2024,2,240.0,836.633,Lentil,,,,,,1818.18181818,741.5488181799999
876,streatham,STREATHAM_S3_P3412_R1,2023,1,307.0,1275.4,Lentil,,,,,,3768.16,2185.7599999999998
877,streatham,STREATHAM_S3_P3412_R1,2024,2,215.5,859.9486974637681,Lentil,,,,,,843.9955107200001,-231.45318674376801
878,streatham,STREATHAM_S7_P2341_R2,2023,1,226.5,961.9,Lentil,,,,,,0.0,-1188.4
879,streatham,STREATHAM_S7_P2341_R2,2024,2,215.5,815.4328278985507,Lentil,,,,,,1565.43209856,534.4992706614493
880,streatham,STREATHAM_S7_P1234_R2,2023,1,226.5,961.9,Lentil,,,,,,0.0,-1188.4
881,streatham,STREATHAM_S7_P1234_R2,2024,2,185.0,611.0,Lentil,,,,,,0.0,-796.0
882,streatham,STREATHAM_S3_P2341_R2,2023,1,296.0,1399.8675999999998,Lentil,,,,,,1699.52,3.6524000000001706
883,streatham,STREATHAM_S3_P2341_R2,2024,2,215.5,798.0360163043479,Lentil,,,,,,2945.67901232,1932.142996015652
884,streatham,STREATHAM_S9.3_P1212_R1,2023,1,276.5,1173.95,Lentil,,,,,,4231.92,2781.4700000000003
885,streatham,STREATHAM_S9.3_P1212_R1,2024,2,215.5,909.8117699275363,Lentil,,,,,,798.20426496,-327.1075049675362
886,streatham,STREATHAM_S12_P0000_R8,2023,1,296.0,1399.8675999999998,Lentil,,,,,,1708.8,12.932400000000143
887,streatham,STREATHAM_S2.3_P4123_R2,2023,1,296.0,1414.8675999999998,Lentil,,,,,,1588.8,-122.06759999999986
888,streatham,STREATHAM_S2.3_P4123_R2,2024,2,273.0,932.0660000000001,Lentil,,,,,,1533.33333342,328.2673334199998
889,streatham,STREATHAM_S4_P3123_R3,2023,1,296.0,1399.8675999999998,Lentil,,,,,,1740.16,44.29240000000027
890,streatham,STREATHAM_S4_P3123_R3,2024,2,196.0,635.0,Lentil,,,,,,0.0,-831.0
891,streatham,STREATHAM_S9.2_P1212_R1,2023,1,276.5,1123.9499999999998,Lentil,,,,,,0.0,-1400.4499999999998
892,streatham,STREATHAM_S9.2_P1212_R1,2024,2,215.5,877.973509057971,Lentil,,,,,,773.96184064,-319.511668417971
893,streatham,STREATHAM_S12_P0000_R3,2023,1,296.0,1399.8675999999998,Lentil,,,,,,1324.16,-371.70759999999973
894,streatham,STREATHAM_S5_P3123_R1,2023,1,285.0,1354.4699999999998,Lentil,,,,,,1995.49,356.0200000000002
895,streatham,STREATHAM_S5_P3123_R1,2024,2,215.5,810.9646539855073,Lentil,,,,,,2738.27160464,1711.8069506544928
896,streatham,STREATHAM_S2.4_P3412_R3,2023,1,296.0,1442.3675999999998,Lentil,,,,,,1845.44,107.07240000000024
897,streatham,STREATHAM_S2.4_P3412_R3,2024,2,259.5,1111.9089351449275,Lentil,,,,,,1133.51254496,-237.89639018492744
898,streatham,STREATHAM_S10_P1212_R3,2023,1,276.5,1123.95,Lentil,,,,,,4009.28,2608.83
899,streatham,STREATHAM_S10_P1212_R3,2024,2,193.5,822.5826974637681,Lentil,,,,,,360.21505376,-655.8676437037682
900,streatham,STREATHAM_S3_P1234_R1,2023,1,292.5,1266.3500000000001,Lentil,,,,,,1189.0800000000002,-369.77
901,streatham,STREATHAM_S3_P1234_R1,2024,2,215.5,867.2489583333333,Lentil,,,,,,939.16947264,-143.57948569333337
902,streatham,STREATHAM_S4_P1231_R2,2023,1,248.5,994.926,Lentil,,,,,,0.0,-1243.426
903,streatham,STREATHAM_S4_P1231_R2,2024,2,215.5,805.4104510869565,Lentil,,,,,,2560.49382688,1539.5833757930436
904,streatham,STREATHAM_S5_P2312_R2,2023,1,296.0,1399.8675999999998,Lentil,,,,,,1741.44,45.57240000000024
905,streatham,STREATHAM_S5_P2312_R2,2024,2,237.5,911.807277173913,Lentil,,,,,,1388.9730641,239.6657869260871
906,streatham,STREATHAM_S2.2_P2341_R3,2023,1,307.0,1275.4,Lentil,,,,,,3825.36,2242.96
907,streatham,STREATHAM_S2.2_P2341_R3,2024,2,259.5,1111.250761231884,Lentil,,,,,,883.51254496,-487.2382162718841
908,streatham,STREATHAM_S6.2_P3123_R3,2023,1,296.0,1399.8675999999998,Lentil,,,,,,1429.44,-266.42759999999976
909,streatham,STREATHAM_S6.2_P3123_R3,2024,2,218.0,646.475,Lentil,,,,,,0.0,-864.475
910,streatham,STREATHAM_S2.1_P2341_R2,2023,1,307.0,1225.4,Lentil,,,,,,3644.96,2112.56
911,streatham,STREATHAM_S2.1_P2341_R2,2024,2,259.5,1077.0797666666667,Lentil,,,,,,966.10549952,-370.47426714666676
912,streatham,STREATHAM_S11_P0000_R6,2023,1,292.5,1225.4225,Lentil,,,,,,1468.7,-49.222499999999854
913,streatham,STREATHAM_S2.3_P2341_R3,2023,1,279.0,1185.3999999999999,Lentil,,,,,,3381.84,1917.4400000000003
914,streatham,STREATHAM_S2.3_P2341_R3,2024,2,248.5,1078.3927757246377,Lentil,,,,,,945.34050176,-381.5522739646376
915,streatham,STREATHAM_S8_P2312_R1,2023,1,307.0,1275.4,Lentil,,,,,,3539.36,1956.96
916,streatham,STREATHAM_S8_P2312_R1,2024,2,215.5,889.8746394927537,Lentil,,,,,,697.6430976,-407.7315418927536
917,streatham,STREATHAM_S6.1_P1231_R2,2023,1,226.5,961.9,Lentil,,,,,,0.0,-1188.4
918,streatham,STREATHAM_S6.1_P1231_R2,2024,2,226.5,925.4431177536233,Lentil,,,,,,2177.777778,1025.8346602463769
919,streatham,STREATHAM_S1.1_P1212_R2,2023,1,307.0,1225.4,Lentil,,,,,,3509.44,1977.04
920,streatham,STREATHAM_S1.1_P1212_R2,2024,2,248.5,1075.0870130434782,Lentil,,,,,,943.65881024,-379.92820280347826
921,streatham,STREATHAM_S11_P0000_R8,2023,1,292.5,1225.4225,Lentil,,,,,,1500.06,-17.862499999999955
922,streatham,STREATHAM_S9.1_P2121_R2,2023,1,296.0,1399.8675999999998,Lentil,,,,,,1460.48,-235.3875999999998
923,streatham,STREATHAM_S9.1_P2121_R2,2024,2,207.0,654.1,Lentil,,,,,,1954.3703706989,1093.2703706989
924,streatham,STREATHAM_S1.2_P2121_R1,2023,1,296.0,1399.8675999999998,Lentil,,,,,,1935.04,239.17240000000015
925,streatham,STREATHAM_S1.2_P2121_R1,2024,2,240.0,736.39,Lentil,,,,,,3079.01234608,2102.62234608
926,streatham,STREATHAM_S6.2_P1231_R2,2023,1,226.5,961.9,Lentil,,,,,,0.0,-1188.4
927,streatham,STREATHAM_S6.2_P1231_R2,2024,2,226.5,958.3714365942029,Lentil,,,,,,1656.79012312,471.91868652579717
928,streatham,STREATHAM_S2.4_P3412_R2,2023,1,296.0,1442.3675999999998,Lentil,,,,,,1547.84,-190.5275999999999
929,streatham,STREATHAM_S2.4_P3412_R2,2024,2,259.5,1111.9089351449275,Lentil,,,,,,965.207632,-406.20130314492746
930,streatham,STREATHAM_S2.2_P4123_R3,2023,1,296.0,1399.8675999999998,Lentil,,,,,,1731.2,35.332400000000234
931,streatham,STREATHAM_S2.2_P4123_R3,2024,2,240.0,836.633,Lentil,,,,,,1711.69354818,635.0605481800001
932,streatham,STREATHAM_S2.4_P4123_R2,2023,1,296.0,1442.3675999999998,Lentil,,,,,,2019.84,281.4724000000001
933,streatham,STREATHAM_S2.4_P4123_R2,2024,2,240.0,836.633,Lentil,,,,,,1963.63636344,887.0033634399999
934,streatham,STREATHAM_S12_P0000_R7,2023,1,296.0,1399.8675999999998,Lentil,,,,,,1617.6,-78.2675999999999
935,streatham,STREATHAM_S12_P0000_R6,2023,1,296.0,1399.8675999999998,Lentil,,,,,,1556.8,-139.06759999999986
936,streatham,STREATHAM_S9.2_P2121_R3,2023,1,296.0,1399.8675999999998,Lentil,,,,,,1301.12,-394.7475999999999
937,streatham,STREATHAM_S9.2_P2121_R3,2024,2,215.5,725.0014067028986,Lentil,,,,,,0.0,-940.5014067028986
938,streatham,STREATHAM_S2.2_P1234_R2,2023,1,292.5,1266.3500000000001,Lentil,,,,,,1380.7800000000002,-178.06999999999994
939,streatham,STREATHAM_S2.2_P1234_R2,2024,2,248.5,910.4324655797102,Lentil,,,,,,2434.56790104,1275.6354354602897
940,streatham,STREATHAM_S7_P4123_R3,2023,1,296.0,1399.8675999999998,Lentil,,,,,,1510.08,-185.78759999999988
941,streatham,STREATHAM_S7_P4123_R3,2024,2,185.0,611.0,Lentil,,,,,,0.0,-796.0
942,streatham,STREATHAM_S2.4_P1234_R3,2023,1,292.5,1266.3500000000001,Lentil,,,,,,1210.68,-348.1700000000001
943,streatham,STREATHAM_S2.4_P1234_R3,2024,2,248.5,916.3794221014492,Lentil,,,,,,2604.6146957600004,1439.7352736585513
944,streatham,STREATHAM_S2.3_P4123_R3,2023,1,296.0,1414.8675999999998,Lentil,,,,,,1862.08,151.21240000000012
945,streatham,STREATHAM_S2.3_P4123_R3,2024,2,273.0,932.0660000000001,Lentil,,,,,,1639.1129031,434.0469030999999
946,streatham,STREATHAM_S1.4_P2121_R1,2023,1,296.0,1442.3675999999998,Lentil,,,,,,1756.48,18.112400000000207
947,streatham,STREATHAM_S1.4_P2121_R1,2024,2,248.5,903.0347554347826,Lentil,,,,,,0.0,-1151.5347554347827
948,streatham,STREATHAM_S9.3_P2121_R1,2023,1,296.0,1399.8675999999998,Lentil,,,,,,1848.96,153.09240000000023
949,streatham,STREATHAM_S9.3_P2121_R1,2024,2,215.5,767.4003496376812,Lentil,,,,,,1780.6913579444,797.7910083067187
950,streatham,STREATHAM_S2.3_P3412_R2,2023,1,296.0,1414.8675999999998,Lentil,,,,,,1504.0,-206.8675999999998
951,streatham,STREATHAM_S2.3_P3412_R2,2024,2,259.5,1015.9049786231884,Lentil,,,,,,1301.0101011200002,25.60512249681176
952,streatham,STREATHAM_S6.1_P3123_R2,2023,1,296.0,1399.8675999999998,Lentil,,,,,,1667.84,-28.027599999999893
953,streatham,STREATHAM_S6.1_P3123_R2,2024,2,218.0,646.475,Lentil,,,,,,0.0,-864.475
954,streatham,STREATHAM_S13_P0000_R9,2023,1,226.5,961.9,Lentil,,,,,,0.0,-1188.4
955,streatham,STREATHAM_S2.2_P1234_R1,2023,1,292.5,1266.3500000000001,Lentil,,,,,,1274.94,-283.9100000000001
956,streatham,STREATHAM_S2.2_P1234_R1,2024,2,248.5,910.4324655797102,Lentil,,,,,,2567.9012348,1408.96876922029
957,streatham,STREATHAM_S2.1_P1234_R2,2023,1,292.5,1266.3500000000001,Lentil,,,,,,1185.84,-373.0100000000002
958,streatham,STREATHAM_S2.1_P1234_R2,2024,2,248.5,825.027963768116,Lentil,,,,,,2311.11111088,1237.583147111884
959,streatham,STREATHAM_S1.2_P1212_R3,2023,1,307.0,1275.4,Lentil,,,,,,3341.36,1758.96
960,streatham,STREATHAM_S1.2_P1212_R3,2024,2,240.0,861.0076,Lentil,,,,,,830.64516128,-270.36243872
961,streatham,STREATHAM_S1.4_P1212_R2,2023,1,307.0,1315.4,Lentil,,,,,,378.4,-1244.0
962,streatham,STREATHAM_S1.4_P1212_R2,2024,2,248.5,1106.6266742753623,Lentil,,,,,,826.03815936,-529.0885149153623
963,streatham,STREATHAM_S3_P2341_R1,2023,1,296.0,1399.8675999999998,Lentil,,,,,,1833.28,137.41240000000016
964,streatham,STREATHAM_S3_P2341_R1,2024,2,215.5,798.0360163043479,Lentil,,,,,,3259.25925952,2245.723243215652
965,streatham,STREATHAM_S3_P1234_R2,2023,1,292.5,1266.3500000000001,Lentil,,,,,,1124.8200000000002,-434.03
966,streatham,STREATHAM_S3_P1234_R2,2024,2,215.5,867.2489583333333,Lentil,,,,,,1161.84062848,79.09167014666673
967,streatham,STREATHAM_S10_P2121_R1,2023,1,257.0,1090.88,Lentil,,,,,,919.36,-428.5200000000001
968,streatham,STREATHAM_S10_P2121_R1,2024,2,215.5,819.9151902173915,Lentil,,,,,,1559.0864196072,523.6712293898086
969,streatham,STREATHAM_S11_P0000_R4,2023,1,292.5,1225.4225,Lentil,,,,,,1567.26,49.33750000000009
970,streatham,STREATHAM_S8_P1231_R1,2023,1,248.5,994.926,Lentil,,,,,,0.0,-1243.426
971,streatham,STREATHAM_S8_P1231_R1,2024,2,215.5,767.276393115942,Lentil,,,,,,2730.8641976,1748.0878044840579
972,streatham,STREATHAM_S1.2_P2121_R2,2023,1,296.0,1399.8675999999998,Lentil,,,,,,1939.84,243.9724000000001
973,streatham,STREATHAM_S1.2_P2121_R2,2024,2,240.0,736.39,Lentil,,,,,,2609.87654312,1633.48654312
974,streatham,STREATHAM_S13_P0000_R3,2023,1,226.5,1137.9,Lentil,,,,,,0.0,-1364.4
975,streatham,STREATHAM_S13_P0000_R3,2024,2,185.0,1833.0,Lentil,,,,,,0.0,-2018.0
976,streatham,STREATHAM_S7_P3412_R2,2023,1,307.0,1275.4,Lentil,,,,,,4070.0,2487.6
977,streatham,STREATHAM_S7_P3412_R2,2024,2,215.5,879.586204710145,Lentil,,,,,,871.82940512,-223.25679959014496
978,streatham,STREATHAM_S2.4_P1234_R2,2023,1,292.5,1266.3500000000001,Lentil,,,,,,1542.24,-16.610000000000127
979,streatham,STREATHAM_S2.4_P1234_R2,2024,2,248.5,916.3794221014491,Lentil,,,,,,2735.80246896,1570.923046858551
980,streatham,STREATHAM_S5_P1231_R3,2023,1,307.0,1275.4,Lentil,,,,,,4113.12,2530.72
981,streatham,STREATHAM_S5_P1231_R3,2024,2,215.5,855.0121467391305,Lentil,,,,,,999.10394272,-71.4082040191305
982,streatham,STREATHAM_S2.1_P3412_R3,2023,1,296.0,1352.3675999999998,Lentil,,,,,,1560.64,-87.72759999999971
983,streatham,STREATHAM_S2.1_P3412_R3,2024,2,259.5,1084.7268101449276,Lentil,,,,,,1165.77060928,-178.45620086492772
984,streatham,STREATHAM_S6.2_P2312_R1,2023,1,307.0,1275.4,Lentil,,,,,,3827.12,2244.72
985,streatham,STREATHAM_S6.2_P2312_R1,2024,2,215.5,889.1400597826088,Lentil,,,,,,927.49719424,-177.14286554260877
986,streatham,STREATHAM_S2.3_P2341_R2,2023,1,279.0,1185.3999999999999,Lentil,,,,,,3565.76,2101.3600000000006
987,streatham,STREATHAM_S2.3_P2341_R2,2024,2,248.5,1078.3927757246377,Lentil,,,,,,891.5824915200001,-435.3102842046376
988,streatham,STREATHAM_S2.3_P1234_R3,2023,1,270.5,1200.1525,Lentil,,,,,,1586.5200000000002,115.86750000000029
989,streatham,STREATHAM_S2.3_P1234_R3,2023,2,281.5,1000.5082771739131,Lentil,,,,,,2616.9354842400003,1334.9272070660872
990,streatham,STREATHAM_S1.1_P2121_R2,2023,1,296.0,1352.3675999999998,Lentil,,,,,,1760.0,111.63240000000019
991,streatham,STREATHAM_S1.1_P2121_R2,2024,2,248.5,852.0550362318841,Lentil,,,,,,2876.54320976,1775.988173528116
992,streatham,STREATHAM_S1.3_P2121_R2,2023,1,296.0,1414.8675999999998,Lentil,,,,,,1316.16,-394.70759999999973
993,streatham,STREATHAM_S1.3_P2121_R2,2024,2,262.0,811.5450000000001,Lentil,,,,,,2162.96296304,1089.41796304
994,streatham,STREATHAM_S13_P0000_R1,2023,1,226.5,961.9,Lentil,,,,,,0.0,-1188.4
995,streatham,STREATHAM_S13_P0000_R1,2024,2,185.0,1833.0,Lentil,,,,,,0.0,-2018.0
996,streatham,STREATHAM_S3_P1234_R3,2023,1,292.5,1266.3500000000001,Lentil,,,,,,1589.7600000000002,30.910000000000082
997,streatham,STREATHAM_S3_P1234_R3,2024,2,215.5,867.2489583333333,Lentil,,,,,,1455.19713248,372.4481741466666
998,streatham,STREATHAM_S10_P2121_R3,2023,1,257.0,1090.88,Lentil,,,,,,1113.28,-234.60000000000014
999,streatham,STREATHAM_S10_P2121_R3,2024,2,215.5,819.9151902173915,Lentil,,,,,,1402.8388217547,367.42363153730844
1000,streatham,STREATHAM_S11_P0000_R7,2023,1,292.5,1225.4225,Lentil,,,,,,1432.86,-85.0625
1001,streatham,STREATHAM_S9.2_P2121_R2,2023,1,296.0,1399.8675999999998,Lentil,,,,,,1560.0,-135.8675999999998
1002,streatham,STREATHAM_S9.2_P2121_R2,2024,2,215.5,725.0014067028986,Lentil,,,,,,2056.8518515292,1116.350444826301
1003,streatham,STREATHAM_S6.1_P3123_R3,2023,1,296.0,1399.8675999999998,Lentil,,,,,,1845.44,149.57240000000024
1004,streatham,STREATHAM_S6.1_P3123_R3,2024,2,218.0,646.475,Lentil,,,,,,0.0,-864.475
1005,streatham,STREATHAM_S10_P2121_R2,2023,1,257.0,1090.88,Lentil,,,,,,1151.36,-196.5200000000002
1006,streatham,STREATHAM_S10_P2121_R2,2024,2,215.5,819.9151902173915,Lentil,,,,,,1598.5679011148,563.1527108974085
1007,streatham,STREATHAM_S7_P3412_R3,2023,1,307.0,1275.4,Lentil,,,,,,3644.08,2061.68
1008,streatham,STREATHAM_S7_P3412_R3,2024,2,215.5,879.586204710145,Lentil,,,,,,976.70250912,-118.38369559014507
1009,streatham,STREATHAM_S2.2_P4123_R1,2023,1,296.0,1399.8675999999998,Lentil,,,,,,1827.84,131.9724000000001
1010,streatham,STREATHAM_S2.2_P4123_R1,2024,2,240.0,836.633,Lentil,,,,,,1657.57575744,580.9427574399999
1011,streatham,STREATHAM_S9.1_P2121_R3,2023,1,296.0,1399.8675999999998,Lentil,,,,,,1607.36,-88.50759999999991
1012,streatham,STREATHAM_S9.1_P2121_R3,2024,2,207.0,654.1,Lentil,,,,,,2594.7580648,1733.6580648
1013,streatham,STREATHAM_S7_P2341_R3,2023,1,226.5,961.9,Lentil,,,,,,0.0,-1188.4
1014,streatham,STREATHAM_S7_P2341_R3,2024,2,215.5,815.4328278985507,Lentil,,,,,,1554.88351216,523.9506842614493
1015,streatham,STREATHAM_S13_P0000_R5,2023,1,226.5,961.9,Lentil,,,,,,0.0,-1188.4
1016,streatham,STREATHAM_S2.4_P1234_R1,2023,1,292.5,1266.3500000000001,Lentil,,,,,,1340.8200000000002,-218.02999999999997
1017,streatham,STREATHAM_S2.4_P1234_R1,2024,2,248.5,916.3794221014492,Lentil,,,,,,2587.65432112,1422.774899018551
1018,streatham,STREATHAM_S2.3_P3412_R3,2023,1,296.0,1414.8675999999998,Lentil,,,,,,1574.4,-136.46759999999972
1019,streatham,STREATHAM_S2.3_P3412_R3,2024,2,259.5,1015.9049786231884,Lentil,,,,,,1167.56272416,-107.8422544631884
1020,streatham,STREATHAM_S2.4_P2341_R1,2023,1,307.0,1315.4,Lentil,,,,,,3957.36,2334.96
1021,streatham,STREATHAM_S2.4_P2341_R1,2024,2,259.5,1141.533833695652,Lentil,,,,,,1036.1391696,-364.89466409565193
1022,streatham,STREATHAM_S1.2_P1212_R1,2023,1,307.0,1275.4,Lentil,,,,,,3839.44,2257.04
1023,streatham,STREATHAM_S1.2_P1212_R1,2024,2,240.0,861.0076,Lentil,,,,,,1051.40291808,-49.60468191999996
1024,streatham,STREATHAM_S8_P2312_R2,2023,1,307.0,1275.4,Lentil,,,,,,3954.72,2372.3199999999997
1025,streatham,STREATHAM_S8_P2312_R2,2024,2,215.5,889.8746394927537,Lentil,,,,,,905.05050496,-200.32413453275365
1026,streatham,STREATHAM_S9.2_P1212_R3,2023,1,276.5,1123.95,Lentil,,,,,,0.0,-1400.45
1027,streatham,STREATHAM_S9.2_P1212_R3,2024,2,215.5,877.973509057971,Lentil,,,,,,946.23655904,-147.23695001797103
1028,streatham,STREATHAM_S1.2_P1212_R2,2023,1,307.0,1275.4,Lentil,,,,,,3791.04,2208.64
1029,streatham,STREATHAM_S1.2_P1212_R2,2024,2,240.0,861.0076000000001,Lentil,,,,,,867.3400672,-233.66753280000012
1030,streatham,STREATHAM_S2.3_P1234_R2,2023,1,270.5,1200.1524999999997,Lentil,,,,,,1016.28,-454.3724999999997
1031,streatham,STREATHAM_S2.3_P1234_R2,2023,2,281.5,1000.5082771739131,Lentil,,,,,,2239.5061726400004,957.4978954660872
1032,streatham,STREATHAM_S9.1_P1212_R3,2023,1,259.5,1073.95,Lentil,,,,,,4224.0,2890.55
1033,streatham,STREATHAM_S9.1_P1212_R3,2024,2,215.5,876.8992771739131,Lentil,,,,,,1013.44086016,-78.95841701391305
1034,streatham,STREATHAM_S2.1_P4123_R2,2023,1,296.0,1352.3675999999998,Lentil,,,,,,1444.48,-203.8875999999998
1035,streatham,STREATHAM_S2.1_P4123_R2,2024,2,240.0,836.633,Lentil,,,,,,1527.27272712,450.63972711999986
1036,streatham,STREATHAM_S2.1_P3412_R2,2023,1,296.0,1352.3675999999998,Lentil,,,,,,1817.92,169.55240000000026
1037,streatham,STREATHAM_S2.1_P3412_R2,2024,2,259.5,1084.7268101449276,Lentil,,,,,,1454.5454544,110.31864425507229
1038,streatham,STREATHAM_S2.2_P3412_R2,2023,1,296.0,1399.8675999999998,Lentil,,,,,,1783.36,87.49240000000009
1039,streatham,STREATHAM_S2.2_P3412_R2,2024,2,259.5,1105.4593119565218,Lentil,,,,,,934.68013472,-430.27917723652183
1040,streatham,STREATHAM_S12_P0000_R2,2023,1,296.0,1399.8675999999998,Lentil,,,,,,1632.64,-63.22759999999971
1041,streatham,STREATHAM_S2.1_P1234_R1,2023,1,292.5,1266.3500000000001,Lentil,,,,,,1370.52,-188.33000000000015
1042,streatham,STREATHAM_S2.1_P1234_R1,2024,2,248.5,825.027963768116,Lentil,,,,,,2725.92592624,1652.397962471884
1043,streatham,STREATHAM_S9.1_P2121_R1,2023,1,296.0,1399.8675999999998,Lentil,,,,,,1985.28,289.41240000000016
1044,streatham,STREATHAM_S9.1_P2121_R1,2024,2,207.0,654.1,Lentil,,,,,,1830.4074076794,969.3074076794
1045,streatham,STREATHAM_S2.4_P3412_R1,2023,1,296.0,1442.3675999999998,Lentil,,,,,,1784.32,45.952400000000125
1046,streatham,STREATHAM_S2.4_P3412_R1,2024,2,259.5,1111.9089351449275,Lentil,,,,,,685.9708191999999,-685.4381159449275
1047,hart,HART_S6_P1234_R2,2023,1,204.5,222.5193,Lentil,,,,,,1012.5,585.4807000000001
1048,hart,HART_S6_P1234_R2,2024,2,210.5,235.51600000000002,Lentil,,,,,,4.4,-441.616
1049,hart,HART_S4.2_P4123_R2,2023,1,202.0,235.75835,Lentil,,,,,,1007.75,569.9916499999999
1050,hart,HART_S4.2_P4123_R2,2024,2,193.5,242.32440000000003,Lentil,,,,,,538.5,102.67559999999997
1051,hart,HART_S3_P3412_R3,2023,1,204.5,222.5193,Lentil,,,,,,1017.0,589.9807000000001
1052,hart,HART_S3_P3412_R3,2024,2,202.0,155.85440000000003,Lentil,,,,,,561.4399999999999,203.5855999999999
1053,hart,HART_S1.3_P2312_R3,2023,1,202.0,259.75834999999995,Lentil,,,,,,995.84,534.0816500000001
1054,hart,HART_S1.3_P2312_R3,2024,2,202.0,230.85440000000003,Lentil,,,,,,351.48,-81.37440000000001
1055,hart,HART_S10.3_P1231_R2,2023,1,204.5,227.7693,Lentil,,,,,,1003.74,571.4707000000001
1056,hart,HART_S10.3_P1231_R2,2024,2,202.0,232.17947586,Lentil,,,,,,282.56,-151.61947586
1057,hart,HART_S1.2_P2312_R1,2023,1,202.0,246.75835,Lentil,,,,,,1040.0,591.2416499999999
1058,hart,HART_S1.2_P2312_R1,2024,2,202.0,180.720449485,Lentil,,,,,,75.97999999999999,-306.740449485
1059,hart,HART_S4.1_P3412_R3,2023,1,213.0,215.00179999999997,Lentil,,,,,,616.88,188.87820000000002
1060,hart,HART_S4.1_P3412_R3,2024,2,202.0,204.75806106500002,Lentil,,,,,,156.01999999999998,-250.73806106500004
1061,hart,HART_S1.1_P2312_R2,2023,1,202.0,246.75835,Lentil,,,,,,954.88,506.12165
1062,hart,HART_S1.1_P2312_R2,2024,2,202.0,205.85439999999997,Lentil,,,,,,363.08,-44.774399999999986
1063,hart,HART_S5_P0000_R2,2023,1,204.5,222.5193,Lentil,,,,,,1260.0,832.9807000000001
1064,hart,HART_S5_P0000_R2,2024,2,193.5,238.44439999999997,Lentil,,,,,,0.0,-431.9444
1065,hart,HART_S2.2_P0000_R3,2023,1,202.0,264.25835,Lentil,,,,,,1260.16,793.90165
1066,hart,HART_S2.2_P0000_R3,2024,2,202.0,182.41727117500002,Lentil,,,,,,323.408,-61.00927117500001
1067,hart,HART_S10.1_P1231_R1,2023,1,204.5,227.7693,Lentil,,,,,,947.1,514.8307
1068,hart,HART_S10.1_P1231_R1,2024,2,202.0,228.395073865,Lentil,,,,,,371.2,-59.19507386500001
1069,hart,HART_S7_P4123_R3,2023,1,202.0,235.75835,Lentil,,,,,,1099.6799999999998,661.9216499999998
1070,hart,HART_S7_P4123_R3,2024,2,193.5,242.32439999999997,Lentil,,,,,,506.25,70.42560000000003
1071,hart,HART_S3_P4123_R3,2023,1,202.0,235.75834999999998,Lentil,,,,,,1148.6899999999998,710.9316499999999
1072,hart,HART_S3_P4123_R3,2024,2,193.5,242.32440000000003,Lentil,,,,,,270.0,-165.82440000000003
1073,hart,HART_S3_P1234_R1,2023,1,204.5,222.5193,Lentil,,,,,,1136.25,709.2307000000001
1074,hart,HART_S3_P1234_R1,2024,2,202.0,216.27188242000003,Lentil,,,,,,578.24,159.96811757999998
1075,hart,HART_S3_P3412_R1,2023,1,204.5,222.5193,Lentil,,,,,,1205.25,778.2307000000001
1076,hart,HART_S3_P3412_R1,2024,2,202.0,155.85440000000003,Lentil,,,,,,746.17,388.3155999999999
1077,hart,HART_S8_P3412_R3,2023,1,202.0,235.75835,Lentil,,,,,,1154.78,717.0216499999999
1078,hart,HART_S8_P3412_R3,2024,2,202.0,256.61117314999996,Lentil,,,,,,431.36,-27.251173149999943
1079,hart,HART_S7_P2341_R3,2023,1,204.5,209.9862,Lentil,,,,,,790.152,375.66580000000005
1080,hart,HART_S7_P2341_R3,2024,2,202.0,229.628198315,Lentil,,,,,,664.96,233.33180168500004
1081,hart,HART_S8_P3412_R1,2023,1,202.0,235.75835,Lentil,,,,,,1028.63,590.87165
1082,hart,HART_S8_P3412_R1,2024,2,202.0,256.61117314999996,Lentil,,,,,,545.92,87.30882685
1083,hart,HART_S10.2_P2312_R3,2023,1,202.0,218.75835,Lentil,,,,,,921.92,501.16164999999995
1084,hart,HART_S10.2_P2312_R3,2024,2,202.0,181.97245029500002,Lentil,,,,,,498.8,114.827549705
1085,hart,HART_S9_P3412_R2,2023,1,202.0,246.75834999999998,Lentil,,,,,,782.72,333.9616500000001
1086,hart,HART_S9_P3412_R2,2024,2,202.0,220.68351425,Lentil,,,,,,394.11,-28.573514249999988
1087,hart,HART_S4.3_P3412_R3,2023,1,213.0,249.5018,Lentil,,,,,,495.44,32.938199999999995
1088,hart,HART_S4.3_P3412_R3,2024,2,202.0,205.27791397000001,Lentil,,,,,,93.09,-314.18791397
1089,hart,HART_S4.3_P2341_R1,2023,1,202.0,259.75834999999995,Lentil,,,,,,833.6,371.8416500000001
1090,hart,HART_S4.3_P2341_R1,2024,2,210.5,274.07172099999997,Lentil,,,,,,341.44,-143.13172099999997
1091,hart,HART_S2.3_P0000_R3,2023,1,202.0,285.75834999999995,Lentil,,,,,,1185.92,698.1616500000001
1092,hart,HART_S2.3_P0000_R3,2024,2,202.0,182.76499213000002,Lentil,,,,,,350.523,-34.24199213
1093,hart,HART_S3_P2341_R1,2023,1,202.0,246.75835,Lentil,,,,,,997.44,548.68165
1094,hart,HART_S3_P2341_R1,2024,2,193.5,242.32440000000003,Lentil,,,,,,543.0,107.17559999999997
1095,hart,HART_S1.1_P1231_R1,2023,1,204.5,222.5193,Lentil,,,,,,1453.5,1026.4807
1096,hart,HART_S1.1_P1231_R1,2024,2,202.0,223.052,Lentil,,,,,,428.16,3.1080000000000325
1097,hart,HART_S6_P4123_R3,2023,1,202.0,235.75834999999998,Lentil,,,,,,1175.37,737.6116499999999
1098,hart,HART_S6_P4123_R3,2024,2,193.5,242.32440000000003,Lentil,,,,,,442.5,6.675599999999974
1099,hart,HART_S7_P4123_R1,2023,1,202.0,235.75835,Lentil,,,,,,1300.07,862.3116499999999
1100,hart,HART_S7_P4123_R1,2024,2,193.5,242.32439999999997,Lentil,,,,,,423.75,-12.074399999999969
1101,hart,HART_S10.2_P1231_R3,2023,1,204.5,227.7693,Lentil,,,,,,1010.0,577.7307000000001
1102,hart,HART_S10.2_P1231_R3,2024,2,202.0,250.74418625,Lentil,,,,,,261.76,-190.98418625000002
1103,hart,HART_S7_P2341_R2,2023,1,204.5,209.9862,Lentil,,,,,,713.482,298.9958
1104,hart,HART_S7_P2341_R2,2024,2,202.0,229.628198315,Lentil,,,,,,517.76,86.131801685
1105,hart,HART_S1.3_P3123_R1,2023,1,202.0,258.75835,Lentil,,,,,,1056.76,596.0016499999999
1106,hart,HART_S1.3_P3123_R1,2024,2,193.5,242.32440000000003,Lentil,,,,,,506.25,70.42559999999997
1107,hart,HART_S9_P3412_R3,2023,1,202.0,246.75835,Lentil,,,,,,977.6,528.8416500000001
1108,hart,HART_S9_P3412_R3,2024,2,202.0,220.68351425,Lentil,,,,,,314.36,-108.32351424999999
1109,hart,HART_S1.2_P1231_R2,2023,1,204.5,222.5193,Lentil,,,,,,1206.0,778.9807000000001
1110,hart,HART_S1.2_P1231_R2,2024,2,202.0,202.61067411000002,Lentil,,,,,,701.76,297.14932589
1111,hart,HART_S4.3_P1234_R3,2023,1,204.5,222.5193,Lentil,,,,,,1339.5,912.4807000000001
1112,hart,HART_S4.3_P1234_R3,2024,2,202.0,255.72250499999998,Lentil,,,,,,762.24,304.51749500000005
1113,hart,HART_S1.2_P3123_R3,2023,1,202.0,235.75835,Lentil,,,,,,1159.13,721.37165
1114,hart,HART_S1.2_P3123_R3,2024,2,193.5,242.32440000000003,Lentil,,,,,,606.0,170.17559999999997
1115,hart,HART_S1.2_P3123_R1,2023,1,202.0,235.75835,Lentil,,,,,,1294.27,856.5116499999999
1116,hart,HART_S1.2_P3123_R1,2024,2,193.5,242.32439999999997,Lentil,,,,,,28.5,-407.32439999999997
1117,hart,HART_S9_P2341_R2,2023,1,213.0,236.5018,Lentil,,,,,,410.08,-39.42180000000002
1118,hart,HART_S9_P2341_R2,2024,2,202.0,221.59511175000003,Lentil,,,,,,209.28,-214.31511175000003
1119,hart,HART_S1.3_P1231_R1,2023,1,204.5,222.5193,Lentil,,,,,,1152.0,724.9807000000001
1120,hart,HART_S1.3_P1231_R1,2024,2,202.0,243.052,Lentil,,,,,,72.64,-372.41200000000003
1121,hart,HART_S4.1_P4123_R3,2023,1,202.0,209.25835,Lentil,,,,,,1003.4,592.14165
1122,hart,HART_S4.1_P4123_R3,2024,2,193.5,242.32440000000003,Lentil,,,,,,497.25,61.425599999999974
1123,hart,HART_S7_P3412_R3,2023,1,202.0,246.75834999999998,Lentil,,,,,,1048.0,599.24165
1124,hart,HART_S7_P3412_R3,2024,2,202.0,214.90329390000002,Lentil,,,,,,505.18,88.27670609999998
1125,hart,HART_S4.1_P2341_R2,2023,1,202.0,225.25835,Lentil,,,,,,859.84,432.58165
1126,hart,HART_S4.1_P2341_R2,2024,2,210.5,254.733718125,Lentil,,,,,,60.72,-404.51371812499997
1127,hart,HART_S4.1_P4123_R2,2023,1,202.0,209.25834999999998,Lentil,,,,,,930.61,519.3516500000001
1128,hart,HART_S4.1_P4123_R2,2024,2,193.5,242.32440000000003,Lentil,,,,,,766.5,330.6756
1129,hart,HART_S5_P0000_R5,2023,1,204.5,222.5193,Lentil,,,,,,1233.0,805.9807000000001
1130,hart,HART_S5_P0000_R5,2024,2,193.5,238.44439999999997,Lentil,,,,,,0.0,-431.9444
1131,hart,HART_S5_P0000_R6,2023,1,204.5,222.5193,Lentil,,,,,,1546.5,1119.4807
1132,hart,HART_S5_P0000_R6,2024,2,193.5,238.44439999999997,Lentil,,,,,,0.0,-431.9444
1133,hart,HART_S6_P3412_R3,2023,1,202.0,246.75834999999998,Lentil,,,,,,826.88,378.12165000000005
1134,hart,HART_S6_P3412_R3,2024,2,202.0,171.85777473,Lentil,,,,,,513.5899999999999,139.73222526999993
1135,hart,HART_S4.2_P2341_R2,2023,1,202.0,246.75835,Lentil,,,,,,758.08,309.32165000000003
1136,hart,HART_S4.2_P2341_R2,2024,2,210.5,237.424870683,Lentil,,,,,,66.0,-381.924870683
1137,hart,HART_S4.2_P3412_R3,2023,1,213.0,236.50179999999997,Lentil,,,,,,270.16,-179.34179999999995
1138,hart,HART_S4.2_P3412_R3,2024,2,202.0,179.28229034,Lentil,,,,,,50.46,-330.82229034
1139,hart,HART_S5_P0000_R1,2023,1,204.5,222.5193,Lentil,,,,,,1376.25,949.2307000000001
1140,hart,HART_S5_P0000_R1,2024,2,193.5,238.44439999999997,Lentil,,,,,,0.0,-431.9444
1141,hart,HART_S1.1_P2312_R1,2023,1,202.0,246.75835,Lentil,,,,,,1064.64,615.88165
1142,hart,HART_S1.1_P2312_R1,2024,2,202.0,205.85440000000003,Lentil,,,,,,197.78,-210.07440000000003
1143,hart,HART_S9_P4123_R1,2023,1,202.0,235.75835,Lentil,,,,,,1073.0,635.2416499999999
1144,hart,HART_S9_P4123_R1,2024,2,182.5,139.03,Lentil,,,,,,0.0,-321.53
1145,hart,HART_S4.3_P3412_R1,2023,1,213.0,249.5018,Lentil,,,,,,508.64,46.13819999999998
1146,hart,HART_S4.3_P3412_R1,2024,2,202.0,205.27791397000001,Lentil,,,,,,19.43,-387.84791397000004
1147,hart,HART_S1.3_P2312_R1,2023,1,202.0,259.75835,Lentil,,,,,,1113.6,651.8416499999998
1148,hart,HART_S1.3_P2312_R1,2024,2,202.0,230.85439999999997,Lentil,,,,,,39.15,-393.70439999999996
1149,hart,HART_S9_P4123_R3,2023,1,202.0,235.75835,Lentil,,,,,,1246.7099999999998,808.9516499999997
1150,hart,HART_S9_P4123_R3,2024,2,182.5,139.03,Lentil,,,,,,0.0,-321.53
1151,hart,HART_S10.2_P3123_R3,2023,1,202.0,213.25835,Lentil,,,,,,1224.38,809.12165
1152,hart,HART_S10.2_P3123_R3,2024,2,191.0,226.42584117,Lentil,,,,,,229.27,-188.15584117
1153,hart,HART_S4.3_P2341_R2,2023,1,202.0,259.75834999999995,Lentil,,,,,,833.6,371.8416500000001
1154,hart,HART_S4.3_P2341_R2,2024,2,210.5,274.07172099999997,Lentil,,,,,,21.12,-463.45172099999996
1155,hart,HART_S3_P4123_R1,2023,1,202.0,235.75834999999998,Lentil,,,,,,1000.21,562.4516500000001
1156,hart,HART_S3_P4123_R1,2024,2,193.5,242.32440000000003,Lentil,,,,,,484.5,48.675599999999974
1157,hart,HART_S7_P3412_R2,2023,1,202.0,246.75834999999998,Lentil,,,,,,902.4,453.64165
1158,hart,HART_S7_P3412_R2,2024,2,202.0,214.90329390000002,Lentil,,,,,,212.28,-204.62329390000002
1159,hart,HART_S10.3_P2312_R1,2023,1,202.0,246.75835,Lentil,,,,,,895.6800000000001,446.92165000000006
1160,hart,HART_S10.3_P2312_R1,2024,2,202.0,194.978155215,Lentil,,,,,,400.2,3.221844785000002
1161,hart,HART_S5_P0000_R3,2023,1,204.5,222.5193,Lentil,,,,,,1136.25,709.2307000000001
1162,hart,HART_S5_P0000_R3,2024,2,193.5,238.44439999999997,Lentil,,,,,,0.0,-431.9444
1163,hart,HART_S1.1_P3123_R2,2023,1,202.0,235.75834999999998,Lentil,,,,,,1062.56,624.80165
1164,hart,HART_S1.1_P3123_R2,2024,2,193.5,242.32440000000003,Lentil,,,,,,0.0,-435.8244
1165,hart,HART_S6_P2341_R1,2023,1,213.0,236.50179999999997,Lentil,,,,,,440.0,-9.501799999999974
1166,hart,HART_S6_P2341_R1,2024,2,202.0,189.60315159,Lentil,,,,,,218.24,-173.36315159
1167,hart,HART_S10.1_P2312_R1,2023,1,193.5,190.25835,Lentil,,,,,,832.0,448.24165
1168,hart,HART_S10.1_P2312_R1,2024,2,202.0,193.16680829999999,Lentil,,,,,,461.39,66.2231917
1169,hart,HART_S2.3_P0000_R2,2023,1,202.0,285.75834999999995,Lentil,,,,,,1195.84,708.08165
1170,hart,HART_S2.3_P0000_R2,2024,2,202.0,182.76499213000002,Lentil,,,,,,215.615,-169.14999213000002
1171,hart,HART_S4.3_P4123_R2,2023,1,202.0,258.75835,Lentil,,,,,,978.17,517.41165
1172,hart,HART_S4.3_P4123_R2,2024,2,193.5,242.32440000000003,Lentil,,,,,,595.5,159.67559999999997
1173,hart,HART_S4.1_P1234_R3,2023,1,204.5,222.5193,Lentil,,,,,,1312.5,885.4807000000001
1174,hart,HART_S4.1_P1234_R3,2024,2,202.0,214.75948176,Lentil,,,,,,706.88,290.12051824
1175,hart,HART_S4.1_P1234_R1,2023,1,204.5,222.5193,Lentil,,,,,,1201.5,774.4807000000001
1176,hart,HART_S4.1_P1234_R1,2024,2,202.0,214.75948176,Lentil,,,,,,553.92,137.16051823999996
1177,hart,HART_S4.2_P4123_R3,2023,1,202.0,235.75835,Lentil,,,,,,1159.13,721.37165
1178,hart,HART_S4.2_P4123_R3,2024,2,193.5,242.32440000000003,Lentil,,,,,,596.25,160.42559999999997
1179,hart,HART_S7_P2341_R1,2023,1,204.5,209.9862,Lentil,,,,,,664.774,250.2878
1180,hart,HART_S7_P2341_R1,2024,2,202.0,229.628198315,Lentil,,,,,,628.16,196.53180168499998
1181,hart,HART_S7_P4123_R2,2023,1,202.0,235.75834999999998,Lentil,,,,,,937.86,500.10165000000006
1182,hart,HART_S7_P4123_R2,2024,2,193.5,242.32440000000003,Lentil,,,,,,582.0,146.17559999999997
1183,hart,HART_S10.3_P3123_R2,2023,1,202.0,235.75835,Lentil,,,,,,945.4,507.64164999999997
1184,hart,HART_S10.3_P3123_R2,2024,2,191.0,247.12695128,Lentil,,,,,,464.33,26.203048719999998
1185,hart,HART_S9_P3412_R1,2023,1,202.0,246.75835,Lentil,,,,,,1049.6,600.8416499999998
1186,hart,HART_S9_P3412_R1,2024,2,202.0,220.68351425,Lentil,,,,,,116.29,-306.39351425
1187,hart,HART_S10.3_P1231_R1,2023,1,204.5,227.7693,Lentil,,,,,,1098.69,666.4207000000001
1188,hart,HART_S10.3_P1231_R1,2024,2,202.0,232.17947586,Lentil,,,,,,294.40000000000003,-139.77947585999996
1189,hart,HART_S3_P1234_R3,2023,1,204.5,222.5193,Lentil,,,,,,1297.5,870.4807000000001
1190,hart,HART_S3_P1234_R3,2024,2,202.0,216.27188242000003,Lentil,,,,,,367.68,-50.59188242000002
1191,hart,HART_S10.1_P2312_R2,2023,1,193.5,190.25835,Lentil,,,,,,899.2,515.44165
1192,hart,HART_S10.1_P2312_R2,2024,2,202.0,193.16680829999999,Lentil,,,,,,229.39,-165.7768083
1193,hart,HART_S4.2_P1234_R3,2023,1,204.5,222.5193,Lentil,,,,,,1443.0,1015.9807000000001
1194,hart,HART_S4.2_P1234_R3,2024,2,202.0,223.82467649999998,Lentil,,,,,,641.92,216.09532349999998
1195,hart,HART_S9_P1234_R3,2023,1,204.5,235.9362,Lentil,,,,,,0.0,-440.4362
1196,hart,HART_S9_P1234_R3,2024,2,210.5,235.51599999999996,Lentil,,,,,,296.56,-149.45599999999996
1197,hart,HART_S10.3_P3123_R3,2023,1,202.0,235.75835,Lentil,,,,,,948.3,510.54164999999995
1198,hart,HART_S10.3_P3123_R3,2024,2,191.0,247.12695128,Lentil,,,,,,610.7,172.57304872000006
1199,hart,HART_S8_P2341_R3,2023,1,202.0,246.75834999999998,Lentil,,,,,,1094.08,645.32165
1200,hart,HART_S8_P2341_R3,2024,2,202.0,198.84890383,Lentil,,,,,,0.0,-400.84890383000004
1201,hart,HART_S8_P4123_R3,2023,1,202.0,246.75835,Lentil,,,,,,1115.2,666.44165
1202,hart,HART_S8_P4123_R3,2024,2,193.5,242.32440000000003,Lentil,,,,,,515.25,79.42559999999997
1203,hart,HART_S7_P3412_R1,2023,1,202.0,246.75835,Lentil,,,,,,1211.84,763.0816499999999
1204,hart,HART_S7_P3412_R1,2024,2,202.0,214.90329390000002,Lentil,,,,,,70.75999999999999,-346.1432939
1205,hart,HART_S9_P2341_R1,2023,1,213.0,236.50179999999997,Lentil,,,,,,693.44,243.93820000000008
1206,hart,HART_S9_P2341_R1,2024,2,202.0,221.59511175000003,Lentil,,,,,,292.8,-130.79511175000002
1207,hart,HART_S10.2_P2312_R2,2023,1,202.0,218.75835,Lentil,,,,,,912.32,491.56165000000004
1208,hart,HART_S10.2_P2312_R2,2024,2,202.0,181.97245029500002,Lentil,,,,,,323.35,-60.62245029499999
1209,hart,HART_S4.2_P1234_R2,2023,1,204.5,222.5193,Lentil,,,,,,875.25,448.2307
1210,hart,HART_S4.2_P1234_R2,2024,2,202.0,223.82467649999998,Lentil,,,,,,440.96,15.135323499999998
1211,hart,HART_S10.2_P2312_R1,2023,1,202.0,218.75835,Lentil,,,,,,1208.64,787.88165
1212,hart,HART_S10.2_P2312_R1,2024,2,202.0,181.97245029500002,Lentil,,,,,,61.77,-322.202450295
1213,hart,HART_S10.2_P3123_R1,2023,1,202.0,213.25835,Lentil,,,,,,1283.83,868.5716499999999
1214,hart,HART_S10.2_P3123_R1,2024,2,191.0,226.42584116999998,Lentil,,,,,,380.15,-37.27584117000001
1215,hart,HART_S4.3_P4123_R1,2023,1,202.0,258.75834999999995,Lentil,,,,,,1261.5,800.74165
1216,hart,HART_S4.3_P4123_R1,2024,2,193.5,242.32440000000003,Lentil,,,,,,311.25,-124.57440000000003
1217,hart,HART_S1.2_P1231_R1,2023,1,204.5,222.5193,Lentil,,,,,,927.75,500.7307
1218,hart,HART_S1.2_P1231_R1,2024,2,202.0,202.61067411000002,Lentil,,,,,,668.48,263.86932589
1219,hart,HART_S10.2_P1231_R2,2023,1,204.5,227.7693,Lentil,,,,,,986.69,554.4207000000001
1220,hart,HART_S10.2_P1231_R2,2024,2,202.0,250.74418625,Lentil,,,,,,444.8,-7.944186250000001
1221,hart,HART_S1.2_P2312_R2,2023,1,202.0,246.75835,Lentil,,,,,,918.72,469.96165
1222,hart,HART_S1.2_P2312_R2,2024,2,202.0,180.720449485,Lentil,,,,,,147.89999999999998,-234.820449485
1223,hart,HART_S1.1_P1231_R2,2023,1,204.5,222.5193,Lentil,,,,,,989.25,562.2307000000001
1224,hart,HART_S1.1_P1231_R2,2024,2,202.0,223.052,Lentil,,,,,,587.2,162.14800000000005
1225,hart,HART_S4.2_P2341_R1,2023,1,202.0,246.75834999999998,Lentil,,,,,,805.76,357.00165000000004
1226,hart,HART_S4.2_P2341_R1,2024,2,210.5,237.424870683,Lentil,,,,,,170.72,-277.20487068299997
1227,hart,HART_S6_P3412_R1,2023,1,202.0,246.75834999999998,Lentil,,,,,,1149.76,701.00165
1228,hart,HART_S6_P3412_R1,2024,2,202.0,171.85777473,Lentil,,,,,,252.3,-121.55777472999998
1229,hart,HART_S8_P1234_R2,2023,1,204.5,222.5193,Lentil,,,,,,1074.75,647.7307000000001
1230,hart,HART_S8_P1234_R2,2024,2,202.0,214.29387340500003,Lentil,,,,,,677.12,260.826126595
1231,hart,HART_S1.3_P3123_R3,2023,1,202.0,258.75835,Lentil,,,,,,1211.04,750.2816499999999
1232,hart,HART_S1.3_P3123_R3,2024,2,193.5,242.32439999999997,Lentil,,,,,,417.75,-18.07439999999997
1233,hart,HART_S1.2_P3123_R2,2023,1,202.0,235.75834999999998,Lentil,,,,,,978.17,540.41165
1234,hart,HART_S1.2_P3123_R2,2024,2,193.5,242.32440000000003,Lentil,,,,,,442.5,6.675599999999974
1235,hart,HART_S6_P3412_R2,2023,1,202.0,246.75835,Lentil,,,,,,953.28,504.52164999999997
1236,hart,HART_S6_P3412_R2,2024,2,202.0,171.85777473,Lentil,,,,,,290.0,-83.85777472999999
1237,hart,HART_S4.1_P2341_R1,2023,1,202.0,225.25834999999998,Lentil,,,,,,876.16,448.90165
1238,hart,HART_S4.1_P2341_R1,2024,2,210.5,254.733718125,Lentil,,,,,,125.84,-339.39371812499996
1239,hart,HART_S2.2_P0000_R1,2023,1,202.0,264.25834999999995,Lentil,,,,,,1154.56,688.30165
1240,hart,HART_S2.2_P0000_R1,2024,2,202.0,182.41727117500002,Lentil,,,,,,429.316,44.89872882499995
1241,hart,HART_S4.2_P4123_R1,2023,1,202.0,235.75835,Lentil,,,,,,973.53,535.7716499999999
1242,hart,HART_S4.2_P4123_R1,2024,2,193.5,242.32440000000003,Lentil,,,,,,564.75,128.92559999999997
1243,hart,HART_S1.1_P2312_R3,2023,1,202.0,246.75835,Lentil,,,,,,907.2,458.44165000000004
1244,hart,HART_S1.1_P2312_R3,2024,2,202.0,205.85440000000003,Lentil,,,,,,205.9,-201.95440000000002
1245,hart,HART_S3_P1234_R2,2023,1,204.5,222.5193,Lentil,,,,,,982.5,555.4807000000001
1246,hart,HART_S3_P1234_R2,2024,2,202.0,216.27188242000003,Lentil,,,,,,544.0,125.72811757999997
1247,hart,HART_S4.3_P4123_R3,2023,1,202.0,258.75835000000006,Lentil,,,,,,1111.57,650.8116499999999
1248,hart,HART_S4.3_P4123_R3,2024,2,193.5,242.32440000000003,Lentil,,,,,,916.5,480.6756
1249,hart,HART_S10.3_P1231_R3,2023,1,204.5,227.7693,Lentil,,,,,,1141.54,709.2707
1250,hart,HART_S10.3_P1231_R3,2024,2,202.0,232.17947586,Lentil,,,,,,356.8,-77.37947585999999
1251,hart,HART_S7_P1234_R3,2023,1,204.5,222.5193,Lentil,,,,,,1314.0,886.9807000000001
1252,hart,HART_S7_P1234_R3,2024,2,193.5,229.7944,Lentil,,,,,,427.999,4.704600000000028
1253,hart,HART_S10.3_P2312_R2,2023,1,202.0,246.75835,Lentil,,,,,,959.68,510.92164999999994
1254,hart,HART_S10.3_P2312_R2,2024,2,202.0,194.978155215,Lentil,,,,,,461.1,64.12184478500004
1255,hart,HART_S6_P4123_R2,2023,1,202.0,235.75835,Lentil,,,,,,1053.86,616.1016499999998
1256,hart,HART_S6_P4123_R2,2024,2,193.5,242.32440000000003,Lentil,,,,,,599.25,163.42559999999997
1257,hart,HART_S10.2_P3123_R2,2023,1,202.0,213.25835,Lentil,,,,,,970.63,555.37165
1258,hart,HART_S10.2_P3123_R2,2024,2,191.0,226.42584116999998,Lentil,,,,,,571.48,154.05415883000003
1259,hart,HART_S1.3_P1231_R3,2023,1,204.5,222.5193,Lentil,,,,,,935.25,508.2307
1260,hart,HART_S1.3_P1231_R3,2024,2,202.0,243.052,Lentil,,,,,,513.6,68.54800000000003
1261,hart,HART_S2.1_P0000_R3,2023,1,202.0,238.25834999999998,Lentil,,,,,,1388.8,948.54165
1262,hart,HART_S2.1_P0000_R3,2024,2,202.0,183.213910535,Lentil,,,,,,468.408,83.19408946500002
1263,hart,HART_S2.1_P0000_R2,2023,1,202.0,238.25834999999998,Lentil,,,,,,1001.28,561.02165
1264,hart,HART_S2.1_P0000_R2,2024,2,202.0,183.213910535,Lentil,,,,,,597.661,212.44708946499995
1265,hart,HART_S10.2_P1231_R1,2023,1,204.5,227.7693,Lentil,,,,,,1091.47,659.2007000000001
1266,hart,HART_S10.2_P1231_R1,2024,2,202.0,250.74418625,Lentil,,,,,,332.16,-120.58418624999999
1267,hart,HART_S6_P1234_R1,2023,1,204.5,222.5193,Lentil,,,,,,1071.0,643.9807000000001
1268,hart,HART_S6_P1234_R1,2024,2,210.5,235.51600000000002,Lentil,,,,,,492.8,46.78399999999999
1269,hart,HART_S8_P4123_R1,2023,1,202.0,246.75835,Lentil,,,,,,1082.56,633.8016499999999
1270,hart,HART_S8_P4123_R1,2024,2,193.5,242.32440000000003,Lentil,,,,,,506.25,70.42559999999997
1271,hart,HART_S10.3_P3123_R1,2023,1,202.0,235.75835,Lentil,,,,,,1252.51,814.7516499999999
1272,hart,HART_S10.3_P3123_R1,2024,2,191.0,247.12695128,Lentil,,,,,,306.24,-131.88695127999998
1273,hart,HART_S2.3_P0000_R1,2023,1,202.0,285.75835,Lentil,,,,,,1416.96,929.20165
1274,hart,HART_S2.3_P0000_R1,2024,2,202.0,182.76499213000002,Lentil,,,,,,118.52299999999998,-266.24199213
1275,hart,HART_S1.3_P3123_R2,2023,1,202.0,258.75835,Lentil,,,,,,914.37,453.61165
1276,hart,HART_S1.3_P3123_R2,2024,2,193.5,242.32440000000003,Lentil,,,,,,509.25,73.42559999999997
1277,hart,HART_S6_P2341_R2,2023,1,213.0,236.50179999999997,Lentil,,,,,,557.92,108.41819999999998
1278,hart,HART_S6_P2341_R2,2024,2,202.0,189.60315159,Lentil,,,,,,162.88,-228.72315159000001
1279,hart,HART_S4.3_P2341_R3,2023,1,202.0,259.75834999999995,Lentil,,,,,,1072.64,610.8816500000001
1280,hart,HART_S4.3_P2341_R3,2024,2,210.5,274.071721,Lentil,,,,,,54.56,-430.011721
1281,hart,HART_S10.3_P2312_R3,2023,1,202.0,246.75835,Lentil,,,,,,1015.36,566.6016500000001
1282,hart,HART_S10.3_P2312_R3,2024,2,202.0,194.978155215,Lentil,,,,,,293.77,-103.208155215
1283,hart,HART_S1.3_P2312_R2,2023,1,202.0,259.75835,Lentil,,,,,,884.48,422.72165
1284,hart,HART_S1.3_P2312_R2,2024,2,202.0,230.85439999999997,Lentil,,,,,,203.58,-229.27439999999996
1285,hart,HART_S10.1_P3123_R3,2023,1,193.5,190.25835,Lentil,,,,,,1120.56,736.8016499999999
1286,hart,HART_S10.1_P3123_R3,2024,2,182.5,203.295,Lentil,,,,,,524.55,138.75499999999997
1287,hart,HART_S3_P4123_R2,2023,1,202.0,235.75835,Lentil,,,,,,958.74,520.98165
1288,hart,HART_S3_P4123_R2,2024,2,193.5,242.32440000000003,Lentil,,,,,,699.0,263.1756
1289,hart,HART_S4.3_P1234_R1,2023,1,204.5,222.5193,Lentil,,,,,,913.5,486.4807
1290,hart,HART_S4.3_P1234_R1,2024,2,202.0,255.72250499999998,Lentil,,,,,,553.6,95.87749500000004
1291,hart,HART_S4.1_P1234_R2,2023,1,204.5,222.5193,Lentil,,,,,,948.0,520.9807000000001
1292,hart,HART_S4.1_P1234_R2,2024,2,202.0,214.75948176,Lentil,,,,,,482.56,65.80051824
1293,hart,HART_S10.1_P3123_R1,2023,1,193.5,190.25835,Lentil,,,,,,1291.08,907.3216499999999
1294,hart,HART_S10.1_P3123_R1,2024,2,182.5,203.295,Lentil,,,,,,506.96,121.16499999999999
1295,hart,HART_S1.1_P1231_R3,2023,1,204.5,222.5193,Lentil,,,,,,1171.5,744.4807000000001
1296,hart,HART_S1.1_P1231_R3,2024,2,202.0,223.052,Lentil,,,,,,475.84,50.78799999999998
1297,hart,HART_S7_P1234_R1,2023,1,204.5,222.5193,Lentil,,,,,,1380.0,952.9807000000001
1298,hart,HART_S7_P1234_R1,2024,2,193.5,229.7944,Lentil,,,,,,260.678,-162.6164
1299,hart,HART_S5_P0000_R8,2023,1,204.5,222.5193,Lentil,,,,,,943.5,516.4807000000001
1300,hart,HART_S5_P0000_R8,2024,2,193.5,238.44439999999997,Lentil,,,,,,0.0,-431.9444
1301,hart,HART_S2.2_P0000_R2,2023,1,202.0,264.25834999999995,Lentil,,,,,,921.92,455.66165
1302,hart,HART_S2.2_P0000_R2,2024,2,202.0,182.41727117500002,Lentil,,,,,,489.23,104.812728825
1303,hart,HART_S10.1_P1231_R2,2023,1,204.5,227.7693,Lentil,,,,,,1211.41,779.1407000000002
1304,hart,HART_S10.1_P1231_R2,2024,2,202.0,228.395073865,Lentil,,,,,,307.52,-122.87507386500002
1305,hart,HART_S9_P1234_R2,2023,1,204.5,235.93619999999996,Lentil,,,,,,0.0,-440.4362
1306,hart,HART_S9_P1234_R2,2024,2,210.5,235.51599999999996,Lentil,,,,,,144.32,-301.69599999999997
1307,hart,HART_S4.1_P3412_R1,2023,1,213.0,215.0018,Lentil,,,,,,923.12,495.1182
1308,hart,HART_S4.1_P3412_R1,2024,2,202.0,204.75806106500002,Lentil,,,,,,4.06,-402.69806106500005
1309,hart,HART_S10.1_P1231_R3,2023,1,204.5,227.7693,Lentil,,,,,,1138.32,706.0507
1310,hart,HART_S10.1_P1231_R3,2024,2,202.0,228.395073865,Lentil,,,,,,272.0,-158.395073865
1311,hart,HART_S6_P4123_R1,2023,1,202.0,235.75834999999998,Lentil,,,,,,1298.62,860.8616499999999
1312,hart,HART_S6_P4123_R1,2024,2,193.5,242.32440000000003,Lentil,,,,,,368.25,-67.57440000000003
1313,hart,HART_S4.2_P2341_R3,2023,1,202.0,246.75835,Lentil,,,,,,1113.6,664.8416499999998
1314,hart,HART_S4.2_P2341_R3,2024,2,210.5,237.424870683,Lentil,,,,,,338.8,-109.12487068299998
1315,hart,HART_S4.2_P3412_R2,2023,1,213.0,236.5018,Lentil,,,,,,504.24,54.738200000000006
1316,hart,HART_S4.2_P3412_R2,2024,2,202.0,179.28229034,Lentil,,,,,,116.87,-264.41229034
1317,hart,HART_S4.1_P4123_R1,2023,1,202.0,209.25835,Lentil,,,,,,1035.88,624.62165
1318,hart,HART_S4.1_P4123_R1,2024,2,193.5,242.32439999999997,Lentil,,,,,,529.5,93.67560000000003
1319,hart,HART_S4.3_P1234_R2,2023,1,204.5,222.5193,Lentil,,,,,,1328.25,901.2307000000001
1320,hart,HART_S4.3_P1234_R2,2024,2,202.0,255.72250499999998,Lentil,,,,,,571.52,113.797495
1321,hart,HART_S8_P1234_R3,2023,1,204.5,222.5193,Lentil,,,,,,1055.25,628.2307000000001
1322,hart,HART_S8_P1234_R3,2024,2,202.0,214.29387340500003,Lentil,,,,,,602.88,186.58612659499997
1323,hart,HART_S10.1_P2312_R3,2023,1,193.5,190.25835,Lentil,,,,,,843.52,459.76165
1324,hart,HART_S10.1_P2312_R3,2024,2,202.0,193.16680829999999,Lentil,,,,,,320.16,-75.00680829999996
1325,hart,HART_S6_P2341_R3,2023,1,213.0,236.50179999999997,Lentil,,,,,,549.12,99.61820000000003
1326,hart,HART_S6_P2341_R3,2024,2,202.0,189.60315159,Lentil,,,,,,335.04,-56.56315158999999
1327,hart,HART_S3_P2341_R3,2023,1,202.0,246.75835,Lentil,,,,,,1015.36,566.6016500000001
1328,hart,HART_S3_P2341_R3,2024,2,193.5,242.32439999999997,Lentil,,,,,,727.5,291.67560000000003
1329,hart,HART_S10.1_P3123_R2,2023,1,193.5,190.25835,Lentil,,,,,,1016.74,632.98165
1330,hart,HART_S10.1_P3123_R2,2024,2,182.5,203.29500000000002,Lentil,,,,,,689.12,303.325
1331,hart,HART_S6_P1234_R3,2023,1,204.5,222.5193,Lentil,,,,,,1399.5,972.4807000000001
1332,hart,HART_S6_P1234_R3,2024,2,210.5,235.51599999999996,Lentil,,,,,,604.5600000000001,158.5440000000001
1333,hart,HART_S4.2_P3412_R1,2023,1,213.0,236.50179999999997,Lentil,,,,,,770.0,320.4982
1334,hart,HART_S4.2_P3412_R1,2024,2,202.0,179.28229034,Lentil,,,,,,49.59,-331.69229034
1335,hart,HART_S8_P1234_R1,2023,1,204.5,222.5193,Lentil,,,,,,955.5,528.4807000000001
1336,hart,HART_S8_P1234_R1,2024,2,202.0,214.29387340500003,Lentil,,,,,,597.76,181.46612659499996
1337,hart,HART_S1.3_P1231_R2,2023,1,204.5,222.5193,Lentil,,,,,,954.75,527.7307000000001
1338,hart,HART_S1.3_P1231_R2,2024,2,202.0,243.052,Lentil,,,,,,571.2,126.14800000000005
1339,hart,HART_S5_P0000_R9,2023,1,204.5,222.5193,Lentil,,,,,,908.25,481.2307
1340,hart,HART_S5_P0000_R9,2024,2,193.5,238.44439999999997,Lentil,,,,,,0.0,-431.9444
1341,hart,HART_S8_P4123_R2,2023,1,202.0,246.75834999999998,Lentil,,,,,,871.36,422.60165000000006
1342,hart,HART_S8_P4123_R2,2024,2,193.5,242.32440000000003,Lentil,,,,,,507.75,71.92559999999997
1343,hart,HART_S5_P0000_R4,2023,1,204.5,222.5193,Lentil,,,,,,1098.0,670.9807000000001
1344,hart,HART_S5_P0000_R4,2024,2,193.5,238.44439999999997,Lentil,,,,,,0.0,-431.9444
1345,hart,HART_S2.1_P0000_R1,2023,1,202.0,238.25835,Lentil,,,,,,1296.64,856.38165
1346,hart,HART_S2.1_P0000_R1,2024,2,202.0,183.213910535,Lentil,,,,,,61.161,-324.052910535
1347,hart,HART_S8_P2341_R2,2023,1,202.0,246.75835,Lentil,,,,,,825.28,376.52164999999997
1348,hart,HART_S8_P2341_R2,2024,2,202.0,198.84890383,Lentil,,,,,,210.25,-190.59890383
1349,hart,HART_S4.2_P1234_R1,2023,1,204.5,222.5193,Lentil,,,,,,1374.0,946.9807000000001
1350,hart,HART_S4.2_P1234_R1,2024,2,202.0,223.82467649999998,Lentil,,,,,,287.04,-138.78467649999996
1351,hart,HART_S4.1_P2341_R3,2023,1,202.0,225.25835,Lentil,,,,,,1051.52,624.2616499999999
1352,hart,HART_S4.1_P2341_R3,2024,2,210.5,254.733718125,Lentil,,,,,,98.56,-366.673718125
1353,hart,HART_S1.2_P1231_R3,2023,1,204.5,222.5193,Lentil,,,,,,1248.75,821.7307000000001
1354,hart,HART_S1.2_P1231_R3,2024,2,202.0,202.61067411000002,Lentil,,,,,,493.76,89.14932588999997
1355,hart,HART_S4.1_P3412_R2,2023,1,213.0,215.0018,Lentil,,,,,,472.56,44.5582
1356,hart,HART_S4.1_P3412_R2,2024,2,202.0,204.75806106500002,Lentil,,,,,,107.88,-298.878061065
1357,hart,HART_S8_P2341_R1,2023,1,202.0,246.75835,Lentil,,,,,,1041.6,592.8416499999998
1358,hart,HART_S8_P2341_R1,2024,2,202.0,198.84890383,Lentil,,,,,,319.0,-81.84890383000001
1359,hart,HART_S9_P2341_R3,2023,1,213.0,236.50180000000003,Lentil,,,,,,549.12,99.61819999999997
1360,hart,HART_S9_P2341_R3,2024,2,202.0,221.59511175000003,Lentil,,,,,,249.92,-173.67511175000004
1361,hart,HART_S5_P0000_R7,2023,1,204.5,222.5193,Lentil,,,,,,1318.5,891.4807000000001
1362,hart,HART_S5_P0000_R7,2024,2,193.5,238.44439999999997,Lentil,,,,,,0.0,-431.9444
1363,hart,HART_S1.1_P3123_R1,2023,1,202.0,235.75835,Lentil,,,,,,1025.4399999999998,587.6816499999998
1364,hart,HART_S1.1_P3123_R1,2024,2,193.5,242.32440000000003,Lentil,,,,,,522.75,86.92559999999997
1365,hart,HART_S1.1_P3123_R3,2023,1,202.0,235.75835,Lentil,,,,,,1044.87,607.1116499999998
1366,hart,HART_S1.1_P3123_R3,2024,2,193.5,242.32440000000003,Lentil,,,,,,505.5,69.67559999999997
1367,hart,HART_S4.3_P3412_R2,2023,1,213.0,249.50179999999997,Lentil,,,,,,589.6,127.09820000000005
1368,hart,HART_S4.3_P3412_R2,2024,2,202.0,205.27791397000001,Lentil,,,,,,77.42999999999999,-329.84791397000004
1369,hart,HART_S9_P1234_R1,2023,1,204.5,235.9362,Lentil,,,,,,0.0,-440.4362
1370,hart,HART_S9_P1234_R1,2024,2,210.5,235.51599999999996,Lentil,,,,,,686.4,240.38400000000001
1371,hart,HART_S3_P3412_R2,2023,1,204.5,222.5193,Lentil,,,,,,1170.75,743.7307000000001
1372,hart,HART_S3_P3412_R2,2024,2,202.0,155.85440000000003,Lentil,,,,,,589.5699999999999,231.7155999999999
1373,hart,HART_S8_P3412_R2,2023,1,202.0,235.75834999999998,Lentil,,,,,,1086.34,648.58165
1374,hart,HART_S8_P3412_R2,2024,2,202.0,256.61117314999996,Lentil,,,,,,460.8,2.188826850000055
1375,hart,HART_S9_P4123_R2,2023,1,202.0,235.75834999999998,Lentil,,,,,,1099.6799999999998,661.9216499999999
1376,hart,HART_S9_P4123_R2,2024,2,182.5,139.03,Lentil,,,,,,0.0,-321.53
1377,hart,HART_S3_P2341_R2,2023,1,202.0,246.75835,Lentil,,,,,,864.64,415.88165
1378,hart,HART_S3_P2341_R2,2024,2,193.5,242.32440000000003,Lentil,,,,,,466.5,30.675599999999974
1379,hart,HART_S7_P1234_R2,2023,1,204.5,222.5193,Lentil,,,,,,1082.25,655.2307000000001
1380,hart,HART_S7_P1234_R2,2024,2,193.5,229.7944,Lentil,,,,,,348.623,-74.6714
1381,hart,HART_S1.2_P2312_R3,2023,1,202.0,246.75835,Lentil,,,,,,1002.24,553.48165
1382,hart,HART_S1.2_P2312_R3,2024,2,202.0,180.720449485,Lentil,,,,,,210.83,-171.89044948499998
1383,appila,APPILA_S4_P3123_R3,2023,1,158.0,192.39999999999998,Lentil,,,,,,262.4,-88.0
1384,appila,APPILA_S3_P3412_R1,2023,1,158.0,192.4,Lentil,,,,,,176.0,-174.4
1385,appila,APPILA_S4_P2312_R1,2023,1,158.0,192.4,Lentil,,,,,,188.8,-161.6
1386,appila,APPILA_S5_P0000_R3,2023,1,149.5,144.9,Lentil,,,,,,176.0,-118.4
1387,appila,APPILA_S6_P0000_R1,2023,1,158.0,226.4,Lentil,,,,,,96.8,-287.6
1388,appila,APPILA_S1_P2312_R1,2023,1,158.0,169.89999999999998,Lentil,,,,,,147.20000000000002,-180.69999999999996
1389,appila,APPILA_S1_P2312_R3,2023,1,158.0,169.9,Lentil,,,,,,217.6,-110.30000000000001
1390,appila,APPILA_S1_P2312_R2,2023,1,158.0,169.9,Lentil,,,,,,176.0,-151.9
1391,appila,APPILA_S2_P2121_R3,2023,1,158.0,192.4,Lentil,,,,,,0.0,-350.4
1392,appila,APPILA_S3_P1234_R3,2023,1,149.5,125.60000000000001,Lentil,,,,,,15.0,-260.1
1393,appila,APPILA_S2_P1212_R2,2023,1,149.5,125.6,Lentil,,,,,,292.5,17.400000000000006
1394,appila,APPILA_S1_P1231_R2,2023,1,149.5,125.6,Lentil,,,,,,0.0,-275.1
1395,appila,APPILA_S3_P3412_R2,2023,1,158.0,192.39999999999998,Lentil,,,,,,233.6,-116.79999999999998
1396,appila,APPILA_S2_P2121_R1,2023,1,158.0,192.4,Lentil,,,,,,204.8,-145.6
1397,appila,APPILA_S3_P3412_R3,2023,1,158.0,192.39999999999998,Lentil,,,,,,211.2,-139.2
1398,appila,APPILA_S4_P1231_R3,2023,1,149.5,102.69999999999999,Lentil,,,,,,0.0,-252.2
1399,appila,APPILA_S2_P2121_R2,2023,1,158.0,192.4,Lentil,,,,,,208.0,-142.4
1400,appila,APPILA_S3_P4123_R3,2023,1,158.0,192.4,Lentil,,,,,,195.2,-155.20000000000002
1401,appila,APPILA_S3_P2341_R3,2023,1,158.0,182.89999999999998,Lentil,,,,,,88.0,-252.89999999999998
1402,appila,APPILA_S4_P3123_R1,2023,1,158.0,192.39999999999998,Lentil,,,,,,0.0,-350.4
1403,appila,APPILA_S1_P3123_R2,2023,1,158.0,169.9,Lentil,,,,,,63.8,-264.1
1404,appila,APPILA_S5_P0000_R2,2023,1,149.5,144.9,Lentil,,,,,,185.6,-108.80000000000001
1405,appila,APPILA_S6_P0000_R2,2023,1,158.0,226.4,Lentil,,,,,,88.0,-296.4
1406,appila,APPILA_S4_P3123_R2,2023,1,158.0,192.39999999999998,Lentil,,,,,,185.6,-164.79999999999998
1407,appila,APPILA_S3_P4123_R2,2023,1,158.0,192.39999999999998,Lentil,,,,,,201.6,-148.79999999999998
1408,appila,APPILA_S4_P2312_R2,2023,1,158.0,192.39999999999998,Lentil,,,,,,188.8,-161.59999999999997
1409,appila,APPILA_S3_P1234_R1,2023,1,149.5,125.6,Lentil,,,,,,37.5,-237.6
1410,appila,APPILA_S6_P0000_R3,2023,1,158.0,226.4,Lentil,,,,,,52.8,-331.6
1411,appila,APPILA_S3_P4123_R1,2023,1,158.0,192.4,Lentil,,,,,,176.0,-174.4
1412,appila,APPILA_S2_P1212_R1,2023,1,149.5,125.6,Lentil,,,,,,7.5,-267.6
1413,appila,APPILA_S4_P1231_R1,2023,1,149.5,102.69999999999999,Lentil,,,,,,0.0,-252.2
1414,appila,APPILA_S3_P2341_R2,2023,1,158.0,182.9,Lentil,,,,,,88.0,-252.9
1415,appila,APPILA_S2_P1212_R3,2023,1,149.5,125.6,Lentil,,,,,,0.0,-275.1
1416,appila,APPILA_S1_P1231_R1,2023,1,149.5,125.6,Lentil,,,,,,0.0,-275.1
1417,appila,APPILA_S1_P1231_R3,2023,1,149.5,125.6,Lentil,,,,,,0.0,-275.1
1418,appila,APPILA_S4_P2312_R3,2023,1,158.0,192.4,Lentil,,,,,,185.6,-164.8
1419,appila,APPILA_S5_P0000_R1,2023,1,149.5,144.90000000000003,Lentil,,,,,,163.20000000000002,-131.20000000000002
1420,appila,APPILA_S4_P1231_R2,2023,1,149.5,102.7,Lentil,,,,,,0.0,-252.2
1421,appila,APPILA_S3_P2341_R1,2023,1,158.0,182.89999999999998,Lentil,,,,,,0.0,-340.9
1422,appila,APPILA_S1_P3123_R3,2023,1,158.0,169.89999999999998,Lentil,,,,,,127.6,-200.29999999999998
1423,appila,APPILA_S1_P3123_R1,2023,1,158.0,169.89999999999998,Lentil,,,,,,75.39999999999999,-252.5
1424,appila,APPILA_S3_P1234_R2,2023,1,149.5,125.6,Lentil,,,,,,30.0,-245.1
