,plotID,errorLocation,errorType,errorMsg
0,MANANG_S1.1_BUFFER_R1,"('name',)",value_error,"Value error, Herbicide product Elantra (Quizalofop 200) must be defined in the 'herbicideProductData' table in '.../sgr_data/data'"
1,MANANG_S1.1_P3123_R1,"('name',)",value_error,"Value error, Herbicide product Elantra (Quizalofop 200) must be defined in the 'herbicideProductData' table in '.../sgr_data/data'"
2,MANANG_S1.1_BUFFER_R1,"('name',)",value_error,"Value error, Herbicide product Elantra (Quizalofop 200) must be defined in the 'herbicideProductData' table in '.../sgr_data/data'"
3,MANANG_S4_BUFFER_R1,"('name',)",value_error,"Value error, Herbicide product Elantra (Quizalofop 200) must be defined in the 'herbicideProductData' table in '.../sgr_data/data'"
4,MANANG_S4_P4123_R1,"('name',)",value_error,"Value error, Herbicide product Elantra (Quizalofop 200) must be defined in the 'herbicideProductData' table in '.../sgr_data/data'"
5,MANANG_S4_BUFFER_R1,"('name',)",value_error,"Value error, Herbicide product Elantra (Quizalofop 200) must be defined in the 'herbicideProductData' table in '.../sgr_data/data'"
6,MANANG_S1.3_BUFFER_R1,"('name',)",value_error,"Value error, Herbicide product Elantra (Quizalofop 200) must be defined in the 'herbicideProductData' table in '.../sgr_data/data'"
7,MANANG_S1.3_P3123_R1,"('name',)",value_error,"Value error, Herbicide product Elantra (Quizalofop 200) must be defined in the 'herbicideProductData' table in '.../sgr_data/data'"
8,MANANG_S1.3_BUFFER_R1,"('name',)",value_error,"Value error, Herbicide product Elantra (Quizalofop 200) must be defined in the 'herbicideProductData' table in '.../sgr_data/data'"
9,MANANG_S3_BUFFER_R1,"('name',)",value_error,"Value error, Herbicide product Elantra (Quizalofop 200) must be defined in the 'herbicideProductData' table in '.../sgr_data/data'"
10,MANANG_S3_P1231_R1,"('name',)",value_error,"Value error, Herbicide product Elantra (Quizalofop 200) must be defined in the 'herbicideProductData' table in '.../sgr_data/data'"
11,MANANG_S3_BUFFER_R1,"('name',)",value_error,"Value error, Herbicide product Elantra (Quizalofop 200) must be defined in the 'herbicideProductData' table in '.../sgr_data/data'"
12,MANANG_S8.2_P3123_R1,"('name',)",value_error,"Value error, Herbicide product Elantra (Quizalofop 200) must be defined in the 'herbicideProductData' table in '.../sgr_data/data'"
13,MANANG_S8.2_BUFFER_R1,"('name',)",value_error,"Value error, Herbicide product Elantra (Quizalofop 200) must be defined in the 'herbicideProductData' table in '.../sgr_data/data'"
14,MANANG_S9_BUFFER_R1,"('name',)",value_error,"Value error, Herbicide product Elantra (Quizalofop 200) must be defined in the 'herbicideProductData' table in '.../sgr_data/data'"
15,MANANG_S9_P3123_R1,"('name',)",value_error,"Value error, Herbicide product Elantra (Quizalofop 200) must be defined in the 'herbicideProductData' table in '.../sgr_data/data'"
16,MANANG_S9_BUFFER_R1,"('name',)",value_error,"Value error, Herbicide product Elantra (Quizalofop 200) must be defined in the 'herbicideProductData' table in '.../sgr_data/data'"
17,MANANG_S2_BUFFER_R1,"('name',)",value_error,"Value error, Herbicide product Elantra (Quizalofop 200) must be defined in the 'herbicideProductData' table in '.../sgr_data/data'"
18,MANANG_S2_P2121_R1,"('name',)",value_error,"Value error, Herbicide product Elantra (Quizalofop 200) must be defined in the 'herbicideProductData' table in '.../sgr_data/data'"
19,MANANG_S2_BUFFER_R1,"('name',)",value_error,"Value error, Herbicide product Elantra (Quizalofop 200) must be defined in the 'herbicideProductData' table in '.../sgr_data/data'"
20,MANANG_S1.2_BUFFER_R1,"('name',)",value_error,"Value error, Herbicide product Elantra (Quizalofop 200) must be defined in the 'herbicideProductData' table in '.../sgr_data/data'"
21,MANANG_S1.2_P3123_R1,"('name',)",value_error,"Value error, Herbicide product Elantra (Quizalofop 200) must be defined in the 'herbicideProductData' table in '.../sgr_data/data'"
22,MANANG_S1.2_BUFFER_R1,"('name',)",value_error,"Value error, Herbicide product Elantra (Quizalofop 200) must be defined in the 'herbicideProductData' table in '.../sgr_data/data'"
23,MANANG_S3_BUFFER_R1,"('name',)",value_error,"Value error, Herbicide product Elantra (Quizalofop 200) must be defined in the 'herbicideProductData' table in '.../sgr_data/data'"
24,MANANG_S3_P3123_R1,"('name',)",value_error,"Value error, Herbicide product Elantra (Quizalofop 200) must be defined in the 'herbicideProductData' table in '.../sgr_data/data'"
25,MANANG_S3_BUFFER_R1,"('name',)",value_error,"Value error, Herbicide product Elantra (Quizalofop 200) must be defined in the 'herbicideProductData' table in '.../sgr_data/data'"
26,MANANG_S5_BUFFER_R1,"('name',)",value_error,"Value error, Herbicide product Elantra (Quizalofop 200) must be defined in the 'herbicideProductData' table in '.../sgr_data/data'"
27,MANANG_S5_P4123_R1,"('name',)",value_error,"Value error, Herbicide product Elantra (Quizalofop 200) must be defined in the 'herbicideProductData' table in '.../sgr_data/data'"
28,MANANG_S5_BUFFER_R1,"('name',)",value_error,"Value error, Herbicide product Elantra (Quizalofop 200) must be defined in the 'herbicideProductData' table in '.../sgr_data/data'"
29,MANANG_S8.1_BUFFER_R1,"('name',)",value_error,"Value error, Herbicide product Elantra (Quizalofop 200) must be defined in the 'herbicideProductData' table in '.../sgr_data/data'"
30,MANANG_S8.1_P3123_R1,"('name',)",value_error,"Value error, Herbicide product Elantra (Quizalofop 200) must be defined in the 'herbicideProductData' table in '.../sgr_data/data'"
31,MANANG_S8.1_BUFFER_R1,"('name',)",value_error,"Value error, Herbicide product Elantra (Quizalofop 200) must be defined in the 'herbicideProductData' table in '.../sgr_data/data'"
32,MANANG_S1.1_BUFFER_R2,"('name',)",value_error,"Value error, Herbicide product Elantra (Quizalofop 200) must be defined in the 'herbicideProductData' table in '.../sgr_data/data'"
33,MANANG_S1.1_P3123_R2,"('name',)",value_error,"Value error, Herbicide product Elantra (Quizalofop 200) must be defined in the 'herbicideProductData' table in '.../sgr_data/data'"
34,MANANG_S1.1_BUFFER_R2,"('name',)",value_error,"Value error, Herbicide product Elantra (Quizalofop 200) must be defined in the 'herbicideProductData' table in '.../sgr_data/data'"
35,MANANG_S8.1_BUFFER_R2,"('name',)",value_error,"Value error, Herbicide product Elantra (Quizalofop 200) must be defined in the 'herbicideProductData' table in '.../sgr_data/data'"
36,MANANG_S8.1_P3123_R2,"('name',)",value_error,"Value error, Herbicide product Elantra (Quizalofop 200) must be defined in the 'herbicideProductData' table in '.../sgr_data/data'"
37,MANANG_S8.1_BUFFER_R2,"('name',)",value_error,"Value error, Herbicide product Elantra (Quizalofop 200) must be defined in the 'herbicideProductData' table in '.../sgr_data/data'"
38,MANANG_S3_BUFFER_R2,"('name',)",value_error,"Value error, Herbicide product Elantra (Quizalofop 200) must be defined in the 'herbicideProductData' table in '.../sgr_data/data'"
39,MANANG_S3_P3123_R2,"('name',)",value_error,"Value error, Herbicide product Elantra (Quizalofop 200) must be defined in the 'herbicideProductData' table in '.../sgr_data/data'"
40,MANANG_S3_BUFFER_R2,"('name',)",value_error,"Value error, Herbicide product Elantra (Quizalofop 200) must be defined in the 'herbicideProductData' table in '.../sgr_data/data'"
41,MANANG_S9_BUFFER_R2,"('name',)",value_error,"Value error, Herbicide product Elantra (Quizalofop 200) must be defined in the 'herbicideProductData' table in '.../sgr_data/data'"
42,MANANG_S9_P3123_R2,"('name',)",value_error,"Value error, Herbicide product Elantra (Quizalofop 200) must be defined in the 'herbicideProductData' table in '.../sgr_data/data'"
43,MANANG_S9_BUFFER_R2,"('name',)",value_error,"Value error, Herbicide product Elantra (Quizalofop 200) must be defined in the 'herbicideProductData' table in '.../sgr_data/data'"
44,MANANG_S1.3_BUFFER_R2,"('name',)",value_error,"Value error, Herbicide product Elantra (Quizalofop 200) must be defined in the 'herbicideProductData' table in '.../sgr_data/data'"
45,MANANG_S1.3_P3123_R2,"('name',)",value_error,"Value error, Herbicide product Elantra (Quizalofop 200) must be defined in the 'herbicideProductData' table in '.../sgr_data/data'"
46,MANANG_S1.3_BUFFER_R2,"('name',)",value_error,"Value error, Herbicide product Elantra (Quizalofop 200) must be defined in the 'herbicideProductData' table in '.../sgr_data/data'"
47,MANANG_S4_BUFFER_R2,"('name',)",value_error,"Value error, Herbicide product Elantra (Quizalofop 200) must be defined in the 'herbicideProductData' table in '.../sgr_data/data'"
48,MANANG_S4_P4123_R2,"('name',)",value_error,"Value error, Herbicide product Elantra (Quizalofop 200) must be defined in the 'herbicideProductData' table in '.../sgr_data/data'"
49,MANANG_S4_BUFFER_R2,"('name',)",value_error,"Value error, Herbicide product Elantra (Quizalofop 200) must be defined in the 'herbicideProductData' table in '.../sgr_data/data'"
50,MANANG_S1.2_BUFFER_R2,"('name',)",value_error,"Value error, Herbicide product Elantra (Quizalofop 200) must be defined in the 'herbicideProductData' table in '.../sgr_data/data'"
51,MANANG_S1.2_P3123_R2,"('name',)",value_error,"Value error, Herbicide product Elantra (Quizalofop 200) must be defined in the 'herbicideProductData' table in '.../sgr_data/data'"
52,MANANG_S1.2_BUFFER_R2,"('name',)",value_error,"Value error, Herbicide product Elantra (Quizalofop 200) must be defined in the 'herbicideProductData' table in '.../sgr_data/data'"
53,MANANG_S8.2_BUFFER_R2,"('name',)",value_error,"Value error, Herbicide product Elantra (Quizalofop 200) must be defined in the 'herbicideProductData' table in '.../sgr_data/data'"
54,MANANG_S8.2_P3123_R2,"('name',)",value_error,"Value error, Herbicide product Elantra (Quizalofop 200) must be defined in the 'herbicideProductData' table in '.../sgr_data/data'"
55,MANANG_S8.2_BUFFER_R2,"('name',)",value_error,"Value error, Herbicide product Elantra (Quizalofop 200) must be defined in the 'herbicideProductData' table in '.../sgr_data/data'"
56,MANANG_S3_BUFFER_R2,"('name',)",value_error,"Value error, Herbicide product Elantra (Quizalofop 200) must be defined in the 'herbicideProductData' table in '.../sgr_data/data'"
57,MANANG_S3_P1231_R2,"('name',)",value_error,"Value error, Herbicide product Elantra (Quizalofop 200) must be defined in the 'herbicideProductData' table in '.../sgr_data/data'"
58,MANANG_S3_BUFFER_R2,"('name',)",value_error,"Value error, Herbicide product Elantra (Quizalofop 200) must be defined in the 'herbicideProductData' table in '.../sgr_data/data'"
59,MANANG_S2_BUFFER_R2,"('name',)",value_error,"Value error, Herbicide product Elantra (Quizalofop 200) must be defined in the 'herbicideProductData' table in '.../sgr_data/data'"
60,MANANG_S2_P2121_R2,"('name',)",value_error,"Value error, Herbicide product Elantra (Quizalofop 200) must be defined in the 'herbicideProductData' table in '.../sgr_data/data'"
61,MANANG_S2_BUFFER_R2,"('name',)",value_error,"Value error, Herbicide product Elantra (Quizalofop 200) must be defined in the 'herbicideProductData' table in '.../sgr_data/data'"
62,MANANG_S5_BUFFER_R2,"('name',)",value_error,"Value error, Herbicide product Elantra (Quizalofop 200) must be defined in the 'herbicideProductData' table in '.../sgr_data/data'"
63,MANANG_S5_P4123_R2,"('name',)",value_error,"Value error, Herbicide product Elantra (Quizalofop 200) must be defined in the 'herbicideProductData' table in '.../sgr_data/data'"
64,MANANG_S5_BUFFER_R2,"('name',)",value_error,"Value error, Herbicide product Elantra (Quizalofop 200) must be defined in the 'herbicideProductData' table in '.../sgr_data/data'"
65,MANANG_S9_BUFFER_R3,"('name',)",value_error,"Value error, Herbicide product Elantra (Quizalofop 200) must be defined in the 'herbicideProductData' table in '.../sgr_data/data'"
66,MANANG_S9_P3123_R3,"('name',)",value_error,"Value error, Herbicide product Elantra (Quizalofop 200) must be defined in the 'herbicideProductData' table in '.../sgr_data/data'"
67,MANANG_S9_BUFFER_R3,"('name',)",value_error,"Value error, Herbicide product Elantra (Quizalofop 200) must be defined in the 'herbicideProductData' table in '.../sgr_data/data'"
68,MANANG_S1.1_BUFFER_R3,"('name',)",value_error,"Value error, Herbicide product Elantra (Quizalofop 200) must be defined in the 'herbicideProductData' table in '.../sgr_data/data'"
69,MANANG_S1.1_P3123_R3,"('name',)",value_error,"Value error, Herbicide product Elantra (Quizalofop 200) must be defined in the 'herbicideProductData' table in '.../sgr_data/data'"
70,MANANG_S1.1_BUFFER_R3,"('name',)",value_error,"Value error, Herbicide product Elantra (Quizalofop 200) must be defined in the 'herbicideProductData' table in '.../sgr_data/data'"
71,MANANG_S3_BUFFER_R3,"('name',)",value_error,"Value error, Herbicide product Elantra (Quizalofop 200) must be defined in the 'herbicideProductData' table in '.../sgr_data/data'"
72,MANANG_S3_P3123_R3,"('name',)",value_error,"Value error, Herbicide product Elantra (Quizalofop 200) must be defined in the 'herbicideProductData' table in '.../sgr_data/data'"
73,MANANG_S3_BUFFER_R3,"('name',)",value_error,"Value error, Herbicide product Elantra (Quizalofop 200) must be defined in the 'herbicideProductData' table in '.../sgr_data/data'"
74,MANANG_S5_BUFFER_R3,"('name',)",value_error,"Value error, Herbicide product Elantra (Quizalofop 200) must be defined in the 'herbicideProductData' table in '.../sgr_data/data'"
75,MANANG_S5_P4123_R3,"('name',)",value_error,"Value error, Herbicide product Elantra (Quizalofop 200) must be defined in the 'herbicideProductData' table in '.../sgr_data/data'"
76,MANANG_S5_BUFFER_R3,"('name',)",value_error,"Value error, Herbicide product Elantra (Quizalofop 200) must be defined in the 'herbicideProductData' table in '.../sgr_data/data'"
77,MANANG_S1.3_BUFFER_R3,"('name',)",value_error,"Value error, Herbicide product Elantra (Quizalofop 200) must be defined in the 'herbicideProductData' table in '.../sgr_data/data'"
78,MANANG_S1.3_P3123_R3,"('name',)",value_error,"Value error, Herbicide product Elantra (Quizalofop 200) must be defined in the 'herbicideProductData' table in '.../sgr_data/data'"
79,MANANG_S1.3_BUFFER_R3,"('name',)",value_error,"Value error, Herbicide product Elantra (Quizalofop 200) must be defined in the 'herbicideProductData' table in '.../sgr_data/data'"
80,MANANG_S1.2_BUFFER_R3,"('name',)",value_error,"Value error, Herbicide product Elantra (Quizalofop 200) must be defined in the 'herbicideProductData' table in '.../sgr_data/data'"
81,MANANG_S1.2_P3123_R3,"('name',)",value_error,"Value error, Herbicide product Elantra (Quizalofop 200) must be defined in the 'herbicideProductData' table in '.../sgr_data/data'"
82,MANANG_S1.2_BUFFER_R3,"('name',)",value_error,"Value error, Herbicide product Elantra (Quizalofop 200) must be defined in the 'herbicideProductData' table in '.../sgr_data/data'"
83,MANANG_S8.2_BUFFER_R3,"('name',)",value_error,"Value error, Herbicide product Elantra (Quizalofop 200) must be defined in the 'herbicideProductData' table in '.../sgr_data/data'"
84,MANANG_S8.2_P3123_R3,"('name',)",value_error,"Value error, Herbicide product Elantra (Quizalofop 200) must be defined in the 'herbicideProductData' table in '.../sgr_data/data'"
85,MANANG_S8.2_BUFFER_R3,"('name',)",value_error,"Value error, Herbicide product Elantra (Quizalofop 200) must be defined in the 'herbicideProductData' table in '.../sgr_data/data'"
86,MANANG_S2_BUFFER_R3,"('name',)",value_error,"Value error, Herbicide product Elantra (Quizalofop 200) must be defined in the 'herbicideProductData' table in '.../sgr_data/data'"
87,MANANG_S2_P2121_R3,"('name',)",value_error,"Value error, Herbicide product Elantra (Quizalofop 200) must be defined in the 'herbicideProductData' table in '.../sgr_data/data'"
88,MANANG_S2_BUFFER_R3,"('name',)",value_error,"Value error, Herbicide product Elantra (Quizalofop 200) must be defined in the 'herbicideProductData' table in '.../sgr_data/data'"
89,MANANG_S3_BUFFER_R3,"('name',)",value_error,"Value error, Herbicide product Elantra (Quizalofop 200) must be defined in the 'herbicideProductData' table in '.../sgr_data/data'"
90,MANANG_S3_P1231_R3,"('name',)",value_error,"Value error, Herbicide product Elantra (Quizalofop 200) must be defined in the 'herbicideProductData' table in '.../sgr_data/data'"
91,MANANG_S3_BUFFER_R3,"('name',)",value_error,"Value error, Herbicide product Elantra (Quizalofop 200) must be defined in the 'herbicideProductData' table in '.../sgr_data/data'"
92,MANANG_S4_BUFFER_R3,"('name',)",value_error,"Value error, Herbicide product Elantra (Quizalofop 200) must be defined in the 'herbicideProductData' table in '.../sgr_data/data'"
93,MANANG_S4_P4123_R3,"('name',)",value_error,"Value error, Herbicide product Elantra (Quizalofop 200) must be defined in the 'herbicideProductData' table in '.../sgr_data/data'"
94,MANANG_S4_BUFFER_R3,"('name',)",value_error,"Value error, Herbicide product Elantra (Quizalofop 200) must be defined in the 'herbicideProductData' table in '.../sgr_data/data'"
95,MANANG_S8.1_BUFFER_R3,"('name',)",value_error,"Value error, Herbicide product Elantra (Quizalofop 200) must be defined in the 'herbicideProductData' table in '.../sgr_data/data'"
96,MANANG_S8.1_P3123_R3,"('name',)",value_error,"Value error, Herbicide product Elantra (Quizalofop 200) must be defined in the 'herbicideProductData' table in '.../sgr_data/data'"
97,MANANG_S8.1_BUFFER_R3,"('name',)",value_error,"Value error, Herbicide product Elantra (Quizalofop 200) must be defined in the 'herbicideProductData' table in '.../sgr_data/data'"
98,MANANG_S8.1_BUFFER_R1,"('name',)",value_error,"Value error, Herbicide product Ally must be defined in the 'herbicideProductData' table in '.../sgr_data/data'"
99,MANANG_S8.1_P2312_R1,"('name',)",value_error,"Value error, Herbicide product Ally must be defined in the 'herbicideProductData' table in '.../sgr_data/data'"
100,MANANG_S8.1_BUFFER_R1,"('name',)",value_error,"Value error, Herbicide product Ally must be defined in the 'herbicideProductData' table in '.../sgr_data/data'"
101,MANANG_S12_BUFFER_R1,"('name',)",value_error,"Value error, Herbicide product Ally must be defined in the 'herbicideProductData' table in '.../sgr_data/data'"
102,MANANG_S12_P0000_R1,"('name',)",value_error,"Value error, Herbicide product Ally must be defined in the 'herbicideProductData' table in '.../sgr_data/data'"
103,MANANG_S12_BUFFER_R1,"('name',)",value_error,"Value error, Herbicide product Ally must be defined in the 'herbicideProductData' table in '.../sgr_data/data'"
104,MANANG_S6_BUFFER_R1,"('name',)",value_error,"Value error, Herbicide product Ally must be defined in the 'herbicideProductData' table in '.../sgr_data/data'"
105,MANANG_S6_P1111_R1,"('name',)",value_error,"Value error, Herbicide product Ally must be defined in the 'herbicideProductData' table in '.../sgr_data/data'"
106,MANANG_S6_BUFFER_R1,"('name',)",value_error,"Value error, Herbicide product Ally must be defined in the 'herbicideProductData' table in '.../sgr_data/data'"
107,MANANG_S5_BUFFER_R1,"('name',)",value_error,"Value error, Herbicide product Ally must be defined in the 'herbicideProductData' table in '.../sgr_data/data'"
108,MANANG_S5_P2341_R1,"('name',)",value_error,"Value error, Herbicide product Ally must be defined in the 'herbicideProductData' table in '.../sgr_data/data'"
109,MANANG_S5_BUFFER_R1,"('name',)",value_error,"Value error, Herbicide product Ally must be defined in the 'herbicideProductData' table in '.../sgr_data/data'"
110,MANANG_S8.2_BUFFER_R1,"('name',)",value_error,"Value error, Herbicide product Ally must be defined in the 'herbicideProductData' table in '.../sgr_data/data'"
111,MANANG_S8.2_P1231_R1,"('name',)",value_error,"Value error, Herbicide product Ally must be defined in the 'herbicideProductData' table in '.../sgr_data/data'"
112,MANANG_S8.2_BUFFER_R1,"('name',)",value_error,"Value error, Herbicide product Ally must be defined in the 'herbicideProductData' table in '.../sgr_data/data'"
113,MANANG_S8.1_BUFFER_R1,"('name',)",value_error,"Value error, Herbicide product Ally must be defined in the 'herbicideProductData' table in '.../sgr_data/data'"
114,MANANG_S8.1_P1231_R1,"('name',)",value_error,"Value error, Herbicide product Ally must be defined in the 'herbicideProductData' table in '.../sgr_data/data'"
115,MANANG_S8.1_BUFFER_R1,"('name',)",value_error,"Value error, Herbicide product Ally must be defined in the 'herbicideProductData' table in '.../sgr_data/data'"
116,MANANG_S1.1_BUFFER_R1,"('name',)",value_error,"Value error, Herbicide product Ally must be defined in the 'herbicideProductData' table in '.../sgr_data/data'"
117,MANANG_S1.1_P1231_R1,"('name',)",value_error,"Value error, Herbicide product Ally must be defined in the 'herbicideProductData' table in '.../sgr_data/data'"
118,MANANG_S1.1_BUFFER_R1,"('name',)",value_error,"Value error, Herbicide product Ally must be defined in the 'herbicideProductData' table in '.../sgr_data/data'"
119,MANANG_S5_BUFFER_R1,"('name',)",value_error,"Value error, Herbicide product Ally must be defined in the 'herbicideProductData' table in '.../sgr_data/data'"
120,MANANG_S5_P1234_R1,"('name',)",value_error,"Value error, Herbicide product Ally must be defined in the 'herbicideProductData' table in '.../sgr_data/data'"
121,MANANG_S5_BUFFER_R1,"('name',)",value_error,"Value error, Herbicide product Ally must be defined in the 'herbicideProductData' table in '.../sgr_data/data'"
122,MANANG_S11_BUFFER_R1,"('name',)",value_error,"Value error, Herbicide product Ally must be defined in the 'herbicideProductData' table in '.../sgr_data/data'"
123,MANANG_S11_P1212_R1,"('name',)",value_error,"Value error, Herbicide product Ally must be defined in the 'herbicideProductData' table in '.../sgr_data/data'"
124,MANANG_S11_BUFFER_R1,"('name',)",value_error,"Value error, Herbicide product Ally must be defined in the 'herbicideProductData' table in '.../sgr_data/data'"
125,MANANG_S13_BUFFER_R1,"('name',)",value_error,"Value error, Herbicide product Ally must be defined in the 'herbicideProductData' table in '.../sgr_data/data'"
126,MANANG_S13_P0000_R1,"('name',)",value_error,"Value error, Herbicide product Ally must be defined in the 'herbicideProductData' table in '.../sgr_data/data'"
127,MANANG_S13_BUFFER_R1,"('name',)",value_error,"Value error, Herbicide product Ally must be defined in the 'herbicideProductData' table in '.../sgr_data/data'"
128,MANANG_S9_BUFFER_R1,"('name',)",value_error,"Value error, Herbicide product Ally must be defined in the 'herbicideProductData' table in '.../sgr_data/data'"
129,MANANG_S9_P1231_R1,"('name',)",value_error,"Value error, Herbicide product Ally must be defined in the 'herbicideProductData' table in '.../sgr_data/data'"
130,MANANG_S9_BUFFER_R1,"('name',)",value_error,"Value error, Herbicide product Ally must be defined in the 'herbicideProductData' table in '.../sgr_data/data'"
131,MANANG_S1.3_BUFFER_R1,"('name',)",value_error,"Value error, Herbicide product Ally must be defined in the 'herbicideProductData' table in '.../sgr_data/data'"
132,MANANG_S1.3_P1231_R1,"('name',)",value_error,"Value error, Herbicide product Ally must be defined in the 'herbicideProductData' table in '.../sgr_data/data'"
133,MANANG_S1.3_BUFFER_R1,"('name',)",value_error,"Value error, Herbicide product Ally must be defined in the 'herbicideProductData' table in '.../sgr_data/data'"
134,MANANG_S5_BUFFER_R1,"('name',)",value_error,"Value error, Herbicide product Ally must be defined in the 'herbicideProductData' table in '.../sgr_data/data'"
135,MANANG_S5_P3412_R1,"('name',)",value_error,"Value error, Herbicide product Ally must be defined in the 'herbicideProductData' table in '.../sgr_data/data'"
136,MANANG_S5_BUFFER_R1,"('name',)",value_error,"Value error, Herbicide product Ally must be defined in the 'herbicideProductData' table in '.../sgr_data/data'"
137,MANANG_S8.2_BUFFER_R1,"('name',)",value_error,"Value error, Herbicide product Ally must be defined in the 'herbicideProductData' table in '.../sgr_data/data'"
138,MANANG_S8.2_P2312_R1,"('name',)",value_error,"Value error, Herbicide product Ally must be defined in the 'herbicideProductData' table in '.../sgr_data/data'"
139,MANANG_S8.2_BUFFER_R1,"('name',)",value_error,"Value error, Herbicide product Ally must be defined in the 'herbicideProductData' table in '.../sgr_data/data'"
140,MANANG_S1.2_BUFFER_R1,"('name',)",value_error,"Value error, Herbicide product Ally must be defined in the 'herbicideProductData' table in '.../sgr_data/data'"
141,MANANG_S1.2_P1231_R1,"('name',)",value_error,"Value error, Herbicide product Ally must be defined in the 'herbicideProductData' table in '.../sgr_data/data'"
142,MANANG_S1.2_BUFFER_R1,"('name',)",value_error,"Value error, Herbicide product Ally must be defined in the 'herbicideProductData' table in '.../sgr_data/data'"
143,MANANG_S10.1_BUFFER_R1,"('name',)",value_error,"Value error, Herbicide product Ally must be defined in the 'herbicideProductData' table in '.../sgr_data/data'"
144,MANANG_S10.1_P1231_R1,"('name',)",value_error,"Value error, Herbicide product Ally must be defined in the 'herbicideProductData' table in '.../sgr_data/data'"
145,MANANG_S10.1_BUFFER_R1,"('name',)",value_error,"Value error, Herbicide product Ally must be defined in the 'herbicideProductData' table in '.../sgr_data/data'"
146,MANANG_S12_BUFFER_R1,"('name',)",value_error,"Value error, Herbicide product Ally must be defined in the 'herbicideProductData' table in '.../sgr_data/data'"
147,MANANG_S12_P0000_R2,"('name',)",value_error,"Value error, Herbicide product Ally must be defined in the 'herbicideProductData' table in '.../sgr_data/data'"
148,MANANG_S12_BUFFER_R1,"('name',)",value_error,"Value error, Herbicide product Ally must be defined in the 'herbicideProductData' table in '.../sgr_data/data'"
149,MANANG_S4_BUFFER_R1,"('name',)",value_error,"Value error, Herbicide product Ally must be defined in the 'herbicideProductData' table in '.../sgr_data/data'"
150,MANANG_S4_P3412_R1,"('name',)",value_error,"Value error, Herbicide product Ally must be defined in the 'herbicideProductData' table in '.../sgr_data/data'"
151,MANANG_S4_BUFFER_R1,"('name',)",value_error,"Value error, Herbicide product Ally must be defined in the 'herbicideProductData' table in '.../sgr_data/data'"
152,MANANG_S1.2_BUFFER_R1,"('name',)",value_error,"Value error, Herbicide product Ally must be defined in the 'herbicideProductData' table in '.../sgr_data/data'"
153,MANANG_S1.2_P2312_R1,"('name',)",value_error,"Value error, Herbicide product Ally must be defined in the 'herbicideProductData' table in '.../sgr_data/data'"
154,MANANG_S1.2_BUFFER_R1,"('name',)",value_error,"Value error, Herbicide product Ally must be defined in the 'herbicideProductData' table in '.../sgr_data/data'"
155,MANANG_S7_BUFFER_R1,"('name',)",value_error,"Value error, Herbicide product Ally must be defined in the 'herbicideProductData' table in '.../sgr_data/data'"
156,MANANG_S7_P1231_R1,"('name',)",value_error,"Value error, Herbicide product Ally must be defined in the 'herbicideProductData' table in '.../sgr_data/data'"
157,MANANG_S7_BUFFER_R1,"('name',)",value_error,"Value error, Herbicide product Ally must be defined in the 'herbicideProductData' table in '.../sgr_data/data'"
158,MANANG_S10.2_BUFFER_R1,"('name',)",value_error,"Value error, Herbicide product Ally must be defined in the 'herbicideProductData' table in '.../sgr_data/data'"
159,MANANG_S10.2_P2312_R1,"('name',)",value_error,"Value error, Herbicide product Ally must be defined in the 'herbicideProductData' table in '.../sgr_data/data'"
160,MANANG_S10.2_BUFFER_R1,"('name',)",value_error,"Value error, Herbicide product Ally must be defined in the 'herbicideProductData' table in '.../sgr_data/data'"
161,MANANG_S2_BUFFER_R1,"('name',)",value_error,"Value error, Herbicide product Ally must be defined in the 'herbicideProductData' table in '.../sgr_data/data'"
162,MANANG_S2_P1212_R1,"('name',)",value_error,"Value error, Herbicide product Ally must be defined in the 'herbicideProductData' table in '.../sgr_data/data'"
163,MANANG_S2_BUFFER_R1,"('name',)",value_error,"Value error, Herbicide product Ally must be defined in the 'herbicideProductData' table in '.../sgr_data/data'"
164,MANANG_S1.3_BUFFER_R1,"('name',)",value_error,"Value error, Herbicide product Ally must be defined in the 'herbicideProductData' table in '.../sgr_data/data'"
165,MANANG_S1.3_P2312_R1,"('name',)",value_error,"Value error, Herbicide product Ally must be defined in the 'herbicideProductData' table in '.../sgr_data/data'"
166,MANANG_S1.3_BUFFER_R1,"('name',)",value_error,"Value error, Herbicide product Ally must be defined in the 'herbicideProductData' table in '.../sgr_data/data'"
167,MANANG_S3_BUFFER_R1,"('name',)",value_error,"Value error, Herbicide product Ally must be defined in the 'herbicideProductData' table in '.../sgr_data/data'"
168,MANANG_S3_P2312_R1,"('name',)",value_error,"Value error, Herbicide product Ally must be defined in the 'herbicideProductData' table in '.../sgr_data/data'"
169,MANANG_S3_BUFFER_R1,"('name',)",value_error,"Value error, Herbicide product Ally must be defined in the 'herbicideProductData' table in '.../sgr_data/data'"
170,MANANG_S6_BUFFER_R1,"('name',)",value_error,"Value error, Herbicide product Ally must be defined in the 'herbicideProductData' table in '.../sgr_data/data'"
171,MANANG_S6_P1111_R2,"('name',)",value_error,"Value error, Herbicide product Ally must be defined in the 'herbicideProductData' table in '.../sgr_data/data'"
172,MANANG_S6_BUFFER_R1,"('name',)",value_error,"Value error, Herbicide product Ally must be defined in the 'herbicideProductData' table in '.../sgr_data/data'"
173,MANANG_S1.1_BUFFER_R1,"('name',)",value_error,"Value error, Herbicide product Ally must be defined in the 'herbicideProductData' table in '.../sgr_data/data'"
174,MANANG_S1.1_P2312_R1,"('name',)",value_error,"Value error, Herbicide product Ally must be defined in the 'herbicideProductData' table in '.../sgr_data/data'"
175,MANANG_S1.1_BUFFER_R1,"('name',)",value_error,"Value error, Herbicide product Ally must be defined in the 'herbicideProductData' table in '.../sgr_data/data'"
176,MANANG_S10.2_BUFFER_R1,"('name',)",value_error,"Value error, Herbicide product Ally must be defined in the 'herbicideProductData' table in '.../sgr_data/data'"
177,MANANG_S10.2_P1231_R1,"('name',)",value_error,"Value error, Herbicide product Ally must be defined in the 'herbicideProductData' table in '.../sgr_data/data'"
178,MANANG_S10.2_BUFFER_R1,"('name',)",value_error,"Value error, Herbicide product Ally must be defined in the 'herbicideProductData' table in '.../sgr_data/data'"
179,MANANG_S13_BUFFER_R1,"('name',)",value_error,"Value error, Herbicide product Ally must be defined in the 'herbicideProductData' table in '.../sgr_data/data'"
180,MANANG_S13_P0000_R2,"('name',)",value_error,"Value error, Herbicide product Ally must be defined in the 'herbicideProductData' table in '.../sgr_data/data'"
181,MANANG_S13_BUFFER_R1,"('name',)",value_error,"Value error, Herbicide product Ally must be defined in the 'herbicideProductData' table in '.../sgr_data/data'"
182,MANANG_S4_BUFFER_R1,"('name',)",value_error,"Value error, Herbicide product Ally must be defined in the 'herbicideProductData' table in '.../sgr_data/data'"
183,MANANG_S4_P2341_R1,"('name',)",value_error,"Value error, Herbicide product Ally must be defined in the 'herbicideProductData' table in '.../sgr_data/data'"
184,MANANG_S4_BUFFER_R1,"('name',)",value_error,"Value error, Herbicide product Ally must be defined in the 'herbicideProductData' table in '.../sgr_data/data'"
185,MANANG_S7_BUFFER_R1,"('name',)",value_error,"Value error, Herbicide product Ally must be defined in the 'herbicideProductData' table in '.../sgr_data/data'"
186,MANANG_S7_P2312_R1,"('name',)",value_error,"Value error, Herbicide product Ally must be defined in the 'herbicideProductData' table in '.../sgr_data/data'"
187,MANANG_S7_BUFFER_R1,"('name',)",value_error,"Value error, Herbicide product Ally must be defined in the 'herbicideProductData' table in '.../sgr_data/data'"
188,MANANG_S12_BUFFER_R1,"('name',)",value_error,"Value error, Herbicide product Ally must be defined in the 'herbicideProductData' table in '.../sgr_data/data'"
189,MANANG_S12_P0000_R3,"('name',)",value_error,"Value error, Herbicide product Ally must be defined in the 'herbicideProductData' table in '.../sgr_data/data'"
190,MANANG_S12_BUFFER_R1,"('name',)",value_error,"Value error, Herbicide product Ally must be defined in the 'herbicideProductData' table in '.../sgr_data/data'"
191,MANANG_S10.1_BUFFER_R1,"('name',)",value_error,"Value error, Herbicide product Ally must be defined in the 'herbicideProductData' table in '.../sgr_data/data'"
192,MANANG_S10.1_P2312_R1,"('name',)",value_error,"Value error, Herbicide product Ally must be defined in the 'herbicideProductData' table in '.../sgr_data/data'"
193,MANANG_S10.1_BUFFER_R1,"('name',)",value_error,"Value error, Herbicide product Ally must be defined in the 'herbicideProductData' table in '.../sgr_data/data'"
194,MANANG_S13_BUFFER_R1,"('name',)",value_error,"Value error, Herbicide product Ally must be defined in the 'herbicideProductData' table in '.../sgr_data/data'"
195,MANANG_S13_P0000_R3,"('name',)",value_error,"Value error, Herbicide product Ally must be defined in the 'herbicideProductData' table in '.../sgr_data/data'"
196,MANANG_S13_BUFFER_R1,"('name',)",value_error,"Value error, Herbicide product Ally must be defined in the 'herbicideProductData' table in '.../sgr_data/data'"
197,MANANG_S3_BUFFER_R2,"('name',)",value_error,"Value error, Herbicide product Ally must be defined in the 'herbicideProductData' table in '.../sgr_data/data'"
198,MANANG_S3_P2312_R2,"('name',)",value_error,"Value error, Herbicide product Ally must be defined in the 'herbicideProductData' table in '.../sgr_data/data'"
199,MANANG_S3_BUFFER_R2,"('name',)",value_error,"Value error, Herbicide product Ally must be defined in the 'herbicideProductData' table in '.../sgr_data/data'"
200,MANANG_S8.2_BUFFER_R2,"('name',)",value_error,"Value error, Herbicide product Ally must be defined in the 'herbicideProductData' table in '.../sgr_data/data'"
201,MANANG_S8.2_P2312_R2,"('name',)",value_error,"Value error, Herbicide product Ally must be defined in the 'herbicideProductData' table in '.../sgr_data/data'"
202,MANANG_S8.2_BUFFER_R2,"('name',)",value_error,"Value error, Herbicide product Ally must be defined in the 'herbicideProductData' table in '.../sgr_data/data'"
203,MANANG_S8.2_P1231_R2,"('name',)",value_error,"Value error, Herbicide product Ally must be defined in the 'herbicideProductData' table in '.../sgr_data/data'"
204,MANANG_S8.2_BUFFER_R2,"('name',)",value_error,"Value error, Herbicide product Ally must be defined in the 'herbicideProductData' table in '.../sgr_data/data'"
205,MANANG_S1.3_BUFFER_R2,"('name',)",value_error,"Value error, Herbicide product Ally must be defined in the 'herbicideProductData' table in '.../sgr_data/data'"
206,MANANG_S1.3_P2312_R2,"('name',)",value_error,"Value error, Herbicide product Ally must be defined in the 'herbicideProductData' table in '.../sgr_data/data'"
207,MANANG_S1.3_BUFFER_R2,"('name',)",value_error,"Value error, Herbicide product Ally must be defined in the 'herbicideProductData' table in '.../sgr_data/data'"
208,MANANG_S13_BUFFER_R2,"('name',)",value_error,"Value error, Herbicide product Ally must be defined in the 'herbicideProductData' table in '.../sgr_data/data'"
209,MANANG_S13_P0000_R4,"('name',)",value_error,"Value error, Herbicide product Ally must be defined in the 'herbicideProductData' table in '.../sgr_data/data'"
210,MANANG_S13_BUFFER_R2,"('name',)",value_error,"Value error, Herbicide product Ally must be defined in the 'herbicideProductData' table in '.../sgr_data/data'"
211,MANANG_S2_BUFFER_R2,"('name',)",value_error,"Value error, Herbicide product Ally must be defined in the 'herbicideProductData' table in '.../sgr_data/data'"
212,MANANG_S2_P1212_R2,"('name',)",value_error,"Value error, Herbicide product Ally must be defined in the 'herbicideProductData' table in '.../sgr_data/data'"
213,MANANG_S2_BUFFER_R2,"('name',)",value_error,"Value error, Herbicide product Ally must be defined in the 'herbicideProductData' table in '.../sgr_data/data'"
214,MANANG_S1.2_BUFFER_R2,"('name',)",value_error,"Value error, Herbicide product Ally must be defined in the 'herbicideProductData' table in '.../sgr_data/data'"
215,MANANG_S1.2_P2312_R2,"('name',)",value_error,"Value error, Herbicide product Ally must be defined in the 'herbicideProductData' table in '.../sgr_data/data'"
216,MANANG_S1.2_BUFFER_R2,"('name',)",value_error,"Value error, Herbicide product Ally must be defined in the 'herbicideProductData' table in '.../sgr_data/data'"
217,MANANG_S5_BUFFER_R2,"('name',)",value_error,"Value error, Herbicide product Ally must be defined in the 'herbicideProductData' table in '.../sgr_data/data'"
218,MANANG_S5_P2341_R2,"('name',)",value_error,"Value error, Herbicide product Ally must be defined in the 'herbicideProductData' table in '.../sgr_data/data'"
219,MANANG_S5_BUFFER_R2,"('name',)",value_error,"Value error, Herbicide product Ally must be defined in the 'herbicideProductData' table in '.../sgr_data/data'"
220,MANANG_S4_BUFFER_R2,"('name',)",value_error,"Value error, Herbicide product Ally must be defined in the 'herbicideProductData' table in '.../sgr_data/data'"
221,MANANG_S4_P3412_R2,"('name',)",value_error,"Value error, Herbicide product Ally must be defined in the 'herbicideProductData' table in '.../sgr_data/data'"
222,MANANG_S4_BUFFER_R2,"('name',)",value_error,"Value error, Herbicide product Ally must be defined in the 'herbicideProductData' table in '.../sgr_data/data'"
223,MANANG_S8.1_BUFFER_R2,"('name',)",value_error,"Value error, Herbicide product Ally must be defined in the 'herbicideProductData' table in '.../sgr_data/data'"
224,MANANG_S8.1_P2312_R2,"('name',)",value_error,"Value error, Herbicide product Ally must be defined in the 'herbicideProductData' table in '.../sgr_data/data'"
225,MANANG_S8.1_BUFFER_R2,"('name',)",value_error,"Value error, Herbicide product Ally must be defined in the 'herbicideProductData' table in '.../sgr_data/data'"
226,MANANG_S12_BUFFER_R2,"('name',)",value_error,"Value error, Herbicide product Ally must be defined in the 'herbicideProductData' table in '.../sgr_data/data'"
227,MANANG_S12_P0000_R4,"('name',)",value_error,"Value error, Herbicide product Ally must be defined in the 'herbicideProductData' table in '.../sgr_data/data'"
228,MANANG_S12_BUFFER_R2,"('name',)",value_error,"Value error, Herbicide product Ally must be defined in the 'herbicideProductData' table in '.../sgr_data/data'"
229,MANANG_S8.1_BUFFER_R2,"('name',)",value_error,"Value error, Herbicide product Ally must be defined in the 'herbicideProductData' table in '.../sgr_data/data'"
230,MANANG_S8.1_P1231_R2,"('name',)",value_error,"Value error, Herbicide product Ally must be defined in the 'herbicideProductData' table in '.../sgr_data/data'"
231,MANANG_S8.1_BUFFER_R2,"('name',)",value_error,"Value error, Herbicide product Ally must be defined in the 'herbicideProductData' table in '.../sgr_data/data'"
232,MANANG_S13_BUFFER_R2,"('name',)",value_error,"Value error, Herbicide product Ally must be defined in the 'herbicideProductData' table in '.../sgr_data/data'"
233,MANANG_S13_P0000_R5,"('name',)",value_error,"Value error, Herbicide product Ally must be defined in the 'herbicideProductData' table in '.../sgr_data/data'"
234,MANANG_S13_BUFFER_R2,"('name',)",value_error,"Value error, Herbicide product Ally must be defined in the 'herbicideProductData' table in '.../sgr_data/data'"
235,MANANG_S13_BUFFER_R2,"('name',)",value_error,"Value error, Herbicide product Ally must be defined in the 'herbicideProductData' table in '.../sgr_data/data'"
236,MANANG_S13_P0000_R6,"('name',)",value_error,"Value error, Herbicide product Ally must be defined in the 'herbicideProductData' table in '.../sgr_data/data'"
237,MANANG_S13_BUFFER_R2,"('name',)",value_error,"Value error, Herbicide product Ally must be defined in the 'herbicideProductData' table in '.../sgr_data/data'"
238,MANANG_S10.1_BUFFER_R2,"('name',)",value_error,"Value error, Herbicide product Ally must be defined in the 'herbicideProductData' table in '.../sgr_data/data'"
239,MANANG_S10.1_P2312_R2,"('name',)",value_error,"Value error, Herbicide product Ally must be defined in the 'herbicideProductData' table in '.../sgr_data/data'"
240,MANANG_S10.1_BUFFER_R2,"('name',)",value_error,"Value error, Herbicide product Ally must be defined in the 'herbicideProductData' table in '.../sgr_data/data'"
241,MANANG_S7_BUFFER_R2,"('name',)",value_error,"Value error, Herbicide product Ally must be defined in the 'herbicideProductData' table in '.../sgr_data/data'"
242,MANANG_S7_P2312_R2,"('name',)",value_error,"Value error, Herbicide product Ally must be defined in the 'herbicideProductData' table in '.../sgr_data/data'"
243,MANANG_S7_BUFFER_R2,"('name',)",value_error,"Value error, Herbicide product Ally must be defined in the 'herbicideProductData' table in '.../sgr_data/data'"
244,MANANG_S12_BUFFER_R2,"('name',)",value_error,"Value error, Herbicide product Ally must be defined in the 'herbicideProductData' table in '.../sgr_data/data'"
245,MANANG_S12_P0000_R5,"('name',)",value_error,"Value error, Herbicide product Ally must be defined in the 'herbicideProductData' table in '.../sgr_data/data'"
246,MANANG_S12_BUFFER_R2,"('name',)",value_error,"Value error, Herbicide product Ally must be defined in the 'herbicideProductData' table in '.../sgr_data/data'"
247,MANANG_S6_BUFFER_R2,"('name',)",value_error,"Value error, Herbicide product Ally must be defined in the 'herbicideProductData' table in '.../sgr_data/data'"
248,MANANG_S6_P1111_R3,"('name',)",value_error,"Value error, Herbicide product Ally must be defined in the 'herbicideProductData' table in '.../sgr_data/data'"
249,MANANG_S6_BUFFER_R2,"('name',)",value_error,"Value error, Herbicide product Ally must be defined in the 'herbicideProductData' table in '.../sgr_data/data'"
250,MANANG_S1.1_BUFFER_R2,"('name',)",value_error,"Value error, Herbicide product Ally must be defined in the 'herbicideProductData' table in '.../sgr_data/data'"
251,MANANG_S1.1_P1231_R2,"('name',)",value_error,"Value error, Herbicide product Ally must be defined in the 'herbicideProductData' table in '.../sgr_data/data'"
252,MANANG_S1.1_BUFFER_R2,"('name',)",value_error,"Value error, Herbicide product Ally must be defined in the 'herbicideProductData' table in '.../sgr_data/data'"
253,MANANG_S5_BUFFER_R2,"('name',)",value_error,"Value error, Herbicide product Ally must be defined in the 'herbicideProductData' table in '.../sgr_data/data'"
254,MANANG_S5_P1234_R2,"('name',)",value_error,"Value error, Herbicide product Ally must be defined in the 'herbicideProductData' table in '.../sgr_data/data'"
255,MANANG_S5_BUFFER_R2,"('name',)",value_error,"Value error, Herbicide product Ally must be defined in the 'herbicideProductData' table in '.../sgr_data/data'"
256,MANANG_S1.1_BUFFER_R2,"('name',)",value_error,"Value error, Herbicide product Ally must be defined in the 'herbicideProductData' table in '.../sgr_data/data'"
257,MANANG_S1.1_P2312_R2,"('name',)",value_error,"Value error, Herbicide product Ally must be defined in the 'herbicideProductData' table in '.../sgr_data/data'"
258,MANANG_S1.1_BUFFER_R2,"('name',)",value_error,"Value error, Herbicide product Ally must be defined in the 'herbicideProductData' table in '.../sgr_data/data'"
259,MANANG_S12_BUFFER_R2,"('name',)",value_error,"Value error, Herbicide product Ally must be defined in the 'herbicideProductData' table in '.../sgr_data/data'"
260,MANANG_S12_P0000_R6,"('name',)",value_error,"Value error, Herbicide product Ally must be defined in the 'herbicideProductData' table in '.../sgr_data/data'"
261,MANANG_S12_BUFFER_R2,"('name',)",value_error,"Value error, Herbicide product Ally must be defined in the 'herbicideProductData' table in '.../sgr_data/data'"
262,MANANG_S6_BUFFER_R2,"('name',)",value_error,"Value error, Herbicide product Ally must be defined in the 'herbicideProductData' table in '.../sgr_data/data'"
263,MANANG_S6_P1111_R4,"('name',)",value_error,"Value error, Herbicide product Ally must be defined in the 'herbicideProductData' table in '.../sgr_data/data'"
264,MANANG_S6_BUFFER_R2,"('name',)",value_error,"Value error, Herbicide product Ally must be defined in the 'herbicideProductData' table in '.../sgr_data/data'"
265,MANANG_S10.1_BUFFER_R2,"('name',)",value_error,"Value error, Herbicide product Ally must be defined in the 'herbicideProductData' table in '.../sgr_data/data'"
266,MANANG_S10.1_P1231_R2,"('name',)",value_error,"Value error, Herbicide product Ally must be defined in the 'herbicideProductData' table in '.../sgr_data/data'"
267,MANANG_S10.1_BUFFER_R2,"('name',)",value_error,"Value error, Herbicide product Ally must be defined in the 'herbicideProductData' table in '.../sgr_data/data'"
268,MANANG_S1.2_BUFFER_R2,"('name',)",value_error,"Value error, Herbicide product Ally must be defined in the 'herbicideProductData' table in '.../sgr_data/data'"
269,MANANG_S1.2_P1231_R2,"('name',)",value_error,"Value error, Herbicide product Ally must be defined in the 'herbicideProductData' table in '.../sgr_data/data'"
270,MANANG_S1.2_BUFFER_R2,"('name',)",value_error,"Value error, Herbicide product Ally must be defined in the 'herbicideProductData' table in '.../sgr_data/data'"
271,MANANG_S1.3_BUFFER_R2,"('name',)",value_error,"Value error, Herbicide product Ally must be defined in the 'herbicideProductData' table in '.../sgr_data/data'"
272,MANANG_S1.3_P1231_R2,"('name',)",value_error,"Value error, Herbicide product Ally must be defined in the 'herbicideProductData' table in '.../sgr_data/data'"
273,MANANG_S1.3_BUFFER_R2,"('name',)",value_error,"Value error, Herbicide product Ally must be defined in the 'herbicideProductData' table in '.../sgr_data/data'"
274,MANANG_S5_BUFFER_R2,"('name',)",value_error,"Value error, Herbicide product Ally must be defined in the 'herbicideProductData' table in '.../sgr_data/data'"
275,MANANG_S5_P3412_R2,"('name',)",value_error,"Value error, Herbicide product Ally must be defined in the 'herbicideProductData' table in '.../sgr_data/data'"
276,MANANG_S5_BUFFER_R2,"('name',)",value_error,"Value error, Herbicide product Ally must be defined in the 'herbicideProductData' table in '.../sgr_data/data'"
277,MANANG_S7_BUFFER_R2,"('name',)",value_error,"Value error, Herbicide product Ally must be defined in the 'herbicideProductData' table in '.../sgr_data/data'"
278,MANANG_S7_P1231_R2,"('name',)",value_error,"Value error, Herbicide product Ally must be defined in the 'herbicideProductData' table in '.../sgr_data/data'"
279,MANANG_S7_BUFFER_R2,"('name',)",value_error,"Value error, Herbicide product Ally must be defined in the 'herbicideProductData' table in '.../sgr_data/data'"
280,MANANG_S10.2_BUFFER_R2,"('name',)",value_error,"Value error, Herbicide product Ally must be defined in the 'herbicideProductData' table in '.../sgr_data/data'"
281,MANANG_S10.2_P2312_R2,"('name',)",value_error,"Value error, Herbicide product Ally must be defined in the 'herbicideProductData' table in '.../sgr_data/data'"
282,MANANG_S10.2_BUFFER_R2,"('name',)",value_error,"Value error, Herbicide product Ally must be defined in the 'herbicideProductData' table in '.../sgr_data/data'"
283,MANANG_S9_BUFFER_R2,"('name',)",value_error,"Value error, Herbicide product Ally must be defined in the 'herbicideProductData' table in '.../sgr_data/data'"
284,MANANG_S9_P1231_R2,"('name',)",value_error,"Value error, Herbicide product Ally must be defined in the 'herbicideProductData' table in '.../sgr_data/data'"
285,MANANG_S9_BUFFER_R2,"('name',)",value_error,"Value error, Herbicide product Ally must be defined in the 'herbicideProductData' table in '.../sgr_data/data'"
286,MANANG_S4_BUFFER_R2,"('name',)",value_error,"Value error, Herbicide product Ally must be defined in the 'herbicideProductData' table in '.../sgr_data/data'"
287,MANANG_S4_P2341_R2,"('name',)",value_error,"Value error, Herbicide product Ally must be defined in the 'herbicideProductData' table in '.../sgr_data/data'"
288,MANANG_S4_BUFFER_R2,"('name',)",value_error,"Value error, Herbicide product Ally must be defined in the 'herbicideProductData' table in '.../sgr_data/data'"
289,MANANG_S10.2_P1231_R2,"('name',)",value_error,"Value error, Herbicide product Ally must be defined in the 'herbicideProductData' table in '.../sgr_data/data'"
290,MANANG_S10.2_BUFFER_R2,"('name',)",value_error,"Value error, Herbicide product Ally must be defined in the 'herbicideProductData' table in '.../sgr_data/data'"
291,MANANG_S11_BUFFER_R2,"('name',)",value_error,"Value error, Herbicide product Ally must be defined in the 'herbicideProductData' table in '.../sgr_data/data'"
292,MANANG_S11_P1212_R2,"('name',)",value_error,"Value error, Herbicide product Ally must be defined in the 'herbicideProductData' table in '.../sgr_data/data'"
293,MANANG_S11_BUFFER_R2,"('name',)",value_error,"Value error, Herbicide product Ally must be defined in the 'herbicideProductData' table in '.../sgr_data/data'"
294,MANANG_S10.2_BUFFER_R3,"('name',)",value_error,"Value error, Herbicide product Ally must be defined in the 'herbicideProductData' table in '.../sgr_data/data'"
295,MANANG_S10.2_P1231_R3,"('name',)",value_error,"Value error, Herbicide product Ally must be defined in the 'herbicideProductData' table in '.../sgr_data/data'"
296,MANANG_S10.2_BUFFER_R3,"('name',)",value_error,"Value error, Herbicide product Ally must be defined in the 'herbicideProductData' table in '.../sgr_data/data'"
297,MANANG_S8.1_BUFFER_R3,"('name',)",value_error,"Value error, Herbicide product Ally must be defined in the 'herbicideProductData' table in '.../sgr_data/data'"
298,MANANG_S8.1_P2312_R3,"('name',)",value_error,"Value error, Herbicide product Ally must be defined in the 'herbicideProductData' table in '.../sgr_data/data'"
299,MANANG_S8.1_BUFFER_R3,"('name',)",value_error,"Value error, Herbicide product Ally must be defined in the 'herbicideProductData' table in '.../sgr_data/data'"
300,MANANG_S7_BUFFER_R3,"('name',)",value_error,"Value error, Herbicide product Ally must be defined in the 'herbicideProductData' table in '.../sgr_data/data'"
301,MANANG_S7_P2312_R3,"('name',)",value_error,"Value error, Herbicide product Ally must be defined in the 'herbicideProductData' table in '.../sgr_data/data'"
302,MANANG_S7_BUFFER_R3,"('name',)",value_error,"Value error, Herbicide product Ally must be defined in the 'herbicideProductData' table in '.../sgr_data/data'"
303,MANANG_S5_BUFFER_R3,"('name',)",value_error,"Value error, Herbicide product Ally must be defined in the 'herbicideProductData' table in '.../sgr_data/data'"
304,MANANG_S5_P1234_R3,"('name',)",value_error,"Value error, Herbicide product Ally must be defined in the 'herbicideProductData' table in '.../sgr_data/data'"
305,MANANG_S5_BUFFER_R3,"('name',)",value_error,"Value error, Herbicide product Ally must be defined in the 'herbicideProductData' table in '.../sgr_data/data'"
306,MANANG_S1.1_BUFFER_R3,"('name',)",value_error,"Value error, Herbicide product Ally must be defined in the 'herbicideProductData' table in '.../sgr_data/data'"
307,MANANG_S1.1_P2312_R3,"('name',)",value_error,"Value error, Herbicide product Ally must be defined in the 'herbicideProductData' table in '.../sgr_data/data'"
308,MANANG_S1.1_BUFFER_R3,"('name',)",value_error,"Value error, Herbicide product Ally must be defined in the 'herbicideProductData' table in '.../sgr_data/data'"
309,MANANG_S12_BUFFER_R3,"('name',)",value_error,"Value error, Herbicide product Ally must be defined in the 'herbicideProductData' table in '.../sgr_data/data'"
310,MANANG_S12_P0000_R7,"('name',)",value_error,"Value error, Herbicide product Ally must be defined in the 'herbicideProductData' table in '.../sgr_data/data'"
311,MANANG_S12_BUFFER_R3,"('name',)",value_error,"Value error, Herbicide product Ally must be defined in the 'herbicideProductData' table in '.../sgr_data/data'"
312,MANANG_S4_BUFFER_R3,"('name',)",value_error,"Value error, Herbicide product Ally must be defined in the 'herbicideProductData' table in '.../sgr_data/data'"
313,MANANG_S4_P2341_R3,"('name',)",value_error,"Value error, Herbicide product Ally must be defined in the 'herbicideProductData' table in '.../sgr_data/data'"
314,MANANG_S4_BUFFER_R3,"('name',)",value_error,"Value error, Herbicide product Ally must be defined in the 'herbicideProductData' table in '.../sgr_data/data'"
315,MANANG_S11_BUFFER_R3,"('name',)",value_error,"Value error, Herbicide product Ally must be defined in the 'herbicideProductData' table in '.../sgr_data/data'"
316,MANANG_S11_P1212_R3,"('name',)",value_error,"Value error, Herbicide product Ally must be defined in the 'herbicideProductData' table in '.../sgr_data/data'"
317,MANANG_S11_BUFFER_R3,"('name',)",value_error,"Value error, Herbicide product Ally must be defined in the 'herbicideProductData' table in '.../sgr_data/data'"
318,MANANG_S1.1_BUFFER_R3,"('name',)",value_error,"Value error, Herbicide product Ally must be defined in the 'herbicideProductData' table in '.../sgr_data/data'"
319,MANANG_S1.1_P1231_R3,"('name',)",value_error,"Value error, Herbicide product Ally must be defined in the 'herbicideProductData' table in '.../sgr_data/data'"
320,MANANG_S1.1_BUFFER_R3,"('name',)",value_error,"Value error, Herbicide product Ally must be defined in the 'herbicideProductData' table in '.../sgr_data/data'"
321,MANANG_S10.2_BUFFER_R3,"('name',)",value_error,"Value error, Herbicide product Ally must be defined in the 'herbicideProductData' table in '.../sgr_data/data'"
322,MANANG_S10.2_P2312_R3,"('name',)",value_error,"Value error, Herbicide product Ally must be defined in the 'herbicideProductData' table in '.../sgr_data/data'"
323,MANANG_S10.2_BUFFER_R3,"('name',)",value_error,"Value error, Herbicide product Ally must be defined in the 'herbicideProductData' table in '.../sgr_data/data'"
324,MANANG_S12_BUFFER_R3,"('name',)",value_error,"Value error, Herbicide product Ally must be defined in the 'herbicideProductData' table in '.../sgr_data/data'"
325,MANANG_S12_P0000_R8,"('name',)",value_error,"Value error, Herbicide product Ally must be defined in the 'herbicideProductData' table in '.../sgr_data/data'"
326,MANANG_S12_BUFFER_R3,"('name',)",value_error,"Value error, Herbicide product Ally must be defined in the 'herbicideProductData' table in '.../sgr_data/data'"
327,MANANG_S1.3_BUFFER_R3,"('name',)",value_error,"Value error, Herbicide product Ally must be defined in the 'herbicideProductData' table in '.../sgr_data/data'"
328,MANANG_S1.3_P1231_R3,"('name',)",value_error,"Value error, Herbicide product Ally must be defined in the 'herbicideProductData' table in '.../sgr_data/data'"
329,MANANG_S1.3_BUFFER_R3,"('name',)",value_error,"Value error, Herbicide product Ally must be defined in the 'herbicideProductData' table in '.../sgr_data/data'"
330,MANANG_S4_BUFFER_R3,"('name',)",value_error,"Value error, Herbicide product Ally must be defined in the 'herbicideProductData' table in '.../sgr_data/data'"
331,MANANG_S4_P3412_R3,"('name',)",value_error,"Value error, Herbicide product Ally must be defined in the 'herbicideProductData' table in '.../sgr_data/data'"
332,MANANG_S4_BUFFER_R3,"('name',)",value_error,"Value error, Herbicide product Ally must be defined in the 'herbicideProductData' table in '.../sgr_data/data'"
333,MANANG_S6_BUFFER_R3,"('name',)",value_error,"Value error, Herbicide product Ally must be defined in the 'herbicideProductData' table in '.../sgr_data/data'"
334,MANANG_S6_P1111_R5,"('name',)",value_error,"Value error, Herbicide product Ally must be defined in the 'herbicideProductData' table in '.../sgr_data/data'"
335,MANANG_S6_BUFFER_R3,"('name',)",value_error,"Value error, Herbicide product Ally must be defined in the 'herbicideProductData' table in '.../sgr_data/data'"
336,MANANG_S8.2_BUFFER_R3,"('name',)",value_error,"Value error, Herbicide product Ally must be defined in the 'herbicideProductData' table in '.../sgr_data/data'"
337,MANANG_S8.2_P2312_R3,"('name',)",value_error,"Value error, Herbicide product Ally must be defined in the 'herbicideProductData' table in '.../sgr_data/data'"
338,MANANG_S8.2_BUFFER_R3,"('name',)",value_error,"Value error, Herbicide product Ally must be defined in the 'herbicideProductData' table in '.../sgr_data/data'"
339,MANANG_S8.2_P1231_R3,"('name',)",value_error,"Value error, Herbicide product Ally must be defined in the 'herbicideProductData' table in '.../sgr_data/data'"
340,MANANG_S8.2_BUFFER_R3,"('name',)",value_error,"Value error, Herbicide product Ally must be defined in the 'herbicideProductData' table in '.../sgr_data/data'"
341,MANANG_S12_BUFFER_R3,"('name',)",value_error,"Value error, Herbicide product Ally must be defined in the 'herbicideProductData' table in '.../sgr_data/data'"
342,MANANG_S12_P0000_R9,"('name',)",value_error,"Value error, Herbicide product Ally must be defined in the 'herbicideProductData' table in '.../sgr_data/data'"
343,MANANG_S12_BUFFER_R3,"('name',)",value_error,"Value error, Herbicide product Ally must be defined in the 'herbicideProductData' table in '.../sgr_data/data'"
344,MANANG_S6_BUFFER_R3,"('name',)",value_error,"Value error, Herbicide product Ally must be defined in the 'herbicideProductData' table in '.../sgr_data/data'"
345,MANANG_S6_P1111_R6,"('name',)",value_error,"Value error, Herbicide product Ally must be defined in the 'herbicideProductData' table in '.../sgr_data/data'"
346,MANANG_S6_BUFFER_R3,"('name',)",value_error,"Value error, Herbicide product Ally must be defined in the 'herbicideProductData' table in '.../sgr_data/data'"
347,MANANG_S5_BUFFER_R3,"('name',)",value_error,"Value error, Herbicide product Ally must be defined in the 'herbicideProductData' table in '.../sgr_data/data'"
348,MANANG_S5_P2341_R3,"('name',)",value_error,"Value error, Herbicide product Ally must be defined in the 'herbicideProductData' table in '.../sgr_data/data'"
349,MANANG_S5_BUFFER_R3,"('name',)",value_error,"Value error, Herbicide product Ally must be defined in the 'herbicideProductData' table in '.../sgr_data/data'"
350,MANANG_S13_BUFFER_R3,"('name',)",value_error,"Value error, Herbicide product Ally must be defined in the 'herbicideProductData' table in '.../sgr_data/data'"
351,MANANG_S13_P0000_R7,"('name',)",value_error,"Value error, Herbicide product Ally must be defined in the 'herbicideProductData' table in '.../sgr_data/data'"
352,MANANG_S13_BUFFER_R3,"('name',)",value_error,"Value error, Herbicide product Ally must be defined in the 'herbicideProductData' table in '.../sgr_data/data'"
353,MANANG_S9_BUFFER_R3,"('name',)",value_error,"Value error, Herbicide product Ally must be defined in the 'herbicideProductData' table in '.../sgr_data/data'"
354,MANANG_S9_P1231_R3,"('name',)",value_error,"Value error, Herbicide product Ally must be defined in the 'herbicideProductData' table in '.../sgr_data/data'"
355,MANANG_S9_BUFFER_R3,"('name',)",value_error,"Value error, Herbicide product Ally must be defined in the 'herbicideProductData' table in '.../sgr_data/data'"
356,MANANG_S7_BUFFER_R3,"('name',)",value_error,"Value error, Herbicide product Ally must be defined in the 'herbicideProductData' table in '.../sgr_data/data'"
357,MANANG_S7_P1231_R3,"('name',)",value_error,"Value error, Herbicide product Ally must be defined in the 'herbicideProductData' table in '.../sgr_data/data'"
358,MANANG_S7_BUFFER_R3,"('name',)",value_error,"Value error, Herbicide product Ally must be defined in the 'herbicideProductData' table in '.../sgr_data/data'"
359,MANANG_S5_BUFFER_R3,"('name',)",value_error,"Value error, Herbicide product Ally must be defined in the 'herbicideProductData' table in '.../sgr_data/data'"
360,MANANG_S5_P3412_R3,"('name',)",value_error,"Value error, Herbicide product Ally must be defined in the 'herbicideProductData' table in '.../sgr_data/data'"
361,MANANG_S5_BUFFER_R3,"('name',)",value_error,"Value error, Herbicide product Ally must be defined in the 'herbicideProductData' table in '.../sgr_data/data'"
362,MANANG_S1.2_P1231_R3,"('name',)",value_error,"Value error, Herbicide product Ally must be defined in the 'herbicideProductData' table in '.../sgr_data/data'"
363,MANANG_S1.2_BUFFER_R3,"('name',)",value_error,"Value error, Herbicide product Ally must be defined in the 'herbicideProductData' table in '.../sgr_data/data'"
364,MANANG_S8.1_BUFFER_R3,"('name',)",value_error,"Value error, Herbicide product Ally must be defined in the 'herbicideProductData' table in '.../sgr_data/data'"
365,MANANG_S8.1_P1231_R3,"('name',)",value_error,"Value error, Herbicide product Ally must be defined in the 'herbicideProductData' table in '.../sgr_data/data'"
366,MANANG_S8.1_BUFFER_R3,"('name',)",value_error,"Value error, Herbicide product Ally must be defined in the 'herbicideProductData' table in '.../sgr_data/data'"
367,MANANG_S1.2_BUFFER_R3,"('name',)",value_error,"Value error, Herbicide product Ally must be defined in the 'herbicideProductData' table in '.../sgr_data/data'"
368,MANANG_S1.2_P2312_R3,"('name',)",value_error,"Value error, Herbicide product Ally must be defined in the 'herbicideProductData' table in '.../sgr_data/data'"
369,MANANG_S1.2_BUFFER_R3,"('name',)",value_error,"Value error, Herbicide product Ally must be defined in the 'herbicideProductData' table in '.../sgr_data/data'"
370,MANANG_S2_BUFFER_R3,"('name',)",value_error,"Value error, Herbicide product Ally must be defined in the 'herbicideProductData' table in '.../sgr_data/data'"
371,MANANG_S2_P1212_R3,"('name',)",value_error,"Value error, Herbicide product Ally must be defined in the 'herbicideProductData' table in '.../sgr_data/data'"
372,MANANG_S2_BUFFER_R3,"('name',)",value_error,"Value error, Herbicide product Ally must be defined in the 'herbicideProductData' table in '.../sgr_data/data'"
373,MANANG_S13_BUFFER_R3,"('name',)",value_error,"Value error, Herbicide product Ally must be defined in the 'herbicideProductData' table in '.../sgr_data/data'"
374,MANANG_S13_P0000_R8,"('name',)",value_error,"Value error, Herbicide product Ally must be defined in the 'herbicideProductData' table in '.../sgr_data/data'"
375,MANANG_S13_BUFFER_R3,"('name',)",value_error,"Value error, Herbicide product Ally must be defined in the 'herbicideProductData' table in '.../sgr_data/data'"
376,MANANG_S10.1_BUFFER_R3,"('name',)",value_error,"Value error, Herbicide product Ally must be defined in the 'herbicideProductData' table in '.../sgr_data/data'"
377,MANANG_S10.1_P1231_R3,"('name',)",value_error,"Value error, Herbicide product Ally must be defined in the 'herbicideProductData' table in '.../sgr_data/data'"
378,MANANG_S10.1_BUFFER_R3,"('name',)",value_error,"Value error, Herbicide product Ally must be defined in the 'herbicideProductData' table in '.../sgr_data/data'"
379,MANANG_S1.3_BUFFER_R3,"('name',)",value_error,"Value error, Herbicide product Ally must be defined in the 'herbicideProductData' table in '.../sgr_data/data'"
380,MANANG_S1.3_P2312_R3,"('name',)",value_error,"Value error, Herbicide product Ally must be defined in the 'herbicideProductData' table in '.../sgr_data/data'"
381,MANANG_S1.3_BUFFER_R3,"('name',)",value_error,"Value error, Herbicide product Ally must be defined in the 'herbicideProductData' table in '.../sgr_data/data'"
382,MANANG_S3_P2312_R3,"('name',)",value_error,"Value error, Herbicide product Ally must be defined in the 'herbicideProductData' table in '.../sgr_data/data'"
383,MANANG_S3_BUFFER_R3,"('name',)",value_error,"Value error, Herbicide product Ally must be defined in the 'herbicideProductData' table in '.../sgr_data/data'"
384,MANANG_S13_BUFFER_R3,"('name',)",value_error,"Value error, Herbicide product Ally must be defined in the 'herbicideProductData' table in '.../sgr_data/data'"
385,MANANG_S13_P0000_R9,"('name',)",value_error,"Value error, Herbicide product Ally must be defined in the 'herbicideProductData' table in '.../sgr_data/data'"
386,MANANG_S13_BUFFER_R3,"('name',)",value_error,"Value error, Herbicide product Ally must be defined in the 'herbicideProductData' table in '.../sgr_data/data'"
387,MANANG_S10.1_BUFFER_R3,"('name',)",value_error,"Value error, Herbicide product Ally must be defined in the 'herbicideProductData' table in '.../sgr_data/data'"
388,MANANG_S10.1_P2312_R3,"('name',)",value_error,"Value error, Herbicide product Ally must be defined in the 'herbicideProductData' table in '.../sgr_data/data'"
389,MANANG_S10.1_BUFFER_R3,"('name',)",value_error,"Value error, Herbicide product Ally must be defined in the 'herbicideProductData' table in '.../sgr_data/data'"
390,MANANG_S4_BUFFER_R1,"('name',)",value_error,"Value error, Herbicide product Elantra (Quizalofop 200) must be defined in the 'herbicideProductData' table in '.../sgr_data/data'"
391,MANANG_S4_P1234_R1,"('name',)",value_error,"Value error, Herbicide product Elantra (Quizalofop 200) must be defined in the 'herbicideProductData' table in '.../sgr_data/data'"
392,MANANG_S4_BUFFER_R1,"('name',)",value_error,"Value error, Herbicide product Elantra (Quizalofop 200) must be defined in the 'herbicideProductData' table in '.../sgr_data/data'"
393,MANANG_S4_BUFFER_R2,"('name',)",value_error,"Value error, Herbicide product Elantra (Quizalofop 200) must be defined in the 'herbicideProductData' table in '.../sgr_data/data'"
394,MANANG_S4_P1234_R2,"('name',)",value_error,"Value error, Herbicide product Elantra (Quizalofop 200) must be defined in the 'herbicideProductData' table in '.../sgr_data/data'"
395,MANANG_S4_BUFFER_R2,"('name',)",value_error,"Value error, Herbicide product Elantra (Quizalofop 200) must be defined in the 'herbicideProductData' table in '.../sgr_data/data'"
396,MANANG_S4_BUFFER_R3,"('name',)",value_error,"Value error, Herbicide product Elantra (Quizalofop 200) must be defined in the 'herbicideProductData' table in '.../sgr_data/data'"
397,MANANG_S4_P1234_R3,"('name',)",value_error,"Value error, Herbicide product Elantra (Quizalofop 200) must be defined in the 'herbicideProductData' table in '.../sgr_data/data'"
398,MANANG_S4_BUFFER_R3,"('name',)",value_error,"Value error, Herbicide product Elantra (Quizalofop 200) must be defined in the 'herbicideProductData' table in '.../sgr_data/data'"
399,MANANG_S8.1_BUFFER_R1,"('name',)",value_error,"Value error, Herbicide product Ester 680 must be defined in the 'herbicideProductData' table in '.../sgr_data/data'"
400,MANANG_S8.1_P2312_R1,"('name',)",value_error,"Value error, Herbicide product Ester 680 must be defined in the 'herbicideProductData' table in '.../sgr_data/data'"
401,MANANG_S8.1_BUFFER_R1,"('name',)",value_error,"Value error, Herbicide product Ester 680 must be defined in the 'herbicideProductData' table in '.../sgr_data/data'"
402,MANANG_S1.1_BUFFER_R1,"('name',)",value_error,"Value error, Herbicide product Ester 680 must be defined in the 'herbicideProductData' table in '.../sgr_data/data'"
403,MANANG_S1.1_P3123_R1,"('name',)",value_error,"Value error, Herbicide product Ester 680 must be defined in the 'herbicideProductData' table in '.../sgr_data/data'"
404,MANANG_S1.1_BUFFER_R1,"('name',)",value_error,"Value error, Herbicide product Ester 680 must be defined in the 'herbicideProductData' table in '.../sgr_data/data'"
405,MANANG_S4_BUFFER_R1,"('name',)",value_error,"Value error, Herbicide product Ester 680 must be defined in the 'herbicideProductData' table in '.../sgr_data/data'"
406,MANANG_S4_P4123_R1,"('name',)",value_error,"Value error, Herbicide product Ester 680 must be defined in the 'herbicideProductData' table in '.../sgr_data/data'"
407,MANANG_S4_BUFFER_R1,"('name',)",value_error,"Value error, Herbicide product Ester 680 must be defined in the 'herbicideProductData' table in '.../sgr_data/data'"
408,MANANG_S12_BUFFER_R1,"('name',)",value_error,"Value error, Herbicide product Ester 680 must be defined in the 'herbicideProductData' table in '.../sgr_data/data'"
409,MANANG_S12_P0000_R1,"('name',)",value_error,"Value error, Herbicide product Ester 680 must be defined in the 'herbicideProductData' table in '.../sgr_data/data'"
410,MANANG_S12_BUFFER_R1,"('name',)",value_error,"Value error, Herbicide product Ester 680 must be defined in the 'herbicideProductData' table in '.../sgr_data/data'"
411,MANANG_S6_BUFFER_R1,"('name',)",value_error,"Value error, Herbicide product Ester 680 must be defined in the 'herbicideProductData' table in '.../sgr_data/data'"
412,MANANG_S6_P1111_R1,"('name',)",value_error,"Value error, Herbicide product Ester 680 must be defined in the 'herbicideProductData' table in '.../sgr_data/data'"
413,MANANG_S6_BUFFER_R1,"('name',)",value_error,"Value error, Herbicide product Ester 680 must be defined in the 'herbicideProductData' table in '.../sgr_data/data'"
414,MANANG_S10.2_BUFFER_R1,"('name',)",value_error,"Value error, Herbicide product Ester 680 must be defined in the 'herbicideProductData' table in '.../sgr_data/data'"
415,MANANG_S10.2_P3123_R1,"('name',)",value_error,"Value error, Herbicide product Ester 680 must be defined in the 'herbicideProductData' table in '.../sgr_data/data'"
416,MANANG_S10.2_BUFFER_R1,"('name',)",value_error,"Value error, Herbicide product Ester 680 must be defined in the 'herbicideProductData' table in '.../sgr_data/data'"
417,MANANG_S1.3_BUFFER_R1,"('name',)",value_error,"Value error, Herbicide product Ester 680 must be defined in the 'herbicideProductData' table in '.../sgr_data/data'"
418,MANANG_S1.3_P3123_R1,"('name',)",value_error,"Value error, Herbicide product Ester 680 must be defined in the 'herbicideProductData' table in '.../sgr_data/data'"
419,MANANG_S1.3_BUFFER_R1,"('name',)",value_error,"Value error, Herbicide product Ester 680 must be defined in the 'herbicideProductData' table in '.../sgr_data/data'"
420,MANANG_S3_BUFFER_R1,"('name',)",value_error,"Value error, Herbicide product Ester 680 must be defined in the 'herbicideProductData' table in '.../sgr_data/data'"
421,MANANG_S3_P1231_R1,"('name',)",value_error,"Value error, Herbicide product Ester 680 must be defined in the 'herbicideProductData' table in '.../sgr_data/data'"
422,MANANG_S3_BUFFER_R1,"('name',)",value_error,"Value error, Herbicide product Ester 680 must be defined in the 'herbicideProductData' table in '.../sgr_data/data'"
423,MANANG_S5_BUFFER_R1,"('name',)",value_error,"Value error, Herbicide product Ester 680 must be defined in the 'herbicideProductData' table in '.../sgr_data/data'"
424,MANANG_S5_P2341_R1,"('name',)",value_error,"Value error, Herbicide product Ester 680 must be defined in the 'herbicideProductData' table in '.../sgr_data/data'"
425,MANANG_S5_BUFFER_R1,"('name',)",value_error,"Value error, Herbicide product Ester 680 must be defined in the 'herbicideProductData' table in '.../sgr_data/data'"
426,MANANG_S8.2_BUFFER_R1,"('name',)",value_error,"Value error, Herbicide product Ester 680 must be defined in the 'herbicideProductData' table in '.../sgr_data/data'"
427,MANANG_S8.2_P1231_R1,"('name',)",value_error,"Value error, Herbicide product Ester 680 must be defined in the 'herbicideProductData' table in '.../sgr_data/data'"
428,MANANG_S8.2_BUFFER_R1,"('name',)",value_error,"Value error, Herbicide product Ester 680 must be defined in the 'herbicideProductData' table in '.../sgr_data/data'"
429,MANANG_S8.1_BUFFER_R1,"('name',)",value_error,"Value error, Herbicide product Ester 680 must be defined in the 'herbicideProductData' table in '.../sgr_data/data'"
430,MANANG_S8.1_P1231_R1,"('name',)",value_error,"Value error, Herbicide product Ester 680 must be defined in the 'herbicideProductData' table in '.../sgr_data/data'"
431,MANANG_S8.1_BUFFER_R1,"('name',)",value_error,"Value error, Herbicide product Ester 680 must be defined in the 'herbicideProductData' table in '.../sgr_data/data'"
432,MANANG_S11_BUFFER_R1,"('name',)",value_error,"Value error, Herbicide product Ester 680 must be defined in the 'herbicideProductData' table in '.../sgr_data/data'"
433,MANANG_S11_P2121_R1,"('name',)",value_error,"Value error, Herbicide product Ester 680 must be defined in the 'herbicideProductData' table in '.../sgr_data/data'"
434,MANANG_S11_BUFFER_R1,"('name',)",value_error,"Value error, Herbicide product Ester 680 must be defined in the 'herbicideProductData' table in '.../sgr_data/data'"
435,MANANG_S1.1_BUFFER_R1,"('name',)",value_error,"Value error, Herbicide product Ester 680 must be defined in the 'herbicideProductData' table in '.../sgr_data/data'"
436,MANANG_S1.1_P1231_R1,"('name',)",value_error,"Value error, Herbicide product Ester 680 must be defined in the 'herbicideProductData' table in '.../sgr_data/data'"
437,MANANG_S1.1_BUFFER_R1,"('name',)",value_error,"Value error, Herbicide product Ester 680 must be defined in the 'herbicideProductData' table in '.../sgr_data/data'"
438,MANANG_S5_BUFFER_R1,"('name',)",value_error,"Value error, Herbicide product Ester 680 must be defined in the 'herbicideProductData' table in '.../sgr_data/data'"
439,MANANG_S5_P1234_R1,"('name',)",value_error,"Value error, Herbicide product Ester 680 must be defined in the 'herbicideProductData' table in '.../sgr_data/data'"
440,MANANG_S5_BUFFER_R1,"('name',)",value_error,"Value error, Herbicide product Ester 680 must be defined in the 'herbicideProductData' table in '.../sgr_data/data'"
441,MANANG_S11_BUFFER_R1,"('name',)",value_error,"Value error, Herbicide product Ester 680 must be defined in the 'herbicideProductData' table in '.../sgr_data/data'"
442,MANANG_S11_P1212_R1,"('name',)",value_error,"Value error, Herbicide product Ester 680 must be defined in the 'herbicideProductData' table in '.../sgr_data/data'"
443,MANANG_S11_BUFFER_R1,"('name',)",value_error,"Value error, Herbicide product Ester 680 must be defined in the 'herbicideProductData' table in '.../sgr_data/data'"
444,MANANG_S13_BUFFER_R1,"('name',)",value_error,"Value error, Herbicide product Ester 680 must be defined in the 'herbicideProductData' table in '.../sgr_data/data'"
445,MANANG_S13_P0000_R1,"('name',)",value_error,"Value error, Herbicide product Ester 680 must be defined in the 'herbicideProductData' table in '.../sgr_data/data'"
446,MANANG_S13_BUFFER_R1,"('name',)",value_error,"Value error, Herbicide product Ester 680 must be defined in the 'herbicideProductData' table in '.../sgr_data/data'"
447,MANANG_S9_BUFFER_R1,"('name',)",value_error,"Value error, Herbicide product Ester 680 must be defined in the 'herbicideProductData' table in '.../sgr_data/data'"
448,MANANG_S9_P1231_R1,"('name',)",value_error,"Value error, Herbicide product Ester 680 must be defined in the 'herbicideProductData' table in '.../sgr_data/data'"
449,MANANG_S9_BUFFER_R1,"('name',)",value_error,"Value error, Herbicide product Ester 680 must be defined in the 'herbicideProductData' table in '.../sgr_data/data'"
450,MANANG_S1.3_BUFFER_R1,"('name',)",value_error,"Value error, Herbicide product Ester 680 must be defined in the 'herbicideProductData' table in '.../sgr_data/data'"
451,MANANG_S1.3_P1231_R1,"('name',)",value_error,"Value error, Herbicide product Ester 680 must be defined in the 'herbicideProductData' table in '.../sgr_data/data'"
452,MANANG_S1.3_BUFFER_R1,"('name',)",value_error,"Value error, Herbicide product Ester 680 must be defined in the 'herbicideProductData' table in '.../sgr_data/data'"
453,MANANG_S5_BUFFER_R1,"('name',)",value_error,"Value error, Herbicide product Ester 680 must be defined in the 'herbicideProductData' table in '.../sgr_data/data'"
454,MANANG_S5_P3412_R1,"('name',)",value_error,"Value error, Herbicide product Ester 680 must be defined in the 'herbicideProductData' table in '.../sgr_data/data'"
455,MANANG_S5_BUFFER_R1,"('name',)",value_error,"Value error, Herbicide product Ester 680 must be defined in the 'herbicideProductData' table in '.../sgr_data/data'"
456,MANANG_S8.2_BUFFER_R1,"('name',)",value_error,"Value error, Herbicide product Ester 680 must be defined in the 'herbicideProductData' table in '.../sgr_data/data'"
457,MANANG_S8.2_P2312_R1,"('name',)",value_error,"Value error, Herbicide product Ester 680 must be defined in the 'herbicideProductData' table in '.../sgr_data/data'"
458,MANANG_S8.2_BUFFER_R1,"('name',)",value_error,"Value error, Herbicide product Ester 680 must be defined in the 'herbicideProductData' table in '.../sgr_data/data'"
459,MANANG_S8.2_P3123_R1,"('name',)",value_error,"Value error, Herbicide product Ester 680 must be defined in the 'herbicideProductData' table in '.../sgr_data/data'"
460,MANANG_S8.2_BUFFER_R1,"('name',)",value_error,"Value error, Herbicide product Ester 680 must be defined in the 'herbicideProductData' table in '.../sgr_data/data'"
461,MANANG_S1.2_BUFFER_R1,"('name',)",value_error,"Value error, Herbicide product Ester 680 must be defined in the 'herbicideProductData' table in '.../sgr_data/data'"
462,MANANG_S1.2_P1231_R1,"('name',)",value_error,"Value error, Herbicide product Ester 680 must be defined in the 'herbicideProductData' table in '.../sgr_data/data'"
463,MANANG_S1.2_BUFFER_R1,"('name',)",value_error,"Value error, Herbicide product Ester 680 must be defined in the 'herbicideProductData' table in '.../sgr_data/data'"
464,MANANG_S10.1_BUFFER_R1,"('name',)",value_error,"Value error, Herbicide product Ester 680 must be defined in the 'herbicideProductData' table in '.../sgr_data/data'"
465,MANANG_S10.1_P1231_R1,"('name',)",value_error,"Value error, Herbicide product Ester 680 must be defined in the 'herbicideProductData' table in '.../sgr_data/data'"
466,MANANG_S10.1_BUFFER_R1,"('name',)",value_error,"Value error, Herbicide product Ester 680 must be defined in the 'herbicideProductData' table in '.../sgr_data/data'"
467,MANANG_S12_BUFFER_R1,"('name',)",value_error,"Value error, Herbicide product Ester 680 must be defined in the 'herbicideProductData' table in '.../sgr_data/data'"
468,MANANG_S12_P0000_R2,"('name',)",value_error,"Value error, Herbicide product Ester 680 must be defined in the 'herbicideProductData' table in '.../sgr_data/data'"
469,MANANG_S12_BUFFER_R1,"('name',)",value_error,"Value error, Herbicide product Ester 680 must be defined in the 'herbicideProductData' table in '.../sgr_data/data'"
470,MANANG_S4_BUFFER_R1,"('name',)",value_error,"Value error, Herbicide product Ester 680 must be defined in the 'herbicideProductData' table in '.../sgr_data/data'"
471,MANANG_S4_P3412_R1,"('name',)",value_error,"Value error, Herbicide product Ester 680 must be defined in the 'herbicideProductData' table in '.../sgr_data/data'"
472,MANANG_S4_BUFFER_R1,"('name',)",value_error,"Value error, Herbicide product Ester 680 must be defined in the 'herbicideProductData' table in '.../sgr_data/data'"
473,MANANG_S1.2_BUFFER_R1,"('name',)",value_error,"Value error, Herbicide product Ester 680 must be defined in the 'herbicideProductData' table in '.../sgr_data/data'"
474,MANANG_S1.2_P2312_R1,"('name',)",value_error,"Value error, Herbicide product Ester 680 must be defined in the 'herbicideProductData' table in '.../sgr_data/data'"
475,MANANG_S1.2_BUFFER_R1,"('name',)",value_error,"Value error, Herbicide product Ester 680 must be defined in the 'herbicideProductData' table in '.../sgr_data/data'"
476,MANANG_S10.1_BUFFER_R1,"('name',)",value_error,"Value error, Herbicide product Ester 680 must be defined in the 'herbicideProductData' table in '.../sgr_data/data'"
477,MANANG_S10.1_P3123_R1,"('name',)",value_error,"Value error, Herbicide product Ester 680 must be defined in the 'herbicideProductData' table in '.../sgr_data/data'"
478,MANANG_S10.1_BUFFER_R1,"('name',)",value_error,"Value error, Herbicide product Ester 680 must be defined in the 'herbicideProductData' table in '.../sgr_data/data'"
479,MANANG_S7_BUFFER_R1,"('name',)",value_error,"Value error, Herbicide product Ester 680 must be defined in the 'herbicideProductData' table in '.../sgr_data/data'"
480,MANANG_S7_P1231_R1,"('name',)",value_error,"Value error, Herbicide product Ester 680 must be defined in the 'herbicideProductData' table in '.../sgr_data/data'"
481,MANANG_S7_BUFFER_R1,"('name',)",value_error,"Value error, Herbicide product Ester 680 must be defined in the 'herbicideProductData' table in '.../sgr_data/data'"
482,MANANG_S7_P3123_R1,"('name',)",value_error,"Value error, Herbicide product Ester 680 must be defined in the 'herbicideProductData' table in '.../sgr_data/data'"
483,MANANG_S7_BUFFER_R1,"('name',)",value_error,"Value error, Herbicide product Ester 680 must be defined in the 'herbicideProductData' table in '.../sgr_data/data'"
484,MANANG_S4_BUFFER_R1,"('name',)",value_error,"Value error, Herbicide product Ester 680 must be defined in the 'herbicideProductData' table in '.../sgr_data/data'"
485,MANANG_S4_P1234_R1,"('name',)",value_error,"Value error, Herbicide product Ester 680 must be defined in the 'herbicideProductData' table in '.../sgr_data/data'"
486,MANANG_S4_BUFFER_R1,"('name',)",value_error,"Value error, Herbicide product Ester 680 must be defined in the 'herbicideProductData' table in '.../sgr_data/data'"
487,MANANG_S10.2_BUFFER_R1,"('name',)",value_error,"Value error, Herbicide product Ester 680 must be defined in the 'herbicideProductData' table in '.../sgr_data/data'"
488,MANANG_S10.2_P2312_R1,"('name',)",value_error,"Value error, Herbicide product Ester 680 must be defined in the 'herbicideProductData' table in '.../sgr_data/data'"
489,MANANG_S10.2_BUFFER_R1,"('name',)",value_error,"Value error, Herbicide product Ester 680 must be defined in the 'herbicideProductData' table in '.../sgr_data/data'"
490,MANANG_S9_BUFFER_R1,"('name',)",value_error,"Value error, Herbicide product Ester 680 must be defined in the 'herbicideProductData' table in '.../sgr_data/data'"
491,MANANG_S9_P3123_R1,"('name',)",value_error,"Value error, Herbicide product Ester 680 must be defined in the 'herbicideProductData' table in '.../sgr_data/data'"
492,MANANG_S9_BUFFER_R1,"('name',)",value_error,"Value error, Herbicide product Ester 680 must be defined in the 'herbicideProductData' table in '.../sgr_data/data'"
493,MANANG_S2_BUFFER_R1,"('name',)",value_error,"Value error, Herbicide product Ester 680 must be defined in the 'herbicideProductData' table in '.../sgr_data/data'"
494,MANANG_S2_P1212_R1,"('name',)",value_error,"Value error, Herbicide product Ester 680 must be defined in the 'herbicideProductData' table in '.../sgr_data/data'"
495,MANANG_S2_BUFFER_R1,"('name',)",value_error,"Value error, Herbicide product Ester 680 must be defined in the 'herbicideProductData' table in '.../sgr_data/data'"
496,MANANG_S1.3_BUFFER_R1,"('name',)",value_error,"Value error, Herbicide product Ester 680 must be defined in the 'herbicideProductData' table in '.../sgr_data/data'"
497,MANANG_S1.3_P2312_R1,"('name',)",value_error,"Value error, Herbicide product Ester 680 must be defined in the 'herbicideProductData' table in '.../sgr_data/data'"
498,MANANG_S1.3_BUFFER_R1,"('name',)",value_error,"Value error, Herbicide product Ester 680 must be defined in the 'herbicideProductData' table in '.../sgr_data/data'"
499,MANANG_S2_BUFFER_R1,"('name',)",value_error,"Value error, Herbicide product Ester 680 must be defined in the 'herbicideProductData' table in '.../sgr_data/data'"
500,MANANG_S2_P2121_R1,"('name',)",value_error,"Value error, Herbicide product Ester 680 must be defined in the 'herbicideProductData' table in '.../sgr_data/data'"
501,MANANG_S2_BUFFER_R1,"('name',)",value_error,"Value error, Herbicide product Ester 680 must be defined in the 'herbicideProductData' table in '.../sgr_data/data'"
502,MANANG_S3_BUFFER_R1,"('name',)",value_error,"Value error, Herbicide product Ester 680 must be defined in the 'herbicideProductData' table in '.../sgr_data/data'"
503,MANANG_S3_P2312_R1,"('name',)",value_error,"Value error, Herbicide product Ester 680 must be defined in the 'herbicideProductData' table in '.../sgr_data/data'"
504,MANANG_S3_BUFFER_R1,"('name',)",value_error,"Value error, Herbicide product Ester 680 must be defined in the 'herbicideProductData' table in '.../sgr_data/data'"
505,MANANG_S6_BUFFER_R1,"('name',)",value_error,"Value error, Herbicide product Ester 680 must be defined in the 'herbicideProductData' table in '.../sgr_data/data'"
506,MANANG_S6_P1111_R2,"('name',)",value_error,"Value error, Herbicide product Ester 680 must be defined in the 'herbicideProductData' table in '.../sgr_data/data'"
507,MANANG_S6_BUFFER_R1,"('name',)",value_error,"Value error, Herbicide product Ester 680 must be defined in the 'herbicideProductData' table in '.../sgr_data/data'"
508,MANANG_S1.1_BUFFER_R1,"('name',)",value_error,"Value error, Herbicide product Ester 680 must be defined in the 'herbicideProductData' table in '.../sgr_data/data'"
509,MANANG_S1.1_P2312_R1,"('name',)",value_error,"Value error, Herbicide product Ester 680 must be defined in the 'herbicideProductData' table in '.../sgr_data/data'"
510,MANANG_S1.1_BUFFER_R1,"('name',)",value_error,"Value error, Herbicide product Ester 680 must be defined in the 'herbicideProductData' table in '.../sgr_data/data'"
511,MANANG_S1.2_BUFFER_R1,"('name',)",value_error,"Value error, Herbicide product Ester 680 must be defined in the 'herbicideProductData' table in '.../sgr_data/data'"
512,MANANG_S1.2_P3123_R1,"('name',)",value_error,"Value error, Herbicide product Ester 680 must be defined in the 'herbicideProductData' table in '.../sgr_data/data'"
513,MANANG_S1.2_BUFFER_R1,"('name',)",value_error,"Value error, Herbicide product Ester 680 must be defined in the 'herbicideProductData' table in '.../sgr_data/data'"
514,MANANG_S10.2_BUFFER_R1,"('name',)",value_error,"Value error, Herbicide product Ester 680 must be defined in the 'herbicideProductData' table in '.../sgr_data/data'"
515,MANANG_S10.2_P1231_R1,"('name',)",value_error,"Value error, Herbicide product Ester 680 must be defined in the 'herbicideProductData' table in '.../sgr_data/data'"
516,MANANG_S10.2_BUFFER_R1,"('name',)",value_error,"Value error, Herbicide product Ester 680 must be defined in the 'herbicideProductData' table in '.../sgr_data/data'"
517,MANANG_S9_BUFFER_R1,"('name',)",value_error,"Value error, Herbicide product Ester 680 must be defined in the 'herbicideProductData' table in '.../sgr_data/data'"
518,MANANG_S9_P2312_R1,"('name',)",value_error,"Value error, Herbicide product Ester 680 must be defined in the 'herbicideProductData' table in '.../sgr_data/data'"
519,MANANG_S9_BUFFER_R1,"('name',)",value_error,"Value error, Herbicide product Ester 680 must be defined in the 'herbicideProductData' table in '.../sgr_data/data'"
520,MANANG_S13_BUFFER_R1,"('name',)",value_error,"Value error, Herbicide product Ester 680 must be defined in the 'herbicideProductData' table in '.../sgr_data/data'"
521,MANANG_S13_P0000_R2,"('name',)",value_error,"Value error, Herbicide product Ester 680 must be defined in the 'herbicideProductData' table in '.../sgr_data/data'"
522,MANANG_S13_BUFFER_R1,"('name',)",value_error,"Value error, Herbicide product Ester 680 must be defined in the 'herbicideProductData' table in '.../sgr_data/data'"
523,MANANG_S4_BUFFER_R1,"('name',)",value_error,"Value error, Herbicide product Ester 680 must be defined in the 'herbicideProductData' table in '.../sgr_data/data'"
524,MANANG_S4_P2341_R1,"('name',)",value_error,"Value error, Herbicide product Ester 680 must be defined in the 'herbicideProductData' table in '.../sgr_data/data'"
525,MANANG_S4_BUFFER_R1,"('name',)",value_error,"Value error, Herbicide product Ester 680 must be defined in the 'herbicideProductData' table in '.../sgr_data/data'"
526,MANANG_S7_BUFFER_R1,"('name',)",value_error,"Value error, Herbicide product Ester 680 must be defined in the 'herbicideProductData' table in '.../sgr_data/data'"
527,MANANG_S7_P2312_R1,"('name',)",value_error,"Value error, Herbicide product Ester 680 must be defined in the 'herbicideProductData' table in '.../sgr_data/data'"
528,MANANG_S7_BUFFER_R1,"('name',)",value_error,"Value error, Herbicide product Ester 680 must be defined in the 'herbicideProductData' table in '.../sgr_data/data'"
529,MANANG_S3_BUFFER_R1,"('name',)",value_error,"Value error, Herbicide product Ester 680 must be defined in the 'herbicideProductData' table in '.../sgr_data/data'"
530,MANANG_S3_P3123_R1,"('name',)",value_error,"Value error, Herbicide product Ester 680 must be defined in the 'herbicideProductData' table in '.../sgr_data/data'"
531,MANANG_S3_BUFFER_R1,"('name',)",value_error,"Value error, Herbicide product Ester 680 must be defined in the 'herbicideProductData' table in '.../sgr_data/data'"
532,MANANG_S5_BUFFER_R1,"('name',)",value_error,"Value error, Herbicide product Ester 680 must be defined in the 'herbicideProductData' table in '.../sgr_data/data'"
533,MANANG_S5_P4123_R1,"('name',)",value_error,"Value error, Herbicide product Ester 680 must be defined in the 'herbicideProductData' table in '.../sgr_data/data'"
534,MANANG_S5_BUFFER_R1,"('name',)",value_error,"Value error, Herbicide product Ester 680 must be defined in the 'herbicideProductData' table in '.../sgr_data/data'"
535,MANANG_S12_BUFFER_R1,"('name',)",value_error,"Value error, Herbicide product Ester 680 must be defined in the 'herbicideProductData' table in '.../sgr_data/data'"
536,MANANG_S12_P0000_R3,"('name',)",value_error,"Value error, Herbicide product Ester 680 must be defined in the 'herbicideProductData' table in '.../sgr_data/data'"
537,MANANG_S12_BUFFER_R1,"('name',)",value_error,"Value error, Herbicide product Ester 680 must be defined in the 'herbicideProductData' table in '.../sgr_data/data'"
538,MANANG_S10.1_BUFFER_R1,"('name',)",value_error,"Value error, Herbicide product Ester 680 must be defined in the 'herbicideProductData' table in '.../sgr_data/data'"
539,MANANG_S10.1_P2312_R1,"('name',)",value_error,"Value error, Herbicide product Ester 680 must be defined in the 'herbicideProductData' table in '.../sgr_data/data'"
540,MANANG_S10.1_BUFFER_R1,"('name',)",value_error,"Value error, Herbicide product Ester 680 must be defined in the 'herbicideProductData' table in '.../sgr_data/data'"
541,MANANG_S13_BUFFER_R1,"('name',)",value_error,"Value error, Herbicide product Ester 680 must be defined in the 'herbicideProductData' table in '.../sgr_data/data'"
542,MANANG_S13_P0000_R3,"('name',)",value_error,"Value error, Herbicide product Ester 680 must be defined in the 'herbicideProductData' table in '.../sgr_data/data'"
543,MANANG_S13_BUFFER_R1,"('name',)",value_error,"Value error, Herbicide product Ester 680 must be defined in the 'herbicideProductData' table in '.../sgr_data/data'"
544,MANANG_S8.1_BUFFER_R1,"('name',)",value_error,"Value error, Herbicide product Ester 680 must be defined in the 'herbicideProductData' table in '.../sgr_data/data'"
545,MANANG_S8.1_P3123_R1,"('name',)",value_error,"Value error, Herbicide product Ester 680 must be defined in the 'herbicideProductData' table in '.../sgr_data/data'"
546,MANANG_S8.1_BUFFER_R1,"('name',)",value_error,"Value error, Herbicide product Ester 680 must be defined in the 'herbicideProductData' table in '.../sgr_data/data'"
547,MANANG_S3_BUFFER_R2,"('name',)",value_error,"Value error, Herbicide product Ester 680 must be defined in the 'herbicideProductData' table in '.../sgr_data/data'"
548,MANANG_S3_P2312_R2,"('name',)",value_error,"Value error, Herbicide product Ester 680 must be defined in the 'herbicideProductData' table in '.../sgr_data/data'"
549,MANANG_S3_BUFFER_R2,"('name',)",value_error,"Value error, Herbicide product Ester 680 must be defined in the 'herbicideProductData' table in '.../sgr_data/data'"
550,MANANG_S8.2_BUFFER_R2,"('name',)",value_error,"Value error, Herbicide product Ester 680 must be defined in the 'herbicideProductData' table in '.../sgr_data/data'"
551,MANANG_S8.2_P2312_R2,"('name',)",value_error,"Value error, Herbicide product Ester 680 must be defined in the 'herbicideProductData' table in '.../sgr_data/data'"
552,MANANG_S8.2_BUFFER_R2,"('name',)",value_error,"Value error, Herbicide product Ester 680 must be defined in the 'herbicideProductData' table in '.../sgr_data/data'"
553,MANANG_S8.2_P1231_R2,"('name',)",value_error,"Value error, Herbicide product Ester 680 must be defined in the 'herbicideProductData' table in '.../sgr_data/data'"
554,MANANG_S8.2_BUFFER_R2,"('name',)",value_error,"Value error, Herbicide product Ester 680 must be defined in the 'herbicideProductData' table in '.../sgr_data/data'"
555,MANANG_S1.3_BUFFER_R2,"('name',)",value_error,"Value error, Herbicide product Ester 680 must be defined in the 'herbicideProductData' table in '.../sgr_data/data'"
556,MANANG_S1.3_P2312_R2,"('name',)",value_error,"Value error, Herbicide product Ester 680 must be defined in the 'herbicideProductData' table in '.../sgr_data/data'"
557,MANANG_S1.3_BUFFER_R2,"('name',)",value_error,"Value error, Herbicide product Ester 680 must be defined in the 'herbicideProductData' table in '.../sgr_data/data'"
558,MANANG_S13_BUFFER_R2,"('name',)",value_error,"Value error, Herbicide product Ester 680 must be defined in the 'herbicideProductData' table in '.../sgr_data/data'"
559,MANANG_S13_P0000_R4,"('name',)",value_error,"Value error, Herbicide product Ester 680 must be defined in the 'herbicideProductData' table in '.../sgr_data/data'"
560,MANANG_S13_BUFFER_R2,"('name',)",value_error,"Value error, Herbicide product Ester 680 must be defined in the 'herbicideProductData' table in '.../sgr_data/data'"
561,MANANG_S9_BUFFER_R2,"('name',)",value_error,"Value error, Herbicide product Ester 680 must be defined in the 'herbicideProductData' table in '.../sgr_data/data'"
562,MANANG_S9_P2312_R2,"('name',)",value_error,"Value error, Herbicide product Ester 680 must be defined in the 'herbicideProductData' table in '.../sgr_data/data'"
563,MANANG_S9_BUFFER_R2,"('name',)",value_error,"Value error, Herbicide product Ester 680 must be defined in the 'herbicideProductData' table in '.../sgr_data/data'"
564,MANANG_S2_BUFFER_R2,"('name',)",value_error,"Value error, Herbicide product Ester 680 must be defined in the 'herbicideProductData' table in '.../sgr_data/data'"
565,MANANG_S2_P1212_R2,"('name',)",value_error,"Value error, Herbicide product Ester 680 must be defined in the 'herbicideProductData' table in '.../sgr_data/data'"
566,MANANG_S2_BUFFER_R2,"('name',)",value_error,"Value error, Herbicide product Ester 680 must be defined in the 'herbicideProductData' table in '.../sgr_data/data'"
567,MANANG_S10.1_BUFFER_R2,"('name',)",value_error,"Value error, Herbicide product Ester 680 must be defined in the 'herbicideProductData' table in '.../sgr_data/data'"
568,MANANG_S10.1_P3123_R2,"('name',)",value_error,"Value error, Herbicide product Ester 680 must be defined in the 'herbicideProductData' table in '.../sgr_data/data'"
569,MANANG_S10.1_BUFFER_R2,"('name',)",value_error,"Value error, Herbicide product Ester 680 must be defined in the 'herbicideProductData' table in '.../sgr_data/data'"
570,MANANG_S1.1_BUFFER_R2,"('name',)",value_error,"Value error, Herbicide product Ester 680 must be defined in the 'herbicideProductData' table in '.../sgr_data/data'"
571,MANANG_S1.1_P3123_R2,"('name',)",value_error,"Value error, Herbicide product Ester 680 must be defined in the 'herbicideProductData' table in '.../sgr_data/data'"
572,MANANG_S1.1_BUFFER_R2,"('name',)",value_error,"Value error, Herbicide product Ester 680 must be defined in the 'herbicideProductData' table in '.../sgr_data/data'"
573,MANANG_S4_BUFFER_R2,"('name',)",value_error,"Value error, Herbicide product Ester 680 must be defined in the 'herbicideProductData' table in '.../sgr_data/data'"
574,MANANG_S4_P1234_R2,"('name',)",value_error,"Value error, Herbicide product Ester 680 must be defined in the 'herbicideProductData' table in '.../sgr_data/data'"
575,MANANG_S4_BUFFER_R2,"('name',)",value_error,"Value error, Herbicide product Ester 680 must be defined in the 'herbicideProductData' table in '.../sgr_data/data'"
576,MANANG_S8.1_BUFFER_R2,"('name',)",value_error,"Value error, Herbicide product Ester 680 must be defined in the 'herbicideProductData' table in '.../sgr_data/data'"
577,MANANG_S8.1_P3123_R2,"('name',)",value_error,"Value error, Herbicide product Ester 680 must be defined in the 'herbicideProductData' table in '.../sgr_data/data'"
578,MANANG_S8.1_BUFFER_R2,"('name',)",value_error,"Value error, Herbicide product Ester 680 must be defined in the 'herbicideProductData' table in '.../sgr_data/data'"
579,MANANG_S1.2_BUFFER_R2,"('name',)",value_error,"Value error, Herbicide product Ester 680 must be defined in the 'herbicideProductData' table in '.../sgr_data/data'"
580,MANANG_S1.2_P2312_R2,"('name',)",value_error,"Value error, Herbicide product Ester 680 must be defined in the 'herbicideProductData' table in '.../sgr_data/data'"
581,MANANG_S1.2_BUFFER_R2,"('name',)",value_error,"Value error, Herbicide product Ester 680 must be defined in the 'herbicideProductData' table in '.../sgr_data/data'"
582,MANANG_S3_BUFFER_R2,"('name',)",value_error,"Value error, Herbicide product Ester 680 must be defined in the 'herbicideProductData' table in '.../sgr_data/data'"
583,MANANG_S3_P3123_R2,"('name',)",value_error,"Value error, Herbicide product Ester 680 must be defined in the 'herbicideProductData' table in '.../sgr_data/data'"
584,MANANG_S3_BUFFER_R2,"('name',)",value_error,"Value error, Herbicide product Ester 680 must be defined in the 'herbicideProductData' table in '.../sgr_data/data'"
585,MANANG_S5_BUFFER_R2,"('name',)",value_error,"Value error, Herbicide product Ester 680 must be defined in the 'herbicideProductData' table in '.../sgr_data/data'"
586,MANANG_S5_P2341_R2,"('name',)",value_error,"Value error, Herbicide product Ester 680 must be defined in the 'herbicideProductData' table in '.../sgr_data/data'"
587,MANANG_S5_BUFFER_R2,"('name',)",value_error,"Value error, Herbicide product Ester 680 must be defined in the 'herbicideProductData' table in '.../sgr_data/data'"
588,MANANG_S4_BUFFER_R2,"('name',)",value_error,"Value error, Herbicide product Ester 680 must be defined in the 'herbicideProductData' table in '.../sgr_data/data'"
589,MANANG_S4_P3412_R2,"('name',)",value_error,"Value error, Herbicide product Ester 680 must be defined in the 'herbicideProductData' table in '.../sgr_data/data'"
590,MANANG_S4_BUFFER_R2,"('name',)",value_error,"Value error, Herbicide product Ester 680 must be defined in the 'herbicideProductData' table in '.../sgr_data/data'"
591,MANANG_S8.1_BUFFER_R2,"('name',)",value_error,"Value error, Herbicide product Ester 680 must be defined in the 'herbicideProductData' table in '.../sgr_data/data'"
592,MANANG_S8.1_P2312_R2,"('name',)",value_error,"Value error, Herbicide product Ester 680 must be defined in the 'herbicideProductData' table in '.../sgr_data/data'"
593,MANANG_S8.1_BUFFER_R2,"('name',)",value_error,"Value error, Herbicide product Ester 680 must be defined in the 'herbicideProductData' table in '.../sgr_data/data'"
594,MANANG_S11_BUFFER_R2,"('name',)",value_error,"Value error, Herbicide product Ester 680 must be defined in the 'herbicideProductData' table in '.../sgr_data/data'"
595,MANANG_S11_P2121_R2,"('name',)",value_error,"Value error, Herbicide product Ester 680 must be defined in the 'herbicideProductData' table in '.../sgr_data/data'"
596,MANANG_S11_BUFFER_R2,"('name',)",value_error,"Value error, Herbicide product Ester 680 must be defined in the 'herbicideProductData' table in '.../sgr_data/data'"
597,MANANG_S12_BUFFER_R2,"('name',)",value_error,"Value error, Herbicide product Ester 680 must be defined in the 'herbicideProductData' table in '.../sgr_data/data'"
598,MANANG_S12_P0000_R4,"('name',)",value_error,"Value error, Herbicide product Ester 680 must be defined in the 'herbicideProductData' table in '.../sgr_data/data'"
599,MANANG_S12_BUFFER_R2,"('name',)",value_error,"Value error, Herbicide product Ester 680 must be defined in the 'herbicideProductData' table in '.../sgr_data/data'"
600,MANANG_S8.1_BUFFER_R2,"('name',)",value_error,"Value error, Herbicide product Ester 680 must be defined in the 'herbicideProductData' table in '.../sgr_data/data'"
601,MANANG_S8.1_P1231_R2,"('name',)",value_error,"Value error, Herbicide product Ester 680 must be defined in the 'herbicideProductData' table in '.../sgr_data/data'"
602,MANANG_S8.1_BUFFER_R2,"('name',)",value_error,"Value error, Herbicide product Ester 680 must be defined in the 'herbicideProductData' table in '.../sgr_data/data'"
603,MANANG_S7_BUFFER_R2,"('name',)",value_error,"Value error, Herbicide product Ester 680 must be defined in the 'herbicideProductData' table in '.../sgr_data/data'"
604,MANANG_S7_P3123_R2,"('name',)",value_error,"Value error, Herbicide product Ester 680 must be defined in the 'herbicideProductData' table in '.../sgr_data/data'"
605,MANANG_S7_BUFFER_R2,"('name',)",value_error,"Value error, Herbicide product Ester 680 must be defined in the 'herbicideProductData' table in '.../sgr_data/data'"
606,MANANG_S9_BUFFER_R2,"('name',)",value_error,"Value error, Herbicide product Ester 680 must be defined in the 'herbicideProductData' table in '.../sgr_data/data'"
607,MANANG_S9_P3123_R2,"('name',)",value_error,"Value error, Herbicide product Ester 680 must be defined in the 'herbicideProductData' table in '.../sgr_data/data'"
608,MANANG_S9_BUFFER_R2,"('name',)",value_error,"Value error, Herbicide product Ester 680 must be defined in the 'herbicideProductData' table in '.../sgr_data/data'"
609,MANANG_S13_BUFFER_R2,"('name',)",value_error,"Value error, Herbicide product Ester 680 must be defined in the 'herbicideProductData' table in '.../sgr_data/data'"
610,MANANG_S13_P0000_R5,"('name',)",value_error,"Value error, Herbicide product Ester 680 must be defined in the 'herbicideProductData' table in '.../sgr_data/data'"
611,MANANG_S13_BUFFER_R2,"('name',)",value_error,"Value error, Herbicide product Ester 680 must be defined in the 'herbicideProductData' table in '.../sgr_data/data'"
612,MANANG_S1.3_BUFFER_R2,"('name',)",value_error,"Value error, Herbicide product Ester 680 must be defined in the 'herbicideProductData' table in '.../sgr_data/data'"
613,MANANG_S1.3_P3123_R2,"('name',)",value_error,"Value error, Herbicide product Ester 680 must be defined in the 'herbicideProductData' table in '.../sgr_data/data'"
614,MANANG_S1.3_BUFFER_R2,"('name',)",value_error,"Value error, Herbicide product Ester 680 must be defined in the 'herbicideProductData' table in '.../sgr_data/data'"
615,MANANG_S13_BUFFER_R2,"('name',)",value_error,"Value error, Herbicide product Ester 680 must be defined in the 'herbicideProductData' table in '.../sgr_data/data'"
616,MANANG_S13_P0000_R6,"('name',)",value_error,"Value error, Herbicide product Ester 680 must be defined in the 'herbicideProductData' table in '.../sgr_data/data'"
617,MANANG_S13_BUFFER_R2,"('name',)",value_error,"Value error, Herbicide product Ester 680 must be defined in the 'herbicideProductData' table in '.../sgr_data/data'"
618,MANANG_S10.1_BUFFER_R2,"('name',)",value_error,"Value error, Herbicide product Ester 680 must be defined in the 'herbicideProductData' table in '.../sgr_data/data'"
619,MANANG_S10.1_P2312_R2,"('name',)",value_error,"Value error, Herbicide product Ester 680 must be defined in the 'herbicideProductData' table in '.../sgr_data/data'"
620,MANANG_S10.1_BUFFER_R2,"('name',)",value_error,"Value error, Herbicide product Ester 680 must be defined in the 'herbicideProductData' table in '.../sgr_data/data'"
621,MANANG_S7_BUFFER_R2,"('name',)",value_error,"Value error, Herbicide product Ester 680 must be defined in the 'herbicideProductData' table in '.../sgr_data/data'"
622,MANANG_S7_P2312_R2,"('name',)",value_error,"Value error, Herbicide product Ester 680 must be defined in the 'herbicideProductData' table in '.../sgr_data/data'"
623,MANANG_S7_BUFFER_R2,"('name',)",value_error,"Value error, Herbicide product Ester 680 must be defined in the 'herbicideProductData' table in '.../sgr_data/data'"
624,MANANG_S12_BUFFER_R2,"('name',)",value_error,"Value error, Herbicide product Ester 680 must be defined in the 'herbicideProductData' table in '.../sgr_data/data'"
625,MANANG_S12_P0000_R5,"('name',)",value_error,"Value error, Herbicide product Ester 680 must be defined in the 'herbicideProductData' table in '.../sgr_data/data'"
626,MANANG_S12_BUFFER_R2,"('name',)",value_error,"Value error, Herbicide product Ester 680 must be defined in the 'herbicideProductData' table in '.../sgr_data/data'"
627,MANANG_S4_BUFFER_R2,"('name',)",value_error,"Value error, Herbicide product Ester 680 must be defined in the 'herbicideProductData' table in '.../sgr_data/data'"
628,MANANG_S4_P4123_R2,"('name',)",value_error,"Value error, Herbicide product Ester 680 must be defined in the 'herbicideProductData' table in '.../sgr_data/data'"
629,MANANG_S4_BUFFER_R2,"('name',)",value_error,"Value error, Herbicide product Ester 680 must be defined in the 'herbicideProductData' table in '.../sgr_data/data'"
630,MANANG_S6_BUFFER_R2,"('name',)",value_error,"Value error, Herbicide product Ester 680 must be defined in the 'herbicideProductData' table in '.../sgr_data/data'"
631,MANANG_S6_P1111_R3,"('name',)",value_error,"Value error, Herbicide product Ester 680 must be defined in the 'herbicideProductData' table in '.../sgr_data/data'"
632,MANANG_S6_BUFFER_R2,"('name',)",value_error,"Value error, Herbicide product Ester 680 must be defined in the 'herbicideProductData' table in '.../sgr_data/data'"
633,MANANG_S1.1_BUFFER_R2,"('name',)",value_error,"Value error, Herbicide product Ester 680 must be defined in the 'herbicideProductData' table in '.../sgr_data/data'"
634,MANANG_S1.1_P1231_R2,"('name',)",value_error,"Value error, Herbicide product Ester 680 must be defined in the 'herbicideProductData' table in '.../sgr_data/data'"
635,MANANG_S1.1_BUFFER_R2,"('name',)",value_error,"Value error, Herbicide product Ester 680 must be defined in the 'herbicideProductData' table in '.../sgr_data/data'"
636,MANANG_S1.2_BUFFER_R2,"('name',)",value_error,"Value error, Herbicide product Ester 680 must be defined in the 'herbicideProductData' table in '.../sgr_data/data'"
637,MANANG_S1.2_P3123_R2,"('name',)",value_error,"Value error, Herbicide product Ester 680 must be defined in the 'herbicideProductData' table in '.../sgr_data/data'"
638,MANANG_S1.2_BUFFER_R2,"('name',)",value_error,"Value error, Herbicide product Ester 680 must be defined in the 'herbicideProductData' table in '.../sgr_data/data'"
639,MANANG_S5_BUFFER_R2,"('name',)",value_error,"Value error, Herbicide product Ester 680 must be defined in the 'herbicideProductData' table in '.../sgr_data/data'"
640,MANANG_S5_P1234_R2,"('name',)",value_error,"Value error, Herbicide product Ester 680 must be defined in the 'herbicideProductData' table in '.../sgr_data/data'"
641,MANANG_S5_BUFFER_R2,"('name',)",value_error,"Value error, Herbicide product Ester 680 must be defined in the 'herbicideProductData' table in '.../sgr_data/data'"
642,MANANG_S1.1_BUFFER_R2,"('name',)",value_error,"Value error, Herbicide product Ester 680 must be defined in the 'herbicideProductData' table in '.../sgr_data/data'"
643,MANANG_S1.1_P2312_R2,"('name',)",value_error,"Value error, Herbicide product Ester 680 must be defined in the 'herbicideProductData' table in '.../sgr_data/data'"
644,MANANG_S1.1_BUFFER_R2,"('name',)",value_error,"Value error, Herbicide product Ester 680 must be defined in the 'herbicideProductData' table in '.../sgr_data/data'"
645,MANANG_S12_BUFFER_R2,"('name',)",value_error,"Value error, Herbicide product Ester 680 must be defined in the 'herbicideProductData' table in '.../sgr_data/data'"
646,MANANG_S12_P0000_R6,"('name',)",value_error,"Value error, Herbicide product Ester 680 must be defined in the 'herbicideProductData' table in '.../sgr_data/data'"
647,MANANG_S12_BUFFER_R2,"('name',)",value_error,"Value error, Herbicide product Ester 680 must be defined in the 'herbicideProductData' table in '.../sgr_data/data'"
648,MANANG_S6_BUFFER_R2,"('name',)",value_error,"Value error, Herbicide product Ester 680 must be defined in the 'herbicideProductData' table in '.../sgr_data/data'"
649,MANANG_S6_P1111_R4,"('name',)",value_error,"Value error, Herbicide product Ester 680 must be defined in the 'herbicideProductData' table in '.../sgr_data/data'"
650,MANANG_S6_BUFFER_R2,"('name',)",value_error,"Value error, Herbicide product Ester 680 must be defined in the 'herbicideProductData' table in '.../sgr_data/data'"
651,MANANG_S10.1_BUFFER_R2,"('name',)",value_error,"Value error, Herbicide product Ester 680 must be defined in the 'herbicideProductData' table in '.../sgr_data/data'"
652,MANANG_S10.1_P1231_R2,"('name',)",value_error,"Value error, Herbicide product Ester 680 must be defined in the 'herbicideProductData' table in '.../sgr_data/data'"
653,MANANG_S10.1_BUFFER_R2,"('name',)",value_error,"Value error, Herbicide product Ester 680 must be defined in the 'herbicideProductData' table in '.../sgr_data/data'"
654,MANANG_S8.2_BUFFER_R2,"('name',)",value_error,"Value error, Herbicide product Ester 680 must be defined in the 'herbicideProductData' table in '.../sgr_data/data'"
655,MANANG_S8.2_P3123_R2,"('name',)",value_error,"Value error, Herbicide product Ester 680 must be defined in the 'herbicideProductData' table in '.../sgr_data/data'"
656,MANANG_S8.2_BUFFER_R2,"('name',)",value_error,"Value error, Herbicide product Ester 680 must be defined in the 'herbicideProductData' table in '.../sgr_data/data'"
657,MANANG_S3_BUFFER_R2,"('name',)",value_error,"Value error, Herbicide product Ester 680 must be defined in the 'herbicideProductData' table in '.../sgr_data/data'"
658,MANANG_S3_P1231_R2,"('name',)",value_error,"Value error, Herbicide product Ester 680 must be defined in the 'herbicideProductData' table in '.../sgr_data/data'"
659,MANANG_S3_BUFFER_R2,"('name',)",value_error,"Value error, Herbicide product Ester 680 must be defined in the 'herbicideProductData' table in '.../sgr_data/data'"
660,MANANG_S1.2_BUFFER_R2,"('name',)",value_error,"Value error, Herbicide product Ester 680 must be defined in the 'herbicideProductData' table in '.../sgr_data/data'"
661,MANANG_S1.2_P1231_R2,"('name',)",value_error,"Value error, Herbicide product Ester 680 must be defined in the 'herbicideProductData' table in '.../sgr_data/data'"
662,MANANG_S1.2_BUFFER_R2,"('name',)",value_error,"Value error, Herbicide product Ester 680 must be defined in the 'herbicideProductData' table in '.../sgr_data/data'"
663,MANANG_S1.3_BUFFER_R2,"('name',)",value_error,"Value error, Herbicide product Ester 680 must be defined in the 'herbicideProductData' table in '.../sgr_data/data'"
664,MANANG_S1.3_P1231_R2,"('name',)",value_error,"Value error, Herbicide product Ester 680 must be defined in the 'herbicideProductData' table in '.../sgr_data/data'"
665,MANANG_S1.3_BUFFER_R2,"('name',)",value_error,"Value error, Herbicide product Ester 680 must be defined in the 'herbicideProductData' table in '.../sgr_data/data'"
666,MANANG_S2_BUFFER_R2,"('name',)",value_error,"Value error, Herbicide product Ester 680 must be defined in the 'herbicideProductData' table in '.../sgr_data/data'"
667,MANANG_S2_P2121_R2,"('name',)",value_error,"Value error, Herbicide product Ester 680 must be defined in the 'herbicideProductData' table in '.../sgr_data/data'"
668,MANANG_S2_BUFFER_R2,"('name',)",value_error,"Value error, Herbicide product Ester 680 must be defined in the 'herbicideProductData' table in '.../sgr_data/data'"
669,MANANG_S5_BUFFER_R2,"('name',)",value_error,"Value error, Herbicide product Ester 680 must be defined in the 'herbicideProductData' table in '.../sgr_data/data'"
670,MANANG_S5_P3412_R2,"('name',)",value_error,"Value error, Herbicide product Ester 680 must be defined in the 'herbicideProductData' table in '.../sgr_data/data'"
671,MANANG_S5_BUFFER_R2,"('name',)",value_error,"Value error, Herbicide product Ester 680 must be defined in the 'herbicideProductData' table in '.../sgr_data/data'"
672,MANANG_S7_BUFFER_R2,"('name',)",value_error,"Value error, Herbicide product Ester 680 must be defined in the 'herbicideProductData' table in '.../sgr_data/data'"
673,MANANG_S7_P1231_R2,"('name',)",value_error,"Value error, Herbicide product Ester 680 must be defined in the 'herbicideProductData' table in '.../sgr_data/data'"
674,MANANG_S7_BUFFER_R2,"('name',)",value_error,"Value error, Herbicide product Ester 680 must be defined in the 'herbicideProductData' table in '.../sgr_data/data'"
675,MANANG_S5_BUFFER_R2,"('name',)",value_error,"Value error, Herbicide product Ester 680 must be defined in the 'herbicideProductData' table in '.../sgr_data/data'"
676,MANANG_S5_P4123_R2,"('name',)",value_error,"Value error, Herbicide product Ester 680 must be defined in the 'herbicideProductData' table in '.../sgr_data/data'"
677,MANANG_S5_BUFFER_R2,"('name',)",value_error,"Value error, Herbicide product Ester 680 must be defined in the 'herbicideProductData' table in '.../sgr_data/data'"
678,MANANG_S10.2_BUFFER_R2,"('name',)",value_error,"Value error, Herbicide product Ester 680 must be defined in the 'herbicideProductData' table in '.../sgr_data/data'"
679,MANANG_S10.2_P2312_R2,"('name',)",value_error,"Value error, Herbicide product Ester 680 must be defined in the 'herbicideProductData' table in '.../sgr_data/data'"
680,MANANG_S10.2_BUFFER_R2,"('name',)",value_error,"Value error, Herbicide product Ester 680 must be defined in the 'herbicideProductData' table in '.../sgr_data/data'"
681,MANANG_S9_BUFFER_R2,"('name',)",value_error,"Value error, Herbicide product Ester 680 must be defined in the 'herbicideProductData' table in '.../sgr_data/data'"
682,MANANG_S9_P1231_R2,"('name',)",value_error,"Value error, Herbicide product Ester 680 must be defined in the 'herbicideProductData' table in '.../sgr_data/data'"
683,MANANG_S9_BUFFER_R2,"('name',)",value_error,"Value error, Herbicide product Ester 680 must be defined in the 'herbicideProductData' table in '.../sgr_data/data'"
684,MANANG_S4_BUFFER_R2,"('name',)",value_error,"Value error, Herbicide product Ester 680 must be defined in the 'herbicideProductData' table in '.../sgr_data/data'"
685,MANANG_S4_P2341_R2,"('name',)",value_error,"Value error, Herbicide product Ester 680 must be defined in the 'herbicideProductData' table in '.../sgr_data/data'"
686,MANANG_S4_BUFFER_R2,"('name',)",value_error,"Value error, Herbicide product Ester 680 must be defined in the 'herbicideProductData' table in '.../sgr_data/data'"
687,MANANG_S10.2_BUFFER_R2,"('name',)",value_error,"Value error, Herbicide product Ester 680 must be defined in the 'herbicideProductData' table in '.../sgr_data/data'"
688,MANANG_S10.2_P3123_R2,"('name',)",value_error,"Value error, Herbicide product Ester 680 must be defined in the 'herbicideProductData' table in '.../sgr_data/data'"
689,MANANG_S10.2_BUFFER_R2,"('name',)",value_error,"Value error, Herbicide product Ester 680 must be defined in the 'herbicideProductData' table in '.../sgr_data/data'"
690,MANANG_S10.2_P1231_R2,"('name',)",value_error,"Value error, Herbicide product Ester 680 must be defined in the 'herbicideProductData' table in '.../sgr_data/data'"
691,MANANG_S10.2_BUFFER_R2,"('name',)",value_error,"Value error, Herbicide product Ester 680 must be defined in the 'herbicideProductData' table in '.../sgr_data/data'"
692,MANANG_S11_BUFFER_R2,"('name',)",value_error,"Value error, Herbicide product Ester 680 must be defined in the 'herbicideProductData' table in '.../sgr_data/data'"
693,MANANG_S11_P1212_R2,"('name',)",value_error,"Value error, Herbicide product Ester 680 must be defined in the 'herbicideProductData' table in '.../sgr_data/data'"
694,MANANG_S11_BUFFER_R2,"('name',)",value_error,"Value error, Herbicide product Ester 680 must be defined in the 'herbicideProductData' table in '.../sgr_data/data'"
695,MANANG_S10.2_BUFFER_R3,"('name',)",value_error,"Value error, Herbicide product Ester 680 must be defined in the 'herbicideProductData' table in '.../sgr_data/data'"
696,MANANG_S10.2_P1231_R3,"('name',)",value_error,"Value error, Herbicide product Ester 680 must be defined in the 'herbicideProductData' table in '.../sgr_data/data'"
697,MANANG_S10.2_BUFFER_R3,"('name',)",value_error,"Value error, Herbicide product Ester 680 must be defined in the 'herbicideProductData' table in '.../sgr_data/data'"
698,MANANG_S8.1_BUFFER_R3,"('name',)",value_error,"Value error, Herbicide product Ester 680 must be defined in the 'herbicideProductData' table in '.../sgr_data/data'"
699,MANANG_S8.1_P2312_R3,"('name',)",value_error,"Value error, Herbicide product Ester 680 must be defined in the 'herbicideProductData' table in '.../sgr_data/data'"
700,MANANG_S8.1_BUFFER_R3,"('name',)",value_error,"Value error, Herbicide product Ester 680 must be defined in the 'herbicideProductData' table in '.../sgr_data/data'"
701,MANANG_S7_BUFFER_R3,"('name',)",value_error,"Value error, Herbicide product Ester 680 must be defined in the 'herbicideProductData' table in '.../sgr_data/data'"
702,MANANG_S7_P2312_R3,"('name',)",value_error,"Value error, Herbicide product Ester 680 must be defined in the 'herbicideProductData' table in '.../sgr_data/data'"
703,MANANG_S7_BUFFER_R3,"('name',)",value_error,"Value error, Herbicide product Ester 680 must be defined in the 'herbicideProductData' table in '.../sgr_data/data'"
704,MANANG_S5_BUFFER_R3,"('name',)",value_error,"Value error, Herbicide product Ester 680 must be defined in the 'herbicideProductData' table in '.../sgr_data/data'"
705,MANANG_S5_P1234_R3,"('name',)",value_error,"Value error, Herbicide product Ester 680 must be defined in the 'herbicideProductData' table in '.../sgr_data/data'"
706,MANANG_S5_BUFFER_R3,"('name',)",value_error,"Value error, Herbicide product Ester 680 must be defined in the 'herbicideProductData' table in '.../sgr_data/data'"
707,MANANG_S1.1_BUFFER_R3,"('name',)",value_error,"Value error, Herbicide product Ester 680 must be defined in the 'herbicideProductData' table in '.../sgr_data/data'"
708,MANANG_S1.1_P2312_R3,"('name',)",value_error,"Value error, Herbicide product Ester 680 must be defined in the 'herbicideProductData' table in '.../sgr_data/data'"
709,MANANG_S1.1_BUFFER_R3,"('name',)",value_error,"Value error, Herbicide product Ester 680 must be defined in the 'herbicideProductData' table in '.../sgr_data/data'"
710,MANANG_S12_BUFFER_R3,"('name',)",value_error,"Value error, Herbicide product Ester 680 must be defined in the 'herbicideProductData' table in '.../sgr_data/data'"
711,MANANG_S12_P0000_R7,"('name',)",value_error,"Value error, Herbicide product Ester 680 must be defined in the 'herbicideProductData' table in '.../sgr_data/data'"
712,MANANG_S12_BUFFER_R3,"('name',)",value_error,"Value error, Herbicide product Ester 680 must be defined in the 'herbicideProductData' table in '.../sgr_data/data'"
713,MANANG_S4_BUFFER_R3,"('name',)",value_error,"Value error, Herbicide product Ester 680 must be defined in the 'herbicideProductData' table in '.../sgr_data/data'"
714,MANANG_S4_P2341_R3,"('name',)",value_error,"Value error, Herbicide product Ester 680 must be defined in the 'herbicideProductData' table in '.../sgr_data/data'"
715,MANANG_S4_BUFFER_R3,"('name',)",value_error,"Value error, Herbicide product Ester 680 must be defined in the 'herbicideProductData' table in '.../sgr_data/data'"
716,MANANG_S11_BUFFER_R3,"('name',)",value_error,"Value error, Herbicide product Ester 680 must be defined in the 'herbicideProductData' table in '.../sgr_data/data'"
717,MANANG_S11_P1212_R3,"('name',)",value_error,"Value error, Herbicide product Ester 680 must be defined in the 'herbicideProductData' table in '.../sgr_data/data'"
718,MANANG_S11_BUFFER_R3,"('name',)",value_error,"Value error, Herbicide product Ester 680 must be defined in the 'herbicideProductData' table in '.../sgr_data/data'"
719,MANANG_S9_BUFFER_R3,"('name',)",value_error,"Value error, Herbicide product Ester 680 must be defined in the 'herbicideProductData' table in '.../sgr_data/data'"
720,MANANG_S9_P3123_R3,"('name',)",value_error,"Value error, Herbicide product Ester 680 must be defined in the 'herbicideProductData' table in '.../sgr_data/data'"
721,MANANG_S9_BUFFER_R3,"('name',)",value_error,"Value error, Herbicide product Ester 680 must be defined in the 'herbicideProductData' table in '.../sgr_data/data'"
722,MANANG_S1.1_BUFFER_R3,"('name',)",value_error,"Value error, Herbicide product Ester 680 must be defined in the 'herbicideProductData' table in '.../sgr_data/data'"
723,MANANG_S1.1_P1231_R3,"('name',)",value_error,"Value error, Herbicide product Ester 680 must be defined in the 'herbicideProductData' table in '.../sgr_data/data'"
724,MANANG_S1.1_BUFFER_R3,"('name',)",value_error,"Value error, Herbicide product Ester 680 must be defined in the 'herbicideProductData' table in '.../sgr_data/data'"
725,MANANG_S10.2_BUFFER_R3,"('name',)",value_error,"Value error, Herbicide product Ester 680 must be defined in the 'herbicideProductData' table in '.../sgr_data/data'"
726,MANANG_S10.2_P2312_R3,"('name',)",value_error,"Value error, Herbicide product Ester 680 must be defined in the 'herbicideProductData' table in '.../sgr_data/data'"
727,MANANG_S10.2_BUFFER_R3,"('name',)",value_error,"Value error, Herbicide product Ester 680 must be defined in the 'herbicideProductData' table in '.../sgr_data/data'"
728,MANANG_S10.2_P3123_R3,"('name',)",value_error,"Value error, Herbicide product Ester 680 must be defined in the 'herbicideProductData' table in '.../sgr_data/data'"
729,MANANG_S10.2_BUFFER_R3,"('name',)",value_error,"Value error, Herbicide product Ester 680 must be defined in the 'herbicideProductData' table in '.../sgr_data/data'"
730,MANANG_S12_BUFFER_R3,"('name',)",value_error,"Value error, Herbicide product Ester 680 must be defined in the 'herbicideProductData' table in '.../sgr_data/data'"
731,MANANG_S12_P0000_R8,"('name',)",value_error,"Value error, Herbicide product Ester 680 must be defined in the 'herbicideProductData' table in '.../sgr_data/data'"
732,MANANG_S12_BUFFER_R3,"('name',)",value_error,"Value error, Herbicide product Ester 680 must be defined in the 'herbicideProductData' table in '.../sgr_data/data'"
733,MANANG_S10.1_BUFFER_R3,"('name',)",value_error,"Value error, Herbicide product Ester 680 must be defined in the 'herbicideProductData' table in '.../sgr_data/data'"
734,MANANG_S10.1_P3123_R3,"('name',)",value_error,"Value error, Herbicide product Ester 680 must be defined in the 'herbicideProductData' table in '.../sgr_data/data'"
735,MANANG_S10.1_BUFFER_R3,"('name',)",value_error,"Value error, Herbicide product Ester 680 must be defined in the 'herbicideProductData' table in '.../sgr_data/data'"
736,MANANG_S1.3_BUFFER_R3,"('name',)",value_error,"Value error, Herbicide product Ester 680 must be defined in the 'herbicideProductData' table in '.../sgr_data/data'"
737,MANANG_S1.3_P1231_R3,"('name',)",value_error,"Value error, Herbicide product Ester 680 must be defined in the 'herbicideProductData' table in '.../sgr_data/data'"
738,MANANG_S1.3_BUFFER_R3,"('name',)",value_error,"Value error, Herbicide product Ester 680 must be defined in the 'herbicideProductData' table in '.../sgr_data/data'"
739,MANANG_S1.1_BUFFER_R3,"('name',)",value_error,"Value error, Herbicide product Ester 680 must be defined in the 'herbicideProductData' table in '.../sgr_data/data'"
740,MANANG_S1.1_P3123_R3,"('name',)",value_error,"Value error, Herbicide product Ester 680 must be defined in the 'herbicideProductData' table in '.../sgr_data/data'"
741,MANANG_S1.1_BUFFER_R3,"('name',)",value_error,"Value error, Herbicide product Ester 680 must be defined in the 'herbicideProductData' table in '.../sgr_data/data'"
742,MANANG_S4_BUFFER_R3,"('name',)",value_error,"Value error, Herbicide product Ester 680 must be defined in the 'herbicideProductData' table in '.../sgr_data/data'"
743,MANANG_S4_P3412_R3,"('name',)",value_error,"Value error, Herbicide product Ester 680 must be defined in the 'herbicideProductData' table in '.../sgr_data/data'"
744,MANANG_S4_BUFFER_R3,"('name',)",value_error,"Value error, Herbicide product Ester 680 must be defined in the 'herbicideProductData' table in '.../sgr_data/data'"
745,MANANG_S6_BUFFER_R3,"('name',)",value_error,"Value error, Herbicide product Ester 680 must be defined in the 'herbicideProductData' table in '.../sgr_data/data'"
746,MANANG_S6_P1111_R5,"('name',)",value_error,"Value error, Herbicide product Ester 680 must be defined in the 'herbicideProductData' table in '.../sgr_data/data'"
747,MANANG_S6_BUFFER_R3,"('name',)",value_error,"Value error, Herbicide product Ester 680 must be defined in the 'herbicideProductData' table in '.../sgr_data/data'"
748,MANANG_S3_BUFFER_R3,"('name',)",value_error,"Value error, Herbicide product Ester 680 must be defined in the 'herbicideProductData' table in '.../sgr_data/data'"
749,MANANG_S3_P3123_R3,"('name',)",value_error,"Value error, Herbicide product Ester 680 must be defined in the 'herbicideProductData' table in '.../sgr_data/data'"
750,MANANG_S3_BUFFER_R3,"('name',)",value_error,"Value error, Herbicide product Ester 680 must be defined in the 'herbicideProductData' table in '.../sgr_data/data'"
751,MANANG_S8.2_BUFFER_R3,"('name',)",value_error,"Value error, Herbicide product Ester 680 must be defined in the 'herbicideProductData' table in '.../sgr_data/data'"
752,MANANG_S8.2_P2312_R3,"('name',)",value_error,"Value error, Herbicide product Ester 680 must be defined in the 'herbicideProductData' table in '.../sgr_data/data'"
753,MANANG_S8.2_BUFFER_R3,"('name',)",value_error,"Value error, Herbicide product Ester 680 must be defined in the 'herbicideProductData' table in '.../sgr_data/data'"
754,MANANG_S8.2_P1231_R3,"('name',)",value_error,"Value error, Herbicide product Ester 680 must be defined in the 'herbicideProductData' table in '.../sgr_data/data'"
755,MANANG_S8.2_BUFFER_R3,"('name',)",value_error,"Value error, Herbicide product Ester 680 must be defined in the 'herbicideProductData' table in '.../sgr_data/data'"
756,MANANG_S12_BUFFER_R3,"('name',)",value_error,"Value error, Herbicide product Ester 680 must be defined in the 'herbicideProductData' table in '.../sgr_data/data'"
757,MANANG_S12_P0000_R9,"('name',)",value_error,"Value error, Herbicide product Ester 680 must be defined in the 'herbicideProductData' table in '.../sgr_data/data'"
758,MANANG_S12_BUFFER_R3,"('name',)",value_error,"Value error, Herbicide product Ester 680 must be defined in the 'herbicideProductData' table in '.../sgr_data/data'"
759,MANANG_S6_BUFFER_R3,"('name',)",value_error,"Value error, Herbicide product Ester 680 must be defined in the 'herbicideProductData' table in '.../sgr_data/data'"
760,MANANG_S6_P1111_R6,"('name',)",value_error,"Value error, Herbicide product Ester 680 must be defined in the 'herbicideProductData' table in '.../sgr_data/data'"
761,MANANG_S6_BUFFER_R3,"('name',)",value_error,"Value error, Herbicide product Ester 680 must be defined in the 'herbicideProductData' table in '.../sgr_data/data'"
762,MANANG_S5_BUFFER_R3,"('name',)",value_error,"Value error, Herbicide product Ester 680 must be defined in the 'herbicideProductData' table in '.../sgr_data/data'"
763,MANANG_S5_P4123_R3,"('name',)",value_error,"Value error, Herbicide product Ester 680 must be defined in the 'herbicideProductData' table in '.../sgr_data/data'"
764,MANANG_S5_BUFFER_R3,"('name',)",value_error,"Value error, Herbicide product Ester 680 must be defined in the 'herbicideProductData' table in '.../sgr_data/data'"
765,MANANG_S1.3_BUFFER_R3,"('name',)",value_error,"Value error, Herbicide product Ester 680 must be defined in the 'herbicideProductData' table in '.../sgr_data/data'"
766,MANANG_S1.3_P3123_R3,"('name',)",value_error,"Value error, Herbicide product Ester 680 must be defined in the 'herbicideProductData' table in '.../sgr_data/data'"
767,MANANG_S1.3_BUFFER_R3,"('name',)",value_error,"Value error, Herbicide product Ester 680 must be defined in the 'herbicideProductData' table in '.../sgr_data/data'"
768,MANANG_S5_BUFFER_R3,"('name',)",value_error,"Value error, Herbicide product Ester 680 must be defined in the 'herbicideProductData' table in '.../sgr_data/data'"
769,MANANG_S5_P2341_R3,"('name',)",value_error,"Value error, Herbicide product Ester 680 must be defined in the 'herbicideProductData' table in '.../sgr_data/data'"
770,MANANG_S5_BUFFER_R3,"('name',)",value_error,"Value error, Herbicide product Ester 680 must be defined in the 'herbicideProductData' table in '.../sgr_data/data'"
771,MANANG_S13_BUFFER_R3,"('name',)",value_error,"Value error, Herbicide product Ester 680 must be defined in the 'herbicideProductData' table in '.../sgr_data/data'"
772,MANANG_S13_P0000_R7,"('name',)",value_error,"Value error, Herbicide product Ester 680 must be defined in the 'herbicideProductData' table in '.../sgr_data/data'"
773,MANANG_S13_BUFFER_R3,"('name',)",value_error,"Value error, Herbicide product Ester 680 must be defined in the 'herbicideProductData' table in '.../sgr_data/data'"
774,MANANG_S9_BUFFER_R3,"('name',)",value_error,"Value error, Herbicide product Ester 680 must be defined in the 'herbicideProductData' table in '.../sgr_data/data'"
775,MANANG_S9_P1231_R3,"('name',)",value_error,"Value error, Herbicide product Ester 680 must be defined in the 'herbicideProductData' table in '.../sgr_data/data'"
776,MANANG_S9_BUFFER_R3,"('name',)",value_error,"Value error, Herbicide product Ester 680 must be defined in the 'herbicideProductData' table in '.../sgr_data/data'"
777,MANANG_S7_BUFFER_R3,"('name',)",value_error,"Value error, Herbicide product Ester 680 must be defined in the 'herbicideProductData' table in '.../sgr_data/data'"
778,MANANG_S7_P1231_R3,"('name',)",value_error,"Value error, Herbicide product Ester 680 must be defined in the 'herbicideProductData' table in '.../sgr_data/data'"
779,MANANG_S7_BUFFER_R3,"('name',)",value_error,"Value error, Herbicide product Ester 680 must be defined in the 'herbicideProductData' table in '.../sgr_data/data'"
780,MANANG_S9_BUFFER_R3,"('name',)",value_error,"Value error, Herbicide product Ester 680 must be defined in the 'herbicideProductData' table in '.../sgr_data/data'"
781,MANANG_S9_P2312_R3,"('name',)",value_error,"Value error, Herbicide product Ester 680 must be defined in the 'herbicideProductData' table in '.../sgr_data/data'"
782,MANANG_S9_BUFFER_R3,"('name',)",value_error,"Value error, Herbicide product Ester 680 must be defined in the 'herbicideProductData' table in '.../sgr_data/data'"
783,MANANG_S5_BUFFER_R3,"('name',)",value_error,"Value error, Herbicide product Ester 680 must be defined in the 'herbicideProductData' table in '.../sgr_data/data'"
784,MANANG_S5_P3412_R3,"('name',)",value_error,"Value error, Herbicide product Ester 680 must be defined in the 'herbicideProductData' table in '.../sgr_data/data'"
785,MANANG_S5_BUFFER_R3,"('name',)",value_error,"Value error, Herbicide product Ester 680 must be defined in the 'herbicideProductData' table in '.../sgr_data/data'"
786,MANANG_S1.2_BUFFER_R3,"('name',)",value_error,"Value error, Herbicide product Ester 680 must be defined in the 'herbicideProductData' table in '.../sgr_data/data'"
787,MANANG_S1.2_P3123_R3,"('name',)",value_error,"Value error, Herbicide product Ester 680 must be defined in the 'herbicideProductData' table in '.../sgr_data/data'"
788,MANANG_S1.2_BUFFER_R3,"('name',)",value_error,"Value error, Herbicide product Ester 680 must be defined in the 'herbicideProductData' table in '.../sgr_data/data'"
789,MANANG_S1.2_P1231_R3,"('name',)",value_error,"Value error, Herbicide product Ester 680 must be defined in the 'herbicideProductData' table in '.../sgr_data/data'"
790,MANANG_S1.2_BUFFER_R3,"('name',)",value_error,"Value error, Herbicide product Ester 680 must be defined in the 'herbicideProductData' table in '.../sgr_data/data'"
791,MANANG_S8.1_BUFFER_R3,"('name',)",value_error,"Value error, Herbicide product Ester 680 must be defined in the 'herbicideProductData' table in '.../sgr_data/data'"
792,MANANG_S8.1_P1231_R3,"('name',)",value_error,"Value error, Herbicide product Ester 680 must be defined in the 'herbicideProductData' table in '.../sgr_data/data'"
793,MANANG_S8.1_BUFFER_R3,"('name',)",value_error,"Value error, Herbicide product Ester 680 must be defined in the 'herbicideProductData' table in '.../sgr_data/data'"
794,MANANG_S8.2_BUFFER_R3,"('name',)",value_error,"Value error, Herbicide product Ester 680 must be defined in the 'herbicideProductData' table in '.../sgr_data/data'"
795,MANANG_S8.2_P3123_R3,"('name',)",value_error,"Value error, Herbicide product Ester 680 must be defined in the 'herbicideProductData' table in '.../sgr_data/data'"
796,MANANG_S8.2_BUFFER_R3,"('name',)",value_error,"Value error, Herbicide product Ester 680 must be defined in the 'herbicideProductData' table in '.../sgr_data/data'"
797,MANANG_S1.2_BUFFER_R3,"('name',)",value_error,"Value error, Herbicide product Ester 680 must be defined in the 'herbicideProductData' table in '.../sgr_data/data'"
798,MANANG_S1.2_P2312_R3,"('name',)",value_error,"Value error, Herbicide product Ester 680 must be defined in the 'herbicideProductData' table in '.../sgr_data/data'"
799,MANANG_S1.2_BUFFER_R3,"('name',)",value_error,"Value error, Herbicide product Ester 680 must be defined in the 'herbicideProductData' table in '.../sgr_data/data'"
800,MANANG_S2_BUFFER_R3,"('name',)",value_error,"Value error, Herbicide product Ester 680 must be defined in the 'herbicideProductData' table in '.../sgr_data/data'"
801,MANANG_S2_P1212_R3,"('name',)",value_error,"Value error, Herbicide product Ester 680 must be defined in the 'herbicideProductData' table in '.../sgr_data/data'"
802,MANANG_S2_BUFFER_R3,"('name',)",value_error,"Value error, Herbicide product Ester 680 must be defined in the 'herbicideProductData' table in '.../sgr_data/data'"
803,MANANG_S7_BUFFER_R3,"('name',)",value_error,"Value error, Herbicide product Ester 680 must be defined in the 'herbicideProductData' table in '.../sgr_data/data'"
804,MANANG_S7_P3123_R3,"('name',)",value_error,"Value error, Herbicide product Ester 680 must be defined in the 'herbicideProductData' table in '.../sgr_data/data'"
805,MANANG_S7_BUFFER_R3,"('name',)",value_error,"Value error, Herbicide product Ester 680 must be defined in the 'herbicideProductData' table in '.../sgr_data/data'"
806,MANANG_S4_BUFFER_R3,"('name',)",value_error,"Value error, Herbicide product Ester 680 must be defined in the 'herbicideProductData' table in '.../sgr_data/data'"
807,MANANG_S4_P1234_R3,"('name',)",value_error,"Value error, Herbicide product Ester 680 must be defined in the 'herbicideProductData' table in '.../sgr_data/data'"
808,MANANG_S4_BUFFER_R3,"('name',)",value_error,"Value error, Herbicide product Ester 680 must be defined in the 'herbicideProductData' table in '.../sgr_data/data'"
809,MANANG_S13_BUFFER_R3,"('name',)",value_error,"Value error, Herbicide product Ester 680 must be defined in the 'herbicideProductData' table in '.../sgr_data/data'"
810,MANANG_S13_P0000_R8,"('name',)",value_error,"Value error, Herbicide product Ester 680 must be defined in the 'herbicideProductData' table in '.../sgr_data/data'"
811,MANANG_S13_BUFFER_R3,"('name',)",value_error,"Value error, Herbicide product Ester 680 must be defined in the 'herbicideProductData' table in '.../sgr_data/data'"
812,MANANG_S2_BUFFER_R3,"('name',)",value_error,"Value error, Herbicide product Ester 680 must be defined in the 'herbicideProductData' table in '.../sgr_data/data'"
813,MANANG_S2_P2121_R3,"('name',)",value_error,"Value error, Herbicide product Ester 680 must be defined in the 'herbicideProductData' table in '.../sgr_data/data'"
814,MANANG_S2_BUFFER_R3,"('name',)",value_error,"Value error, Herbicide product Ester 680 must be defined in the 'herbicideProductData' table in '.../sgr_data/data'"
815,MANANG_S10.1_BUFFER_R3,"('name',)",value_error,"Value error, Herbicide product Ester 680 must be defined in the 'herbicideProductData' table in '.../sgr_data/data'"
816,MANANG_S10.1_P1231_R3,"('name',)",value_error,"Value error, Herbicide product Ester 680 must be defined in the 'herbicideProductData' table in '.../sgr_data/data'"
817,MANANG_S10.1_BUFFER_R3,"('name',)",value_error,"Value error, Herbicide product Ester 680 must be defined in the 'herbicideProductData' table in '.../sgr_data/data'"
818,MANANG_S1.3_BUFFER_R3,"('name',)",value_error,"Value error, Herbicide product Ester 680 must be defined in the 'herbicideProductData' table in '.../sgr_data/data'"
819,MANANG_S1.3_P2312_R3,"('name',)",value_error,"Value error, Herbicide product Ester 680 must be defined in the 'herbicideProductData' table in '.../sgr_data/data'"
820,MANANG_S1.3_BUFFER_R3,"('name',)",value_error,"Value error, Herbicide product Ester 680 must be defined in the 'herbicideProductData' table in '.../sgr_data/data'"
821,MANANG_S11_BUFFER_R3,"('name',)",value_error,"Value error, Herbicide product Ester 680 must be defined in the 'herbicideProductData' table in '.../sgr_data/data'"
822,MANANG_S11_P2121_R3,"('name',)",value_error,"Value error, Herbicide product Ester 680 must be defined in the 'herbicideProductData' table in '.../sgr_data/data'"
823,MANANG_S11_BUFFER_R3,"('name',)",value_error,"Value error, Herbicide product Ester 680 must be defined in the 'herbicideProductData' table in '.../sgr_data/data'"
824,MANANG_S3_BUFFER_R3,"('name',)",value_error,"Value error, Herbicide product Ester 680 must be defined in the 'herbicideProductData' table in '.../sgr_data/data'"
825,MANANG_S3_P1231_R3,"('name',)",value_error,"Value error, Herbicide product Ester 680 must be defined in the 'herbicideProductData' table in '.../sgr_data/data'"
826,MANANG_S3_BUFFER_R3,"('name',)",value_error,"Value error, Herbicide product Ester 680 must be defined in the 'herbicideProductData' table in '.../sgr_data/data'"
827,MANANG_S3_P2312_R3,"('name',)",value_error,"Value error, Herbicide product Ester 680 must be defined in the 'herbicideProductData' table in '.../sgr_data/data'"
828,MANANG_S3_BUFFER_R3,"('name',)",value_error,"Value error, Herbicide product Ester 680 must be defined in the 'herbicideProductData' table in '.../sgr_data/data'"
829,MANANG_S4_BUFFER_R3,"('name',)",value_error,"Value error, Herbicide product Ester 680 must be defined in the 'herbicideProductData' table in '.../sgr_data/data'"
830,MANANG_S4_P4123_R3,"('name',)",value_error,"Value error, Herbicide product Ester 680 must be defined in the 'herbicideProductData' table in '.../sgr_data/data'"
831,MANANG_S4_BUFFER_R3,"('name',)",value_error,"Value error, Herbicide product Ester 680 must be defined in the 'herbicideProductData' table in '.../sgr_data/data'"
832,MANANG_S13_BUFFER_R3,"('name',)",value_error,"Value error, Herbicide product Ester 680 must be defined in the 'herbicideProductData' table in '.../sgr_data/data'"
833,MANANG_S13_P0000_R9,"('name',)",value_error,"Value error, Herbicide product Ester 680 must be defined in the 'herbicideProductData' table in '.../sgr_data/data'"
834,MANANG_S13_BUFFER_R3,"('name',)",value_error,"Value error, Herbicide product Ester 680 must be defined in the 'herbicideProductData' table in '.../sgr_data/data'"
835,MANANG_S10.1_BUFFER_R3,"('name',)",value_error,"Value error, Herbicide product Ester 680 must be defined in the 'herbicideProductData' table in '.../sgr_data/data'"
836,MANANG_S10.1_P2312_R3,"('name',)",value_error,"Value error, Herbicide product Ester 680 must be defined in the 'herbicideProductData' table in '.../sgr_data/data'"
837,MANANG_S10.1_BUFFER_R3,"('name',)",value_error,"Value error, Herbicide product Ester 680 must be defined in the 'herbicideProductData' table in '.../sgr_data/data'"
838,MANANG_S8.1_BUFFER_R3,"('name',)",value_error,"Value error, Herbicide product Ester 680 must be defined in the 'herbicideProductData' table in '.../sgr_data/data'"
839,MANANG_S8.1_P3123_R3,"('name',)",value_error,"Value error, Herbicide product Ester 680 must be defined in the 'herbicideProductData' table in '.../sgr_data/data'"
840,MANANG_S8.1_BUFFER_R3,"('name',)",value_error,"Value error, Herbicide product Ester 680 must be defined in the 'herbicideProductData' table in '.../sgr_data/data'"
841,MANANG_S9_P2312_R1,"('name',)",value_error,"Value error, Herbicide product Ester 680 must be defined in the 'herbicideProductData' table in '.../sgr_data/data'"
842,MANANG_S9_P2312_R2,"('name',)",value_error,"Value error, Herbicide product Ester 680 must be defined in the 'herbicideProductData' table in '.../sgr_data/data'"
843,MANANG_S9_P2312_R3,"('name',)",value_error,"Value error, Herbicide product Ester 680 must be defined in the 'herbicideProductData' table in '.../sgr_data/data'"
844,MANANG_S8.2_P3123_R1,"('name',)",value_error,"Value error, Herbicide product Ester 680 must be defined in the 'herbicideProductData' table in '.../sgr_data/data'"
845,MANANG_S8.2_P3123_R2,"('name',)",value_error,"Value error, Herbicide product Ester 680 must be defined in the 'herbicideProductData' table in '.../sgr_data/data'"
846,MANANG_S8.2_P3123_R3,"('name',)",value_error,"Value error, Herbicide product Ester 680 must be defined in the 'herbicideProductData' table in '.../sgr_data/data'"
847,MANANG_S9_P3123_R1,"('name',)",value_error,"Value error, Herbicide product Ester 680 must be defined in the 'herbicideProductData' table in '.../sgr_data/data'"
848,MANANG_S9_P3123_R2,"('name',)",value_error,"Value error, Herbicide product Ester 680 must be defined in the 'herbicideProductData' table in '.../sgr_data/data'"
849,MANANG_S9_P3123_R3,"('name',)",value_error,"Value error, Herbicide product Ester 680 must be defined in the 'herbicideProductData' table in '.../sgr_data/data'"
850,MANANG_S8.1_BUFFER_R1,"('name',)",value_error,"Value error, Herbicide product Ester 680 must be defined in the 'herbicideProductData' table in '.../sgr_data/data'"
851,MANANG_S8.1_P2312_R1,"('name',)",value_error,"Value error, Herbicide product Ester 680 must be defined in the 'herbicideProductData' table in '.../sgr_data/data'"
852,MANANG_S8.1_BUFFER_R1,"('name',)",value_error,"Value error, Herbicide product Ester 680 must be defined in the 'herbicideProductData' table in '.../sgr_data/data'"
853,MANANG_S1.1_BUFFER_R1,"('name',)",value_error,"Value error, Herbicide product Ester 680 must be defined in the 'herbicideProductData' table in '.../sgr_data/data'"
854,MANANG_S1.1_P3123_R1,"('name',)",value_error,"Value error, Herbicide product Ester 680 must be defined in the 'herbicideProductData' table in '.../sgr_data/data'"
855,MANANG_S1.1_BUFFER_R1,"('name',)",value_error,"Value error, Herbicide product Ester 680 must be defined in the 'herbicideProductData' table in '.../sgr_data/data'"
856,MANANG_S4_BUFFER_R1,"('name',)",value_error,"Value error, Herbicide product Ester 680 must be defined in the 'herbicideProductData' table in '.../sgr_data/data'"
857,MANANG_S4_P4123_R1,"('name',)",value_error,"Value error, Herbicide product Ester 680 must be defined in the 'herbicideProductData' table in '.../sgr_data/data'"
858,MANANG_S4_BUFFER_R1,"('name',)",value_error,"Value error, Herbicide product Ester 680 must be defined in the 'herbicideProductData' table in '.../sgr_data/data'"
859,MANANG_S12_BUFFER_R1,"('name',)",value_error,"Value error, Herbicide product Ester 680 must be defined in the 'herbicideProductData' table in '.../sgr_data/data'"
860,MANANG_S12_P0000_R1,"('name',)",value_error,"Value error, Herbicide product Ester 680 must be defined in the 'herbicideProductData' table in '.../sgr_data/data'"
861,MANANG_S12_BUFFER_R1,"('name',)",value_error,"Value error, Herbicide product Ester 680 must be defined in the 'herbicideProductData' table in '.../sgr_data/data'"
862,MANANG_S6_BUFFER_R1,"('name',)",value_error,"Value error, Herbicide product Ester 680 must be defined in the 'herbicideProductData' table in '.../sgr_data/data'"
863,MANANG_S6_P1111_R1,"('name',)",value_error,"Value error, Herbicide product Ester 680 must be defined in the 'herbicideProductData' table in '.../sgr_data/data'"
864,MANANG_S6_BUFFER_R1,"('name',)",value_error,"Value error, Herbicide product Ester 680 must be defined in the 'herbicideProductData' table in '.../sgr_data/data'"
865,MANANG_S10.2_BUFFER_R1,"('name',)",value_error,"Value error, Herbicide product Ester 680 must be defined in the 'herbicideProductData' table in '.../sgr_data/data'"
866,MANANG_S10.2_P3123_R1,"('name',)",value_error,"Value error, Herbicide product Ester 680 must be defined in the 'herbicideProductData' table in '.../sgr_data/data'"
867,MANANG_S10.2_BUFFER_R1,"('name',)",value_error,"Value error, Herbicide product Ester 680 must be defined in the 'herbicideProductData' table in '.../sgr_data/data'"
868,MANANG_S1.3_BUFFER_R1,"('name',)",value_error,"Value error, Herbicide product Ester 680 must be defined in the 'herbicideProductData' table in '.../sgr_data/data'"
869,MANANG_S1.3_P3123_R1,"('name',)",value_error,"Value error, Herbicide product Ester 680 must be defined in the 'herbicideProductData' table in '.../sgr_data/data'"
870,MANANG_S1.3_BUFFER_R1,"('name',)",value_error,"Value error, Herbicide product Ester 680 must be defined in the 'herbicideProductData' table in '.../sgr_data/data'"
871,MANANG_S3_BUFFER_R1,"('name',)",value_error,"Value error, Herbicide product Ester 680 must be defined in the 'herbicideProductData' table in '.../sgr_data/data'"
872,MANANG_S3_P1231_R1,"('name',)",value_error,"Value error, Herbicide product Ester 680 must be defined in the 'herbicideProductData' table in '.../sgr_data/data'"
873,MANANG_S3_BUFFER_R1,"('name',)",value_error,"Value error, Herbicide product Ester 680 must be defined in the 'herbicideProductData' table in '.../sgr_data/data'"
874,MANANG_S5_BUFFER_R1,"('name',)",value_error,"Value error, Herbicide product Ester 680 must be defined in the 'herbicideProductData' table in '.../sgr_data/data'"
875,MANANG_S5_P2341_R1,"('name',)",value_error,"Value error, Herbicide product Ester 680 must be defined in the 'herbicideProductData' table in '.../sgr_data/data'"
876,MANANG_S5_BUFFER_R1,"('name',)",value_error,"Value error, Herbicide product Ester 680 must be defined in the 'herbicideProductData' table in '.../sgr_data/data'"
877,MANANG_S8.2_BUFFER_R1,"('name',)",value_error,"Value error, Herbicide product Ester 680 must be defined in the 'herbicideProductData' table in '.../sgr_data/data'"
878,MANANG_S8.2_P1231_R1,"('name',)",value_error,"Value error, Herbicide product Ester 680 must be defined in the 'herbicideProductData' table in '.../sgr_data/data'"
879,MANANG_S8.2_BUFFER_R1,"('name',)",value_error,"Value error, Herbicide product Ester 680 must be defined in the 'herbicideProductData' table in '.../sgr_data/data'"
880,MANANG_S8.1_BUFFER_R1,"('name',)",value_error,"Value error, Herbicide product Ester 680 must be defined in the 'herbicideProductData' table in '.../sgr_data/data'"
881,MANANG_S8.1_P1231_R1,"('name',)",value_error,"Value error, Herbicide product Ester 680 must be defined in the 'herbicideProductData' table in '.../sgr_data/data'"
882,MANANG_S8.1_BUFFER_R1,"('name',)",value_error,"Value error, Herbicide product Ester 680 must be defined in the 'herbicideProductData' table in '.../sgr_data/data'"
883,MANANG_S11_BUFFER_R1,"('name',)",value_error,"Value error, Herbicide product Ester 680 must be defined in the 'herbicideProductData' table in '.../sgr_data/data'"
884,MANANG_S11_P2121_R1,"('name',)",value_error,"Value error, Herbicide product Ester 680 must be defined in the 'herbicideProductData' table in '.../sgr_data/data'"
885,MANANG_S11_BUFFER_R1,"('name',)",value_error,"Value error, Herbicide product Ester 680 must be defined in the 'herbicideProductData' table in '.../sgr_data/data'"
886,MANANG_S1.1_BUFFER_R1,"('name',)",value_error,"Value error, Herbicide product Ester 680 must be defined in the 'herbicideProductData' table in '.../sgr_data/data'"
887,MANANG_S1.1_P1231_R1,"('name',)",value_error,"Value error, Herbicide product Ester 680 must be defined in the 'herbicideProductData' table in '.../sgr_data/data'"
888,MANANG_S1.1_BUFFER_R1,"('name',)",value_error,"Value error, Herbicide product Ester 680 must be defined in the 'herbicideProductData' table in '.../sgr_data/data'"
889,MANANG_S5_BUFFER_R1,"('name',)",value_error,"Value error, Herbicide product Ester 680 must be defined in the 'herbicideProductData' table in '.../sgr_data/data'"
890,MANANG_S5_P1234_R1,"('name',)",value_error,"Value error, Herbicide product Ester 680 must be defined in the 'herbicideProductData' table in '.../sgr_data/data'"
891,MANANG_S5_BUFFER_R1,"('name',)",value_error,"Value error, Herbicide product Ester 680 must be defined in the 'herbicideProductData' table in '.../sgr_data/data'"
892,MANANG_S11_BUFFER_R1,"('name',)",value_error,"Value error, Herbicide product Ester 680 must be defined in the 'herbicideProductData' table in '.../sgr_data/data'"
893,MANANG_S11_P1212_R1,"('name',)",value_error,"Value error, Herbicide product Ester 680 must be defined in the 'herbicideProductData' table in '.../sgr_data/data'"
894,MANANG_S11_BUFFER_R1,"('name',)",value_error,"Value error, Herbicide product Ester 680 must be defined in the 'herbicideProductData' table in '.../sgr_data/data'"
895,MANANG_S13_BUFFER_R1,"('name',)",value_error,"Value error, Herbicide product Ester 680 must be defined in the 'herbicideProductData' table in '.../sgr_data/data'"
896,MANANG_S13_P0000_R1,"('name',)",value_error,"Value error, Herbicide product Ester 680 must be defined in the 'herbicideProductData' table in '.../sgr_data/data'"
897,MANANG_S13_BUFFER_R1,"('name',)",value_error,"Value error, Herbicide product Ester 680 must be defined in the 'herbicideProductData' table in '.../sgr_data/data'"
898,MANANG_S9_BUFFER_R1,"('name',)",value_error,"Value error, Herbicide product Ester 680 must be defined in the 'herbicideProductData' table in '.../sgr_data/data'"
899,MANANG_S9_P1231_R1,"('name',)",value_error,"Value error, Herbicide product Ester 680 must be defined in the 'herbicideProductData' table in '.../sgr_data/data'"
900,MANANG_S9_BUFFER_R1,"('name',)",value_error,"Value error, Herbicide product Ester 680 must be defined in the 'herbicideProductData' table in '.../sgr_data/data'"
901,MANANG_S1.3_BUFFER_R1,"('name',)",value_error,"Value error, Herbicide product Ester 680 must be defined in the 'herbicideProductData' table in '.../sgr_data/data'"
902,MANANG_S1.3_P1231_R1,"('name',)",value_error,"Value error, Herbicide product Ester 680 must be defined in the 'herbicideProductData' table in '.../sgr_data/data'"
903,MANANG_S1.3_BUFFER_R1,"('name',)",value_error,"Value error, Herbicide product Ester 680 must be defined in the 'herbicideProductData' table in '.../sgr_data/data'"
904,MANANG_S5_BUFFER_R1,"('name',)",value_error,"Value error, Herbicide product Ester 680 must be defined in the 'herbicideProductData' table in '.../sgr_data/data'"
905,MANANG_S5_P3412_R1,"('name',)",value_error,"Value error, Herbicide product Ester 680 must be defined in the 'herbicideProductData' table in '.../sgr_data/data'"
906,MANANG_S5_BUFFER_R1,"('name',)",value_error,"Value error, Herbicide product Ester 680 must be defined in the 'herbicideProductData' table in '.../sgr_data/data'"
907,MANANG_S8.2_BUFFER_R1,"('name',)",value_error,"Value error, Herbicide product Ester 680 must be defined in the 'herbicideProductData' table in '.../sgr_data/data'"
908,MANANG_S8.2_P2312_R1,"('name',)",value_error,"Value error, Herbicide product Ester 680 must be defined in the 'herbicideProductData' table in '.../sgr_data/data'"
909,MANANG_S8.2_BUFFER_R1,"('name',)",value_error,"Value error, Herbicide product Ester 680 must be defined in the 'herbicideProductData' table in '.../sgr_data/data'"
910,MANANG_S8.2_P3123_R1,"('name',)",value_error,"Value error, Herbicide product Ester 680 must be defined in the 'herbicideProductData' table in '.../sgr_data/data'"
911,MANANG_S8.2_BUFFER_R1,"('name',)",value_error,"Value error, Herbicide product Ester 680 must be defined in the 'herbicideProductData' table in '.../sgr_data/data'"
912,MANANG_S1.2_BUFFER_R1,"('name',)",value_error,"Value error, Herbicide product Ester 680 must be defined in the 'herbicideProductData' table in '.../sgr_data/data'"
913,MANANG_S1.2_P1231_R1,"('name',)",value_error,"Value error, Herbicide product Ester 680 must be defined in the 'herbicideProductData' table in '.../sgr_data/data'"
914,MANANG_S1.2_BUFFER_R1,"('name',)",value_error,"Value error, Herbicide product Ester 680 must be defined in the 'herbicideProductData' table in '.../sgr_data/data'"
915,MANANG_S10.1_BUFFER_R1,"('name',)",value_error,"Value error, Herbicide product Ester 680 must be defined in the 'herbicideProductData' table in '.../sgr_data/data'"
916,MANANG_S10.1_P1231_R1,"('name',)",value_error,"Value error, Herbicide product Ester 680 must be defined in the 'herbicideProductData' table in '.../sgr_data/data'"
917,MANANG_S10.1_BUFFER_R1,"('name',)",value_error,"Value error, Herbicide product Ester 680 must be defined in the 'herbicideProductData' table in '.../sgr_data/data'"
918,MANANG_S12_BUFFER_R1,"('name',)",value_error,"Value error, Herbicide product Ester 680 must be defined in the 'herbicideProductData' table in '.../sgr_data/data'"
919,MANANG_S12_P0000_R2,"('name',)",value_error,"Value error, Herbicide product Ester 680 must be defined in the 'herbicideProductData' table in '.../sgr_data/data'"
920,MANANG_S12_BUFFER_R1,"('name',)",value_error,"Value error, Herbicide product Ester 680 must be defined in the 'herbicideProductData' table in '.../sgr_data/data'"
921,MANANG_S4_BUFFER_R1,"('name',)",value_error,"Value error, Herbicide product Ester 680 must be defined in the 'herbicideProductData' table in '.../sgr_data/data'"
922,MANANG_S4_P3412_R1,"('name',)",value_error,"Value error, Herbicide product Ester 680 must be defined in the 'herbicideProductData' table in '.../sgr_data/data'"
923,MANANG_S4_BUFFER_R1,"('name',)",value_error,"Value error, Herbicide product Ester 680 must be defined in the 'herbicideProductData' table in '.../sgr_data/data'"
924,MANANG_S1.2_BUFFER_R1,"('name',)",value_error,"Value error, Herbicide product Ester 680 must be defined in the 'herbicideProductData' table in '.../sgr_data/data'"
925,MANANG_S1.2_P2312_R1,"('name',)",value_error,"Value error, Herbicide product Ester 680 must be defined in the 'herbicideProductData' table in '.../sgr_data/data'"
926,MANANG_S1.2_BUFFER_R1,"('name',)",value_error,"Value error, Herbicide product Ester 680 must be defined in the 'herbicideProductData' table in '.../sgr_data/data'"
927,MANANG_S10.1_BUFFER_R1,"('name',)",value_error,"Value error, Herbicide product Ester 680 must be defined in the 'herbicideProductData' table in '.../sgr_data/data'"
928,MANANG_S10.1_P3123_R1,"('name',)",value_error,"Value error, Herbicide product Ester 680 must be defined in the 'herbicideProductData' table in '.../sgr_data/data'"
929,MANANG_S10.1_BUFFER_R1,"('name',)",value_error,"Value error, Herbicide product Ester 680 must be defined in the 'herbicideProductData' table in '.../sgr_data/data'"
930,MANANG_S7_BUFFER_R1,"('name',)",value_error,"Value error, Herbicide product Ester 680 must be defined in the 'herbicideProductData' table in '.../sgr_data/data'"
931,MANANG_S7_P1231_R1,"('name',)",value_error,"Value error, Herbicide product Ester 680 must be defined in the 'herbicideProductData' table in '.../sgr_data/data'"
932,MANANG_S7_BUFFER_R1,"('name',)",value_error,"Value error, Herbicide product Ester 680 must be defined in the 'herbicideProductData' table in '.../sgr_data/data'"
933,MANANG_S7_P3123_R1,"('name',)",value_error,"Value error, Herbicide product Ester 680 must be defined in the 'herbicideProductData' table in '.../sgr_data/data'"
934,MANANG_S7_BUFFER_R1,"('name',)",value_error,"Value error, Herbicide product Ester 680 must be defined in the 'herbicideProductData' table in '.../sgr_data/data'"
935,MANANG_S4_BUFFER_R1,"('name',)",value_error,"Value error, Herbicide product Ester 680 must be defined in the 'herbicideProductData' table in '.../sgr_data/data'"
936,MANANG_S4_P1234_R1,"('name',)",value_error,"Value error, Herbicide product Ester 680 must be defined in the 'herbicideProductData' table in '.../sgr_data/data'"
937,MANANG_S4_BUFFER_R1,"('name',)",value_error,"Value error, Herbicide product Ester 680 must be defined in the 'herbicideProductData' table in '.../sgr_data/data'"
938,MANANG_S10.2_BUFFER_R1,"('name',)",value_error,"Value error, Herbicide product Ester 680 must be defined in the 'herbicideProductData' table in '.../sgr_data/data'"
939,MANANG_S10.2_P2312_R1,"('name',)",value_error,"Value error, Herbicide product Ester 680 must be defined in the 'herbicideProductData' table in '.../sgr_data/data'"
940,MANANG_S10.2_BUFFER_R1,"('name',)",value_error,"Value error, Herbicide product Ester 680 must be defined in the 'herbicideProductData' table in '.../sgr_data/data'"
941,MANANG_S9_BUFFER_R1,"('name',)",value_error,"Value error, Herbicide product Ester 680 must be defined in the 'herbicideProductData' table in '.../sgr_data/data'"
942,MANANG_S9_P3123_R1,"('name',)",value_error,"Value error, Herbicide product Ester 680 must be defined in the 'herbicideProductData' table in '.../sgr_data/data'"
943,MANANG_S9_BUFFER_R1,"('name',)",value_error,"Value error, Herbicide product Ester 680 must be defined in the 'herbicideProductData' table in '.../sgr_data/data'"
944,MANANG_S2_BUFFER_R1,"('name',)",value_error,"Value error, Herbicide product Ester 680 must be defined in the 'herbicideProductData' table in '.../sgr_data/data'"
945,MANANG_S2_P1212_R1,"('name',)",value_error,"Value error, Herbicide product Ester 680 must be defined in the 'herbicideProductData' table in '.../sgr_data/data'"
946,MANANG_S2_BUFFER_R1,"('name',)",value_error,"Value error, Herbicide product Ester 680 must be defined in the 'herbicideProductData' table in '.../sgr_data/data'"
947,MANANG_S1.3_BUFFER_R1,"('name',)",value_error,"Value error, Herbicide product Ester 680 must be defined in the 'herbicideProductData' table in '.../sgr_data/data'"
948,MANANG_S1.3_P2312_R1,"('name',)",value_error,"Value error, Herbicide product Ester 680 must be defined in the 'herbicideProductData' table in '.../sgr_data/data'"
949,MANANG_S1.3_BUFFER_R1,"('name',)",value_error,"Value error, Herbicide product Ester 680 must be defined in the 'herbicideProductData' table in '.../sgr_data/data'"
950,MANANG_S2_BUFFER_R1,"('name',)",value_error,"Value error, Herbicide product Ester 680 must be defined in the 'herbicideProductData' table in '.../sgr_data/data'"
951,MANANG_S2_P2121_R1,"('name',)",value_error,"Value error, Herbicide product Ester 680 must be defined in the 'herbicideProductData' table in '.../sgr_data/data'"
952,MANANG_S2_BUFFER_R1,"('name',)",value_error,"Value error, Herbicide product Ester 680 must be defined in the 'herbicideProductData' table in '.../sgr_data/data'"
953,MANANG_S3_BUFFER_R1,"('name',)",value_error,"Value error, Herbicide product Ester 680 must be defined in the 'herbicideProductData' table in '.../sgr_data/data'"
954,MANANG_S3_P2312_R1,"('name',)",value_error,"Value error, Herbicide product Ester 680 must be defined in the 'herbicideProductData' table in '.../sgr_data/data'"
955,MANANG_S3_BUFFER_R1,"('name',)",value_error,"Value error, Herbicide product Ester 680 must be defined in the 'herbicideProductData' table in '.../sgr_data/data'"
956,MANANG_S6_BUFFER_R1,"('name',)",value_error,"Value error, Herbicide product Ester 680 must be defined in the 'herbicideProductData' table in '.../sgr_data/data'"
957,MANANG_S6_P1111_R2,"('name',)",value_error,"Value error, Herbicide product Ester 680 must be defined in the 'herbicideProductData' table in '.../sgr_data/data'"
958,MANANG_S6_BUFFER_R1,"('name',)",value_error,"Value error, Herbicide product Ester 680 must be defined in the 'herbicideProductData' table in '.../sgr_data/data'"
959,MANANG_S1.1_BUFFER_R1,"('name',)",value_error,"Value error, Herbicide product Ester 680 must be defined in the 'herbicideProductData' table in '.../sgr_data/data'"
960,MANANG_S1.1_P2312_R1,"('name',)",value_error,"Value error, Herbicide product Ester 680 must be defined in the 'herbicideProductData' table in '.../sgr_data/data'"
961,MANANG_S1.1_BUFFER_R1,"('name',)",value_error,"Value error, Herbicide product Ester 680 must be defined in the 'herbicideProductData' table in '.../sgr_data/data'"
962,MANANG_S1.2_BUFFER_R1,"('name',)",value_error,"Value error, Herbicide product Ester 680 must be defined in the 'herbicideProductData' table in '.../sgr_data/data'"
963,MANANG_S1.2_P3123_R1,"('name',)",value_error,"Value error, Herbicide product Ester 680 must be defined in the 'herbicideProductData' table in '.../sgr_data/data'"
964,MANANG_S1.2_BUFFER_R1,"('name',)",value_error,"Value error, Herbicide product Ester 680 must be defined in the 'herbicideProductData' table in '.../sgr_data/data'"
965,MANANG_S10.2_BUFFER_R1,"('name',)",value_error,"Value error, Herbicide product Ester 680 must be defined in the 'herbicideProductData' table in '.../sgr_data/data'"
966,MANANG_S10.2_P1231_R1,"('name',)",value_error,"Value error, Herbicide product Ester 680 must be defined in the 'herbicideProductData' table in '.../sgr_data/data'"
967,MANANG_S10.2_BUFFER_R1,"('name',)",value_error,"Value error, Herbicide product Ester 680 must be defined in the 'herbicideProductData' table in '.../sgr_data/data'"
968,MANANG_S9_BUFFER_R1,"('name',)",value_error,"Value error, Herbicide product Ester 680 must be defined in the 'herbicideProductData' table in '.../sgr_data/data'"
969,MANANG_S9_P2312_R1,"('name',)",value_error,"Value error, Herbicide product Ester 680 must be defined in the 'herbicideProductData' table in '.../sgr_data/data'"
970,MANANG_S9_BUFFER_R1,"('name',)",value_error,"Value error, Herbicide product Ester 680 must be defined in the 'herbicideProductData' table in '.../sgr_data/data'"
971,MANANG_S13_BUFFER_R1,"('name',)",value_error,"Value error, Herbicide product Ester 680 must be defined in the 'herbicideProductData' table in '.../sgr_data/data'"
972,MANANG_S13_P0000_R2,"('name',)",value_error,"Value error, Herbicide product Ester 680 must be defined in the 'herbicideProductData' table in '.../sgr_data/data'"
973,MANANG_S13_BUFFER_R1,"('name',)",value_error,"Value error, Herbicide product Ester 680 must be defined in the 'herbicideProductData' table in '.../sgr_data/data'"
974,MANANG_S4_BUFFER_R1,"('name',)",value_error,"Value error, Herbicide product Ester 680 must be defined in the 'herbicideProductData' table in '.../sgr_data/data'"
975,MANANG_S4_P2341_R1,"('name',)",value_error,"Value error, Herbicide product Ester 680 must be defined in the 'herbicideProductData' table in '.../sgr_data/data'"
976,MANANG_S4_BUFFER_R1,"('name',)",value_error,"Value error, Herbicide product Ester 680 must be defined in the 'herbicideProductData' table in '.../sgr_data/data'"
977,MANANG_S7_BUFFER_R1,"('name',)",value_error,"Value error, Herbicide product Ester 680 must be defined in the 'herbicideProductData' table in '.../sgr_data/data'"
978,MANANG_S7_P2312_R1,"('name',)",value_error,"Value error, Herbicide product Ester 680 must be defined in the 'herbicideProductData' table in '.../sgr_data/data'"
979,MANANG_S7_BUFFER_R1,"('name',)",value_error,"Value error, Herbicide product Ester 680 must be defined in the 'herbicideProductData' table in '.../sgr_data/data'"
980,MANANG_S3_BUFFER_R1,"('name',)",value_error,"Value error, Herbicide product Ester 680 must be defined in the 'herbicideProductData' table in '.../sgr_data/data'"
981,MANANG_S3_P3123_R1,"('name',)",value_error,"Value error, Herbicide product Ester 680 must be defined in the 'herbicideProductData' table in '.../sgr_data/data'"
982,MANANG_S3_BUFFER_R1,"('name',)",value_error,"Value error, Herbicide product Ester 680 must be defined in the 'herbicideProductData' table in '.../sgr_data/data'"
983,MANANG_S5_BUFFER_R1,"('name',)",value_error,"Value error, Herbicide product Ester 680 must be defined in the 'herbicideProductData' table in '.../sgr_data/data'"
984,MANANG_S5_P4123_R1,"('name',)",value_error,"Value error, Herbicide product Ester 680 must be defined in the 'herbicideProductData' table in '.../sgr_data/data'"
985,MANANG_S5_BUFFER_R1,"('name',)",value_error,"Value error, Herbicide product Ester 680 must be defined in the 'herbicideProductData' table in '.../sgr_data/data'"
986,MANANG_S12_BUFFER_R1,"('name',)",value_error,"Value error, Herbicide product Ester 680 must be defined in the 'herbicideProductData' table in '.../sgr_data/data'"
987,MANANG_S12_P0000_R3,"('name',)",value_error,"Value error, Herbicide product Ester 680 must be defined in the 'herbicideProductData' table in '.../sgr_data/data'"
988,MANANG_S12_BUFFER_R1,"('name',)",value_error,"Value error, Herbicide product Ester 680 must be defined in the 'herbicideProductData' table in '.../sgr_data/data'"
989,MANANG_S10.1_BUFFER_R1,"('name',)",value_error,"Value error, Herbicide product Ester 680 must be defined in the 'herbicideProductData' table in '.../sgr_data/data'"
990,MANANG_S10.1_P2312_R1,"('name',)",value_error,"Value error, Herbicide product Ester 680 must be defined in the 'herbicideProductData' table in '.../sgr_data/data'"
991,MANANG_S10.1_BUFFER_R1,"('name',)",value_error,"Value error, Herbicide product Ester 680 must be defined in the 'herbicideProductData' table in '.../sgr_data/data'"
992,MANANG_S13_BUFFER_R1,"('name',)",value_error,"Value error, Herbicide product Ester 680 must be defined in the 'herbicideProductData' table in '.../sgr_data/data'"
993,MANANG_S13_P0000_R3,"('name',)",value_error,"Value error, Herbicide product Ester 680 must be defined in the 'herbicideProductData' table in '.../sgr_data/data'"
994,MANANG_S13_BUFFER_R1,"('name',)",value_error,"Value error, Herbicide product Ester 680 must be defined in the 'herbicideProductData' table in '.../sgr_data/data'"
995,MANANG_S8.1_BUFFER_R1,"('name',)",value_error,"Value error, Herbicide product Ester 680 must be defined in the 'herbicideProductData' table in '.../sgr_data/data'"
996,MANANG_S8.1_P3123_R1,"('name',)",value_error,"Value error, Herbicide product Ester 680 must be defined in the 'herbicideProductData' table in '.../sgr_data/data'"
997,MANANG_S8.1_BUFFER_R1,"('name',)",value_error,"Value error, Herbicide product Ester 680 must be defined in the 'herbicideProductData' table in '.../sgr_data/data'"
998,MANANG_S3_BUFFER_R2,"('name',)",value_error,"Value error, Herbicide product Ester 680 must be defined in the 'herbicideProductData' table in '.../sgr_data/data'"
999,MANANG_S3_P2312_R2,"('name',)",value_error,"Value error, Herbicide product Ester 680 must be defined in the 'herbicideProductData' table in '.../sgr_data/data'"
1000,MANANG_S3_BUFFER_R2,"('name',)",value_error,"Value error, Herbicide product Ester 680 must be defined in the 'herbicideProductData' table in '.../sgr_data/data'"
1001,MANANG_S8.2_BUFFER_R2,"('name',)",value_error,"Value error, Herbicide product Ester 680 must be defined in the 'herbicideProductData' table in '.../sgr_data/data'"
1002,MANANG_S8.2_P2312_R2,"('name',)",value_error,"Value error, Herbicide product Ester 680 must be defined in the 'herbicideProductData' table in '.../sgr_data/data'"
1003,MANANG_S8.2_BUFFER_R2,"('name',)",value_error,"Value error, Herbicide product Ester 680 must be defined in the 'herbicideProductData' table in '.../sgr_data/data'"
1004,MANANG_S8.2_P1231_R2,"('name',)",value_error,"Value error, Herbicide product Ester 680 must be defined in the 'herbicideProductData' table in '.../sgr_data/data'"
1005,MANANG_S8.2_BUFFER_R2,"('name',)",value_error,"Value error, Herbicide product Ester 680 must be defined in the 'herbicideProductData' table in '.../sgr_data/data'"
1006,MANANG_S1.3_BUFFER_R2,"('name',)",value_error,"Value error, Herbicide product Ester 680 must be defined in the 'herbicideProductData' table in '.../sgr_data/data'"
1007,MANANG_S1.3_P2312_R2,"('name',)",value_error,"Value error, Herbicide product Ester 680 must be defined in the 'herbicideProductData' table in '.../sgr_data/data'"
1008,MANANG_S1.3_BUFFER_R2,"('name',)",value_error,"Value error, Herbicide product Ester 680 must be defined in the 'herbicideProductData' table in '.../sgr_data/data'"
1009,MANANG_S13_BUFFER_R2,"('name',)",value_error,"Value error, Herbicide product Ester 680 must be defined in the 'herbicideProductData' table in '.../sgr_data/data'"
1010,MANANG_S13_P0000_R4,"('name',)",value_error,"Value error, Herbicide product Ester 680 must be defined in the 'herbicideProductData' table in '.../sgr_data/data'"
1011,MANANG_S13_BUFFER_R2,"('name',)",value_error,"Value error, Herbicide product Ester 680 must be defined in the 'herbicideProductData' table in '.../sgr_data/data'"
1012,MANANG_S9_BUFFER_R2,"('name',)",value_error,"Value error, Herbicide product Ester 680 must be defined in the 'herbicideProductData' table in '.../sgr_data/data'"
1013,MANANG_S9_P2312_R2,"('name',)",value_error,"Value error, Herbicide product Ester 680 must be defined in the 'herbicideProductData' table in '.../sgr_data/data'"
1014,MANANG_S9_BUFFER_R2,"('name',)",value_error,"Value error, Herbicide product Ester 680 must be defined in the 'herbicideProductData' table in '.../sgr_data/data'"
1015,MANANG_S2_BUFFER_R2,"('name',)",value_error,"Value error, Herbicide product Ester 680 must be defined in the 'herbicideProductData' table in '.../sgr_data/data'"
1016,MANANG_S2_P1212_R2,"('name',)",value_error,"Value error, Herbicide product Ester 680 must be defined in the 'herbicideProductData' table in '.../sgr_data/data'"
1017,MANANG_S2_BUFFER_R2,"('name',)",value_error,"Value error, Herbicide product Ester 680 must be defined in the 'herbicideProductData' table in '.../sgr_data/data'"
1018,MANANG_S10.1_BUFFER_R2,"('name',)",value_error,"Value error, Herbicide product Ester 680 must be defined in the 'herbicideProductData' table in '.../sgr_data/data'"
1019,MANANG_S10.1_P3123_R2,"('name',)",value_error,"Value error, Herbicide product Ester 680 must be defined in the 'herbicideProductData' table in '.../sgr_data/data'"
1020,MANANG_S10.1_BUFFER_R2,"('name',)",value_error,"Value error, Herbicide product Ester 680 must be defined in the 'herbicideProductData' table in '.../sgr_data/data'"
1021,MANANG_S1.1_BUFFER_R2,"('name',)",value_error,"Value error, Herbicide product Ester 680 must be defined in the 'herbicideProductData' table in '.../sgr_data/data'"
1022,MANANG_S1.1_P3123_R2,"('name',)",value_error,"Value error, Herbicide product Ester 680 must be defined in the 'herbicideProductData' table in '.../sgr_data/data'"
1023,MANANG_S1.1_BUFFER_R2,"('name',)",value_error,"Value error, Herbicide product Ester 680 must be defined in the 'herbicideProductData' table in '.../sgr_data/data'"
1024,MANANG_S4_BUFFER_R2,"('name',)",value_error,"Value error, Herbicide product Ester 680 must be defined in the 'herbicideProductData' table in '.../sgr_data/data'"
1025,MANANG_S4_P1234_R2,"('name',)",value_error,"Value error, Herbicide product Ester 680 must be defined in the 'herbicideProductData' table in '.../sgr_data/data'"
1026,MANANG_S4_BUFFER_R2,"('name',)",value_error,"Value error, Herbicide product Ester 680 must be defined in the 'herbicideProductData' table in '.../sgr_data/data'"
1027,MANANG_S8.1_BUFFER_R2,"('name',)",value_error,"Value error, Herbicide product Ester 680 must be defined in the 'herbicideProductData' table in '.../sgr_data/data'"
1028,MANANG_S8.1_P3123_R2,"('name',)",value_error,"Value error, Herbicide product Ester 680 must be defined in the 'herbicideProductData' table in '.../sgr_data/data'"
1029,MANANG_S8.1_BUFFER_R2,"('name',)",value_error,"Value error, Herbicide product Ester 680 must be defined in the 'herbicideProductData' table in '.../sgr_data/data'"
1030,MANANG_S1.2_BUFFER_R2,"('name',)",value_error,"Value error, Herbicide product Ester 680 must be defined in the 'herbicideProductData' table in '.../sgr_data/data'"
1031,MANANG_S1.2_P2312_R2,"('name',)",value_error,"Value error, Herbicide product Ester 680 must be defined in the 'herbicideProductData' table in '.../sgr_data/data'"
1032,MANANG_S1.2_BUFFER_R2,"('name',)",value_error,"Value error, Herbicide product Ester 680 must be defined in the 'herbicideProductData' table in '.../sgr_data/data'"
1033,MANANG_S3_BUFFER_R2,"('name',)",value_error,"Value error, Herbicide product Ester 680 must be defined in the 'herbicideProductData' table in '.../sgr_data/data'"
1034,MANANG_S3_P3123_R2,"('name',)",value_error,"Value error, Herbicide product Ester 680 must be defined in the 'herbicideProductData' table in '.../sgr_data/data'"
1035,MANANG_S3_BUFFER_R2,"('name',)",value_error,"Value error, Herbicide product Ester 680 must be defined in the 'herbicideProductData' table in '.../sgr_data/data'"
1036,MANANG_S5_BUFFER_R2,"('name',)",value_error,"Value error, Herbicide product Ester 680 must be defined in the 'herbicideProductData' table in '.../sgr_data/data'"
1037,MANANG_S5_P2341_R2,"('name',)",value_error,"Value error, Herbicide product Ester 680 must be defined in the 'herbicideProductData' table in '.../sgr_data/data'"
1038,MANANG_S5_BUFFER_R2,"('name',)",value_error,"Value error, Herbicide product Ester 680 must be defined in the 'herbicideProductData' table in '.../sgr_data/data'"
1039,MANANG_S4_BUFFER_R2,"('name',)",value_error,"Value error, Herbicide product Ester 680 must be defined in the 'herbicideProductData' table in '.../sgr_data/data'"
1040,MANANG_S4_P3412_R2,"('name',)",value_error,"Value error, Herbicide product Ester 680 must be defined in the 'herbicideProductData' table in '.../sgr_data/data'"
1041,MANANG_S4_BUFFER_R2,"('name',)",value_error,"Value error, Herbicide product Ester 680 must be defined in the 'herbicideProductData' table in '.../sgr_data/data'"
1042,MANANG_S8.1_BUFFER_R2,"('name',)",value_error,"Value error, Herbicide product Ester 680 must be defined in the 'herbicideProductData' table in '.../sgr_data/data'"
1043,MANANG_S8.1_P2312_R2,"('name',)",value_error,"Value error, Herbicide product Ester 680 must be defined in the 'herbicideProductData' table in '.../sgr_data/data'"
1044,MANANG_S8.1_BUFFER_R2,"('name',)",value_error,"Value error, Herbicide product Ester 680 must be defined in the 'herbicideProductData' table in '.../sgr_data/data'"
1045,MANANG_S11_BUFFER_R2,"('name',)",value_error,"Value error, Herbicide product Ester 680 must be defined in the 'herbicideProductData' table in '.../sgr_data/data'"
1046,MANANG_S11_P2121_R2,"('name',)",value_error,"Value error, Herbicide product Ester 680 must be defined in the 'herbicideProductData' table in '.../sgr_data/data'"
1047,MANANG_S11_BUFFER_R2,"('name',)",value_error,"Value error, Herbicide product Ester 680 must be defined in the 'herbicideProductData' table in '.../sgr_data/data'"
1048,MANANG_S12_BUFFER_R2,"('name',)",value_error,"Value error, Herbicide product Ester 680 must be defined in the 'herbicideProductData' table in '.../sgr_data/data'"
1049,MANANG_S12_P0000_R4,"('name',)",value_error,"Value error, Herbicide product Ester 680 must be defined in the 'herbicideProductData' table in '.../sgr_data/data'"
1050,MANANG_S12_BUFFER_R2,"('name',)",value_error,"Value error, Herbicide product Ester 680 must be defined in the 'herbicideProductData' table in '.../sgr_data/data'"
1051,MANANG_S8.1_BUFFER_R2,"('name',)",value_error,"Value error, Herbicide product Ester 680 must be defined in the 'herbicideProductData' table in '.../sgr_data/data'"
1052,MANANG_S8.1_P1231_R2,"('name',)",value_error,"Value error, Herbicide product Ester 680 must be defined in the 'herbicideProductData' table in '.../sgr_data/data'"
1053,MANANG_S8.1_BUFFER_R2,"('name',)",value_error,"Value error, Herbicide product Ester 680 must be defined in the 'herbicideProductData' table in '.../sgr_data/data'"
1054,MANANG_S7_BUFFER_R2,"('name',)",value_error,"Value error, Herbicide product Ester 680 must be defined in the 'herbicideProductData' table in '.../sgr_data/data'"
1055,MANANG_S7_P3123_R2,"('name',)",value_error,"Value error, Herbicide product Ester 680 must be defined in the 'herbicideProductData' table in '.../sgr_data/data'"
1056,MANANG_S7_BUFFER_R2,"('name',)",value_error,"Value error, Herbicide product Ester 680 must be defined in the 'herbicideProductData' table in '.../sgr_data/data'"
1057,MANANG_S9_BUFFER_R2,"('name',)",value_error,"Value error, Herbicide product Ester 680 must be defined in the 'herbicideProductData' table in '.../sgr_data/data'"
1058,MANANG_S9_P3123_R2,"('name',)",value_error,"Value error, Herbicide product Ester 680 must be defined in the 'herbicideProductData' table in '.../sgr_data/data'"
1059,MANANG_S9_BUFFER_R2,"('name',)",value_error,"Value error, Herbicide product Ester 680 must be defined in the 'herbicideProductData' table in '.../sgr_data/data'"
1060,MANANG_S13_BUFFER_R2,"('name',)",value_error,"Value error, Herbicide product Ester 680 must be defined in the 'herbicideProductData' table in '.../sgr_data/data'"
1061,MANANG_S13_P0000_R5,"('name',)",value_error,"Value error, Herbicide product Ester 680 must be defined in the 'herbicideProductData' table in '.../sgr_data/data'"
1062,MANANG_S13_BUFFER_R2,"('name',)",value_error,"Value error, Herbicide product Ester 680 must be defined in the 'herbicideProductData' table in '.../sgr_data/data'"
1063,MANANG_S1.3_BUFFER_R2,"('name',)",value_error,"Value error, Herbicide product Ester 680 must be defined in the 'herbicideProductData' table in '.../sgr_data/data'"
1064,MANANG_S1.3_P3123_R2,"('name',)",value_error,"Value error, Herbicide product Ester 680 must be defined in the 'herbicideProductData' table in '.../sgr_data/data'"
1065,MANANG_S1.3_BUFFER_R2,"('name',)",value_error,"Value error, Herbicide product Ester 680 must be defined in the 'herbicideProductData' table in '.../sgr_data/data'"
1066,MANANG_S13_BUFFER_R2,"('name',)",value_error,"Value error, Herbicide product Ester 680 must be defined in the 'herbicideProductData' table in '.../sgr_data/data'"
1067,MANANG_S13_P0000_R6,"('name',)",value_error,"Value error, Herbicide product Ester 680 must be defined in the 'herbicideProductData' table in '.../sgr_data/data'"
1068,MANANG_S13_BUFFER_R2,"('name',)",value_error,"Value error, Herbicide product Ester 680 must be defined in the 'herbicideProductData' table in '.../sgr_data/data'"
1069,MANANG_S10.1_BUFFER_R2,"('name',)",value_error,"Value error, Herbicide product Ester 680 must be defined in the 'herbicideProductData' table in '.../sgr_data/data'"
1070,MANANG_S10.1_P2312_R2,"('name',)",value_error,"Value error, Herbicide product Ester 680 must be defined in the 'herbicideProductData' table in '.../sgr_data/data'"
1071,MANANG_S10.1_BUFFER_R2,"('name',)",value_error,"Value error, Herbicide product Ester 680 must be defined in the 'herbicideProductData' table in '.../sgr_data/data'"
1072,MANANG_S7_BUFFER_R2,"('name',)",value_error,"Value error, Herbicide product Ester 680 must be defined in the 'herbicideProductData' table in '.../sgr_data/data'"
1073,MANANG_S7_P2312_R2,"('name',)",value_error,"Value error, Herbicide product Ester 680 must be defined in the 'herbicideProductData' table in '.../sgr_data/data'"
1074,MANANG_S7_BUFFER_R2,"('name',)",value_error,"Value error, Herbicide product Ester 680 must be defined in the 'herbicideProductData' table in '.../sgr_data/data'"
1075,MANANG_S12_BUFFER_R2,"('name',)",value_error,"Value error, Herbicide product Ester 680 must be defined in the 'herbicideProductData' table in '.../sgr_data/data'"
1076,MANANG_S12_P0000_R5,"('name',)",value_error,"Value error, Herbicide product Ester 680 must be defined in the 'herbicideProductData' table in '.../sgr_data/data'"
1077,MANANG_S12_BUFFER_R2,"('name',)",value_error,"Value error, Herbicide product Ester 680 must be defined in the 'herbicideProductData' table in '.../sgr_data/data'"
1078,MANANG_S4_BUFFER_R2,"('name',)",value_error,"Value error, Herbicide product Ester 680 must be defined in the 'herbicideProductData' table in '.../sgr_data/data'"
1079,MANANG_S4_P4123_R2,"('name',)",value_error,"Value error, Herbicide product Ester 680 must be defined in the 'herbicideProductData' table in '.../sgr_data/data'"
1080,MANANG_S4_BUFFER_R2,"('name',)",value_error,"Value error, Herbicide product Ester 680 must be defined in the 'herbicideProductData' table in '.../sgr_data/data'"
1081,MANANG_S6_BUFFER_R2,"('name',)",value_error,"Value error, Herbicide product Ester 680 must be defined in the 'herbicideProductData' table in '.../sgr_data/data'"
1082,MANANG_S6_P1111_R3,"('name',)",value_error,"Value error, Herbicide product Ester 680 must be defined in the 'herbicideProductData' table in '.../sgr_data/data'"
1083,MANANG_S6_BUFFER_R2,"('name',)",value_error,"Value error, Herbicide product Ester 680 must be defined in the 'herbicideProductData' table in '.../sgr_data/data'"
1084,MANANG_S1.1_BUFFER_R2,"('name',)",value_error,"Value error, Herbicide product Ester 680 must be defined in the 'herbicideProductData' table in '.../sgr_data/data'"
1085,MANANG_S1.1_P1231_R2,"('name',)",value_error,"Value error, Herbicide product Ester 680 must be defined in the 'herbicideProductData' table in '.../sgr_data/data'"
1086,MANANG_S1.1_BUFFER_R2,"('name',)",value_error,"Value error, Herbicide product Ester 680 must be defined in the 'herbicideProductData' table in '.../sgr_data/data'"
1087,MANANG_S1.2_BUFFER_R2,"('name',)",value_error,"Value error, Herbicide product Ester 680 must be defined in the 'herbicideProductData' table in '.../sgr_data/data'"
1088,MANANG_S1.2_P3123_R2,"('name',)",value_error,"Value error, Herbicide product Ester 680 must be defined in the 'herbicideProductData' table in '.../sgr_data/data'"
1089,MANANG_S1.2_BUFFER_R2,"('name',)",value_error,"Value error, Herbicide product Ester 680 must be defined in the 'herbicideProductData' table in '.../sgr_data/data'"
1090,MANANG_S5_BUFFER_R2,"('name',)",value_error,"Value error, Herbicide product Ester 680 must be defined in the 'herbicideProductData' table in '.../sgr_data/data'"
1091,MANANG_S5_P1234_R2,"('name',)",value_error,"Value error, Herbicide product Ester 680 must be defined in the 'herbicideProductData' table in '.../sgr_data/data'"
1092,MANANG_S5_BUFFER_R2,"('name',)",value_error,"Value error, Herbicide product Ester 680 must be defined in the 'herbicideProductData' table in '.../sgr_data/data'"
1093,MANANG_S1.1_BUFFER_R2,"('name',)",value_error,"Value error, Herbicide product Ester 680 must be defined in the 'herbicideProductData' table in '.../sgr_data/data'"
1094,MANANG_S1.1_P2312_R2,"('name',)",value_error,"Value error, Herbicide product Ester 680 must be defined in the 'herbicideProductData' table in '.../sgr_data/data'"
1095,MANANG_S1.1_BUFFER_R2,"('name',)",value_error,"Value error, Herbicide product Ester 680 must be defined in the 'herbicideProductData' table in '.../sgr_data/data'"
1096,MANANG_S12_BUFFER_R2,"('name',)",value_error,"Value error, Herbicide product Ester 680 must be defined in the 'herbicideProductData' table in '.../sgr_data/data'"
1097,MANANG_S12_P0000_R6,"('name',)",value_error,"Value error, Herbicide product Ester 680 must be defined in the 'herbicideProductData' table in '.../sgr_data/data'"
1098,MANANG_S12_BUFFER_R2,"('name',)",value_error,"Value error, Herbicide product Ester 680 must be defined in the 'herbicideProductData' table in '.../sgr_data/data'"
1099,MANANG_S6_BUFFER_R2,"('name',)",value_error,"Value error, Herbicide product Ester 680 must be defined in the 'herbicideProductData' table in '.../sgr_data/data'"
1100,MANANG_S6_P1111_R4,"('name',)",value_error,"Value error, Herbicide product Ester 680 must be defined in the 'herbicideProductData' table in '.../sgr_data/data'"
1101,MANANG_S6_BUFFER_R2,"('name',)",value_error,"Value error, Herbicide product Ester 680 must be defined in the 'herbicideProductData' table in '.../sgr_data/data'"
1102,MANANG_S10.1_BUFFER_R2,"('name',)",value_error,"Value error, Herbicide product Ester 680 must be defined in the 'herbicideProductData' table in '.../sgr_data/data'"
1103,MANANG_S10.1_P1231_R2,"('name',)",value_error,"Value error, Herbicide product Ester 680 must be defined in the 'herbicideProductData' table in '.../sgr_data/data'"
1104,MANANG_S10.1_BUFFER_R2,"('name',)",value_error,"Value error, Herbicide product Ester 680 must be defined in the 'herbicideProductData' table in '.../sgr_data/data'"
1105,MANANG_S8.2_BUFFER_R2,"('name',)",value_error,"Value error, Herbicide product Ester 680 must be defined in the 'herbicideProductData' table in '.../sgr_data/data'"
1106,MANANG_S8.2_P3123_R2,"('name',)",value_error,"Value error, Herbicide product Ester 680 must be defined in the 'herbicideProductData' table in '.../sgr_data/data'"
1107,MANANG_S8.2_BUFFER_R2,"('name',)",value_error,"Value error, Herbicide product Ester 680 must be defined in the 'herbicideProductData' table in '.../sgr_data/data'"
1108,MANANG_S3_BUFFER_R2,"('name',)",value_error,"Value error, Herbicide product Ester 680 must be defined in the 'herbicideProductData' table in '.../sgr_data/data'"
1109,MANANG_S3_P1231_R2,"('name',)",value_error,"Value error, Herbicide product Ester 680 must be defined in the 'herbicideProductData' table in '.../sgr_data/data'"
1110,MANANG_S3_BUFFER_R2,"('name',)",value_error,"Value error, Herbicide product Ester 680 must be defined in the 'herbicideProductData' table in '.../sgr_data/data'"
1111,MANANG_S1.2_BUFFER_R2,"('name',)",value_error,"Value error, Herbicide product Ester 680 must be defined in the 'herbicideProductData' table in '.../sgr_data/data'"
1112,MANANG_S1.2_P1231_R2,"('name',)",value_error,"Value error, Herbicide product Ester 680 must be defined in the 'herbicideProductData' table in '.../sgr_data/data'"
1113,MANANG_S1.2_BUFFER_R2,"('name',)",value_error,"Value error, Herbicide product Ester 680 must be defined in the 'herbicideProductData' table in '.../sgr_data/data'"
1114,MANANG_S1.3_BUFFER_R2,"('name',)",value_error,"Value error, Herbicide product Ester 680 must be defined in the 'herbicideProductData' table in '.../sgr_data/data'"
1115,MANANG_S1.3_P1231_R2,"('name',)",value_error,"Value error, Herbicide product Ester 680 must be defined in the 'herbicideProductData' table in '.../sgr_data/data'"
1116,MANANG_S1.3_BUFFER_R2,"('name',)",value_error,"Value error, Herbicide product Ester 680 must be defined in the 'herbicideProductData' table in '.../sgr_data/data'"
1117,MANANG_S2_BUFFER_R2,"('name',)",value_error,"Value error, Herbicide product Ester 680 must be defined in the 'herbicideProductData' table in '.../sgr_data/data'"
1118,MANANG_S2_P2121_R2,"('name',)",value_error,"Value error, Herbicide product Ester 680 must be defined in the 'herbicideProductData' table in '.../sgr_data/data'"
1119,MANANG_S2_BUFFER_R2,"('name',)",value_error,"Value error, Herbicide product Ester 680 must be defined in the 'herbicideProductData' table in '.../sgr_data/data'"
1120,MANANG_S5_BUFFER_R2,"('name',)",value_error,"Value error, Herbicide product Ester 680 must be defined in the 'herbicideProductData' table in '.../sgr_data/data'"
1121,MANANG_S5_P3412_R2,"('name',)",value_error,"Value error, Herbicide product Ester 680 must be defined in the 'herbicideProductData' table in '.../sgr_data/data'"
1122,MANANG_S5_BUFFER_R2,"('name',)",value_error,"Value error, Herbicide product Ester 680 must be defined in the 'herbicideProductData' table in '.../sgr_data/data'"
1123,MANANG_S7_BUFFER_R2,"('name',)",value_error,"Value error, Herbicide product Ester 680 must be defined in the 'herbicideProductData' table in '.../sgr_data/data'"
1124,MANANG_S7_P1231_R2,"('name',)",value_error,"Value error, Herbicide product Ester 680 must be defined in the 'herbicideProductData' table in '.../sgr_data/data'"
1125,MANANG_S7_BUFFER_R2,"('name',)",value_error,"Value error, Herbicide product Ester 680 must be defined in the 'herbicideProductData' table in '.../sgr_data/data'"
1126,MANANG_S5_BUFFER_R2,"('name',)",value_error,"Value error, Herbicide product Ester 680 must be defined in the 'herbicideProductData' table in '.../sgr_data/data'"
1127,MANANG_S5_P4123_R2,"('name',)",value_error,"Value error, Herbicide product Ester 680 must be defined in the 'herbicideProductData' table in '.../sgr_data/data'"
1128,MANANG_S5_BUFFER_R2,"('name',)",value_error,"Value error, Herbicide product Ester 680 must be defined in the 'herbicideProductData' table in '.../sgr_data/data'"
1129,MANANG_S10.2_BUFFER_R2,"('name',)",value_error,"Value error, Herbicide product Ester 680 must be defined in the 'herbicideProductData' table in '.../sgr_data/data'"
1130,MANANG_S10.2_P2312_R2,"('name',)",value_error,"Value error, Herbicide product Ester 680 must be defined in the 'herbicideProductData' table in '.../sgr_data/data'"
1131,MANANG_S10.2_BUFFER_R2,"('name',)",value_error,"Value error, Herbicide product Ester 680 must be defined in the 'herbicideProductData' table in '.../sgr_data/data'"
1132,MANANG_S9_BUFFER_R2,"('name',)",value_error,"Value error, Herbicide product Ester 680 must be defined in the 'herbicideProductData' table in '.../sgr_data/data'"
1133,MANANG_S9_P1231_R2,"('name',)",value_error,"Value error, Herbicide product Ester 680 must be defined in the 'herbicideProductData' table in '.../sgr_data/data'"
1134,MANANG_S9_BUFFER_R2,"('name',)",value_error,"Value error, Herbicide product Ester 680 must be defined in the 'herbicideProductData' table in '.../sgr_data/data'"
1135,MANANG_S4_BUFFER_R2,"('name',)",value_error,"Value error, Herbicide product Ester 680 must be defined in the 'herbicideProductData' table in '.../sgr_data/data'"
1136,MANANG_S4_P2341_R2,"('name',)",value_error,"Value error, Herbicide product Ester 680 must be defined in the 'herbicideProductData' table in '.../sgr_data/data'"
1137,MANANG_S4_BUFFER_R2,"('name',)",value_error,"Value error, Herbicide product Ester 680 must be defined in the 'herbicideProductData' table in '.../sgr_data/data'"
1138,MANANG_S10.2_BUFFER_R2,"('name',)",value_error,"Value error, Herbicide product Ester 680 must be defined in the 'herbicideProductData' table in '.../sgr_data/data'"
1139,MANANG_S10.2_P3123_R2,"('name',)",value_error,"Value error, Herbicide product Ester 680 must be defined in the 'herbicideProductData' table in '.../sgr_data/data'"
1140,MANANG_S10.2_BUFFER_R2,"('name',)",value_error,"Value error, Herbicide product Ester 680 must be defined in the 'herbicideProductData' table in '.../sgr_data/data'"
1141,MANANG_S10.2_P1231_R2,"('name',)",value_error,"Value error, Herbicide product Ester 680 must be defined in the 'herbicideProductData' table in '.../sgr_data/data'"
1142,MANANG_S10.2_BUFFER_R2,"('name',)",value_error,"Value error, Herbicide product Ester 680 must be defined in the 'herbicideProductData' table in '.../sgr_data/data'"
1143,MANANG_S11_BUFFER_R2,"('name',)",value_error,"Value error, Herbicide product Ester 680 must be defined in the 'herbicideProductData' table in '.../sgr_data/data'"
1144,MANANG_S11_P1212_R2,"('name',)",value_error,"Value error, Herbicide product Ester 680 must be defined in the 'herbicideProductData' table in '.../sgr_data/data'"
1145,MANANG_S11_BUFFER_R2,"('name',)",value_error,"Value error, Herbicide product Ester 680 must be defined in the 'herbicideProductData' table in '.../sgr_data/data'"
1146,MANANG_S10.2_BUFFER_R3,"('name',)",value_error,"Value error, Herbicide product Ester 680 must be defined in the 'herbicideProductData' table in '.../sgr_data/data'"
1147,MANANG_S10.2_P1231_R3,"('name',)",value_error,"Value error, Herbicide product Ester 680 must be defined in the 'herbicideProductData' table in '.../sgr_data/data'"
1148,MANANG_S10.2_BUFFER_R3,"('name',)",value_error,"Value error, Herbicide product Ester 680 must be defined in the 'herbicideProductData' table in '.../sgr_data/data'"
1149,MANANG_S8.1_BUFFER_R3,"('name',)",value_error,"Value error, Herbicide product Ester 680 must be defined in the 'herbicideProductData' table in '.../sgr_data/data'"
1150,MANANG_S8.1_P2312_R3,"('name',)",value_error,"Value error, Herbicide product Ester 680 must be defined in the 'herbicideProductData' table in '.../sgr_data/data'"
1151,MANANG_S8.1_BUFFER_R3,"('name',)",value_error,"Value error, Herbicide product Ester 680 must be defined in the 'herbicideProductData' table in '.../sgr_data/data'"
1152,MANANG_S7_BUFFER_R3,"('name',)",value_error,"Value error, Herbicide product Ester 680 must be defined in the 'herbicideProductData' table in '.../sgr_data/data'"
1153,MANANG_S7_P2312_R3,"('name',)",value_error,"Value error, Herbicide product Ester 680 must be defined in the 'herbicideProductData' table in '.../sgr_data/data'"
1154,MANANG_S7_BUFFER_R3,"('name',)",value_error,"Value error, Herbicide product Ester 680 must be defined in the 'herbicideProductData' table in '.../sgr_data/data'"
1155,MANANG_S5_BUFFER_R3,"('name',)",value_error,"Value error, Herbicide product Ester 680 must be defined in the 'herbicideProductData' table in '.../sgr_data/data'"
1156,MANANG_S5_P1234_R3,"('name',)",value_error,"Value error, Herbicide product Ester 680 must be defined in the 'herbicideProductData' table in '.../sgr_data/data'"
1157,MANANG_S5_BUFFER_R3,"('name',)",value_error,"Value error, Herbicide product Ester 680 must be defined in the 'herbicideProductData' table in '.../sgr_data/data'"
1158,MANANG_S1.1_BUFFER_R3,"('name',)",value_error,"Value error, Herbicide product Ester 680 must be defined in the 'herbicideProductData' table in '.../sgr_data/data'"
1159,MANANG_S1.1_P2312_R3,"('name',)",value_error,"Value error, Herbicide product Ester 680 must be defined in the 'herbicideProductData' table in '.../sgr_data/data'"
1160,MANANG_S1.1_BUFFER_R3,"('name',)",value_error,"Value error, Herbicide product Ester 680 must be defined in the 'herbicideProductData' table in '.../sgr_data/data'"
1161,MANANG_S12_BUFFER_R3,"('name',)",value_error,"Value error, Herbicide product Ester 680 must be defined in the 'herbicideProductData' table in '.../sgr_data/data'"
1162,MANANG_S12_P0000_R7,"('name',)",value_error,"Value error, Herbicide product Ester 680 must be defined in the 'herbicideProductData' table in '.../sgr_data/data'"
1163,MANANG_S12_BUFFER_R3,"('name',)",value_error,"Value error, Herbicide product Ester 680 must be defined in the 'herbicideProductData' table in '.../sgr_data/data'"
1164,MANANG_S4_BUFFER_R3,"('name',)",value_error,"Value error, Herbicide product Ester 680 must be defined in the 'herbicideProductData' table in '.../sgr_data/data'"
1165,MANANG_S4_P2341_R3,"('name',)",value_error,"Value error, Herbicide product Ester 680 must be defined in the 'herbicideProductData' table in '.../sgr_data/data'"
1166,MANANG_S4_BUFFER_R3,"('name',)",value_error,"Value error, Herbicide product Ester 680 must be defined in the 'herbicideProductData' table in '.../sgr_data/data'"
1167,MANANG_S11_BUFFER_R3,"('name',)",value_error,"Value error, Herbicide product Ester 680 must be defined in the 'herbicideProductData' table in '.../sgr_data/data'"
1168,MANANG_S11_P1212_R3,"('name',)",value_error,"Value error, Herbicide product Ester 680 must be defined in the 'herbicideProductData' table in '.../sgr_data/data'"
1169,MANANG_S11_BUFFER_R3,"('name',)",value_error,"Value error, Herbicide product Ester 680 must be defined in the 'herbicideProductData' table in '.../sgr_data/data'"
1170,MANANG_S9_BUFFER_R3,"('name',)",value_error,"Value error, Herbicide product Ester 680 must be defined in the 'herbicideProductData' table in '.../sgr_data/data'"
1171,MANANG_S9_P3123_R3,"('name',)",value_error,"Value error, Herbicide product Ester 680 must be defined in the 'herbicideProductData' table in '.../sgr_data/data'"
1172,MANANG_S9_BUFFER_R3,"('name',)",value_error,"Value error, Herbicide product Ester 680 must be defined in the 'herbicideProductData' table in '.../sgr_data/data'"
1173,MANANG_S1.1_BUFFER_R3,"('name',)",value_error,"Value error, Herbicide product Ester 680 must be defined in the 'herbicideProductData' table in '.../sgr_data/data'"
1174,MANANG_S1.1_P1231_R3,"('name',)",value_error,"Value error, Herbicide product Ester 680 must be defined in the 'herbicideProductData' table in '.../sgr_data/data'"
1175,MANANG_S1.1_BUFFER_R3,"('name',)",value_error,"Value error, Herbicide product Ester 680 must be defined in the 'herbicideProductData' table in '.../sgr_data/data'"
1176,MANANG_S10.2_BUFFER_R3,"('name',)",value_error,"Value error, Herbicide product Ester 680 must be defined in the 'herbicideProductData' table in '.../sgr_data/data'"
1177,MANANG_S10.2_P2312_R3,"('name',)",value_error,"Value error, Herbicide product Ester 680 must be defined in the 'herbicideProductData' table in '.../sgr_data/data'"
1178,MANANG_S10.2_BUFFER_R3,"('name',)",value_error,"Value error, Herbicide product Ester 680 must be defined in the 'herbicideProductData' table in '.../sgr_data/data'"
1179,MANANG_S10.2_P3123_R3,"('name',)",value_error,"Value error, Herbicide product Ester 680 must be defined in the 'herbicideProductData' table in '.../sgr_data/data'"
1180,MANANG_S10.2_BUFFER_R3,"('name',)",value_error,"Value error, Herbicide product Ester 680 must be defined in the 'herbicideProductData' table in '.../sgr_data/data'"
1181,MANANG_S12_BUFFER_R3,"('name',)",value_error,"Value error, Herbicide product Ester 680 must be defined in the 'herbicideProductData' table in '.../sgr_data/data'"
1182,MANANG_S12_P0000_R8,"('name',)",value_error,"Value error, Herbicide product Ester 680 must be defined in the 'herbicideProductData' table in '.../sgr_data/data'"
1183,MANANG_S12_BUFFER_R3,"('name',)",value_error,"Value error, Herbicide product Ester 680 must be defined in the 'herbicideProductData' table in '.../sgr_data/data'"
1184,MANANG_S10.1_BUFFER_R3,"('name',)",value_error,"Value error, Herbicide product Ester 680 must be defined in the 'herbicideProductData' table in '.../sgr_data/data'"
1185,MANANG_S10.1_P3123_R3,"('name',)",value_error,"Value error, Herbicide product Ester 680 must be defined in the 'herbicideProductData' table in '.../sgr_data/data'"
1186,MANANG_S10.1_BUFFER_R3,"('name',)",value_error,"Value error, Herbicide product Ester 680 must be defined in the 'herbicideProductData' table in '.../sgr_data/data'"
1187,MANANG_S1.3_BUFFER_R3,"('name',)",value_error,"Value error, Herbicide product Ester 680 must be defined in the 'herbicideProductData' table in '.../sgr_data/data'"
1188,MANANG_S1.3_P1231_R3,"('name',)",value_error,"Value error, Herbicide product Ester 680 must be defined in the 'herbicideProductData' table in '.../sgr_data/data'"
1189,MANANG_S1.3_BUFFER_R3,"('name',)",value_error,"Value error, Herbicide product Ester 680 must be defined in the 'herbicideProductData' table in '.../sgr_data/data'"
1190,MANANG_S1.1_BUFFER_R3,"('name',)",value_error,"Value error, Herbicide product Ester 680 must be defined in the 'herbicideProductData' table in '.../sgr_data/data'"
1191,MANANG_S1.1_P3123_R3,"('name',)",value_error,"Value error, Herbicide product Ester 680 must be defined in the 'herbicideProductData' table in '.../sgr_data/data'"
1192,MANANG_S1.1_BUFFER_R3,"('name',)",value_error,"Value error, Herbicide product Ester 680 must be defined in the 'herbicideProductData' table in '.../sgr_data/data'"
1193,MANANG_S4_BUFFER_R3,"('name',)",value_error,"Value error, Herbicide product Ester 680 must be defined in the 'herbicideProductData' table in '.../sgr_data/data'"
1194,MANANG_S4_P3412_R3,"('name',)",value_error,"Value error, Herbicide product Ester 680 must be defined in the 'herbicideProductData' table in '.../sgr_data/data'"
1195,MANANG_S4_BUFFER_R3,"('name',)",value_error,"Value error, Herbicide product Ester 680 must be defined in the 'herbicideProductData' table in '.../sgr_data/data'"
1196,MANANG_S6_BUFFER_R3,"('name',)",value_error,"Value error, Herbicide product Ester 680 must be defined in the 'herbicideProductData' table in '.../sgr_data/data'"
1197,MANANG_S6_P1111_R5,"('name',)",value_error,"Value error, Herbicide product Ester 680 must be defined in the 'herbicideProductData' table in '.../sgr_data/data'"
1198,MANANG_S6_BUFFER_R3,"('name',)",value_error,"Value error, Herbicide product Ester 680 must be defined in the 'herbicideProductData' table in '.../sgr_data/data'"
1199,MANANG_S3_BUFFER_R3,"('name',)",value_error,"Value error, Herbicide product Ester 680 must be defined in the 'herbicideProductData' table in '.../sgr_data/data'"
1200,MANANG_S3_P3123_R3,"('name',)",value_error,"Value error, Herbicide product Ester 680 must be defined in the 'herbicideProductData' table in '.../sgr_data/data'"
1201,MANANG_S3_BUFFER_R3,"('name',)",value_error,"Value error, Herbicide product Ester 680 must be defined in the 'herbicideProductData' table in '.../sgr_data/data'"
1202,MANANG_S8.2_BUFFER_R3,"('name',)",value_error,"Value error, Herbicide product Ester 680 must be defined in the 'herbicideProductData' table in '.../sgr_data/data'"
1203,MANANG_S8.2_P2312_R3,"('name',)",value_error,"Value error, Herbicide product Ester 680 must be defined in the 'herbicideProductData' table in '.../sgr_data/data'"
1204,MANANG_S8.2_BUFFER_R3,"('name',)",value_error,"Value error, Herbicide product Ester 680 must be defined in the 'herbicideProductData' table in '.../sgr_data/data'"
1205,MANANG_S8.2_P1231_R3,"('name',)",value_error,"Value error, Herbicide product Ester 680 must be defined in the 'herbicideProductData' table in '.../sgr_data/data'"
1206,MANANG_S8.2_BUFFER_R3,"('name',)",value_error,"Value error, Herbicide product Ester 680 must be defined in the 'herbicideProductData' table in '.../sgr_data/data'"
1207,MANANG_S12_BUFFER_R3,"('name',)",value_error,"Value error, Herbicide product Ester 680 must be defined in the 'herbicideProductData' table in '.../sgr_data/data'"
1208,MANANG_S12_P0000_R9,"('name',)",value_error,"Value error, Herbicide product Ester 680 must be defined in the 'herbicideProductData' table in '.../sgr_data/data'"
1209,MANANG_S12_BUFFER_R3,"('name',)",value_error,"Value error, Herbicide product Ester 680 must be defined in the 'herbicideProductData' table in '.../sgr_data/data'"
1210,MANANG_S6_BUFFER_R3,"('name',)",value_error,"Value error, Herbicide product Ester 680 must be defined in the 'herbicideProductData' table in '.../sgr_data/data'"
1211,MANANG_S6_P1111_R6,"('name',)",value_error,"Value error, Herbicide product Ester 680 must be defined in the 'herbicideProductData' table in '.../sgr_data/data'"
1212,MANANG_S6_BUFFER_R3,"('name',)",value_error,"Value error, Herbicide product Ester 680 must be defined in the 'herbicideProductData' table in '.../sgr_data/data'"
1213,MANANG_S5_BUFFER_R3,"('name',)",value_error,"Value error, Herbicide product Ester 680 must be defined in the 'herbicideProductData' table in '.../sgr_data/data'"
1214,MANANG_S5_P4123_R3,"('name',)",value_error,"Value error, Herbicide product Ester 680 must be defined in the 'herbicideProductData' table in '.../sgr_data/data'"
1215,MANANG_S5_BUFFER_R3,"('name',)",value_error,"Value error, Herbicide product Ester 680 must be defined in the 'herbicideProductData' table in '.../sgr_data/data'"
1216,MANANG_S1.3_BUFFER_R3,"('name',)",value_error,"Value error, Herbicide product Ester 680 must be defined in the 'herbicideProductData' table in '.../sgr_data/data'"
1217,MANANG_S1.3_P3123_R3,"('name',)",value_error,"Value error, Herbicide product Ester 680 must be defined in the 'herbicideProductData' table in '.../sgr_data/data'"
1218,MANANG_S1.3_BUFFER_R3,"('name',)",value_error,"Value error, Herbicide product Ester 680 must be defined in the 'herbicideProductData' table in '.../sgr_data/data'"
1219,MANANG_S5_BUFFER_R3,"('name',)",value_error,"Value error, Herbicide product Ester 680 must be defined in the 'herbicideProductData' table in '.../sgr_data/data'"
1220,MANANG_S5_P2341_R3,"('name',)",value_error,"Value error, Herbicide product Ester 680 must be defined in the 'herbicideProductData' table in '.../sgr_data/data'"
1221,MANANG_S5_BUFFER_R3,"('name',)",value_error,"Value error, Herbicide product Ester 680 must be defined in the 'herbicideProductData' table in '.../sgr_data/data'"
1222,MANANG_S13_BUFFER_R3,"('name',)",value_error,"Value error, Herbicide product Ester 680 must be defined in the 'herbicideProductData' table in '.../sgr_data/data'"
1223,MANANG_S13_P0000_R7,"('name',)",value_error,"Value error, Herbicide product Ester 680 must be defined in the 'herbicideProductData' table in '.../sgr_data/data'"
1224,MANANG_S13_BUFFER_R3,"('name',)",value_error,"Value error, Herbicide product Ester 680 must be defined in the 'herbicideProductData' table in '.../sgr_data/data'"
1225,MANANG_S9_BUFFER_R3,"('name',)",value_error,"Value error, Herbicide product Ester 680 must be defined in the 'herbicideProductData' table in '.../sgr_data/data'"
1226,MANANG_S9_P1231_R3,"('name',)",value_error,"Value error, Herbicide product Ester 680 must be defined in the 'herbicideProductData' table in '.../sgr_data/data'"
1227,MANANG_S9_BUFFER_R3,"('name',)",value_error,"Value error, Herbicide product Ester 680 must be defined in the 'herbicideProductData' table in '.../sgr_data/data'"
1228,MANANG_S7_BUFFER_R3,"('name',)",value_error,"Value error, Herbicide product Ester 680 must be defined in the 'herbicideProductData' table in '.../sgr_data/data'"
1229,MANANG_S7_P1231_R3,"('name',)",value_error,"Value error, Herbicide product Ester 680 must be defined in the 'herbicideProductData' table in '.../sgr_data/data'"
1230,MANANG_S7_BUFFER_R3,"('name',)",value_error,"Value error, Herbicide product Ester 680 must be defined in the 'herbicideProductData' table in '.../sgr_data/data'"
1231,MANANG_S9_BUFFER_R3,"('name',)",value_error,"Value error, Herbicide product Ester 680 must be defined in the 'herbicideProductData' table in '.../sgr_data/data'"
1232,MANANG_S9_P2312_R3,"('name',)",value_error,"Value error, Herbicide product Ester 680 must be defined in the 'herbicideProductData' table in '.../sgr_data/data'"
1233,MANANG_S9_BUFFER_R3,"('name',)",value_error,"Value error, Herbicide product Ester 680 must be defined in the 'herbicideProductData' table in '.../sgr_data/data'"
1234,MANANG_S5_BUFFER_R3,"('name',)",value_error,"Value error, Herbicide product Ester 680 must be defined in the 'herbicideProductData' table in '.../sgr_data/data'"
1235,MANANG_S5_P3412_R3,"('name',)",value_error,"Value error, Herbicide product Ester 680 must be defined in the 'herbicideProductData' table in '.../sgr_data/data'"
1236,MANANG_S5_BUFFER_R3,"('name',)",value_error,"Value error, Herbicide product Ester 680 must be defined in the 'herbicideProductData' table in '.../sgr_data/data'"
1237,MANANG_S1.2_BUFFER_R3,"('name',)",value_error,"Value error, Herbicide product Ester 680 must be defined in the 'herbicideProductData' table in '.../sgr_data/data'"
1238,MANANG_S1.2_P3123_R3,"('name',)",value_error,"Value error, Herbicide product Ester 680 must be defined in the 'herbicideProductData' table in '.../sgr_data/data'"
1239,MANANG_S1.2_BUFFER_R3,"('name',)",value_error,"Value error, Herbicide product Ester 680 must be defined in the 'herbicideProductData' table in '.../sgr_data/data'"
1240,MANANG_S1.2_P1231_R3,"('name',)",value_error,"Value error, Herbicide product Ester 680 must be defined in the 'herbicideProductData' table in '.../sgr_data/data'"
1241,MANANG_S1.2_BUFFER_R3,"('name',)",value_error,"Value error, Herbicide product Ester 680 must be defined in the 'herbicideProductData' table in '.../sgr_data/data'"
1242,MANANG_S8.1_BUFFER_R3,"('name',)",value_error,"Value error, Herbicide product Ester 680 must be defined in the 'herbicideProductData' table in '.../sgr_data/data'"
1243,MANANG_S8.1_P1231_R3,"('name',)",value_error,"Value error, Herbicide product Ester 680 must be defined in the 'herbicideProductData' table in '.../sgr_data/data'"
1244,MANANG_S8.1_BUFFER_R3,"('name',)",value_error,"Value error, Herbicide product Ester 680 must be defined in the 'herbicideProductData' table in '.../sgr_data/data'"
1245,MANANG_S8.2_BUFFER_R3,"('name',)",value_error,"Value error, Herbicide product Ester 680 must be defined in the 'herbicideProductData' table in '.../sgr_data/data'"
1246,MANANG_S8.2_P3123_R3,"('name',)",value_error,"Value error, Herbicide product Ester 680 must be defined in the 'herbicideProductData' table in '.../sgr_data/data'"
1247,MANANG_S8.2_BUFFER_R3,"('name',)",value_error,"Value error, Herbicide product Ester 680 must be defined in the 'herbicideProductData' table in '.../sgr_data/data'"
1248,MANANG_S1.2_BUFFER_R3,"('name',)",value_error,"Value error, Herbicide product Ester 680 must be defined in the 'herbicideProductData' table in '.../sgr_data/data'"
1249,MANANG_S1.2_P2312_R3,"('name',)",value_error,"Value error, Herbicide product Ester 680 must be defined in the 'herbicideProductData' table in '.../sgr_data/data'"
1250,MANANG_S1.2_BUFFER_R3,"('name',)",value_error,"Value error, Herbicide product Ester 680 must be defined in the 'herbicideProductData' table in '.../sgr_data/data'"
1251,MANANG_S2_BUFFER_R3,"('name',)",value_error,"Value error, Herbicide product Ester 680 must be defined in the 'herbicideProductData' table in '.../sgr_data/data'"
1252,MANANG_S2_P1212_R3,"('name',)",value_error,"Value error, Herbicide product Ester 680 must be defined in the 'herbicideProductData' table in '.../sgr_data/data'"
1253,MANANG_S2_BUFFER_R3,"('name',)",value_error,"Value error, Herbicide product Ester 680 must be defined in the 'herbicideProductData' table in '.../sgr_data/data'"
1254,MANANG_S7_BUFFER_R3,"('name',)",value_error,"Value error, Herbicide product Ester 680 must be defined in the 'herbicideProductData' table in '.../sgr_data/data'"
1255,MANANG_S7_P3123_R3,"('name',)",value_error,"Value error, Herbicide product Ester 680 must be defined in the 'herbicideProductData' table in '.../sgr_data/data'"
1256,MANANG_S7_BUFFER_R3,"('name',)",value_error,"Value error, Herbicide product Ester 680 must be defined in the 'herbicideProductData' table in '.../sgr_data/data'"
1257,MANANG_S4_BUFFER_R3,"('name',)",value_error,"Value error, Herbicide product Ester 680 must be defined in the 'herbicideProductData' table in '.../sgr_data/data'"
1258,MANANG_S4_P1234_R3,"('name',)",value_error,"Value error, Herbicide product Ester 680 must be defined in the 'herbicideProductData' table in '.../sgr_data/data'"
1259,MANANG_S4_BUFFER_R3,"('name',)",value_error,"Value error, Herbicide product Ester 680 must be defined in the 'herbicideProductData' table in '.../sgr_data/data'"
1260,MANANG_S13_BUFFER_R3,"('name',)",value_error,"Value error, Herbicide product Ester 680 must be defined in the 'herbicideProductData' table in '.../sgr_data/data'"
1261,MANANG_S13_P0000_R8,"('name',)",value_error,"Value error, Herbicide product Ester 680 must be defined in the 'herbicideProductData' table in '.../sgr_data/data'"
1262,MANANG_S13_BUFFER_R3,"('name',)",value_error,"Value error, Herbicide product Ester 680 must be defined in the 'herbicideProductData' table in '.../sgr_data/data'"
1263,MANANG_S2_BUFFER_R3,"('name',)",value_error,"Value error, Herbicide product Ester 680 must be defined in the 'herbicideProductData' table in '.../sgr_data/data'"
1264,MANANG_S2_P2121_R3,"('name',)",value_error,"Value error, Herbicide product Ester 680 must be defined in the 'herbicideProductData' table in '.../sgr_data/data'"
1265,MANANG_S2_BUFFER_R3,"('name',)",value_error,"Value error, Herbicide product Ester 680 must be defined in the 'herbicideProductData' table in '.../sgr_data/data'"
1266,MANANG_S10.1_BUFFER_R3,"('name',)",value_error,"Value error, Herbicide product Ester 680 must be defined in the 'herbicideProductData' table in '.../sgr_data/data'"
1267,MANANG_S10.1_P1231_R3,"('name',)",value_error,"Value error, Herbicide product Ester 680 must be defined in the 'herbicideProductData' table in '.../sgr_data/data'"
1268,MANANG_S10.1_BUFFER_R3,"('name',)",value_error,"Value error, Herbicide product Ester 680 must be defined in the 'herbicideProductData' table in '.../sgr_data/data'"
1269,MANANG_S1.3_BUFFER_R3,"('name',)",value_error,"Value error, Herbicide product Ester 680 must be defined in the 'herbicideProductData' table in '.../sgr_data/data'"
1270,MANANG_S1.3_P2312_R3,"('name',)",value_error,"Value error, Herbicide product Ester 680 must be defined in the 'herbicideProductData' table in '.../sgr_data/data'"
1271,MANANG_S1.3_BUFFER_R3,"('name',)",value_error,"Value error, Herbicide product Ester 680 must be defined in the 'herbicideProductData' table in '.../sgr_data/data'"
1272,MANANG_S11_BUFFER_R3,"('name',)",value_error,"Value error, Herbicide product Ester 680 must be defined in the 'herbicideProductData' table in '.../sgr_data/data'"
1273,MANANG_S11_P2121_R3,"('name',)",value_error,"Value error, Herbicide product Ester 680 must be defined in the 'herbicideProductData' table in '.../sgr_data/data'"
1274,MANANG_S11_BUFFER_R3,"('name',)",value_error,"Value error, Herbicide product Ester 680 must be defined in the 'herbicideProductData' table in '.../sgr_data/data'"
1275,MANANG_S3_BUFFER_R3,"('name',)",value_error,"Value error, Herbicide product Ester 680 must be defined in the 'herbicideProductData' table in '.../sgr_data/data'"
1276,MANANG_S3_P1231_R3,"('name',)",value_error,"Value error, Herbicide product Ester 680 must be defined in the 'herbicideProductData' table in '.../sgr_data/data'"
1277,MANANG_S3_BUFFER_R3,"('name',)",value_error,"Value error, Herbicide product Ester 680 must be defined in the 'herbicideProductData' table in '.../sgr_data/data'"
1278,MANANG_S3_P2312_R3,"('name',)",value_error,"Value error, Herbicide product Ester 680 must be defined in the 'herbicideProductData' table in '.../sgr_data/data'"
1279,MANANG_S3_BUFFER_R3,"('name',)",value_error,"Value error, Herbicide product Ester 680 must be defined in the 'herbicideProductData' table in '.../sgr_data/data'"
1280,MANANG_S4_BUFFER_R3,"('name',)",value_error,"Value error, Herbicide product Ester 680 must be defined in the 'herbicideProductData' table in '.../sgr_data/data'"
1281,MANANG_S4_P4123_R3,"('name',)",value_error,"Value error, Herbicide product Ester 680 must be defined in the 'herbicideProductData' table in '.../sgr_data/data'"
1282,MANANG_S4_BUFFER_R3,"('name',)",value_error,"Value error, Herbicide product Ester 680 must be defined in the 'herbicideProductData' table in '.../sgr_data/data'"
1283,MANANG_S13_BUFFER_R3,"('name',)",value_error,"Value error, Herbicide product Ester 680 must be defined in the 'herbicideProductData' table in '.../sgr_data/data'"
1284,MANANG_S13_P0000_R9,"('name',)",value_error,"Value error, Herbicide product Ester 680 must be defined in the 'herbicideProductData' table in '.../sgr_data/data'"
1285,MANANG_S13_BUFFER_R3,"('name',)",value_error,"Value error, Herbicide product Ester 680 must be defined in the 'herbicideProductData' table in '.../sgr_data/data'"
1286,MANANG_S10.1_BUFFER_R3,"('name',)",value_error,"Value error, Herbicide product Ester 680 must be defined in the 'herbicideProductData' table in '.../sgr_data/data'"
1287,MANANG_S10.1_P2312_R3,"('name',)",value_error,"Value error, Herbicide product Ester 680 must be defined in the 'herbicideProductData' table in '.../sgr_data/data'"
1288,MANANG_S10.1_BUFFER_R3,"('name',)",value_error,"Value error, Herbicide product Ester 680 must be defined in the 'herbicideProductData' table in '.../sgr_data/data'"
1289,MANANG_S8.1_BUFFER_R3,"('name',)",value_error,"Value error, Herbicide product Ester 680 must be defined in the 'herbicideProductData' table in '.../sgr_data/data'"
1290,MANANG_S8.1_P3123_R3,"('name',)",value_error,"Value error, Herbicide product Ester 680 must be defined in the 'herbicideProductData' table in '.../sgr_data/data'"
1291,MANANG_S8.1_BUFFER_R3,"('name',)",value_error,"Value error, Herbicide product Ester 680 must be defined in the 'herbicideProductData' table in '.../sgr_data/data'"
1292,MANANG_S8.1_P3123_R1,"('name',)",value_error,"Value error, Herbicide product Ester 680 must be defined in the 'herbicideProductData' table in '.../sgr_data/data'"
1293,MANANG_S8.1_P3123_R2,"('name',)",value_error,"Value error, Herbicide product Ester 680 must be defined in the 'herbicideProductData' table in '.../sgr_data/data'"
1294,MANANG_S8.1_P3123_R3,"('name',)",value_error,"Value error, Herbicide product Ester 680 must be defined in the 'herbicideProductData' table in '.../sgr_data/data'"
1295,MANANG_S8.1_BUFFER_R1,"('name',)",value_error,"Value error, Herbicide product Fluroxypyr 333 must be defined in the 'herbicideProductData' table in '.../sgr_data/data'"
1296,MANANG_S8.1_P2312_R1,"('name',)",value_error,"Value error, Herbicide product Fluroxypyr 333 must be defined in the 'herbicideProductData' table in '.../sgr_data/data'"
1297,MANANG_S8.1_BUFFER_R1,"('name',)",value_error,"Value error, Herbicide product Fluroxypyr 333 must be defined in the 'herbicideProductData' table in '.../sgr_data/data'"
1298,MANANG_S1.1_BUFFER_R1,"('name',)",value_error,"Value error, Herbicide product Fluroxypyr 333 must be defined in the 'herbicideProductData' table in '.../sgr_data/data'"
1299,MANANG_S1.1_P3123_R1,"('name',)",value_error,"Value error, Herbicide product Fluroxypyr 333 must be defined in the 'herbicideProductData' table in '.../sgr_data/data'"
1300,MANANG_S1.1_BUFFER_R1,"('name',)",value_error,"Value error, Herbicide product Fluroxypyr 333 must be defined in the 'herbicideProductData' table in '.../sgr_data/data'"
1301,MANANG_S4_BUFFER_R1,"('name',)",value_error,"Value error, Herbicide product Fluroxypyr 333 must be defined in the 'herbicideProductData' table in '.../sgr_data/data'"
1302,MANANG_S4_P4123_R1,"('name',)",value_error,"Value error, Herbicide product Fluroxypyr 333 must be defined in the 'herbicideProductData' table in '.../sgr_data/data'"
1303,MANANG_S4_BUFFER_R1,"('name',)",value_error,"Value error, Herbicide product Fluroxypyr 333 must be defined in the 'herbicideProductData' table in '.../sgr_data/data'"
1304,MANANG_S12_BUFFER_R1,"('name',)",value_error,"Value error, Herbicide product Fluroxypyr 333 must be defined in the 'herbicideProductData' table in '.../sgr_data/data'"
1305,MANANG_S12_P0000_R1,"('name',)",value_error,"Value error, Herbicide product Fluroxypyr 333 must be defined in the 'herbicideProductData' table in '.../sgr_data/data'"
1306,MANANG_S12_BUFFER_R1,"('name',)",value_error,"Value error, Herbicide product Fluroxypyr 333 must be defined in the 'herbicideProductData' table in '.../sgr_data/data'"
1307,MANANG_S6_BUFFER_R1,"('name',)",value_error,"Value error, Herbicide product Fluroxypyr 333 must be defined in the 'herbicideProductData' table in '.../sgr_data/data'"
1308,MANANG_S6_P1111_R1,"('name',)",value_error,"Value error, Herbicide product Fluroxypyr 333 must be defined in the 'herbicideProductData' table in '.../sgr_data/data'"
1309,MANANG_S6_BUFFER_R1,"('name',)",value_error,"Value error, Herbicide product Fluroxypyr 333 must be defined in the 'herbicideProductData' table in '.../sgr_data/data'"
1310,MANANG_S10.2_BUFFER_R1,"('name',)",value_error,"Value error, Herbicide product Fluroxypyr 333 must be defined in the 'herbicideProductData' table in '.../sgr_data/data'"
1311,MANANG_S10.2_P3123_R1,"('name',)",value_error,"Value error, Herbicide product Fluroxypyr 333 must be defined in the 'herbicideProductData' table in '.../sgr_data/data'"
1312,MANANG_S10.2_BUFFER_R1,"('name',)",value_error,"Value error, Herbicide product Fluroxypyr 333 must be defined in the 'herbicideProductData' table in '.../sgr_data/data'"
1313,MANANG_S1.3_BUFFER_R1,"('name',)",value_error,"Value error, Herbicide product Fluroxypyr 333 must be defined in the 'herbicideProductData' table in '.../sgr_data/data'"
1314,MANANG_S1.3_P3123_R1,"('name',)",value_error,"Value error, Herbicide product Fluroxypyr 333 must be defined in the 'herbicideProductData' table in '.../sgr_data/data'"
1315,MANANG_S1.3_BUFFER_R1,"('name',)",value_error,"Value error, Herbicide product Fluroxypyr 333 must be defined in the 'herbicideProductData' table in '.../sgr_data/data'"
1316,MANANG_S3_BUFFER_R1,"('name',)",value_error,"Value error, Herbicide product Fluroxypyr 333 must be defined in the 'herbicideProductData' table in '.../sgr_data/data'"
1317,MANANG_S3_P1231_R1,"('name',)",value_error,"Value error, Herbicide product Fluroxypyr 333 must be defined in the 'herbicideProductData' table in '.../sgr_data/data'"
1318,MANANG_S3_BUFFER_R1,"('name',)",value_error,"Value error, Herbicide product Fluroxypyr 333 must be defined in the 'herbicideProductData' table in '.../sgr_data/data'"
1319,MANANG_S5_BUFFER_R1,"('name',)",value_error,"Value error, Herbicide product Fluroxypyr 333 must be defined in the 'herbicideProductData' table in '.../sgr_data/data'"
1320,MANANG_S5_P2341_R1,"('name',)",value_error,"Value error, Herbicide product Fluroxypyr 333 must be defined in the 'herbicideProductData' table in '.../sgr_data/data'"
1321,MANANG_S5_BUFFER_R1,"('name',)",value_error,"Value error, Herbicide product Fluroxypyr 333 must be defined in the 'herbicideProductData' table in '.../sgr_data/data'"
1322,MANANG_S8.2_BUFFER_R1,"('name',)",value_error,"Value error, Herbicide product Fluroxypyr 333 must be defined in the 'herbicideProductData' table in '.../sgr_data/data'"
1323,MANANG_S8.2_P1231_R1,"('name',)",value_error,"Value error, Herbicide product Fluroxypyr 333 must be defined in the 'herbicideProductData' table in '.../sgr_data/data'"
1324,MANANG_S8.2_BUFFER_R1,"('name',)",value_error,"Value error, Herbicide product Fluroxypyr 333 must be defined in the 'herbicideProductData' table in '.../sgr_data/data'"
1325,MANANG_S8.1_BUFFER_R1,"('name',)",value_error,"Value error, Herbicide product Fluroxypyr 333 must be defined in the 'herbicideProductData' table in '.../sgr_data/data'"
1326,MANANG_S8.1_P1231_R1,"('name',)",value_error,"Value error, Herbicide product Fluroxypyr 333 must be defined in the 'herbicideProductData' table in '.../sgr_data/data'"
1327,MANANG_S8.1_BUFFER_R1,"('name',)",value_error,"Value error, Herbicide product Fluroxypyr 333 must be defined in the 'herbicideProductData' table in '.../sgr_data/data'"
1328,MANANG_S11_BUFFER_R1,"('name',)",value_error,"Value error, Herbicide product Fluroxypyr 333 must be defined in the 'herbicideProductData' table in '.../sgr_data/data'"
1329,MANANG_S11_P2121_R1,"('name',)",value_error,"Value error, Herbicide product Fluroxypyr 333 must be defined in the 'herbicideProductData' table in '.../sgr_data/data'"
1330,MANANG_S11_BUFFER_R1,"('name',)",value_error,"Value error, Herbicide product Fluroxypyr 333 must be defined in the 'herbicideProductData' table in '.../sgr_data/data'"
1331,MANANG_S1.1_BUFFER_R1,"('name',)",value_error,"Value error, Herbicide product Fluroxypyr 333 must be defined in the 'herbicideProductData' table in '.../sgr_data/data'"
1332,MANANG_S1.1_P1231_R1,"('name',)",value_error,"Value error, Herbicide product Fluroxypyr 333 must be defined in the 'herbicideProductData' table in '.../sgr_data/data'"
1333,MANANG_S1.1_BUFFER_R1,"('name',)",value_error,"Value error, Herbicide product Fluroxypyr 333 must be defined in the 'herbicideProductData' table in '.../sgr_data/data'"
1334,MANANG_S5_BUFFER_R1,"('name',)",value_error,"Value error, Herbicide product Fluroxypyr 333 must be defined in the 'herbicideProductData' table in '.../sgr_data/data'"
1335,MANANG_S5_P1234_R1,"('name',)",value_error,"Value error, Herbicide product Fluroxypyr 333 must be defined in the 'herbicideProductData' table in '.../sgr_data/data'"
1336,MANANG_S5_BUFFER_R1,"('name',)",value_error,"Value error, Herbicide product Fluroxypyr 333 must be defined in the 'herbicideProductData' table in '.../sgr_data/data'"
1337,MANANG_S11_BUFFER_R1,"('name',)",value_error,"Value error, Herbicide product Fluroxypyr 333 must be defined in the 'herbicideProductData' table in '.../sgr_data/data'"
1338,MANANG_S11_P1212_R1,"('name',)",value_error,"Value error, Herbicide product Fluroxypyr 333 must be defined in the 'herbicideProductData' table in '.../sgr_data/data'"
1339,MANANG_S11_BUFFER_R1,"('name',)",value_error,"Value error, Herbicide product Fluroxypyr 333 must be defined in the 'herbicideProductData' table in '.../sgr_data/data'"
1340,MANANG_S13_BUFFER_R1,"('name',)",value_error,"Value error, Herbicide product Fluroxypyr 333 must be defined in the 'herbicideProductData' table in '.../sgr_data/data'"
1341,MANANG_S13_P0000_R1,"('name',)",value_error,"Value error, Herbicide product Fluroxypyr 333 must be defined in the 'herbicideProductData' table in '.../sgr_data/data'"
1342,MANANG_S13_BUFFER_R1,"('name',)",value_error,"Value error, Herbicide product Fluroxypyr 333 must be defined in the 'herbicideProductData' table in '.../sgr_data/data'"
1343,MANANG_S9_BUFFER_R1,"('name',)",value_error,"Value error, Herbicide product Fluroxypyr 333 must be defined in the 'herbicideProductData' table in '.../sgr_data/data'"
1344,MANANG_S9_P1231_R1,"('name',)",value_error,"Value error, Herbicide product Fluroxypyr 333 must be defined in the 'herbicideProductData' table in '.../sgr_data/data'"
1345,MANANG_S9_BUFFER_R1,"('name',)",value_error,"Value error, Herbicide product Fluroxypyr 333 must be defined in the 'herbicideProductData' table in '.../sgr_data/data'"
1346,MANANG_S1.3_BUFFER_R1,"('name',)",value_error,"Value error, Herbicide product Fluroxypyr 333 must be defined in the 'herbicideProductData' table in '.../sgr_data/data'"
1347,MANANG_S1.3_P1231_R1,"('name',)",value_error,"Value error, Herbicide product Fluroxypyr 333 must be defined in the 'herbicideProductData' table in '.../sgr_data/data'"
1348,MANANG_S1.3_BUFFER_R1,"('name',)",value_error,"Value error, Herbicide product Fluroxypyr 333 must be defined in the 'herbicideProductData' table in '.../sgr_data/data'"
1349,MANANG_S5_BUFFER_R1,"('name',)",value_error,"Value error, Herbicide product Fluroxypyr 333 must be defined in the 'herbicideProductData' table in '.../sgr_data/data'"
1350,MANANG_S5_P3412_R1,"('name',)",value_error,"Value error, Herbicide product Fluroxypyr 333 must be defined in the 'herbicideProductData' table in '.../sgr_data/data'"
1351,MANANG_S5_BUFFER_R1,"('name',)",value_error,"Value error, Herbicide product Fluroxypyr 333 must be defined in the 'herbicideProductData' table in '.../sgr_data/data'"
1352,MANANG_S8.2_BUFFER_R1,"('name',)",value_error,"Value error, Herbicide product Fluroxypyr 333 must be defined in the 'herbicideProductData' table in '.../sgr_data/data'"
1353,MANANG_S8.2_P2312_R1,"('name',)",value_error,"Value error, Herbicide product Fluroxypyr 333 must be defined in the 'herbicideProductData' table in '.../sgr_data/data'"
1354,MANANG_S8.2_BUFFER_R1,"('name',)",value_error,"Value error, Herbicide product Fluroxypyr 333 must be defined in the 'herbicideProductData' table in '.../sgr_data/data'"
1355,MANANG_S8.2_P3123_R1,"('name',)",value_error,"Value error, Herbicide product Fluroxypyr 333 must be defined in the 'herbicideProductData' table in '.../sgr_data/data'"
1356,MANANG_S8.2_BUFFER_R1,"('name',)",value_error,"Value error, Herbicide product Fluroxypyr 333 must be defined in the 'herbicideProductData' table in '.../sgr_data/data'"
1357,MANANG_S1.2_BUFFER_R1,"('name',)",value_error,"Value error, Herbicide product Fluroxypyr 333 must be defined in the 'herbicideProductData' table in '.../sgr_data/data'"
1358,MANANG_S1.2_P1231_R1,"('name',)",value_error,"Value error, Herbicide product Fluroxypyr 333 must be defined in the 'herbicideProductData' table in '.../sgr_data/data'"
1359,MANANG_S1.2_BUFFER_R1,"('name',)",value_error,"Value error, Herbicide product Fluroxypyr 333 must be defined in the 'herbicideProductData' table in '.../sgr_data/data'"
1360,MANANG_S10.1_BUFFER_R1,"('name',)",value_error,"Value error, Herbicide product Fluroxypyr 333 must be defined in the 'herbicideProductData' table in '.../sgr_data/data'"
1361,MANANG_S10.1_P1231_R1,"('name',)",value_error,"Value error, Herbicide product Fluroxypyr 333 must be defined in the 'herbicideProductData' table in '.../sgr_data/data'"
1362,MANANG_S10.1_BUFFER_R1,"('name',)",value_error,"Value error, Herbicide product Fluroxypyr 333 must be defined in the 'herbicideProductData' table in '.../sgr_data/data'"
1363,MANANG_S12_BUFFER_R1,"('name',)",value_error,"Value error, Herbicide product Fluroxypyr 333 must be defined in the 'herbicideProductData' table in '.../sgr_data/data'"
1364,MANANG_S12_P0000_R2,"('name',)",value_error,"Value error, Herbicide product Fluroxypyr 333 must be defined in the 'herbicideProductData' table in '.../sgr_data/data'"
1365,MANANG_S12_BUFFER_R1,"('name',)",value_error,"Value error, Herbicide product Fluroxypyr 333 must be defined in the 'herbicideProductData' table in '.../sgr_data/data'"
1366,MANANG_S4_BUFFER_R1,"('name',)",value_error,"Value error, Herbicide product Fluroxypyr 333 must be defined in the 'herbicideProductData' table in '.../sgr_data/data'"
1367,MANANG_S4_P3412_R1,"('name',)",value_error,"Value error, Herbicide product Fluroxypyr 333 must be defined in the 'herbicideProductData' table in '.../sgr_data/data'"
1368,MANANG_S4_BUFFER_R1,"('name',)",value_error,"Value error, Herbicide product Fluroxypyr 333 must be defined in the 'herbicideProductData' table in '.../sgr_data/data'"
1369,MANANG_S1.2_BUFFER_R1,"('name',)",value_error,"Value error, Herbicide product Fluroxypyr 333 must be defined in the 'herbicideProductData' table in '.../sgr_data/data'"
1370,MANANG_S1.2_P2312_R1,"('name',)",value_error,"Value error, Herbicide product Fluroxypyr 333 must be defined in the 'herbicideProductData' table in '.../sgr_data/data'"
1371,MANANG_S1.2_BUFFER_R1,"('name',)",value_error,"Value error, Herbicide product Fluroxypyr 333 must be defined in the 'herbicideProductData' table in '.../sgr_data/data'"
1372,MANANG_S10.1_BUFFER_R1,"('name',)",value_error,"Value error, Herbicide product Fluroxypyr 333 must be defined in the 'herbicideProductData' table in '.../sgr_data/data'"
1373,MANANG_S10.1_P3123_R1,"('name',)",value_error,"Value error, Herbicide product Fluroxypyr 333 must be defined in the 'herbicideProductData' table in '.../sgr_data/data'"
1374,MANANG_S10.1_BUFFER_R1,"('name',)",value_error,"Value error, Herbicide product Fluroxypyr 333 must be defined in the 'herbicideProductData' table in '.../sgr_data/data'"
1375,MANANG_S7_BUFFER_R1,"('name',)",value_error,"Value error, Herbicide product Fluroxypyr 333 must be defined in the 'herbicideProductData' table in '.../sgr_data/data'"
1376,MANANG_S7_P1231_R1,"('name',)",value_error,"Value error, Herbicide product Fluroxypyr 333 must be defined in the 'herbicideProductData' table in '.../sgr_data/data'"
1377,MANANG_S7_BUFFER_R1,"('name',)",value_error,"Value error, Herbicide product Fluroxypyr 333 must be defined in the 'herbicideProductData' table in '.../sgr_data/data'"
1378,MANANG_S7_P3123_R1,"('name',)",value_error,"Value error, Herbicide product Fluroxypyr 333 must be defined in the 'herbicideProductData' table in '.../sgr_data/data'"
1379,MANANG_S7_BUFFER_R1,"('name',)",value_error,"Value error, Herbicide product Fluroxypyr 333 must be defined in the 'herbicideProductData' table in '.../sgr_data/data'"
1380,MANANG_S4_BUFFER_R1,"('name',)",value_error,"Value error, Herbicide product Fluroxypyr 333 must be defined in the 'herbicideProductData' table in '.../sgr_data/data'"
1381,MANANG_S4_P1234_R1,"('name',)",value_error,"Value error, Herbicide product Fluroxypyr 333 must be defined in the 'herbicideProductData' table in '.../sgr_data/data'"
1382,MANANG_S4_BUFFER_R1,"('name',)",value_error,"Value error, Herbicide product Fluroxypyr 333 must be defined in the 'herbicideProductData' table in '.../sgr_data/data'"
1383,MANANG_S10.2_BUFFER_R1,"('name',)",value_error,"Value error, Herbicide product Fluroxypyr 333 must be defined in the 'herbicideProductData' table in '.../sgr_data/data'"
1384,MANANG_S10.2_P2312_R1,"('name',)",value_error,"Value error, Herbicide product Fluroxypyr 333 must be defined in the 'herbicideProductData' table in '.../sgr_data/data'"
1385,MANANG_S10.2_BUFFER_R1,"('name',)",value_error,"Value error, Herbicide product Fluroxypyr 333 must be defined in the 'herbicideProductData' table in '.../sgr_data/data'"
1386,MANANG_S9_BUFFER_R1,"('name',)",value_error,"Value error, Herbicide product Fluroxypyr 333 must be defined in the 'herbicideProductData' table in '.../sgr_data/data'"
1387,MANANG_S9_P3123_R1,"('name',)",value_error,"Value error, Herbicide product Fluroxypyr 333 must be defined in the 'herbicideProductData' table in '.../sgr_data/data'"
1388,MANANG_S9_BUFFER_R1,"('name',)",value_error,"Value error, Herbicide product Fluroxypyr 333 must be defined in the 'herbicideProductData' table in '.../sgr_data/data'"
1389,MANANG_S2_BUFFER_R1,"('name',)",value_error,"Value error, Herbicide product Fluroxypyr 333 must be defined in the 'herbicideProductData' table in '.../sgr_data/data'"
1390,MANANG_S2_P1212_R1,"('name',)",value_error,"Value error, Herbicide product Fluroxypyr 333 must be defined in the 'herbicideProductData' table in '.../sgr_data/data'"
1391,MANANG_S2_BUFFER_R1,"('name',)",value_error,"Value error, Herbicide product Fluroxypyr 333 must be defined in the 'herbicideProductData' table in '.../sgr_data/data'"
1392,MANANG_S1.3_BUFFER_R1,"('name',)",value_error,"Value error, Herbicide product Fluroxypyr 333 must be defined in the 'herbicideProductData' table in '.../sgr_data/data'"
1393,MANANG_S1.3_P2312_R1,"('name',)",value_error,"Value error, Herbicide product Fluroxypyr 333 must be defined in the 'herbicideProductData' table in '.../sgr_data/data'"
1394,MANANG_S1.3_BUFFER_R1,"('name',)",value_error,"Value error, Herbicide product Fluroxypyr 333 must be defined in the 'herbicideProductData' table in '.../sgr_data/data'"
1395,MANANG_S2_BUFFER_R1,"('name',)",value_error,"Value error, Herbicide product Fluroxypyr 333 must be defined in the 'herbicideProductData' table in '.../sgr_data/data'"
1396,MANANG_S2_P2121_R1,"('name',)",value_error,"Value error, Herbicide product Fluroxypyr 333 must be defined in the 'herbicideProductData' table in '.../sgr_data/data'"
1397,MANANG_S2_BUFFER_R1,"('name',)",value_error,"Value error, Herbicide product Fluroxypyr 333 must be defined in the 'herbicideProductData' table in '.../sgr_data/data'"
1398,MANANG_S3_BUFFER_R1,"('name',)",value_error,"Value error, Herbicide product Fluroxypyr 333 must be defined in the 'herbicideProductData' table in '.../sgr_data/data'"
1399,MANANG_S3_P2312_R1,"('name',)",value_error,"Value error, Herbicide product Fluroxypyr 333 must be defined in the 'herbicideProductData' table in '.../sgr_data/data'"
1400,MANANG_S3_BUFFER_R1,"('name',)",value_error,"Value error, Herbicide product Fluroxypyr 333 must be defined in the 'herbicideProductData' table in '.../sgr_data/data'"
1401,MANANG_S6_BUFFER_R1,"('name',)",value_error,"Value error, Herbicide product Fluroxypyr 333 must be defined in the 'herbicideProductData' table in '.../sgr_data/data'"
1402,MANANG_S6_P1111_R2,"('name',)",value_error,"Value error, Herbicide product Fluroxypyr 333 must be defined in the 'herbicideProductData' table in '.../sgr_data/data'"
1403,MANANG_S6_BUFFER_R1,"('name',)",value_error,"Value error, Herbicide product Fluroxypyr 333 must be defined in the 'herbicideProductData' table in '.../sgr_data/data'"
1404,MANANG_S1.1_BUFFER_R1,"('name',)",value_error,"Value error, Herbicide product Fluroxypyr 333 must be defined in the 'herbicideProductData' table in '.../sgr_data/data'"
1405,MANANG_S1.1_P2312_R1,"('name',)",value_error,"Value error, Herbicide product Fluroxypyr 333 must be defined in the 'herbicideProductData' table in '.../sgr_data/data'"
1406,MANANG_S1.1_BUFFER_R1,"('name',)",value_error,"Value error, Herbicide product Fluroxypyr 333 must be defined in the 'herbicideProductData' table in '.../sgr_data/data'"
1407,MANANG_S1.2_BUFFER_R1,"('name',)",value_error,"Value error, Herbicide product Fluroxypyr 333 must be defined in the 'herbicideProductData' table in '.../sgr_data/data'"
1408,MANANG_S1.2_P3123_R1,"('name',)",value_error,"Value error, Herbicide product Fluroxypyr 333 must be defined in the 'herbicideProductData' table in '.../sgr_data/data'"
1409,MANANG_S1.2_BUFFER_R1,"('name',)",value_error,"Value error, Herbicide product Fluroxypyr 333 must be defined in the 'herbicideProductData' table in '.../sgr_data/data'"
1410,MANANG_S10.2_BUFFER_R1,"('name',)",value_error,"Value error, Herbicide product Fluroxypyr 333 must be defined in the 'herbicideProductData' table in '.../sgr_data/data'"
1411,MANANG_S10.2_P1231_R1,"('name',)",value_error,"Value error, Herbicide product Fluroxypyr 333 must be defined in the 'herbicideProductData' table in '.../sgr_data/data'"
1412,MANANG_S10.2_BUFFER_R1,"('name',)",value_error,"Value error, Herbicide product Fluroxypyr 333 must be defined in the 'herbicideProductData' table in '.../sgr_data/data'"
1413,MANANG_S9_BUFFER_R1,"('name',)",value_error,"Value error, Herbicide product Fluroxypyr 333 must be defined in the 'herbicideProductData' table in '.../sgr_data/data'"
1414,MANANG_S9_P2312_R1,"('name',)",value_error,"Value error, Herbicide product Fluroxypyr 333 must be defined in the 'herbicideProductData' table in '.../sgr_data/data'"
1415,MANANG_S9_BUFFER_R1,"('name',)",value_error,"Value error, Herbicide product Fluroxypyr 333 must be defined in the 'herbicideProductData' table in '.../sgr_data/data'"
1416,MANANG_S13_BUFFER_R1,"('name',)",value_error,"Value error, Herbicide product Fluroxypyr 333 must be defined in the 'herbicideProductData' table in '.../sgr_data/data'"
1417,MANANG_S13_P0000_R2,"('name',)",value_error,"Value error, Herbicide product Fluroxypyr 333 must be defined in the 'herbicideProductData' table in '.../sgr_data/data'"
1418,MANANG_S13_BUFFER_R1,"('name',)",value_error,"Value error, Herbicide product Fluroxypyr 333 must be defined in the 'herbicideProductData' table in '.../sgr_data/data'"
1419,MANANG_S4_BUFFER_R1,"('name',)",value_error,"Value error, Herbicide product Fluroxypyr 333 must be defined in the 'herbicideProductData' table in '.../sgr_data/data'"
1420,MANANG_S4_P2341_R1,"('name',)",value_error,"Value error, Herbicide product Fluroxypyr 333 must be defined in the 'herbicideProductData' table in '.../sgr_data/data'"
1421,MANANG_S4_BUFFER_R1,"('name',)",value_error,"Value error, Herbicide product Fluroxypyr 333 must be defined in the 'herbicideProductData' table in '.../sgr_data/data'"
1422,MANANG_S7_BUFFER_R1,"('name',)",value_error,"Value error, Herbicide product Fluroxypyr 333 must be defined in the 'herbicideProductData' table in '.../sgr_data/data'"
1423,MANANG_S7_P2312_R1,"('name',)",value_error,"Value error, Herbicide product Fluroxypyr 333 must be defined in the 'herbicideProductData' table in '.../sgr_data/data'"
1424,MANANG_S7_BUFFER_R1,"('name',)",value_error,"Value error, Herbicide product Fluroxypyr 333 must be defined in the 'herbicideProductData' table in '.../sgr_data/data'"
1425,MANANG_S3_BUFFER_R1,"('name',)",value_error,"Value error, Herbicide product Fluroxypyr 333 must be defined in the 'herbicideProductData' table in '.../sgr_data/data'"
1426,MANANG_S3_P3123_R1,"('name',)",value_error,"Value error, Herbicide product Fluroxypyr 333 must be defined in the 'herbicideProductData' table in '.../sgr_data/data'"
1427,MANANG_S3_BUFFER_R1,"('name',)",value_error,"Value error, Herbicide product Fluroxypyr 333 must be defined in the 'herbicideProductData' table in '.../sgr_data/data'"
1428,MANANG_S5_BUFFER_R1,"('name',)",value_error,"Value error, Herbicide product Fluroxypyr 333 must be defined in the 'herbicideProductData' table in '.../sgr_data/data'"
1429,MANANG_S5_P4123_R1,"('name',)",value_error,"Value error, Herbicide product Fluroxypyr 333 must be defined in the 'herbicideProductData' table in '.../sgr_data/data'"
1430,MANANG_S5_BUFFER_R1,"('name',)",value_error,"Value error, Herbicide product Fluroxypyr 333 must be defined in the 'herbicideProductData' table in '.../sgr_data/data'"
1431,MANANG_S12_BUFFER_R1,"('name',)",value_error,"Value error, Herbicide product Fluroxypyr 333 must be defined in the 'herbicideProductData' table in '.../sgr_data/data'"
1432,MANANG_S12_P0000_R3,"('name',)",value_error,"Value error, Herbicide product Fluroxypyr 333 must be defined in the 'herbicideProductData' table in '.../sgr_data/data'"
1433,MANANG_S12_BUFFER_R1,"('name',)",value_error,"Value error, Herbicide product Fluroxypyr 333 must be defined in the 'herbicideProductData' table in '.../sgr_data/data'"
1434,MANANG_S10.1_BUFFER_R1,"('name',)",value_error,"Value error, Herbicide product Fluroxypyr 333 must be defined in the 'herbicideProductData' table in '.../sgr_data/data'"
1435,MANANG_S10.1_P2312_R1,"('name',)",value_error,"Value error, Herbicide product Fluroxypyr 333 must be defined in the 'herbicideProductData' table in '.../sgr_data/data'"
1436,MANANG_S10.1_BUFFER_R1,"('name',)",value_error,"Value error, Herbicide product Fluroxypyr 333 must be defined in the 'herbicideProductData' table in '.../sgr_data/data'"
1437,MANANG_S13_BUFFER_R1,"('name',)",value_error,"Value error, Herbicide product Fluroxypyr 333 must be defined in the 'herbicideProductData' table in '.../sgr_data/data'"
1438,MANANG_S13_P0000_R3,"('name',)",value_error,"Value error, Herbicide product Fluroxypyr 333 must be defined in the 'herbicideProductData' table in '.../sgr_data/data'"
1439,MANANG_S13_BUFFER_R1,"('name',)",value_error,"Value error, Herbicide product Fluroxypyr 333 must be defined in the 'herbicideProductData' table in '.../sgr_data/data'"
1440,MANANG_S8.1_BUFFER_R1,"('name',)",value_error,"Value error, Herbicide product Fluroxypyr 333 must be defined in the 'herbicideProductData' table in '.../sgr_data/data'"
1441,MANANG_S8.1_P3123_R1,"('name',)",value_error,"Value error, Herbicide product Fluroxypyr 333 must be defined in the 'herbicideProductData' table in '.../sgr_data/data'"
1442,MANANG_S8.1_BUFFER_R1,"('name',)",value_error,"Value error, Herbicide product Fluroxypyr 333 must be defined in the 'herbicideProductData' table in '.../sgr_data/data'"
1443,MANANG_S3_BUFFER_R2,"('name',)",value_error,"Value error, Herbicide product Fluroxypyr 333 must be defined in the 'herbicideProductData' table in '.../sgr_data/data'"
1444,MANANG_S3_P2312_R2,"('name',)",value_error,"Value error, Herbicide product Fluroxypyr 333 must be defined in the 'herbicideProductData' table in '.../sgr_data/data'"
1445,MANANG_S3_BUFFER_R2,"('name',)",value_error,"Value error, Herbicide product Fluroxypyr 333 must be defined in the 'herbicideProductData' table in '.../sgr_data/data'"
1446,MANANG_S8.2_BUFFER_R2,"('name',)",value_error,"Value error, Herbicide product Fluroxypyr 333 must be defined in the 'herbicideProductData' table in '.../sgr_data/data'"
1447,MANANG_S8.2_P2312_R2,"('name',)",value_error,"Value error, Herbicide product Fluroxypyr 333 must be defined in the 'herbicideProductData' table in '.../sgr_data/data'"
1448,MANANG_S8.2_BUFFER_R2,"('name',)",value_error,"Value error, Herbicide product Fluroxypyr 333 must be defined in the 'herbicideProductData' table in '.../sgr_data/data'"
1449,MANANG_S8.2_P1231_R2,"('name',)",value_error,"Value error, Herbicide product Fluroxypyr 333 must be defined in the 'herbicideProductData' table in '.../sgr_data/data'"
1450,MANANG_S8.2_BUFFER_R2,"('name',)",value_error,"Value error, Herbicide product Fluroxypyr 333 must be defined in the 'herbicideProductData' table in '.../sgr_data/data'"
1451,MANANG_S1.3_BUFFER_R2,"('name',)",value_error,"Value error, Herbicide product Fluroxypyr 333 must be defined in the 'herbicideProductData' table in '.../sgr_data/data'"
1452,MANANG_S1.3_P2312_R2,"('name',)",value_error,"Value error, Herbicide product Fluroxypyr 333 must be defined in the 'herbicideProductData' table in '.../sgr_data/data'"
1453,MANANG_S1.3_BUFFER_R2,"('name',)",value_error,"Value error, Herbicide product Fluroxypyr 333 must be defined in the 'herbicideProductData' table in '.../sgr_data/data'"
1454,MANANG_S13_BUFFER_R2,"('name',)",value_error,"Value error, Herbicide product Fluroxypyr 333 must be defined in the 'herbicideProductData' table in '.../sgr_data/data'"
1455,MANANG_S13_P0000_R4,"('name',)",value_error,"Value error, Herbicide product Fluroxypyr 333 must be defined in the 'herbicideProductData' table in '.../sgr_data/data'"
1456,MANANG_S13_BUFFER_R2,"('name',)",value_error,"Value error, Herbicide product Fluroxypyr 333 must be defined in the 'herbicideProductData' table in '.../sgr_data/data'"
1457,MANANG_S9_BUFFER_R2,"('name',)",value_error,"Value error, Herbicide product Fluroxypyr 333 must be defined in the 'herbicideProductData' table in '.../sgr_data/data'"
1458,MANANG_S9_P2312_R2,"('name',)",value_error,"Value error, Herbicide product Fluroxypyr 333 must be defined in the 'herbicideProductData' table in '.../sgr_data/data'"
1459,MANANG_S9_BUFFER_R2,"('name',)",value_error,"Value error, Herbicide product Fluroxypyr 333 must be defined in the 'herbicideProductData' table in '.../sgr_data/data'"
1460,MANANG_S2_BUFFER_R2,"('name',)",value_error,"Value error, Herbicide product Fluroxypyr 333 must be defined in the 'herbicideProductData' table in '.../sgr_data/data'"
1461,MANANG_S2_P1212_R2,"('name',)",value_error,"Value error, Herbicide product Fluroxypyr 333 must be defined in the 'herbicideProductData' table in '.../sgr_data/data'"
1462,MANANG_S2_BUFFER_R2,"('name',)",value_error,"Value error, Herbicide product Fluroxypyr 333 must be defined in the 'herbicideProductData' table in '.../sgr_data/data'"
1463,MANANG_S10.1_BUFFER_R2,"('name',)",value_error,"Value error, Herbicide product Fluroxypyr 333 must be defined in the 'herbicideProductData' table in '.../sgr_data/data'"
1464,MANANG_S10.1_P3123_R2,"('name',)",value_error,"Value error, Herbicide product Fluroxypyr 333 must be defined in the 'herbicideProductData' table in '.../sgr_data/data'"
1465,MANANG_S10.1_BUFFER_R2,"('name',)",value_error,"Value error, Herbicide product Fluroxypyr 333 must be defined in the 'herbicideProductData' table in '.../sgr_data/data'"
1466,MANANG_S1.1_BUFFER_R2,"('name',)",value_error,"Value error, Herbicide product Fluroxypyr 333 must be defined in the 'herbicideProductData' table in '.../sgr_data/data'"
1467,MANANG_S1.1_P3123_R2,"('name',)",value_error,"Value error, Herbicide product Fluroxypyr 333 must be defined in the 'herbicideProductData' table in '.../sgr_data/data'"
1468,MANANG_S1.1_BUFFER_R2,"('name',)",value_error,"Value error, Herbicide product Fluroxypyr 333 must be defined in the 'herbicideProductData' table in '.../sgr_data/data'"
1469,MANANG_S4_BUFFER_R2,"('name',)",value_error,"Value error, Herbicide product Fluroxypyr 333 must be defined in the 'herbicideProductData' table in '.../sgr_data/data'"
1470,MANANG_S4_P1234_R2,"('name',)",value_error,"Value error, Herbicide product Fluroxypyr 333 must be defined in the 'herbicideProductData' table in '.../sgr_data/data'"
1471,MANANG_S4_BUFFER_R2,"('name',)",value_error,"Value error, Herbicide product Fluroxypyr 333 must be defined in the 'herbicideProductData' table in '.../sgr_data/data'"
1472,MANANG_S8.1_BUFFER_R2,"('name',)",value_error,"Value error, Herbicide product Fluroxypyr 333 must be defined in the 'herbicideProductData' table in '.../sgr_data/data'"
1473,MANANG_S8.1_P3123_R2,"('name',)",value_error,"Value error, Herbicide product Fluroxypyr 333 must be defined in the 'herbicideProductData' table in '.../sgr_data/data'"
1474,MANANG_S8.1_BUFFER_R2,"('name',)",value_error,"Value error, Herbicide product Fluroxypyr 333 must be defined in the 'herbicideProductData' table in '.../sgr_data/data'"
1475,MANANG_S1.2_BUFFER_R2,"('name',)",value_error,"Value error, Herbicide product Fluroxypyr 333 must be defined in the 'herbicideProductData' table in '.../sgr_data/data'"
1476,MANANG_S1.2_P2312_R2,"('name',)",value_error,"Value error, Herbicide product Fluroxypyr 333 must be defined in the 'herbicideProductData' table in '.../sgr_data/data'"
1477,MANANG_S1.2_BUFFER_R2,"('name',)",value_error,"Value error, Herbicide product Fluroxypyr 333 must be defined in the 'herbicideProductData' table in '.../sgr_data/data'"
1478,MANANG_S3_BUFFER_R2,"('name',)",value_error,"Value error, Herbicide product Fluroxypyr 333 must be defined in the 'herbicideProductData' table in '.../sgr_data/data'"
1479,MANANG_S3_P3123_R2,"('name',)",value_error,"Value error, Herbicide product Fluroxypyr 333 must be defined in the 'herbicideProductData' table in '.../sgr_data/data'"
1480,MANANG_S3_BUFFER_R2,"('name',)",value_error,"Value error, Herbicide product Fluroxypyr 333 must be defined in the 'herbicideProductData' table in '.../sgr_data/data'"
1481,MANANG_S5_BUFFER_R2,"('name',)",value_error,"Value error, Herbicide product Fluroxypyr 333 must be defined in the 'herbicideProductData' table in '.../sgr_data/data'"
1482,MANANG_S5_P2341_R2,"('name',)",value_error,"Value error, Herbicide product Fluroxypyr 333 must be defined in the 'herbicideProductData' table in '.../sgr_data/data'"
1483,MANANG_S5_BUFFER_R2,"('name',)",value_error,"Value error, Herbicide product Fluroxypyr 333 must be defined in the 'herbicideProductData' table in '.../sgr_data/data'"
1484,MANANG_S4_BUFFER_R2,"('name',)",value_error,"Value error, Herbicide product Fluroxypyr 333 must be defined in the 'herbicideProductData' table in '.../sgr_data/data'"
1485,MANANG_S4_P3412_R2,"('name',)",value_error,"Value error, Herbicide product Fluroxypyr 333 must be defined in the 'herbicideProductData' table in '.../sgr_data/data'"
1486,MANANG_S4_BUFFER_R2,"('name',)",value_error,"Value error, Herbicide product Fluroxypyr 333 must be defined in the 'herbicideProductData' table in '.../sgr_data/data'"
1487,MANANG_S8.1_BUFFER_R2,"('name',)",value_error,"Value error, Herbicide product Fluroxypyr 333 must be defined in the 'herbicideProductData' table in '.../sgr_data/data'"
1488,MANANG_S8.1_P2312_R2,"('name',)",value_error,"Value error, Herbicide product Fluroxypyr 333 must be defined in the 'herbicideProductData' table in '.../sgr_data/data'"
1489,MANANG_S8.1_BUFFER_R2,"('name',)",value_error,"Value error, Herbicide product Fluroxypyr 333 must be defined in the 'herbicideProductData' table in '.../sgr_data/data'"
1490,MANANG_S11_BUFFER_R2,"('name',)",value_error,"Value error, Herbicide product Fluroxypyr 333 must be defined in the 'herbicideProductData' table in '.../sgr_data/data'"
1491,MANANG_S11_P2121_R2,"('name',)",value_error,"Value error, Herbicide product Fluroxypyr 333 must be defined in the 'herbicideProductData' table in '.../sgr_data/data'"
1492,MANANG_S11_BUFFER_R2,"('name',)",value_error,"Value error, Herbicide product Fluroxypyr 333 must be defined in the 'herbicideProductData' table in '.../sgr_data/data'"
1493,MANANG_S12_BUFFER_R2,"('name',)",value_error,"Value error, Herbicide product Fluroxypyr 333 must be defined in the 'herbicideProductData' table in '.../sgr_data/data'"
1494,MANANG_S12_P0000_R4,"('name',)",value_error,"Value error, Herbicide product Fluroxypyr 333 must be defined in the 'herbicideProductData' table in '.../sgr_data/data'"
1495,MANANG_S12_BUFFER_R2,"('name',)",value_error,"Value error, Herbicide product Fluroxypyr 333 must be defined in the 'herbicideProductData' table in '.../sgr_data/data'"
1496,MANANG_S8.1_BUFFER_R2,"('name',)",value_error,"Value error, Herbicide product Fluroxypyr 333 must be defined in the 'herbicideProductData' table in '.../sgr_data/data'"
1497,MANANG_S8.1_P1231_R2,"('name',)",value_error,"Value error, Herbicide product Fluroxypyr 333 must be defined in the 'herbicideProductData' table in '.../sgr_data/data'"
1498,MANANG_S8.1_BUFFER_R2,"('name',)",value_error,"Value error, Herbicide product Fluroxypyr 333 must be defined in the 'herbicideProductData' table in '.../sgr_data/data'"
1499,MANANG_S7_BUFFER_R2,"('name',)",value_error,"Value error, Herbicide product Fluroxypyr 333 must be defined in the 'herbicideProductData' table in '.../sgr_data/data'"
1500,MANANG_S7_P3123_R2,"('name',)",value_error,"Value error, Herbicide product Fluroxypyr 333 must be defined in the 'herbicideProductData' table in '.../sgr_data/data'"
1501,MANANG_S7_BUFFER_R2,"('name',)",value_error,"Value error, Herbicide product Fluroxypyr 333 must be defined in the 'herbicideProductData' table in '.../sgr_data/data'"
1502,MANANG_S9_BUFFER_R2,"('name',)",value_error,"Value error, Herbicide product Fluroxypyr 333 must be defined in the 'herbicideProductData' table in '.../sgr_data/data'"
1503,MANANG_S9_P3123_R2,"('name',)",value_error,"Value error, Herbicide product Fluroxypyr 333 must be defined in the 'herbicideProductData' table in '.../sgr_data/data'"
1504,MANANG_S9_BUFFER_R2,"('name',)",value_error,"Value error, Herbicide product Fluroxypyr 333 must be defined in the 'herbicideProductData' table in '.../sgr_data/data'"
1505,MANANG_S13_BUFFER_R2,"('name',)",value_error,"Value error, Herbicide product Fluroxypyr 333 must be defined in the 'herbicideProductData' table in '.../sgr_data/data'"
1506,MANANG_S13_P0000_R5,"('name',)",value_error,"Value error, Herbicide product Fluroxypyr 333 must be defined in the 'herbicideProductData' table in '.../sgr_data/data'"
1507,MANANG_S13_BUFFER_R2,"('name',)",value_error,"Value error, Herbicide product Fluroxypyr 333 must be defined in the 'herbicideProductData' table in '.../sgr_data/data'"
1508,MANANG_S1.3_BUFFER_R2,"('name',)",value_error,"Value error, Herbicide product Fluroxypyr 333 must be defined in the 'herbicideProductData' table in '.../sgr_data/data'"
1509,MANANG_S1.3_P3123_R2,"('name',)",value_error,"Value error, Herbicide product Fluroxypyr 333 must be defined in the 'herbicideProductData' table in '.../sgr_data/data'"
1510,MANANG_S1.3_BUFFER_R2,"('name',)",value_error,"Value error, Herbicide product Fluroxypyr 333 must be defined in the 'herbicideProductData' table in '.../sgr_data/data'"
1511,MANANG_S13_BUFFER_R2,"('name',)",value_error,"Value error, Herbicide product Fluroxypyr 333 must be defined in the 'herbicideProductData' table in '.../sgr_data/data'"
1512,MANANG_S13_P0000_R6,"('name',)",value_error,"Value error, Herbicide product Fluroxypyr 333 must be defined in the 'herbicideProductData' table in '.../sgr_data/data'"
1513,MANANG_S13_BUFFER_R2,"('name',)",value_error,"Value error, Herbicide product Fluroxypyr 333 must be defined in the 'herbicideProductData' table in '.../sgr_data/data'"
1514,MANANG_S10.1_BUFFER_R2,"('name',)",value_error,"Value error, Herbicide product Fluroxypyr 333 must be defined in the 'herbicideProductData' table in '.../sgr_data/data'"
1515,MANANG_S10.1_P2312_R2,"('name',)",value_error,"Value error, Herbicide product Fluroxypyr 333 must be defined in the 'herbicideProductData' table in '.../sgr_data/data'"
1516,MANANG_S10.1_BUFFER_R2,"('name',)",value_error,"Value error, Herbicide product Fluroxypyr 333 must be defined in the 'herbicideProductData' table in '.../sgr_data/data'"
1517,MANANG_S7_BUFFER_R2,"('name',)",value_error,"Value error, Herbicide product Fluroxypyr 333 must be defined in the 'herbicideProductData' table in '.../sgr_data/data'"
1518,MANANG_S7_P2312_R2,"('name',)",value_error,"Value error, Herbicide product Fluroxypyr 333 must be defined in the 'herbicideProductData' table in '.../sgr_data/data'"
1519,MANANG_S7_BUFFER_R2,"('name',)",value_error,"Value error, Herbicide product Fluroxypyr 333 must be defined in the 'herbicideProductData' table in '.../sgr_data/data'"
1520,MANANG_S12_BUFFER_R2,"('name',)",value_error,"Value error, Herbicide product Fluroxypyr 333 must be defined in the 'herbicideProductData' table in '.../sgr_data/data'"
1521,MANANG_S12_P0000_R5,"('name',)",value_error,"Value error, Herbicide product Fluroxypyr 333 must be defined in the 'herbicideProductData' table in '.../sgr_data/data'"
1522,MANANG_S12_BUFFER_R2,"('name',)",value_error,"Value error, Herbicide product Fluroxypyr 333 must be defined in the 'herbicideProductData' table in '.../sgr_data/data'"
1523,MANANG_S4_BUFFER_R2,"('name',)",value_error,"Value error, Herbicide product Fluroxypyr 333 must be defined in the 'herbicideProductData' table in '.../sgr_data/data'"
1524,MANANG_S4_P4123_R2,"('name',)",value_error,"Value error, Herbicide product Fluroxypyr 333 must be defined in the 'herbicideProductData' table in '.../sgr_data/data'"
1525,MANANG_S4_BUFFER_R2,"('name',)",value_error,"Value error, Herbicide product Fluroxypyr 333 must be defined in the 'herbicideProductData' table in '.../sgr_data/data'"
1526,MANANG_S6_BUFFER_R2,"('name',)",value_error,"Value error, Herbicide product Fluroxypyr 333 must be defined in the 'herbicideProductData' table in '.../sgr_data/data'"
1527,MANANG_S6_P1111_R3,"('name',)",value_error,"Value error, Herbicide product Fluroxypyr 333 must be defined in the 'herbicideProductData' table in '.../sgr_data/data'"
1528,MANANG_S6_BUFFER_R2,"('name',)",value_error,"Value error, Herbicide product Fluroxypyr 333 must be defined in the 'herbicideProductData' table in '.../sgr_data/data'"
1529,MANANG_S1.1_BUFFER_R2,"('name',)",value_error,"Value error, Herbicide product Fluroxypyr 333 must be defined in the 'herbicideProductData' table in '.../sgr_data/data'"
1530,MANANG_S1.1_P1231_R2,"('name',)",value_error,"Value error, Herbicide product Fluroxypyr 333 must be defined in the 'herbicideProductData' table in '.../sgr_data/data'"
1531,MANANG_S1.1_BUFFER_R2,"('name',)",value_error,"Value error, Herbicide product Fluroxypyr 333 must be defined in the 'herbicideProductData' table in '.../sgr_data/data'"
1532,MANANG_S1.2_BUFFER_R2,"('name',)",value_error,"Value error, Herbicide product Fluroxypyr 333 must be defined in the 'herbicideProductData' table in '.../sgr_data/data'"
1533,MANANG_S1.2_P3123_R2,"('name',)",value_error,"Value error, Herbicide product Fluroxypyr 333 must be defined in the 'herbicideProductData' table in '.../sgr_data/data'"
1534,MANANG_S1.2_BUFFER_R2,"('name',)",value_error,"Value error, Herbicide product Fluroxypyr 333 must be defined in the 'herbicideProductData' table in '.../sgr_data/data'"
1535,MANANG_S5_BUFFER_R2,"('name',)",value_error,"Value error, Herbicide product Fluroxypyr 333 must be defined in the 'herbicideProductData' table in '.../sgr_data/data'"
1536,MANANG_S5_P1234_R2,"('name',)",value_error,"Value error, Herbicide product Fluroxypyr 333 must be defined in the 'herbicideProductData' table in '.../sgr_data/data'"
1537,MANANG_S5_BUFFER_R2,"('name',)",value_error,"Value error, Herbicide product Fluroxypyr 333 must be defined in the 'herbicideProductData' table in '.../sgr_data/data'"
1538,MANANG_S1.1_BUFFER_R2,"('name',)",value_error,"Value error, Herbicide product Fluroxypyr 333 must be defined in the 'herbicideProductData' table in '.../sgr_data/data'"
1539,MANANG_S1.1_P2312_R2,"('name',)",value_error,"Value error, Herbicide product Fluroxypyr 333 must be defined in the 'herbicideProductData' table in '.../sgr_data/data'"
1540,MANANG_S1.1_BUFFER_R2,"('name',)",value_error,"Value error, Herbicide product Fluroxypyr 333 must be defined in the 'herbicideProductData' table in '.../sgr_data/data'"
1541,MANANG_S12_BUFFER_R2,"('name',)",value_error,"Value error, Herbicide product Fluroxypyr 333 must be defined in the 'herbicideProductData' table in '.../sgr_data/data'"
1542,MANANG_S12_P0000_R6,"('name',)",value_error,"Value error, Herbicide product Fluroxypyr 333 must be defined in the 'herbicideProductData' table in '.../sgr_data/data'"
1543,MANANG_S12_BUFFER_R2,"('name',)",value_error,"Value error, Herbicide product Fluroxypyr 333 must be defined in the 'herbicideProductData' table in '.../sgr_data/data'"
1544,MANANG_S6_BUFFER_R2,"('name',)",value_error,"Value error, Herbicide product Fluroxypyr 333 must be defined in the 'herbicideProductData' table in '.../sgr_data/data'"
1545,MANANG_S6_P1111_R4,"('name',)",value_error,"Value error, Herbicide product Fluroxypyr 333 must be defined in the 'herbicideProductData' table in '.../sgr_data/data'"
1546,MANANG_S6_BUFFER_R2,"('name',)",value_error,"Value error, Herbicide product Fluroxypyr 333 must be defined in the 'herbicideProductData' table in '.../sgr_data/data'"
1547,MANANG_S10.1_BUFFER_R2,"('name',)",value_error,"Value error, Herbicide product Fluroxypyr 333 must be defined in the 'herbicideProductData' table in '.../sgr_data/data'"
1548,MANANG_S10.1_P1231_R2,"('name',)",value_error,"Value error, Herbicide product Fluroxypyr 333 must be defined in the 'herbicideProductData' table in '.../sgr_data/data'"
1549,MANANG_S10.1_BUFFER_R2,"('name',)",value_error,"Value error, Herbicide product Fluroxypyr 333 must be defined in the 'herbicideProductData' table in '.../sgr_data/data'"
1550,MANANG_S8.2_BUFFER_R2,"('name',)",value_error,"Value error, Herbicide product Fluroxypyr 333 must be defined in the 'herbicideProductData' table in '.../sgr_data/data'"
1551,MANANG_S8.2_P3123_R2,"('name',)",value_error,"Value error, Herbicide product Fluroxypyr 333 must be defined in the 'herbicideProductData' table in '.../sgr_data/data'"
1552,MANANG_S8.2_BUFFER_R2,"('name',)",value_error,"Value error, Herbicide product Fluroxypyr 333 must be defined in the 'herbicideProductData' table in '.../sgr_data/data'"
1553,MANANG_S3_BUFFER_R2,"('name',)",value_error,"Value error, Herbicide product Fluroxypyr 333 must be defined in the 'herbicideProductData' table in '.../sgr_data/data'"
1554,MANANG_S3_P1231_R2,"('name',)",value_error,"Value error, Herbicide product Fluroxypyr 333 must be defined in the 'herbicideProductData' table in '.../sgr_data/data'"
1555,MANANG_S3_BUFFER_R2,"('name',)",value_error,"Value error, Herbicide product Fluroxypyr 333 must be defined in the 'herbicideProductData' table in '.../sgr_data/data'"
1556,MANANG_S1.2_BUFFER_R2,"('name',)",value_error,"Value error, Herbicide product Fluroxypyr 333 must be defined in the 'herbicideProductData' table in '.../sgr_data/data'"
1557,MANANG_S1.2_P1231_R2,"('name',)",value_error,"Value error, Herbicide product Fluroxypyr 333 must be defined in the 'herbicideProductData' table in '.../sgr_data/data'"
1558,MANANG_S1.2_BUFFER_R2,"('name',)",value_error,"Value error, Herbicide product Fluroxypyr 333 must be defined in the 'herbicideProductData' table in '.../sgr_data/data'"
1559,MANANG_S1.3_BUFFER_R2,"('name',)",value_error,"Value error, Herbicide product Fluroxypyr 333 must be defined in the 'herbicideProductData' table in '.../sgr_data/data'"
1560,MANANG_S1.3_P1231_R2,"('name',)",value_error,"Value error, Herbicide product Fluroxypyr 333 must be defined in the 'herbicideProductData' table in '.../sgr_data/data'"
1561,MANANG_S1.3_BUFFER_R2,"('name',)",value_error,"Value error, Herbicide product Fluroxypyr 333 must be defined in the 'herbicideProductData' table in '.../sgr_data/data'"
1562,MANANG_S2_BUFFER_R2,"('name',)",value_error,"Value error, Herbicide product Fluroxypyr 333 must be defined in the 'herbicideProductData' table in '.../sgr_data/data'"
1563,MANANG_S2_P2121_R2,"('name',)",value_error,"Value error, Herbicide product Fluroxypyr 333 must be defined in the 'herbicideProductData' table in '.../sgr_data/data'"
1564,MANANG_S2_BUFFER_R2,"('name',)",value_error,"Value error, Herbicide product Fluroxypyr 333 must be defined in the 'herbicideProductData' table in '.../sgr_data/data'"
1565,MANANG_S5_BUFFER_R2,"('name',)",value_error,"Value error, Herbicide product Fluroxypyr 333 must be defined in the 'herbicideProductData' table in '.../sgr_data/data'"
1566,MANANG_S5_P3412_R2,"('name',)",value_error,"Value error, Herbicide product Fluroxypyr 333 must be defined in the 'herbicideProductData' table in '.../sgr_data/data'"
1567,MANANG_S5_BUFFER_R2,"('name',)",value_error,"Value error, Herbicide product Fluroxypyr 333 must be defined in the 'herbicideProductData' table in '.../sgr_data/data'"
1568,MANANG_S7_BUFFER_R2,"('name',)",value_error,"Value error, Herbicide product Fluroxypyr 333 must be defined in the 'herbicideProductData' table in '.../sgr_data/data'"
1569,MANANG_S7_P1231_R2,"('name',)",value_error,"Value error, Herbicide product Fluroxypyr 333 must be defined in the 'herbicideProductData' table in '.../sgr_data/data'"
1570,MANANG_S7_BUFFER_R2,"('name',)",value_error,"Value error, Herbicide product Fluroxypyr 333 must be defined in the 'herbicideProductData' table in '.../sgr_data/data'"
1571,MANANG_S5_BUFFER_R2,"('name',)",value_error,"Value error, Herbicide product Fluroxypyr 333 must be defined in the 'herbicideProductData' table in '.../sgr_data/data'"
1572,MANANG_S5_P4123_R2,"('name',)",value_error,"Value error, Herbicide product Fluroxypyr 333 must be defined in the 'herbicideProductData' table in '.../sgr_data/data'"
1573,MANANG_S5_BUFFER_R2,"('name',)",value_error,"Value error, Herbicide product Fluroxypyr 333 must be defined in the 'herbicideProductData' table in '.../sgr_data/data'"
1574,MANANG_S10.2_BUFFER_R2,"('name',)",value_error,"Value error, Herbicide product Fluroxypyr 333 must be defined in the 'herbicideProductData' table in '.../sgr_data/data'"
1575,MANANG_S10.2_P2312_R2,"('name',)",value_error,"Value error, Herbicide product Fluroxypyr 333 must be defined in the 'herbicideProductData' table in '.../sgr_data/data'"
1576,MANANG_S10.2_BUFFER_R2,"('name',)",value_error,"Value error, Herbicide product Fluroxypyr 333 must be defined in the 'herbicideProductData' table in '.../sgr_data/data'"
1577,MANANG_S9_BUFFER_R2,"('name',)",value_error,"Value error, Herbicide product Fluroxypyr 333 must be defined in the 'herbicideProductData' table in '.../sgr_data/data'"
1578,MANANG_S9_P1231_R2,"('name',)",value_error,"Value error, Herbicide product Fluroxypyr 333 must be defined in the 'herbicideProductData' table in '.../sgr_data/data'"
1579,MANANG_S9_BUFFER_R2,"('name',)",value_error,"Value error, Herbicide product Fluroxypyr 333 must be defined in the 'herbicideProductData' table in '.../sgr_data/data'"
1580,MANANG_S4_BUFFER_R2,"('name',)",value_error,"Value error, Herbicide product Fluroxypyr 333 must be defined in the 'herbicideProductData' table in '.../sgr_data/data'"
1581,MANANG_S4_P2341_R2,"('name',)",value_error,"Value error, Herbicide product Fluroxypyr 333 must be defined in the 'herbicideProductData' table in '.../sgr_data/data'"
1582,MANANG_S4_BUFFER_R2,"('name',)",value_error,"Value error, Herbicide product Fluroxypyr 333 must be defined in the 'herbicideProductData' table in '.../sgr_data/data'"
1583,MANANG_S10.2_BUFFER_R2,"('name',)",value_error,"Value error, Herbicide product Fluroxypyr 333 must be defined in the 'herbicideProductData' table in '.../sgr_data/data'"
1584,MANANG_S10.2_P3123_R2,"('name',)",value_error,"Value error, Herbicide product Fluroxypyr 333 must be defined in the 'herbicideProductData' table in '.../sgr_data/data'"
1585,MANANG_S10.2_BUFFER_R2,"('name',)",value_error,"Value error, Herbicide product Fluroxypyr 333 must be defined in the 'herbicideProductData' table in '.../sgr_data/data'"
1586,MANANG_S10.2_P1231_R2,"('name',)",value_error,"Value error, Herbicide product Fluroxypyr 333 must be defined in the 'herbicideProductData' table in '.../sgr_data/data'"
1587,MANANG_S10.2_BUFFER_R2,"('name',)",value_error,"Value error, Herbicide product Fluroxypyr 333 must be defined in the 'herbicideProductData' table in '.../sgr_data/data'"
1588,MANANG_S11_BUFFER_R2,"('name',)",value_error,"Value error, Herbicide product Fluroxypyr 333 must be defined in the 'herbicideProductData' table in '.../sgr_data/data'"
1589,MANANG_S11_P1212_R2,"('name',)",value_error,"Value error, Herbicide product Fluroxypyr 333 must be defined in the 'herbicideProductData' table in '.../sgr_data/data'"
1590,MANANG_S11_BUFFER_R2,"('name',)",value_error,"Value error, Herbicide product Fluroxypyr 333 must be defined in the 'herbicideProductData' table in '.../sgr_data/data'"
1591,MANANG_S10.2_BUFFER_R3,"('name',)",value_error,"Value error, Herbicide product Fluroxypyr 333 must be defined in the 'herbicideProductData' table in '.../sgr_data/data'"
1592,MANANG_S10.2_P1231_R3,"('name',)",value_error,"Value error, Herbicide product Fluroxypyr 333 must be defined in the 'herbicideProductData' table in '.../sgr_data/data'"
1593,MANANG_S10.2_BUFFER_R3,"('name',)",value_error,"Value error, Herbicide product Fluroxypyr 333 must be defined in the 'herbicideProductData' table in '.../sgr_data/data'"
1594,MANANG_S8.1_BUFFER_R3,"('name',)",value_error,"Value error, Herbicide product Fluroxypyr 333 must be defined in the 'herbicideProductData' table in '.../sgr_data/data'"
1595,MANANG_S8.1_P2312_R3,"('name',)",value_error,"Value error, Herbicide product Fluroxypyr 333 must be defined in the 'herbicideProductData' table in '.../sgr_data/data'"
1596,MANANG_S8.1_BUFFER_R3,"('name',)",value_error,"Value error, Herbicide product Fluroxypyr 333 must be defined in the 'herbicideProductData' table in '.../sgr_data/data'"
1597,MANANG_S7_BUFFER_R3,"('name',)",value_error,"Value error, Herbicide product Fluroxypyr 333 must be defined in the 'herbicideProductData' table in '.../sgr_data/data'"
1598,MANANG_S7_P2312_R3,"('name',)",value_error,"Value error, Herbicide product Fluroxypyr 333 must be defined in the 'herbicideProductData' table in '.../sgr_data/data'"
1599,MANANG_S7_BUFFER_R3,"('name',)",value_error,"Value error, Herbicide product Fluroxypyr 333 must be defined in the 'herbicideProductData' table in '.../sgr_data/data'"
1600,MANANG_S5_BUFFER_R3,"('name',)",value_error,"Value error, Herbicide product Fluroxypyr 333 must be defined in the 'herbicideProductData' table in '.../sgr_data/data'"
1601,MANANG_S5_P1234_R3,"('name',)",value_error,"Value error, Herbicide product Fluroxypyr 333 must be defined in the 'herbicideProductData' table in '.../sgr_data/data'"
1602,MANANG_S5_BUFFER_R3,"('name',)",value_error,"Value error, Herbicide product Fluroxypyr 333 must be defined in the 'herbicideProductData' table in '.../sgr_data/data'"
1603,MANANG_S1.1_BUFFER_R3,"('name',)",value_error,"Value error, Herbicide product Fluroxypyr 333 must be defined in the 'herbicideProductData' table in '.../sgr_data/data'"
1604,MANANG_S1.1_P2312_R3,"('name',)",value_error,"Value error, Herbicide product Fluroxypyr 333 must be defined in the 'herbicideProductData' table in '.../sgr_data/data'"
1605,MANANG_S1.1_BUFFER_R3,"('name',)",value_error,"Value error, Herbicide product Fluroxypyr 333 must be defined in the 'herbicideProductData' table in '.../sgr_data/data'"
1606,MANANG_S12_BUFFER_R3,"('name',)",value_error,"Value error, Herbicide product Fluroxypyr 333 must be defined in the 'herbicideProductData' table in '.../sgr_data/data'"
1607,MANANG_S12_P0000_R7,"('name',)",value_error,"Value error, Herbicide product Fluroxypyr 333 must be defined in the 'herbicideProductData' table in '.../sgr_data/data'"
1608,MANANG_S12_BUFFER_R3,"('name',)",value_error,"Value error, Herbicide product Fluroxypyr 333 must be defined in the 'herbicideProductData' table in '.../sgr_data/data'"
1609,MANANG_S4_BUFFER_R3,"('name',)",value_error,"Value error, Herbicide product Fluroxypyr 333 must be defined in the 'herbicideProductData' table in '.../sgr_data/data'"
1610,MANANG_S4_P2341_R3,"('name',)",value_error,"Value error, Herbicide product Fluroxypyr 333 must be defined in the 'herbicideProductData' table in '.../sgr_data/data'"
1611,MANANG_S4_BUFFER_R3,"('name',)",value_error,"Value error, Herbicide product Fluroxypyr 333 must be defined in the 'herbicideProductData' table in '.../sgr_data/data'"
1612,MANANG_S11_BUFFER_R3,"('name',)",value_error,"Value error, Herbicide product Fluroxypyr 333 must be defined in the 'herbicideProductData' table in '.../sgr_data/data'"
1613,MANANG_S11_P1212_R3,"('name',)",value_error,"Value error, Herbicide product Fluroxypyr 333 must be defined in the 'herbicideProductData' table in '.../sgr_data/data'"
1614,MANANG_S11_BUFFER_R3,"('name',)",value_error,"Value error, Herbicide product Fluroxypyr 333 must be defined in the 'herbicideProductData' table in '.../sgr_data/data'"
1615,MANANG_S9_BUFFER_R3,"('name',)",value_error,"Value error, Herbicide product Fluroxypyr 333 must be defined in the 'herbicideProductData' table in '.../sgr_data/data'"
1616,MANANG_S9_P3123_R3,"('name',)",value_error,"Value error, Herbicide product Fluroxypyr 333 must be defined in the 'herbicideProductData' table in '.../sgr_data/data'"
1617,MANANG_S9_BUFFER_R3,"('name',)",value_error,"Value error, Herbicide product Fluroxypyr 333 must be defined in the 'herbicideProductData' table in '.../sgr_data/data'"
1618,MANANG_S1.1_BUFFER_R3,"('name',)",value_error,"Value error, Herbicide product Fluroxypyr 333 must be defined in the 'herbicideProductData' table in '.../sgr_data/data'"
1619,MANANG_S1.1_P1231_R3,"('name',)",value_error,"Value error, Herbicide product Fluroxypyr 333 must be defined in the 'herbicideProductData' table in '.../sgr_data/data'"
1620,MANANG_S1.1_BUFFER_R3,"('name',)",value_error,"Value error, Herbicide product Fluroxypyr 333 must be defined in the 'herbicideProductData' table in '.../sgr_data/data'"
1621,MANANG_S10.2_BUFFER_R3,"('name',)",value_error,"Value error, Herbicide product Fluroxypyr 333 must be defined in the 'herbicideProductData' table in '.../sgr_data/data'"
1622,MANANG_S10.2_P2312_R3,"('name',)",value_error,"Value error, Herbicide product Fluroxypyr 333 must be defined in the 'herbicideProductData' table in '.../sgr_data/data'"
1623,MANANG_S10.2_BUFFER_R3,"('name',)",value_error,"Value error, Herbicide product Fluroxypyr 333 must be defined in the 'herbicideProductData' table in '.../sgr_data/data'"
1624,MANANG_S10.2_P3123_R3,"('name',)",value_error,"Value error, Herbicide product Fluroxypyr 333 must be defined in the 'herbicideProductData' table in '.../sgr_data/data'"
1625,MANANG_S10.2_BUFFER_R3,"('name',)",value_error,"Value error, Herbicide product Fluroxypyr 333 must be defined in the 'herbicideProductData' table in '.../sgr_data/data'"
1626,MANANG_S12_BUFFER_R3,"('name',)",value_error,"Value error, Herbicide product Fluroxypyr 333 must be defined in the 'herbicideProductData' table in '.../sgr_data/data'"
1627,MANANG_S12_P0000_R8,"('name',)",value_error,"Value error, Herbicide product Fluroxypyr 333 must be defined in the 'herbicideProductData' table in '.../sgr_data/data'"
1628,MANANG_S12_BUFFER_R3,"('name',)",value_error,"Value error, Herbicide product Fluroxypyr 333 must be defined in the 'herbicideProductData' table in '.../sgr_data/data'"
1629,MANANG_S10.1_BUFFER_R3,"('name',)",value_error,"Value error, Herbicide product Fluroxypyr 333 must be defined in the 'herbicideProductData' table in '.../sgr_data/data'"
1630,MANANG_S10.1_P3123_R3,"('name',)",value_error,"Value error, Herbicide product Fluroxypyr 333 must be defined in the 'herbicideProductData' table in '.../sgr_data/data'"
1631,MANANG_S10.1_BUFFER_R3,"('name',)",value_error,"Value error, Herbicide product Fluroxypyr 333 must be defined in the 'herbicideProductData' table in '.../sgr_data/data'"
1632,MANANG_S1.3_BUFFER_R3,"('name',)",value_error,"Value error, Herbicide product Fluroxypyr 333 must be defined in the 'herbicideProductData' table in '.../sgr_data/data'"
1633,MANANG_S1.3_P1231_R3,"('name',)",value_error,"Value error, Herbicide product Fluroxypyr 333 must be defined in the 'herbicideProductData' table in '.../sgr_data/data'"
1634,MANANG_S1.3_BUFFER_R3,"('name',)",value_error,"Value error, Herbicide product Fluroxypyr 333 must be defined in the 'herbicideProductData' table in '.../sgr_data/data'"
1635,MANANG_S1.1_BUFFER_R3,"('name',)",value_error,"Value error, Herbicide product Fluroxypyr 333 must be defined in the 'herbicideProductData' table in '.../sgr_data/data'"
1636,MANANG_S1.1_P3123_R3,"('name',)",value_error,"Value error, Herbicide product Fluroxypyr 333 must be defined in the 'herbicideProductData' table in '.../sgr_data/data'"
1637,MANANG_S1.1_BUFFER_R3,"('name',)",value_error,"Value error, Herbicide product Fluroxypyr 333 must be defined in the 'herbicideProductData' table in '.../sgr_data/data'"
1638,MANANG_S4_BUFFER_R3,"('name',)",value_error,"Value error, Herbicide product Fluroxypyr 333 must be defined in the 'herbicideProductData' table in '.../sgr_data/data'"
1639,MANANG_S4_P3412_R3,"('name',)",value_error,"Value error, Herbicide product Fluroxypyr 333 must be defined in the 'herbicideProductData' table in '.../sgr_data/data'"
1640,MANANG_S4_BUFFER_R3,"('name',)",value_error,"Value error, Herbicide product Fluroxypyr 333 must be defined in the 'herbicideProductData' table in '.../sgr_data/data'"
1641,MANANG_S6_BUFFER_R3,"('name',)",value_error,"Value error, Herbicide product Fluroxypyr 333 must be defined in the 'herbicideProductData' table in '.../sgr_data/data'"
1642,MANANG_S6_P1111_R5,"('name',)",value_error,"Value error, Herbicide product Fluroxypyr 333 must be defined in the 'herbicideProductData' table in '.../sgr_data/data'"
1643,MANANG_S6_BUFFER_R3,"('name',)",value_error,"Value error, Herbicide product Fluroxypyr 333 must be defined in the 'herbicideProductData' table in '.../sgr_data/data'"
1644,MANANG_S3_BUFFER_R3,"('name',)",value_error,"Value error, Herbicide product Fluroxypyr 333 must be defined in the 'herbicideProductData' table in '.../sgr_data/data'"
1645,MANANG_S3_P3123_R3,"('name',)",value_error,"Value error, Herbicide product Fluroxypyr 333 must be defined in the 'herbicideProductData' table in '.../sgr_data/data'"
1646,MANANG_S3_BUFFER_R3,"('name',)",value_error,"Value error, Herbicide product Fluroxypyr 333 must be defined in the 'herbicideProductData' table in '.../sgr_data/data'"
1647,MANANG_S8.2_BUFFER_R3,"('name',)",value_error,"Value error, Herbicide product Fluroxypyr 333 must be defined in the 'herbicideProductData' table in '.../sgr_data/data'"
1648,MANANG_S8.2_P2312_R3,"('name',)",value_error,"Value error, Herbicide product Fluroxypyr 333 must be defined in the 'herbicideProductData' table in '.../sgr_data/data'"
1649,MANANG_S8.2_BUFFER_R3,"('name',)",value_error,"Value error, Herbicide product Fluroxypyr 333 must be defined in the 'herbicideProductData' table in '.../sgr_data/data'"
1650,MANANG_S8.2_P1231_R3,"('name',)",value_error,"Value error, Herbicide product Fluroxypyr 333 must be defined in the 'herbicideProductData' table in '.../sgr_data/data'"
1651,MANANG_S8.2_BUFFER_R3,"('name',)",value_error,"Value error, Herbicide product Fluroxypyr 333 must be defined in the 'herbicideProductData' table in '.../sgr_data/data'"
1652,MANANG_S12_BUFFER_R3,"('name',)",value_error,"Value error, Herbicide product Fluroxypyr 333 must be defined in the 'herbicideProductData' table in '.../sgr_data/data'"
1653,MANANG_S12_P0000_R9,"('name',)",value_error,"Value error, Herbicide product Fluroxypyr 333 must be defined in the 'herbicideProductData' table in '.../sgr_data/data'"
1654,MANANG_S12_BUFFER_R3,"('name',)",value_error,"Value error, Herbicide product Fluroxypyr 333 must be defined in the 'herbicideProductData' table in '.../sgr_data/data'"
1655,MANANG_S6_BUFFER_R3,"('name',)",value_error,"Value error, Herbicide product Fluroxypyr 333 must be defined in the 'herbicideProductData' table in '.../sgr_data/data'"
1656,MANANG_S6_P1111_R6,"('name',)",value_error,"Value error, Herbicide product Fluroxypyr 333 must be defined in the 'herbicideProductData' table in '.../sgr_data/data'"
1657,MANANG_S6_BUFFER_R3,"('name',)",value_error,"Value error, Herbicide product Fluroxypyr 333 must be defined in the 'herbicideProductData' table in '.../sgr_data/data'"
1658,MANANG_S5_BUFFER_R3,"('name',)",value_error,"Value error, Herbicide product Fluroxypyr 333 must be defined in the 'herbicideProductData' table in '.../sgr_data/data'"
1659,MANANG_S5_P4123_R3,"('name',)",value_error,"Value error, Herbicide product Fluroxypyr 333 must be defined in the 'herbicideProductData' table in '.../sgr_data/data'"
1660,MANANG_S5_BUFFER_R3,"('name',)",value_error,"Value error, Herbicide product Fluroxypyr 333 must be defined in the 'herbicideProductData' table in '.../sgr_data/data'"
1661,MANANG_S1.3_BUFFER_R3,"('name',)",value_error,"Value error, Herbicide product Fluroxypyr 333 must be defined in the 'herbicideProductData' table in '.../sgr_data/data'"
1662,MANANG_S1.3_P3123_R3,"('name',)",value_error,"Value error, Herbicide product Fluroxypyr 333 must be defined in the 'herbicideProductData' table in '.../sgr_data/data'"
1663,MANANG_S1.3_BUFFER_R3,"('name',)",value_error,"Value error, Herbicide product Fluroxypyr 333 must be defined in the 'herbicideProductData' table in '.../sgr_data/data'"
1664,MANANG_S5_BUFFER_R3,"('name',)",value_error,"Value error, Herbicide product Fluroxypyr 333 must be defined in the 'herbicideProductData' table in '.../sgr_data/data'"
1665,MANANG_S5_P2341_R3,"('name',)",value_error,"Value error, Herbicide product Fluroxypyr 333 must be defined in the 'herbicideProductData' table in '.../sgr_data/data'"
1666,MANANG_S5_BUFFER_R3,"('name',)",value_error,"Value error, Herbicide product Fluroxypyr 333 must be defined in the 'herbicideProductData' table in '.../sgr_data/data'"
1667,MANANG_S13_BUFFER_R3,"('name',)",value_error,"Value error, Herbicide product Fluroxypyr 333 must be defined in the 'herbicideProductData' table in '.../sgr_data/data'"
1668,MANANG_S13_P0000_R7,"('name',)",value_error,"Value error, Herbicide product Fluroxypyr 333 must be defined in the 'herbicideProductData' table in '.../sgr_data/data'"
1669,MANANG_S13_BUFFER_R3,"('name',)",value_error,"Value error, Herbicide product Fluroxypyr 333 must be defined in the 'herbicideProductData' table in '.../sgr_data/data'"
1670,MANANG_S9_BUFFER_R3,"('name',)",value_error,"Value error, Herbicide product Fluroxypyr 333 must be defined in the 'herbicideProductData' table in '.../sgr_data/data'"
1671,MANANG_S9_P1231_R3,"('name',)",value_error,"Value error, Herbicide product Fluroxypyr 333 must be defined in the 'herbicideProductData' table in '.../sgr_data/data'"
1672,MANANG_S9_BUFFER_R3,"('name',)",value_error,"Value error, Herbicide product Fluroxypyr 333 must be defined in the 'herbicideProductData' table in '.../sgr_data/data'"
1673,MANANG_S7_BUFFER_R3,"('name',)",value_error,"Value error, Herbicide product Fluroxypyr 333 must be defined in the 'herbicideProductData' table in '.../sgr_data/data'"
1674,MANANG_S7_P1231_R3,"('name',)",value_error,"Value error, Herbicide product Fluroxypyr 333 must be defined in the 'herbicideProductData' table in '.../sgr_data/data'"
1675,MANANG_S7_BUFFER_R3,"('name',)",value_error,"Value error, Herbicide product Fluroxypyr 333 must be defined in the 'herbicideProductData' table in '.../sgr_data/data'"
1676,MANANG_S9_BUFFER_R3,"('name',)",value_error,"Value error, Herbicide product Fluroxypyr 333 must be defined in the 'herbicideProductData' table in '.../sgr_data/data'"
1677,MANANG_S9_P2312_R3,"('name',)",value_error,"Value error, Herbicide product Fluroxypyr 333 must be defined in the 'herbicideProductData' table in '.../sgr_data/data'"
1678,MANANG_S9_BUFFER_R3,"('name',)",value_error,"Value error, Herbicide product Fluroxypyr 333 must be defined in the 'herbicideProductData' table in '.../sgr_data/data'"
1679,MANANG_S5_BUFFER_R3,"('name',)",value_error,"Value error, Herbicide product Fluroxypyr 333 must be defined in the 'herbicideProductData' table in '.../sgr_data/data'"
1680,MANANG_S5_P3412_R3,"('name',)",value_error,"Value error, Herbicide product Fluroxypyr 333 must be defined in the 'herbicideProductData' table in '.../sgr_data/data'"
1681,MANANG_S5_BUFFER_R3,"('name',)",value_error,"Value error, Herbicide product Fluroxypyr 333 must be defined in the 'herbicideProductData' table in '.../sgr_data/data'"
1682,MANANG_S1.2_BUFFER_R3,"('name',)",value_error,"Value error, Herbicide product Fluroxypyr 333 must be defined in the 'herbicideProductData' table in '.../sgr_data/data'"
1683,MANANG_S1.2_P3123_R3,"('name',)",value_error,"Value error, Herbicide product Fluroxypyr 333 must be defined in the 'herbicideProductData' table in '.../sgr_data/data'"
1684,MANANG_S1.2_BUFFER_R3,"('name',)",value_error,"Value error, Herbicide product Fluroxypyr 333 must be defined in the 'herbicideProductData' table in '.../sgr_data/data'"
1685,MANANG_S1.2_P1231_R3,"('name',)",value_error,"Value error, Herbicide product Fluroxypyr 333 must be defined in the 'herbicideProductData' table in '.../sgr_data/data'"
1686,MANANG_S1.2_BUFFER_R3,"('name',)",value_error,"Value error, Herbicide product Fluroxypyr 333 must be defined in the 'herbicideProductData' table in '.../sgr_data/data'"
1687,MANANG_S8.1_BUFFER_R3,"('name',)",value_error,"Value error, Herbicide product Fluroxypyr 333 must be defined in the 'herbicideProductData' table in '.../sgr_data/data'"
1688,MANANG_S8.1_P1231_R3,"('name',)",value_error,"Value error, Herbicide product Fluroxypyr 333 must be defined in the 'herbicideProductData' table in '.../sgr_data/data'"
1689,MANANG_S8.1_BUFFER_R3,"('name',)",value_error,"Value error, Herbicide product Fluroxypyr 333 must be defined in the 'herbicideProductData' table in '.../sgr_data/data'"
1690,MANANG_S8.2_BUFFER_R3,"('name',)",value_error,"Value error, Herbicide product Fluroxypyr 333 must be defined in the 'herbicideProductData' table in '.../sgr_data/data'"
1691,MANANG_S8.2_P3123_R3,"('name',)",value_error,"Value error, Herbicide product Fluroxypyr 333 must be defined in the 'herbicideProductData' table in '.../sgr_data/data'"
1692,MANANG_S8.2_BUFFER_R3,"('name',)",value_error,"Value error, Herbicide product Fluroxypyr 333 must be defined in the 'herbicideProductData' table in '.../sgr_data/data'"
1693,MANANG_S1.2_BUFFER_R3,"('name',)",value_error,"Value error, Herbicide product Fluroxypyr 333 must be defined in the 'herbicideProductData' table in '.../sgr_data/data'"
1694,MANANG_S1.2_P2312_R3,"('name',)",value_error,"Value error, Herbicide product Fluroxypyr 333 must be defined in the 'herbicideProductData' table in '.../sgr_data/data'"
1695,MANANG_S1.2_BUFFER_R3,"('name',)",value_error,"Value error, Herbicide product Fluroxypyr 333 must be defined in the 'herbicideProductData' table in '.../sgr_data/data'"
1696,MANANG_S2_BUFFER_R3,"('name',)",value_error,"Value error, Herbicide product Fluroxypyr 333 must be defined in the 'herbicideProductData' table in '.../sgr_data/data'"
1697,MANANG_S2_P1212_R3,"('name',)",value_error,"Value error, Herbicide product Fluroxypyr 333 must be defined in the 'herbicideProductData' table in '.../sgr_data/data'"
1698,MANANG_S2_BUFFER_R3,"('name',)",value_error,"Value error, Herbicide product Fluroxypyr 333 must be defined in the 'herbicideProductData' table in '.../sgr_data/data'"
1699,MANANG_S7_BUFFER_R3,"('name',)",value_error,"Value error, Herbicide product Fluroxypyr 333 must be defined in the 'herbicideProductData' table in '.../sgr_data/data'"
1700,MANANG_S7_P3123_R3,"('name',)",value_error,"Value error, Herbicide product Fluroxypyr 333 must be defined in the 'herbicideProductData' table in '.../sgr_data/data'"
1701,MANANG_S7_BUFFER_R3,"('name',)",value_error,"Value error, Herbicide product Fluroxypyr 333 must be defined in the 'herbicideProductData' table in '.../sgr_data/data'"
1702,MANANG_S4_BUFFER_R3,"('name',)",value_error,"Value error, Herbicide product Fluroxypyr 333 must be defined in the 'herbicideProductData' table in '.../sgr_data/data'"
1703,MANANG_S4_P1234_R3,"('name',)",value_error,"Value error, Herbicide product Fluroxypyr 333 must be defined in the 'herbicideProductData' table in '.../sgr_data/data'"
1704,MANANG_S4_BUFFER_R3,"('name',)",value_error,"Value error, Herbicide product Fluroxypyr 333 must be defined in the 'herbicideProductData' table in '.../sgr_data/data'"
1705,MANANG_S13_BUFFER_R3,"('name',)",value_error,"Value error, Herbicide product Fluroxypyr 333 must be defined in the 'herbicideProductData' table in '.../sgr_data/data'"
1706,MANANG_S13_P0000_R8,"('name',)",value_error,"Value error, Herbicide product Fluroxypyr 333 must be defined in the 'herbicideProductData' table in '.../sgr_data/data'"
1707,MANANG_S13_BUFFER_R3,"('name',)",value_error,"Value error, Herbicide product Fluroxypyr 333 must be defined in the 'herbicideProductData' table in '.../sgr_data/data'"
1708,MANANG_S2_BUFFER_R3,"('name',)",value_error,"Value error, Herbicide product Fluroxypyr 333 must be defined in the 'herbicideProductData' table in '.../sgr_data/data'"
1709,MANANG_S2_P2121_R3,"('name',)",value_error,"Value error, Herbicide product Fluroxypyr 333 must be defined in the 'herbicideProductData' table in '.../sgr_data/data'"
1710,MANANG_S2_BUFFER_R3,"('name',)",value_error,"Value error, Herbicide product Fluroxypyr 333 must be defined in the 'herbicideProductData' table in '.../sgr_data/data'"
1711,MANANG_S10.1_BUFFER_R3,"('name',)",value_error,"Value error, Herbicide product Fluroxypyr 333 must be defined in the 'herbicideProductData' table in '.../sgr_data/data'"
1712,MANANG_S10.1_P1231_R3,"('name',)",value_error,"Value error, Herbicide product Fluroxypyr 333 must be defined in the 'herbicideProductData' table in '.../sgr_data/data'"
1713,MANANG_S10.1_BUFFER_R3,"('name',)",value_error,"Value error, Herbicide product Fluroxypyr 333 must be defined in the 'herbicideProductData' table in '.../sgr_data/data'"
1714,MANANG_S1.3_BUFFER_R3,"('name',)",value_error,"Value error, Herbicide product Fluroxypyr 333 must be defined in the 'herbicideProductData' table in '.../sgr_data/data'"
1715,MANANG_S1.3_P2312_R3,"('name',)",value_error,"Value error, Herbicide product Fluroxypyr 333 must be defined in the 'herbicideProductData' table in '.../sgr_data/data'"
1716,MANANG_S1.3_BUFFER_R3,"('name',)",value_error,"Value error, Herbicide product Fluroxypyr 333 must be defined in the 'herbicideProductData' table in '.../sgr_data/data'"
1717,MANANG_S11_BUFFER_R3,"('name',)",value_error,"Value error, Herbicide product Fluroxypyr 333 must be defined in the 'herbicideProductData' table in '.../sgr_data/data'"
1718,MANANG_S11_P2121_R3,"('name',)",value_error,"Value error, Herbicide product Fluroxypyr 333 must be defined in the 'herbicideProductData' table in '.../sgr_data/data'"
1719,MANANG_S11_BUFFER_R3,"('name',)",value_error,"Value error, Herbicide product Fluroxypyr 333 must be defined in the 'herbicideProductData' table in '.../sgr_data/data'"
1720,MANANG_S3_BUFFER_R3,"('name',)",value_error,"Value error, Herbicide product Fluroxypyr 333 must be defined in the 'herbicideProductData' table in '.../sgr_data/data'"
1721,MANANG_S3_P1231_R3,"('name',)",value_error,"Value error, Herbicide product Fluroxypyr 333 must be defined in the 'herbicideProductData' table in '.../sgr_data/data'"
1722,MANANG_S3_BUFFER_R3,"('name',)",value_error,"Value error, Herbicide product Fluroxypyr 333 must be defined in the 'herbicideProductData' table in '.../sgr_data/data'"
1723,MANANG_S3_P2312_R3,"('name',)",value_error,"Value error, Herbicide product Fluroxypyr 333 must be defined in the 'herbicideProductData' table in '.../sgr_data/data'"
1724,MANANG_S3_BUFFER_R3,"('name',)",value_error,"Value error, Herbicide product Fluroxypyr 333 must be defined in the 'herbicideProductData' table in '.../sgr_data/data'"
1725,MANANG_S4_BUFFER_R3,"('name',)",value_error,"Value error, Herbicide product Fluroxypyr 333 must be defined in the 'herbicideProductData' table in '.../sgr_data/data'"
1726,MANANG_S4_P4123_R3,"('name',)",value_error,"Value error, Herbicide product Fluroxypyr 333 must be defined in the 'herbicideProductData' table in '.../sgr_data/data'"
1727,MANANG_S4_BUFFER_R3,"('name',)",value_error,"Value error, Herbicide product Fluroxypyr 333 must be defined in the 'herbicideProductData' table in '.../sgr_data/data'"
1728,MANANG_S13_BUFFER_R3,"('name',)",value_error,"Value error, Herbicide product Fluroxypyr 333 must be defined in the 'herbicideProductData' table in '.../sgr_data/data'"
1729,MANANG_S13_P0000_R9,"('name',)",value_error,"Value error, Herbicide product Fluroxypyr 333 must be defined in the 'herbicideProductData' table in '.../sgr_data/data'"
1730,MANANG_S13_BUFFER_R3,"('name',)",value_error,"Value error, Herbicide product Fluroxypyr 333 must be defined in the 'herbicideProductData' table in '.../sgr_data/data'"
1731,MANANG_S10.1_BUFFER_R3,"('name',)",value_error,"Value error, Herbicide product Fluroxypyr 333 must be defined in the 'herbicideProductData' table in '.../sgr_data/data'"
1732,MANANG_S10.1_P2312_R3,"('name',)",value_error,"Value error, Herbicide product Fluroxypyr 333 must be defined in the 'herbicideProductData' table in '.../sgr_data/data'"
1733,MANANG_S10.1_BUFFER_R3,"('name',)",value_error,"Value error, Herbicide product Fluroxypyr 333 must be defined in the 'herbicideProductData' table in '.../sgr_data/data'"
1734,MANANG_S8.1_BUFFER_R3,"('name',)",value_error,"Value error, Herbicide product Fluroxypyr 333 must be defined in the 'herbicideProductData' table in '.../sgr_data/data'"
1735,MANANG_S8.1_P3123_R3,"('name',)",value_error,"Value error, Herbicide product Fluroxypyr 333 must be defined in the 'herbicideProductData' table in '.../sgr_data/data'"
1736,MANANG_S8.1_BUFFER_R3,"('name',)",value_error,"Value error, Herbicide product Fluroxypyr 333 must be defined in the 'herbicideProductData' table in '.../sgr_data/data'"
1737,MANANG_S8.1_BUFFER_R1,"('name',)",value_error,"Value error, Herbicide product Paraquat 250 must be defined in the 'herbicideProductData' table in '.../sgr_data/data'"
1738,MANANG_S8.1_P2312_R1,"('name',)",value_error,"Value error, Herbicide product Paraquat 250 must be defined in the 'herbicideProductData' table in '.../sgr_data/data'"
1739,MANANG_S8.1_BUFFER_R1,"('name',)",value_error,"Value error, Herbicide product Paraquat 250 must be defined in the 'herbicideProductData' table in '.../sgr_data/data'"
1740,MANANG_S1.1_BUFFER_R1,"('name',)",value_error,"Value error, Herbicide product Paraquat 250 must be defined in the 'herbicideProductData' table in '.../sgr_data/data'"
1741,MANANG_S1.1_P3123_R1,"('name',)",value_error,"Value error, Herbicide product Paraquat 250 must be defined in the 'herbicideProductData' table in '.../sgr_data/data'"
1742,MANANG_S1.1_BUFFER_R1,"('name',)",value_error,"Value error, Herbicide product Paraquat 250 must be defined in the 'herbicideProductData' table in '.../sgr_data/data'"
1743,MANANG_S4_BUFFER_R1,"('name',)",value_error,"Value error, Herbicide product Paraquat 250 must be defined in the 'herbicideProductData' table in '.../sgr_data/data'"
1744,MANANG_S4_P4123_R1,"('name',)",value_error,"Value error, Herbicide product Paraquat 250 must be defined in the 'herbicideProductData' table in '.../sgr_data/data'"
1745,MANANG_S4_BUFFER_R1,"('name',)",value_error,"Value error, Herbicide product Paraquat 250 must be defined in the 'herbicideProductData' table in '.../sgr_data/data'"
1746,MANANG_S12_BUFFER_R1,"('name',)",value_error,"Value error, Herbicide product Paraquat 250 must be defined in the 'herbicideProductData' table in '.../sgr_data/data'"
1747,MANANG_S12_P0000_R1,"('name',)",value_error,"Value error, Herbicide product Paraquat 250 must be defined in the 'herbicideProductData' table in '.../sgr_data/data'"
1748,MANANG_S12_BUFFER_R1,"('name',)",value_error,"Value error, Herbicide product Paraquat 250 must be defined in the 'herbicideProductData' table in '.../sgr_data/data'"
1749,MANANG_S6_BUFFER_R1,"('name',)",value_error,"Value error, Herbicide product Paraquat 250 must be defined in the 'herbicideProductData' table in '.../sgr_data/data'"
1750,MANANG_S6_P1111_R1,"('name',)",value_error,"Value error, Herbicide product Paraquat 250 must be defined in the 'herbicideProductData' table in '.../sgr_data/data'"
1751,MANANG_S6_BUFFER_R1,"('name',)",value_error,"Value error, Herbicide product Paraquat 250 must be defined in the 'herbicideProductData' table in '.../sgr_data/data'"
1752,MANANG_S10.2_BUFFER_R1,"('name',)",value_error,"Value error, Herbicide product Paraquat 250 must be defined in the 'herbicideProductData' table in '.../sgr_data/data'"
1753,MANANG_S10.2_P3123_R1,"('name',)",value_error,"Value error, Herbicide product Paraquat 250 must be defined in the 'herbicideProductData' table in '.../sgr_data/data'"
1754,MANANG_S10.2_BUFFER_R1,"('name',)",value_error,"Value error, Herbicide product Paraquat 250 must be defined in the 'herbicideProductData' table in '.../sgr_data/data'"
1755,MANANG_S1.3_BUFFER_R1,"('name',)",value_error,"Value error, Herbicide product Paraquat 250 must be defined in the 'herbicideProductData' table in '.../sgr_data/data'"
1756,MANANG_S1.3_P3123_R1,"('name',)",value_error,"Value error, Herbicide product Paraquat 250 must be defined in the 'herbicideProductData' table in '.../sgr_data/data'"
1757,MANANG_S1.3_BUFFER_R1,"('name',)",value_error,"Value error, Herbicide product Paraquat 250 must be defined in the 'herbicideProductData' table in '.../sgr_data/data'"
1758,MANANG_S3_BUFFER_R1,"('name',)",value_error,"Value error, Herbicide product Paraquat 250 must be defined in the 'herbicideProductData' table in '.../sgr_data/data'"
1759,MANANG_S3_P1231_R1,"('name',)",value_error,"Value error, Herbicide product Paraquat 250 must be defined in the 'herbicideProductData' table in '.../sgr_data/data'"
1760,MANANG_S3_BUFFER_R1,"('name',)",value_error,"Value error, Herbicide product Paraquat 250 must be defined in the 'herbicideProductData' table in '.../sgr_data/data'"
1761,MANANG_S5_BUFFER_R1,"('name',)",value_error,"Value error, Herbicide product Paraquat 250 must be defined in the 'herbicideProductData' table in '.../sgr_data/data'"
1762,MANANG_S5_P2341_R1,"('name',)",value_error,"Value error, Herbicide product Paraquat 250 must be defined in the 'herbicideProductData' table in '.../sgr_data/data'"
1763,MANANG_S5_BUFFER_R1,"('name',)",value_error,"Value error, Herbicide product Paraquat 250 must be defined in the 'herbicideProductData' table in '.../sgr_data/data'"
1764,MANANG_S8.2_BUFFER_R1,"('name',)",value_error,"Value error, Herbicide product Paraquat 250 must be defined in the 'herbicideProductData' table in '.../sgr_data/data'"
1765,MANANG_S8.2_P1231_R1,"('name',)",value_error,"Value error, Herbicide product Paraquat 250 must be defined in the 'herbicideProductData' table in '.../sgr_data/data'"
1766,MANANG_S8.2_BUFFER_R1,"('name',)",value_error,"Value error, Herbicide product Paraquat 250 must be defined in the 'herbicideProductData' table in '.../sgr_data/data'"
1767,MANANG_S8.1_BUFFER_R1,"('name',)",value_error,"Value error, Herbicide product Paraquat 250 must be defined in the 'herbicideProductData' table in '.../sgr_data/data'"
1768,MANANG_S8.1_P1231_R1,"('name',)",value_error,"Value error, Herbicide product Paraquat 250 must be defined in the 'herbicideProductData' table in '.../sgr_data/data'"
1769,MANANG_S8.1_BUFFER_R1,"('name',)",value_error,"Value error, Herbicide product Paraquat 250 must be defined in the 'herbicideProductData' table in '.../sgr_data/data'"
1770,MANANG_S11_BUFFER_R1,"('name',)",value_error,"Value error, Herbicide product Paraquat 250 must be defined in the 'herbicideProductData' table in '.../sgr_data/data'"
1771,MANANG_S11_P2121_R1,"('name',)",value_error,"Value error, Herbicide product Paraquat 250 must be defined in the 'herbicideProductData' table in '.../sgr_data/data'"
1772,MANANG_S11_BUFFER_R1,"('name',)",value_error,"Value error, Herbicide product Paraquat 250 must be defined in the 'herbicideProductData' table in '.../sgr_data/data'"
1773,MANANG_S1.1_BUFFER_R1,"('name',)",value_error,"Value error, Herbicide product Paraquat 250 must be defined in the 'herbicideProductData' table in '.../sgr_data/data'"
1774,MANANG_S1.1_P1231_R1,"('name',)",value_error,"Value error, Herbicide product Paraquat 250 must be defined in the 'herbicideProductData' table in '.../sgr_data/data'"
1775,MANANG_S1.1_BUFFER_R1,"('name',)",value_error,"Value error, Herbicide product Paraquat 250 must be defined in the 'herbicideProductData' table in '.../sgr_data/data'"
1776,MANANG_S5_BUFFER_R1,"('name',)",value_error,"Value error, Herbicide product Paraquat 250 must be defined in the 'herbicideProductData' table in '.../sgr_data/data'"
1777,MANANG_S5_P1234_R1,"('name',)",value_error,"Value error, Herbicide product Paraquat 250 must be defined in the 'herbicideProductData' table in '.../sgr_data/data'"
1778,MANANG_S5_BUFFER_R1,"('name',)",value_error,"Value error, Herbicide product Paraquat 250 must be defined in the 'herbicideProductData' table in '.../sgr_data/data'"
1779,MANANG_S11_BUFFER_R1,"('name',)",value_error,"Value error, Herbicide product Paraquat 250 must be defined in the 'herbicideProductData' table in '.../sgr_data/data'"
1780,MANANG_S11_P1212_R1,"('name',)",value_error,"Value error, Herbicide product Paraquat 250 must be defined in the 'herbicideProductData' table in '.../sgr_data/data'"
1781,MANANG_S11_BUFFER_R1,"('name',)",value_error,"Value error, Herbicide product Paraquat 250 must be defined in the 'herbicideProductData' table in '.../sgr_data/data'"
1782,MANANG_S13_BUFFER_R1,"('name',)",value_error,"Value error, Herbicide product Paraquat 250 must be defined in the 'herbicideProductData' table in '.../sgr_data/data'"
1783,MANANG_S13_P0000_R1,"('name',)",value_error,"Value error, Herbicide product Paraquat 250 must be defined in the 'herbicideProductData' table in '.../sgr_data/data'"
1784,MANANG_S13_BUFFER_R1,"('name',)",value_error,"Value error, Herbicide product Paraquat 250 must be defined in the 'herbicideProductData' table in '.../sgr_data/data'"
1785,MANANG_S9_BUFFER_R1,"('name',)",value_error,"Value error, Herbicide product Paraquat 250 must be defined in the 'herbicideProductData' table in '.../sgr_data/data'"
1786,MANANG_S9_P1231_R1,"('name',)",value_error,"Value error, Herbicide product Paraquat 250 must be defined in the 'herbicideProductData' table in '.../sgr_data/data'"
1787,MANANG_S9_BUFFER_R1,"('name',)",value_error,"Value error, Herbicide product Paraquat 250 must be defined in the 'herbicideProductData' table in '.../sgr_data/data'"
1788,MANANG_S1.3_BUFFER_R1,"('name',)",value_error,"Value error, Herbicide product Paraquat 250 must be defined in the 'herbicideProductData' table in '.../sgr_data/data'"
1789,MANANG_S1.3_P1231_R1,"('name',)",value_error,"Value error, Herbicide product Paraquat 250 must be defined in the 'herbicideProductData' table in '.../sgr_data/data'"
1790,MANANG_S1.3_BUFFER_R1,"('name',)",value_error,"Value error, Herbicide product Paraquat 250 must be defined in the 'herbicideProductData' table in '.../sgr_data/data'"
1791,MANANG_S5_BUFFER_R1,"('name',)",value_error,"Value error, Herbicide product Paraquat 250 must be defined in the 'herbicideProductData' table in '.../sgr_data/data'"
1792,MANANG_S5_P3412_R1,"('name',)",value_error,"Value error, Herbicide product Paraquat 250 must be defined in the 'herbicideProductData' table in '.../sgr_data/data'"
1793,MANANG_S5_BUFFER_R1,"('name',)",value_error,"Value error, Herbicide product Paraquat 250 must be defined in the 'herbicideProductData' table in '.../sgr_data/data'"
1794,MANANG_S8.2_BUFFER_R1,"('name',)",value_error,"Value error, Herbicide product Paraquat 250 must be defined in the 'herbicideProductData' table in '.../sgr_data/data'"
1795,MANANG_S8.2_P2312_R1,"('name',)",value_error,"Value error, Herbicide product Paraquat 250 must be defined in the 'herbicideProductData' table in '.../sgr_data/data'"
1796,MANANG_S8.2_BUFFER_R1,"('name',)",value_error,"Value error, Herbicide product Paraquat 250 must be defined in the 'herbicideProductData' table in '.../sgr_data/data'"
1797,MANANG_S8.2_P3123_R1,"('name',)",value_error,"Value error, Herbicide product Paraquat 250 must be defined in the 'herbicideProductData' table in '.../sgr_data/data'"
1798,MANANG_S8.2_BUFFER_R1,"('name',)",value_error,"Value error, Herbicide product Paraquat 250 must be defined in the 'herbicideProductData' table in '.../sgr_data/data'"
1799,MANANG_S1.2_BUFFER_R1,"('name',)",value_error,"Value error, Herbicide product Paraquat 250 must be defined in the 'herbicideProductData' table in '.../sgr_data/data'"
1800,MANANG_S1.2_P1231_R1,"('name',)",value_error,"Value error, Herbicide product Paraquat 250 must be defined in the 'herbicideProductData' table in '.../sgr_data/data'"
1801,MANANG_S1.2_BUFFER_R1,"('name',)",value_error,"Value error, Herbicide product Paraquat 250 must be defined in the 'herbicideProductData' table in '.../sgr_data/data'"
1802,MANANG_S10.1_BUFFER_R1,"('name',)",value_error,"Value error, Herbicide product Paraquat 250 must be defined in the 'herbicideProductData' table in '.../sgr_data/data'"
1803,MANANG_S10.1_P1231_R1,"('name',)",value_error,"Value error, Herbicide product Paraquat 250 must be defined in the 'herbicideProductData' table in '.../sgr_data/data'"
1804,MANANG_S10.1_BUFFER_R1,"('name',)",value_error,"Value error, Herbicide product Paraquat 250 must be defined in the 'herbicideProductData' table in '.../sgr_data/data'"
1805,MANANG_S12_BUFFER_R1,"('name',)",value_error,"Value error, Herbicide product Paraquat 250 must be defined in the 'herbicideProductData' table in '.../sgr_data/data'"
1806,MANANG_S12_P0000_R2,"('name',)",value_error,"Value error, Herbicide product Paraquat 250 must be defined in the 'herbicideProductData' table in '.../sgr_data/data'"
1807,MANANG_S12_BUFFER_R1,"('name',)",value_error,"Value error, Herbicide product Paraquat 250 must be defined in the 'herbicideProductData' table in '.../sgr_data/data'"
1808,MANANG_S4_BUFFER_R1,"('name',)",value_error,"Value error, Herbicide product Paraquat 250 must be defined in the 'herbicideProductData' table in '.../sgr_data/data'"
1809,MANANG_S4_P3412_R1,"('name',)",value_error,"Value error, Herbicide product Paraquat 250 must be defined in the 'herbicideProductData' table in '.../sgr_data/data'"
1810,MANANG_S4_BUFFER_R1,"('name',)",value_error,"Value error, Herbicide product Paraquat 250 must be defined in the 'herbicideProductData' table in '.../sgr_data/data'"
1811,MANANG_S1.2_BUFFER_R1,"('name',)",value_error,"Value error, Herbicide product Paraquat 250 must be defined in the 'herbicideProductData' table in '.../sgr_data/data'"
1812,MANANG_S1.2_P2312_R1,"('name',)",value_error,"Value error, Herbicide product Paraquat 250 must be defined in the 'herbicideProductData' table in '.../sgr_data/data'"
1813,MANANG_S1.2_BUFFER_R1,"('name',)",value_error,"Value error, Herbicide product Paraquat 250 must be defined in the 'herbicideProductData' table in '.../sgr_data/data'"
1814,MANANG_S10.1_BUFFER_R1,"('name',)",value_error,"Value error, Herbicide product Paraquat 250 must be defined in the 'herbicideProductData' table in '.../sgr_data/data'"
1815,MANANG_S10.1_P3123_R1,"('name',)",value_error,"Value error, Herbicide product Paraquat 250 must be defined in the 'herbicideProductData' table in '.../sgr_data/data'"
1816,MANANG_S10.1_BUFFER_R1,"('name',)",value_error,"Value error, Herbicide product Paraquat 250 must be defined in the 'herbicideProductData' table in '.../sgr_data/data'"
1817,MANANG_S7_BUFFER_R1,"('name',)",value_error,"Value error, Herbicide product Paraquat 250 must be defined in the 'herbicideProductData' table in '.../sgr_data/data'"
1818,MANANG_S7_P1231_R1,"('name',)",value_error,"Value error, Herbicide product Paraquat 250 must be defined in the 'herbicideProductData' table in '.../sgr_data/data'"
1819,MANANG_S7_BUFFER_R1,"('name',)",value_error,"Value error, Herbicide product Paraquat 250 must be defined in the 'herbicideProductData' table in '.../sgr_data/data'"
1820,MANANG_S7_P3123_R1,"('name',)",value_error,"Value error, Herbicide product Paraquat 250 must be defined in the 'herbicideProductData' table in '.../sgr_data/data'"
1821,MANANG_S7_BUFFER_R1,"('name',)",value_error,"Value error, Herbicide product Paraquat 250 must be defined in the 'herbicideProductData' table in '.../sgr_data/data'"
1822,MANANG_S4_BUFFER_R1,"('name',)",value_error,"Value error, Herbicide product Paraquat 250 must be defined in the 'herbicideProductData' table in '.../sgr_data/data'"
1823,MANANG_S4_P1234_R1,"('name',)",value_error,"Value error, Herbicide product Paraquat 250 must be defined in the 'herbicideProductData' table in '.../sgr_data/data'"
1824,MANANG_S4_BUFFER_R1,"('name',)",value_error,"Value error, Herbicide product Paraquat 250 must be defined in the 'herbicideProductData' table in '.../sgr_data/data'"
1825,MANANG_S10.2_BUFFER_R1,"('name',)",value_error,"Value error, Herbicide product Paraquat 250 must be defined in the 'herbicideProductData' table in '.../sgr_data/data'"
1826,MANANG_S10.2_P2312_R1,"('name',)",value_error,"Value error, Herbicide product Paraquat 250 must be defined in the 'herbicideProductData' table in '.../sgr_data/data'"
1827,MANANG_S10.2_BUFFER_R1,"('name',)",value_error,"Value error, Herbicide product Paraquat 250 must be defined in the 'herbicideProductData' table in '.../sgr_data/data'"
1828,MANANG_S9_BUFFER_R1,"('name',)",value_error,"Value error, Herbicide product Paraquat 250 must be defined in the 'herbicideProductData' table in '.../sgr_data/data'"
1829,MANANG_S9_P3123_R1,"('name',)",value_error,"Value error, Herbicide product Paraquat 250 must be defined in the 'herbicideProductData' table in '.../sgr_data/data'"
1830,MANANG_S9_BUFFER_R1,"('name',)",value_error,"Value error, Herbicide product Paraquat 250 must be defined in the 'herbicideProductData' table in '.../sgr_data/data'"
1831,MANANG_S2_BUFFER_R1,"('name',)",value_error,"Value error, Herbicide product Paraquat 250 must be defined in the 'herbicideProductData' table in '.../sgr_data/data'"
1832,MANANG_S2_P1212_R1,"('name',)",value_error,"Value error, Herbicide product Paraquat 250 must be defined in the 'herbicideProductData' table in '.../sgr_data/data'"
1833,MANANG_S2_BUFFER_R1,"('name',)",value_error,"Value error, Herbicide product Paraquat 250 must be defined in the 'herbicideProductData' table in '.../sgr_data/data'"
1834,MANANG_S1.3_BUFFER_R1,"('name',)",value_error,"Value error, Herbicide product Paraquat 250 must be defined in the 'herbicideProductData' table in '.../sgr_data/data'"
1835,MANANG_S1.3_P2312_R1,"('name',)",value_error,"Value error, Herbicide product Paraquat 250 must be defined in the 'herbicideProductData' table in '.../sgr_data/data'"
1836,MANANG_S1.3_BUFFER_R1,"('name',)",value_error,"Value error, Herbicide product Paraquat 250 must be defined in the 'herbicideProductData' table in '.../sgr_data/data'"
1837,MANANG_S2_BUFFER_R1,"('name',)",value_error,"Value error, Herbicide product Paraquat 250 must be defined in the 'herbicideProductData' table in '.../sgr_data/data'"
1838,MANANG_S2_P2121_R1,"('name',)",value_error,"Value error, Herbicide product Paraquat 250 must be defined in the 'herbicideProductData' table in '.../sgr_data/data'"
1839,MANANG_S2_BUFFER_R1,"('name',)",value_error,"Value error, Herbicide product Paraquat 250 must be defined in the 'herbicideProductData' table in '.../sgr_data/data'"
1840,MANANG_S3_BUFFER_R1,"('name',)",value_error,"Value error, Herbicide product Paraquat 250 must be defined in the 'herbicideProductData' table in '.../sgr_data/data'"
1841,MANANG_S3_P2312_R1,"('name',)",value_error,"Value error, Herbicide product Paraquat 250 must be defined in the 'herbicideProductData' table in '.../sgr_data/data'"
1842,MANANG_S3_BUFFER_R1,"('name',)",value_error,"Value error, Herbicide product Paraquat 250 must be defined in the 'herbicideProductData' table in '.../sgr_data/data'"
1843,MANANG_S6_BUFFER_R1,"('name',)",value_error,"Value error, Herbicide product Paraquat 250 must be defined in the 'herbicideProductData' table in '.../sgr_data/data'"
1844,MANANG_S6_P1111_R2,"('name',)",value_error,"Value error, Herbicide product Paraquat 250 must be defined in the 'herbicideProductData' table in '.../sgr_data/data'"
1845,MANANG_S6_BUFFER_R1,"('name',)",value_error,"Value error, Herbicide product Paraquat 250 must be defined in the 'herbicideProductData' table in '.../sgr_data/data'"
1846,MANANG_S1.1_BUFFER_R1,"('name',)",value_error,"Value error, Herbicide product Paraquat 250 must be defined in the 'herbicideProductData' table in '.../sgr_data/data'"
1847,MANANG_S1.1_P2312_R1,"('name',)",value_error,"Value error, Herbicide product Paraquat 250 must be defined in the 'herbicideProductData' table in '.../sgr_data/data'"
1848,MANANG_S1.1_BUFFER_R1,"('name',)",value_error,"Value error, Herbicide product Paraquat 250 must be defined in the 'herbicideProductData' table in '.../sgr_data/data'"
1849,MANANG_S1.2_BUFFER_R1,"('name',)",value_error,"Value error, Herbicide product Paraquat 250 must be defined in the 'herbicideProductData' table in '.../sgr_data/data'"
1850,MANANG_S1.2_P3123_R1,"('name',)",value_error,"Value error, Herbicide product Paraquat 250 must be defined in the 'herbicideProductData' table in '.../sgr_data/data'"
1851,MANANG_S1.2_BUFFER_R1,"('name',)",value_error,"Value error, Herbicide product Paraquat 250 must be defined in the 'herbicideProductData' table in '.../sgr_data/data'"
1852,MANANG_S10.2_BUFFER_R1,"('name',)",value_error,"Value error, Herbicide product Paraquat 250 must be defined in the 'herbicideProductData' table in '.../sgr_data/data'"
1853,MANANG_S10.2_P1231_R1,"('name',)",value_error,"Value error, Herbicide product Paraquat 250 must be defined in the 'herbicideProductData' table in '.../sgr_data/data'"
1854,MANANG_S10.2_BUFFER_R1,"('name',)",value_error,"Value error, Herbicide product Paraquat 250 must be defined in the 'herbicideProductData' table in '.../sgr_data/data'"
1855,MANANG_S9_BUFFER_R1,"('name',)",value_error,"Value error, Herbicide product Paraquat 250 must be defined in the 'herbicideProductData' table in '.../sgr_data/data'"
1856,MANANG_S9_P2312_R1,"('name',)",value_error,"Value error, Herbicide product Paraquat 250 must be defined in the 'herbicideProductData' table in '.../sgr_data/data'"
1857,MANANG_S9_BUFFER_R1,"('name',)",value_error,"Value error, Herbicide product Paraquat 250 must be defined in the 'herbicideProductData' table in '.../sgr_data/data'"
1858,MANANG_S13_BUFFER_R1,"('name',)",value_error,"Value error, Herbicide product Paraquat 250 must be defined in the 'herbicideProductData' table in '.../sgr_data/data'"
1859,MANANG_S13_P0000_R2,"('name',)",value_error,"Value error, Herbicide product Paraquat 250 must be defined in the 'herbicideProductData' table in '.../sgr_data/data'"
1860,MANANG_S13_BUFFER_R1,"('name',)",value_error,"Value error, Herbicide product Paraquat 250 must be defined in the 'herbicideProductData' table in '.../sgr_data/data'"
1861,MANANG_S4_BUFFER_R1,"('name',)",value_error,"Value error, Herbicide product Paraquat 250 must be defined in the 'herbicideProductData' table in '.../sgr_data/data'"
1862,MANANG_S4_P2341_R1,"('name',)",value_error,"Value error, Herbicide product Paraquat 250 must be defined in the 'herbicideProductData' table in '.../sgr_data/data'"
1863,MANANG_S4_BUFFER_R1,"('name',)",value_error,"Value error, Herbicide product Paraquat 250 must be defined in the 'herbicideProductData' table in '.../sgr_data/data'"
1864,MANANG_S7_BUFFER_R1,"('name',)",value_error,"Value error, Herbicide product Paraquat 250 must be defined in the 'herbicideProductData' table in '.../sgr_data/data'"
1865,MANANG_S7_P2312_R1,"('name',)",value_error,"Value error, Herbicide product Paraquat 250 must be defined in the 'herbicideProductData' table in '.../sgr_data/data'"
1866,MANANG_S7_BUFFER_R1,"('name',)",value_error,"Value error, Herbicide product Paraquat 250 must be defined in the 'herbicideProductData' table in '.../sgr_data/data'"
1867,MANANG_S3_BUFFER_R1,"('name',)",value_error,"Value error, Herbicide product Paraquat 250 must be defined in the 'herbicideProductData' table in '.../sgr_data/data'"
1868,MANANG_S3_P3123_R1,"('name',)",value_error,"Value error, Herbicide product Paraquat 250 must be defined in the 'herbicideProductData' table in '.../sgr_data/data'"
1869,MANANG_S3_BUFFER_R1,"('name',)",value_error,"Value error, Herbicide product Paraquat 250 must be defined in the 'herbicideProductData' table in '.../sgr_data/data'"
1870,MANANG_S5_BUFFER_R1,"('name',)",value_error,"Value error, Herbicide product Paraquat 250 must be defined in the 'herbicideProductData' table in '.../sgr_data/data'"
1871,MANANG_S5_P4123_R1,"('name',)",value_error,"Value error, Herbicide product Paraquat 250 must be defined in the 'herbicideProductData' table in '.../sgr_data/data'"
1872,MANANG_S5_BUFFER_R1,"('name',)",value_error,"Value error, Herbicide product Paraquat 250 must be defined in the 'herbicideProductData' table in '.../sgr_data/data'"
1873,MANANG_S12_BUFFER_R1,"('name',)",value_error,"Value error, Herbicide product Paraquat 250 must be defined in the 'herbicideProductData' table in '.../sgr_data/data'"
1874,MANANG_S12_P0000_R3,"('name',)",value_error,"Value error, Herbicide product Paraquat 250 must be defined in the 'herbicideProductData' table in '.../sgr_data/data'"
1875,MANANG_S12_BUFFER_R1,"('name',)",value_error,"Value error, Herbicide product Paraquat 250 must be defined in the 'herbicideProductData' table in '.../sgr_data/data'"
1876,MANANG_S10.1_BUFFER_R1,"('name',)",value_error,"Value error, Herbicide product Paraquat 250 must be defined in the 'herbicideProductData' table in '.../sgr_data/data'"
1877,MANANG_S10.1_P2312_R1,"('name',)",value_error,"Value error, Herbicide product Paraquat 250 must be defined in the 'herbicideProductData' table in '.../sgr_data/data'"
1878,MANANG_S10.1_BUFFER_R1,"('name',)",value_error,"Value error, Herbicide product Paraquat 250 must be defined in the 'herbicideProductData' table in '.../sgr_data/data'"
1879,MANANG_S13_BUFFER_R1,"('name',)",value_error,"Value error, Herbicide product Paraquat 250 must be defined in the 'herbicideProductData' table in '.../sgr_data/data'"
1880,MANANG_S13_P0000_R3,"('name',)",value_error,"Value error, Herbicide product Paraquat 250 must be defined in the 'herbicideProductData' table in '.../sgr_data/data'"
1881,MANANG_S13_BUFFER_R1,"('name',)",value_error,"Value error, Herbicide product Paraquat 250 must be defined in the 'herbicideProductData' table in '.../sgr_data/data'"
1882,MANANG_S8.1_BUFFER_R1,"('name',)",value_error,"Value error, Herbicide product Paraquat 250 must be defined in the 'herbicideProductData' table in '.../sgr_data/data'"
1883,MANANG_S8.1_P3123_R1,"('name',)",value_error,"Value error, Herbicide product Paraquat 250 must be defined in the 'herbicideProductData' table in '.../sgr_data/data'"
1884,MANANG_S8.1_BUFFER_R1,"('name',)",value_error,"Value error, Herbicide product Paraquat 250 must be defined in the 'herbicideProductData' table in '.../sgr_data/data'"
1885,MANANG_S3_BUFFER_R2,"('name',)",value_error,"Value error, Herbicide product Paraquat 250 must be defined in the 'herbicideProductData' table in '.../sgr_data/data'"
1886,MANANG_S3_P2312_R2,"('name',)",value_error,"Value error, Herbicide product Paraquat 250 must be defined in the 'herbicideProductData' table in '.../sgr_data/data'"
1887,MANANG_S3_BUFFER_R2,"('name',)",value_error,"Value error, Herbicide product Paraquat 250 must be defined in the 'herbicideProductData' table in '.../sgr_data/data'"
1888,MANANG_S8.2_BUFFER_R2,"('name',)",value_error,"Value error, Herbicide product Paraquat 250 must be defined in the 'herbicideProductData' table in '.../sgr_data/data'"
1889,MANANG_S8.2_P2312_R2,"('name',)",value_error,"Value error, Herbicide product Paraquat 250 must be defined in the 'herbicideProductData' table in '.../sgr_data/data'"
1890,MANANG_S8.2_BUFFER_R2,"('name',)",value_error,"Value error, Herbicide product Paraquat 250 must be defined in the 'herbicideProductData' table in '.../sgr_data/data'"
1891,MANANG_S8.2_P1231_R2,"('name',)",value_error,"Value error, Herbicide product Paraquat 250 must be defined in the 'herbicideProductData' table in '.../sgr_data/data'"
1892,MANANG_S8.2_BUFFER_R2,"('name',)",value_error,"Value error, Herbicide product Paraquat 250 must be defined in the 'herbicideProductData' table in '.../sgr_data/data'"
1893,MANANG_S1.3_BUFFER_R2,"('name',)",value_error,"Value error, Herbicide product Paraquat 250 must be defined in the 'herbicideProductData' table in '.../sgr_data/data'"
1894,MANANG_S1.3_P2312_R2,"('name',)",value_error,"Value error, Herbicide product Paraquat 250 must be defined in the 'herbicideProductData' table in '.../sgr_data/data'"
1895,MANANG_S1.3_BUFFER_R2,"('name',)",value_error,"Value error, Herbicide product Paraquat 250 must be defined in the 'herbicideProductData' table in '.../sgr_data/data'"
1896,MANANG_S13_BUFFER_R2,"('name',)",value_error,"Value error, Herbicide product Paraquat 250 must be defined in the 'herbicideProductData' table in '.../sgr_data/data'"
1897,MANANG_S13_P0000_R4,"('name',)",value_error,"Value error, Herbicide product Paraquat 250 must be defined in the 'herbicideProductData' table in '.../sgr_data/data'"
1898,MANANG_S13_BUFFER_R2,"('name',)",value_error,"Value error, Herbicide product Paraquat 250 must be defined in the 'herbicideProductData' table in '.../sgr_data/data'"
1899,MANANG_S9_BUFFER_R2,"('name',)",value_error,"Value error, Herbicide product Paraquat 250 must be defined in the 'herbicideProductData' table in '.../sgr_data/data'"
1900,MANANG_S9_P2312_R2,"('name',)",value_error,"Value error, Herbicide product Paraquat 250 must be defined in the 'herbicideProductData' table in '.../sgr_data/data'"
1901,MANANG_S9_BUFFER_R2,"('name',)",value_error,"Value error, Herbicide product Paraquat 250 must be defined in the 'herbicideProductData' table in '.../sgr_data/data'"
1902,MANANG_S2_BUFFER_R2,"('name',)",value_error,"Value error, Herbicide product Paraquat 250 must be defined in the 'herbicideProductData' table in '.../sgr_data/data'"
1903,MANANG_S2_P1212_R2,"('name',)",value_error,"Value error, Herbicide product Paraquat 250 must be defined in the 'herbicideProductData' table in '.../sgr_data/data'"
1904,MANANG_S2_BUFFER_R2,"('name',)",value_error,"Value error, Herbicide product Paraquat 250 must be defined in the 'herbicideProductData' table in '.../sgr_data/data'"
1905,MANANG_S10.1_BUFFER_R2,"('name',)",value_error,"Value error, Herbicide product Paraquat 250 must be defined in the 'herbicideProductData' table in '.../sgr_data/data'"
1906,MANANG_S10.1_P3123_R2,"('name',)",value_error,"Value error, Herbicide product Paraquat 250 must be defined in the 'herbicideProductData' table in '.../sgr_data/data'"
1907,MANANG_S10.1_BUFFER_R2,"('name',)",value_error,"Value error, Herbicide product Paraquat 250 must be defined in the 'herbicideProductData' table in '.../sgr_data/data'"
1908,MANANG_S1.1_BUFFER_R2,"('name',)",value_error,"Value error, Herbicide product Paraquat 250 must be defined in the 'herbicideProductData' table in '.../sgr_data/data'"
1909,MANANG_S1.1_P3123_R2,"('name',)",value_error,"Value error, Herbicide product Paraquat 250 must be defined in the 'herbicideProductData' table in '.../sgr_data/data'"
1910,MANANG_S1.1_BUFFER_R2,"('name',)",value_error,"Value error, Herbicide product Paraquat 250 must be defined in the 'herbicideProductData' table in '.../sgr_data/data'"
1911,MANANG_S4_BUFFER_R2,"('name',)",value_error,"Value error, Herbicide product Paraquat 250 must be defined in the 'herbicideProductData' table in '.../sgr_data/data'"
1912,MANANG_S4_P1234_R2,"('name',)",value_error,"Value error, Herbicide product Paraquat 250 must be defined in the 'herbicideProductData' table in '.../sgr_data/data'"
1913,MANANG_S4_BUFFER_R2,"('name',)",value_error,"Value error, Herbicide product Paraquat 250 must be defined in the 'herbicideProductData' table in '.../sgr_data/data'"
1914,MANANG_S8.1_BUFFER_R2,"('name',)",value_error,"Value error, Herbicide product Paraquat 250 must be defined in the 'herbicideProductData' table in '.../sgr_data/data'"
1915,MANANG_S8.1_P3123_R2,"('name',)",value_error,"Value error, Herbicide product Paraquat 250 must be defined in the 'herbicideProductData' table in '.../sgr_data/data'"
1916,MANANG_S8.1_BUFFER_R2,"('name',)",value_error,"Value error, Herbicide product Paraquat 250 must be defined in the 'herbicideProductData' table in '.../sgr_data/data'"
1917,MANANG_S1.2_BUFFER_R2,"('name',)",value_error,"Value error, Herbicide product Paraquat 250 must be defined in the 'herbicideProductData' table in '.../sgr_data/data'"
1918,MANANG_S1.2_P2312_R2,"('name',)",value_error,"Value error, Herbicide product Paraquat 250 must be defined in the 'herbicideProductData' table in '.../sgr_data/data'"
1919,MANANG_S1.2_BUFFER_R2,"('name',)",value_error,"Value error, Herbicide product Paraquat 250 must be defined in the 'herbicideProductData' table in '.../sgr_data/data'"
1920,MANANG_S3_BUFFER_R2,"('name',)",value_error,"Value error, Herbicide product Paraquat 250 must be defined in the 'herbicideProductData' table in '.../sgr_data/data'"
1921,MANANG_S3_P3123_R2,"('name',)",value_error,"Value error, Herbicide product Paraquat 250 must be defined in the 'herbicideProductData' table in '.../sgr_data/data'"
1922,MANANG_S3_BUFFER_R2,"('name',)",value_error,"Value error, Herbicide product Paraquat 250 must be defined in the 'herbicideProductData' table in '.../sgr_data/data'"
1923,MANANG_S5_BUFFER_R2,"('name',)",value_error,"Value error, Herbicide product Paraquat 250 must be defined in the 'herbicideProductData' table in '.../sgr_data/data'"
1924,MANANG_S5_P2341_R2,"('name',)",value_error,"Value error, Herbicide product Paraquat 250 must be defined in the 'herbicideProductData' table in '.../sgr_data/data'"
1925,MANANG_S5_BUFFER_R2,"('name',)",value_error,"Value error, Herbicide product Paraquat 250 must be defined in the 'herbicideProductData' table in '.../sgr_data/data'"
1926,MANANG_S4_BUFFER_R2,"('name',)",value_error,"Value error, Herbicide product Paraquat 250 must be defined in the 'herbicideProductData' table in '.../sgr_data/data'"
1927,MANANG_S4_P3412_R2,"('name',)",value_error,"Value error, Herbicide product Paraquat 250 must be defined in the 'herbicideProductData' table in '.../sgr_data/data'"
1928,MANANG_S4_BUFFER_R2,"('name',)",value_error,"Value error, Herbicide product Paraquat 250 must be defined in the 'herbicideProductData' table in '.../sgr_data/data'"
1929,MANANG_S8.1_BUFFER_R2,"('name',)",value_error,"Value error, Herbicide product Paraquat 250 must be defined in the 'herbicideProductData' table in '.../sgr_data/data'"
1930,MANANG_S8.1_P2312_R2,"('name',)",value_error,"Value error, Herbicide product Paraquat 250 must be defined in the 'herbicideProductData' table in '.../sgr_data/data'"
1931,MANANG_S8.1_BUFFER_R2,"('name',)",value_error,"Value error, Herbicide product Paraquat 250 must be defined in the 'herbicideProductData' table in '.../sgr_data/data'"
1932,MANANG_S11_BUFFER_R2,"('name',)",value_error,"Value error, Herbicide product Paraquat 250 must be defined in the 'herbicideProductData' table in '.../sgr_data/data'"
1933,MANANG_S11_P2121_R2,"('name',)",value_error,"Value error, Herbicide product Paraquat 250 must be defined in the 'herbicideProductData' table in '.../sgr_data/data'"
1934,MANANG_S11_BUFFER_R2,"('name',)",value_error,"Value error, Herbicide product Paraquat 250 must be defined in the 'herbicideProductData' table in '.../sgr_data/data'"
1935,MANANG_S12_BUFFER_R2,"('name',)",value_error,"Value error, Herbicide product Paraquat 250 must be defined in the 'herbicideProductData' table in '.../sgr_data/data'"
1936,MANANG_S12_P0000_R4,"('name',)",value_error,"Value error, Herbicide product Paraquat 250 must be defined in the 'herbicideProductData' table in '.../sgr_data/data'"
1937,MANANG_S12_BUFFER_R2,"('name',)",value_error,"Value error, Herbicide product Paraquat 250 must be defined in the 'herbicideProductData' table in '.../sgr_data/data'"
1938,MANANG_S8.1_BUFFER_R2,"('name',)",value_error,"Value error, Herbicide product Paraquat 250 must be defined in the 'herbicideProductData' table in '.../sgr_data/data'"
1939,MANANG_S8.1_P1231_R2,"('name',)",value_error,"Value error, Herbicide product Paraquat 250 must be defined in the 'herbicideProductData' table in '.../sgr_data/data'"
1940,MANANG_S8.1_BUFFER_R2,"('name',)",value_error,"Value error, Herbicide product Paraquat 250 must be defined in the 'herbicideProductData' table in '.../sgr_data/data'"
1941,MANANG_S7_BUFFER_R2,"('name',)",value_error,"Value error, Herbicide product Paraquat 250 must be defined in the 'herbicideProductData' table in '.../sgr_data/data'"
1942,MANANG_S7_P3123_R2,"('name',)",value_error,"Value error, Herbicide product Paraquat 250 must be defined in the 'herbicideProductData' table in '.../sgr_data/data'"
1943,MANANG_S7_BUFFER_R2,"('name',)",value_error,"Value error, Herbicide product Paraquat 250 must be defined in the 'herbicideProductData' table in '.../sgr_data/data'"
1944,MANANG_S9_BUFFER_R2,"('name',)",value_error,"Value error, Herbicide product Paraquat 250 must be defined in the 'herbicideProductData' table in '.../sgr_data/data'"
1945,MANANG_S9_P3123_R2,"('name',)",value_error,"Value error, Herbicide product Paraquat 250 must be defined in the 'herbicideProductData' table in '.../sgr_data/data'"
1946,MANANG_S9_BUFFER_R2,"('name',)",value_error,"Value error, Herbicide product Paraquat 250 must be defined in the 'herbicideProductData' table in '.../sgr_data/data'"
1947,MANANG_S13_BUFFER_R2,"('name',)",value_error,"Value error, Herbicide product Paraquat 250 must be defined in the 'herbicideProductData' table in '.../sgr_data/data'"
1948,MANANG_S13_P0000_R5,"('name',)",value_error,"Value error, Herbicide product Paraquat 250 must be defined in the 'herbicideProductData' table in '.../sgr_data/data'"
1949,MANANG_S13_BUFFER_R2,"('name',)",value_error,"Value error, Herbicide product Paraquat 250 must be defined in the 'herbicideProductData' table in '.../sgr_data/data'"
1950,MANANG_S1.3_BUFFER_R2,"('name',)",value_error,"Value error, Herbicide product Paraquat 250 must be defined in the 'herbicideProductData' table in '.../sgr_data/data'"
1951,MANANG_S1.3_P3123_R2,"('name',)",value_error,"Value error, Herbicide product Paraquat 250 must be defined in the 'herbicideProductData' table in '.../sgr_data/data'"
1952,MANANG_S1.3_BUFFER_R2,"('name',)",value_error,"Value error, Herbicide product Paraquat 250 must be defined in the 'herbicideProductData' table in '.../sgr_data/data'"
1953,MANANG_S13_BUFFER_R2,"('name',)",value_error,"Value error, Herbicide product Paraquat 250 must be defined in the 'herbicideProductData' table in '.../sgr_data/data'"
1954,MANANG_S13_P0000_R6,"('name',)",value_error,"Value error, Herbicide product Paraquat 250 must be defined in the 'herbicideProductData' table in '.../sgr_data/data'"
1955,MANANG_S13_BUFFER_R2,"('name',)",value_error,"Value error, Herbicide product Paraquat 250 must be defined in the 'herbicideProductData' table in '.../sgr_data/data'"
1956,MANANG_S10.1_BUFFER_R2,"('name',)",value_error,"Value error, Herbicide product Paraquat 250 must be defined in the 'herbicideProductData' table in '.../sgr_data/data'"
1957,MANANG_S10.1_P2312_R2,"('name',)",value_error,"Value error, Herbicide product Paraquat 250 must be defined in the 'herbicideProductData' table in '.../sgr_data/data'"
1958,MANANG_S10.1_BUFFER_R2,"('name',)",value_error,"Value error, Herbicide product Paraquat 250 must be defined in the 'herbicideProductData' table in '.../sgr_data/data'"
1959,MANANG_S7_BUFFER_R2,"('name',)",value_error,"Value error, Herbicide product Paraquat 250 must be defined in the 'herbicideProductData' table in '.../sgr_data/data'"
1960,MANANG_S7_P2312_R2,"('name',)",value_error,"Value error, Herbicide product Paraquat 250 must be defined in the 'herbicideProductData' table in '.../sgr_data/data'"
1961,MANANG_S7_BUFFER_R2,"('name',)",value_error,"Value error, Herbicide product Paraquat 250 must be defined in the 'herbicideProductData' table in '.../sgr_data/data'"
1962,MANANG_S12_BUFFER_R2,"('name',)",value_error,"Value error, Herbicide product Paraquat 250 must be defined in the 'herbicideProductData' table in '.../sgr_data/data'"
1963,MANANG_S12_P0000_R5,"('name',)",value_error,"Value error, Herbicide product Paraquat 250 must be defined in the 'herbicideProductData' table in '.../sgr_data/data'"
1964,MANANG_S12_BUFFER_R2,"('name',)",value_error,"Value error, Herbicide product Paraquat 250 must be defined in the 'herbicideProductData' table in '.../sgr_data/data'"
1965,MANANG_S4_BUFFER_R2,"('name',)",value_error,"Value error, Herbicide product Paraquat 250 must be defined in the 'herbicideProductData' table in '.../sgr_data/data'"
1966,MANANG_S4_P4123_R2,"('name',)",value_error,"Value error, Herbicide product Paraquat 250 must be defined in the 'herbicideProductData' table in '.../sgr_data/data'"
1967,MANANG_S4_BUFFER_R2,"('name',)",value_error,"Value error, Herbicide product Paraquat 250 must be defined in the 'herbicideProductData' table in '.../sgr_data/data'"
1968,MANANG_S6_BUFFER_R2,"('name',)",value_error,"Value error, Herbicide product Paraquat 250 must be defined in the 'herbicideProductData' table in '.../sgr_data/data'"
1969,MANANG_S6_P1111_R3,"('name',)",value_error,"Value error, Herbicide product Paraquat 250 must be defined in the 'herbicideProductData' table in '.../sgr_data/data'"
1970,MANANG_S6_BUFFER_R2,"('name',)",value_error,"Value error, Herbicide product Paraquat 250 must be defined in the 'herbicideProductData' table in '.../sgr_data/data'"
1971,MANANG_S1.1_BUFFER_R2,"('name',)",value_error,"Value error, Herbicide product Paraquat 250 must be defined in the 'herbicideProductData' table in '.../sgr_data/data'"
1972,MANANG_S1.1_P1231_R2,"('name',)",value_error,"Value error, Herbicide product Paraquat 250 must be defined in the 'herbicideProductData' table in '.../sgr_data/data'"
1973,MANANG_S1.1_BUFFER_R2,"('name',)",value_error,"Value error, Herbicide product Paraquat 250 must be defined in the 'herbicideProductData' table in '.../sgr_data/data'"
1974,MANANG_S1.2_BUFFER_R2,"('name',)",value_error,"Value error, Herbicide product Paraquat 250 must be defined in the 'herbicideProductData' table in '.../sgr_data/data'"
1975,MANANG_S1.2_P3123_R2,"('name',)",value_error,"Value error, Herbicide product Paraquat 250 must be defined in the 'herbicideProductData' table in '.../sgr_data/data'"
1976,MANANG_S1.2_BUFFER_R2,"('name',)",value_error,"Value error, Herbicide product Paraquat 250 must be defined in the 'herbicideProductData' table in '.../sgr_data/data'"
1977,MANANG_S5_BUFFER_R2,"('name',)",value_error,"Value error, Herbicide product Paraquat 250 must be defined in the 'herbicideProductData' table in '.../sgr_data/data'"
1978,MANANG_S5_P1234_R2,"('name',)",value_error,"Value error, Herbicide product Paraquat 250 must be defined in the 'herbicideProductData' table in '.../sgr_data/data'"
1979,MANANG_S5_BUFFER_R2,"('name',)",value_error,"Value error, Herbicide product Paraquat 250 must be defined in the 'herbicideProductData' table in '.../sgr_data/data'"
1980,MANANG_S1.1_BUFFER_R2,"('name',)",value_error,"Value error, Herbicide product Paraquat 250 must be defined in the 'herbicideProductData' table in '.../sgr_data/data'"
1981,MANANG_S1.1_P2312_R2,"('name',)",value_error,"Value error, Herbicide product Paraquat 250 must be defined in the 'herbicideProductData' table in '.../sgr_data/data'"
1982,MANANG_S1.1_BUFFER_R2,"('name',)",value_error,"Value error, Herbicide product Paraquat 250 must be defined in the 'herbicideProductData' table in '.../sgr_data/data'"
1983,MANANG_S12_BUFFER_R2,"('name',)",value_error,"Value error, Herbicide product Paraquat 250 must be defined in the 'herbicideProductData' table in '.../sgr_data/data'"
1984,MANANG_S12_P0000_R6,"('name',)",value_error,"Value error, Herbicide product Paraquat 250 must be defined in the 'herbicideProductData' table in '.../sgr_data/data'"
1985,MANANG_S12_BUFFER_R2,"('name',)",value_error,"Value error, Herbicide product Paraquat 250 must be defined in the 'herbicideProductData' table in '.../sgr_data/data'"
1986,MANANG_S6_BUFFER_R2,"('name',)",value_error,"Value error, Herbicide product Paraquat 250 must be defined in the 'herbicideProductData' table in '.../sgr_data/data'"
1987,MANANG_S6_P1111_R4,"('name',)",value_error,"Value error, Herbicide product Paraquat 250 must be defined in the 'herbicideProductData' table in '.../sgr_data/data'"
1988,MANANG_S6_BUFFER_R2,"('name',)",value_error,"Value error, Herbicide product Paraquat 250 must be defined in the 'herbicideProductData' table in '.../sgr_data/data'"
1989,MANANG_S10.1_BUFFER_R2,"('name',)",value_error,"Value error, Herbicide product Paraquat 250 must be defined in the 'herbicideProductData' table in '.../sgr_data/data'"
1990,MANANG_S10.1_P1231_R2,"('name',)",value_error,"Value error, Herbicide product Paraquat 250 must be defined in the 'herbicideProductData' table in '.../sgr_data/data'"
1991,MANANG_S10.1_BUFFER_R2,"('name',)",value_error,"Value error, Herbicide product Paraquat 250 must be defined in the 'herbicideProductData' table in '.../sgr_data/data'"
1992,MANANG_S8.2_BUFFER_R2,"('name',)",value_error,"Value error, Herbicide product Paraquat 250 must be defined in the 'herbicideProductData' table in '.../sgr_data/data'"
1993,MANANG_S8.2_P3123_R2,"('name',)",value_error,"Value error, Herbicide product Paraquat 250 must be defined in the 'herbicideProductData' table in '.../sgr_data/data'"
1994,MANANG_S8.2_BUFFER_R2,"('name',)",value_error,"Value error, Herbicide product Paraquat 250 must be defined in the 'herbicideProductData' table in '.../sgr_data/data'"
1995,MANANG_S3_BUFFER_R2,"('name',)",value_error,"Value error, Herbicide product Paraquat 250 must be defined in the 'herbicideProductData' table in '.../sgr_data/data'"
1996,MANANG_S3_P1231_R2,"('name',)",value_error,"Value error, Herbicide product Paraquat 250 must be defined in the 'herbicideProductData' table in '.../sgr_data/data'"
1997,MANANG_S3_BUFFER_R2,"('name',)",value_error,"Value error, Herbicide product Paraquat 250 must be defined in the 'herbicideProductData' table in '.../sgr_data/data'"
1998,MANANG_S1.2_BUFFER_R2,"('name',)",value_error,"Value error, Herbicide product Paraquat 250 must be defined in the 'herbicideProductData' table in '.../sgr_data/data'"
1999,MANANG_S1.2_P1231_R2,"('name',)",value_error,"Value error, Herbicide product Paraquat 250 must be defined in the 'herbicideProductData' table in '.../sgr_data/data'"
2000,MANANG_S1.2_BUFFER_R2,"('name',)",value_error,"Value error, Herbicide product Paraquat 250 must be defined in the 'herbicideProductData' table in '.../sgr_data/data'"
2001,MANANG_S1.3_BUFFER_R2,"('name',)",value_error,"Value error, Herbicide product Paraquat 250 must be defined in the 'herbicideProductData' table in '.../sgr_data/data'"
2002,MANANG_S1.3_P1231_R2,"('name',)",value_error,"Value error, Herbicide product Paraquat 250 must be defined in the 'herbicideProductData' table in '.../sgr_data/data'"
2003,MANANG_S1.3_BUFFER_R2,"('name',)",value_error,"Value error, Herbicide product Paraquat 250 must be defined in the 'herbicideProductData' table in '.../sgr_data/data'"
2004,MANANG_S2_BUFFER_R2,"('name',)",value_error,"Value error, Herbicide product Paraquat 250 must be defined in the 'herbicideProductData' table in '.../sgr_data/data'"
2005,MANANG_S2_P2121_R2,"('name',)",value_error,"Value error, Herbicide product Paraquat 250 must be defined in the 'herbicideProductData' table in '.../sgr_data/data'"
2006,MANANG_S2_BUFFER_R2,"('name',)",value_error,"Value error, Herbicide product Paraquat 250 must be defined in the 'herbicideProductData' table in '.../sgr_data/data'"
2007,MANANG_S5_BUFFER_R2,"('name',)",value_error,"Value error, Herbicide product Paraquat 250 must be defined in the 'herbicideProductData' table in '.../sgr_data/data'"
2008,MANANG_S5_P3412_R2,"('name',)",value_error,"Value error, Herbicide product Paraquat 250 must be defined in the 'herbicideProductData' table in '.../sgr_data/data'"
2009,MANANG_S5_BUFFER_R2,"('name',)",value_error,"Value error, Herbicide product Paraquat 250 must be defined in the 'herbicideProductData' table in '.../sgr_data/data'"
2010,MANANG_S7_BUFFER_R2,"('name',)",value_error,"Value error, Herbicide product Paraquat 250 must be defined in the 'herbicideProductData' table in '.../sgr_data/data'"
2011,MANANG_S7_P1231_R2,"('name',)",value_error,"Value error, Herbicide product Paraquat 250 must be defined in the 'herbicideProductData' table in '.../sgr_data/data'"
2012,MANANG_S7_BUFFER_R2,"('name',)",value_error,"Value error, Herbicide product Paraquat 250 must be defined in the 'herbicideProductData' table in '.../sgr_data/data'"
2013,MANANG_S5_BUFFER_R2,"('name',)",value_error,"Value error, Herbicide product Paraquat 250 must be defined in the 'herbicideProductData' table in '.../sgr_data/data'"
2014,MANANG_S5_P4123_R2,"('name',)",value_error,"Value error, Herbicide product Paraquat 250 must be defined in the 'herbicideProductData' table in '.../sgr_data/data'"
2015,MANANG_S5_BUFFER_R2,"('name',)",value_error,"Value error, Herbicide product Paraquat 250 must be defined in the 'herbicideProductData' table in '.../sgr_data/data'"
2016,MANANG_S10.2_BUFFER_R2,"('name',)",value_error,"Value error, Herbicide product Paraquat 250 must be defined in the 'herbicideProductData' table in '.../sgr_data/data'"
2017,MANANG_S10.2_P2312_R2,"('name',)",value_error,"Value error, Herbicide product Paraquat 250 must be defined in the 'herbicideProductData' table in '.../sgr_data/data'"
2018,MANANG_S10.2_BUFFER_R2,"('name',)",value_error,"Value error, Herbicide product Paraquat 250 must be defined in the 'herbicideProductData' table in '.../sgr_data/data'"
2019,MANANG_S9_BUFFER_R2,"('name',)",value_error,"Value error, Herbicide product Paraquat 250 must be defined in the 'herbicideProductData' table in '.../sgr_data/data'"
2020,MANANG_S9_P1231_R2,"('name',)",value_error,"Value error, Herbicide product Paraquat 250 must be defined in the 'herbicideProductData' table in '.../sgr_data/data'"
2021,MANANG_S9_BUFFER_R2,"('name',)",value_error,"Value error, Herbicide product Paraquat 250 must be defined in the 'herbicideProductData' table in '.../sgr_data/data'"
2022,MANANG_S4_BUFFER_R2,"('name',)",value_error,"Value error, Herbicide product Paraquat 250 must be defined in the 'herbicideProductData' table in '.../sgr_data/data'"
2023,MANANG_S4_P2341_R2,"('name',)",value_error,"Value error, Herbicide product Paraquat 250 must be defined in the 'herbicideProductData' table in '.../sgr_data/data'"
2024,MANANG_S4_BUFFER_R2,"('name',)",value_error,"Value error, Herbicide product Paraquat 250 must be defined in the 'herbicideProductData' table in '.../sgr_data/data'"
2025,MANANG_S10.2_BUFFER_R2,"('name',)",value_error,"Value error, Herbicide product Paraquat 250 must be defined in the 'herbicideProductData' table in '.../sgr_data/data'"
2026,MANANG_S10.2_P3123_R2,"('name',)",value_error,"Value error, Herbicide product Paraquat 250 must be defined in the 'herbicideProductData' table in '.../sgr_data/data'"
2027,MANANG_S10.2_BUFFER_R2,"('name',)",value_error,"Value error, Herbicide product Paraquat 250 must be defined in the 'herbicideProductData' table in '.../sgr_data/data'"
2028,MANANG_S10.2_P1231_R2,"('name',)",value_error,"Value error, Herbicide product Paraquat 250 must be defined in the 'herbicideProductData' table in '.../sgr_data/data'"
2029,MANANG_S10.2_BUFFER_R2,"('name',)",value_error,"Value error, Herbicide product Paraquat 250 must be defined in the 'herbicideProductData' table in '.../sgr_data/data'"
2030,MANANG_S11_BUFFER_R2,"('name',)",value_error,"Value error, Herbicide product Paraquat 250 must be defined in the 'herbicideProductData' table in '.../sgr_data/data'"
2031,MANANG_S11_P1212_R2,"('name',)",value_error,"Value error, Herbicide product Paraquat 250 must be defined in the 'herbicideProductData' table in '.../sgr_data/data'"
2032,MANANG_S11_BUFFER_R2,"('name',)",value_error,"Value error, Herbicide product Paraquat 250 must be defined in the 'herbicideProductData' table in '.../sgr_data/data'"
2033,MANANG_S10.2_BUFFER_R3,"('name',)",value_error,"Value error, Herbicide product Paraquat 250 must be defined in the 'herbicideProductData' table in '.../sgr_data/data'"
2034,MANANG_S10.2_P1231_R3,"('name',)",value_error,"Value error, Herbicide product Paraquat 250 must be defined in the 'herbicideProductData' table in '.../sgr_data/data'"
2035,MANANG_S10.2_BUFFER_R3,"('name',)",value_error,"Value error, Herbicide product Paraquat 250 must be defined in the 'herbicideProductData' table in '.../sgr_data/data'"
2036,MANANG_S8.1_BUFFER_R3,"('name',)",value_error,"Value error, Herbicide product Paraquat 250 must be defined in the 'herbicideProductData' table in '.../sgr_data/data'"
2037,MANANG_S8.1_P2312_R3,"('name',)",value_error,"Value error, Herbicide product Paraquat 250 must be defined in the 'herbicideProductData' table in '.../sgr_data/data'"
2038,MANANG_S8.1_BUFFER_R3,"('name',)",value_error,"Value error, Herbicide product Paraquat 250 must be defined in the 'herbicideProductData' table in '.../sgr_data/data'"
2039,MANANG_S7_BUFFER_R3,"('name',)",value_error,"Value error, Herbicide product Paraquat 250 must be defined in the 'herbicideProductData' table in '.../sgr_data/data'"
2040,MANANG_S7_P2312_R3,"('name',)",value_error,"Value error, Herbicide product Paraquat 250 must be defined in the 'herbicideProductData' table in '.../sgr_data/data'"
2041,MANANG_S7_BUFFER_R3,"('name',)",value_error,"Value error, Herbicide product Paraquat 250 must be defined in the 'herbicideProductData' table in '.../sgr_data/data'"
2042,MANANG_S5_BUFFER_R3,"('name',)",value_error,"Value error, Herbicide product Paraquat 250 must be defined in the 'herbicideProductData' table in '.../sgr_data/data'"
2043,MANANG_S5_P1234_R3,"('name',)",value_error,"Value error, Herbicide product Paraquat 250 must be defined in the 'herbicideProductData' table in '.../sgr_data/data'"
2044,MANANG_S5_BUFFER_R3,"('name',)",value_error,"Value error, Herbicide product Paraquat 250 must be defined in the 'herbicideProductData' table in '.../sgr_data/data'"
2045,MANANG_S1.1_BUFFER_R3,"('name',)",value_error,"Value error, Herbicide product Paraquat 250 must be defined in the 'herbicideProductData' table in '.../sgr_data/data'"
2046,MANANG_S1.1_P2312_R3,"('name',)",value_error,"Value error, Herbicide product Paraquat 250 must be defined in the 'herbicideProductData' table in '.../sgr_data/data'"
2047,MANANG_S1.1_BUFFER_R3,"('name',)",value_error,"Value error, Herbicide product Paraquat 250 must be defined in the 'herbicideProductData' table in '.../sgr_data/data'"
2048,MANANG_S12_BUFFER_R3,"('name',)",value_error,"Value error, Herbicide product Paraquat 250 must be defined in the 'herbicideProductData' table in '.../sgr_data/data'"
2049,MANANG_S12_P0000_R7,"('name',)",value_error,"Value error, Herbicide product Paraquat 250 must be defined in the 'herbicideProductData' table in '.../sgr_data/data'"
2050,MANANG_S12_BUFFER_R3,"('name',)",value_error,"Value error, Herbicide product Paraquat 250 must be defined in the 'herbicideProductData' table in '.../sgr_data/data'"
2051,MANANG_S4_BUFFER_R3,"('name',)",value_error,"Value error, Herbicide product Paraquat 250 must be defined in the 'herbicideProductData' table in '.../sgr_data/data'"
2052,MANANG_S4_P2341_R3,"('name',)",value_error,"Value error, Herbicide product Paraquat 250 must be defined in the 'herbicideProductData' table in '.../sgr_data/data'"
2053,MANANG_S4_BUFFER_R3,"('name',)",value_error,"Value error, Herbicide product Paraquat 250 must be defined in the 'herbicideProductData' table in '.../sgr_data/data'"
2054,MANANG_S11_BUFFER_R3,"('name',)",value_error,"Value error, Herbicide product Paraquat 250 must be defined in the 'herbicideProductData' table in '.../sgr_data/data'"
2055,MANANG_S11_P1212_R3,"('name',)",value_error,"Value error, Herbicide product Paraquat 250 must be defined in the 'herbicideProductData' table in '.../sgr_data/data'"
2056,MANANG_S11_BUFFER_R3,"('name',)",value_error,"Value error, Herbicide product Paraquat 250 must be defined in the 'herbicideProductData' table in '.../sgr_data/data'"
2057,MANANG_S9_BUFFER_R3,"('name',)",value_error,"Value error, Herbicide product Paraquat 250 must be defined in the 'herbicideProductData' table in '.../sgr_data/data'"
2058,MANANG_S9_P3123_R3,"('name',)",value_error,"Value error, Herbicide product Paraquat 250 must be defined in the 'herbicideProductData' table in '.../sgr_data/data'"
2059,MANANG_S9_BUFFER_R3,"('name',)",value_error,"Value error, Herbicide product Paraquat 250 must be defined in the 'herbicideProductData' table in '.../sgr_data/data'"
2060,MANANG_S1.1_BUFFER_R3,"('name',)",value_error,"Value error, Herbicide product Paraquat 250 must be defined in the 'herbicideProductData' table in '.../sgr_data/data'"
2061,MANANG_S1.1_P1231_R3,"('name',)",value_error,"Value error, Herbicide product Paraquat 250 must be defined in the 'herbicideProductData' table in '.../sgr_data/data'"
2062,MANANG_S1.1_BUFFER_R3,"('name',)",value_error,"Value error, Herbicide product Paraquat 250 must be defined in the 'herbicideProductData' table in '.../sgr_data/data'"
2063,MANANG_S10.2_BUFFER_R3,"('name',)",value_error,"Value error, Herbicide product Paraquat 250 must be defined in the 'herbicideProductData' table in '.../sgr_data/data'"
2064,MANANG_S10.2_P2312_R3,"('name',)",value_error,"Value error, Herbicide product Paraquat 250 must be defined in the 'herbicideProductData' table in '.../sgr_data/data'"
2065,MANANG_S10.2_BUFFER_R3,"('name',)",value_error,"Value error, Herbicide product Paraquat 250 must be defined in the 'herbicideProductData' table in '.../sgr_data/data'"
2066,MANANG_S10.2_P3123_R3,"('name',)",value_error,"Value error, Herbicide product Paraquat 250 must be defined in the 'herbicideProductData' table in '.../sgr_data/data'"
2067,MANANG_S10.2_BUFFER_R3,"('name',)",value_error,"Value error, Herbicide product Paraquat 250 must be defined in the 'herbicideProductData' table in '.../sgr_data/data'"
2068,MANANG_S12_BUFFER_R3,"('name',)",value_error,"Value error, Herbicide product Paraquat 250 must be defined in the 'herbicideProductData' table in '.../sgr_data/data'"
2069,MANANG_S12_P0000_R8,"('name',)",value_error,"Value error, Herbicide product Paraquat 250 must be defined in the 'herbicideProductData' table in '.../sgr_data/data'"
2070,MANANG_S12_BUFFER_R3,"('name',)",value_error,"Value error, Herbicide product Paraquat 250 must be defined in the 'herbicideProductData' table in '.../sgr_data/data'"
2071,MANANG_S10.1_BUFFER_R3,"('name',)",value_error,"Value error, Herbicide product Paraquat 250 must be defined in the 'herbicideProductData' table in '.../sgr_data/data'"
2072,MANANG_S10.1_P3123_R3,"('name',)",value_error,"Value error, Herbicide product Paraquat 250 must be defined in the 'herbicideProductData' table in '.../sgr_data/data'"
2073,MANANG_S10.1_BUFFER_R3,"('name',)",value_error,"Value error, Herbicide product Paraquat 250 must be defined in the 'herbicideProductData' table in '.../sgr_data/data'"
2074,MANANG_S1.3_BUFFER_R3,"('name',)",value_error,"Value error, Herbicide product Paraquat 250 must be defined in the 'herbicideProductData' table in '.../sgr_data/data'"
2075,MANANG_S1.3_P1231_R3,"('name',)",value_error,"Value error, Herbicide product Paraquat 250 must be defined in the 'herbicideProductData' table in '.../sgr_data/data'"
2076,MANANG_S1.3_BUFFER_R3,"('name',)",value_error,"Value error, Herbicide product Paraquat 250 must be defined in the 'herbicideProductData' table in '.../sgr_data/data'"
2077,MANANG_S1.1_BUFFER_R3,"('name',)",value_error,"Value error, Herbicide product Paraquat 250 must be defined in the 'herbicideProductData' table in '.../sgr_data/data'"
2078,MANANG_S1.1_P3123_R3,"('name',)",value_error,"Value error, Herbicide product Paraquat 250 must be defined in the 'herbicideProductData' table in '.../sgr_data/data'"
2079,MANANG_S1.1_BUFFER_R3,"('name',)",value_error,"Value error, Herbicide product Paraquat 250 must be defined in the 'herbicideProductData' table in '.../sgr_data/data'"
2080,MANANG_S4_BUFFER_R3,"('name',)",value_error,"Value error, Herbicide product Paraquat 250 must be defined in the 'herbicideProductData' table in '.../sgr_data/data'"
2081,MANANG_S4_P3412_R3,"('name',)",value_error,"Value error, Herbicide product Paraquat 250 must be defined in the 'herbicideProductData' table in '.../sgr_data/data'"
2082,MANANG_S4_BUFFER_R3,"('name',)",value_error,"Value error, Herbicide product Paraquat 250 must be defined in the 'herbicideProductData' table in '.../sgr_data/data'"
2083,MANANG_S6_BUFFER_R3,"('name',)",value_error,"Value error, Herbicide product Paraquat 250 must be defined in the 'herbicideProductData' table in '.../sgr_data/data'"
2084,MANANG_S6_P1111_R5,"('name',)",value_error,"Value error, Herbicide product Paraquat 250 must be defined in the 'herbicideProductData' table in '.../sgr_data/data'"
2085,MANANG_S6_BUFFER_R3,"('name',)",value_error,"Value error, Herbicide product Paraquat 250 must be defined in the 'herbicideProductData' table in '.../sgr_data/data'"
2086,MANANG_S3_BUFFER_R3,"('name',)",value_error,"Value error, Herbicide product Paraquat 250 must be defined in the 'herbicideProductData' table in '.../sgr_data/data'"
2087,MANANG_S3_P3123_R3,"('name',)",value_error,"Value error, Herbicide product Paraquat 250 must be defined in the 'herbicideProductData' table in '.../sgr_data/data'"
2088,MANANG_S3_BUFFER_R3,"('name',)",value_error,"Value error, Herbicide product Paraquat 250 must be defined in the 'herbicideProductData' table in '.../sgr_data/data'"
2089,MANANG_S8.2_BUFFER_R3,"('name',)",value_error,"Value error, Herbicide product Paraquat 250 must be defined in the 'herbicideProductData' table in '.../sgr_data/data'"
2090,MANANG_S8.2_P2312_R3,"('name',)",value_error,"Value error, Herbicide product Paraquat 250 must be defined in the 'herbicideProductData' table in '.../sgr_data/data'"
2091,MANANG_S8.2_BUFFER_R3,"('name',)",value_error,"Value error, Herbicide product Paraquat 250 must be defined in the 'herbicideProductData' table in '.../sgr_data/data'"
2092,MANANG_S8.2_P1231_R3,"('name',)",value_error,"Value error, Herbicide product Paraquat 250 must be defined in the 'herbicideProductData' table in '.../sgr_data/data'"
2093,MANANG_S8.2_BUFFER_R3,"('name',)",value_error,"Value error, Herbicide product Paraquat 250 must be defined in the 'herbicideProductData' table in '.../sgr_data/data'"
2094,MANANG_S12_BUFFER_R3,"('name',)",value_error,"Value error, Herbicide product Paraquat 250 must be defined in the 'herbicideProductData' table in '.../sgr_data/data'"
2095,MANANG_S12_P0000_R9,"('name',)",value_error,"Value error, Herbicide product Paraquat 250 must be defined in the 'herbicideProductData' table in '.../sgr_data/data'"
2096,MANANG_S12_BUFFER_R3,"('name',)",value_error,"Value error, Herbicide product Paraquat 250 must be defined in the 'herbicideProductData' table in '.../sgr_data/data'"
2097,MANANG_S6_BUFFER_R3,"('name',)",value_error,"Value error, Herbicide product Paraquat 250 must be defined in the 'herbicideProductData' table in '.../sgr_data/data'"
2098,MANANG_S6_P1111_R6,"('name',)",value_error,"Value error, Herbicide product Paraquat 250 must be defined in the 'herbicideProductData' table in '.../sgr_data/data'"
2099,MANANG_S6_BUFFER_R3,"('name',)",value_error,"Value error, Herbicide product Paraquat 250 must be defined in the 'herbicideProductData' table in '.../sgr_data/data'"
2100,MANANG_S5_BUFFER_R3,"('name',)",value_error,"Value error, Herbicide product Paraquat 250 must be defined in the 'herbicideProductData' table in '.../sgr_data/data'"
2101,MANANG_S5_P4123_R3,"('name',)",value_error,"Value error, Herbicide product Paraquat 250 must be defined in the 'herbicideProductData' table in '.../sgr_data/data'"
2102,MANANG_S5_BUFFER_R3,"('name',)",value_error,"Value error, Herbicide product Paraquat 250 must be defined in the 'herbicideProductData' table in '.../sgr_data/data'"
2103,MANANG_S1.3_BUFFER_R3,"('name',)",value_error,"Value error, Herbicide product Paraquat 250 must be defined in the 'herbicideProductData' table in '.../sgr_data/data'"
2104,MANANG_S1.3_P3123_R3,"('name',)",value_error,"Value error, Herbicide product Paraquat 250 must be defined in the 'herbicideProductData' table in '.../sgr_data/data'"
2105,MANANG_S1.3_BUFFER_R3,"('name',)",value_error,"Value error, Herbicide product Paraquat 250 must be defined in the 'herbicideProductData' table in '.../sgr_data/data'"
2106,MANANG_S5_BUFFER_R3,"('name',)",value_error,"Value error, Herbicide product Paraquat 250 must be defined in the 'herbicideProductData' table in '.../sgr_data/data'"
2107,MANANG_S5_P2341_R3,"('name',)",value_error,"Value error, Herbicide product Paraquat 250 must be defined in the 'herbicideProductData' table in '.../sgr_data/data'"
2108,MANANG_S5_BUFFER_R3,"('name',)",value_error,"Value error, Herbicide product Paraquat 250 must be defined in the 'herbicideProductData' table in '.../sgr_data/data'"
2109,MANANG_S13_BUFFER_R3,"('name',)",value_error,"Value error, Herbicide product Paraquat 250 must be defined in the 'herbicideProductData' table in '.../sgr_data/data'"
2110,MANANG_S13_P0000_R7,"('name',)",value_error,"Value error, Herbicide product Paraquat 250 must be defined in the 'herbicideProductData' table in '.../sgr_data/data'"
2111,MANANG_S13_BUFFER_R3,"('name',)",value_error,"Value error, Herbicide product Paraquat 250 must be defined in the 'herbicideProductData' table in '.../sgr_data/data'"
2112,MANANG_S9_BUFFER_R3,"('name',)",value_error,"Value error, Herbicide product Paraquat 250 must be defined in the 'herbicideProductData' table in '.../sgr_data/data'"
2113,MANANG_S9_P1231_R3,"('name',)",value_error,"Value error, Herbicide product Paraquat 250 must be defined in the 'herbicideProductData' table in '.../sgr_data/data'"
2114,MANANG_S9_BUFFER_R3,"('name',)",value_error,"Value error, Herbicide product Paraquat 250 must be defined in the 'herbicideProductData' table in '.../sgr_data/data'"
2115,MANANG_S7_BUFFER_R3,"('name',)",value_error,"Value error, Herbicide product Paraquat 250 must be defined in the 'herbicideProductData' table in '.../sgr_data/data'"
2116,MANANG_S7_P1231_R3,"('name',)",value_error,"Value error, Herbicide product Paraquat 250 must be defined in the 'herbicideProductData' table in '.../sgr_data/data'"
2117,MANANG_S7_BUFFER_R3,"('name',)",value_error,"Value error, Herbicide product Paraquat 250 must be defined in the 'herbicideProductData' table in '.../sgr_data/data'"
2118,MANANG_S9_BUFFER_R3,"('name',)",value_error,"Value error, Herbicide product Paraquat 250 must be defined in the 'herbicideProductData' table in '.../sgr_data/data'"
2119,MANANG_S9_P2312_R3,"('name',)",value_error,"Value error, Herbicide product Paraquat 250 must be defined in the 'herbicideProductData' table in '.../sgr_data/data'"
2120,MANANG_S9_BUFFER_R3,"('name',)",value_error,"Value error, Herbicide product Paraquat 250 must be defined in the 'herbicideProductData' table in '.../sgr_data/data'"
2121,MANANG_S5_BUFFER_R3,"('name',)",value_error,"Value error, Herbicide product Paraquat 250 must be defined in the 'herbicideProductData' table in '.../sgr_data/data'"
2122,MANANG_S5_P3412_R3,"('name',)",value_error,"Value error, Herbicide product Paraquat 250 must be defined in the 'herbicideProductData' table in '.../sgr_data/data'"
2123,MANANG_S5_BUFFER_R3,"('name',)",value_error,"Value error, Herbicide product Paraquat 250 must be defined in the 'herbicideProductData' table in '.../sgr_data/data'"
2124,MANANG_S1.2_BUFFER_R3,"('name',)",value_error,"Value error, Herbicide product Paraquat 250 must be defined in the 'herbicideProductData' table in '.../sgr_data/data'"
2125,MANANG_S1.2_P3123_R3,"('name',)",value_error,"Value error, Herbicide product Paraquat 250 must be defined in the 'herbicideProductData' table in '.../sgr_data/data'"
2126,MANANG_S1.2_BUFFER_R3,"('name',)",value_error,"Value error, Herbicide product Paraquat 250 must be defined in the 'herbicideProductData' table in '.../sgr_data/data'"
2127,MANANG_S1.2_P1231_R3,"('name',)",value_error,"Value error, Herbicide product Paraquat 250 must be defined in the 'herbicideProductData' table in '.../sgr_data/data'"
2128,MANANG_S1.2_BUFFER_R3,"('name',)",value_error,"Value error, Herbicide product Paraquat 250 must be defined in the 'herbicideProductData' table in '.../sgr_data/data'"
2129,MANANG_S8.1_BUFFER_R3,"('name',)",value_error,"Value error, Herbicide product Paraquat 250 must be defined in the 'herbicideProductData' table in '.../sgr_data/data'"
2130,MANANG_S8.1_P1231_R3,"('name',)",value_error,"Value error, Herbicide product Paraquat 250 must be defined in the 'herbicideProductData' table in '.../sgr_data/data'"
2131,MANANG_S8.1_BUFFER_R3,"('name',)",value_error,"Value error, Herbicide product Paraquat 250 must be defined in the 'herbicideProductData' table in '.../sgr_data/data'"
2132,MANANG_S8.2_BUFFER_R3,"('name',)",value_error,"Value error, Herbicide product Paraquat 250 must be defined in the 'herbicideProductData' table in '.../sgr_data/data'"
2133,MANANG_S8.2_P3123_R3,"('name',)",value_error,"Value error, Herbicide product Paraquat 250 must be defined in the 'herbicideProductData' table in '.../sgr_data/data'"
2134,MANANG_S8.2_BUFFER_R3,"('name',)",value_error,"Value error, Herbicide product Paraquat 250 must be defined in the 'herbicideProductData' table in '.../sgr_data/data'"
2135,MANANG_S1.2_BUFFER_R3,"('name',)",value_error,"Value error, Herbicide product Paraquat 250 must be defined in the 'herbicideProductData' table in '.../sgr_data/data'"
2136,MANANG_S1.2_P2312_R3,"('name',)",value_error,"Value error, Herbicide product Paraquat 250 must be defined in the 'herbicideProductData' table in '.../sgr_data/data'"
2137,MANANG_S1.2_BUFFER_R3,"('name',)",value_error,"Value error, Herbicide product Paraquat 250 must be defined in the 'herbicideProductData' table in '.../sgr_data/data'"
2138,MANANG_S2_BUFFER_R3,"('name',)",value_error,"Value error, Herbicide product Paraquat 250 must be defined in the 'herbicideProductData' table in '.../sgr_data/data'"
2139,MANANG_S2_P1212_R3,"('name',)",value_error,"Value error, Herbicide product Paraquat 250 must be defined in the 'herbicideProductData' table in '.../sgr_data/data'"
2140,MANANG_S2_BUFFER_R3,"('name',)",value_error,"Value error, Herbicide product Paraquat 250 must be defined in the 'herbicideProductData' table in '.../sgr_data/data'"
2141,MANANG_S7_BUFFER_R3,"('name',)",value_error,"Value error, Herbicide product Paraquat 250 must be defined in the 'herbicideProductData' table in '.../sgr_data/data'"
2142,MANANG_S7_P3123_R3,"('name',)",value_error,"Value error, Herbicide product Paraquat 250 must be defined in the 'herbicideProductData' table in '.../sgr_data/data'"
2143,MANANG_S7_BUFFER_R3,"('name',)",value_error,"Value error, Herbicide product Paraquat 250 must be defined in the 'herbicideProductData' table in '.../sgr_data/data'"
2144,MANANG_S4_BUFFER_R3,"('name',)",value_error,"Value error, Herbicide product Paraquat 250 must be defined in the 'herbicideProductData' table in '.../sgr_data/data'"
2145,MANANG_S4_P1234_R3,"('name',)",value_error,"Value error, Herbicide product Paraquat 250 must be defined in the 'herbicideProductData' table in '.../sgr_data/data'"
2146,MANANG_S4_BUFFER_R3,"('name',)",value_error,"Value error, Herbicide product Paraquat 250 must be defined in the 'herbicideProductData' table in '.../sgr_data/data'"
2147,MANANG_S13_BUFFER_R3,"('name',)",value_error,"Value error, Herbicide product Paraquat 250 must be defined in the 'herbicideProductData' table in '.../sgr_data/data'"
2148,MANANG_S13_P0000_R8,"('name',)",value_error,"Value error, Herbicide product Paraquat 250 must be defined in the 'herbicideProductData' table in '.../sgr_data/data'"
2149,MANANG_S13_BUFFER_R3,"('name',)",value_error,"Value error, Herbicide product Paraquat 250 must be defined in the 'herbicideProductData' table in '.../sgr_data/data'"
2150,MANANG_S2_BUFFER_R3,"('name',)",value_error,"Value error, Herbicide product Paraquat 250 must be defined in the 'herbicideProductData' table in '.../sgr_data/data'"
2151,MANANG_S2_P2121_R3,"('name',)",value_error,"Value error, Herbicide product Paraquat 250 must be defined in the 'herbicideProductData' table in '.../sgr_data/data'"
2152,MANANG_S2_BUFFER_R3,"('name',)",value_error,"Value error, Herbicide product Paraquat 250 must be defined in the 'herbicideProductData' table in '.../sgr_data/data'"
2153,MANANG_S10.1_BUFFER_R3,"('name',)",value_error,"Value error, Herbicide product Paraquat 250 must be defined in the 'herbicideProductData' table in '.../sgr_data/data'"
2154,MANANG_S10.1_P1231_R3,"('name',)",value_error,"Value error, Herbicide product Paraquat 250 must be defined in the 'herbicideProductData' table in '.../sgr_data/data'"
2155,MANANG_S10.1_BUFFER_R3,"('name',)",value_error,"Value error, Herbicide product Paraquat 250 must be defined in the 'herbicideProductData' table in '.../sgr_data/data'"
2156,MANANG_S1.3_BUFFER_R3,"('name',)",value_error,"Value error, Herbicide product Paraquat 250 must be defined in the 'herbicideProductData' table in '.../sgr_data/data'"
2157,MANANG_S1.3_P2312_R3,"('name',)",value_error,"Value error, Herbicide product Paraquat 250 must be defined in the 'herbicideProductData' table in '.../sgr_data/data'"
2158,MANANG_S1.3_BUFFER_R3,"('name',)",value_error,"Value error, Herbicide product Paraquat 250 must be defined in the 'herbicideProductData' table in '.../sgr_data/data'"
2159,MANANG_S11_BUFFER_R3,"('name',)",value_error,"Value error, Herbicide product Paraquat 250 must be defined in the 'herbicideProductData' table in '.../sgr_data/data'"
2160,MANANG_S11_P2121_R3,"('name',)",value_error,"Value error, Herbicide product Paraquat 250 must be defined in the 'herbicideProductData' table in '.../sgr_data/data'"
2161,MANANG_S11_BUFFER_R3,"('name',)",value_error,"Value error, Herbicide product Paraquat 250 must be defined in the 'herbicideProductData' table in '.../sgr_data/data'"
2162,MANANG_S3_BUFFER_R3,"('name',)",value_error,"Value error, Herbicide product Paraquat 250 must be defined in the 'herbicideProductData' table in '.../sgr_data/data'"
2163,MANANG_S3_P1231_R3,"('name',)",value_error,"Value error, Herbicide product Paraquat 250 must be defined in the 'herbicideProductData' table in '.../sgr_data/data'"
2164,MANANG_S3_BUFFER_R3,"('name',)",value_error,"Value error, Herbicide product Paraquat 250 must be defined in the 'herbicideProductData' table in '.../sgr_data/data'"
2165,MANANG_S3_P2312_R3,"('name',)",value_error,"Value error, Herbicide product Paraquat 250 must be defined in the 'herbicideProductData' table in '.../sgr_data/data'"
2166,MANANG_S3_BUFFER_R3,"('name',)",value_error,"Value error, Herbicide product Paraquat 250 must be defined in the 'herbicideProductData' table in '.../sgr_data/data'"
2167,MANANG_S4_BUFFER_R3,"('name',)",value_error,"Value error, Herbicide product Paraquat 250 must be defined in the 'herbicideProductData' table in '.../sgr_data/data'"
2168,MANANG_S4_P4123_R3,"('name',)",value_error,"Value error, Herbicide product Paraquat 250 must be defined in the 'herbicideProductData' table in '.../sgr_data/data'"
2169,MANANG_S4_BUFFER_R3,"('name',)",value_error,"Value error, Herbicide product Paraquat 250 must be defined in the 'herbicideProductData' table in '.../sgr_data/data'"
2170,MANANG_S13_BUFFER_R3,"('name',)",value_error,"Value error, Herbicide product Paraquat 250 must be defined in the 'herbicideProductData' table in '.../sgr_data/data'"
2171,MANANG_S13_P0000_R9,"('name',)",value_error,"Value error, Herbicide product Paraquat 250 must be defined in the 'herbicideProductData' table in '.../sgr_data/data'"
2172,MANANG_S13_BUFFER_R3,"('name',)",value_error,"Value error, Herbicide product Paraquat 250 must be defined in the 'herbicideProductData' table in '.../sgr_data/data'"
2173,MANANG_S10.1_BUFFER_R3,"('name',)",value_error,"Value error, Herbicide product Paraquat 250 must be defined in the 'herbicideProductData' table in '.../sgr_data/data'"
2174,MANANG_S10.1_P2312_R3,"('name',)",value_error,"Value error, Herbicide product Paraquat 250 must be defined in the 'herbicideProductData' table in '.../sgr_data/data'"
2175,MANANG_S10.1_BUFFER_R3,"('name',)",value_error,"Value error, Herbicide product Paraquat 250 must be defined in the 'herbicideProductData' table in '.../sgr_data/data'"
2176,MANANG_S8.1_BUFFER_R3,"('name',)",value_error,"Value error, Herbicide product Paraquat 250 must be defined in the 'herbicideProductData' table in '.../sgr_data/data'"
2177,MANANG_S8.1_P3123_R3,"('name',)",value_error,"Value error, Herbicide product Paraquat 250 must be defined in the 'herbicideProductData' table in '.../sgr_data/data'"
2178,MANANG_S8.1_BUFFER_R3,"('name',)",value_error,"Value error, Herbicide product Paraquat 250 must be defined in the 'herbicideProductData' table in '.../sgr_data/data'"
