,site,plot,year,crop_sequence,operational_costs_dollars,material_input_costs_dollars,crop_1_name,crop_2_name,crop_3_name,crop_1_yield,crop_2_yield,crop_3_yield,plot_revenue_dollars,plot_gross_margin_dollars
0,streatham,STREATHAM_S1.2_P1212_R3,2023,1,307.0,1275.4,canola,NA,NA,3797.0,NA,NA,2361.734,779.3339999999998
1,streatham,STREATHAM_S1.2_P1212_R3,2024,2,240.0,861.0076,Wheat,NA,NA,2595.766129,0.0,NA,856.6028225700001,-244.40477742999997
2,streatham,STREATHAM_S6.2_P1231_R1,2023,1,226.5,961.9,balansa clover,balansa clover,chicory ,0.0,NA,NA,0.0,-1188.4
3,streatham,STREATHAM_S6.2_P1231_R1,2024,2,226.5,958.3714365942029,Canola,NA,NA,2093.15376,0.0,NA,1301.94163872,117.07020212579698
4,streatham,STREATHAM_S4_P1231_R3,2023,1,248.5,994.926,wheat,vetch ,NA,0.0,0.0,NA,0.0,-1243.426
5,streatham,STREATHAM_S4_P1231_R3,2024,2,215.5,805.4104510869565,Canola,NA,NA,2858.982975,0.0,NA,1778.28741045,757.3769593630434
6,streatham,STREATHAM_S13_P0000_R8,2023,1,226.5,961.9,Perennial ryegrass,sub clover,NA,0.0,NA,NA,0.0,-1188.4
7,streatham,STREATHAM_S13_P0000_R7,2023,1,226.5,961.9,Perennial ryegrass,sub clover,NA,0.0,NA,NA,0.0,-1188.4
8,streatham,STREATHAM_S5_P3123_R2,2023,1,285.0,1354.4699999999998,barley,NA,NA,6178.0,NA,NA,1841.044,201.5740000000003
9,streatham,STREATHAM_S5_P3123_R2,2024,2,215.5,810.9646539855073,Canola,NA,NA,2786.195286,0.0,NA,1733.013467892,706.5488139064928
10,streatham,STREATHAM_S2.3_P2341_R3,2023,1,279.0,1185.3999999999999,canola,NA,NA,3843.0,NA,NA,2390.346,925.9460000000001
11,streatham,STREATHAM_S2.3_P2341_R3,2024,2,248.5,1078.3927757246377,Wheat,NA,NA,2954.189068,0.0,NA,974.88239244,-352.01038328463767
12,streatham,STREATHAM_S2.3_P4123_R1,2023,1,296.0,1414.8675999999998,wheat,NA,NA,4569.0,NA,NA,1507.77,-203.09759999999983
13,streatham,STREATHAM_S2.3_P4123_R1,2024,2,273.0,932.066,Faba bean,NA,NA,2570.145903,0.0,NA,1387.87878762,182.81278761999988
14,streatham,STREATHAM_S2.3_P3412_R3,2023,1,296.0,1414.8675999999998,wheat,NA,NA,4920.0,NA,NA,1623.6,-87.2675999999999
15,streatham,STREATHAM_S2.3_P3412_R3,2024,2,259.5,1015.9049786231884,Wheat,NA,NA,3648.633513,0.0,NA,1204.04905929,-71.35591933318835
16,streatham,STREATHAM_S2.1_P4123_R1,2023,1,296.0,1352.3675999999998,wheat,NA,NA,5625.0,NA,NA,1856.25,207.8824000000002
17,streatham,STREATHAM_S2.1_P4123_R1,2024,2,240.0,836.633,Faba bean,NA,NA,0.0,0.0,NA,0.0,-1076.633
18,streatham,STREATHAM_S6.1_P1231_R3,2023,1,226.5,961.9,balansa clover,balansa clover,chicory ,0.0,NA,NA,0.0,-1188.4
19,streatham,STREATHAM_S6.1_P1231_R3,2024,2,226.5,925.4431177536233,Canola,NA,NA,2282.146057,0.0,NA,1419.494847454,267.55172970037665
20,streatham,STREATHAM_S12_P0000_R9,2023,1,296.0,1399.8675999999998,wheat,NA,NA,5272.0,NA,NA,1739.76,43.89240000000018
21,streatham,STREATHAM_S2.2_P2341_R3,2023,1,307.0,1275.4,canola,NA,NA,4347.0,NA,NA,2703.834,1121.4339999999997
22,streatham,STREATHAM_S2.2_P2341_R3,2024,2,259.5,1111.250761231884,Wheat,NA,NA,2760.976703,0.0,NA,911.12231199,-459.62844924188414
23,streatham,STREATHAM_S7_P2341_R3,2023,1,226.5,961.9,Perennial ryegrass,sub clover,NA,0.0,NA,NA,0.0,-1188.4
24,streatham,STREATHAM_S7_P2341_R3,2024,2,215.5,815.4328278985507,Canola,NA,NA,1766.913082,0.0,NA,1099.019937004,68.08710910544926
25,streatham,STREATHAM_S6.1_P2312_R3,2023,1,307.0,1275.4,canola,NA,NA,3940.0,NA,NA,2450.68,868.2799999999997
26,streatham,STREATHAM_S6.1_P2312_R3,2024,2,215.5,926.8369873188406,Wheat,NA,NA,2797.379032,0.0,NA,923.13508056,-219.20190675884055
27,streatham,STREATHAM_S5_P2312_R1,2023,1,296.0,1399.8675999999998,wheat,NA,NA,5159.0,NA,NA,1702.47,6.602400000000216
28,streatham,STREATHAM_S5_P2312_R1,2024,2,237.5,911.807277173913,Barley,NA,NA,3049.943883,0.0,NA,908.883277134,-240.42400003991304
29,streatham,STREATHAM_S11_P0000_R8,2023,1,292.5,1225.4225,wheat,barley,faba bean,4686.0,0.0,0.0,1546.92,28.997500000000173
30,streatham,STREATHAM_S5_P3123_R3,2023,1,285.0,1354.4699999999998,barley,NA,NA,5779.0,NA,NA,1722.1419999999998,82.67200000000003
31,streatham,STREATHAM_S5_P3123_R3,2024,2,215.5,810.9646539855073,Canola,NA,NA,3147.401434,0.0,NA,1957.683691948,931.2190379624926
32,streatham,STREATHAM_S2.3_P4123_R2,2023,1,296.0,1414.8675999999998,wheat,NA,NA,4965.0,NA,NA,1638.45,-72.41759999999977
33,streatham,STREATHAM_S2.3_P4123_R2,2024,2,273.0,932.0660000000001,Faba bean,NA,NA,2839.506173,0.0,NA,1533.33333342,328.2673334199998
34,streatham,STREATHAM_S3_P2341_R3,2023,1,296.0,1399.8675999999998,wheat,NA,NA,5905.0,NA,NA,1948.65,252.78240000000028
35,streatham,STREATHAM_S3_P2341_R3,2024,2,215.5,798.0360163043479,Canola,NA,NA,3130.600358,0.0,NA,1947.233422676,933.697406371652
36,streatham,STREATHAM_S4_P2312_R1,2023,1,307.0,1275.4,canola,NA,NA,4239.0,NA,NA,2636.658,1054.2579999999998
37,streatham,STREATHAM_S4_P2312_R1,2024,2,215.5,885.3147844202899,Wheat,NA,NA,1526.37486,0.0,NA,503.7037038,-597.1110806202898
38,streatham,STREATHAM_S5_P2312_R2,2023,1,296.0,1399.8675999999998,wheat,NA,NA,5442.0,NA,NA,1795.86,99.99240000000009
39,streatham,STREATHAM_S5_P2312_R2,2024,2,237.5,911.807277173913,Barley,NA,NA,4789.56229,0.0,NA,1427.2895624199998,277.9822852460868
40,streatham,STREATHAM_S6.2_P2312_R2,2023,1,307.0,1275.4,canola,NA,NA,4130.0,NA,NA,2568.86,986.46
41,streatham,STREATHAM_S6.2_P2312_R2,2024,2,215.5,889.1400597826088,Wheat,NA,NA,2727.272727,0.0,NA,899.99999991,-204.64005987260873
42,streatham,STREATHAM_S8_P3123_R1,2023,1,296.0,1399.8675999999998,wheat,NA,NA,5075.0,NA,NA,1674.75,-21.11759999999981
43,streatham,STREATHAM_S8_P3123_R1,2024,2,207.0,659.3,Vetch,NA,NA,0.0,0.0,NA,0.0,-866.3
44,streatham,STREATHAM_S3_P3412_R1,2023,1,307.0,1275.4,canola,NA,NA,4282.0,NA,NA,2663.404,1081.004
45,streatham,STREATHAM_S3_P3412_R1,2024,2,215.5,859.9486974637681,Wheat,NA,NA,2637.485971,0.0,NA,870.3703704300001,-205.078327033768
46,streatham,STREATHAM_S4_P2312_R2,2023,1,307.0,1275.4,canola,NA,NA,4151.0,NA,NA,2581.922,999.5219999999999
47,streatham,STREATHAM_S4_P2312_R2,2024,2,215.5,885.3147844202899,Wheat,NA,NA,2637.485971,0.0,NA,870.3703704300001,-230.44441399028983
48,streatham,STREATHAM_S3_P1234_R3,2023,1,292.5,1266.3500000000001,faba bean,NA,NA,2944.0,NA,NA,1589.7600000000002,30.910000000000082
49,streatham,STREATHAM_S3_P1234_R3,2024,2,215.5,867.2489583333333,Wheat,NA,NA,4547.491039,0.0,NA,1500.6720428699998,417.92308453666647
50,streatham,STREATHAM_S6.1_P2312_R2,2023,1,307.0,1275.4,canola,NA,NA,4168.0,NA,NA,2592.496,1010.096
51,streatham,STREATHAM_S6.1_P2312_R2,2024,2,215.5,926.8369873188406,Wheat,NA,NA,2558.922559,0.0,NA,844.4444444700001,-297.89254284884043
52,streatham,STREATHAM_S7_P1234_R1,2023,1,226.5,961.9,balansa clover,balansa clover,chicory ,0.0,NA,NA,0.0,-1188.4
53,streatham,STREATHAM_S7_P1234_R1,2024,2,185.0,611.0,Pasture,NA,NA,0.0,0.0,NA,0.0,-796.0
54,streatham,STREATHAM_S6.1_P3123_R1,2023,1,296.0,1399.8675999999998,wheat,NA,NA,5017.0,NA,NA,1655.61,-40.25759999999991
55,streatham,STREATHAM_S6.1_P3123_R1,2024,2,218.0,646.475,Pasture,NA,NA,0.0,0.0,NA,0.0,-864.475
56,streatham,STREATHAM_S12_P0000_R6,2023,1,296.0,1399.8675999999998,wheat,NA,NA,4865.0,NA,NA,1605.45,-90.41759999999977
57,streatham,STREATHAM_S10_P2121_R3,2023,1,257.0,1090.88,wheat ,vetch ,NA,3479.0,0.0,NA,1148.0700000000002,-199.80999999999995
58,streatham,STREATHAM_S10_P2121_R3,2024,2,215.5,819.9151902173915,Canola,Field Pea,NA,1204.077061,761.0887097,NA,1092.1869400167,56.77174979930851
59,streatham,STREATHAM_S5_P2312_R3,2023,1,296.0,1399.8675999999998,wheat,NA,NA,5882.0,NA,NA,1941.06,245.19240000000013
60,streatham,STREATHAM_S5_P2312_R3,2024,2,237.5,911.807277173913,Barley,NA,NA,3875.448029,0.0,NA,1154.883512642,5.576235468086907
61,streatham,STREATHAM_S2.1_P1234_R1,2023,1,292.5,1266.3500000000001,faba bean,NA,NA,2538.0,NA,NA,1370.52,-188.33000000000015
62,streatham,STREATHAM_S2.1_P1234_R1,2024,2,248.5,825.027963768116,Canola,NA,NA,3097.643098,0.0,NA,1926.734006956,853.206043187884
63,streatham,STREATHAM_S8_P2312_R2,2023,1,307.0,1275.4,canola,NA,NA,4494.0,NA,NA,2795.268,1212.868
64,streatham,STREATHAM_S8_P2312_R2,2024,2,215.5,889.8746394927537,Wheat,NA,NA,2828.282828,0.0,NA,933.33333324,-172.04130625275366
65,streatham,STREATHAM_S2.2_P1234_R1,2023,1,292.5,1266.3500000000001,faba bean,NA,NA,2361.0,NA,NA,1274.94,-283.9100000000001
66,streatham,STREATHAM_S2.2_P1234_R1,2024,2,248.5,910.4324655797102,Canola,NA,NA,2918.069585,0.0,NA,1815.03928187,656.1068162902898
67,streatham,STREATHAM_S9.3_P1212_R1,2023,1,276.5,1173.95,canola,field pea,NA,4809.0,0.0,NA,2991.198,1540.7479999999998
68,streatham,STREATHAM_S9.3_P1212_R1,2024,2,215.5,909.8117699275363,Wheat,NA,NA,2494.388328,0.0,NA,823.1481482400001,-302.1636216875362
69,streatham,STREATHAM_S6.1_P1231_R2,2023,1,226.5,961.9,balansa clover,balansa clover,chicory ,0.0,NA,NA,0.0,-1188.4
70,streatham,STREATHAM_S6.1_P1231_R2,2024,2,226.5,925.4431177536233,Canola,NA,NA,2474.747475,0.0,NA,1539.29292945,387.3498116963767
71,streatham,STREATHAM_S4_P1231_R1,2023,1,248.5,994.926,wheat,vetch ,NA,0.0,0.0,NA,0.0,-1243.426
72,streatham,STREATHAM_S4_P1231_R1,2024,2,215.5,805.4104510869565,Canola,NA,NA,2592.592593,0.0,NA,1612.592592846,591.6821417590434
73,streatham,STREATHAM_S8_P1231_R1,2023,1,248.5,994.926,vetch,NA,NA,0.0,NA,NA,0.0,-1243.426
74,streatham,STREATHAM_S8_P1231_R1,2024,2,215.5,767.276393115942,Canola,NA,NA,3103.25477,0.0,NA,1930.22446694,947.4480738240579
75,streatham,STREATHAM_S2.2_P1234_R3,2023,1,292.5,1266.3500000000001,faba bean,NA,NA,1727.0,NA,NA,932.58,-626.2700000000001
76,streatham,STREATHAM_S2.2_P1234_R3,2024,2,248.5,910.4324655797102,Canola,NA,NA,3040.994624,0.0,NA,1891.498656128,732.5661905482898
77,streatham,STREATHAM_S1.2_P2121_R1,2023,1,296.0,1399.8675999999998,wheat,NA,NA,6047.0,NA,NA,1995.51,299.6424000000002
78,streatham,STREATHAM_S1.2_P2121_R1,2024,2,240.0,736.39,Canola,NA,NA,3498.877666,0.0,NA,2176.301908252,1199.911908252
79,streatham,STREATHAM_S13_P0000_R2,2023,1,226.5,961.9,Perennial ryegrass,sub clover,NA,0.0,NA,NA,0.0,-1188.4
80,streatham,STREATHAM_S13_P0000_R2,2024,2,185.0,1833.0,Pasture,NA,NA,0.0,0.0,NA,0.0,-2018.0
81,streatham,STREATHAM_S13_P0000_R6,2023,1,226.5,961.9,Perennial ryegrass,sub clover,NA,0.0,NA,NA,0.0,-1188.4
82,streatham,STREATHAM_S6.1_P2312_R1,2023,1,307.0,1275.4,canola,NA,NA,4326.0,NA,NA,2690.772,1108.3719999999998
83,streatham,STREATHAM_S6.1_P2312_R1,2024,2,215.5,926.8369873188406,Wheat,NA,NA,2023.007856,0.0,NA,667.59259248,-474.74439483884055
84,streatham,STREATHAM_S12_P0000_R1,2023,1,296.0,1399.8675999999998,wheat,NA,NA,4826.0,NA,NA,1592.5800000000002,-103.28759999999966
85,streatham,STREATHAM_S9.1_P2121_R2,2023,1,296.0,1399.8675999999998,wheat,NA,NA,4564.0,NA,NA,1506.12,-189.74759999999992
86,streatham,STREATHAM_S9.1_P2121_R2,2024,2,207.0,654.1,Canola,Field Pea,NA,1907.968575,610.5499439,NA,1462.1144783489,601.0144783489001
87,streatham,STREATHAM_S2.4_P4123_R3,2023,1,296.0,1442.3675999999998,wheat,NA,NA,5641.0,NA,NA,1861.53,123.16240000000016
88,streatham,STREATHAM_S2.4_P4123_R3,2024,2,240.0,836.633,Faba bean,NA,NA,3393.817204,0.0,NA,1832.66129016,756.0282901599999
89,streatham,STREATHAM_S4_P3123_R2,2023,1,296.0,1399.8675999999998,wheat,NA,NA,5320.0,NA,NA,1755.6,59.7324000000001
90,streatham,STREATHAM_S4_P3123_R2,2024,2,196.0,635.0,Wheat,Vetch,NA,4000.0,0.0,NA,0.0,-831.0
91,streatham,STREATHAM_S1.1_P2121_R2,2023,1,296.0,1352.3675999999998,wheat,NA,NA,5500.0,NA,NA,1815.0,166.6324000000002
92,streatham,STREATHAM_S1.1_P2121_R2,2024,2,248.5,852.0550362318841,Canola,NA,NA,3268.799102,0.0,NA,2033.193041444,932.638005212116
93,streatham,STREATHAM_S1.3_P2121_R3,2023,1,296.0,1414.8675999999998,wheat,NA,NA,4361.0,NA,NA,1439.13,-271.7375999999997
94,streatham,STREATHAM_S1.3_P2121_R3,2024,2,262.0,811.5450000000001,Canola,NA,NA,2833.781362,0.0,NA,1762.612007164,689.067007164
95,streatham,STREATHAM_S2.1_P3412_R3,2023,1,296.0,1352.3675999999998,wheat,NA,NA,4877.0,NA,NA,1609.41,-38.95759999999973
96,streatham,STREATHAM_S2.1_P3412_R3,2024,2,259.5,1084.7268101449276,Wheat,NA,NA,3643.033154,0.0,NA,1202.20094082,-142.02586932492773
97,streatham,STREATHAM_S11_P0000_R1,2023,1,292.5,1225.4225,wheat,barley,faba bean,4728.0,0.0,0.0,1560.78,42.85750000000007
98,streatham,STREATHAM_S4_P1231_R2,2023,1,248.5,994.926,wheat,vetch ,NA,0.0,0.0,NA,0.0,-1243.426
99,streatham,STREATHAM_S4_P1231_R2,2024,2,215.5,805.4104510869565,Canola,NA,NA,2909.652076,0.0,NA,1809.803591272,788.8931401850434
100,streatham,STREATHAM_S6.1_P3123_R2,2023,1,296.0,1399.8675999999998,wheat,NA,NA,5212.0,NA,NA,1719.96,24.092400000000225
101,streatham,STREATHAM_S6.1_P3123_R2,2024,2,218.0,646.475,Pasture,NA,NA,0.0,0.0,NA,0.0,-864.475
102,streatham,STREATHAM_S10_P1212_R2,2023,1,276.5,1123.95,canola,field pea,NA,4520.0,0.0,NA,2811.44,1410.99
103,streatham,STREATHAM_S10_P1212_R2,2024,2,193.5,822.5826974637681,Wheat,Vetch,NA,1245.791246,0.0,NA,411.11111118,-604.9715862837681
104,streatham,STREATHAM_S2.2_P4123_R2,2023,1,296.0,1399.8675999999998,wheat,NA,NA,5512.0,NA,NA,1818.96,123.09240000000023
105,streatham,STREATHAM_S2.2_P4123_R2,2024,2,240.0,836.633,Faba bean,NA,NA,3361.391695,0.0,NA,1815.1515153,738.5185153
106,streatham,STREATHAM_S7_P1234_R3,2023,1,226.5,961.9,balansa clover,balansa clover,chicory ,0.0,NA,NA,0.0,-1188.4
107,streatham,STREATHAM_S7_P1234_R3,2024,2,185.0,611.0,Pasture,NA,NA,0.0,0.0,NA,0.0,-796.0
108,streatham,STREATHAM_S9.3_P2121_R3,2023,1,296.0,1399.8675999999998,wheat,NA,NA,5934.0,NA,NA,1958.22,262.3524000000002
109,streatham,STREATHAM_S9.3_P2121_R3,2024,2,215.5,767.4003496376812,Canola,Field Pea,NA,2268.145161,758.2885305,NA,1752.7744173974995,769.8740677598183
110,streatham,STREATHAM_S9.2_P2121_R2,2023,1,296.0,1399.8675999999998,wheat,NA,NA,4875.0,NA,NA,1608.75,-87.11759999999981
111,streatham,STREATHAM_S9.2_P2121_R2,2024,2,215.5,725.0014067028986,Canola,Field Pea,NA,2035.353535,589.2255892,NA,1531.7306394992002,591.2292327963015
112,streatham,STREATHAM_S8_P3123_R2,2023,1,296.0,1399.8675999999998,wheat,NA,NA,5750.0,NA,NA,1897.5,201.6324000000002
113,streatham,STREATHAM_S8_P3123_R2,2024,2,207.0,659.3,Vetch,NA,NA,0.0,0.0,NA,0.0,-866.3
114,streatham,STREATHAM_S1.1_P1212_R2,2023,1,307.0,1225.4,canola,NA,NA,3988.0,NA,NA,2480.536,948.136
115,streatham,STREATHAM_S1.1_P1212_R2,2024,2,248.5,1075.0870130434782,Wheat,NA,NA,2948.933782,0.0,NA,973.14814806,-350.4388649834782
116,streatham,STREATHAM_S2.4_P3412_R1,2023,1,296.0,1442.3675999999998,wheat,NA,NA,5576.0,NA,NA,1840.08,101.71240000000012
117,streatham,STREATHAM_S2.4_P3412_R1,2024,2,259.5,1111.9089351449275,Wheat,NA,NA,2143.65881,0.0,NA,707.4074073,-664.0015278449274
118,streatham,STREATHAM_S1.3_P2121_R2,2023,1,296.0,1414.8675999999998,wheat,NA,NA,4113.0,NA,NA,1357.29,-353.57759999999985
119,streatham,STREATHAM_S1.3_P2121_R2,2024,2,262.0,811.5450000000001,Canola,NA,NA,2457.912458,0.0,NA,1528.821548876,455.2765488759999
120,streatham,STREATHAM_S2.3_P1234_R1,2023,1,270.5,1200.1525,faba bean,NA,NA,2572.0,NA,NA,1388.88,-81.77249999999981
121,streatham,STREATHAM_S2.3_P1234_R1,2023,2,281.5,1000.5082771739131,Canola,NA,NA,2376.54321,0.0,NA,1478.20987662,196.2015994460868
122,streatham,STREATHAM_S2.1_P2341_R2,2023,1,307.0,1225.4,canola,NA,NA,4142.0,NA,NA,2576.324,1043.924
123,streatham,STREATHAM_S2.1_P2341_R2,2024,2,259.5,1077.0797666666667,Wheat,NA,NA,3019.079686,0.0,NA,996.29629638,-340.2834702866668
124,streatham,STREATHAM_S10_P1212_R3,2023,1,276.5,1123.95,canola,field pea,NA,4556.0,0.0,NA,2833.832,1433.3819999999998
125,streatham,STREATHAM_S10_P1212_R3,2024,2,193.5,822.5826974637681,Wheat,Vetch,NA,1125.672043,0.0,NA,371.47177419,-644.6109232737681
126,streatham,STREATHAM_S1.3_P1212_R2,2023,1,279.0,1160.3999999999999,canola,NA,NA,4058.0,NA,NA,2524.076,1084.6760000000002
127,streatham,STREATHAM_S1.3_P1212_R2,2024,2,240.0,831.6826,Wheat,NA,NA,2786.195286,0.0,NA,919.44444438,-152.23815561999993
128,streatham,STREATHAM_S6.1_P3123_R3,2023,1,296.0,1399.8675999999998,wheat,NA,NA,5767.0,NA,NA,1903.11,207.2424000000001
129,streatham,STREATHAM_S6.1_P3123_R3,2024,2,218.0,646.475,Pasture,NA,NA,0.0,0.0,NA,0.0,-864.475
130,streatham,STREATHAM_S2.1_P4123_R2,2023,1,296.0,1352.3675999999998,wheat,NA,NA,4514.0,NA,NA,1489.62,-158.74759999999992
131,streatham,STREATHAM_S2.1_P4123_R2,2024,2,240.0,836.633,Faba bean,NA,NA,2828.282828,0.0,NA,1527.27272712,450.63972711999986
132,streatham,STREATHAM_S13_P0000_R9,2023,1,226.5,961.9,Perennial ryegrass,sub clover,NA,0.0,NA,NA,0.0,-1188.4
133,streatham,STREATHAM_S1.1_P1212_R3,2023,1,307.0,1225.4,canola,NA,NA,3645.0,NA,NA,2267.19,734.79
134,streatham,STREATHAM_S1.1_P1212_R3,2024,2,248.5,1075.0870130434782,Wheat,NA,NA,3197.804659,0.0,NA,1055.27553747,-268.3114755734782
135,streatham,STREATHAM_S11_P0000_R7,2023,1,292.5,1225.4225,wheat,barley,faba bean,4476.0,0.0,0.0,1477.62,-40.30250000000001
136,streatham,STREATHAM_S9.3_P1212_R2,2023,1,276.5,1173.95,canola,field pea,NA,4764.0,0.0,NA,2963.208,1512.758
137,streatham,STREATHAM_S9.3_P1212_R2,2024,2,215.5,909.8117699275363,Wheat,NA,NA,2951.739618,0.0,NA,974.07407394,-151.2376959875363
138,streatham,STREATHAM_S3_P2341_R1,2023,1,296.0,1399.8675999999998,wheat,NA,NA,5729.0,NA,NA,1890.57,194.70240000000013
139,streatham,STREATHAM_S3_P2341_R1,2024,2,215.5,798.0360163043479,Canola,NA,NA,3703.703704,0.0,NA,2303.703703888,1290.167687583652
140,streatham,STREATHAM_S2.2_P3412_R3,2023,1,296.0,1399.8675999999998,wheat,NA,NA,4825.0,NA,NA,1592.25,-103.61759999999981
141,streatham,STREATHAM_S2.2_P3412_R3,2024,2,259.5,1105.4593119565218,Wheat,NA,NA,2595.766129,0.0,NA,856.6028225700001,-508.35648938652173
142,streatham,STREATHAM_S8_P2312_R1,2023,1,307.0,1275.4,canola,NA,NA,4022.0,NA,NA,2501.684,919.2840000000001
143,streatham,STREATHAM_S8_P2312_R1,2024,2,215.5,889.8746394927537,Wheat,NA,NA,2180.13468,0.0,NA,719.4444444000001,-385.9301950927536
144,streatham,STREATHAM_S11_P0000_R9,2023,1,292.5,1225.4225,wheat,barley,faba bean,4817.0,0.0,0.0,1590.15,72.22750000000019
145,streatham,STREATHAM_S1.2_P2121_R2,2023,1,296.0,1399.8675999999998,wheat,NA,NA,6062.0,NA,NA,2000.46,304.5924000000002
146,streatham,STREATHAM_S1.2_P2121_R2,2024,2,240.0,736.39,Canola,NA,NA,2965.768799,0.0,NA,1844.708192978,868.318192978
147,streatham,STREATHAM_S13_P0000_R3,2023,1,226.5,1137.9,Perennial ryegrass,sub clover,NA,0.0,NA,NA,0.0,-1364.4
148,streatham,STREATHAM_S13_P0000_R3,2024,2,185.0,1833.0,Pasture,NA,NA,0.0,0.0,NA,0.0,-2018.0
149,streatham,STREATHAM_S9.3_P2121_R1,2023,1,296.0,1399.8675999999998,wheat,NA,NA,5778.0,NA,NA,1906.74,210.8724000000002
150,streatham,STREATHAM_S9.3_P2121_R1,2024,2,215.5,767.4003496376812,Canola,Field Pea,NA,1795.735129,444.4444444,NA,1317.3916946624,334.4913450247187
151,streatham,STREATHAM_S3_P4123_R3,2023,1,296.0,1399.8675999999998,wheat,NA,NA,6627.0,NA,NA,2186.9100000000003,491.0424000000005
152,streatham,STREATHAM_S3_P4123_R3,2024,2,240.0,836.633,Faba bean,NA,NA,4169.466846,0.0,NA,2251.51209684,1174.87909684
153,streatham,STREATHAM_S11_P0000_R5,2023,1,292.5,1225.4225,wheat,barley,faba bean,4948.0,0.0,0.0,1633.38,115.45750000000021
154,streatham,STREATHAM_S3_P1234_R2,2023,1,292.5,1266.3500000000001,faba bean,NA,NA,2083.0,NA,NA,1124.8200000000002,-434.03
155,streatham,STREATHAM_S3_P1234_R2,2024,2,215.5,867.2489583333333,Wheat,NA,NA,3630.751964,0.0,NA,1198.14814812,115.39918978666674
156,streatham,STREATHAM_S6.2_P1231_R2,2023,1,226.5,961.9,balansa clover,balansa clover,chicory ,0.0,NA,NA,0.0,-1188.4
157,streatham,STREATHAM_S6.2_P1231_R2,2024,2,226.5,958.3714365942029,Canola,NA,NA,1882.716049,0.0,NA,1171.049382478,-13.822054116202821
158,streatham,STREATHAM_S12_P0000_R4,2023,1,296.0,1399.8675999999998,wheat,NA,NA,5544.0,NA,NA,1829.52,133.65240000000017
159,streatham,STREATHAM_S9.1_P2121_R3,2023,1,296.0,1399.8675999999998,wheat,NA,NA,5023.0,NA,NA,1657.59,-38.27759999999989
160,streatham,STREATHAM_S9.1_P2121_R3,2024,2,207.0,654.1,Canola,Field Pea,NA,2948.58871,0.0,NA,1834.02217762,972.9221776200001
161,streatham,STREATHAM_S13_P0000_R1,2023,1,226.5,961.9,Perennial ryegrass,sub clover,NA,0.0,NA,NA,0.0,-1188.4
162,streatham,STREATHAM_S13_P0000_R1,2024,2,185.0,1833.0,Pasture,NA,NA,0.0,0.0,NA,0.0,-2018.0
163,streatham,STREATHAM_S9.2_P1212_R1,2023,1,276.5,1123.9499999999998,canola,field pea,NA,0.0,0.0,NA,0.0,-1400.4499999999998
164,streatham,STREATHAM_S9.2_P1212_R1,2024,2,215.5,877.973509057971,Wheat,NA,NA,2418.630752,0.0,NA,798.14814816,-295.325360897971
165,streatham,STREATHAM_S2.4_P3412_R2,2023,1,296.0,1442.3675999999998,wheat,NA,NA,4837.0,NA,NA,1596.21,-142.15759999999977
166,streatham,STREATHAM_S2.4_P3412_R2,2024,2,259.5,1111.9089351449275,Wheat,NA,NA,3016.27385,0.0,NA,995.3703705,-376.0385646449274
167,streatham,STREATHAM_S6.2_P3123_R3,2023,1,296.0,1399.8675999999998,wheat,NA,NA,4467.0,NA,NA,1474.11,-221.7575999999999
168,streatham,STREATHAM_S6.2_P3123_R3,2024,2,218.0,646.475,Pasture,NA,NA,0.0,0.0,NA,0.0,-864.475
169,streatham,STREATHAM_S12_P0000_R7,2023,1,296.0,1399.8675999999998,wheat,NA,NA,5055.0,NA,NA,1668.15,-27.71759999999972
170,streatham,STREATHAM_S2.1_P2341_R3,2023,1,307.0,1225.4,canola,NA,NA,4118.0,NA,NA,2561.396,1028.996
171,streatham,STREATHAM_S2.1_P2341_R3,2024,2,259.5,1077.0797666666665,Wheat,NA,NA,2786.178315,0.0,NA,919.43884395,-417.1409227166665
172,streatham,STREATHAM_S9.2_P2121_R3,2023,1,296.0,1399.8675999999998,wheat,NA,NA,4066.0,NA,NA,1341.78,-354.08759999999984
173,streatham,STREATHAM_S9.2_P2121_R3,2024,2,215.5,725.0014067028986,Canola,Field Pea,NA,0.0,0.0,NA,0.0,-940.5014067028986
174,streatham,STREATHAM_S2.4_P1234_R1,2023,1,292.5,1266.3500000000001,faba bean,NA,NA,2483.0,NA,NA,1340.8200000000002,-218.02999999999997
175,streatham,STREATHAM_S2.4_P1234_R1,2024,2,248.5,916.3794221014492,Canola,NA,NA,2940.516274,0.0,NA,1829.001122428,664.1217003265507
176,streatham,STREATHAM_S2.4_P2341_R3,2023,1,307.0,1315.4,canola,NA,NA,4479.0,NA,NA,2785.938,1163.538
177,streatham,STREATHAM_S2.4_P2341_R3,2024,2,259.5,1141.533833695652,Wheat,NA,NA,3099.798387,0.0,NA,1022.93346771,-378.10036598565205
178,streatham,STREATHAM_S1.1_P1212_R1,2023,1,307.0,1225.4,canola,NA,NA,4389.0,NA,NA,2729.958,1197.558
179,streatham,STREATHAM_S1.1_P1212_R1,2024,2,248.5,1075.0870130434782,Wheat,NA,NA,2511.223345,0.0,NA,828.70370385,-494.8833091934782
180,streatham,STREATHAM_S11_P0000_R3,2023,1,292.5,1225.4225,wheat,barley,faba bean,4622.0,0.0,0.0,1525.8,7.877500000000055
181,streatham,STREATHAM_S2.4_P4123_R2,2023,1,296.0,1442.3675999999998,wheat,NA,NA,6312.0,NA,NA,2082.96,344.5924000000002
182,streatham,STREATHAM_S2.4_P4123_R2,2024,2,240.0,836.633,Faba bean,NA,NA,3636.363636,0.0,NA,1963.63636344,887.0033634399999
183,streatham,STREATHAM_S1.3_P1212_R1,2023,1,279.0,1160.3999999999999,canola,NA,NA,3892.0,NA,NA,2420.824,981.4240000000002
184,streatham,STREATHAM_S1.3_P1212_R1,2024,2,240.0,831.6825999999999,Wheat,NA,NA,2606.621773,0.0,NA,860.18518509,-211.49741490999986
185,streatham,STREATHAM_S6.2_P3123_R1,2023,1,296.0,1399.8675999999998,wheat,NA,NA,5984.0,NA,NA,1974.72,278.8524000000002
186,streatham,STREATHAM_S6.2_P3123_R1,2024,2,218.0,646.475,Pasture,NA,NA,0.0,0.0,NA,0.0,-864.475
187,streatham,STREATHAM_S2.4_P2341_R2,2023,1,307.0,1315.4,canola,NA,NA,4218.0,NA,NA,2623.596,1001.1959999999999
188,streatham,STREATHAM_S2.4_P2341_R2,2024,2,259.5,1141.5338336956522,Wheat,NA,NA,2707.631874,0.0,NA,893.5185184200001,-507.51531527565214
189,streatham,STREATHAM_S6.1_P1231_R1,2023,1,226.5,961.9,balansa clover,balansa clover,chicory ,0.0,NA,NA,0.0,-1188.4
190,streatham,STREATHAM_S6.1_P1231_R1,2024,2,226.5,925.4431177536233,Canola,NA,NA,2331.649832,0.0,NA,1450.286195504,298.3430777503768
191,streatham,STREATHAM_S7_P4123_R3,2023,1,296.0,1399.8675999999998,wheat,NA,NA,4719.0,NA,NA,1557.27,-138.59759999999983
192,streatham,STREATHAM_S7_P4123_R3,2024,2,185.0,611.0,Pasture,NA,NA,0.0,0.0,NA,0.0,-796.0
193,streatham,STREATHAM_S9.1_P1212_R2,2023,1,259.5,1073.95,canola,field pea,NA,4293.0,0.0,NA,2670.246,1336.796
194,streatham,STREATHAM_S9.1_P1212_R2,2024,2,215.5,876.8992771739131,Wheat,NA,NA,2786.195286,0.0,NA,919.44444438,-172.95483279391306
195,streatham,STREATHAM_S12_P0000_R3,2023,1,296.0,1399.8675999999998,wheat,NA,NA,4138.0,NA,NA,1365.54,-330.32759999999985
196,streatham,STREATHAM_S2.2_P3412_R2,2023,1,296.0,1399.8675999999998,wheat,NA,NA,5573.0,NA,NA,1839.09,143.2224000000001
197,streatham,STREATHAM_S2.2_P3412_R2,2024,2,259.5,1105.4593119565218,Wheat,NA,NA,2920.875421,0.0,NA,963.88888893,-401.0704230265218
198,streatham,STREATHAM_S9.2_P1212_R2,2023,1,276.5,1123.9499999999998,canola,field pea,NA,4293.0,0.0,NA,2670.246,1269.7960000000003
199,streatham,STREATHAM_S9.2_P1212_R2,2024,2,215.5,877.973509057971,Wheat,NA,NA,2696.40853,0.0,NA,889.8148149000001,-203.6586941579709
200,streatham,STREATHAM_S8_P1231_R3,2023,1,248.5,994.926,vetch,NA,NA,0.0,NA,NA,0.0,-1243.426
201,streatham,STREATHAM_S8_P1231_R3,2024,2,215.5,767.276393115942,Canola,NA,NA,3307.011649,0.0,NA,2056.961245678,1074.184852562058
202,streatham,STREATHAM_S13_P0000_R4,2023,1,226.5,961.9,Perennial ryegrass,sub clover,NA,0.0,NA,NA,0.0,-1188.4
203,streatham,STREATHAM_S3_P4123_R1,2023,1,296.0,1399.8675999999998,wheat,NA,NA,5845.0,NA,NA,1928.85,232.9824000000001
204,streatham,STREATHAM_S3_P4123_R1,2024,2,240.0,836.633,Faba bean,NA,NA,0.0,0.0,NA,0.0,-1076.633
205,streatham,STREATHAM_S1.1_P2121_R1,2023,1,296.0,1352.3675999999998,wheat,NA,NA,5943.0,NA,NA,1961.19,312.82240000000024
206,streatham,STREATHAM_S1.1_P2121_R1,2024,2,248.5,852.0550362318841,Canola,NA,NA,3215.488215,0.0,NA,2000.03366973,899.4786334981159
207,streatham,STREATHAM_S5_P3123_R1,2023,1,285.0,1354.4699999999998,barley,NA,NA,6881.0,NA,NA,2050.538,411.0680000000002
208,streatham,STREATHAM_S5_P3123_R1,2024,2,215.5,810.9646539855073,Canola,NA,NA,3111.672278,0.0,NA,1935.460156916,908.9955029304926
209,streatham,STREATHAM_S9.1_P1212_R1,2023,1,259.5,1073.95,canola,field pea,NA,4604.0,0.0,NA,2863.688,1530.238
210,streatham,STREATHAM_S9.1_P1212_R1,2024,2,215.5,876.8992771739131,Wheat,NA,NA,2693.602694,0.0,NA,888.8888890200001,-203.51038815391303
211,streatham,STREATHAM_S2.4_P2341_R1,2023,1,307.0,1315.4,canola,NA,NA,4497.0,NA,NA,2797.134,1174.734
212,streatham,STREATHAM_S2.4_P2341_R1,2024,2,259.5,1141.533833695652,Wheat,NA,NA,3237.934905,0.0,NA,1068.51851865,-332.51531504565196
213,streatham,STREATHAM_S2.3_P1234_R2,2023,1,270.5,1200.1524999999997,faba bean,NA,NA,1882.0,NA,NA,1016.28,-454.3724999999997
214,streatham,STREATHAM_S2.3_P1234_R2,2023,2,281.5,1000.5082771739131,Canola,NA,NA,2544.893378,0.0,NA,1582.923681116,300.91540394208675
215,streatham,STREATHAM_S3_P1234_R1,2023,1,292.5,1266.3500000000001,faba bean,NA,NA,2202.0,NA,NA,1189.0800000000002,-369.77
216,streatham,STREATHAM_S3_P1234_R1,2024,2,215.5,867.2489583333333,Wheat,NA,NA,2934.904602,0.0,NA,968.51851866,-114.23043967333331
217,streatham,STREATHAM_S1.4_P1212_R2,2023,1,307.0,1315.4,canola,NA,NA,430.0,NA,NA,267.46,-1354.94
218,streatham,STREATHAM_S1.4_P1212_R2,2024,2,248.5,1106.6266742753623,Wheat,NA,NA,2581.369248,0.0,NA,851.85185184,-503.27482243536235
219,streatham,STREATHAM_S9.2_P1212_R3,2023,1,276.5,1123.95,canola,field pea,NA,0.0,0.0,NA,0.0,-1400.45
220,streatham,STREATHAM_S9.2_P1212_R3,2024,2,215.5,877.973509057971,Wheat,NA,NA,2956.989247,0.0,NA,975.80645151,-117.66705754797101
221,streatham,STREATHAM_S7_P1234_R2,2023,1,226.5,961.9,balansa clover,balansa clover,chicory ,0.0,NA,NA,0.0,-1188.4
222,streatham,STREATHAM_S7_P1234_R2,2024,2,185.0,611.0,Pasture,NA,NA,0.0,0.0,NA,0.0,-796.0
223,streatham,STREATHAM_S2.4_P3412_R3,2023,1,296.0,1442.3675999999998,wheat,NA,NA,5767.0,NA,NA,1903.11,164.7424000000001
224,streatham,STREATHAM_S2.4_P3412_R3,2024,2,259.5,1111.9089351449275,Wheat,NA,NA,3542.226703,0.0,NA,1168.93481199,-202.47412315492738
225,streatham,STREATHAM_S10_P2121_R1,2023,1,257.0,1090.88,wheat ,vetch ,NA,2873.0,0.0,NA,948.09,-399.7900000000001
226,streatham,STREATHAM_S10_P2121_R1,2024,2,215.5,819.9151902173915,Canola,Field Pea,NA,1515.151515,500.5611672,NA,1168.1773287372,132.76213851980856
227,streatham,STREATHAM_S11_P0000_R4,2023,1,292.5,1225.4225,wheat,barley,faba bean,4896.0,0.0,0.0,1616.22,98.29750000000013
228,streatham,STREATHAM_S2.1_P2341_R1,2023,1,307.0,1225.4,canola,NA,NA,4326.0,NA,NA,2690.772,1158.3719999999998
229,streatham,STREATHAM_S2.1_P2341_R1,2024,2,259.5,1077.0797666666667,Wheat,NA,NA,2623.45679,0.0,NA,865.7407407000001,-470.83902596666667
230,streatham,STREATHAM_S5_P1231_R1,2023,1,307.0,1275.4,canola,NA,NA,4612.0,NA,NA,2868.664,1286.2640000000001
231,streatham,STREATHAM_S5_P1231_R1,2024,2,215.5,855.0121467391305,Wheat,NA,NA,2993.82716,0.0,NA,987.9629628,-82.54918393913044
232,streatham,STREATHAM_S5_P1231_R2,2023,1,307.0,1275.4,canola,NA,NA,4677.0,NA,NA,2909.094,1326.694
233,streatham,STREATHAM_S5_P1231_R2,2024,2,215.5,855.0121467391305,Wheat,NA,NA,3442.760943,0.0,NA,1136.1111111900002,65.59896445086974
234,streatham,STREATHAM_S2.1_P1234_R2,2023,1,292.5,1266.3500000000001,faba bean,NA,NA,2196.0,NA,NA,1185.84,-373.0100000000002
235,streatham,STREATHAM_S2.1_P1234_R2,2024,2,248.5,825.027963768116,Canola,NA,NA,2626.262626,0.0,NA,1633.535353372,560.0073896038839
236,streatham,STREATHAM_S7_P3412_R2,2023,1,307.0,1275.4,canola,NA,NA,4625.0,NA,NA,2876.75,1294.35
237,streatham,STREATHAM_S7_P3412_R2,2024,2,215.5,879.586204710145,Wheat,NA,NA,2724.466891,0.0,NA,899.07407403,-196.012130680145
238,streatham,STREATHAM_S12_P0000_R5,2023,1,296.0,1399.8675999999998,wheat,NA,NA,4712.0,NA,NA,1554.96,-140.90759999999977
239,streatham,STREATHAM_S5_P1231_R3,2023,1,307.0,1275.4,canola,NA,NA,4674.0,NA,NA,2907.228,1324.828
240,streatham,STREATHAM_S5_P1231_R3,2024,2,215.5,855.0121467391305,Wheat,NA,NA,3122.199821,0.0,NA,1030.32594093,-40.18620580913057
241,streatham,STREATHAM_S2.3_P2341_R1,2023,1,279.0,1185.3999999999999,canola,NA,NA,4363.0,NA,NA,2713.786,1249.3860000000002
242,streatham,STREATHAM_S2.3_P2341_R1,2024,2,248.5,1078.3927757246377,Wheat,NA,NA,3108.866442,0.0,NA,1025.92592586,-300.96684986463765
243,streatham,STREATHAM_S2.4_P1234_R3,2023,1,292.5,1266.3500000000001,faba bean,NA,NA,2242.0,NA,NA,1210.68,-348.1700000000001
244,streatham,STREATHAM_S2.4_P1234_R3,2024,2,248.5,916.3794221014492,Canola,NA,NA,2959.789427,0.0,NA,1840.989023594,676.1096014925507
245,streatham,STREATHAM_S10_P1212_R1,2023,1,276.5,1123.95,canola,field pea,NA,4398.0,0.0,NA,2735.556,1335.106
246,streatham,STREATHAM_S10_P1212_R1,2024,2,193.5,822.5826974637681,Wheat,Vetch,NA,1024.130191,0.0,NA,337.96296303,-678.1197344337681
247,streatham,STREATHAM_S3_P4123_R2,2023,1,296.0,1399.8675999999998,wheat,NA,NA,6149.0,NA,NA,2029.17,333.30240000000026
248,streatham,STREATHAM_S3_P4123_R2,2024,2,240.0,836.633,Faba bean,NA,NA,3367.003367,0.0,NA,1818.18181818,741.5488181799999
249,streatham,STREATHAM_S1.1_P2121_R3,2023,1,296.0,1352.3675999999998,wheat,NA,NA,5243.0,NA,NA,1730.19,81.82240000000024
250,streatham,STREATHAM_S1.1_P2121_R3,2024,2,248.5,852.0550362318841,Canola,NA,NA,3127.800179,0.0,NA,1945.491711338,844.9366751061159
251,streatham,STREATHAM_S4_P3123_R1,2023,1,296.0,1399.8675999999998,wheat,NA,NA,5495.0,NA,NA,1813.35,117.4824000000001
252,streatham,STREATHAM_S4_P3123_R1,2024,2,196.0,635.0,Wheat,Vetch,NA,3800.0,0.0,NA,0.0,-831.0
253,streatham,STREATHAM_S2.2_P1234_R2,2023,1,292.5,1266.3500000000001,faba bean,NA,NA,2557.0,NA,NA,1380.7800000000002,-178.06999999999994
254,streatham,STREATHAM_S2.2_P1234_R2,2024,2,248.5,910.4324655797102,Canola,NA,NA,2766.554433,0.0,NA,1720.7968573259998,561.8643917462896
255,streatham,STREATHAM_S1.3_P2121_R1,2023,1,296.0,1414.8675999999998,wheat,NA,NA,4384.0,NA,NA,1446.72,-264.1475999999998
256,streatham,STREATHAM_S1.3_P2121_R1,2024,2,262.0,811.545,Canola,NA,NA,2895.622896,0.0,NA,1801.0774413119998,727.5324413119998
257,streatham,STREATHAM_S4_P3123_R3,2023,1,296.0,1399.8675999999998,wheat,NA,NA,5438.0,NA,NA,1794.5400000000002,98.67240000000038
258,streatham,STREATHAM_S4_P3123_R3,2024,2,196.0,635.0,Wheat,Vetch,NA,3600.0,0.0,NA,0.0,-831.0
259,streatham,STREATHAM_S2.2_P3412_R1,2023,1,296.0,1399.8675999999998,wheat,NA,NA,5851.0,NA,NA,1930.83,234.96240000000012
260,streatham,STREATHAM_S2.2_P3412_R1,2024,2,259.5,1105.4593119565218,Wheat,NA,NA,3044.332211,0.0,NA,1004.62962963,-360.32968232652183
261,streatham,STREATHAM_S1.2_P1212_R2,2023,1,307.0,1275.4,canola,NA,NA,4308.0,NA,NA,2679.576,1097.176
262,streatham,STREATHAM_S1.2_P1212_R2,2024,2,240.0,861.0076000000001,Wheat,NA,NA,2710.43771,0.0,NA,894.4444443000001,-206.56315570000004
263,streatham,STREATHAM_S1.3_P1212_R3,2023,1,279.0,1160.3999999999999,canola,NA,NA,1784.0,NA,NA,1109.648,-329.75199999999995
264,streatham,STREATHAM_S1.3_P1212_R3,2024,2,240.0,831.6825999999999,Wheat,NA,NA,3094.198029,0.0,NA,1021.08534957,-50.59725042999992
265,streatham,STREATHAM_S6.2_P2312_R3,2023,1,298.5,1200.4,canola,NA,NA,3668.0,NA,NA,2281.496,782.596
266,streatham,STREATHAM_S6.2_P2312_R3,2024,2,215.5,889.1400597826088,Wheat,NA,NA,2735.77509,0.0,NA,902.8057797,-201.83428008260876
267,streatham,STREATHAM_S6.2_P3123_R2,2023,1,296.0,1399.8675999999998,wheat,NA,NA,6009.0,NA,NA,1982.97,287.1024000000002
268,streatham,STREATHAM_S6.2_P3123_R2,2024,2,218.0,646.475,Pasture,NA,NA,0.0,0.0,NA,0.0,-864.475
269,streatham,STREATHAM_S9.1_P1212_R3,2023,1,259.5,1073.95,canola,field pea,NA,4800.0,0.0,NA,2985.6,1652.1499999999999
270,streatham,STREATHAM_S9.1_P1212_R3,2024,2,215.5,876.8992771739131,Wheat,NA,NA,3167.002688,0.0,NA,1045.11088704,-47.288390133913026
271,streatham,STREATHAM_S2.1_P4123_R3,2023,1,296.0,1352.3675999999998,wheat,NA,NA,3683.0,NA,NA,1215.39,-432.9775999999997
272,streatham,STREATHAM_S2.1_P4123_R3,2024,2,240.0,836.633,Faba bean,NA,NA,2987.791219,0.0,NA,1613.4072582600002,536.7742582600001
273,streatham,STREATHAM_S4_P2312_R3,2023,1,307.0,1275.4,canola,NA,NA,4172.0,NA,NA,2594.984,1012.5839999999998
274,streatham,STREATHAM_S4_P2312_R3,2024,2,215.5,885.3147844202899,Wheat,NA,NA,2444.556452,0.0,NA,806.70362916,-294.11115526028993
275,streatham,STREATHAM_S10_P2121_R2,2023,1,257.0,1090.88,wheat ,vetch ,NA,3598.0,0.0,NA,1187.34,-160.5400000000002
276,streatham,STREATHAM_S10_P2121_R2,2024,2,215.5,819.9151902173915,Canola,Field Pea,NA,1515.151515,588.1032548,NA,1207.6588102448,172.2436200274085
277,streatham,STREATHAM_S7_P3412_R1,2023,1,307.0,1275.4,canola,NA,NA,4146.0,NA,NA,2578.812,996.4119999999998
278,streatham,STREATHAM_S7_P3412_R1,2024,2,215.5,879.586204710145,Wheat,NA,NA,2508.417508,0.0,NA,827.7777776400001,-267.30842707014494
279,streatham,STREATHAM_S12_P0000_R8,2023,1,296.0,1399.8675999999998,wheat,NA,NA,5340.0,NA,NA,1762.2,66.33240000000023
280,streatham,STREATHAM_S3_P3412_R3,2023,1,307.0,1275.4,canola,NA,NA,3923.0,NA,NA,2440.106,857.7060000000001
281,streatham,STREATHAM_S3_P3412_R3,2024,2,215.5,859.9486974637681,Wheat,NA,NA,3096.998208,0.0,NA,1022.00940864,-53.43928882376815
282,streatham,STREATHAM_S7_P2341_R2,2023,1,226.5,961.9,Perennial ryegrass,sub clover,NA,0.0,NA,NA,0.0,-1188.4
283,streatham,STREATHAM_S7_P2341_R2,2024,2,215.5,815.4328278985507,Canola,NA,NA,1778.900112,0.0,NA,1106.475869664,75.54304176544917
284,streatham,STREATHAM_S7_P2341_R1,2023,1,226.5,961.9,Perennial ryegrass,sub clover,NA,0.0,NA,NA,0.0,-1188.4
285,streatham,STREATHAM_S7_P2341_R1,2024,2,215.5,815.4328278985507,Canola,NA,NA,1820.987654,0.0,NA,1132.654320788,101.72149288944922
286,streatham,STREATHAM_S1.4_P1212_R1,2023,1,307.0,1315.4,canola,NA,NA,4693.0,NA,NA,2919.046,1296.6459999999997
287,streatham,STREATHAM_S1.4_P1212_R1,2024,2,248.5,1106.6266742753626,Wheat,NA,NA,3058.361392,0.0,NA,1009.25925936,-345.8674149153626
288,streatham,STREATHAM_S2.3_P3412_R1,2023,1,296.0,1414.8675999999998,wheat,NA,NA,3889.0,NA,NA,1283.37,-427.4975999999999
289,streatham,STREATHAM_S2.3_P3412_R1,2024,2,259.5,1015.9049786231884,Wheat,NA,NA,1618.967452,0.0,NA,534.25925916,-741.1457194631884
290,streatham,STREATHAM_S2.3_P1234_R3,2023,1,270.5,1200.1525,faba bean,NA,NA,2938.0,NA,NA,1586.5200000000002,115.86750000000029
291,streatham,STREATHAM_S2.3_P1234_R3,2023,2,281.5,1000.5082771739131,Canola,NA,NA,2973.790323,0.0,NA,1849.697580906,567.6893037320868
292,streatham,STREATHAM_S9.1_P2121_R1,2023,1,296.0,1399.8675999999998,wheat,NA,NA,6204.0,NA,NA,2047.32,351.4524000000001
293,streatham,STREATHAM_S9.1_P2121_R1,2024,2,207.0,654.1,Canola,Field Pea,NA,1767.676768,609.4276094,NA,1374.3468015354,513.2468015353999
294,streatham,STREATHAM_S2.1_P3412_R1,2023,1,296.0,1352.3675999999998,wheat,NA,NA,5440.0,NA,NA,1795.2,146.83240000000023
295,streatham,STREATHAM_S2.1_P3412_R1,2024,2,259.5,1084.7268101449276,Wheat,NA,NA,2744.107744,0.0,NA,905.55555552,-438.67125462492766
296,streatham,STREATHAM_S7_P3412_R3,2023,1,307.0,1275.4,canola,NA,NA,4141.0,NA,NA,2575.702,993.3020000000001
297,streatham,STREATHAM_S7_P3412_R3,2024,2,215.5,879.586204710145,Wheat,NA,NA,3052.195341,0.0,NA,1007.22446253,-87.86174218014503
298,streatham,STREATHAM_S3_P2341_R2,2023,1,296.0,1399.8675999999998,wheat,NA,NA,5311.0,NA,NA,1752.63,56.7624000000003
299,streatham,STREATHAM_S3_P2341_R2,2024,2,215.5,798.0360163043479,Canola,NA,NA,3347.362514,0.0,NA,2082.059483708,1068.523467403652
300,streatham,STREATHAM_S2.2_P2341_R1,2023,1,307.0,1275.4,canola,NA,NA,3955.0,NA,NA,2460.01,877.6100000000001
301,streatham,STREATHAM_S2.2_P2341_R1,2024,2,259.5,1111.250761231884,Wheat,NA,NA,1787.317621,0.0,NA,589.81481493,-780.9359463018841
302,streatham,STREATHAM_S8_P1231_R2,2023,1,248.5,994.926,vetch,NA,NA,0.0,NA,NA,0.0,-1243.426
303,streatham,STREATHAM_S8_P1231_R2,2024,2,215.5,767.276393115942,Canola,NA,NA,2603.815937,0.0,NA,1619.573512814,636.7971196980579
304,streatham,STREATHAM_S1.4_P2121_R3,2023,1,296.0,1442.3675999999998,wheat,NA,NA,4920.0,NA,NA,1623.6,-114.7675999999999
305,streatham,STREATHAM_S1.4_P2121_R3,2024,2,248.5,903.0347554347826,Canola,NA,NA,3603.830645,0.0,NA,2241.58266119,1090.0479057552175
306,streatham,STREATHAM_S11_P0000_R6,2023,1,292.5,1225.4225,wheat,barley,faba bean,4588.0,0.0,0.0,1514.58,-3.3424999999999727
307,streatham,STREATHAM_S7_P4123_R1,2023,1,296.0,1399.8675999999998,wheat,NA,NA,5622.0,NA,NA,1855.26,159.39240000000018
308,streatham,STREATHAM_S7_P4123_R1,2024,2,185.0,611.0,Pasture,NA,NA,0.0,0.0,NA,0.0,-796.0
309,streatham,STREATHAM_S2.2_P4123_R1,2023,1,296.0,1399.8675999999998,wheat,NA,NA,5712.0,NA,NA,1884.96,189.09240000000023
310,streatham,STREATHAM_S2.2_P4123_R1,2024,2,240.0,836.633,Faba bean,NA,NA,3069.584736,0.0,NA,1657.57575744,580.9427574399999
311,streatham,STREATHAM_S11_P0000_R2,2023,1,292.5,1225.4225,wheat,barley,faba bean,4616.0,0.0,0.0,1523.82,5.897500000000036
312,streatham,STREATHAM_S2.3_P3412_R2,2023,1,296.0,1414.8675999999998,wheat,NA,NA,4700.0,NA,NA,1551.0,-159.8675999999998
313,streatham,STREATHAM_S2.3_P3412_R2,2024,2,259.5,1015.9049786231884,Wheat,NA,NA,4065.656566,0.0,NA,1341.66666678,66.2616881568116
314,streatham,STREATHAM_S3_P3412_R2,2023,1,307.0,1275.4,canola,NA,NA,4538.0,NA,NA,2822.636,1240.2359999999999
315,streatham,STREATHAM_S3_P3412_R2,2024,2,215.5,859.9486974637681,Wheat,NA,NA,3468.013468,0.0,NA,1144.44444444,68.995746976232
316,streatham,STREATHAM_S6.2_P1231_R3,2023,1,226.5,961.9,balansa clover,balansa clover,chicory ,0.0,NA,NA,0.0,-1188.4
317,streatham,STREATHAM_S6.2_P1231_R3,2024,2,226.5,958.3714365942028,Canola,NA,NA,1948.924731,0.0,NA,1212.231182682,27.359746087797248
318,streatham,STREATHAM_S2.3_P2341_R2,2023,1,279.0,1185.3999999999999,canola,NA,NA,4052.0,NA,NA,2520.344,1055.9440000000002
319,streatham,STREATHAM_S2.3_P2341_R2,2024,2,248.5,1078.3927757246377,Wheat,NA,NA,2786.195286,0.0,NA,919.44444438,-407.4483313446376
320,streatham,STREATHAM_S9.2_P2121_R1,2023,1,296.0,1399.8675999999998,wheat,NA,NA,4948.0,NA,NA,1632.84,-63.02759999999989
321,streatham,STREATHAM_S9.2_P2121_R1,2024,2,215.5,725.0014067028986,Canola,Field Pea,NA,1851.851852,353.5353535,NA,1311.2962963725,370.7948896696013
322,streatham,STREATHAM_S1.4_P2121_R1,2023,1,296.0,1442.3675999999998,wheat,NA,NA,5489.0,NA,NA,1811.37,73.00240000000008
323,streatham,STREATHAM_S1.4_P2121_R1,2024,2,248.5,903.0347554347826,Canola,NA,NA,0.0,0.0,NA,0.0,-1151.5347554347827
324,streatham,STREATHAM_S1.4_P1212_R3,2023,1,307.0,1315.4,canola,NA,NA,4462.0,NA,NA,2775.364,1152.964
325,streatham,STREATHAM_S1.4_P1212_R3,2024,2,248.5,1106.6266742753623,Wheat,NA,NA,3029.793907,0.0,NA,999.8319893100002,-355.2946849653622
326,streatham,STREATHAM_S12_P0000_R2,2023,1,296.0,1399.8675999999998,wheat,NA,NA,5102.0,NA,NA,1683.66,-12.20759999999973
327,streatham,STREATHAM_S1.2_P2121_R3,2023,1,296.0,1399.8675999999998,wheat,NA,NA,5175.0,NA,NA,1707.75,11.882400000000189
328,streatham,STREATHAM_S1.2_P2121_R3,2024,2,240.0,736.39,Canola,NA,NA,3435.819892,0.0,NA,2137.079972824,1160.689972824
329,streatham,STREATHAM_S2.4_P1234_R2,2023,1,292.5,1266.3500000000001,faba bean,NA,NA,2856.0,NA,NA,1542.24,-16.610000000000127
330,streatham,STREATHAM_S2.4_P1234_R2,2024,2,248.5,916.3794221014491,Canola,NA,NA,3108.866442,0.0,NA,1933.714926924,768.835504822551
331,streatham,STREATHAM_S2.1_P1234_R3,2023,1,292.5,1266.3500000000001,faba bean,NA,NA,2440.0,NA,NA,1317.6,-241.25000000000023
332,streatham,STREATHAM_S2.1_P1234_R3,2024,2,248.5,825.027963768116,Canola,NA,NA,3054.99552,0.0,NA,1900.20721344,826.679249671884
333,streatham,STREATHAM_S9.3_P2121_R2,2023,1,296.0,1399.8675999999998,wheat,NA,NA,5221.0,NA,NA,1722.93,27.062400000000252
334,streatham,STREATHAM_S9.3_P2121_R2,2024,2,215.5,767.4003496376812,Canola,Field Pea,NA,1964.085297,433.2210999,NA,1417.0437707889,434.14342115121883
335,streatham,STREATHAM_S1.4_P2121_R2,2023,1,296.0,1442.3675999999998,wheat,NA,NA,5317.0,NA,NA,1754.61,16.24240000000009
336,streatham,STREATHAM_S1.4_P2121_R2,2024,2,248.5,903.0347554347826,Canola,NA,NA,3358.585859,0.0,NA,2089.040404298,937.5056488632173
337,streatham,STREATHAM_S7_P4123_R2,2023,1,296.0,1399.8675999999998,wheat,NA,NA,5620.0,NA,NA,1854.6,158.7324000000001
338,streatham,STREATHAM_S7_P4123_R2,2024,2,185.0,611.0,Pasture,NA,NA,0.0,0.0,NA,0.0,-796.0
339,streatham,STREATHAM_S6.2_P2312_R1,2023,1,307.0,1275.4,canola,NA,NA,4349.0,NA,NA,2705.078,1122.6779999999999
340,streatham,STREATHAM_S6.2_P2312_R1,2024,2,215.5,889.1400597826088,Wheat,NA,NA,2898.428732,0.0,NA,956.48148156,-148.15857822260875
341,streatham,STREATHAM_S2.1_P3412_R2,2023,1,296.0,1352.3675999999998,wheat,NA,NA,5681.0,NA,NA,1874.73,226.3624000000002
342,streatham,STREATHAM_S2.1_P3412_R2,2024,2,259.5,1084.7268101449276,Wheat,NA,NA,4545.454545,0.0,NA,1499.99999985,155.77318970507235
343,streatham,STREATHAM_S2.2_P4123_R3,2023,1,296.0,1399.8675999999998,wheat,NA,NA,5410.0,NA,NA,1785.3000000000002,89.43240000000037
344,streatham,STREATHAM_S2.2_P4123_R3,2024,2,240.0,836.633,Faba bean,NA,NA,3169.802867,0.0,NA,1711.69354818,635.0605481800001
345,streatham,STREATHAM_S9.3_P1212_R3,2023,1,276.5,1173.95,canola,field pea,NA,4719.0,0.0,NA,2935.218,1484.7679999999998
346,streatham,STREATHAM_S9.3_P1212_R3,2024,2,215.5,909.8117699275363,Wheat,NA,NA,0.0,0.0,NA,0.0,-1125.3117699275363
347,streatham,STREATHAM_S8_P2312_R3,2023,1,307.0,1275.4,canola,NA,NA,4178.0,NA,NA,2598.716,1016.3159999999998
348,streatham,STREATHAM_S8_P2312_R3,2024,2,215.5,889.8746394927537,Wheat,NA,NA,2802.979391,0.0,NA,924.98319903,-180.39144046275362
349,streatham,STREATHAM_S2.4_P4123_R1,2023,1,296.0,1442.3675999999998,wheat,NA,NA,5862.0,NA,NA,1934.46,196.09240000000023
350,streatham,STREATHAM_S2.4_P4123_R1,2024,2,240.0,836.633,Faba bean,NA,NA,3047.138047,0.0,NA,1645.45454538,568.8215453799999
351,streatham,STREATHAM_S2.2_P2341_R2,2023,1,307.0,1275.4,canola,NA,NA,4442.0,NA,NA,2762.924,1180.524
352,streatham,STREATHAM_S2.2_P2341_R2,2024,2,259.5,1111.250761231884,Wheat,NA,NA,3232.323232,0.0,NA,1066.66666656,-304.08409467188403
353,streatham,STREATHAM_S1.2_P1212_R1,2023,1,307.0,1275.4,canola,NA,NA,4363.0,NA,NA,2713.786,1131.386
354,streatham,STREATHAM_S1.2_P1212_R1,2024,2,240.0,861.0076,Wheat,NA,NA,3285.634119,0.0,NA,1084.25925927,-16.748340729999995
355,streatham,STREATHAM_S13_P0000_R5,2023,1,226.5,961.9,Perennial ryegrass,sub clover,NA,0.0,NA,NA,0.0,-1188.4
356,streatham,STREATHAM_S8_P3123_R3,2023,1,296.0,1399.8675999999998,wheat,NA,NA,5352.0,NA,NA,1766.16,70.29240000000027
357,streatham,STREATHAM_S8_P3123_R3,2024,2,207.0,659.3,Vetch,NA,NA,0.0,0.0,NA,0.0,-866.3
358,streatham,STREATHAM_S2.3_P4123_R3,2023,1,296.0,1414.8675999999998,wheat,NA,NA,5819.0,NA,NA,1920.27,209.40240000000017
359,streatham,STREATHAM_S2.3_P4123_R3,2024,2,273.0,932.0660000000001,Faba bean,NA,NA,3035.394265,0.0,NA,1639.1129031,434.0469030999999
360,manang,MANANG_S1.2_P2312_R2,2023,1,202.0,434.32,wheat,NA,NA,3841.0,NA,NA,1267.53,631.21
361,manang,MANANG_S1.2_P2312_R2,2024,2,230.0,405.99796340000006,Wheat,NA,NA,700.0,NA,NA,231.0,-404.99796340000006
362,manang,MANANG_S1.2_P3123_R2,2023,1,191.0,434.32,wheat,NA,NA,3192.0,NA,NA,1053.36,428.0399999999999
363,manang,MANANG_S1.2_P3123_R2,2024,2,193.5,189.3017,Lentil,NA,NA,400.0,NA,NA,260.0,-122.80170000000001
364,manang,MANANG_S11_P1212_R3,2023,1,213.0,448.4972,wheat,vetch,NA,3615.0,0.0,NA,0.0,-661.4972
365,manang,MANANG_S11_P1212_R3,2024,2,230.0,386.26415265,Wheat,NA,NA,2400.0,NA,NA,792.0,175.73584734999997
366,manang,MANANG_S10.2_P3123_R1,2023,1,202.0,434.32,wheat,NA,NA,3694.0,NA,NA,1219.02,582.7
367,manang,MANANG_S10.2_P3123_R1,2024,2,219.0,354.18498065,Wheat,Vetch,NA,800.0,NA,NA,264.0,-309.18498065
368,manang,MANANG_S8.1_P3123_R1,2023,1,191.0,434.32,wheat,NA,NA,3247.0,NA,NA,1071.51,446.19
369,manang,MANANG_S8.1_P3123_R1,2024,2,204.5,215.80219999999997,Vetch,NA,NA,0.0,NA,NA,0.0,-420.30219999999997
370,manang,MANANG_S7_P1231_R3,2023,1,274.0,746.7126587000001,Wheat,NA,NA,1900.0,NA,NA,627.0,-393.71265870000013
371,manang,MANANG_S1.1_P3123_R1,2023,1,213.0,458.82,wheat,NA,NA,3640.0,NA,NA,1201.2,529.3800000000001
372,manang,MANANG_S1.1_P3123_R1,2024,2,193.5,189.30169999999998,Lentil,NA,NA,200.0,NA,NA,130.0,-252.80169999999998
373,manang,MANANG_S8.2_P3123_R3,2023,1,202.0,434.32,wheat,NA,NA,3512.0,NA,NA,1158.96,522.6400000000001
374,manang,MANANG_S8.2_P3123_R3,2024,2,193.5,210.7522,Vetch,NA,NA,0.0,NA,NA,0.0,-404.2522
375,manang,MANANG_S10.2_P2312_R3,2023,1,191.0,434.32,wheat,NA,NA,3207.0,NA,NA,1058.31,432.98999999999995
376,manang,MANANG_S10.2_P2312_R3,2024,2,221.5,403.34943890000005,Wheat,NA,NA,2100.0,NA,NA,693.0,68.15056109999995
377,manang,MANANG_S1.2_P1231_R2,2023,1,204.5,501.3472,lentil,NA,NA,948.0,NA,NA,616.2,-89.64719999999994
378,manang,MANANG_S1.2_P1231_R2,2024,2,230.0,380.6001286,Wheat,NA,NA,1900.0,NA,NA,627.0,16.399871399999995
379,manang,MANANG_S9_P3123_R2,2023,1,224.0,517.72,oat,NA,NA,0.0,NA,NA,0.0,-741.72
380,manang,MANANG_S9_P3123_R2,2024,2,193.5,210.75219999999996,Vetch,NA,NA,2000.0,NA,NA,0.0,-404.25219999999996
381,manang,MANANG_S12_P0000_R1,2023,1,182.5,412.09999999999997,canola,NA,NA,935.0,NA,NA,581.57,-13.029999999999916
382,manang,MANANG_S12_P0000_R1,2024,2,221.5,335.56190395000004,Wheat,NA,NA,1600.0,NA,NA,528.0,-29.061903950000044
383,manang,MANANG_S1.3_P3123_R2,2023,1,202.0,479.32,wheat,NA,NA,2768.0,NA,NA,913.44,232.12000000000006
384,manang,MANANG_S1.3_P3123_R2,2024,2,193.5,189.3017,Lentil,NA,NA,500.0,NA,NA,325.0,-57.80170000000001
385,manang,MANANG_S10.1_P1231_R2,2023,1,202.0,448.4972,wheat,vetch,NA,3535.0,0.0,NA,0.0,-650.4972
386,manang,MANANG_S10.1_P1231_R2,2024,2,230.0,393.24006640000005,Wheat,NA,NA,1800.0,NA,NA,594.0,-29.240066400000046
387,manang,MANANG_S11_P1212_R2,2023,1,213.0,448.4972,wheat,vetch,NA,3386.0,0.0,NA,0.0,-661.4972
388,manang,MANANG_S11_P1212_R2,2024,2,230.0,386.26415265,Wheat,NA,NA,2200.0,NA,NA,726.0,109.73584734999997
389,manang,MANANG_S1.1_P3123_R3,2023,1,213.0,458.82,wheat,NA,NA,2545.0,NA,NA,839.85,168.03000000000003
390,manang,MANANG_S1.1_P3123_R3,2024,2,193.5,189.30169999999998,Lentil,NA,NA,2300.0,NA,NA,1495.0,1112.1983
391,manang,MANANG_S11_P2121_R3,2023,1,202.0,434.32,wheat,NA,NA,2878.0,NA,NA,949.74,313.42
392,manang,MANANG_S11_P2121_R3,2024,2,210.5,371.52683735000005,Wheat,Vetch,NA,2000.0,NA,NA,660.0,77.97316264999995
393,manang,MANANG_S1.1_P2312_R1,2023,1,213.0,458.82,wheat,NA,NA,3522.0,NA,NA,1162.26,490.44
394,manang,MANANG_S1.1_P2312_R1,2024,2,213.0,315.7692,Wheat,NA,NA,1000.0,NA,NA,330.0,-198.7692
395,manang,MANANG_S1.1_P1231_R1,2023,1,204.5,518.5971999999999,lentil,NA,NA,1186.0,NA,NA,770.9,47.80280000000005
396,manang,MANANG_S1.1_P1231_R1,2024,2,213.0,294.26919999999996,Wheat,NA,NA,1400.0,NA,NA,462.0,-45.269199999999955
397,manang,MANANG_S3_P1231_R2,2023,1,215.5,501.3472,lentil,NA,NA,885.0,NA,NA,575.25,-141.5972
398,manang,MANANG_S3_P1231_R2,2024,2,193.5,189.30169999999998,Lentil,NA,NA,400.0,NA,NA,260.0,-122.80169999999998
399,manang,MANANG_S12_P0000_R6,2023,1,193.5,412.09999999999997,canola,NA,NA,1079.0,NA,NA,671.138,65.53800000000007
400,manang,MANANG_S7_P1231_R2,2023,1,285.0,746.7126587,Wheat,NA,NA,1700.0,NA,NA,561.0,-470.7126587
401,manang,MANANG_S10.1_P3123_R3,2023,1,182.5,409.82,wheat,NA,NA,2615.0,NA,NA,862.95,270.63000000000005
402,manang,MANANG_S10.1_P3123_R3,2024,2,193.5,207.1572,Wheat,Vetch,NA,2300.0,NA,NA,759.0,358.3428
403,manang,MANANG_S8.1_P1231_R3,2023,1,204.5,524.5,vetch,NA,NA,0.0,NA,NA,0.0,-729.0
404,manang,MANANG_S8.1_P1231_R3,2024,2,221.5,407.6677994,Wheat,NA,NA,1900.0,NA,NA,627.0,-2.1677993999999785
405,manang,MANANG_S5_P3412_R1,2023,1,191.0,434.32,wheat,NA,NA,2528.0,NA,NA,834.24,208.92000000000002
406,manang,MANANG_S5_P3412_R1,2024,2,230.0,386.07162275,Wheat,NA,NA,700.0,NA,NA,231.0,-385.07162275
407,manang,MANANG_S10.1_P1231_R1,2023,1,213.0,448.4972,wheat,vetch,NA,3026.0,0.0,NA,0.0,-661.4972
408,manang,MANANG_S10.1_P1231_R1,2024,2,230.0,393.24006640000005,Wheat,NA,NA,1400.0,NA,NA,462.0,-161.24006640000005
409,manang,MANANG_S7_P3123_R2,2023,1,202.0,434.32,wheat,NA,NA,2690.0,NA,NA,887.7,251.38000000000005
410,manang,MANANG_S13_P0000_R9,2023,1,182.5,513.1,canola,NA,NA,1289.0,NA,NA,801.758,106.15800000000002
411,manang,MANANG_S1.1_P1231_R2,2023,1,204.5,501.3472,lentil,NA,NA,720.0,NA,NA,468.0,-237.8472
412,manang,MANANG_S1.1_P1231_R2,2024,2,213.0,294.26919999999996,Wheat,NA,NA,1800.0,NA,NA,594.0,86.73080000000004
413,manang,MANANG_S7_P2312_R3,2023,1,202.0,434.32,wheat,NA,NA,2981.0,NA,NA,983.73,347.41
414,manang,MANANG_S7_P2312_R3,2024,2,230.0,372.24345220000004,Wheat,NA,NA,2100.0,NA,NA,693.0,90.75654779999996
415,manang,MANANG_S5_P1234_R1,2023,1,215.5,518.5972,lentil,NA,NA,907.0,NA,NA,589.5500000000001,-144.54719999999998
416,manang,MANANG_S5_P1234_R1,2024,2,230.0,397.1617173,Wheat,NA,NA,1200.0,NA,NA,396.0,-231.16171730000002
417,manang,MANANG_S3_P1231_R3,2023,1,204.5,501.3472,lentil,NA,NA,815.0,NA,NA,529.75,-176.0972
418,manang,MANANG_S3_P1231_R3,2024,2,193.5,189.30169999999998,Lentil,NA,NA,400.0,NA,NA,260.0,-122.80169999999998
419,manang,MANANG_S4_P4123_R2,2023,1,202.0,434.32,wheat,NA,NA,2856.0,NA,NA,942.48,306.16
420,manang,MANANG_S4_P4123_R2,2024,2,193.5,189.30169999999998,Lentil,NA,NA,400.0,NA,NA,260.0,-122.80169999999998
421,manang,MANANG_S5_P1234_R3,2023,1,204.5,501.3472,lentil,NA,NA,948.0,NA,NA,616.2,-89.64719999999994
422,manang,MANANG_S5_P1234_R3,2024,2,230.0,397.1617173,Wheat,NA,NA,2300.0,NA,NA,759.0,131.83828269999998
423,manang,MANANG_S8.2_P2312_R2,2023,1,213.0,434.32,wheat,NA,NA,3349.0,NA,NA,1105.17,457.8500000000001
424,manang,MANANG_S8.2_P2312_R2,2024,2,230.0,364.08917620000005,Wheat,NA,NA,1800.0,NA,NA,594.0,-0.089176200000054
425,manang,MANANG_S9_P2312_R1,2023,1,202.0,434.32,wheat,NA,NA,2843.0,NA,NA,938.19,301.87000000000006
426,manang,MANANG_S9_P2312_R1,2024,2,210.5,434.56885679999993,Oats,NA,NA,5100.0,NA,NA,1213.8,568.7311432
427,manang,MANANG_S6_P1111_R5,2023,1,191.0,434.32,wheat,NA,NA,2556.0,NA,NA,843.48,218.16000000000003
428,manang,MANANG_S12_P0000_R3,2023,1,182.5,412.09999999999997,canola,NA,NA,1144.0,NA,NA,711.568,116.96800000000002
429,manang,MANANG_S12_P0000_R3,2024,2,221.5,335.56190395000004,Wheat,NA,NA,2200.0,NA,NA,726.0,168.93809604999996
430,manang,MANANG_S5_P4123_R3,2023,1,180.0,434.32,wheat,NA,NA,2713.0,NA,NA,895.2900000000001,280.9700000000001
431,manang,MANANG_S5_P4123_R3,2024,2,193.5,189.30169999999998,Lentil,NA,NA,1600.0,NA,NA,1040.0,657.1983
432,manang,MANANG_S10.2_P1231_R3,2023,1,213.0,448.4972,wheat,vetch,NA,3429.0,0.0,NA,0.0,-661.4972
433,manang,MANANG_S10.2_P1231_R3,2024,2,221.5,375.07880445,Wheat,NA,NA,2100.0,NA,NA,693.0,96.42119555
434,manang,MANANG_S1.3_P3123_R1,2023,1,202.0,479.32,wheat,NA,NA,3598.0,NA,NA,1187.34,506.0199999999999
435,manang,MANANG_S1.3_P3123_R1,2024,2,193.5,189.30169999999998,Lentil,NA,NA,200.0,NA,NA,130.0,-252.80169999999998
436,manang,MANANG_S1.3_P1231_R1,2023,1,215.5,518.5971999999999,lentil,NA,NA,1090.0,NA,NA,708.5,-25.59719999999993
437,manang,MANANG_S1.3_P1231_R1,2024,2,230.0,451.37148745,Wheat,NA,NA,1000.0,NA,NA,330.0,-351.37148745
438,manang,MANANG_S10.1_P1231_R3,2023,1,213.0,448.4972,wheat,vetch,NA,2602.0,0.0,NA,0.0,-661.4972
439,manang,MANANG_S10.1_P1231_R3,2024,2,230.0,393.24006640000005,Wheat,NA,NA,2100.0,NA,NA,693.0,69.75993359999995
440,manang,MANANG_S4_P1234_R1,2023,1,226.5,501.3472,lentil,NA,NA,672.0,NA,NA,436.8,-291.0472
441,manang,MANANG_S4_P1234_R1,2024,2,210.5,357.80696340000003,Canola,NA,NA,2200.0,NA,NA,1368.4,800.0930366
442,manang,MANANG_S8.1_P3123_R2,2023,1,191.0,434.32,wheat,NA,NA,3875.0,NA,NA,1278.75,653.4300000000001
443,manang,MANANG_S8.1_P3123_R2,2024,2,204.5,215.80219999999997,Vetch,NA,NA,0.0,NA,NA,0.0,-420.30219999999997
444,manang,MANANG_S10.2_P3123_R3,2023,1,213.0,434.32,wheat,NA,NA,2862.0,NA,NA,944.46,297.14000000000004
445,manang,MANANG_S10.2_P3123_R3,2024,2,219.0,354.18498065,Wheat,Vetch,NA,2100.0,NA,NA,693.0,119.81501935
446,manang,MANANG_S9_P1231_R2,2023,1,226.5,524.5,vetch,NA,NA,0.0,NA,NA,0.0,-751.0
447,manang,MANANG_S9_P1231_R2,2024,2,221.5,362.70835425,Wheat,NA,NA,2300.0,NA,NA,759.0,174.79164575
448,manang,MANANG_S7_P2312_R1,2023,1,191.0,434.32,wheat,NA,NA,2744.0,NA,NA,905.52,280.2
449,manang,MANANG_S7_P2312_R1,2024,2,230.0,372.24345220000004,Wheat,NA,NA,1200.0,NA,NA,396.0,-206.24345220000004
450,manang,MANANG_S5_P1234_R2,2023,1,204.5,501.3472,lentil,NA,NA,1081.0,NA,NA,702.65,-3.1972000000000094
451,manang,MANANG_S5_P1234_R2,2024,2,230.0,397.1617173,Wheat,NA,NA,2100.0,NA,NA,693.0,65.83828269999998
452,manang,MANANG_S5_P4123_R1,2023,1,202.0,434.32,wheat,NA,NA,2791.0,NA,NA,921.03,284.71
453,manang,MANANG_S5_P4123_R1,2024,2,193.5,189.30169999999998,Lentil,NA,NA,100.0,NA,NA,65.0,-317.8017
454,manang,MANANG_S8.1_P2312_R3,2023,1,191.0,434.32,wheat,NA,NA,3238.0,NA,NA,1068.54,443.21999999999997
455,manang,MANANG_S8.1_P2312_R3,2024,2,230.0,396.09793845,Wheat,NA,NA,2100.0,NA,NA,693.0,66.90206154999998
456,manang,MANANG_S13_P0000_R1,2023,1,182.5,513.0999999999999,canola,NA,NA,912.0,NA,NA,567.264,-128.3359999999999
457,manang,MANANG_S13_P0000_R1,2024,2,221.5,311.91542175,Wheat,NA,NA,1166.6666666666667,NA,NA,385.00000000000006,-148.41542174999995
458,manang,MANANG_S3_P3123_R1,2023,1,202.0,434.32,wheat,NA,NA,2607.0,NA,NA,860.3100000000001,223.99000000000007
459,manang,MANANG_S3_P3123_R1,2024,2,193.5,189.30169999999998,Lentil,NA,NA,200.0,NA,NA,130.0,-252.80169999999998
460,manang,MANANG_S6_P1111_R2,2023,1,180.0,434.32,wheat,NA,NA,3636.0,NA,NA,1199.88,585.5600000000002
461,manang,MANANG_S6_P1111_R2,2024,2,230.0,416.05148280000003,Wheat,NA,NA,1950.0,NA,NA,643.5,-2.5514828000000307
462,manang,MANANG_S1.1_P1231_R3,2023,1,215.5,501.3472,lentil,NA,NA,1014.0,NA,NA,659.1,-57.747199999999964
463,manang,MANANG_S1.1_P1231_R3,2024,2,213.0,294.26919999999996,Wheat,NA,NA,2000.0,NA,NA,660.0,152.73080000000004
464,manang,MANANG_S10.2_P1231_R1,2023,1,213.0,448.4972,wheat,vetch,NA,2705.0,0.0,NA,0.0,-661.4972
465,manang,MANANG_S10.2_P1231_R1,2024,2,221.5,375.07880444999995,Wheat,NA,NA,600.0,NA,NA,198.0,-398.57880444999995
466,manang,MANANG_S9_P1231_R3,2023,1,226.5,524.5,vetch,NA,NA,0.0,NA,NA,0.0,-751.0
467,manang,MANANG_S9_P1231_R3,2024,2,221.5,362.70835425,Wheat,NA,NA,2400.0,NA,NA,792.0,207.79164575
468,manang,MANANG_S9_P3123_R1,2023,1,224.0,517.72,oat,NA,NA,0.0,NA,NA,0.0,-741.72
469,manang,MANANG_S9_P3123_R1,2024,2,193.5,210.7522,Vetch,NA,NA,1100.0,NA,NA,0.0,-404.2522
470,manang,MANANG_S2_P1212_R2,2023,1,204.5,501.3472,lentil,NA,NA,1145.0,NA,NA,744.25,38.40280000000001
471,manang,MANANG_S2_P1212_R2,2024,2,230.0,420.27051550000004,Wheat,NA,NA,1900.0,NA,NA,627.0,-23.270515500000045
472,manang,MANANG_S8.2_P1231_R2,2023,1,248.5,524.5,vetch,NA,NA,0.0,NA,NA,0.0,-773.0
473,manang,MANANG_S8.2_P1231_R2,2024,2,221.5,363.6054763,Wheat,NA,NA,2400.0,NA,NA,792.0,206.89452369999998
474,manang,MANANG_S1.3_P1231_R3,2023,1,204.5,501.3472,lentil,NA,NA,868.0,NA,NA,564.2,-141.64719999999994
475,manang,MANANG_S1.3_P1231_R3,2024,2,230.0,451.37148745,Wheat,NA,NA,400.0,NA,NA,132.0,-549.37148745
476,manang,MANANG_S10.2_P1231_R2,2023,1,213.0,448.4972,wheat,vetch,NA,3005.0,0.0,NA,0.0,-661.4972
477,manang,MANANG_S10.2_P1231_R2,2024,2,221.5,375.07880445,Wheat,NA,NA,1800.0,NA,NA,594.0,-2.578804450000007
478,manang,MANANG_S1.2_P1231_R3,2023,1,215.5,501.3472,lentil,NA,NA,693.0,NA,NA,450.45,-266.3972
479,manang,MANANG_S1.2_P1231_R3,2024,2,230.0,380.6001286,Wheat,NA,NA,2400.0,NA,NA,792.0,181.3998714
480,manang,MANANG_S8.2_P2312_R1,2023,1,202.0,434.32,wheat,NA,NA,2828.0,NA,NA,933.24,296.92
481,manang,MANANG_S8.2_P2312_R1,2024,2,230.0,364.08917620000005,Wheat,NA,NA,800.0,NA,NA,264.0,-330.08917620000005
482,manang,MANANG_S11_P2121_R1,2023,1,202.0,434.32,wheat,NA,NA,3798.0,NA,NA,1253.34,617.02
483,manang,MANANG_S11_P2121_R1,2024,2,210.5,371.52683735000005,Wheat,Vetch,NA,900.0,NA,NA,297.0,-285.02683735000005
484,manang,MANANG_S10.2_P3123_R2,2023,1,191.0,434.32,wheat,NA,NA,2758.0,NA,NA,910.14,284.82
485,manang,MANANG_S10.2_P3123_R2,2024,2,219.0,354.18498065,Wheat,Vetch,NA,1900.0,NA,NA,627.0,53.81501935
486,manang,MANANG_S1.1_P3123_R2,2023,1,202.0,458.82,wheat,NA,NA,3782.0,NA,NA,1248.06,587.24
487,manang,MANANG_S1.1_P3123_R2,2024,2,193.5,189.30169999999998,Lentil,NA,NA,300.0,NA,NA,195.0,-187.80169999999998
488,manang,MANANG_S5_P2341_R3,2023,1,191.0,434.32,wheat,NA,NA,3540.0,NA,NA,1168.2,542.8800000000001
489,manang,MANANG_S5_P2341_R3,2024,2,230.0,432.25104230000005,Wheat,NA,NA,1900.0,NA,NA,627.0,-35.25104230000005
490,manang,MANANG_S8.2_P3123_R1,2023,1,202.0,434.32,wheat,NA,NA,2874.0,NA,NA,948.42,312.09999999999997
491,manang,MANANG_S8.2_P3123_R1,2024,2,193.5,210.75219999999996,Vetch,NA,NA,0.0,NA,NA,0.0,-404.25219999999996
492,manang,MANANG_S10.1_P3123_R2,2023,1,204.5,409.82,wheat,NA,NA,3451.0,NA,NA,1138.8300000000002,524.5100000000002
493,manang,MANANG_S10.1_P3123_R2,2024,2,193.5,207.1572,Wheat,Vetch,NA,1700.0,NA,NA,561.0,160.3428
494,manang,MANANG_S8.1_P1231_R2,2023,1,204.5,524.5,vetch,NA,NA,0.0,NA,NA,0.0,-729.0
495,manang,MANANG_S8.1_P1231_R2,2024,2,221.5,407.66779940000004,Wheat,NA,NA,1500.0,NA,NA,495.0,-134.16779940000004
496,manang,MANANG_S1.1_P2312_R2,2023,1,213.0,458.82,wheat,NA,NA,3365.0,NA,NA,1110.45,438.63000000000005
497,manang,MANANG_S1.1_P2312_R2,2024,2,213.0,315.7692,Wheat,NA,NA,1500.0,NA,NA,495.0,-33.76920000000001
498,manang,MANANG_S3_P1231_R1,2023,1,204.5,501.3472,lentil,NA,NA,888.0,NA,NA,577.2,-128.64719999999994
499,manang,MANANG_S3_P1231_R1,2024,2,193.5,189.30169999999998,Lentil,NA,NA,200.0,NA,NA,130.0,-252.80169999999998
500,manang,MANANG_S5_P3412_R2,2023,1,202.0,434.32,wheat,NA,NA,2714.0,NA,NA,895.62,259.3
501,manang,MANANG_S5_P3412_R2,2024,2,230.0,386.07162275,Wheat,NA,NA,1400.0,NA,NA,462.0,-154.07162275000002
502,manang,MANANG_S3_P2312_R2,2023,1,204.5,501.3472,lentil,NA,NA,695.0,NA,NA,451.75,-254.0972
503,manang,MANANG_S3_P2312_R2,2024,2,221.5,402.6359803,Wheat,NA,NA,1900.0,NA,NA,627.0,2.8640196999999716
504,manang,MANANG_S7_P3123_R3,2023,1,202.0,434.32,wheat,NA,NA,3019.0,NA,NA,996.27,359.95
505,manang,MANANG_S1.2_P2312_R3,2023,1,202.0,434.32,wheat,NA,NA,2940.0,NA,NA,970.2,333.88000000000005
506,manang,MANANG_S1.2_P2312_R3,2024,2,230.0,405.9979634,Wheat,NA,NA,2200.0,NA,NA,726.0,90.0020366
507,manang,MANANG_S4_P3412_R1,2023,1,213.0,434.32,wheat,NA,NA,3138.0,NA,NA,1035.54,388.21999999999997
508,manang,MANANG_S4_P3412_R1,2024,2,230.0,389.30201015000006,Wheat,NA,NA,1400.0,NA,NA,462.0,-157.30201015000006
509,manang,MANANG_S4_P4123_R1,2023,1,213.0,434.32,wheat,NA,NA,3129.0,NA,NA,1032.57,385.24999999999994
510,manang,MANANG_S4_P4123_R1,2024,2,193.5,189.3017,Lentil,NA,NA,200.0,NA,NA,130.0,-252.8017
511,manang,MANANG_S4_P2341_R2,2023,1,202.0,450.5,canola,NA,NA,1344.0,NA,NA,835.968,183.46799999999996
512,manang,MANANG_S4_P2341_R2,2024,2,221.5,376.47051765000003,Wheat,NA,NA,1900.0,NA,NA,627.0,29.029482349999967
513,manang,MANANG_S8.1_P1231_R1,2023,1,215.5,524.5,vetch,NA,NA,0.0,NA,NA,0.0,-740.0
514,manang,MANANG_S8.1_P1231_R1,2024,2,221.5,407.6677994,Wheat,NA,NA,1500.0,NA,NA,495.0,-134.16779939999998
515,manang,MANANG_S4_P1234_R2,2023,1,204.5,501.3472,lentil,NA,NA,1079.0,NA,NA,701.35,-4.497199999999964
516,manang,MANANG_S4_P1234_R2,2024,2,210.5,357.80696340000003,Canola,NA,NA,600.0,NA,NA,373.2,-195.10696340000004
517,manang,MANANG_S13_P0000_R6,2023,1,182.5,513.0999999999999,canola,NA,NA,1202.0,NA,NA,747.644,52.044000000000096
518,manang,MANANG_S4_P4123_R3,2023,1,202.0,434.32,wheat,NA,NA,2910.0,NA,NA,960.3,323.97999999999996
519,manang,MANANG_S4_P4123_R3,2024,2,193.5,189.3017,Lentil,NA,NA,400.0,NA,NA,260.0,-122.80170000000001
520,manang,MANANG_S5_P3412_R3,2023,1,202.0,434.32,wheat,NA,NA,3475.0,NA,NA,1146.75,510.43
521,manang,MANANG_S5_P3412_R3,2024,2,230.0,386.07162275,Wheat,NA,NA,300.0,NA,NA,99.0,-517.07162275
522,manang,MANANG_S1.3_P3123_R3,2023,1,213.0,479.32,wheat,NA,NA,3146.0,NA,NA,1038.18,345.86000000000007
523,manang,MANANG_S1.3_P3123_R3,2024,2,193.5,189.30169999999998,Lentil,NA,NA,300.0,NA,NA,195.0,-187.80169999999998
524,manang,MANANG_S6_P1111_R1,2023,1,191.0,434.32,wheat,NA,NA,3445.0,NA,NA,1136.85,511.5299999999999
525,manang,MANANG_S6_P1111_R1,2024,2,230.0,416.05148280000003,Wheat,NA,NA,950.0,NA,NA,313.5,-332.55148280000003
526,manang,MANANG_S3_P3123_R2,2023,1,202.0,434.32,wheat,NA,NA,3614.0,NA,NA,1192.62,556.3
527,manang,MANANG_S3_P3123_R2,2024,2,193.5,189.30169999999998,Lentil,NA,NA,1600.0,NA,NA,1040.0,657.1983
528,manang,MANANG_S3_P2312_R1,2023,1,193.5,501.3472,lentil,NA,NA,944.0,NA,NA,613.6,-81.24719999999996
529,manang,MANANG_S3_P2312_R1,2024,2,221.5,402.6359803,Wheat,NA,NA,1700.0,NA,NA,561.0,-63.13598030000003
530,manang,MANANG_S12_P0000_R7,2023,1,193.5,412.09999999999997,canola,NA,NA,1382.0,NA,NA,859.604,254.00400000000008
531,manang,MANANG_S8.2_P1231_R1,2023,1,226.5,524.5,vetch,NA,NA,0.0,NA,NA,0.0,-751.0
532,manang,MANANG_S8.2_P1231_R1,2024,2,221.5,363.6054763,Wheat,NA,NA,1600.0,NA,NA,528.0,-57.10547630000002
533,manang,MANANG_S4_P1234_R3,2023,1,226.5,501.3472,lentil,NA,NA,884.0,NA,NA,574.6,-153.24719999999996
534,manang,MANANG_S4_P1234_R3,2024,2,210.5,357.80696340000003,Canola,NA,NA,800.0,NA,NA,497.6,-70.7069634
535,manang,MANANG_S8.2_P2312_R3,2023,1,202.0,434.32,wheat,NA,NA,2330.0,NA,NA,768.9000000000001,132.5800000000001
536,manang,MANANG_S8.2_P2312_R3,2024,2,230.0,364.08917620000005,Wheat,NA,NA,2600.0,NA,NA,858.0,263.91082379999995
537,manang,MANANG_S10.2_P2312_R1,2023,1,180.0,434.32,wheat,NA,NA,3656.0,NA,NA,1206.48,592.1600000000001
538,manang,MANANG_S10.2_P2312_R1,2024,2,221.5,403.34943890000005,Wheat,NA,NA,700.0,NA,NA,231.0,-393.84943890000005
539,manang,MANANG_S6_P1111_R4,2023,1,180.0,434.32,wheat,NA,NA,3628.0,NA,NA,1197.24,582.9200000000001
540,manang,MANANG_S4_P2341_R1,2023,1,191.0,450.5,canola,NA,NA,1248.0,NA,NA,776.256,134.75599999999997
541,manang,MANANG_S4_P2341_R1,2024,2,221.5,376.47051765,Wheat,NA,NA,1200.0,NA,NA,396.0,-201.97051764999998
542,manang,MANANG_S12_P0000_R9,2023,1,193.5,412.09999999999997,canola,NA,NA,1441.0,NA,NA,896.302,290.70200000000006
543,manang,MANANG_S3_P3123_R3,2023,1,191.0,434.32,wheat,NA,NA,2488.0,NA,NA,821.0400000000001,195.72000000000008
544,manang,MANANG_S3_P3123_R3,2024,2,193.5,189.30169999999998,Lentil,NA,NA,2300.0,NA,NA,1495.0,1112.1983
545,manang,MANANG_S1.2_P2312_R1,2023,1,202.0,434.32,wheat,NA,NA,3349.0,NA,NA,1105.17,468.8500000000001
546,manang,MANANG_S1.2_P2312_R1,2024,2,230.0,405.9979634,Wheat,NA,NA,800.0,NA,NA,264.0,-371.9979634
547,manang,MANANG_S1.3_P2312_R1,2023,1,213.0,479.32,wheat,NA,NA,3726.0,NA,NA,1229.5800000000002,537.2600000000002
548,manang,MANANG_S1.3_P2312_R1,2024,2,221.5,498.44224845,Wheat,NA,NA,1300.0,NA,NA,429.0,-290.94224845
549,manang,MANANG_S8.1_P3123_R3,2023,1,202.0,434.32,wheat,NA,NA,3347.0,NA,NA,1104.51,468.19
550,manang,MANANG_S8.1_P3123_R3,2024,2,204.5,215.80219999999997,Vetch,NA,NA,0.0,NA,NA,0.0,-420.30219999999997
551,manang,MANANG_S1.3_P2312_R2,2023,1,202.0,479.32,wheat,NA,NA,3184.0,NA,NA,1050.72,369.40000000000003
552,manang,MANANG_S1.3_P2312_R2,2024,2,221.5,498.44224845,Wheat,NA,NA,2000.0,NA,NA,660.0,-59.94224845000002
553,manang,MANANG_S8.1_P2312_R2,2023,1,191.0,434.32,wheat,NA,NA,3156.0,NA,NA,1041.48,416.16
554,manang,MANANG_S8.1_P2312_R2,2024,2,230.0,396.09793845,Wheat,NA,NA,1200.0,NA,NA,396.0,-230.09793845000002
555,manang,MANANG_S12_P0000_R5,2023,1,193.5,412.09999999999997,canola,NA,NA,1642.0,NA,NA,1021.324,415.724
556,manang,MANANG_S5_P2341_R2,2023,1,213.0,434.32,wheat,NA,NA,3197.0,NA,NA,1055.01,407.69
557,manang,MANANG_S5_P2341_R2,2024,2,230.0,432.25104230000005,Wheat,NA,NA,500.0,NA,NA,165.0,-497.25104230000005
558,manang,MANANG_S7_P2312_R2,2023,1,213.0,434.32,wheat,NA,NA,3181.0,NA,NA,1049.73,402.41
559,manang,MANANG_S7_P2312_R2,2024,2,230.0,372.24345220000004,Wheat,NA,NA,1900.0,NA,NA,627.0,24.756547799999964
560,manang,MANANG_S4_P2341_R3,2023,1,191.0,450.5,canola,NA,NA,1338.0,NA,NA,832.236,190.736
561,manang,MANANG_S4_P2341_R3,2024,2,221.5,376.47051765000003,Wheat,NA,NA,2200.0,NA,NA,726.0,128.02948234999997
562,manang,MANANG_S9_P2312_R3,2023,1,202.0,434.32,wheat,NA,NA,3037.0,NA,NA,1002.21,365.89000000000004
563,manang,MANANG_S9_P2312_R3,2024,2,210.5,434.5688568,Oats,NA,NA,5000.0,NA,NA,1190.0,544.9311432
564,manang,MANANG_S1.3_P2312_R3,2023,1,191.0,479.32,wheat,NA,NA,3274.0,NA,NA,1080.42,410.1000000000001
565,manang,MANANG_S1.3_P2312_R3,2024,2,221.5,498.44224845,Wheat,NA,NA,1900.0,NA,NA,627.0,-92.94224845000002
566,manang,MANANG_S10.2_P2312_R2,2023,1,191.0,434.32,wheat,NA,NA,2598.0,NA,NA,857.34,232.02000000000004
567,manang,MANANG_S10.2_P2312_R2,2024,2,221.5,403.3494389,Wheat,NA,NA,1800.0,NA,NA,594.0,-30.849438899999996
568,manang,MANANG_S10.1_P2312_R3,2023,1,193.5,409.82,wheat,NA,NA,3383.0,NA,NA,1116.39,513.0700000000002
569,manang,MANANG_S10.1_P2312_R3,2024,2,230.0,398.2465015,Wheat,NA,NA,2400.0,NA,NA,792.0,163.75349849999998
570,manang,MANANG_S11_P1212_R1,2023,1,213.0,448.4972,wheat,vetch,NA,2935.0,0.0,NA,0.0,-661.4972
571,manang,MANANG_S11_P1212_R1,2024,2,230.0,386.26415265,Wheat,NA,NA,700.0,NA,NA,231.0,-385.26415265
572,manang,MANANG_S9_P1231_R1,2023,1,237.5,524.5,vetch,NA,NA,0.0,NA,NA,0.0,-762.0
573,manang,MANANG_S9_P1231_R1,2024,2,221.5,362.70835425,Wheat,NA,NA,700.0,NA,NA,231.0,-353.20835425
574,manang,MANANG_S13_P0000_R5,2023,1,171.5,513.0999999999999,canola,NA,NA,1263.0,NA,NA,785.586,100.9860000000001
575,manang,MANANG_S2_P1212_R3,2023,1,215.5,501.34720000000004,lentil,NA,NA,674.0,NA,NA,438.1,-278.7472
576,manang,MANANG_S2_P1212_R3,2024,2,230.0,420.27051550000004,Wheat,NA,NA,900.0,NA,NA,297.0,-353.27051550000004
577,manang,MANANG_S1.2_P3123_R1,2023,1,180.0,434.32,wheat,NA,NA,3151.0,NA,NA,1039.8300000000002,425.51000000000016
578,manang,MANANG_S1.2_P3123_R1,2024,2,193.5,189.3017,Lentil,NA,NA,300.0,NA,NA,195.0,-187.8017
579,manang,MANANG_S12_P0000_R2,2023,1,182.5,412.09999999999997,canola,NA,NA,1391.0,NA,NA,865.202,270.60200000000003
580,manang,MANANG_S12_P0000_R2,2024,2,221.5,335.56190395000004,Wheat,NA,NA,1700.0,NA,NA,561.0,3.938096049999956
581,manang,MANANG_S6_P1111_R3,2023,1,202.0,434.32,wheat,NA,NA,2823.0,NA,NA,931.59,295.27000000000004
582,manang,MANANG_S6_P1111_R3,2024,2,230.0,416.05148280000003,Wheat,NA,NA,650.0,NA,NA,214.5,-431.55148280000003
583,manang,MANANG_S10.1_P3123_R1,2023,1,182.5,409.82,wheat,NA,NA,3270.0,NA,NA,1079.1,486.7799999999999
584,manang,MANANG_S10.1_P3123_R1,2024,2,193.5,207.1572,Wheat,Vetch,NA,900.0,NA,NA,297.0,-103.65719999999999
585,manang,MANANG_S12_P0000_R4,2023,1,182.5,412.09999999999997,canola,NA,NA,1477.0,NA,NA,918.694,324.094
586,manang,MANANG_S7_P3123_R1,2023,1,191.0,434.32,wheat,NA,NA,3405.0,NA,NA,1123.65,498.3300000000001
587,manang,MANANG_S4_P3412_R2,2023,1,180.0,434.32,wheat,NA,NA,3129.0,NA,NA,1032.57,418.24999999999994
588,manang,MANANG_S4_P3412_R2,2024,2,230.0,389.30201015000006,Wheat,NA,NA,1500.0,NA,NA,495.0,-124.30201015000006
589,manang,MANANG_S13_P0000_R7,2023,1,171.5,513.0999999999999,canola,NA,NA,1419.0,NA,NA,882.618,198.01800000000014
590,manang,MANANG_S13_P0000_R4,2023,1,193.5,513.1,canola,NA,NA,1476.0,NA,NA,918.072,211.47199999999998
591,manang,MANANG_S2_P2121_R3,2023,1,202.0,434.32,wheat,NA,NA,3182.0,NA,NA,1050.06,413.73999999999995
592,manang,MANANG_S2_P2121_R3,2024,2,193.5,189.30169999999998,Lentil,NA,NA,300.0,NA,NA,195.0,-187.80169999999998
593,manang,MANANG_S1.1_P2312_R3,2023,1,213.0,458.82,wheat,NA,NA,3331.0,NA,NA,1099.23,427.41
594,manang,MANANG_S1.1_P2312_R3,2024,2,213.0,315.7692,Wheat,NA,NA,2000.0,NA,NA,660.0,131.2308
595,manang,MANANG_S5_P2341_R1,2023,1,202.0,434.32,wheat,NA,NA,3121.0,NA,NA,1029.93,393.61000000000007
596,manang,MANANG_S5_P2341_R1,2024,2,230.0,432.25104230000005,Wheat,NA,NA,1100.0,NA,NA,363.0,-299.25104230000005
597,manang,MANANG_S4_P3412_R3,2023,1,191.0,434.32,wheat,NA,NA,2473.0,NA,NA,816.09,190.77000000000004
598,manang,MANANG_S4_P3412_R3,2024,2,230.0,389.30201015000006,Wheat,NA,NA,2200.0,NA,NA,726.0,106.69798984999994
599,manang,MANANG_S9_P3123_R3,2023,1,224.0,517.72,oat,NA,NA,0.0,NA,NA,0.0,-741.72
600,manang,MANANG_S9_P3123_R3,2024,2,193.5,210.7522,Vetch,NA,NA,2200.0,NA,NA,0.0,-404.2522
601,manang,MANANG_S8.1_P2312_R1,2023,1,202.0,434.32,wheat,NA,NA,3536.0,NA,NA,1166.88,530.5600000000002
602,manang,MANANG_S8.1_P2312_R1,2024,2,230.0,396.09793845,Wheat,NA,NA,700.0,NA,NA,231.0,-395.09793845
603,manang,MANANG_S2_P2121_R2,2023,1,202.0,434.32,wheat,NA,NA,3007.0,NA,NA,992.31,355.98999999999995
604,manang,MANANG_S2_P2121_R2,2024,2,193.5,189.30169999999998,Lentil,NA,NA,500.0,NA,NA,325.0,-57.80169999999998
605,manang,MANANG_S13_P0000_R3,2023,1,182.5,513.1,canola,NA,NA,1158.0,NA,NA,720.276,24.67599999999993
606,manang,MANANG_S13_P0000_R3,2024,2,221.5,311.91542175,Wheat,NA,NA,2166.6666666666665,NA,NA,715.0,181.58457825
607,manang,MANANG_S3_P2312_R3,2023,1,193.5,501.3472,lentil,NA,NA,875.0,NA,NA,568.75,-126.09719999999999
608,manang,MANANG_S3_P2312_R3,2024,2,221.5,402.6359803,Wheat,NA,NA,2600.0,NA,NA,858.0,233.86401969999997
609,manang,MANANG_S1.2_P1231_R1,2023,1,215.5,518.5972,lentil,NA,NA,767.0,NA,NA,498.55,-235.54720000000003
610,manang,MANANG_S1.2_P1231_R1,2024,2,230.0,380.6001286,Wheat,NA,NA,1700.0,NA,NA,561.0,-49.600128600000005
611,manang,MANANG_S10.1_P2312_R1,2023,1,171.5,409.82,wheat,NA,NA,2718.0,NA,NA,896.94,315.62000000000006
612,manang,MANANG_S10.1_P2312_R1,2024,2,230.0,398.2465015,Wheat,NA,NA,1400.0,NA,NA,462.0,-166.24650150000002
613,manang,MANANG_S2_P2121_R1,2023,1,191.0,434.32,wheat,NA,NA,3854.0,NA,NA,1271.8200000000002,646.5000000000002
614,manang,MANANG_S2_P2121_R1,2024,2,193.5,189.30169999999998,Lentil,NA,NA,300.0,NA,NA,195.0,-187.80169999999998
615,manang,MANANG_S12_P0000_R8,2023,1,171.5,412.09999999999997,canola,NA,NA,1145.0,NA,NA,712.1899999999999,128.58999999999997
616,manang,MANANG_S8.2_P1231_R3,2023,1,215.5,524.5,vetch,NA,NA,0.0,NA,NA,0.0,-740.0
617,manang,MANANG_S8.2_P1231_R3,2024,2,221.5,363.6054763,Wheat,NA,NA,2000.0,NA,NA,660.0,74.89452369999998
618,manang,MANANG_S8.2_P3123_R2,2023,1,213.0,434.32,wheat,NA,NA,3548.0,NA,NA,1170.84,523.52
619,manang,MANANG_S8.2_P3123_R2,2024,2,193.5,210.75219999999996,Vetch,NA,NA,0.0,NA,NA,0.0,-404.25219999999996
620,manang,MANANG_S9_P2312_R2,2023,1,191.0,434.32,wheat,NA,NA,3229.0,NA,NA,1065.5700000000002,440.25000000000017
621,manang,MANANG_S9_P2312_R2,2024,2,210.5,434.5688568,Oats,NA,NA,6100.0,NA,NA,1451.8,806.7311431999999
622,manang,MANANG_S13_P0000_R2,2023,1,182.5,513.0999999999999,canola,NA,NA,1177.0,NA,NA,732.094,36.49400000000014
623,manang,MANANG_S13_P0000_R2,2024,2,221.5,311.91542175,Wheat,NA,NA,1533.3333333333333,NA,NA,506.0,-27.415421750000007
624,manang,MANANG_S7_P1231_R1,2023,1,274.0,746.7126587,Wheat,NA,NA,1900.0,NA,NA,627.0,-393.7126587
625,manang,MANANG_S1.3_P1231_R2,2023,1,226.5,501.3472,lentil,NA,NA,1031.0,NA,NA,670.15,-57.69720000000001
626,manang,MANANG_S1.3_P1231_R2,2024,2,230.0,451.37148745,Wheat,NA,NA,1700.0,NA,NA,561.0,-120.37148745000002
627,manang,MANANG_S2_P1212_R1,2023,1,204.5,501.3472,lentil,NA,NA,870.0,NA,NA,565.5,-140.3472
628,manang,MANANG_S2_P1212_R1,2024,2,230.0,420.27051550000004,Wheat,NA,NA,1700.0,NA,NA,561.0,-89.27051550000004
629,manang,MANANG_S11_P2121_R2,2023,1,191.0,434.32,wheat,NA,NA,2768.0,NA,NA,913.44,288.12000000000006
630,manang,MANANG_S11_P2121_R2,2024,2,210.5,371.52683735,Wheat,Vetch,NA,1000.0,NA,NA,330.0,-252.02683735
631,manang,MANANG_S5_P4123_R2,2023,1,191.0,434.32,wheat,NA,NA,2353.0,NA,NA,776.49,151.17000000000002
632,manang,MANANG_S5_P4123_R2,2024,2,193.5,189.30169999999998,Lentil,NA,NA,300.0,NA,NA,195.0,-187.80169999999998
633,manang,MANANG_S13_P0000_R8,2023,1,182.5,513.0999999999999,canola,NA,NA,1441.0,NA,NA,896.302,200.7020000000001
634,manang,MANANG_S1.2_P3123_R3,2023,1,191.0,434.32,wheat,NA,NA,3684.0,NA,NA,1215.72,590.4000000000001
635,manang,MANANG_S1.2_P3123_R3,2024,2,193.5,189.3017,Lentil,NA,NA,2500.0,NA,NA,1625.0,1242.1983
636,manang,MANANG_S10.1_P2312_R2,2023,1,204.5,409.82,wheat,NA,NA,2966.0,NA,NA,978.78,364.46
637,manang,MANANG_S10.1_P2312_R2,2024,2,230.0,398.2465015,Wheat,NA,NA,1700.0,NA,NA,561.0,-67.24650150000002
638,manang,MANANG_S6_P1111_R6,2023,1,180.0,434.32,wheat,NA,NA,2927.0,NA,NA,965.91,351.59
639,wallup,WALLUP_S1_P2312_R2,2023,1,169.0,190.47,Wheat,NA,NA,4239.0,NA,NA,1398.87,1039.3999999999999
640,wallup,WALLUP_S2_P1234_R3,2023,1,171.5,205.74720000000002,Lentil,NA,NA,2149.0,NA,NA,1396.85,1019.6027999999999
641,wallup,WALLUP_S5_P0000_R2,2023,1,158.0,201.47,Wheat,NA,NA,4675.0,NA,NA,1542.75,1183.28
642,wallup,WALLUP_S3_P2341_R2,2023,1,147.0,521.3,Canola,NA,NA,2461.0,NA,NA,1530.742,862.442
643,wallup,WALLUP_S2_P2341_R2,2023,1,147.0,521.3,Canola,NA,NA,2187.0,NA,NA,1360.314,692.0140000000001
644,wallup,WALLUP_S2_P2341_R3,2023,1,158.0,521.3,Canola,NA,NA,2628.0,NA,NA,1634.616,955.316
645,wallup,WALLUP_S1_P1231_R1,2023,1,160.5,205.7472,Lentil,NA,NA,2427.0,NA,NA,1577.55,1211.3028
646,wallup,WALLUP_S2_P4123_R1,2023,1,180.0,377.97,Wheat,NA,NA,4603.0,NA,NA,1518.99,961.02
647,wallup,WALLUP_S1_P3123_R1,2023,1,169.0,190.47,Wheat,NA,NA,4259.0,NA,NA,1405.47,1046.0
648,wallup,WALLUP_S4_P1231_R1,2023,1,160.5,205.74720000000002,Lentil,fababean,NA,3411.0,0.0,NA,2217.15,1850.9028
649,wallup,WALLUP_S3_P3412_R3,2023,1,180.0,377.96999999999997,Wheat,NA,NA,5028.0,NA,NA,1659.24,1101.27
650,wallup,WALLUP_S3_P2341_R1,2023,1,147.0,521.3,Canola,NA,NA,2495.0,NA,NA,1551.89,883.5900000000001
651,wallup,WALLUP_S2_P3412_R2,2023,1,180.0,377.97,Wheat,NA,NA,4792.0,NA,NA,1581.36,1023.3899999999999
652,wallup,WALLUP_S3_P1234_R1,2023,1,171.5,204.3972,Vetch,NA,NA,0.0,NA,NA,0.0,-375.8972
653,wallup,WALLUP_S1_P3123_R2,2023,1,158.0,190.47,Wheat,NA,NA,4690.0,NA,NA,1547.7,1199.23
654,wallup,WALLUP_S4_P2312_R3,2023,1,158.0,377.97,Wheat,NA,NA,4744.0,NA,NA,1565.52,1029.55
655,wallup,WALLUP_S6_P0000_R3,2023,1,158.0,218.72,Wheat,NA,NA,4665.0,NA,NA,1539.45,1162.73
656,wallup,WALLUP_S3_P1234_R3,2023,1,160.5,204.39719999999997,Vetch,NA,NA,0.0,NA,NA,0.0,-364.8972
657,wallup,WALLUP_S1_P3123_R3,2023,1,169.0,190.47,Wheat,NA,NA,4660.0,NA,NA,1537.8000000000002,1178.3300000000002
658,wallup,WALLUP_S4_P3123_R3,2023,1,169.0,377.96999999999997,Wheat,NA,NA,4781.0,NA,NA,1577.73,1030.76
659,wallup,WALLUP_S1_P2312_R3,2023,1,169.0,190.47,Wheat,NA,NA,4924.0,NA,NA,1624.92,1265.45
660,wallup,WALLUP_S2_P2341_R1,2023,1,158.0,521.3,Canola,NA,NA,2607.0,NA,NA,1621.554,942.2540000000001
661,wallup,WALLUP_S2_P1234_R2,2023,1,171.5,205.74720000000002,Lentil,NA,NA,3120.0,NA,NA,2028.0,1650.7528
662,wallup,WALLUP_S4_P1231_R3,2023,1,160.5,178.2472,Lentil,fababean,NA,2916.0,0.0,NA,1895.4,1556.6528
663,wallup,WALLUP_S2_P4123_R3,2023,1,180.0,377.97,Wheat,NA,NA,4999.0,NA,NA,1649.67,1091.7
664,wallup,WALLUP_S1_P1231_R3,2023,1,160.5,205.74720000000002,Lentil,NA,NA,2767.0,NA,NA,1798.55,1432.3028
665,wallup,WALLUP_S3_P3412_R1,2023,1,180.0,377.97,Wheat,NA,NA,5092.0,NA,NA,1680.36,1122.3899999999999
666,wallup,WALLUP_S3_P3412_R2,2023,1,180.0,377.97,Wheat,NA,NA,4094.0,NA,NA,1351.02,793.05
667,wallup,WALLUP_S2_P4123_R2,2023,1,158.0,377.97,Wheat,NA,NA,5203.0,NA,NA,1716.99,1181.02
668,wallup,WALLUP_S2_P3412_R3,2023,1,180.0,377.96999999999997,Wheat,NA,NA,4905.0,NA,NA,1618.65,1060.68
669,wallup,WALLUP_S5_P0000_R3,2023,1,169.0,201.47,Wheat,NA,NA,4019.0,NA,NA,1326.27,955.8
670,wallup,WALLUP_S4_P3123_R2,2023,1,158.0,377.97,Wheat,NA,NA,4961.0,NA,NA,1637.13,1101.16
671,wallup,WALLUP_S2_P1234_R1,2023,1,171.5,205.74720000000002,Lentil,NA,NA,2670.0,NA,NA,1735.5,1358.2528
672,wallup,WALLUP_S3_P1234_R2,2023,1,160.5,204.3972,Vetch,NA,NA,0.0,NA,NA,0.0,-364.8972
673,wallup,WALLUP_S3_P4123_R1,2023,1,169.0,377.96999999999997,Wheat,NA,NA,4622.0,NA,NA,1525.26,978.29
674,wallup,WALLUP_S3_P4123_R2,2023,1,180.0,377.97,Wheat,NA,NA,4782.0,NA,NA,1578.0600000000002,1020.0900000000001
675,wallup,WALLUP_S3_P4123_R3,2023,1,180.0,377.96999999999997,Wheat,NA,NA,5140.0,NA,NA,1696.2,1138.23
676,wallup,WALLUP_S4_P3123_R1,2023,1,158.0,377.97,Wheat,NA,NA,4908.0,NA,NA,1619.64,1083.67
677,wallup,WALLUP_S4_P1231_R2,2023,1,171.5,233.24720000000002,Lentil,fababean,NA,2694.0,0.0,NA,1751.1,1346.3528
678,wallup,WALLUP_S4_P2312_R1,2023,1,180.0,377.97,Wheat,NA,NA,4905.0,NA,NA,1618.65,1060.68
679,wallup,WALLUP_S5_P0000_R1,2023,1,158.0,201.47,Wheat,NA,NA,4557.0,NA,NA,1503.8100000000002,1144.3400000000001
680,wallup,WALLUP_S4_P2312_R2,2023,1,158.0,377.96999999999997,Wheat,NA,NA,4927.0,NA,NA,1625.91,1089.94
681,wallup,WALLUP_S2_P3412_R1,2023,1,169.0,377.97,Wheat,NA,NA,4704.0,NA,NA,1552.3200000000002,1005.3500000000001
682,wallup,WALLUP_S1_P2312_R1,2023,1,169.0,190.47,Wheat,NA,NA,4327.0,NA,NA,1427.91,1068.44
683,wallup,WALLUP_S6_P0000_R1,2023,1,169.0,245.97,Wheat,NA,NA,4826.0,NA,NA,1592.5800000000002,1177.6100000000001
684,wallup,WALLUP_S3_P2341_R3,2023,1,147.0,521.3,Canola,NA,NA,2626.0,NA,NA,1633.372,965.0720000000001
685,wallup,WALLUP_S1_P1231_R2,2023,1,160.5,205.7472,Lentil,NA,NA,3036.0,NA,NA,1973.4,1607.1528
686,wallup,WALLUP_S6_P0000_R2,2023,1,169.0,245.97,Wheat,NA,NA,4947.0,NA,NA,1632.51,1217.54
687,edillilie,EDILLILIE_S2.2_P2341_R3,2023,1,160.5,266.847,canola,NA,NA,1586.0,NA,NA,986.492,559.145
688,edillilie,EDILLILIE_S2.2_P3412_R1,2023,1,160.5,171.02859999999998,wheat,NA,NA,4065.0,NA,NA,1341.45,1009.9214000000001
689,edillilie,EDILLILIE_S1.3_P2121_R1,2023,1,160.5,171.02859999999998,wheat,NA,NA,3350.0,NA,NA,1105.5,773.9714
690,edillilie,EDILLILIE_S1.3_P2121_R3,2023,1,160.5,171.0286,wheat,NA,NA,4061.0,NA,NA,1340.13,1008.6014000000001
691,edillilie,EDILLILIE_S2.2_P3412_R2,2023,1,171.5,171.02859999999998,wheat,NA,NA,3722.0,NA,NA,1228.26,885.7314
692,edillilie,EDILLILIE_S2.2_P1234_R3,2023,1,160.5,108.853,lentil,NA,NA,1707.0,NA,NA,1109.55,840.197
693,edillilie,EDILLILIE_S1.1_P1212_R1,2023,1,160.5,266.847,canola,NA,NA,2409.0,NA,NA,1498.398,1071.051
694,edillilie,EDILLILIE_S2.2_P4123_R2,2023,1,171.5,171.02859999999998,wheat,NA,NA,3170.0,NA,NA,1046.1,703.5713999999999
695,edillilie,EDILLILIE_S2.2_P2341_R2,2023,1,160.5,266.847,canola,NA,NA,1604.0,NA,NA,997.688,570.341
696,edillilie,EDILLILIE_S2.1_P4123_R1,2023,1,160.5,171.02859999999998,wheat,NA,NA,5082.0,NA,NA,1677.0600000000002,1345.5314000000003
697,edillilie,EDILLILIE_S3_P1234_R2,2023,1,160.5,108.853,fababean,NA,NA,1489.0,NA,NA,804.0600000000001,534.7070000000001
698,edillilie,EDILLILIE_S3_P3412_R2,2023,1,171.5,171.02859999999998,wheat,NA,NA,3525.0,NA,NA,1163.25,820.7214
699,edillilie,EDILLILIE_S2.2_P4123_R1,2023,1,160.5,171.02859999999998,wheat,NA,NA,3635.0,NA,NA,1199.55,868.0214
700,edillilie,EDILLILIE_S2.1_P2341_R3,2023,1,149.5,266.847,canola,NA,NA,1492.0,NA,NA,928.024,511.677
701,edillilie,EDILLILIE_S1.3_P1212_R1,2023,1,171.5,266.847,canola,NA,NA,2071.0,NA,NA,1288.162,849.815
702,edillilie,EDILLILIE_S1.2 _P2121_R3,2023,1,149.5,171.02859999999998,wheat,NA,NA,4030.0,NA,NA,1329.9,1009.3714000000001
703,edillilie,EDILLILIE_S1.1 _P2121_R1,2023,1,171.5,171.02859999999998,wheat,NA,NA,4033.0,NA,NA,1330.89,988.3614000000001
704,edillilie,EDILLILIE_S3_P4123_R2,2023,1,160.5,171.02859999999998,wheat,NA,NA,3500.0,NA,NA,1155.0,823.4714
705,edillilie,EDILLILIE_S3_P1234_R3,2023,1,171.5,108.853,fababean,NA,NA,2206.0,NA,NA,1191.24,910.8870000000001
706,edillilie,EDILLILIE_S1.3_P1212_R3,2023,1,149.5,266.847,canola,NA,NA,1786.0,NA,NA,1110.892,694.5450000000001
707,edillilie,EDILLILIE_S3_P4123_R3,2023,1,160.5,171.02859999999998,wheat,NA,NA,3657.0,NA,NA,1206.81,875.2814
708,edillilie,EDILLILIE_S1.1_P2121_R3,2023,1,160.5,171.02859999999998,wheat,NA,NA,4048.0,NA,NA,1335.84,1004.3113999999999
709,edillilie,EDILLILIE_S2.2_P1234_R1,2023,1,171.5,108.853,lentil,NA,NA,1572.0,NA,NA,1021.8,741.447
710,edillilie,EDILLILIE_S3_P1234_R1,2023,1,160.5,108.853,fababean,NA,NA,2087.0,NA,NA,1126.98,857.6270000000001
711,edillilie,EDILLILIE_S1.2 _P2121_R1,2023,1,171.5,171.02859999999998,wheat,NA,NA,4243.0,NA,NA,1400.19,1057.6614
712,edillilie,EDILLILIE_S2.2_P1234_R2,2023,1,171.5,108.853,lentil,NA,NA,1714.0,NA,NA,1114.1,833.747
713,edillilie,EDILLILIE_S1.2 _P1212_R3,2023,1,160.5,266.847,canola,NA,NA,1470.0,NA,NA,914.34,486.99300000000005
714,edillilie,EDILLILIE_S3_P2341_R1,2023,1,160.5,266.847,canola,NA,NA,1894.0,NA,NA,1178.068,750.721
715,edillilie,EDILLILIE_S3_P3412_R3,2023,1,171.5,171.02859999999998,wheat,NA,NA,3470.0,NA,NA,1145.1,802.5713999999999
716,edillilie,EDILLILIE_S1.1_P1212_R2,2023,1,160.5,266.847,canola,NA,NA,1508.0,NA,NA,937.976,510.629
717,edillilie,EDILLILIE_S1.2 _P1212_R1,2023,1,171.5,266.847,canola,NA,NA,2071.0,NA,NA,1288.162,849.815
718,edillilie,EDILLILIE_S1.2 _P2121_R2,2023,1,149.5,171.02859999999998,wheat,NA,NA,4134.0,NA,NA,1364.22,1043.6914000000002
719,edillilie,EDILLILIE_S1.3_P1212_R2,2023,1,149.5,266.847,canola,NA,NA,1858.0,NA,NA,1155.676,739.329
720,edillilie,EDILLILIE_S3_P2341_R2,2023,1,160.5,266.84700000000004,canola,NA,NA,1364.0,NA,NA,848.408,421.061
721,edillilie,EDILLILIE_S3_P4123_R1,2023,1,171.5,171.02859999999998,wheat,NA,NA,3846.0,NA,NA,1269.18,926.6514000000001
722,edillilie,EDILLILIE_S2.2 _P2341_R1,2023,1,160.5,266.847,canola,NA,NA,1879.0,NA,NA,1168.738,741.3910000000001
723,edillilie,EDILLILIE_S2.2_P3412_R3,2023,1,160.5,171.02859999999998,wheat,NA,NA,3781.0,NA,NA,1247.73,916.2014
724,edillilie,EDILLILIE_S2.2_P4123_R3,2023,1,171.5,171.02859999999998,wheat,NA,NA,3824.0,NA,NA,1261.92,919.3914000000001
725,edillilie,EDILLILIE_S2.1_P4123_R2,2023,1,171.5,171.02859999999998,wheat,NA,NA,4030.0,NA,NA,1329.9,987.3714000000001
726,edillilie,EDILLILIE_S2.1_P3412_R3,2023,1,160.5,171.0286,wheat,NA,NA,3796.0,NA,NA,1252.68,921.1514000000001
727,edillilie,EDILLILIE_S2.1_P3412_R2,2023,1,149.5,171.02859999999998,wheat,NA,NA,4310.0,NA,NA,1422.3,1101.7714
728,edillilie,EDILLILIE_S1.2 _P1212_R2,2023,1,160.5,266.847,canola,NA,NA,1354.0,NA,NA,842.188,414.841
729,edillilie,EDILLILIE_S2.1_P2341_R2,2023,1,171.5,266.847,canola,NA,NA,1455.0,NA,NA,905.01,466.663
730,edillilie,EDILLILIE_S1.3_P2121_R2,2023,1,171.5,171.02859999999998,wheat,NA,NA,3755.0,NA,NA,1239.15,896.6214000000001
731,edillilie,EDILLILIE_S2.1_P1234_R1,2023,1,160.5,108.853,lentil,NA,NA,1500.0,NA,NA,975.0,705.647
732,edillilie,EDILLILIE_S3_P3412_R1,2023,1,149.5,171.02859999999998,wheat,NA,NA,3972.0,NA,NA,1310.76,990.2314
733,edillilie,EDILLILIE_S2.1_P2341_R1,2023,1,160.5,266.847,canola,NA,NA,1912.0,NA,NA,1189.264,761.9169999999999
734,edillilie,EDILLILIE_S1.1_P2121_R2,2023,1,171.5,171.02859999999998,wheat,NA,NA,3695.0,NA,NA,1219.35,876.8213999999999
735,edillilie,EDILLILIE_S2.1_P1234_R3,2023,1,160.5,108.853,lentil,NA,NA,1569.0,NA,NA,1019.85,750.4970000000001
736,edillilie,EDILLILIE_S2.1_P4123_R3,2023,1,171.5,171.02859999999998,wheat,NA,NA,3611.0,NA,NA,1191.63,849.1014000000001
737,edillilie,EDILLILIE_S3_P2341_R3,2023,1,160.5,266.847,canola,NA,NA,1872.0,NA,NA,1164.384,737.037
738,edillilie,EDILLILIE_S2.1_P1234_R2,2023,1,160.5,108.853,lentil,NA,NA,1646.0,NA,NA,1069.9,800.5470000000001
739,edillilie,EDILLILIE_S2.1_P3412_R1,2023,1,149.5,171.02859999999998,wheat,NA,NA,4258.0,NA,NA,1405.14,1084.6114000000002
740,edillilie,EDILLILIE_S1.1_P1212_R3,2023,1,149.5,266.847,canola,NA,NA,1693.0,NA,NA,1053.046,636.6990000000001
741,warrambine,WARRAMBINE_S4_P2312_R1,2023,1,232.5,708.108,Canola,NA,NA,1844.0,NA,NA,1146.968,206.36000000000013
742,warrambine,WARRAMBINE_S5_P3123_R1,2023,1,232.5,775.8506,Wheat,NA,NA,4081.0,NA,NA,1346.73,338.37940000000003
743,warrambine,WARRAMBINE_S3_P3123_R2,2023,1,221.5,775.8506,Wheat,NA,NA,3060.0,NA,NA,1009.8,12.449399999999969
744,warrambine,WARRAMBINE_S5_P2312_R3,2023,1,232.5,708.108,Canola,NA,NA,2671.0,NA,NA,1661.362,720.7540000000001
745,warrambine,WARRAMBINE_S1_P1212_R1,2023,1,232.5,708.108,Canola,NA,NA,2478.0,NA,NA,1541.316,600.7080000000001
746,warrambine,WARRAMBINE_S5_P2312_R1,2023,1,221.5,708.108,Canola,NA,NA,2744.0,NA,NA,1706.768,777.1600000000001
747,warrambine,WARRAMBINE_S6_P0000_R3,2023,1,204.5,557.813,Wheat,Barley,Faba bean,1799.0,1798.0,73.0,1203.014,440.7009999999999
748,warrambine,WARRAMBINE_S4_P1231_R2,2023,1,215.5,458.03800000000007,balansa clover,chicory,NA,0.0,0.0,NA,0.0,-673.538
749,warrambine,WARRAMBINE_S6_P0000_R2,2023,1,193.5,557.813,Wheat,Barley,Faba bean,1833.0,1832.0,276.0,1427.366,676.053
750,warrambine,WARRAMBINE_S1_P2121_R1,2023,1,221.5,775.8506,Wheat,NA,NA,4126.0,NA,NA,1361.5800000000002,364.22940000000017
751,warrambine,WARRAMBINE_S2_P2312_R3,2023,1,232.5,708.108,Canola,NA,NA,2814.0,NA,NA,1750.308,809.7
752,warrambine,WARRAMBINE_S2_P1231_R1,2023,1,215.5,703.663,Faba bean,NA,NA,4909.0,NA,NA,2650.86,1731.6970000000001
753,warrambine,WARRAMBINE_S2_P3123_R3,2023,1,221.5,775.8506,Wheat,NA,NA,3723.0,NA,NA,1228.59,231.23939999999993
754,warrambine,WARRAMBINE_S2_P1231_R2,2023,1,215.5,703.663,Faba bean,NA,NA,3923.0,NA,NA,2118.42,1199.257
755,warrambine,WARRAMBINE_S3_P3123_R1,2023,1,232.5,775.8506,Wheat,NA,NA,3684.0,NA,NA,1215.72,207.36940000000004
756,warrambine,WARRAMBINE_S3_P2312_R2,2023,1,243.5,708.108,Canola,NA,NA,2489.0,NA,NA,1548.158,596.55
757,warrambine,WARRAMBINE_S6_P0000_R1,2023,1,215.5,557.813,Wheat,Barley,Faba bean,1524.0,1523.0,128.0,1085.314,312.0010000000001
758,warrambine,WARRAMBINE_S5_P2312_R2,2023,1,243.5,708.108,Canola,NA,NA,2944.0,NA,NA,1831.168,879.56
759,warrambine,WARRAMBINE_S3_P2312_R3,2023,1,243.5,708.108,Canola,NA,NA,2854.0,NA,NA,1775.188,823.5800000000002
760,warrambine,WARRAMBINE_S4_P3123_R1,2023,1,232.5,775.8506,Wheat,NA,NA,4151.0,NA,NA,1369.8300000000002,361.47940000000017
761,warrambine,WARRAMBINE_S1_P2121_R2,2023,1,232.5,775.8506,Wheat,NA,NA,3769.0,NA,NA,1243.77,235.4194
762,warrambine,WARRAMBINE_S3_P2312_R1,2023,1,232.5,708.108,Canola,NA,NA,2914.0,NA,NA,1812.508,871.9000000000001
763,warrambine,WARRAMBINE_S4_P3123_R3,2023,1,232.5,775.8506,Wheat,NA,NA,5409.0,NA,NA,1784.97,776.6194
764,warrambine,WARRAMBINE_S4_P2312_R2,2023,1,221.5,708.108,Canola,NA,NA,2563.0,NA,NA,1594.186,664.578
765,warrambine,WARRAMBINE_S4_P3123_R2,2023,1,232.5,775.8506,Wheat,NA,NA,3551.0,NA,NA,1171.8300000000002,163.47940000000017
766,warrambine,WARRAMBINE_S3_P1231_R2,2023,1,237.5,609.8009999999999,fieldpea,NA,NA,3580.0,NA,NA,1614.5800000000002,767.2790000000002
767,warrambine,WARRAMBINE_S5_P1231_R2,2023,1,237.5,611.001,fieldpea,NA,NA,0.0,NA,NA,0.0,-848.501
768,warrambine,WARRAMBINE_S3_P1231_R3,2023,1,215.5,609.8009999999999,fieldpea,NA,NA,3302.0,NA,NA,1489.202,663.9010000000001
769,warrambine,WARRAMBINE_S4_P1231_R1,2023,1,204.5,458.03800000000007,balansa clover,chicory,NA,0.0,0.0,NA,0.0,-662.538
770,warrambine,WARRAMBINE_S1_P1212_R3,2023,1,243.5,708.108,Canola,NA,NA,2353.0,NA,NA,1463.566,511.9580000000001
771,warrambine,WARRAMBINE_S2_P3123_R1,2023,1,221.5,775.8506,Wheat,NA,NA,4519.0,NA,NA,1491.27,493.9194
772,warrambine,WARRAMBINE_S5_P1231_R1,2023,1,248.5,611.001,fieldpea,NA,NA,0.0,NA,NA,0.0,-859.501
773,warrambine,WARRAMBINE_S5_P3123_R3,2023,1,221.5,775.8506,Wheat,NA,NA,4341.0,NA,NA,1432.53,435.1794
774,warrambine,WARRAMBINE_S3_P3123_R3,2023,1,221.5,775.8506,Wheat,NA,NA,4375.0,NA,NA,1443.75,446.3994
775,warrambine,WARRAMBINE_S3_P1231_R1,2023,1,226.5,609.8009999999999,fieldpea,NA,NA,3987.0,NA,NA,1798.137,961.836
776,warrambine,WARRAMBINE_S4_P1231_R3,2023,1,215.5,458.03800000000007,balansa clover,chicory,NA,0.0,0.0,NA,0.0,-673.538
777,warrambine,WARRAMBINE_S2_P1231_R3,2023,1,215.5,703.663,Faba bean,NA,NA,3133.0,NA,NA,1691.8200000000002,772.6570000000002
778,warrambine,WARRAMBINE_S7_P0000_R1,2023,1,215.5,815.3506,Wheat,NA,NA,3789.0,NA,NA,1250.37,219.5193999999999
779,warrambine,WARRAMBINE_S1_P2121_R3,2023,1,243.5,775.8506,Wheat,NA,NA,3818.0,NA,NA,1259.94,240.58940000000007
780,warrambine,WARRAMBINE_S2_P2312_R1,2023,1,254.5,708.108,Canola,NA,NA,1732.0,NA,NA,1077.304,114.69600000000014
781,warrambine,WARRAMBINE_S4_P2312_R3,2023,1,232.5,708.108,Canola,NA,NA,3200.0,NA,NA,1990.4,1049.7920000000001
782,warrambine,WARRAMBINE_S5_P1231_R3,2023,1,248.5,611.001,fieldpea,NA,NA,0.0,NA,NA,0.0,-859.501
783,warrambine,WARRAMBINE_S2_P3123_R2,2023,1,232.5,775.8506,Wheat,NA,NA,3693.0,NA,NA,1218.69,210.33940000000007
784,warrambine,WARRAMBINE_S7_P0000_R2,2023,1,204.5,771.1006,Wheat,NA,NA,4727.0,NA,NA,1559.91,584.3094000000001
785,warrambine,WARRAMBINE_S7_P0000_R3,2023,1,204.5,741.1006,Wheat,NA,NA,4925.0,NA,NA,1625.25,679.6494
786,warrambine,WARRAMBINE_S5_P3123_R2,2023,1,232.5,775.8506,Wheat,NA,NA,4058.0,NA,NA,1339.14,330.7894000000001
787,warrambine,WARRAMBINE_S2_P2312_R2,2023,1,221.5,708.108,Canola,NA,NA,2495.0,NA,NA,1551.89,622.2820000000002
788,warrambine,WARRAMBINE_S1_P1212_R2,2023,1,232.5,708.108,Canola,NA,NA,1989.0,NA,NA,1237.158,296.54999999999995
789,appila,APPILA_S1_P1231_R2,2023,1,149.5,125.6,Vetch ,NA,NA,0.0,NA,NA,0.0,-275.1
790,appila,APPILA_S3_P1234_R3,2023,1,149.5,125.60000000000001,Lentil,NA,NA,20.0,NA,NA,13.0,-262.1
791,appila,APPILA_S4_P2312_R2,2023,1,158.0,192.39999999999998,Wheat,NA,NA,590.0,NA,NA,194.7,-155.7
792,appila,APPILA_S3_P4123_R2,2023,1,158.0,192.39999999999998,Wheat,NA,NA,630.0,NA,NA,207.9,-142.49999999999997
793,appila,APPILA_S6_P0000_R3,2023,1,158.0,226.4,Canola,NA,NA,60.0,NA,NA,37.32,-347.08000000000004
794,appila,APPILA_S4_P3123_R1,2023,1,158.0,192.39999999999998,Wheat,NA,NA,0.0,NA,NA,0.0,-350.4
795,appila,APPILA_S3_P2341_R2,2023,1,158.0,182.9,Canola,NA,NA,100.0,NA,NA,62.2,-278.7
796,appila,APPILA_S6_P0000_R1,2023,1,158.0,226.4,Canola,NA,NA,110.0,NA,NA,68.42,-315.98
797,appila,APPILA_S3_P4123_R1,2023,1,158.0,192.4,Wheat,NA,NA,550.0,NA,NA,181.5,-168.9
798,appila,APPILA_S6_P0000_R2,2023,1,158.0,226.4,Canola,NA,NA,100.0,NA,NA,62.2,-322.2
799,appila,APPILA_S4_P1231_R3,2023,1,149.5,102.69999999999999,Vetch ,Oat,NA,280.0,0.0,NA,0.0,-252.2
800,appila,APPILA_S1_P2312_R1,2023,1,158.0,169.89999999999998,Wheat,NA,NA,460.0,NA,NA,151.8,-176.09999999999997
801,appila,APPILA_S4_P3123_R2,2023,1,158.0,192.39999999999998,Wheat,NA,NA,580.0,NA,NA,191.4,-158.99999999999997
802,appila,APPILA_S4_P1231_R1,2023,1,149.5,102.69999999999999,Vetch ,Oat,NA,70.0,0.0,NA,0.0,-252.2
803,appila,APPILA_S3_P3412_R1,2023,1,158.0,192.4,Wheat,NA,NA,550.0,NA,NA,181.5,-168.9
804,appila,APPILA_S1_P1231_R3,2023,1,149.5,125.6,Vetch ,NA,NA,0.0,NA,NA,0.0,-275.1
805,appila,APPILA_S1_P3123_R2,2023,1,158.0,169.9,Barley,NA,NA,220.0,NA,NA,65.56,-262.34000000000003
806,appila,APPILA_S2_P1212_R1,2023,1,149.5,125.6,Lentil,NA,NA,10.0,NA,NA,6.5,-268.6
807,appila,APPILA_S4_P2312_R3,2023,1,158.0,192.4,Wheat,NA,NA,580.0,NA,NA,191.4,-159.0
808,appila,APPILA_S3_P3412_R2,2023,1,158.0,192.39999999999998,Wheat,NA,NA,730.0,NA,NA,240.9,-109.49999999999997
809,appila,APPILA_S2_P1212_R2,2023,1,149.5,125.6,Lentil,NA,NA,390.0,NA,NA,253.5,-21.599999999999994
810,appila,APPILA_S3_P1234_R2,2023,1,149.5,125.6,Lentil,NA,NA,40.0,NA,NA,26.0,-249.1
811,appila,APPILA_S3_P2341_R3,2023,1,158.0,182.89999999999998,Canola,NA,NA,100.0,NA,NA,62.2,-278.7
812,appila,APPILA_S3_P2341_R1,2023,1,158.0,182.89999999999998,Canola,NA,NA,0.0,NA,NA,0.0,-340.9
813,appila,APPILA_S1_P3123_R3,2023,1,158.0,169.89999999999998,Barley,NA,NA,440.0,NA,NA,131.12,-196.77999999999997
814,appila,APPILA_S2_P2121_R1,2023,1,158.0,192.4,Wheat,NA,NA,640.0,NA,NA,211.2,-139.20000000000002
815,appila,APPILA_S5_P0000_R3,2023,1,149.5,144.9,Wheat,NA,NA,550.0,NA,NA,181.5,-112.9
816,appila,APPILA_S2_P2121_R2,2023,1,158.0,192.4,Wheat,NA,NA,650.0,NA,NA,214.5,-135.9
817,appila,APPILA_S2_P2121_R3,2023,1,158.0,192.4,Wheat,NA,NA,0.0,NA,NA,0.0,-350.4
818,appila,APPILA_S4_P3123_R3,2023,1,158.0,192.39999999999998,Wheat,NA,NA,820.0,NA,NA,270.6,-79.79999999999995
819,appila,APPILA_S4_P2312_R1,2023,1,158.0,192.4,Wheat,NA,NA,590.0,NA,NA,194.7,-155.70000000000002
820,appila,APPILA_S5_P0000_R1,2023,1,149.5,144.90000000000003,Wheat,NA,NA,510.0,NA,NA,168.3,-126.10000000000002
821,appila,APPILA_S3_P3412_R3,2023,1,158.0,192.39999999999998,Wheat,NA,NA,660.0,NA,NA,217.8,-132.59999999999997
822,appila,APPILA_S1_P2312_R2,2023,1,158.0,169.9,Wheat,NA,NA,550.0,NA,NA,181.5,-146.4
823,appila,APPILA_S3_P1234_R1,2023,1,149.5,125.6,Lentil,NA,NA,50.0,NA,NA,32.5,-242.6
824,appila,APPILA_S4_P1231_R2,2023,1,149.5,102.7,Vetch ,Oat,NA,210.0,0.0,NA,0.0,-252.2
825,appila,APPILA_S1_P3123_R1,2023,1,158.0,169.89999999999998,Barley,NA,NA,260.0,NA,NA,77.47999999999999,-250.42
826,appila,APPILA_S3_P4123_R3,2023,1,158.0,192.4,Wheat,NA,NA,610.0,NA,NA,201.3,-149.1
827,appila,APPILA_S1_P2312_R3,2023,1,158.0,169.9,Wheat,NA,NA,680.0,NA,NA,224.4,-103.5
828,appila,APPILA_S1_P1231_R1,2023,1,149.5,125.6,Vetch ,NA,NA,0.0,NA,NA,0.0,-275.1
829,appila,APPILA_S2_P1212_R3,2023,1,149.5,125.6,Lentil,NA,NA,0.0,NA,NA,0.0,-275.1
830,appila,APPILA_S5_P0000_R2,2023,1,149.5,144.9,Wheat,NA,NA,580.0,NA,NA,191.4,-103.0
831,kinnabulla,KINNABULLA_S2.1_P1212_R2,2023,1,215.5,254.77200000000002,lentil,NA,NA,1386.0,NA,NA,900.9,430.62799999999993
832,kinnabulla,KINNABULLA_S3_P2312_R3,2023,1,204.5,254.77200000000002,lentil,NA,NA,1308.0,NA,NA,850.2,390.928
833,kinnabulla,KINNABULLA_S11_P2312_R3,2023,1,180.0,292.03999999999996,wheat,NA,NA,4543.0,NA,NA,1499.19,1027.15
834,kinnabulla,KINNABULLA_S5_P2121_R2,2023,1,180.0,282.03999999999996,barley,NA,NA,4535.0,NA,NA,1351.4299999999998,889.3899999999999
835,kinnabulla,KINNABULLA_S11_P1231_R3,2023,1,171.5,211.37,tillage radish,vetch,NA,1865.0,843.0,NA,0.0,-382.87
836,kinnabulla,KINNABULLA_S4_P3412_R3,2023,1,180.0,292.03999999999996,wheat,NA,NA,4772.0,NA,NA,1574.76,1102.72
837,kinnabulla,KINNABULLA_S13_P0000_R2,2023,1,169.0,342.84259615384616,canola,NA,NA,2066.0,NA,NA,1285.052,773.2094038461537
838,kinnabulla,KINNABULLA_S13_P0000_R4,2023,1,180.0,342.84259615384616,canola,NA,NA,1749.0,NA,NA,1087.878,565.0354038461537
839,kinnabulla,KINNABULLA_S5_P2121_R3,2023,1,169.0,282.03999999999996,barley,NA,NA,4054.0,NA,NA,1208.092,757.0520000000001
840,kinnabulla,KINNABULLA_S10_P2312_R1,2023,1,169.0,292.03999999999996,wheat,NA,NA,5884.0,NA,NA,1941.72,1480.68
841,kinnabulla,KINNABULLA_S11_P1231_R2,2023,1,171.5,211.37,tillage radish,vetch,NA,1761.0,2415.0,NA,0.0,-382.87
842,kinnabulla,KINNABULLA_S3_P1231_R3,2023,1,204.5,254.77200000000002,lentil,NA,NA,1260.0,NA,NA,819.0,359.72799999999995
843,kinnabulla,KINNABULLA_S8_P3123_R2,2023,1,180.0,292.03999999999996,wheat,NA,NA,4985.0,NA,NA,1645.0500000000002,1173.0100000000002
844,kinnabulla,KINNABULLA_S1.3_P3123_R3,2023,1,169.0,334.04,wheat,NA,NA,4940.0,NA,NA,1630.2,1127.16
845,kinnabulla,KINNABULLA_S14_P0000_R6,2023,1,180.0,450.8425961538461,canola,NA,NA,1488.0,NA,NA,925.536,294.69340384615384
846,kinnabulla,KINNABULLA_S1.1_P1231_R2,2023,1,215.5,254.77200000000002,lentil,NA,NA,1619.0,NA,NA,1052.35,582.0779999999999
847,kinnabulla,KINNABULLA_S1.2_P3123_R3,2023,1,180.0,292.03999999999996,wheat,NA,NA,4363.0,NA,NA,1439.79,967.75
848,kinnabulla,KINNABULLA_S9.1_P3123_R2,2023,1,171.5,163.54000000000002,wheat,NA,NA,5084.0,NA,NA,1677.72,1342.68
849,kinnabulla,KINNABULLA_S1.2_P1231_R2,2023,1,193.5,254.77200000000002,lentil,NA,NA,1758.0,NA,NA,1142.7,694.428
850,kinnabulla,KINNABULLA_S7_P1111_R1,2023,1,180.0,292.03999999999996,wheat,NA,NA,5346.0,NA,NA,1764.18,1292.14
851,kinnabulla,KINNABULLA_S9.2_P2312_R3,2023,1,171.5,163.54000000000002,wheat,NA,NA,5088.0,NA,NA,1679.0400000000002,1344.0000000000002
852,kinnabulla,KINNABULLA_S4_P4123_R1,2023,1,169.0,292.03999999999996,wheat,NA,NA,4903.0,NA,NA,1617.99,1156.95
853,kinnabulla,KINNABULLA_S10_P2312_R2,2023,1,180.0,292.03999999999996,wheat,NA,NA,4764.0,NA,NA,1572.12,1100.08
854,kinnabulla,KINNABULLA_S13_P0000_R9,2023,1,180.0,342.84259615384616,canola,NA,NA,1465.0,NA,NA,911.23,388.38740384615386
855,kinnabulla,KINNABULLA_S10_P1231_R1,2023,1,182.5,211.37,tillage radish,NA,NA,6600.0,NA,NA,0.0,-393.87
856,kinnabulla,KINNABULLA_S10_P2312_R3,2023,1,180.0,292.03999999999996,wheat,NA,NA,4628.0,NA,NA,1527.24,1055.2
857,kinnabulla,KINNABULLA_S3_P1231_R1,2023,1,204.5,254.77200000000002,lentil,NA,NA,1254.0,NA,NA,815.1,355.828
858,kinnabulla,KINNABULLA_S2.2_P2121_R2,2023,1,180.0,334.04,wheat,NA,NA,5074.0,NA,NA,1674.42,1160.38
859,kinnabulla,KINNABULLA_S10_P1231_R2,2023,1,193.5,211.37,tillage radish,NA,NA,4740.0,NA,NA,0.0,-404.87
860,kinnabulla,KINNABULLA_S8_P1231_R1,NA,NA,NA,NA,NA,NA,NA,NA,NA,NA,NA,NA
861,kinnabulla,KINNABULLA_S4_P3412_R1,2023,1,180.0,292.03999999999996,wheat,NA,NA,5332.0,NA,NA,1759.5600000000002,1287.5200000000002
862,kinnabulla,KINNABULLA_S8_P2312_R2,2023,1,169.0,292.03999999999996,wheat,NA,NA,4989.0,NA,NA,1646.37,1185.33
863,kinnabulla,KINNABULLA_S13_P0000_R1,2023,1,169.0,342.84259615384616,canola,NA,NA,2139.0,NA,NA,1330.458,818.6154038461539
864,kinnabulla,KINNABULLA_S10_P3123_R2,2023,1,191.0,292.03999999999996,wheat,NA,NA,5600.0,NA,NA,1848.0,1364.96
865,kinnabulla,KINNABULLA_S5_P1212_R3,2023,1,182.5,254.77200000000002,lentil,NA,NA,1479.0,NA,NA,961.35,524.078
866,kinnabulla,KINNABULLA_S2.2_P1212_R3,2023,1,204.5,254.77200000000002,lentil,NA,NA,1209.0,NA,NA,785.85,326.578
867,kinnabulla,KINNABULLA_S1.3_P1231_R1,2023,1,204.5,254.77200000000002,lentil,NA,NA,945.0,NA,NA,614.25,154.97799999999998
868,kinnabulla,KINNABULLA_S4_P2341_R1,2023,1,169.0,450.84259615384616,canola,NA,NA,1733.0,NA,NA,1077.926,458.0834038461538
869,kinnabulla,KINNABULLA_S1.3_P3123_R2,2023,1,180.0,334.03999999999996,wheat,NA,NA,5159.0,NA,NA,1702.47,1188.43
870,kinnabulla,KINNABULLA_S4_P3412_R2,2023,1,191.0,292.03999999999996,wheat,NA,NA,4999.0,NA,NA,1649.67,1166.63
871,kinnabulla,KINNABULLA_S2.1_P1212_R1,2023,1,204.5,254.77200000000002,lentil,NA,NA,1306.0,NA,NA,848.9,389.62799999999993
872,kinnabulla,KINNABULLA_S7_P1111_R2,2023,1,180.0,292.03999999999996,wheat,NA,NA,5716.0,NA,NA,1886.28,1414.24
873,kinnabulla,KINNABULLA_S3_P1231_R2,2023,1,182.5,254.77200000000002,lentil,NA,NA,1348.0,NA,NA,876.2,438.928
874,kinnabulla,KINNABULLA_S7_P1111_R4,2023,1,169.0,292.03999999999996,wheat,NA,NA,5229.0,NA,NA,1725.5700000000002,1264.5300000000002
875,kinnabulla,KINNABULLA_S12_P0000_R1,2023,1,169.0,450.84259615384616,canola,NA,NA,1713.0,NA,NA,1065.486,445.64340384615394
876,kinnabulla,KINNABULLA_S10_P3123_R3,2023,1,180.0,292.03999999999996,wheat,NA,NA,4953.0,NA,NA,1634.49,1162.45
877,kinnabulla,KINNABULLA_S1.2_P2312_R2,2023,1,191.0,292.03999999999996,wheat,NA,NA,5070.0,NA,NA,1673.1,1190.06
878,kinnabulla,KINNABULLA_S12_P0000_R2,2023,1,169.0,450.84259615384616,canola,NA,NA,1658.0,NA,NA,1031.276,411.4334038461539
879,kinnabulla,KINNABULLA_S1.1_P1231_R1,2023,1,193.5,254.77200000000002,lentil,NA,NA,1179.0,NA,NA,766.35,318.078
880,kinnabulla,KINNABULLA_S1.1_P3123_R3,2023,1,169.0,212.54,wheat,NA,NA,4633.0,NA,NA,1528.89,1147.3500000000001
881,kinnabulla,KINNABULLA_S11_P3123_R2,2023,1,169.0,292.03999999999996,wheat,NA,NA,4811.0,NA,NA,1587.63,1126.5900000000001
882,kinnabulla,KINNABULLA_S4_P1234_R2,2023,1,193.5,254.77200000000002,lentil,NA,NA,1447.0,NA,NA,940.55,492.2779999999999
883,kinnabulla,KINNABULLA_S4_P1234_R1,2023,1,204.5,254.77200000000002,lentil,NA,NA,1186.0,NA,NA,770.9,311.62799999999993
884,kinnabulla,KINNABULLA_S6_P2341_R2,2023,1,180.0,292.03999999999996,wheat,NA,NA,4926.0,NA,NA,1625.5800000000002,1153.5400000000002
885,kinnabulla,KINNABULLA_S8_P3123_R3,2023,1,169.0,292.03999999999996,wheat,NA,NA,5051.0,NA,NA,1666.8300000000002,1205.7900000000002
886,kinnabulla,KINNABULLA_S3_P2312_R1,2023,1,193.5,254.77200000000002,lentil,NA,NA,1669.0,NA,NA,1084.85,636.5779999999999
887,kinnabulla,KINNABULLA_S3_P3123_R2,2023,1,191.0,292.03999999999996,wheat,NA,NA,4651.0,NA,NA,1534.8300000000002,1051.7900000000002
888,kinnabulla,KINNABULLA_S6_P4123_R3,2023,1,169.0,292.03999999999996,wheat,NA,NA,4423.0,NA,NA,1459.59,998.55
889,kinnabulla,KINNABULLA_S1.1_P2312_R1,2023,1,180.0,212.54,wheat,NA,NA,5237.0,NA,NA,1728.21,1335.67
890,kinnabulla,KINNABULLA_S4_P1234_R3,2023,1,193.5,254.77200000000002,lentil,NA,NA,1377.0,NA,NA,895.0500000000001,446.778
891,kinnabulla,KINNABULLA_S2.2_P2121_R1,2023,1,169.0,334.04,wheat,NA,NA,5126.0,NA,NA,1691.5800000000002,1188.5400000000002
892,kinnabulla,KINNABULLA_S12_P0000_R9,2023,1,169.0,450.84259615384616,canola,NA,NA,1251.0,NA,NA,778.122,158.2794038461538
893,kinnabulla,KINNABULLA_S13_P0000_R8,2023,1,169.0,342.84259615384616,canola,NA,NA,1605.0,NA,NA,998.31,486.4674038461538
894,kinnabulla,KINNABULLA_S11_P3123_R3,2023,1,169.0,292.03999999999996,wheat,NA,NA,3837.0,NA,NA,1266.21,805.1700000000001
895,kinnabulla,KINNABULLA_S1.3_P1231_R3,2023,1,204.5,254.77200000000002,lentil,NA,NA,1121.0,NA,NA,728.65,269.37799999999993
896,kinnabulla,KINNABULLA_S9.1_P2312_R1,2023,1,171.5,163.54000000000002,wheat,NA,NA,5501.0,NA,NA,1815.33,1480.29
897,kinnabulla,KINNABULLA_S6_P3412_R3,2023,1,180.0,292.03999999999996,wheat,NA,NA,4624.0,NA,NA,1525.92,1053.88
898,kinnabulla,KINNABULLA_S9.2_P3123_R2,2023,1,171.5,163.54000000000002,wheat,NA,NA,4995.0,NA,NA,1648.35,1313.31
899,kinnabulla,KINNABULLA_S12_P0000_R6,2023,1,169.0,450.8425961538461,canola,NA,NA,1619.0,NA,NA,1007.018,387.1754038461539
900,kinnabulla,KINNABULLA_S1.3_P3123_R1,2023,1,180.0,334.03999999999996,wheat,NA,NA,5649.0,NA,NA,1864.17,1350.13
901,kinnabulla,KINNABULLA_S11_P2312_R1,2023,1,191.0,292.03999999999996,wheat,NA,NA,4729.0,NA,NA,1560.5700000000002,1077.5300000000002
902,kinnabulla,KINNABULLA_S8_P1231_R2,NA,NA,NA,NA,NA,NA,NA,NA,NA,NA,NA,NA
903,kinnabulla,KINNABULLA_S6_P4123_R1,2023,1,180.0,292.03999999999996,wheat,NA,NA,5775.0,NA,NA,1905.75,1433.71
904,kinnabulla,KINNABULLA_S14_P0000_R2,2023,1,169.0,450.8425961538461,canola,NA,NA,1933.0,NA,NA,1202.326,582.4834038461539
905,kinnabulla,KINNABULLA_S9.1_P2312_R2,2023,1,171.5,163.54,wheat,NA,NA,5121.0,NA,NA,1689.93,1354.89
906,kinnabulla,KINNABULLA_S2.1_P2121_R3,2023,1,169.0,292.03999999999996,wheat,NA,NA,4656.0,NA,NA,1536.48,1075.44
907,kinnabulla,KINNABULLA_S9.1_P2312_R3,2023,1,171.5,163.54,wheat,NA,NA,4856.0,NA,NA,1602.48,1267.44
908,kinnabulla,KINNABULLA_S14_P0000_R8,2023,1,169.0,450.8425961538461,canola,NA,NA,1485.0,NA,NA,923.67,303.82740384615386
909,kinnabulla,KINNABULLA_S12_P0000_R5,2023,1,169.0,450.8425961538462,canola,NA,NA,1395.0,NA,NA,867.6899999999999,247.84740384615372
910,kinnabulla,KINNABULLA_S2.1_P2121_R2,2023,1,169.0,292.03999999999996,wheat,NA,NA,5367.0,NA,NA,1771.11,1310.07
911,kinnabulla,KINNABULLA_S3_P2312_R2,2023,1,193.5,254.77200000000002,lentil,NA,NA,1438.0,NA,NA,934.7,486.428
912,kinnabulla,KINNABULLA_S13_P0000_R3,2023,1,169.0,342.84259615384616,canola,NA,NA,1635.0,NA,NA,1016.97,505.12740384615387
913,kinnabulla,KINNABULLA_S9.2_P1231_R2,2023,1,193.5,248.22000000000003,vetch,NA,NA,3551.0,NA,NA,0.0,-441.72
914,kinnabulla,KINNABULLA_S1.3_P1231_R2,2023,1,193.5,254.77200000000002,lentil,NA,NA,1572.0,NA,NA,1021.8,573.5279999999999
915,kinnabulla,KINNABULLA_S4_P2341_R2,2023,1,169.0,450.8425961538462,canola,NA,NA,1567.0,NA,NA,974.674,354.83140384615376
916,kinnabulla,KINNABULLA_S14_P0000_R3,2023,1,169.0,450.8425961538462,canola,NA,NA,2093.0,NA,NA,1301.846,682.0034038461538
917,kinnabulla,KINNABULLA_S14_P0000_R9,2023,1,180.0,450.8425961538461,canola,NA,NA,1464.0,NA,NA,910.608,279.76540384615384
918,kinnabulla,KINNABULLA_S1.3_P2312_R3,2023,1,169.0,334.04,wheat,NA,NA,4358.0,NA,NA,1438.14,935.1000000000001
919,kinnabulla,KINNABULLA_S11_P2312_R2,2023,1,180.0,292.04,wheat,NA,NA,5433.0,NA,NA,1792.89,1320.8500000000001
920,kinnabulla,KINNABULLA_S2.1_P2121_R1,2023,1,180.0,292.03999999999996,wheat,NA,NA,5631.0,NA,NA,1858.23,1386.19
921,kinnabulla,KINNABULLA_S9.2_P3123_R3,2023,1,182.5,163.54000000000002,wheat,NA,NA,4805.0,NA,NA,1585.65,1239.6100000000001
922,kinnabulla,KINNABULLA_S2.1_P1212_R3,2023,1,193.5,254.77200000000002,lentil,NA,NA,1237.0,NA,NA,804.0500000000001,355.778
923,kinnabulla,KINNABULLA_S6_P1234_R3,2023,1,193.5,254.77200000000002,lentil,NA,NA,1550.0,NA,NA,1007.5,559.228
924,kinnabulla,KINNABULLA_S10_P3123_R1,2023,1,169.0,292.03999999999996,wheat,NA,NA,5888.0,NA,NA,1943.04,1482.0
925,kinnabulla,KINNABULLA_S4_P4123_R2,2023,1,169.0,292.03999999999996,wheat,NA,NA,4872.0,NA,NA,1607.76,1146.72
926,kinnabulla,KINNABULLA_S8_P3123_R1,2023,1,169.0,292.03999999999996,wheat,NA,NA,4969.0,NA,NA,1639.77,1178.73
927,kinnabulla,KINNABULLA_S1.1_P2312_R3,2023,1,180.0,212.54,wheat,NA,NA,4698.0,NA,NA,1550.34,1157.8
928,kinnabulla,KINNABULLA_S1.1_P2312_R2,2023,1,169.0,212.54,wheat,NA,NA,4665.0,NA,NA,1539.45,1157.91
929,kinnabulla,KINNABULLA_S2.2_P1212_R1,2023,1,204.5,254.77200000000002,lentil,NA,NA,1113.0,NA,NA,723.45,264.178
930,kinnabulla,KINNABULLA_S12_P0000_R8,2023,1,169.0,450.84259615384616,canola,NA,NA,1569.0,NA,NA,975.918,356.07540384615385
931,kinnabulla,KINNABULLA_S12_P0000_R3,2023,1,169.0,450.8425961538461,canola,NA,NA,2033.0,NA,NA,1264.526,644.683403846154
932,kinnabulla,KINNABULLA_S5_P1212_R2,2023,1,193.5,254.77200000000002,lentil,NA,NA,1358.0,NA,NA,882.7,434.428
933,kinnabulla,KINNABULLA_S6_P1234_R1,2023,1,193.5,254.77200000000002,lentil,NA,NA,1170.0,NA,NA,760.5,312.22799999999995
934,kinnabulla,KINNABULLA_S1.1_P3123_R1,2023,1,191.0,212.54000000000002,wheat,NA,NA,5173.0,NA,NA,1707.09,1303.55
935,kinnabulla,KINNABULLA_S6_P2341_R3,2023,1,180.0,292.03999999999996,wheat,NA,NA,4706.0,NA,NA,1552.98,1080.94
936,kinnabulla,KINNABULLA_S3_P3123_R1,2023,1,180.0,292.03999999999996,wheat,NA,NA,4904.0,NA,NA,1618.3200000000002,1146.2800000000002
937,kinnabulla,KINNABULLA_S1.2_P1231_R3,2023,1,182.5,254.77200000000002,lentil,NA,NA,1540.0,NA,NA,1001.0,563.728
938,kinnabulla,KINNABULLA_S10_P1231_R3,2023,1,171.5,211.37,tillage radish,NA,NA,3557.0,NA,NA,0.0,-382.87
939,kinnabulla,KINNABULLA_S13_P0000_R5,2023,1,169.0,342.84259615384616,canola,NA,NA,1526.0,NA,NA,949.172,437.32940384615387
940,kinnabulla,KINNABULLA_S4_P2341_R3,2023,1,169.0,450.84259615384616,canola,NA,NA,1609.0,NA,NA,1000.798,380.95540384615384
941,kinnabulla,KINNABULLA_S14_P0000_R7,2023,1,169.0,450.8425961538461,canola,NA,NA,1311.0,NA,NA,815.442,195.5994038461539
942,kinnabulla,KINNABULLA_S7_P1111_R3,2023,1,180.0,292.03999999999996,wheat,NA,NA,4902.0,NA,NA,1617.66,1145.6200000000001
943,kinnabulla,KINNABULLA_S6_P4123_R2,2023,1,180.0,292.03999999999996,wheat,NA,NA,5302.0,NA,NA,1749.66,1277.6200000000001
944,kinnabulla,KINNABULLA_S1.2_P2312_R1,2023,1,191.0,292.03999999999996,wheat,NA,NA,5177.0,NA,NA,1708.41,1225.3700000000001
945,kinnabulla,KINNABULLA_S3_P3123_R3,2023,1,180.0,292.03999999999996,wheat,NA,NA,4656.0,NA,NA,1536.48,1064.44
946,kinnabulla,KINNABULLA_S8_P1231_R3,NA,NA,NA,NA,NA,NA,NA,NA,NA,NA,NA,NA
947,kinnabulla,KINNABULLA_S1.3_P2312_R1,2023,1,191.0,334.03999999999996,wheat,NA,NA,4978.0,NA,NA,1642.74,1117.7
948,kinnabulla,KINNABULLA_S13_P0000_R7,2023,1,169.0,342.84259615384616,canola,NA,NA,1404.0,NA,NA,873.288,361.44540384615385
949,kinnabulla,KINNABULLA_S14_P0000_R1,2023,1,169.0,450.84259615384616,canola,NA,NA,2104.0,NA,NA,1308.688,688.8454038461539
950,kinnabulla,KINNABULLA_S6_P3412_R1,2023,1,180.0,292.03999999999996,wheat,NA,NA,4735.0,NA,NA,1562.5500000000002,1090.5100000000002
951,kinnabulla,KINNABULLA_S9.1_P1231_R3,2023,1,171.5,266.22,vetch,NA,NA,2381.0,NA,NA,0.0,-437.72
952,kinnabulla,KINNABULLA_S6_P1234_R2,2023,1,193.5,254.77200000000002,lentil,NA,NA,1462.0,NA,NA,950.3,502.0279999999999
953,kinnabulla,KINNABULLA_S8_P2312_R1,2023,1,180.0,292.03999999999996,wheat,NA,NA,5195.0,NA,NA,1714.35,1242.31
954,kinnabulla,KINNABULLA_S14_P0000_R5,2023,1,169.0,450.84259615384616,canola,NA,NA,1619.0,NA,NA,1007.018,387.17540384615387
955,kinnabulla,KINNABULLA_S14_P0000_R4,2023,1,169.0,450.84259615384616,canola,NA,NA,1423.0,NA,NA,885.106,265.26340384615384
956,kinnabulla,KINNABULLA_S5_P1212_R1,2023,1,193.5,254.77200000000002,lentil,NA,NA,1250.0,NA,NA,812.5,364.22799999999995
957,kinnabulla,KINNABULLA_S2.2_P1212_R2,2023,1,193.5,254.77200000000002,lentil,NA,NA,1721.0,NA,NA,1118.65,670.378
958,kinnabulla,KINNABULLA_S8_P2312_R3,2023,1,169.0,292.03999999999996,wheat,NA,NA,4379.0,NA,NA,1445.0700000000002,984.0300000000002
959,kinnabulla,KINNABULLA_S9.2_P3123_R1,2023,1,160.5,163.54000000000002,wheat,NA,NA,5760.0,NA,NA,1900.8,1576.76
960,kinnabulla,KINNABULLA_S13_P0000_R6,2023,1,169.0,342.84259615384616,canola,NA,NA,1438.0,NA,NA,894.436,382.5934038461539
961,kinnabulla,KINNABULLA_S1.2_P3123_R1,2023,1,191.0,292.03999999999996,wheat,NA,NA,5705.0,NA,NA,1882.65,1399.6100000000001
962,kinnabulla,KINNABULLA_S1.2_P3123_R2,2023,1,180.0,292.03999999999996,wheat,NA,NA,5018.0,NA,NA,1655.94,1183.9
963,kinnabulla,KINNABULLA_S9.1_P3123_R1,2023,1,160.5,163.54000000000002,wheat,NA,NA,4975.0,NA,NA,1641.75,1317.71
964,kinnabulla,KINNABULLA_S9.2_P2312_R2,2023,1,171.5,163.54000000000002,wheat,NA,NA,5121.0,NA,NA,1689.93,1354.89
965,kinnabulla,KINNABULLA_S12_P0000_R4,2023,1,169.0,450.84259615384616,canola,NA,NA,1670.0,NA,NA,1038.74,418.89740384615385
966,kinnabulla,KINNABULLA_S9.1_P3123_R3,2023,1,171.5,163.54000000000002,wheat,NA,NA,4816.0,NA,NA,1589.28,1254.24
967,kinnabulla,KINNABULLA_S1.1_P3123_R2,2023,1,180.0,212.54000000000002,wheat,NA,NA,4633.0,NA,NA,1528.89,1136.3500000000001
968,kinnabulla,KINNABULLA_S2.2_P2121_R3,2023,1,180.0,334.03999999999996,wheat,NA,NA,4551.0,NA,NA,1501.8300000000002,987.7900000000002
969,kinnabulla,KINNABULLA_S5_P2121_R1,2023,1,180.0,282.03999999999996,barley,NA,NA,4860.0,NA,NA,1448.28,986.24
970,kinnabulla,KINNABULLA_S11_P1231_R1,2023,1,171.5,211.37,tillage radish,vetch,NA,2307.0,1503.0,NA,0.0,-382.87
971,kinnabulla,KINNABULLA_S9.2_P1231_R3,2023,1,182.5,248.22000000000003,vetch,NA,NA,2706.0,NA,NA,0.0,-430.72
972,kinnabulla,KINNABULLA_S1.3_P2312_R2,2023,1,180.0,334.04,wheat,NA,NA,5210.0,NA,NA,1719.3000000000002,1205.2600000000002
973,kinnabulla,KINNABULLA_S7_P1111_R6,2023,1,169.0,292.03999999999996,wheat,NA,NA,5000.0,NA,NA,1650.0,1188.96
974,kinnabulla,KINNABULLA_S7_P1111_R5,2023,1,180.0,292.03999999999996,wheat,NA,NA,5042.0,NA,NA,1663.86,1191.82
975,kinnabulla,KINNABULLA_S9.1_P1231_R2,2023,1,182.5,266.21999999999997,vetch,NA,NA,4347.0,NA,NA,0.0,-448.71999999999997
976,kinnabulla,KINNABULLA_S1.1_P1231_R3,2023,1,204.5,254.77200000000002,lentil,NA,NA,1414.0,NA,NA,919.1,459.828
977,kinnabulla,KINNABULLA_S1.2_P1231_R1,2023,1,204.5,254.77200000000002,lentil,NA,NA,1654.0,NA,NA,1075.1,615.8279999999999
978,kinnabulla,KINNABULLA_S9.1_P1231_R1,2023,1,171.5,266.22,vetch,NA,NA,1911.0,NA,NA,0.0,-437.72
979,kinnabulla,KINNABULLA_S9.2_P1231_R1,2023,1,182.5,248.22000000000003,vetch,NA,NA,2601.0,NA,NA,0.0,-430.72
980,kinnabulla,KINNABULLA_S9.2_P2312_R1,2023,1,182.5,163.54000000000002,wheat,NA,NA,5403.0,NA,NA,1782.99,1436.95
981,kinnabulla,KINNABULLA_S6_P2341_R1,2023,1,191.0,292.03999999999996,wheat,NA,NA,5665.0,NA,NA,1869.45,1386.41
982,kinnabulla,KINNABULLA_S12_P0000_R7,2023,1,169.0,450.84259615384616,canola,NA,NA,1479.0,NA,NA,919.938,300.09540384615383
983,kinnabulla,KINNABULLA_S4_P4123_R3,2023,1,169.0,292.03999999999996,wheat,NA,NA,4255.0,NA,NA,1404.15,943.1100000000001
984,kinnabulla,KINNABULLA_S6_P3412_R2,2023,1,169.0,292.03999999999996,wheat,NA,NA,4981.0,NA,NA,1643.73,1182.69
985,kinnabulla,KINNABULLA_S1.2_P2312_R3,2023,1,180.0,292.03999999999996,wheat,NA,NA,4473.0,NA,NA,1476.09,1004.05
986,kinnabulla,KINNABULLA_S11_P3123_R1,2023,1,180.0,292.04,wheat,NA,NA,6124.0,NA,NA,2020.92,1548.88
987,roseworthy,ROSEWORTHY_S8_P0212_R3,2024,1,180.0,231.98,Canola,NA,NA,604.6134156,NA,NA,376.0695445032,-35.91045549679998
988,roseworthy,ROSEWORTHY_S1.1_P1231_R3,2023,1,270.5,786.8794,lentil,NA,NA,1799.0,NA,NA,1169.35,111.97059999999988
989,roseworthy,ROSEWORTHY_S1.1_P1231_R3,2023,2,202.0,299.93600000000004,Wheat,NA,NA,1991.272616,NA,NA,657.11996328,155.18396327999994
990,roseworthy,ROSEWORTHY_S4_P3123_R1,2023,1,270.5,558.6094,barley,fababean,NA,3668.0,560.0,NA,1395.464,566.3545999999999
991,roseworthy,ROSEWORTHY_S4_P3123_R1,2023,2,193.5,267.18,Canola,Field Pea,NA,954.4021304,275.8803634,NA,718.0601690022,257.38016900220003
992,roseworthy,ROSEWORTHY_S1.1_P3123_R1,2023,1,279.0,592.1894,barley,NA,NA,5260.0,NA,NA,1567.48,696.2906
993,roseworthy,ROSEWORTHY_S1.1_P3123_R1,2023,2,193.5,478.53,Lentil,NA,NA,1073.082918,NA,NA,697.5038967,25.47389670000007
994,roseworthy,ROSEWORTHY_S4_P3123_R2,2023,1,259.5,558.6094,barley,fababean,NA,3945.0,484.0,NA,1436.9699999999998,618.8605999999997
995,roseworthy,ROSEWORTHY_S4_P3123_R2,2023,2,193.5,267.18,Canola,Field Pea,NA,981.9810103,147.6374356,NA,677.3766718621999,216.69667186219993
996,roseworthy,ROSEWORTHY_S2_P2121_R2,2023,1,268.0,592.1894,durum,NA,NA,3622.0,NA,NA,1550.216,690.0265999999999
997,roseworthy,ROSEWORTHY_S2_P2121_R2,2023,2,182.5,478.53,Lentil,NA,NA,1027.153223,NA,NA,667.64959495,6.619594950000078
998,roseworthy,ROSEWORTHY_S6_P0000_R1,2023,1,257.0,592.1894,wheat,NA,NA,5908.0,NA,NA,1949.64,1100.4506000000001
999,roseworthy,ROSEWORTHY_S6_P0000_R1,2023,2,202.0,258.456,Barley,NA,NA,17.98031466,NA,NA,5.35813376868,-455.09786623132004
1000,roseworthy,ROSEWORTHY_S1.2_P1231_R1,2023,1,270.5,786.8794,lentil,NA,NA,1621.0,NA,NA,1053.65,-3.7293999999999414
1001,roseworthy,ROSEWORTHY_S1.2_P1231_R1,2023,2,191.0,289.93600000000004,Wheat,NA,NA,2514.7697,NA,NA,829.874001,348.938001
1002,roseworthy,ROSEWORTHY_S8_P0212_R1,2024,1,180.0,231.98,Canola,NA,NA,281.232493,NA,NA,174.92661064599997,-237.05338935400002
1003,roseworthy,ROSEWORTHY_S1.2_P3123_R1,2023,1,268.0,592.1894,barley,NA,NA,5069.0,NA,NA,1510.562,650.3725999999999
1004,roseworthy,ROSEWORTHY_S1.2_P3123_R1,2023,2,182.5,478.53000000000003,Lentil,NA,NA,1034.142582,NA,NA,672.1926783,11.162678299999982
1005,roseworthy,ROSEWORTHY_S1.2_P2312_R3,2023,1,279.0,592.1894,wheat,NA,NA,3754.0,NA,NA,1238.8200000000002,367.6306000000002
1006,roseworthy,ROSEWORTHY_S1.2_P2312_R3,2023,2,191.0,289.93600000000004,Barley,NA,NA,505.830062,NA,NA,150.737358476,-330.19864152400004
1007,roseworthy,ROSEWORTHY_S2_P2121_R3,2023,1,279.0,592.1894,durum,NA,NA,2519.0,NA,NA,1078.132,206.94260000000008
1008,roseworthy,ROSEWORTHY_S2_P2121_R3,2023,2,182.5,478.53,Lentil,NA,NA,908.0072558,NA,NA,590.2047162700001,-70.82528372999991
1009,roseworthy,ROSEWORTHY_S2_P1212_R1,2023,1,281.5,786.8794,lentil,NA,NA,2030.0,NA,NA,1319.5,251.12059999999997
1010,roseworthy,ROSEWORTHY_S2_P1212_R1,2023,2,202.0,289.93600000000004,Wheat,NA,NA,3604.886857,NA,NA,1189.61266281,697.67666281
1011,roseworthy,ROSEWORTHY_S6_P0000_R2,2023,1,279.0,592.1894,wheat,NA,NA,5306.0,NA,NA,1750.98,879.7906
1012,roseworthy,ROSEWORTHY_S6_P0000_R2,2023,2,202.0,258.456,Barley,NA,NA,10.81680468,NA,NA,3.22340779464,-457.23259220536
1013,roseworthy,ROSEWORTHY_S5_P0000_R3,2023,1,285.0,695.1294,canola,NA,NA,1587.0,NA,NA,987.114,6.9846
1014,roseworthy,ROSEWORTHY_S5_P0000_R3,2023,2,193.5,249.936,Wheat,NA,NA,1721.2753,NA,NA,568.020849,124.58484899999999
1015,roseworthy,ROSEWORTHY_S1.1_P3123_R3,2023,1,279.0,592.1894,barley,NA,NA,4717.0,NA,NA,1405.666,534.4766
1016,roseworthy,ROSEWORTHY_S1.1_P3123_R3,2023,2,182.5,478.53000000000003,Lentil,NA,NA,972.8597488,NA,NA,632.35883672,-28.67116328000003
1017,roseworthy,ROSEWORTHY_S3_P2121_R3,2023,1,268.0,592.1894,durum,NA,NA,2270.0,NA,NA,971.56,111.37059999999997
1018,roseworthy,ROSEWORTHY_S3_P2121_R3,2023,2,182.5,298.45500000000004,Vetch,NA,NA,0.0,NA,NA,0.0,-480.95500000000004
1019,roseworthy,ROSEWORTHY_S1.1_P1231_R1,2023,1,270.5,786.8794,lentil,NA,NA,1983.0,NA,NA,1288.95,231.5706
1020,roseworthy,ROSEWORTHY_S1.1_P1231_R1,2023,2,191.0,299.93600000000004,Wheat,NA,NA,2348.748663,NA,NA,775.08705879,284.15105879
1021,roseworthy,ROSEWORTHY_S6_P0000_R3,2023,1,268.0,592.1894,wheat,NA,NA,3493.0,NA,NA,1152.69,292.5006000000001
1022,roseworthy,ROSEWORTHY_S6_P0000_R3,2023,2,191.0,258.456,Barley,NA,NA,2.568529201,NA,NA,0.765421701898,-448.690578298102
1023,roseworthy,ROSEWORTHY_S1.1_P2312_R1,2023,1,268.0,592.1894,wheat,NA,NA,5023.0,NA,NA,1657.59,797.4005999999999
1024,roseworthy,ROSEWORTHY_S1.1_P2312_R1,2023,2,202.0,299.93600000000004,Barley,NA,NA,906.0226177,NA,NA,269.9947400746,-231.94125992540006
1025,roseworthy,ROSEWORTHY_S8_P0121_R3,2024,1,182.5,394.53,Lentil,NA,NA,1006.529272,NA,NA,654.2440268,77.21402680000006
1026,roseworthy,ROSEWORTHY_S7_P0000_R2,2023,1,257.0,6808.229399999999,durum,NA,NA,3575.0,NA,NA,1530.1,-5535.1294
1027,roseworthy,ROSEWORTHY_S7_P0000_R2,2023,2,182.5,10348.086,Barley,NA,NA,1334.787504,NA,NA,397.766676192,-10132.819323807998
1028,roseworthy,ROSEWORTHY_S1.1_P2312_R2,2023,1,268.0,592.1894,wheat,NA,NA,5104.0,NA,NA,1684.3200000000002,824.1306000000002
1029,roseworthy,ROSEWORTHY_S1.1_P2312_R2,2023,2,202.0,299.93600000000004,Barley,NA,NA,1522.301299,NA,NA,453.645787102,-48.29021289800005
1030,roseworthy,ROSEWORTHY_S8_P0121_R2,2024,1,182.5,394.53,Lentil,NA,NA,781.0964306,NA,NA,507.71267989,-69.31732010999997
1031,roseworthy,ROSEWORTHY_S4_P2312_R3,2023,1,270.5,816.4513999999999,wheat,lentil,NA,3499.0,517.0,NA,1490.72,403.7686000000001
1032,roseworthy,ROSEWORTHY_S4_P2312_R3,2023,2,171.5,232.98000000000002,Barley,Faba Bean,NA,1419.594828,26.99750164,NA,437.6179096296,33.13790962959996
1033,roseworthy,ROSEWORTHY_S4_P2312_R2,2023,1,270.5,816.4513999999999,wheat,lentil,NA,3184.0,509.0,NA,1381.5700000000002,294.61860000000024
1034,roseworthy,ROSEWORTHY_S4_P2312_R2,2023,2,182.5,232.98000000000002,Barley,Faba Bean,NA,1312.518549,40.47926526,NA,412.9893308424,-2.4906691575999957
1035,roseworthy,ROSEWORTHY_S1.1_P2312_R3,2023,1,279.0,592.1894,wheat,NA,NA,4659.0,NA,NA,1537.47,666.2806
1036,roseworthy,ROSEWORTHY_S1.1_P2312_R3,2023,2,202.0,299.93600000000004,Barley,NA,NA,617.6518386,NA,NA,184.0602479028,-317.8757520972
1037,roseworthy,ROSEWORTHY_S3_P1212_R2,2023,1,248.5,576.9044,vetch,NA,NA,5710.0,NA,NA,0.0,-825.4044
1038,roseworthy,ROSEWORTHY_S3_P1212_R2,2023,2,193.5,249.936,Wheat,NA,NA,2112.562229,NA,NA,697.1455355700001,253.7095355700001
1039,roseworthy,ROSEWORTHY_S1.1_P1231_R2,2023,1,281.5,786.8794,lentil,NA,NA,1118.0,NA,NA,726.7,-341.6794
1040,roseworthy,ROSEWORTHY_S1.1_P1231_R2,2023,2,191.0,299.93600000000004,Wheat,NA,NA,1880.223392,NA,NA,620.47371936,129.53771935999998
1041,roseworthy,ROSEWORTHY_S3_P1212_R1,2023,1,248.5,576.9044,vetch,NA,NA,5090.0,NA,NA,0.0,-825.4044
1042,roseworthy,ROSEWORTHY_S3_P1212_R1,2023,2,182.5,249.936,Wheat,NA,NA,2397.176471,NA,NA,791.0682354300001,358.63223543000004
1043,roseworthy,ROSEWORTHY_S4_P1231_R3,2023,1,281.5,579.2794,canola,fieldpea,NA,711.0,1769.0,NA,1240.061,379.2815999999999
1044,roseworthy,ROSEWORTHY_S4_P1231_R3,2023,2,182.5,439.23,Wheat,Lentil,NA,1683.995518,28.94066583,NA,574.5299537295,-47.200046270500025
1045,roseworthy,ROSEWORTHY_S1.2_P3123_R3,2023,1,268.0,592.1894,barley,NA,NA,5250.0,NA,NA,1564.5,704.3106
1046,roseworthy,ROSEWORTHY_S1.2_P3123_R3,2023,2,193.5,478.53000000000003,Lentil,NA,NA,738.1863584,NA,NA,479.82113296,-192.20886704000003
1047,roseworthy,ROSEWORTHY_S4_P1231_R2,2023,1,281.5,579.2794,canola,fieldpea,NA,578.0,1756.0,NA,1151.472,290.69259999999997
1048,roseworthy,ROSEWORTHY_S4_P1231_R2,2023,2,171.5,439.23,Wheat,Lentil,NA,1681.372549,22.03421089,NA,569.1751782485001,-41.55482175149996
1049,roseworthy,ROSEWORTHY_S7_P0000_R1,2023,1,279.0,6808.229399999999,durum,NA,NA,3288.0,NA,NA,1407.264,-5679.965399999999
1050,roseworthy,ROSEWORTHY_S7_P0000_R1,2023,2,182.5,10348.086,Barley,NA,NA,2207.692597,NA,NA,657.892393906,-9872.693606093999
1051,roseworthy,ROSEWORTHY_S5_P0000_R2,2023,1,274.0,695.1294,canola,NA,NA,2091.0,NA,NA,1300.602,331.47260000000006
1052,roseworthy,ROSEWORTHY_S5_P0000_R2,2023,2,193.5,249.936,Wheat,NA,NA,1515.454483,NA,NA,500.09997939,56.66397938999998
1053,roseworthy,ROSEWORTHY_S4_P1231_R1,2023,1,281.5,579.2794,canola,fieldpea,NA,951.0,1450.0,NA,1245.4720000000002,384.6926000000002
1054,roseworthy,ROSEWORTHY_S4_P1231_R1,2023,2,171.5,439.23,Wheat,Lentil,NA,1426.589818,51.6717572,NA,504.36128212,-106.36871788000002
1055,roseworthy,ROSEWORTHY_S4_P3123_R3,2023,1,270.5,558.6094,barley,fababean,NA,3853.0,432.0,NA,1381.474,552.3645999999999
1056,roseworthy,ROSEWORTHY_S4_P3123_R3,2023,2,193.5,267.18,Canola,Field Pea,NA,713.4773054,76.09224071,NA,478.10048451901,17.420484519010017
1057,roseworthy,ROSEWORTHY_S1.2_P3123_R2,2023,1,279.0,592.1894,barley,NA,NA,5141.0,NA,NA,1532.018,660.8286
1058,roseworthy,ROSEWORTHY_S1.2_P3123_R2,2023,2,193.5,478.53000000000003,Lentil,NA,NA,998.2770728,NA,NA,648.88009732,-23.149902680000025
1059,roseworthy,ROSEWORTHY_S1.2_P1231_R3,2023,1,270.5,786.8794,lentil,NA,NA,1479.0,NA,NA,961.35,-96.02940000000001
1060,roseworthy,ROSEWORTHY_S1.2_P1231_R3,2023,2,191.0,289.93600000000004,Wheat,NA,NA,1517.05563,NA,NA,500.6283579,19.69235789999999
1061,roseworthy,ROSEWORTHY_S1.2_P2312_R2,2023,1,279.0,592.1894,wheat,NA,NA,5613.0,NA,NA,1852.29,981.1006
1062,roseworthy,ROSEWORTHY_S1.2_P2312_R2,2023,2,202.0,289.93600000000004,Barley,NA,NA,1349.467718,NA,NA,402.141379964,-89.79462003600003
1063,roseworthy,ROSEWORTHY_S2_P1212_R3,2023,1,270.5,786.8794,lentil,NA,NA,1572.0,NA,NA,1021.8,-35.57940000000008
1064,roseworthy,ROSEWORTHY_S2_P1212_R3,2023,2,191.0,289.93600000000004,Wheat,NA,NA,1901.376475,NA,NA,627.4542367500001,146.51823675000003
1065,roseworthy,ROSEWORTHY_S2_P2121_R1,2023,1,268.0,592.1894,durum,NA,NA,3394.0,NA,NA,1452.632,592.4426000000001
1066,roseworthy,ROSEWORTHY_S2_P2121_R1,2023,2,182.5,478.53000000000003,Lentil,NA,NA,1024.675325,NA,NA,666.0389612499999,5.008961249999913
1067,roseworthy,ROSEWORTHY_S1.2_P1231_R2,2023,1,270.5,786.8794,lentil,NA,NA,1521.0,NA,NA,988.65,-68.72940000000006
1068,roseworthy,ROSEWORTHY_S1.2_P1231_R2,2023,2,202.0,289.93600000000004,Wheat,NA,NA,2127.111145,NA,NA,701.94667785,210.01067784999998
1069,roseworthy,ROSEWORTHY_S3_P1212_R3,2023,1,259.5,576.9044,vetch,NA,NA,6330.0,NA,NA,0.0,-836.4044
1070,roseworthy,ROSEWORTHY_S3_P1212_R3,2023,2,182.5,249.936,Wheat,NA,NA,1854.611657,NA,NA,612.02184681,179.58584681000005
1071,roseworthy,ROSEWORTHY_S2_P1212_R2,2023,1,281.5,786.8794,lentil,NA,NA,1460.0,NA,NA,949.0,-119.37940000000003
1072,roseworthy,ROSEWORTHY_S2_P1212_R2,2023,2,202.0,289.93600000000004,Wheat,NA,NA,1626.125553,NA,NA,536.6214324900001,44.68543249000004
1073,roseworthy,ROSEWORTHY_S3_P2121_R2,2023,1,257.0,592.1894,durum,NA,NA,4139.0,NA,NA,1771.492,922.3026
1074,roseworthy,ROSEWORTHY_S3_P2121_R2,2023,2,182.5,298.45500000000004,Vetch,NA,NA,0.0,NA,NA,0.0,-480.95500000000004
1075,roseworthy,ROSEWORTHY_S8_P0121_R1,2024,1,182.5,394.53,Lentil,NA,NA,819.1592419,NA,NA,532.453507235,-44.57649276500001
1076,roseworthy,ROSEWORTHY_S1.2_P2312_R1,2023,1,268.0,592.1894,wheat,NA,NA,5590.0,NA,NA,1844.7,984.5106000000001
1077,roseworthy,ROSEWORTHY_S1.2_P2312_R1,2023,2,202.0,289.93600000000004,Barley,NA,NA,2168.05411,NA,NA,646.08012478,154.14412477999997
1078,roseworthy,ROSEWORTHY_S8_P0212_R2,2024,1,180.0,231.98,Canola,NA,NA,351.0925845,NA,NA,218.379587559,-193.600412441
1079,roseworthy,ROSEWORTHY_S3_P2121_R1,2023,1,279.0,592.1894,durum,NA,NA,3678.0,NA,NA,1574.184,702.9946
1080,roseworthy,ROSEWORTHY_S3_P2121_R1,2023,2,182.5,298.45500000000004,Vetch,NA,NA,0.0,NA,NA,0.0,-480.95500000000004
1081,roseworthy,ROSEWORTHY_S4_P2312_R1,2023,1,270.5,816.4513999999999,wheat,lentil,NA,3361.0,445.0,NA,1398.38,311.4286000000002
1082,roseworthy,ROSEWORTHY_S4_P2312_R1,2023,2,182.5,232.98000000000002,Barley,Faba Bean,NA,1034.812322,25.18951048,NA,321.97640761519995,-93.50359238480007
1083,roseworthy,ROSEWORTHY_S5_P0000_R1,2023,1,274.0,695.1294,canola,NA,NA,2031.0,NA,NA,1263.282,294.1525999999999
1084,roseworthy,ROSEWORTHY_S5_P0000_R1,2023,2,193.5,249.936,Wheat,NA,NA,1998.62387,NA,NA,659.5458771,216.10987709999998
1085,roseworthy,ROSEWORTHY_S7_P0000_R3,2023,1,257.0,6808.229399999999,durum,NA,NA,4197.0,NA,NA,1796.316,-5268.9133999999995
1086,roseworthy,ROSEWORTHY_S7_P0000_R3,2023,2,182.5,10348.086,Barley,NA,NA,621.166068,NA,NA,185.107488264,-10345.478511735999
1087,roseworthy,ROSEWORTHY_S1.1_P3123_R2,2023,1,257.0,592.1894,barley,NA,NA,5447.0,NA,NA,1623.206,774.0165999999999
1088,roseworthy,ROSEWORTHY_S1.1_P3123_R2,2023,2,193.5,478.53,Lentil,NA,NA,455.4766276,NA,NA,296.05980794,-375.97019206
1089,hart,HART_S8_P4123_R3,2023,1,202.0,246.75835,wheat,NA,NA,3485.0,NA,NA,1150.05,701.2916499999999
1090,hart,HART_S8_P4123_R3,2024,2,193.5,242.32440000000003,Lentil,NA,NA,687.0,0.0,NA,446.55,10.725599999999986
1091,hart,HART_S9_P3412_R2,2023,1,202.0,246.75834999999998,wheat,NA,NA,2446.0,NA,NA,807.1800000000001,358.4216500000001
1092,hart,HART_S9_P3412_R2,2024,2,202.0,220.68351425,Barley,NA,NA,1359.0,0.0,NA,404.982,-17.701514249999974
1093,hart,HART_S4.1_P3412_R2,2023,1,213.0,215.0018,canola,NA,NA,537.0,NA,NA,334.014,-93.9878
1094,hart,HART_S4.1_P3412_R2,2024,2,202.0,204.75806106500002,Barley,NA,NA,372.0,0.0,NA,110.856,-295.902061065
1095,hart,HART_S4.3_P4123_R3,2023,1,202.0,258.75835000000006,barley,NA,NA,3833.0,NA,NA,1142.234,681.4756499999999
1096,hart,HART_S4.3_P4123_R3,2024,2,193.5,242.32440000000003,Lentil,NA,NA,1222.0,0.0,NA,794.3000000000001,358.47560000000004
1097,hart,HART_S10.3_P2312_R3,2023,1,202.0,246.75835,wheat,NA,NA,3173.0,NA,NA,1047.09,598.3316499999999
1098,hart,HART_S10.3_P2312_R3,2024,2,202.0,194.978155215,Barley,NA,NA,1013.0,0.0,NA,301.874,-95.10415521499996
1099,hart,HART_S1.1_P1231_R3,2023,1,204.5,222.5193,lentil,NA,NA,1562.0,NA,NA,1015.3,588.2807
1100,hart,HART_S1.1_P1231_R3,2024,2,202.0,223.052,Wheat,NA,NA,1487.0,0.0,NA,490.71,65.65799999999999
1101,hart,HART_S7_P4123_R3,2023,1,202.0,235.75835,barley,NA,NA,3792.0,NA,NA,1130.0159999999998,692.2576499999998
1102,hart,HART_S7_P4123_R3,2024,2,193.5,242.32439999999997,Lentil,NA,NA,675.0,0.0,NA,438.75,2.9256000000000313
1103,hart,HART_S4.1_P1234_R2,2023,1,204.5,222.5193,lentil,NA,NA,1264.0,NA,NA,821.6,394.58070000000004
1104,hart,HART_S4.1_P1234_R2,2024,2,202.0,214.75948176,Wheat,NA,NA,1508.0,0.0,NA,497.64,80.88051823999999
1105,hart,HART_S8_P1234_R3,2023,1,204.5,222.5193,lentil,NA,NA,1407.0,NA,NA,914.55,487.53069999999997
1106,hart,HART_S8_P1234_R3,2024,2,202.0,214.29387340500003,Wheat,NA,NA,1884.0,0.0,NA,621.72,205.426126595
1107,hart,HART_S1.1_P3123_R2,2023,1,202.0,235.75834999999998,barley,NA,NA,3664.0,NA,NA,1091.8719999999998,654.1136499999999
1108,hart,HART_S1.1_P3123_R2,2024,2,193.5,242.32440000000003,Lentil,NA,NA,0.0,0.0,NA,0.0,-435.8244
1109,hart,HART_S10.3_P3123_R3,2023,1,202.0,235.75835,barley,NA,NA,3270.0,NA,NA,974.46,536.70165
1110,hart,HART_S10.3_P3123_R3,2024,2,191.0,247.12695128,Lentil,Canola,NA,665.0,34.0,NA,435.73,-2.3969512799999677
1111,hart,HART_S4.1_P1234_R1,2023,1,204.5,222.5193,lentil,NA,NA,1602.0,NA,NA,1041.3,614.2807
1112,hart,HART_S4.1_P1234_R1,2024,2,202.0,214.75948176,Wheat,NA,NA,1731.0,0.0,NA,571.23,154.47051824000002
1113,hart,HART_S6_P2341_R3,2023,1,213.0,236.50179999999997,canola,NA,NA,624.0,NA,NA,388.128,-61.37379999999999
1114,hart,HART_S6_P2341_R3,2024,2,202.0,189.60315159,Wheat,NA,NA,1047.0,0.0,NA,345.51,-46.09315159000002
1115,hart,HART_S1.2_P1231_R1,2023,1,204.5,222.5193,lentil,NA,NA,1237.0,NA,NA,804.0500000000001,377.0307000000001
1116,hart,HART_S1.2_P1231_R1,2024,2,202.0,202.61067411000002,Wheat,NA,NA,2089.0,0.0,NA,689.37,284.75932589
1117,hart,HART_S9_P2341_R1,2023,1,213.0,236.50179999999997,canola,NA,NA,788.0,NA,NA,490.136,40.63420000000005
1118,hart,HART_S9_P2341_R1,2024,2,202.0,221.59511175000003,Wheat,NA,NA,915.0,0.0,NA,301.95,-121.64511175000004
1119,hart,HART_S10.2_P2312_R1,2023,1,202.0,218.75835,wheat,NA,NA,3777.0,NA,NA,1246.41,825.65165
1120,hart,HART_S10.2_P2312_R1,2024,2,202.0,181.97245029500002,Barley,NA,NA,213.0,0.0,NA,63.474,-320.498450295
1121,hart,HART_S1.2_P2312_R2,2023,1,202.0,246.75835,wheat,NA,NA,2871.0,NA,NA,947.43,498.67164999999994
1122,hart,HART_S1.2_P2312_R2,2024,2,202.0,180.720449485,Barley,NA,NA,510.0,0.0,NA,151.98,-230.740449485
1123,hart,HART_S8_P4123_R1,2023,1,202.0,246.75835,wheat,NA,NA,3383.0,NA,NA,1116.39,667.63165
1124,hart,HART_S8_P4123_R1,2024,2,193.5,242.32440000000003,Lentil,NA,NA,675.0,0.0,NA,438.75,2.9255999999999744
1125,hart,HART_S10.1_P1231_R1,2023,1,204.5,227.7693,lentil,canola,NA,195.0,1034.0,NA,793.39,361.1207
1126,hart,HART_S10.1_P1231_R1,2024,2,202.0,228.395073865,Wheat,NA,NA,1160.0,0.0,NA,382.8,-47.59507386499999
1127,hart,HART_S10.3_P3123_R1,2023,1,202.0,235.75835,barley,NA,NA,4319.0,NA,NA,1287.062,849.3036499999998
1128,hart,HART_S10.3_P3123_R1,2024,2,191.0,247.12695128,Lentil,Canola,NA,348.0,0.0,NA,216.456,-221.67095128
1129,hart,HART_S4.1_P1234_R3,2023,1,204.5,222.5193,lentil,NA,NA,1750.0,NA,NA,1137.5,710.4807000000001
1130,hart,HART_S4.1_P1234_R3,2024,2,202.0,214.75948176,Wheat,NA,NA,2209.0,0.0,NA,728.97,312.21051824000006
1131,hart,HART_S1.1_P2312_R1,2023,1,202.0,246.75835,wheat,NA,NA,3327.0,NA,NA,1097.91,649.15165
1132,hart,HART_S1.1_P2312_R1,2024,2,202.0,205.85440000000003,Barley,NA,NA,682.0,0.0,NA,203.236,-204.61840000000004
1133,hart,HART_S10.1_P3123_R3,2023,1,193.5,190.25835,barley,NA,NA,3864.0,NA,NA,1151.472,767.7136499999999
1134,hart,HART_S10.1_P3123_R3,2024,2,182.5,203.295,Lentil,Canola,NA,585.0,13.0,NA,372.32,-13.474999999999994
1135,hart,HART_S4.3_P2341_R2,2023,1,202.0,259.75834999999995,wheat,NA,NA,2605.0,NA,NA,859.6500000000001,397.89165000000014
1136,hart,HART_S4.3_P2341_R2,2024,2,210.5,274.07172099999997,Canola,NA,NA,24.0,0.0,NA,14.928,-469.64372099999997
1137,hart,HART_S4.2_P1234_R1,2023,1,204.5,222.5193,lentil,NA,NA,1832.0,NA,NA,1190.8,763.7807
1138,hart,HART_S4.2_P1234_R1,2024,2,202.0,223.82467649999998,Wheat,NA,NA,897.0,0.0,NA,296.01,-129.8146765
1139,hart,HART_S9_P1234_R1,2023,1,204.5,235.9362,vetch,NA,NA,0.0,NA,NA,0.0,-440.4362
1140,hart,HART_S9_P1234_R1,2024,2,210.5,235.51599999999996,Canola,NA,NA,780.0,0.0,NA,485.16,39.14400000000006
1141,hart,HART_S6_P3412_R2,2023,1,202.0,246.75835,wheat,NA,NA,2979.0,NA,NA,983.07,534.3116500000001
1142,hart,HART_S6_P3412_R2,2024,2,202.0,171.85777473,Barley,NA,NA,1000.0,0.0,NA,298.0,-75.85777472999999
1143,hart,HART_S10.1_P1231_R2,2023,1,204.5,227.7693,lentil,canola,NA,232.0,1343.0,NA,1017.254,584.9847
1144,hart,HART_S10.1_P1231_R2,2024,2,202.0,228.395073865,Wheat,NA,NA,961.0,0.0,NA,317.13,-113.265073865
1145,hart,HART_S4.2_P4123_R2,2023,1,202.0,235.75835,barley,NA,NA,3475.0,NA,NA,1035.55,597.7916499999999
1146,hart,HART_S4.2_P4123_R2,2024,2,193.5,242.32440000000003,Lentil,NA,NA,718.0,0.0,NA,466.7,30.875599999999963
1147,hart,HART_S6_P1234_R1,2023,1,204.5,222.5193,lentil,NA,NA,1428.0,NA,NA,928.2,501.18070000000006
1148,hart,HART_S6_P1234_R1,2024,2,210.5,235.51600000000002,Canola,NA,NA,560.0,0.0,NA,348.32,-97.69600000000003
1149,hart,HART_S10.3_P2312_R2,2023,1,202.0,246.75835,wheat,NA,NA,2999.0,NA,NA,989.67,540.91165
1150,hart,HART_S10.3_P2312_R2,2024,2,202.0,194.978155215,Barley,NA,NA,1590.0,0.0,NA,473.82,76.841844785
1151,hart,HART_S9_P2341_R2,2023,1,213.0,236.5018,canola,NA,NA,466.0,NA,NA,289.852,-159.64980000000003
1152,hart,HART_S9_P2341_R2,2024,2,202.0,221.59511175000003,Wheat,NA,NA,654.0,0.0,NA,215.82,-207.77511175000004
1153,hart,HART_S4.3_P3412_R1,2023,1,213.0,249.5018,canola,NA,NA,578.0,NA,NA,359.516,-102.98579999999998
1154,hart,HART_S4.3_P3412_R1,2024,2,202.0,205.27791397000001,Barley,NA,NA,67.0,0.0,NA,19.966,-387.31191397
1155,hart,HART_S8_P4123_R2,2023,1,202.0,246.75834999999998,wheat,NA,NA,2723.0,NA,NA,898.59,449.8316500000001
1156,hart,HART_S8_P4123_R2,2024,2,193.5,242.32440000000003,Lentil,NA,NA,677.0,0.0,NA,440.05,4.225599999999986
1157,hart,HART_S5_P0000_R2,2023,1,204.5,222.5193,lentil,NA,NA,1680.0,NA,NA,1092.0,664.9807000000001
1158,hart,HART_S5_P0000_R2,2024,2,193.5,238.44439999999997,Chickpea,NA,NA,0.0,0.0,NA,0.0,-431.9444
1159,hart,HART_S9_P1234_R2,2023,1,204.5,235.93619999999996,vetch,NA,NA,0.0,NA,NA,0.0,-440.4362
1160,hart,HART_S9_P1234_R2,2024,2,210.5,235.51599999999996,Canola,NA,NA,164.0,0.0,NA,102.008,-344.008
1161,hart,HART_S1.3_P3123_R2,2023,1,202.0,258.75835,barley,NA,NA,3153.0,NA,NA,939.594,478.83565000000004
1162,hart,HART_S1.3_P3123_R2,2024,2,193.5,242.32440000000003,Lentil,NA,NA,679.0,0.0,NA,441.35,5.525599999999997
1163,hart,HART_S7_P3412_R2,2023,1,202.0,246.75834999999998,wheat,NA,NA,2820.0,NA,NA,930.6,481.8416500000001
1164,hart,HART_S7_P3412_R2,2024,2,202.0,214.90329390000002,Barley,NA,NA,732.0,0.0,NA,218.136,-198.76729390000003
1165,hart,HART_S4.1_P2341_R2,2023,1,202.0,225.25835,wheat,NA,NA,2687.0,NA,NA,886.71,459.45165000000003
1166,hart,HART_S4.1_P2341_R2,2024,2,210.5,254.733718125,Canola,NA,NA,69.0,0.0,NA,42.918,-422.315718125
1167,hart,HART_S4.2_P2341_R3,2023,1,202.0,246.75835,wheat,NA,NA,3480.0,NA,NA,1148.4,699.64165
1168,hart,HART_S4.2_P2341_R3,2024,2,210.5,237.424870683,Canola,NA,NA,385.0,0.0,NA,239.47,-208.454870683
1169,hart,HART_S3_P3412_R3,2023,1,204.5,222.5193,lentil,NA,NA,1356.0,NA,NA,881.4,454.3807
1170,hart,HART_S3_P3412_R3,2024,2,202.0,155.85440000000003,Barley,NA,NA,1936.0,0.0,NA,576.928,219.07359999999997
1171,hart,HART_S7_P2341_R3,2023,1,204.5,209.9862,field pea,NA,NA,1752.0,NA,NA,790.152,375.66580000000005
1172,hart,HART_S7_P2341_R3,2024,2,202.0,229.628198315,Wheat,NA,NA,2078.0,0.0,NA,685.74,254.11180168500002
1173,hart,HART_S3_P4123_R1,2023,1,202.0,235.75834999999998,barley,NA,NA,3449.0,NA,NA,1027.802,590.04365
1174,hart,HART_S3_P4123_R1,2024,2,193.5,242.32440000000003,Lentil,NA,NA,646.0,0.0,NA,419.9,-15.924400000000048
1175,hart,HART_S10.2_P3123_R3,2023,1,202.0,213.25835,barley,NA,NA,4222.0,NA,NA,1258.156,842.8976499999999
1176,hart,HART_S10.2_P3123_R3,2024,2,191.0,226.42584117,Lentil,Canola,NA,229.0,37.0,NA,166.488,-250.93784117
1177,hart,HART_S10.1_P2312_R2,2023,1,193.5,190.25835,wheat,NA,NA,2810.0,NA,NA,927.3,543.5416499999999
1178,hart,HART_S10.1_P2312_R2,2024,2,202.0,193.16680829999999,Barley,NA,NA,791.0,0.0,NA,235.718,-159.4488083
1179,hart,HART_S4.1_P2341_R1,2023,1,202.0,225.25834999999998,wheat,NA,NA,2738.0,NA,NA,903.54,476.28165
1180,hart,HART_S4.1_P2341_R1,2024,2,210.5,254.733718125,Canola,NA,NA,143.0,0.0,NA,88.946,-376.28771812499997
1181,hart,HART_S10.1_P2312_R3,2023,1,193.5,190.25835,wheat,NA,NA,2636.0,NA,NA,869.88,486.12165
1182,hart,HART_S10.1_P2312_R3,2024,2,202.0,193.16680829999999,Barley,NA,NA,1104.0,0.0,NA,328.992,-66.17480829999997
1183,hart,HART_S4.3_P1234_R2,2023,1,204.5,222.5193,lentil,NA,NA,1771.0,NA,NA,1151.15,724.1307000000002
1184,hart,HART_S4.3_P1234_R2,2024,2,202.0,255.72250499999998,Wheat,NA,NA,1786.0,0.0,NA,589.38,131.657495
1185,hart,HART_S3_P2341_R2,2023,1,202.0,246.75835,wheat,NA,NA,2702.0,NA,NA,891.6600000000001,442.9016500000001
1186,hart,HART_S3_P2341_R2,2024,2,193.5,242.32440000000003,Lentil,NA,NA,622.0,0.0,NA,404.3,-31.524400000000014
1187,hart,HART_S2.2_P0000_R1,2023,1,202.0,264.25834999999995,wheat,NA,NA,3608.0,NA,NA,1190.64,724.3816500000001
1188,hart,HART_S2.2_P0000_R1,2024,2,202.0,182.41727117500002,Barley,NA,NA,1480.4,0.0,NA,441.1592,56.741928824999974
1189,hart,HART_S4.2_P1234_R2,2023,1,204.5,222.5193,lentil,NA,NA,1167.0,NA,NA,758.5500000000001,331.5307000000001
1190,hart,HART_S4.2_P1234_R2,2024,2,202.0,223.82467649999998,Wheat,NA,NA,1378.0,0.0,NA,454.74,28.915323500000028
1191,hart,HART_S4.3_P3412_R2,2023,1,213.0,249.50179999999997,canola,NA,NA,670.0,NA,NA,416.74,-45.761799999999965
1192,hart,HART_S4.3_P3412_R2,2024,2,202.0,205.27791397000001,Barley,NA,NA,267.0,0.0,NA,79.566,-327.71191397
1193,hart,HART_S6_P3412_R3,2023,1,202.0,246.75834999999998,wheat,NA,NA,2584.0,NA,NA,852.72,403.9616500000001
1194,hart,HART_S6_P3412_R3,2024,2,202.0,171.85777473,Barley,NA,NA,1771.0,0.0,NA,527.7579999999999,153.90022526999994
1195,hart,HART_S8_P2341_R2,2023,1,202.0,246.75835,wheat,NA,NA,2579.0,NA,NA,851.07,402.31165000000004
1196,hart,HART_S8_P2341_R2,2024,2,202.0,198.84890383,Barley,NA,NA,725.0,0.0,NA,216.05,-184.79890383
1197,hart,HART_S1.1_P1231_R2,2023,1,204.5,222.5193,lentil,NA,NA,1319.0,NA,NA,857.35,430.33070000000004
1198,hart,HART_S1.1_P1231_R2,2024,2,202.0,223.052,Wheat,NA,NA,1835.0,0.0,NA,605.5500000000001,180.49800000000008
1199,hart,HART_S7_P1234_R2,2023,1,204.5,222.5193,lentil,NA,NA,1443.0,NA,NA,937.95,510.93070000000006
1200,hart,HART_S7_P1234_R2,2024,2,193.5,229.7944,Field pea,NA,NA,773.0,0.0,NA,348.623,-74.6714
1201,hart,HART_S3_P4123_R2,2023,1,202.0,235.75835,barley,NA,NA,3306.0,NA,NA,985.188,547.42965
1202,hart,HART_S3_P4123_R2,2024,2,193.5,242.32440000000003,Lentil,NA,NA,932.0,0.0,NA,605.8000000000001,169.97560000000004
1203,hart,HART_S10.2_P1231_R1,2023,1,204.5,227.7693,lentil,canola,NA,244.0,1169.0,NA,911.618,479.34870000000006
1204,hart,HART_S10.2_P1231_R1,2024,2,202.0,250.74418625,Wheat,NA,NA,1038.0,0.0,NA,342.54,-110.20418624999999
1205,hart,HART_S3_P3412_R1,2023,1,204.5,222.5193,lentil,NA,NA,1607.0,NA,NA,1044.55,617.5307
1206,hart,HART_S3_P3412_R1,2024,2,202.0,155.85440000000003,Barley,NA,NA,2573.0,0.0,NA,766.754,408.89959999999996
1207,hart,HART_S3_P2341_R3,2023,1,202.0,246.75835,wheat,NA,NA,3173.0,NA,NA,1047.09,598.3316499999999
1208,hart,HART_S3_P2341_R3,2024,2,193.5,242.32439999999997,Lentil,NA,NA,970.0,0.0,NA,630.5,194.67560000000003
1209,hart,HART_S1.3_P2312_R3,2023,1,202.0,259.75834999999995,wheat,NA,NA,3112.0,NA,NA,1026.96,565.2016500000001
1210,hart,HART_S1.3_P2312_R3,2024,2,202.0,230.85440000000003,Barley,NA,NA,1212.0,0.0,NA,361.176,-71.67840000000004
1211,hart,HART_S10.2_P1231_R3,2023,1,204.5,227.7693,lentil,canola,NA,275.0,1024.0,NA,836.6500000000001,404.3807000000001
1212,hart,HART_S10.2_P1231_R3,2024,2,202.0,250.74418625,Wheat,NA,NA,818.0,0.0,NA,269.94,-182.80418625000001
1213,hart,HART_S9_P3412_R1,2023,1,202.0,246.75835,wheat,NA,NA,3280.0,NA,NA,1082.4,633.64165
1214,hart,HART_S9_P3412_R1,2024,2,202.0,220.68351425,Barley,NA,NA,401.0,0.0,NA,119.498,-303.18551425
1215,hart,HART_S4.3_P3412_R3,2023,1,213.0,249.5018,canola,NA,NA,563.0,NA,NA,350.186,-112.31580000000002
1216,hart,HART_S4.3_P3412_R3,2024,2,202.0,205.27791397000001,Barley,NA,NA,321.0,0.0,NA,95.658,-311.61991397
1217,hart,HART_S9_P3412_R3,2023,1,202.0,246.75835,wheat,NA,NA,3055.0,NA,NA,1008.15,559.39165
1218,hart,HART_S9_P3412_R3,2024,2,202.0,220.68351425,Barley,NA,NA,1084.0,0.0,NA,323.032,-99.65151425000002
1219,hart,HART_S6_P1234_R3,2023,1,204.5,222.5193,lentil,NA,NA,1866.0,NA,NA,1212.9,785.8807000000002
1220,hart,HART_S6_P1234_R3,2024,2,210.5,235.51599999999996,Canola,NA,NA,687.0,0.0,NA,427.314,-18.70199999999994
1221,hart,HART_S2.1_P0000_R3,2023,1,202.0,238.25834999999998,wheat,NA,NA,4340.0,NA,NA,1432.2,991.9416500000001
1222,hart,HART_S2.1_P0000_R3,2024,2,202.0,183.213910535,Barley,NA,NA,1615.2,0.0,NA,481.3296,96.11568946500003
1223,hart,HART_S10.3_P1231_R3,2023,1,204.5,227.7693,lentil,canola,NA,358.0,1102.0,NA,938.976,506.7067
1224,hart,HART_S10.3_P1231_R3,2024,2,202.0,232.17947586,Wheat,NA,NA,1115.0,0.0,NA,367.9500000000001,-66.2294758599999
1225,hart,HART_S6_P3412_R1,2023,1,202.0,246.75834999999998,wheat,NA,NA,3593.0,NA,NA,1185.69,736.9316500000001
1226,hart,HART_S6_P3412_R1,2024,2,202.0,171.85777473,Barley,NA,NA,870.0,0.0,NA,259.26,-114.59777473
1227,hart,HART_S2.3_P0000_R1,2023,1,202.0,285.75835,wheat,NA,NA,4428.0,NA,NA,1461.24,973.48165
1228,hart,HART_S2.3_P0000_R1,2024,2,202.0,182.76499213000002,Barley,NA,NA,408.7,0.0,NA,121.7926,-262.97239213
1229,hart,HART_S2.3_P0000_R3,2023,1,202.0,285.75834999999995,wheat,NA,NA,3706.0,NA,NA,1222.98,735.2216500000001
1230,hart,HART_S2.3_P0000_R3,2024,2,202.0,182.76499213000002,Barley,NA,NA,1208.7,0.0,NA,360.1926,-24.572392129999997
1231,hart,HART_S2.2_P0000_R3,2023,1,202.0,264.25835,wheat,NA,NA,3938.0,NA,NA,1299.54,833.2816499999999
1232,hart,HART_S2.2_P0000_R3,2024,2,202.0,182.41727117500002,Barley,NA,NA,1115.2,0.0,NA,332.3296,-52.087671175
1233,hart,HART_S1.2_P1231_R2,2023,1,204.5,222.5193,lentil,NA,NA,1608.0,NA,NA,1045.2,618.1807000000001
1234,hart,HART_S1.2_P1231_R2,2024,2,202.0,202.61067411000002,Wheat,NA,NA,2193.0,0.0,NA,723.69,319.07932589000006
1235,hart,HART_S4.2_P3412_R3,2023,1,213.0,236.50179999999997,canola,NA,NA,307.0,NA,NA,190.954,-258.54779999999994
1236,hart,HART_S4.2_P3412_R3,2024,2,202.0,179.28229034,Barley,NA,NA,174.0,0.0,NA,51.852,-329.43029034
1237,hart,HART_S3_P1234_R2,2023,1,204.5,222.5193,lentil,NA,NA,1310.0,NA,NA,851.5,424.4807
1238,hart,HART_S3_P1234_R2,2024,2,202.0,216.27188242000003,Wheat,NA,NA,1700.0,0.0,NA,561.0,142.72811757999997
1239,hart,HART_S1.2_P3123_R2,2023,1,202.0,235.75834999999998,barley,NA,NA,3373.0,NA,NA,1005.154,567.39565
1240,hart,HART_S1.2_P3123_R2,2024,2,193.5,242.32440000000003,Lentil,NA,NA,590.0,0.0,NA,383.5,-52.324400000000026
1241,hart,HART_S3_P2341_R1,2023,1,202.0,246.75835,wheat,NA,NA,3117.0,NA,NA,1028.61,579.8516499999998
1242,hart,HART_S3_P2341_R1,2024,2,193.5,242.32440000000003,Lentil,NA,NA,724.0,0.0,NA,470.6,34.7756
1243,hart,HART_S7_P3412_R1,2023,1,202.0,246.75835,wheat,NA,NA,3787.0,NA,NA,1249.71,800.95165
1244,hart,HART_S7_P3412_R1,2024,2,202.0,214.90329390000002,Barley,NA,NA,244.0,0.0,NA,72.712,-344.1912939
1245,hart,HART_S5_P0000_R7,2023,1,204.5,222.5193,lentil,NA,NA,1758.0,NA,NA,1142.7,715.6807000000001
1246,hart,HART_S5_P0000_R7,2024,2,193.5,238.44439999999997,Chickpea,NA,NA,0.0,0.0,NA,0.0,-431.9444
1247,hart,HART_S10.2_P2312_R2,2023,1,202.0,218.75835,wheat,NA,NA,2851.0,NA,NA,940.83,520.0716500000001
1248,hart,HART_S10.2_P2312_R2,2024,2,202.0,181.97245029500002,Barley,NA,NA,1115.0,0.0,NA,332.27,-51.702450295000034
1249,hart,HART_S4.1_P4123_R3,2023,1,202.0,209.25835,barley,NA,NA,3460.0,NA,NA,1031.08,619.8216499999999
1250,hart,HART_S4.1_P4123_R3,2024,2,193.5,242.32440000000003,Lentil,NA,NA,663.0,0.0,NA,430.95,-4.874400000000037
1251,hart,HART_S9_P4123_R2,2023,1,202.0,235.75834999999998,barley,NA,NA,3792.0,NA,NA,1130.0159999999998,692.2576499999999
1252,hart,HART_S9_P4123_R2,2024,2,182.5,139.03,Vetch,NA,NA,0.0,0.0,NA,0.0,-321.53
1253,hart,HART_S10.1_P1231_R3,2023,1,204.5,227.7693,lentil,canola,NA,264.0,1208.0,NA,949.408,517.1387
1254,hart,HART_S10.1_P1231_R3,2024,2,202.0,228.395073865,Wheat,NA,NA,850.0,0.0,NA,280.5,-149.895073865
1255,hart,HART_S4.3_P2341_R3,2023,1,202.0,259.75834999999995,wheat,NA,NA,3352.0,NA,NA,1106.16,644.4016500000001
1256,hart,HART_S4.3_P2341_R3,2024,2,210.5,274.071721,Canola,NA,NA,62.0,0.0,NA,38.564,-446.00772100000006
1257,hart,HART_S1.2_P2312_R1,2023,1,202.0,246.75835,wheat,NA,NA,3250.0,NA,NA,1072.5,623.7416499999999
1258,hart,HART_S1.2_P2312_R1,2024,2,202.0,180.720449485,Barley,NA,NA,262.0,0.0,NA,78.076,-304.644449485
1259,hart,HART_S7_P4123_R2,2023,1,202.0,235.75834999999998,barley,NA,NA,3234.0,NA,NA,963.732,525.97365
1260,hart,HART_S7_P4123_R2,2024,2,193.5,242.32440000000003,Lentil,NA,NA,776.0,0.0,NA,504.4,68.57559999999995
1261,hart,HART_S1.3_P3123_R1,2023,1,202.0,258.75835,barley,NA,NA,3644.0,NA,NA,1085.912,625.15365
1262,hart,HART_S1.3_P3123_R1,2024,2,193.5,242.32440000000003,Lentil,NA,NA,675.0,0.0,NA,438.75,2.9255999999999744
1263,hart,HART_S4.2_P2341_R2,2023,1,202.0,246.75835,wheat,NA,NA,2369.0,NA,NA,781.77,333.01165
1264,hart,HART_S4.2_P2341_R2,2024,2,210.5,237.424870683,Canola,NA,NA,75.0,0.0,NA,46.65,-401.274870683
1265,hart,HART_S7_P2341_R2,2023,1,204.5,209.9862,field pea,NA,NA,1582.0,NA,NA,713.482,298.9958
1266,hart,HART_S7_P2341_R2,2024,2,202.0,229.628198315,Wheat,NA,NA,1618.0,0.0,NA,533.94,102.31180168500006
1267,hart,HART_S1.1_P2312_R2,2023,1,202.0,246.75835,wheat,NA,NA,2984.0,NA,NA,984.72,535.96165
1268,hart,HART_S1.1_P2312_R2,2024,2,202.0,205.85439999999997,Barley,NA,NA,1252.0,0.0,NA,373.096,-34.758399999999966
1269,hart,HART_S1.1_P1231_R1,2023,1,204.5,222.5193,lentil,NA,NA,1938.0,NA,NA,1259.7,832.6807000000001
1270,hart,HART_S1.1_P1231_R1,2024,2,202.0,223.052,Wheat,NA,NA,1338.0,0.0,NA,441.54,16.488000000000028
1271,hart,HART_S9_P1234_R3,2023,1,204.5,235.9362,vetch,NA,NA,0.0,NA,NA,0.0,-440.4362
1272,hart,HART_S9_P1234_R3,2024,2,210.5,235.51599999999996,Canola,NA,NA,337.0,0.0,NA,209.614,-236.40199999999996
1273,hart,HART_S8_P2341_R3,2023,1,202.0,246.75834999999998,wheat,NA,NA,3419.0,NA,NA,1128.27,679.51165
1274,hart,HART_S8_P2341_R3,2024,2,202.0,198.84890383,Barley,NA,NA,0.0,0.0,NA,0.0,-400.84890383000004
1275,hart,HART_S10.2_P1231_R2,2023,1,204.5,227.7693,lentil,canola,NA,188.0,1095.0,NA,828.686,396.41670000000005
1276,hart,HART_S10.2_P1231_R2,2024,2,202.0,250.74418625,Wheat,NA,NA,1390.0,0.0,NA,458.7000000000001,5.95581375000009
1277,hart,HART_S5_P0000_R9,2023,1,204.5,222.5193,lentil,NA,NA,1211.0,NA,NA,787.15,360.1307
1278,hart,HART_S5_P0000_R9,2024,2,193.5,238.44439999999997,Chickpea,NA,NA,0.0,0.0,NA,0.0,-431.9444
1279,hart,HART_S1.1_P3123_R1,2023,1,202.0,235.75835,barley,NA,NA,3536.0,NA,NA,1053.728,615.96965
1280,hart,HART_S1.1_P3123_R1,2024,2,193.5,242.32440000000003,Lentil,NA,NA,697.0,0.0,NA,453.05,17.225599999999986
1281,hart,HART_S3_P1234_R3,2023,1,204.5,222.5193,lentil,NA,NA,1730.0,NA,NA,1124.5,697.4807000000001
1282,hart,HART_S3_P1234_R3,2024,2,202.0,216.27188242000003,Wheat,NA,NA,1149.0,0.0,NA,379.17,-39.10188242000001
1283,hart,HART_S6_P2341_R1,2023,1,213.0,236.50179999999997,canola,NA,NA,500.0,NA,NA,311.0,-138.50179999999997
1284,hart,HART_S6_P2341_R1,2024,2,202.0,189.60315159,Wheat,NA,NA,682.0,0.0,NA,225.06,-166.54315159
1285,hart,HART_S7_P4123_R1,2023,1,202.0,235.75835,barley,NA,NA,4483.0,NA,NA,1335.934,898.1756499999999
1286,hart,HART_S7_P4123_R1,2024,2,193.5,242.32439999999997,Lentil,NA,NA,565.0,0.0,NA,367.25,-68.57439999999997
1287,hart,HART_S3_P1234_R1,2023,1,204.5,222.5193,lentil,NA,NA,1515.0,NA,NA,984.75,557.7307000000001
1288,hart,HART_S3_P1234_R1,2024,2,202.0,216.27188242000003,Wheat,NA,NA,1807.0,0.0,NA,596.3100000000001,178.03811758000003
1289,hart,HART_S2.1_P0000_R2,2023,1,202.0,238.25834999999998,wheat,NA,NA,3129.0,NA,NA,1032.57,592.31165
1290,hart,HART_S2.1_P0000_R2,2024,2,202.0,183.213910535,Barley,NA,NA,2060.9,0.0,NA,614.1482,228.93428946499998
1291,hart,HART_S10.1_P2312_R1,2023,1,193.5,190.25835,wheat,NA,NA,2600.0,NA,NA,858.0,474.24165
1292,hart,HART_S10.1_P2312_R1,2024,2,202.0,193.16680829999999,Barley,NA,NA,1591.0,0.0,NA,474.118,78.95119170000001
1293,hart,HART_S4.1_P3412_R3,2023,1,213.0,215.00179999999997,canola,NA,NA,701.0,NA,NA,436.022,8.020200000000017
1294,hart,HART_S4.1_P3412_R3,2024,2,202.0,204.75806106500002,Barley,NA,NA,538.0,0.0,NA,160.32399999999998,-246.43406106500004
1295,hart,HART_S4.1_P4123_R2,2023,1,202.0,209.25834999999998,barley,NA,NA,3209.0,NA,NA,956.282,545.0236500000001
1296,hart,HART_S4.1_P4123_R2,2024,2,193.5,242.32440000000003,Lentil,NA,NA,1022.0,0.0,NA,664.3000000000001,228.47560000000004
1297,hart,HART_S10.2_P2312_R3,2023,1,202.0,218.75835,wheat,NA,NA,2881.0,NA,NA,950.73,529.97165
1298,hart,HART_S10.2_P2312_R3,2024,2,202.0,181.97245029500002,Barley,NA,NA,1720.0,0.0,NA,512.56,128.58754970499993
1299,hart,HART_S1.3_P2312_R1,2023,1,202.0,259.75835,wheat,NA,NA,3480.0,NA,NA,1148.4,686.64165
1300,hart,HART_S1.3_P2312_R1,2024,2,202.0,230.85439999999997,Barley,NA,NA,135.0,0.0,NA,40.23,-392.6244
1301,hart,HART_S5_P0000_R6,2023,1,204.5,222.5193,lentil,NA,NA,2062.0,NA,NA,1340.3,913.2807
1302,hart,HART_S5_P0000_R6,2024,2,193.5,238.44439999999997,Chickpea,NA,NA,0.0,0.0,NA,0.0,-431.9444
1303,hart,HART_S4.3_P4123_R2,2023,1,202.0,258.75835,barley,NA,NA,3373.0,NA,NA,1005.154,544.3956499999999
1304,hart,HART_S4.3_P4123_R2,2024,2,193.5,242.32440000000003,Lentil,NA,NA,794.0,0.0,NA,516.1,80.2756
1305,hart,HART_S1.2_P3123_R3,2023,1,202.0,235.75835,barley,NA,NA,3997.0,NA,NA,1191.106,753.3476499999999
1306,hart,HART_S1.2_P3123_R3,2024,2,193.5,242.32440000000003,Lentil,NA,NA,808.0,0.0,NA,525.2,89.37560000000002
1307,hart,HART_S9_P4123_R1,2023,1,202.0,235.75835,barley,NA,NA,3700.0,NA,NA,1102.6,664.8416499999998
1308,hart,HART_S9_P4123_R1,2024,2,182.5,139.03,Vetch,NA,NA,0.0,0.0,NA,0.0,-321.53
1309,hart,HART_S1.1_P3123_R3,2023,1,202.0,235.75835,barley,NA,NA,3603.0,NA,NA,1073.694,635.9356499999999
1310,hart,HART_S1.1_P3123_R3,2024,2,193.5,242.32440000000003,Lentil,NA,NA,674.0,0.0,NA,438.1,2.275599999999997
1311,hart,HART_S1.3_P3123_R3,2023,1,202.0,258.75835,barley,NA,NA,4176.0,NA,NA,1244.448,783.68965
1312,hart,HART_S1.3_P3123_R3,2024,2,193.5,242.32439999999997,Lentil,NA,NA,557.0,0.0,NA,362.05,-73.77439999999996
1313,hart,HART_S4.3_P2341_R1,2023,1,202.0,259.75834999999995,wheat,NA,NA,2605.0,NA,NA,859.6500000000001,397.89165000000014
1314,hart,HART_S4.3_P2341_R1,2024,2,210.5,274.07172099999997,Canola,NA,NA,388.0,0.0,NA,241.336,-243.23572099999996
1315,hart,HART_S1.2_P2312_R3,2023,1,202.0,246.75835,wheat,NA,NA,3132.0,NA,NA,1033.56,584.8016499999999
1316,hart,HART_S1.2_P2312_R3,2024,2,202.0,180.720449485,Barley,NA,NA,727.0,0.0,NA,216.646,-166.074449485
1317,hart,HART_S9_P4123_R3,2023,1,202.0,235.75835,barley,NA,NA,4299.0,NA,NA,1281.102,843.34365
1318,hart,HART_S9_P4123_R3,2024,2,182.5,139.03,Vetch,NA,NA,0.0,0.0,NA,0.0,-321.53
1319,hart,HART_S3_P4123_R3,2023,1,202.0,235.75834999999998,barley,NA,NA,3961.0,NA,NA,1180.378,742.61965
1320,hart,HART_S3_P4123_R3,2024,2,193.5,242.32440000000003,Lentil,NA,NA,360.0,0.0,NA,234.0,-201.82440000000003
1321,hart,HART_S4.2_P1234_R3,2023,1,204.5,222.5193,lentil,NA,NA,1924.0,NA,NA,1250.6,823.5807
1322,hart,HART_S4.2_P1234_R3,2024,2,202.0,223.82467649999998,Wheat,NA,NA,2006.0,0.0,NA,661.98,236.15532350000004
1323,hart,HART_S2.2_P0000_R2,2023,1,202.0,264.25834999999995,wheat,NA,NA,2881.0,NA,NA,950.73,484.47165000000007
1324,hart,HART_S2.2_P0000_R2,2024,2,202.0,182.41727117500002,Barley,NA,NA,1687.0,0.0,NA,502.726,118.30872882499997
1325,hart,HART_S4.1_P2341_R3,2023,1,202.0,225.25835,wheat,NA,NA,3286.0,NA,NA,1084.38,657.12165
1326,hart,HART_S4.1_P2341_R3,2024,2,210.5,254.733718125,Canola,NA,NA,112.0,0.0,NA,69.664,-395.569718125
1327,hart,HART_S6_P4123_R2,2023,1,202.0,235.75835,barley,NA,NA,3634.0,NA,NA,1082.932,645.17365
1328,hart,HART_S6_P4123_R2,2024,2,193.5,242.32440000000003,Lentil,NA,NA,799.0,0.0,NA,519.35,83.5256
1329,hart,HART_S10.3_P1231_R1,2023,1,204.5,227.7693,lentil,canola,NA,213.0,1215.0,NA,922.236,489.9667
1330,hart,HART_S10.3_P1231_R1,2024,2,202.0,232.17947586,Wheat,NA,NA,920.0,0.0,NA,303.6,-130.57947585999997
1331,hart,HART_S4.2_P4123_R1,2023,1,202.0,235.75835,barley,NA,NA,3357.0,NA,NA,1000.386,562.6276499999999
1332,hart,HART_S4.2_P4123_R1,2024,2,193.5,242.32440000000003,Lentil,NA,NA,753.0,0.0,NA,489.45,53.62559999999996
1333,hart,HART_S10.1_P3123_R1,2023,1,193.5,190.25835,barley,NA,NA,4452.0,NA,NA,1326.696,942.9376499999998
1334,hart,HART_S10.1_P3123_R1,2024,2,182.5,203.295,Lentil,Canola,NA,542.0,40.0,NA,363.124,-22.670999999999964
1335,hart,HART_S4.2_P2341_R1,2023,1,202.0,246.75834999999998,wheat,NA,NA,2518.0,NA,NA,830.94,382.1816500000001
1336,hart,HART_S4.2_P2341_R1,2024,2,210.5,237.424870683,Canola,NA,NA,194.0,0.0,NA,120.668,-327.256870683
1337,hart,HART_S5_P0000_R4,2023,1,204.5,222.5193,lentil,NA,NA,1464.0,NA,NA,951.6,524.5807
1338,hart,HART_S5_P0000_R4,2024,2,193.5,238.44439999999997,Chickpea,NA,NA,0.0,0.0,NA,0.0,-431.9444
1339,hart,HART_S5_P0000_R5,2023,1,204.5,222.5193,lentil,NA,NA,1644.0,NA,NA,1068.6,641.5807
1340,hart,HART_S5_P0000_R5,2024,2,193.5,238.44439999999997,Chickpea,NA,NA,0.0,0.0,NA,0.0,-431.9444
1341,hart,HART_S6_P4123_R1,2023,1,202.0,235.75834999999998,barley,NA,NA,4478.0,NA,NA,1334.444,896.68565
1342,hart,HART_S6_P4123_R1,2024,2,193.5,242.32440000000003,Lentil,NA,NA,491.0,0.0,NA,319.15000000000003,-116.67439999999999
1343,hart,HART_S8_P1234_R1,2023,1,204.5,222.5193,lentil,NA,NA,1274.0,NA,NA,828.1,401.08070000000004
1344,hart,HART_S8_P1234_R1,2024,2,202.0,214.29387340500003,Wheat,NA,NA,1868.0,0.0,NA,616.44,200.14612659500003
1345,hart,HART_S6_P2341_R2,2023,1,213.0,236.50179999999997,canola,NA,NA,634.0,NA,NA,394.348,-55.15379999999996
1346,hart,HART_S6_P2341_R2,2024,2,202.0,189.60315159,Wheat,NA,NA,509.0,0.0,NA,167.97,-223.63315159
1347,hart,HART_S1.2_P1231_R3,2023,1,204.5,222.5193,lentil,NA,NA,1665.0,NA,NA,1082.25,655.2307000000001
1348,hart,HART_S1.2_P1231_R3,2024,2,202.0,202.61067411000002,Wheat,NA,NA,1543.0,0.0,NA,509.19,104.57932588999998
1349,hart,HART_S2.1_P0000_R1,2023,1,202.0,238.25835,wheat,NA,NA,4052.0,NA,NA,1337.16,896.90165
1350,hart,HART_S2.1_P0000_R1,2024,2,202.0,183.213910535,Barley,NA,NA,210.9,0.0,NA,62.8482,-322.365710535
1351,hart,HART_S8_P3412_R3,2023,1,202.0,235.75835,barley,NA,NA,3982.0,NA,NA,1186.636,748.8776499999999
1352,hart,HART_S8_P3412_R3,2024,2,202.0,256.61117314999996,Wheat,NA,NA,1348.0,0.0,NA,444.84,-13.771173149999981
1353,hart,HART_S1.3_P2312_R2,2023,1,202.0,259.75835,wheat,NA,NA,2764.0,NA,NA,912.12,450.36165
1354,hart,HART_S1.3_P2312_R2,2024,2,202.0,230.85439999999997,Barley,NA,NA,702.0,0.0,NA,209.196,-223.65839999999997
1355,hart,HART_S9_P2341_R3,2023,1,213.0,236.50180000000003,canola,NA,NA,624.0,NA,NA,388.128,-61.373800000000045
1356,hart,HART_S9_P2341_R3,2024,2,202.0,221.59511175000003,Wheat,NA,NA,781.0,0.0,NA,257.73,-165.86511175
1357,hart,HART_S10.2_P3123_R2,2023,1,202.0,213.25835,barley,NA,NA,3347.0,NA,NA,997.406,582.1476499999999
1358,hart,HART_S10.2_P3123_R2,2024,2,191.0,226.42584116999998,Lentil,Canola,NA,571.0,92.0,NA,414.962,-2.463841169999995
1359,hart,HART_S4.3_P4123_R1,2023,1,202.0,258.75834999999995,barley,NA,NA,4350.0,NA,NA,1296.3,835.54165
1360,hart,HART_S4.3_P4123_R1,2024,2,193.5,242.32440000000003,Lentil,NA,NA,415.0,0.0,NA,269.75,-166.07440000000003
1361,hart,HART_S10.2_P3123_R1,2023,1,202.0,213.25835,barley,NA,NA,4427.0,NA,NA,1319.246,903.98765
1362,hart,HART_S10.2_P3123_R1,2024,2,191.0,226.42584116999998,Lentil,Canola,NA,305.0,149.0,NA,286.56,-130.86584116999998
1363,hart,HART_S8_P3412_R1,2023,1,202.0,235.75835,barley,NA,NA,3547.0,NA,NA,1057.006,619.24765
1364,hart,HART_S8_P3412_R1,2024,2,202.0,256.61117314999996,Wheat,NA,NA,1706.0,0.0,NA,562.98,104.36882685000006
1365,hart,HART_S1.3_P1231_R2,2023,1,204.5,222.5193,lentil,NA,NA,1273.0,NA,NA,827.45,400.43070000000006
1366,hart,HART_S1.3_P1231_R2,2024,2,202.0,243.052,Wheat,NA,NA,1785.0,0.0,NA,589.0500000000001,143.99800000000008
1367,hart,HART_S1.2_P3123_R1,2023,1,202.0,235.75835,barley,NA,NA,4463.0,NA,NA,1329.974,892.2156499999999
1368,hart,HART_S1.2_P3123_R1,2024,2,193.5,242.32439999999997,Lentil,NA,NA,38.0,0.0,NA,24.7,-411.1244
1369,hart,HART_S6_P1234_R2,2023,1,204.5,222.5193,lentil,NA,NA,1350.0,NA,NA,877.5,450.4807
1370,hart,HART_S6_P1234_R2,2024,2,210.5,235.51600000000002,Canola,NA,NA,5.0,0.0,NA,3.11,-442.906
1371,hart,HART_S1.3_P1231_R1,2023,1,204.5,222.5193,lentil,NA,NA,1536.0,NA,NA,998.4,571.3806999999999
1372,hart,HART_S1.3_P1231_R1,2024,2,202.0,243.052,Wheat,NA,NA,227.0,0.0,NA,74.91,-370.142
1373,hart,HART_S5_P0000_R1,2023,1,204.5,222.5193,lentil,NA,NA,1835.0,NA,NA,1192.75,765.7307000000001
1374,hart,HART_S5_P0000_R1,2024,2,193.5,238.44439999999997,Chickpea,NA,NA,0.0,0.0,NA,0.0,-431.9444
1375,hart,HART_S1.1_P2312_R3,2023,1,202.0,246.75835,wheat,NA,NA,2835.0,NA,NA,935.55,486.79164999999995
1376,hart,HART_S1.1_P2312_R3,2024,2,202.0,205.85440000000003,Barley,NA,NA,710.0,0.0,NA,211.58,-196.2744
1377,hart,HART_S6_P4123_R3,2023,1,202.0,235.75834999999998,barley,NA,NA,4053.0,NA,NA,1207.794,770.0356500000001
1378,hart,HART_S6_P4123_R3,2024,2,193.5,242.32440000000003,Lentil,NA,NA,590.0,0.0,NA,383.5,-52.324400000000026
1379,hart,HART_S10.1_P3123_R2,2023,1,193.5,190.25835,barley,NA,NA,3506.0,NA,NA,1044.788,661.02965
1380,hart,HART_S10.1_P3123_R2,2024,2,182.5,203.29500000000002,Lentil,Canola,NA,674.0,128.0,NA,502.428,116.63299999999998
1381,hart,HART_S4.1_P3412_R1,2023,1,213.0,215.0018,canola,NA,NA,1049.0,NA,NA,652.478,224.47619999999995
1382,hart,HART_S4.1_P3412_R1,2024,2,202.0,204.75806106500002,Barley,NA,NA,14.0,0.0,NA,4.172,-402.586061065
1383,hart,HART_S4.1_P4123_R1,2023,1,202.0,209.25835,barley,NA,NA,3572.0,NA,NA,1064.456,653.1976499999998
1384,hart,HART_S4.1_P4123_R1,2024,2,193.5,242.32439999999997,Lentil,NA,NA,706.0,0.0,NA,458.9,23.07560000000001
1385,hart,HART_S7_P2341_R1,2023,1,204.5,209.9862,field pea,NA,NA,1474.0,NA,NA,664.774,250.2878
1386,hart,HART_S7_P2341_R1,2024,2,202.0,229.628198315,Wheat,NA,NA,1963.0,0.0,NA,647.7900000000001,216.16180168500009
1387,hart,HART_S4.3_P1234_R3,2023,1,204.5,222.5193,lentil,NA,NA,1786.0,NA,NA,1160.9,733.8807000000002
1388,hart,HART_S4.3_P1234_R3,2024,2,202.0,255.72250499999998,Wheat,NA,NA,2382.0,0.0,NA,786.0600000000001,328.3374950000001
1389,hart,HART_S10.3_P1231_R2,2023,1,204.5,227.7693,lentil,canola,NA,198.0,1106.0,NA,842.056,409.78670000000005
1390,hart,HART_S10.3_P1231_R2,2024,2,202.0,232.17947586,Wheat,NA,NA,883.0,0.0,NA,291.39,-142.78947586
1391,hart,HART_S4.2_P4123_R3,2023,1,202.0,235.75835,barley,NA,NA,3997.0,NA,NA,1191.106,753.3476499999999
1392,hart,HART_S4.2_P4123_R3,2024,2,193.5,242.32440000000003,Lentil,NA,NA,795.0,0.0,NA,516.75,80.92559999999997
1393,hart,HART_S2.3_P0000_R2,2023,1,202.0,285.75834999999995,wheat,NA,NA,3737.0,NA,NA,1233.21,745.4516500000001
1394,hart,HART_S2.3_P0000_R2,2024,2,202.0,182.76499213000002,Barley,NA,NA,743.5,0.0,NA,221.563,-163.20199213000004
1395,hart,HART_S8_P3412_R2,2023,1,202.0,235.75834999999998,barley,NA,NA,3746.0,NA,NA,1116.308,678.54965
1396,hart,HART_S8_P3412_R2,2024,2,202.0,256.61117314999996,Wheat,NA,NA,1440.0,0.0,NA,475.2000000000001,16.588826850000146
1397,hart,HART_S5_P0000_R3,2023,1,204.5,222.5193,lentil,NA,NA,1515.0,NA,NA,984.75,557.7307000000001
1398,hart,HART_S5_P0000_R3,2024,2,193.5,238.44439999999997,Chickpea,NA,NA,0.0,0.0,NA,0.0,-431.9444
1399,hart,HART_S8_P2341_R1,2023,1,202.0,246.75835,wheat,NA,NA,3255.0,NA,NA,1074.15,625.39165
1400,hart,HART_S8_P2341_R1,2024,2,202.0,198.84890383,Barley,NA,NA,1100.0,0.0,NA,327.8,-73.04890383
1401,hart,HART_S4.2_P3412_R2,2023,1,213.0,236.5018,canola,NA,NA,573.0,NA,NA,356.406,-93.0958
1402,hart,HART_S4.2_P3412_R2,2024,2,202.0,179.28229034,Barley,NA,NA,403.0,0.0,NA,120.094,-261.18829034
1403,hart,HART_S7_P1234_R3,2023,1,204.5,222.5193,lentil,NA,NA,1752.0,NA,NA,1138.8,711.7807
1404,hart,HART_S7_P1234_R3,2024,2,193.5,229.7944,Field pea,NA,NA,949.0,0.0,NA,427.999,4.704600000000028
1405,hart,HART_S8_P1234_R2,2023,1,204.5,222.5193,lentil,NA,NA,1433.0,NA,NA,931.45,504.43070000000006
1406,hart,HART_S8_P1234_R2,2024,2,202.0,214.29387340500003,Wheat,NA,NA,2116.0,0.0,NA,698.2800000000001,281.9861265950001
1407,hart,HART_S1.3_P1231_R3,2023,1,204.5,222.5193,lentil,NA,NA,1247.0,NA,NA,810.5500000000001,383.5307000000001
1408,hart,HART_S1.3_P1231_R3,2024,2,202.0,243.052,Wheat,NA,NA,1605.0,0.0,NA,529.65,84.59799999999998
1409,hart,HART_S10.3_P3123_R2,2023,1,202.0,235.75835,barley,NA,NA,3260.0,NA,NA,971.48,533.72165
1410,hart,HART_S10.3_P3123_R2,2024,2,191.0,247.12695128,Lentil,Canola,NA,416.0,131.0,NA,343.90200000000004,-94.22495127999994
1411,hart,HART_S3_P3412_R2,2023,1,204.5,222.5193,lentil,NA,NA,1561.0,NA,NA,1014.65,587.6306999999999
1412,hart,HART_S3_P3412_R2,2024,2,202.0,155.85440000000003,Barley,NA,NA,2033.0,0.0,NA,605.834,247.97959999999992
1413,hart,HART_S5_P0000_R8,2023,1,204.5,222.5193,lentil,NA,NA,1258.0,NA,NA,817.7,390.68070000000006
1414,hart,HART_S5_P0000_R8,2024,2,193.5,238.44439999999997,Chickpea,NA,NA,0.0,0.0,NA,0.0,-431.9444
1415,hart,HART_S10.3_P2312_R1,2023,1,202.0,246.75835,wheat,NA,NA,2799.0,NA,NA,923.67,474.91164999999995
1416,hart,HART_S10.3_P2312_R1,2024,2,202.0,194.978155215,Barley,NA,NA,1380.0,0.0,NA,411.24,14.261844785000022
1417,hart,HART_S7_P3412_R3,2023,1,202.0,246.75834999999998,wheat,NA,NA,3275.0,NA,NA,1080.75,631.99165
1418,hart,HART_S7_P3412_R3,2024,2,202.0,214.90329390000002,Barley,NA,NA,1742.0,0.0,NA,519.116,102.21270609999996
1419,hart,HART_S7_P1234_R1,2023,1,204.5,222.5193,lentil,NA,NA,1840.0,NA,NA,1196.0,768.9807000000001
1420,hart,HART_S7_P1234_R1,2024,2,193.5,229.7944,Field pea,NA,NA,578.0,0.0,NA,260.678,-162.6164
1421,hart,HART_S4.3_P1234_R1,2023,1,204.5,222.5193,lentil,NA,NA,1218.0,NA,NA,791.7,364.68070000000006
1422,hart,HART_S4.3_P1234_R1,2024,2,202.0,255.72250499999998,Wheat,NA,NA,1730.0,0.0,NA,570.9,113.177495
1423,hart,HART_S4.2_P3412_R1,2023,1,213.0,236.50179999999997,canola,NA,NA,875.0,NA,NA,544.25,94.74820000000003
1424,hart,HART_S4.2_P3412_R1,2024,2,202.0,179.28229034,Barley,NA,NA,171.0,0.0,NA,50.958,-330.32429034
