,site,plot,year,crop_sequence,operational_costs_dollars,material_input_costs_dollars,plot_yield_kilograms_per_hectare,plot_main_crop,plot_revenue_dollars,plot_gross_margin_dollars
0,wallup,WALLUP_S4_P3123_R3,2023,1,169.0,377.96999999999997,TBD,TBD,1577.73,1030.76
1,wallup,WALLUP_S2_P2341_R3,2023,1,158.0,521.3,TBD,TBD,1634.616,955.316
2,wallup,WALLUP_S3_P4123_R2,2023,1,180.0,377.97,TBD,TBD,1578.0600000000002,1020.0900000000001
3,wallup,WALLUP_S4_P1231_R1,2023,1,160.5,205.74720000000002,TBD,TBD,2217.15,1850.9028
4,wallup,WALLUP_S1_P3123_R1,2023,1,169.0,190.47,TBD,TBD,1405.47,1046.0
5,wallup,WALLUP_S3_P2341_R2,2023,1,147.0,521.3,TBD,TBD,1530.742,862.442
6,wallup,WALLUP_S2_P4123_R1,2023,1,180.0,377.97,TBD,TBD,1518.99,961.02
7,wallup,WALLUP_S1_P2312_R3,2023,1,169.0,190.47,TBD,TBD,1624.92,1265.45
8,wallup,WALLUP_S4_P2312_R2,2023,1,158.0,377.96999999999997,TBD,TBD,1625.91,1089.94
9,wallup,WALLUP_S3_P2341_R1,2023,1,147.0,521.3,TBD,TBD,1551.89,883.5900000000001
10,wallup,WALLUP_S2_P1234_R2,2023,1,171.5,205.74720000000002,TBD,TBD,2028.0,1650.7528
11,wallup,WALLUP_S2_P1234_R3,2023,1,171.5,205.74720000000002,TBD,TBD,1396.85,1019.6027999999999
12,wallup,WALLUP_S3_P1234_R3,2023,1,160.5,204.39719999999997,TBD,TBD,0.0,-364.8972
13,wallup,WALLUP_S1_P1231_R2,2023,1,160.5,205.7472,TBD,TBD,1973.4,1607.1528
14,wallup,WALLUP_S3_P4123_R3,2023,1,180.0,377.96999999999997,TBD,TBD,1696.2,1138.23
15,wallup,WALLUP_S6_P0000_R3,2023,1,158.0,218.72,TBD,TBD,1539.45,1162.73
16,wallup,WALLUP_S1_P2312_R2,2023,1,169.0,190.47,TBD,TBD,1398.87,1039.3999999999999
17,wallup,WALLUP_S2_P3412_R3,2023,1,180.0,377.96999999999997,TBD,TBD,1618.65,1060.68
18,wallup,WALLUP_S1_P1231_R3,2023,1,160.5,205.74720000000002,TBD,TBD,1798.55,1432.3028
19,wallup,WALLUP_S3_P1234_R2,2023,1,160.5,204.3972,TBD,TBD,0.0,-364.8972
20,wallup,WALLUP_S1_P2312_R1,2023,1,169.0,190.47,TBD,TBD,1427.91,1068.44
21,wallup,WALLUP_S3_P1234_R1,2023,1,171.5,204.3972,TBD,TBD,0.0,-375.8972
22,wallup,WALLUP_S3_P4123_R1,2023,1,169.0,377.96999999999997,TBD,TBD,1525.26,978.29
23,wallup,WALLUP_S1_P1231_R1,2023,1,160.5,205.7472,TBD,TBD,1577.55,1211.3028
24,wallup,WALLUP_S5_P0000_R3,2023,1,169.0,201.47,TBD,TBD,1326.27,955.8
25,wallup,WALLUP_S1_P3123_R2,2023,1,158.0,190.47,TBD,TBD,1547.7,1199.23
26,wallup,WALLUP_S5_P0000_R1,2023,1,158.0,201.47,TBD,TBD,1503.8100000000002,1144.3400000000001
27,wallup,WALLUP_S3_P3412_R3,2023,1,180.0,377.96999999999997,TBD,TBD,1659.24,1101.27
28,wallup,WALLUP_S6_P0000_R2,2023,1,169.0,245.97,TBD,TBD,1632.51,1217.54
29,wallup,WALLUP_S5_P0000_R2,2023,1,158.0,201.47,TBD,TBD,1542.75,1183.28
30,wallup,WALLUP_S4_P3123_R1,2023,1,158.0,377.97,TBD,TBD,1619.64,1083.67
31,wallup,WALLUP_S3_P3412_R2,2023,1,180.0,377.97,TBD,TBD,1351.02,793.05
32,wallup,WALLUP_S2_P3412_R2,2023,1,180.0,377.97,TBD,TBD,1581.36,1023.3899999999999
33,wallup,WALLUP_S2_P2341_R2,2023,1,147.0,521.3,TBD,TBD,1360.314,692.0140000000001
34,wallup,WALLUP_S2_P4123_R3,2023,1,180.0,377.97,TBD,TBD,1649.67,1091.7
35,wallup,WALLUP_S2_P4123_R2,2023,1,158.0,377.97,TBD,TBD,1716.99,1181.02
36,wallup,WALLUP_S4_P1231_R3,2023,1,160.5,178.2472,TBD,TBD,1895.4,1556.6528
37,wallup,WALLUP_S4_P2312_R1,2023,1,180.0,377.97,TBD,TBD,1618.65,1060.68
38,wallup,WALLUP_S4_P1231_R2,2023,1,171.5,233.24720000000002,TBD,TBD,1751.1,1346.3528
39,wallup,WALLUP_S2_P3412_R1,2023,1,169.0,377.97,TBD,TBD,1552.3200000000002,1005.3500000000001
40,wallup,WALLUP_S4_P3123_R2,2023,1,158.0,377.97,TBD,TBD,1637.13,1101.16
41,wallup,WALLUP_S2_P1234_R1,2023,1,171.5,205.74720000000002,TBD,TBD,1735.5,1358.2528
42,wallup,WALLUP_S3_P2341_R3,2023,1,147.0,521.3,TBD,TBD,1633.372,965.0720000000001
43,wallup,WALLUP_S4_P2312_R3,2023,1,158.0,377.97,TBD,TBD,1565.52,1029.55
44,wallup,WALLUP_S2_P2341_R1,2023,1,158.0,521.3,TBD,TBD,1621.554,942.2540000000001
45,wallup,WALLUP_S3_P3412_R1,2023,1,180.0,377.97,TBD,TBD,1680.36,1122.3899999999999
46,wallup,WALLUP_S1_P3123_R3,2023,1,169.0,190.47,TBD,TBD,1537.8000000000002,1178.3300000000002
47,wallup,WALLUP_S6_P0000_R1,2023,1,169.0,245.97,TBD,TBD,1592.5800000000002,1177.6100000000001
48,edillilie,EDILLILIE_S2.1_P3412_R3,2023,1,160.5,171.0286,TBD,TBD,1252.68,921.1514000000001
49,edillilie,EDILLILIE_S1.2 _P1212_R3,2023,1,160.5,266.847,TBD,TBD,914.34,486.99300000000005
50,edillilie,EDILLILIE_S1.2 _P1212_R1,2023,1,171.5,266.847,TBD,TBD,1288.162,849.815
51,edillilie,EDILLILIE_S3_P4123_R1,2023,1,171.5,171.02859999999998,TBD,TBD,1269.18,926.6514000000001
52,edillilie,EDILLILIE_S3_P4123_R3,2023,1,160.5,171.02859999999998,TBD,TBD,1206.81,875.2814
53,edillilie,EDILLILIE_S3_P3412_R1,2023,1,149.5,171.02859999999998,TBD,TBD,1310.76,990.2314
54,edillilie,EDILLILIE_S2.1_P3412_R2,2023,1,149.5,171.02859999999998,TBD,TBD,1422.3,1101.7714
55,edillilie,EDILLILIE_S2.2_P1234_R1,2023,1,171.5,108.853,TBD,TBD,1021.8,741.447
56,edillilie,EDILLILIE_S2.2_P2341_R2,2023,1,160.5,266.847,TBD,TBD,997.688,570.341
57,edillilie,EDILLILIE_S1.1_P1212_R2,2023,1,160.5,266.847,TBD,TBD,937.976,510.629
58,edillilie,EDILLILIE_S2.2_P1234_R2,2023,1,171.5,108.853,TBD,TBD,1114.1,833.747
59,edillilie,EDILLILIE_S1.3_P1212_R3,2023,1,149.5,266.847,TBD,TBD,1110.892,694.5450000000001
60,edillilie,EDILLILIE_S1.1_P1212_R1,2023,1,160.5,266.847,TBD,TBD,1498.398,1071.051
61,edillilie,EDILLILIE_S1.1_P1212_R3,2023,1,149.5,266.847,TBD,TBD,1053.046,636.6990000000001
62,edillilie,EDILLILIE_S1.1_P2121_R3,2023,1,160.5,171.02859999999998,TBD,TBD,1335.84,1004.3113999999999
63,edillilie,EDILLILIE_S1.3_P2121_R3,2023,1,160.5,171.0286,TBD,TBD,1340.13,1008.6014000000001
64,edillilie,EDILLILIE_S3_P3412_R3,2023,1,171.5,171.02859999999998,TBD,TBD,1145.1,802.5713999999999
65,edillilie,EDILLILIE_S1.2 _P2121_R2,2023,1,149.5,171.02859999999998,TBD,TBD,1364.22,1043.6914000000002
66,edillilie,EDILLILIE_S1.1 _P2121_R1,2023,1,171.5,171.02859999999998,TBD,TBD,1330.89,988.3614000000001
67,edillilie,EDILLILIE_S3_P2341_R2,2023,1,160.5,266.84700000000004,TBD,TBD,848.408,421.061
68,edillilie,EDILLILIE_S3_P3412_R2,2023,1,171.5,171.02859999999998,TBD,TBD,1163.25,820.7214
69,edillilie,EDILLILIE_S2.1_P3412_R1,2023,1,149.5,171.02859999999998,TBD,TBD,1405.14,1084.6114000000002
70,edillilie,EDILLILIE_S1.3_P2121_R2,2023,1,171.5,171.02859999999998,TBD,TBD,1239.15,896.6214000000001
71,edillilie,EDILLILIE_S2.2_P4123_R2,2023,1,171.5,171.02859999999998,TBD,TBD,1046.1,703.5713999999999
72,edillilie,EDILLILIE_S2.2_P2341_R3,2023,1,160.5,266.847,TBD,TBD,986.492,559.145
73,edillilie,EDILLILIE_S2.1_P2341_R2,2023,1,171.5,266.847,TBD,TBD,905.01,466.663
74,edillilie,EDILLILIE_S2.2_P1234_R3,2023,1,160.5,108.853,TBD,TBD,1109.55,840.197
75,edillilie,EDILLILIE_S3_P1234_R1,2023,1,160.5,108.853,TBD,TBD,1126.98,857.6270000000001
76,edillilie,EDILLILIE_S1.2 _P1212_R2,2023,1,160.5,266.847,TBD,TBD,842.188,414.841
77,edillilie,EDILLILIE_S1.2 _P2121_R1,2023,1,171.5,171.02859999999998,TBD,TBD,1400.19,1057.6614
78,edillilie,EDILLILIE_S2.2 _P2341_R1,2023,1,160.5,266.847,TBD,TBD,1168.738,741.3910000000001
79,edillilie,EDILLILIE_S2.1_P1234_R2,2023,1,160.5,108.853,TBD,TBD,1069.9,800.5470000000001
80,edillilie,EDILLILIE_S2.2_P4123_R1,2023,1,160.5,171.02859999999998,TBD,TBD,1199.55,868.0214
81,edillilie,EDILLILIE_S1.1_P2121_R2,2023,1,171.5,171.02859999999998,TBD,TBD,1219.35,876.8213999999999
82,edillilie,EDILLILIE_S1.3_P2121_R1,2023,1,160.5,171.02859999999998,TBD,TBD,1105.5,773.9714
83,edillilie,EDILLILIE_S2.1_P4123_R3,2023,1,171.5,171.02859999999998,TBD,TBD,1191.63,849.1014000000001
84,edillilie,EDILLILIE_S3_P1234_R2,2023,1,160.5,108.853,TBD,TBD,804.0600000000001,534.7070000000001
85,edillilie,EDILLILIE_S1.3_P1212_R2,2023,1,149.5,266.847,TBD,TBD,1155.676,739.329
86,edillilie,EDILLILIE_S2.1_P4123_R2,2023,1,171.5,171.02859999999998,TBD,TBD,1329.9,987.3714000000001
87,edillilie,EDILLILIE_S2.2_P3412_R1,2023,1,160.5,171.02859999999998,TBD,TBD,1341.45,1009.9214000000001
88,edillilie,EDILLILIE_S2.2_P3412_R3,2023,1,160.5,171.02859999999998,TBD,TBD,1247.73,916.2014
89,edillilie,EDILLILIE_S3_P4123_R2,2023,1,160.5,171.02859999999998,TBD,TBD,1155.0,823.4714
90,edillilie,EDILLILIE_S2.2_P4123_R3,2023,1,171.5,171.02859999999998,TBD,TBD,1261.92,919.3914000000001
91,edillilie,EDILLILIE_S3_P2341_R1,2023,1,160.5,266.847,TBD,TBD,1178.068,750.721
92,edillilie,EDILLILIE_S2.1_P2341_R1,2023,1,160.5,266.847,TBD,TBD,1189.264,761.9169999999999
93,edillilie,EDILLILIE_S2.1_P1234_R3,2023,1,160.5,108.853,TBD,TBD,1019.85,750.4970000000001
94,edillilie,EDILLILIE_S1.3_P1212_R1,2023,1,171.5,266.847,TBD,TBD,1288.162,849.815
95,edillilie,EDILLILIE_S2.1_P2341_R3,2023,1,149.5,266.847,TBD,TBD,928.024,511.677
96,edillilie,EDILLILIE_S1.2 _P2121_R3,2023,1,149.5,171.02859999999998,TBD,TBD,1329.9,1009.3714000000001
97,edillilie,EDILLILIE_S3_P1234_R3,2023,1,171.5,108.853,TBD,TBD,1191.24,910.8870000000001
98,edillilie,EDILLILIE_S2.1_P1234_R1,2023,1,160.5,108.853,TBD,TBD,975.0,705.647
99,edillilie,EDILLILIE_S2.1_P4123_R1,2023,1,160.5,171.02859999999998,TBD,TBD,1677.0600000000002,1345.5314000000003
100,edillilie,EDILLILIE_S2.2_P3412_R2,2023,1,171.5,171.02859999999998,TBD,TBD,1228.26,885.7314
101,edillilie,EDILLILIE_S3_P2341_R3,2023,1,160.5,266.847,TBD,TBD,1164.384,737.037
102,hart,HART_S4.2_P1234_R2,2023,1,204.5,222.5193,TBD,TBD,758.5500000000001,331.5307000000001
103,hart,HART_S4.2_P1234_R2,2024,2,202.0,223.82467649999998,TBD,TBD,454.74,28.915323500000028
104,hart,HART_S9_P1234_R3,2023,1,204.5,235.9362,TBD,TBD,0.0,-440.4362
105,hart,HART_S9_P1234_R3,2024,2,210.5,235.51599999999996,TBD,TBD,209.614,-236.40199999999996
106,hart,HART_S10.2_P2312_R1,2023,1,202.0,218.75835,TBD,TBD,1246.41,825.65165
107,hart,HART_S10.2_P2312_R1,2024,2,202.0,181.97245029500002,TBD,TBD,63.474,-320.498450295
108,hart,HART_S4.2_P3412_R2,2023,1,213.0,236.5018,TBD,TBD,356.406,-93.0958
109,hart,HART_S4.2_P3412_R2,2024,2,202.0,179.28229034,TBD,TBD,120.094,-261.18829034
110,hart,HART_S4.3_P2341_R1,2023,1,202.0,259.75834999999995,TBD,TBD,859.6500000000001,397.89165000000014
111,hart,HART_S4.3_P2341_R1,2024,2,210.5,274.07172099999997,TBD,TBD,241.336,-243.23572099999996
112,hart,HART_S4.3_P3412_R3,2023,1,213.0,249.5018,TBD,TBD,350.186,-112.31580000000002
113,hart,HART_S4.3_P3412_R3,2024,2,202.0,205.27791397000001,TBD,TBD,95.658,-311.61991397
114,hart,HART_S5_P0000_R1,2023,1,204.5,222.5193,TBD,TBD,1192.75,765.7307000000001
115,hart,HART_S5_P0000_R1,2024,2,193.5,238.44439999999997,TBD,TBD,0.0,-431.9444
116,hart,HART_S10.2_P3123_R3,2023,1,202.0,213.25835,TBD,TBD,1258.156,842.8976499999999
117,hart,HART_S10.2_P3123_R3,2024,2,191.0,226.42584117,TBD,TBD,166.488,-250.93784117
118,hart,HART_S3_P3412_R3,2023,1,204.5,222.5193,TBD,TBD,881.4,454.3807
119,hart,HART_S3_P3412_R3,2024,2,202.0,155.85440000000003,TBD,TBD,576.928,219.07359999999997
120,hart,HART_S2.2_P0000_R2,2023,1,202.0,264.25834999999995,TBD,TBD,950.73,484.47165000000007
121,hart,HART_S2.2_P0000_R2,2024,2,202.0,182.41727117500002,TBD,TBD,502.726,118.30872882499997
122,hart,HART_S1.2_P1231_R2,2023,1,204.5,222.5193,TBD,TBD,1045.2,618.1807000000001
123,hart,HART_S1.2_P1231_R2,2024,2,202.0,202.61067411000002,TBD,TBD,723.69,319.07932589000006
124,hart,HART_S6_P1234_R2,2023,1,204.5,222.5193,TBD,TBD,877.5,450.4807
125,hart,HART_S6_P1234_R2,2024,2,210.5,235.51600000000002,TBD,TBD,3.11,-442.906
126,hart,HART_S4.1_P2341_R2,2023,1,202.0,225.25835,TBD,TBD,886.71,459.45165000000003
127,hart,HART_S4.1_P2341_R2,2024,2,210.5,254.733718125,TBD,TBD,42.918,-422.315718125
128,hart,HART_S9_P1234_R1,2023,1,204.5,235.9362,TBD,TBD,0.0,-440.4362
129,hart,HART_S9_P1234_R1,2024,2,210.5,235.51599999999996,TBD,TBD,485.16,39.14400000000006
130,hart,HART_S9_P4123_R2,2023,1,202.0,235.75834999999998,TBD,TBD,1130.0159999999998,692.2576499999999
131,hart,HART_S9_P4123_R2,2024,2,182.5,139.03,TBD,TBD,0.0,-321.53
132,hart,HART_S10.1_P1231_R1,2023,1,204.5,227.7693,TBD,TBD,793.39,361.1207
133,hart,HART_S10.1_P1231_R1,2024,2,202.0,228.395073865,TBD,TBD,382.8,-47.59507386499999
134,hart,HART_S8_P1234_R3,2023,1,204.5,222.5193,TBD,TBD,914.55,487.53069999999997
135,hart,HART_S8_P1234_R3,2024,2,202.0,214.29387340500003,TBD,TBD,621.72,205.426126595
136,hart,HART_S8_P1234_R2,2023,1,204.5,222.5193,TBD,TBD,931.45,504.43070000000006
137,hart,HART_S8_P1234_R2,2024,2,202.0,214.29387340500003,TBD,TBD,698.2800000000001,281.9861265950001
138,hart,HART_S4.3_P2341_R3,2023,1,202.0,259.75834999999995,TBD,TBD,1106.16,644.4016500000001
139,hart,HART_S4.3_P2341_R3,2024,2,210.5,274.071721,TBD,TBD,38.564,-446.00772100000006
140,hart,HART_S10.3_P1231_R2,2023,1,204.5,227.7693,TBD,TBD,842.056,409.78670000000005
141,hart,HART_S10.3_P1231_R2,2024,2,202.0,232.17947586,TBD,TBD,291.39,-142.78947586
142,hart,HART_S10.3_P2312_R2,2023,1,202.0,246.75835,TBD,TBD,989.67,540.91165
143,hart,HART_S10.3_P2312_R2,2024,2,202.0,194.978155215,TBD,TBD,473.82,76.841844785
144,hart,HART_S8_P3412_R3,2023,1,202.0,235.75835,TBD,TBD,1186.636,748.8776499999999
145,hart,HART_S8_P3412_R3,2024,2,202.0,256.61117314999996,TBD,TBD,444.84,-13.771173149999981
146,hart,HART_S4.1_P4123_R1,2023,1,202.0,209.25835,TBD,TBD,1064.456,653.1976499999998
147,hart,HART_S4.1_P4123_R1,2024,2,193.5,242.32439999999997,TBD,TBD,458.9,23.07560000000001
148,hart,HART_S4.2_P3412_R3,2023,1,213.0,236.50179999999997,TBD,TBD,190.954,-258.54779999999994
149,hart,HART_S4.2_P3412_R3,2024,2,202.0,179.28229034,TBD,TBD,51.852,-329.43029034
150,hart,HART_S4.1_P3412_R1,2023,1,213.0,215.0018,TBD,TBD,652.478,224.47619999999995
151,hart,HART_S4.1_P3412_R1,2024,2,202.0,204.75806106500002,TBD,TBD,4.172,-402.586061065
152,hart,HART_S1.1_P3123_R2,2023,1,202.0,235.75834999999998,TBD,TBD,1091.8719999999998,654.1136499999999
153,hart,HART_S1.1_P3123_R2,2024,2,193.5,242.32440000000003,TBD,TBD,0.0,-435.8244
154,hart,HART_S8_P1234_R1,2023,1,204.5,222.5193,TBD,TBD,828.1,401.08070000000004
155,hart,HART_S8_P1234_R1,2024,2,202.0,214.29387340500003,TBD,TBD,616.44,200.14612659500003
156,hart,HART_S4.1_P4123_R2,2023,1,202.0,209.25834999999998,TBD,TBD,956.282,545.0236500000001
157,hart,HART_S4.1_P4123_R2,2024,2,193.5,242.32440000000003,TBD,TBD,664.3000000000001,228.47560000000004
158,hart,HART_S7_P3412_R1,2023,1,202.0,246.75835,TBD,TBD,1249.71,800.95165
159,hart,HART_S7_P3412_R1,2024,2,202.0,214.90329390000002,TBD,TBD,72.712,-344.1912939
160,hart,HART_S2.3_P0000_R3,2023,1,202.0,285.75834999999995,TBD,TBD,1222.98,735.2216500000001
161,hart,HART_S2.3_P0000_R3,2024,2,202.0,182.76499213000002,TBD,TBD,360.1926,-24.572392129999997
162,hart,HART_S1.2_P1231_R3,2023,1,204.5,222.5193,TBD,TBD,1082.25,655.2307000000001
163,hart,HART_S1.2_P1231_R3,2024,2,202.0,202.61067411000002,TBD,TBD,509.19,104.57932588999998
164,hart,HART_S10.3_P3123_R2,2023,1,202.0,235.75835,TBD,TBD,971.48,533.72165
165,hart,HART_S10.3_P3123_R2,2024,2,191.0,247.12695128,TBD,TBD,343.90200000000004,-94.22495127999994
166,hart,HART_S8_P4123_R1,2023,1,202.0,246.75835,TBD,TBD,1116.39,667.63165
167,hart,HART_S8_P4123_R1,2024,2,193.5,242.32440000000003,TBD,TBD,438.75,2.9255999999999744
168,hart,HART_S4.1_P2341_R3,2023,1,202.0,225.25835,TBD,TBD,1084.38,657.12165
169,hart,HART_S4.1_P2341_R3,2024,2,210.5,254.733718125,TBD,TBD,69.664,-395.569718125
170,hart,HART_S6_P2341_R2,2023,1,213.0,236.50179999999997,TBD,TBD,394.348,-55.15379999999996
171,hart,HART_S6_P2341_R2,2024,2,202.0,189.60315159,TBD,TBD,167.97,-223.63315159
172,hart,HART_S2.1_P0000_R1,2023,1,202.0,238.25835,TBD,TBD,1337.16,896.90165
173,hart,HART_S2.1_P0000_R1,2024,2,202.0,183.213910535,TBD,TBD,62.8482,-322.365710535
174,hart,HART_S6_P2341_R1,2023,1,213.0,236.50179999999997,TBD,TBD,311.0,-138.50179999999997
175,hart,HART_S6_P2341_R1,2024,2,202.0,189.60315159,TBD,TBD,225.06,-166.54315159
176,hart,HART_S2.1_P0000_R2,2023,1,202.0,238.25834999999998,TBD,TBD,1032.57,592.31165
177,hart,HART_S2.1_P0000_R2,2024,2,202.0,183.213910535,TBD,TBD,614.1482,228.93428946499998
178,hart,HART_S8_P3412_R2,2023,1,202.0,235.75834999999998,TBD,TBD,1116.308,678.54965
179,hart,HART_S8_P3412_R2,2024,2,202.0,256.61117314999996,TBD,TBD,475.2000000000001,16.588826850000146
180,hart,HART_S6_P2341_R3,2023,1,213.0,236.50179999999997,TBD,TBD,388.128,-61.37379999999999
181,hart,HART_S6_P2341_R3,2024,2,202.0,189.60315159,TBD,TBD,345.51,-46.09315159000002
182,hart,HART_S4.3_P1234_R3,2023,1,204.5,222.5193,TBD,TBD,1160.9,733.8807000000002
183,hart,HART_S4.3_P1234_R3,2024,2,202.0,255.72250499999998,TBD,TBD,786.0600000000001,328.3374950000001
184,hart,HART_S2.3_P0000_R2,2023,1,202.0,285.75834999999995,TBD,TBD,1233.21,745.4516500000001
185,hart,HART_S2.3_P0000_R2,2024,2,202.0,182.76499213000002,TBD,TBD,221.563,-163.20199213000004
186,hart,HART_S3_P2341_R3,2023,1,202.0,246.75835,TBD,TBD,1047.09,598.3316499999999
187,hart,HART_S3_P2341_R3,2024,2,193.5,242.32439999999997,TBD,TBD,630.5,194.67560000000003
188,hart,HART_S9_P3412_R1,2023,1,202.0,246.75835,TBD,TBD,1082.4,633.64165
189,hart,HART_S9_P3412_R1,2024,2,202.0,220.68351425,TBD,TBD,119.498,-303.18551425
190,hart,HART_S3_P1234_R2,2023,1,204.5,222.5193,TBD,TBD,851.5,424.4807
191,hart,HART_S3_P1234_R2,2024,2,202.0,216.27188242000003,TBD,TBD,561.0,142.72811757999997
192,hart,HART_S4.2_P4123_R2,2023,1,202.0,235.75835,TBD,TBD,1035.55,597.7916499999999
193,hart,HART_S4.2_P4123_R2,2024,2,193.5,242.32440000000003,TBD,TBD,466.7,30.875599999999963
194,hart,HART_S6_P1234_R1,2023,1,204.5,222.5193,TBD,TBD,928.2,501.18070000000006
195,hart,HART_S6_P1234_R1,2024,2,210.5,235.51600000000002,TBD,TBD,348.32,-97.69600000000003
196,hart,HART_S4.1_P1234_R1,2023,1,204.5,222.5193,TBD,TBD,1041.3,614.2807
197,hart,HART_S4.1_P1234_R1,2024,2,202.0,214.75948176,TBD,TBD,571.23,154.47051824000002
198,hart,HART_S5_P0000_R9,2023,1,204.5,222.5193,TBD,TBD,787.15,360.1307
199,hart,HART_S5_P0000_R9,2024,2,193.5,238.44439999999997,TBD,TBD,0.0,-431.9444
200,hart,HART_S8_P4123_R3,2023,1,202.0,246.75835,TBD,TBD,1150.05,701.2916499999999
201,hart,HART_S8_P4123_R3,2024,2,193.5,242.32440000000003,TBD,TBD,446.55,10.725599999999986
202,hart,HART_S8_P2341_R2,2023,1,202.0,246.75835,TBD,TBD,851.07,402.31165000000004
203,hart,HART_S8_P2341_R2,2024,2,202.0,198.84890383,TBD,TBD,216.05,-184.79890383
204,hart,HART_S4.1_P3412_R3,2023,1,213.0,215.00179999999997,TBD,TBD,436.022,8.020200000000017
205,hart,HART_S4.1_P3412_R3,2024,2,202.0,204.75806106500002,TBD,TBD,160.32399999999998,-246.43406106500004
206,hart,HART_S10.3_P3123_R3,2023,1,202.0,235.75835,TBD,TBD,974.46,536.70165
207,hart,HART_S10.3_P3123_R3,2024,2,191.0,247.12695128,TBD,TBD,435.73,-2.3969512799999677
208,hart,HART_S4.1_P1234_R2,2023,1,204.5,222.5193,TBD,TBD,821.6,394.58070000000004
209,hart,HART_S4.1_P1234_R2,2024,2,202.0,214.75948176,TBD,TBD,497.64,80.88051823999999
210,hart,HART_S4.2_P2341_R2,2023,1,202.0,246.75835,TBD,TBD,781.77,333.01165
211,hart,HART_S4.2_P2341_R2,2024,2,210.5,237.424870683,TBD,TBD,46.65,-401.274870683
212,hart,HART_S4.3_P1234_R2,2023,1,204.5,222.5193,TBD,TBD,1151.15,724.1307000000002
213,hart,HART_S4.3_P1234_R2,2024,2,202.0,255.72250499999998,TBD,TBD,589.38,131.657495
214,hart,HART_S6_P4123_R3,2023,1,202.0,235.75834999999998,TBD,TBD,1207.794,770.0356500000001
215,hart,HART_S6_P4123_R3,2024,2,193.5,242.32440000000003,TBD,TBD,383.5,-52.324400000000026
216,hart,HART_S3_P2341_R2,2023,1,202.0,246.75835,TBD,TBD,891.6600000000001,442.9016500000001
217,hart,HART_S3_P2341_R2,2024,2,193.5,242.32440000000003,TBD,TBD,404.3,-31.524400000000014
218,hart,HART_S7_P4123_R3,2023,1,202.0,235.75835,TBD,TBD,1130.0159999999998,692.2576499999998
219,hart,HART_S7_P4123_R3,2024,2,193.5,242.32439999999997,TBD,TBD,438.75,2.9256000000000313
220,hart,HART_S7_P4123_R1,2023,1,202.0,235.75835,TBD,TBD,1335.934,898.1756499999999
221,hart,HART_S7_P4123_R1,2024,2,193.5,242.32439999999997,TBD,TBD,367.25,-68.57439999999997
222,hart,HART_S7_P3412_R2,2023,1,202.0,246.75834999999998,TBD,TBD,930.6,481.8416500000001
223,hart,HART_S7_P3412_R2,2024,2,202.0,214.90329390000002,TBD,TBD,218.136,-198.76729390000003
224,hart,HART_S9_P3412_R2,2023,1,202.0,246.75834999999998,TBD,TBD,807.1800000000001,358.4216500000001
225,hart,HART_S9_P3412_R2,2024,2,202.0,220.68351425,TBD,TBD,404.982,-17.701514249999974
226,hart,HART_S4.2_P2341_R1,2023,1,202.0,246.75834999999998,TBD,TBD,830.94,382.1816500000001
227,hart,HART_S4.2_P2341_R1,2024,2,210.5,237.424870683,TBD,TBD,120.668,-327.256870683
228,hart,HART_S2.3_P0000_R1,2023,1,202.0,285.75835,TBD,TBD,1461.24,973.48165
229,hart,HART_S2.3_P0000_R1,2024,2,202.0,182.76499213000002,TBD,TBD,121.7926,-262.97239213
230,hart,HART_S8_P2341_R3,2023,1,202.0,246.75834999999998,TBD,TBD,1128.27,679.51165
231,hart,HART_S8_P2341_R3,2024,2,202.0,198.84890383,TBD,TBD,0.0,-400.84890383000004
232,hart,HART_S1.3_P2312_R3,2023,1,202.0,259.75834999999995,TBD,TBD,1026.96,565.2016500000001
233,hart,HART_S1.3_P2312_R3,2024,2,202.0,230.85440000000003,TBD,TBD,361.176,-71.67840000000004
234,hart,HART_S10.1_P3123_R2,2023,1,193.5,190.25835,TBD,TBD,1044.788,661.02965
235,hart,HART_S10.1_P3123_R2,2024,2,182.5,203.29500000000002,TBD,TBD,502.428,116.63299999999998
236,hart,HART_S1.1_P1231_R1,2023,1,204.5,222.5193,TBD,TBD,1259.7,832.6807000000001
237,hart,HART_S1.1_P1231_R1,2024,2,202.0,223.052,TBD,TBD,441.54,16.488000000000028
238,hart,HART_S9_P4123_R3,2023,1,202.0,235.75835,TBD,TBD,1281.102,843.34365
239,hart,HART_S9_P4123_R3,2024,2,182.5,139.03,TBD,TBD,0.0,-321.53
240,hart,HART_S10.1_P1231_R2,2023,1,204.5,227.7693,TBD,TBD,1017.254,584.9847
241,hart,HART_S10.1_P1231_R2,2024,2,202.0,228.395073865,TBD,TBD,317.13,-113.265073865
242,hart,HART_S7_P4123_R2,2023,1,202.0,235.75834999999998,TBD,TBD,963.732,525.97365
243,hart,HART_S7_P4123_R2,2024,2,193.5,242.32440000000003,TBD,TBD,504.4,68.57559999999995
244,hart,HART_S10.2_P3123_R1,2023,1,202.0,213.25835,TBD,TBD,1319.246,903.98765
245,hart,HART_S10.2_P3123_R1,2024,2,191.0,226.42584116999998,TBD,TBD,286.56,-130.86584116999998
246,hart,HART_S7_P1234_R1,2023,1,204.5,222.5193,TBD,TBD,1196.0,768.9807000000001
247,hart,HART_S7_P1234_R1,2024,2,193.5,229.7944,TBD,TBD,260.678,-162.6164
248,hart,HART_S3_P4123_R1,2023,1,202.0,235.75834999999998,TBD,TBD,1027.802,590.04365
249,hart,HART_S3_P4123_R1,2024,2,193.5,242.32440000000003,TBD,TBD,419.9,-15.924400000000048
250,hart,HART_S1.2_P3123_R3,2023,1,202.0,235.75835,TBD,TBD,1191.106,753.3476499999999
251,hart,HART_S1.2_P3123_R3,2024,2,193.5,242.32440000000003,TBD,TBD,525.2,89.37560000000002
252,hart,HART_S1.1_P2312_R2,2023,1,202.0,246.75835,TBD,TBD,984.72,535.96165
253,hart,HART_S1.1_P2312_R2,2024,2,202.0,205.85439999999997,TBD,TBD,373.096,-34.758399999999966
254,hart,HART_S3_P2341_R1,2023,1,202.0,246.75835,TBD,TBD,1028.61,579.8516499999998
255,hart,HART_S3_P2341_R1,2024,2,193.5,242.32440000000003,TBD,TBD,470.6,34.7756
256,hart,HART_S5_P0000_R6,2023,1,204.5,222.5193,TBD,TBD,1340.3,913.2807
257,hart,HART_S5_P0000_R6,2024,2,193.5,238.44439999999997,TBD,TBD,0.0,-431.9444
258,hart,HART_S2.1_P0000_R3,2023,1,202.0,238.25834999999998,TBD,TBD,1432.2,991.9416500000001
259,hart,HART_S2.1_P0000_R3,2024,2,202.0,183.213910535,TBD,TBD,481.3296,96.11568946500003
260,hart,HART_S4.2_P4123_R3,2023,1,202.0,235.75835,TBD,TBD,1191.106,753.3476499999999
261,hart,HART_S4.2_P4123_R3,2024,2,193.5,242.32440000000003,TBD,TBD,516.75,80.92559999999997
262,hart,HART_S3_P3412_R1,2023,1,204.5,222.5193,TBD,TBD,1044.55,617.5307
263,hart,HART_S3_P3412_R1,2024,2,202.0,155.85440000000003,TBD,TBD,766.754,408.89959999999996
264,hart,HART_S8_P2341_R1,2023,1,202.0,246.75835,TBD,TBD,1074.15,625.39165
265,hart,HART_S8_P2341_R1,2024,2,202.0,198.84890383,TBD,TBD,327.8,-73.04890383
266,hart,HART_S10.3_P1231_R3,2023,1,204.5,227.7693,TBD,TBD,938.976,506.7067
267,hart,HART_S10.3_P1231_R3,2024,2,202.0,232.17947586,TBD,TBD,367.9500000000001,-66.2294758599999
268,hart,HART_S5_P0000_R4,2023,1,204.5,222.5193,TBD,TBD,951.6,524.5807
269,hart,HART_S5_P0000_R4,2024,2,193.5,238.44439999999997,TBD,TBD,0.0,-431.9444
270,hart,HART_S1.1_P3123_R3,2023,1,202.0,235.75835,TBD,TBD,1073.694,635.9356499999999
271,hart,HART_S1.1_P3123_R3,2024,2,193.5,242.32440000000003,TBD,TBD,438.1,2.275599999999997
272,hart,HART_S1.1_P2312_R1,2023,1,202.0,246.75835,TBD,TBD,1097.91,649.15165
273,hart,HART_S1.1_P2312_R1,2024,2,202.0,205.85440000000003,TBD,TBD,203.236,-204.61840000000004
274,hart,HART_S10.1_P2312_R1,2023,1,193.5,190.25835,TBD,TBD,858.0,474.24165
275,hart,HART_S10.1_P2312_R1,2024,2,202.0,193.16680829999999,TBD,TBD,474.118,78.95119170000001
276,hart,HART_S2.2_P0000_R1,2023,1,202.0,264.25834999999995,TBD,TBD,1190.64,724.3816500000001
277,hart,HART_S2.2_P0000_R1,2024,2,202.0,182.41727117500002,TBD,TBD,441.1592,56.741928824999974
278,hart,HART_S10.3_P3123_R1,2023,1,202.0,235.75835,TBD,TBD,1287.062,849.3036499999998
279,hart,HART_S10.3_P3123_R1,2024,2,191.0,247.12695128,TBD,TBD,216.456,-221.67095128
280,hart,HART_S5_P0000_R7,2023,1,204.5,222.5193,TBD,TBD,1142.7,715.6807000000001
281,hart,HART_S5_P0000_R7,2024,2,193.5,238.44439999999997,TBD,TBD,0.0,-431.9444
282,hart,HART_S1.3_P2312_R2,2023,1,202.0,259.75835,TBD,TBD,912.12,450.36165
283,hart,HART_S1.3_P2312_R2,2024,2,202.0,230.85439999999997,TBD,TBD,209.196,-223.65839999999997
284,hart,HART_S4.1_P4123_R3,2023,1,202.0,209.25835,TBD,TBD,1031.08,619.8216499999999
285,hart,HART_S4.1_P4123_R3,2024,2,193.5,242.32440000000003,TBD,TBD,430.95,-4.874400000000037
286,hart,HART_S10.3_P2312_R3,2023,1,202.0,246.75835,TBD,TBD,1047.09,598.3316499999999
287,hart,HART_S10.3_P2312_R3,2024,2,202.0,194.978155215,TBD,TBD,301.874,-95.10415521499996
288,hart,HART_S10.1_P3123_R1,2023,1,193.5,190.25835,TBD,TBD,1326.696,942.9376499999998
289,hart,HART_S10.1_P3123_R1,2024,2,182.5,203.295,TBD,TBD,363.124,-22.670999999999964
290,hart,HART_S10.1_P3123_R3,2023,1,193.5,190.25835,TBD,TBD,1151.472,767.7136499999999
291,hart,HART_S10.1_P3123_R3,2024,2,182.5,203.295,TBD,TBD,372.32,-13.474999999999994
292,hart,HART_S9_P4123_R1,2023,1,202.0,235.75835,TBD,TBD,1102.6,664.8416499999998
293,hart,HART_S9_P4123_R1,2024,2,182.5,139.03,TBD,TBD,0.0,-321.53
294,hart,HART_S10.2_P1231_R3,2023,1,204.5,227.7693,TBD,TBD,836.6500000000001,404.3807000000001
295,hart,HART_S10.2_P1231_R3,2024,2,202.0,250.74418625,TBD,TBD,269.94,-182.80418625000001
296,hart,HART_S2.2_P0000_R3,2023,1,202.0,264.25835,TBD,TBD,1299.54,833.2816499999999
297,hart,HART_S2.2_P0000_R3,2024,2,202.0,182.41727117500002,TBD,TBD,332.3296,-52.087671175
298,hart,HART_S10.1_P1231_R3,2023,1,204.5,227.7693,TBD,TBD,949.408,517.1387
299,hart,HART_S10.1_P1231_R3,2024,2,202.0,228.395073865,TBD,TBD,280.5,-149.895073865
300,hart,HART_S1.2_P3123_R1,2023,1,202.0,235.75835,TBD,TBD,1329.974,892.2156499999999
301,hart,HART_S1.2_P3123_R1,2024,2,193.5,242.32439999999997,TBD,TBD,24.7,-411.1244
302,hart,HART_S10.3_P1231_R1,2023,1,204.5,227.7693,TBD,TBD,922.236,489.9667
303,hart,HART_S10.3_P1231_R1,2024,2,202.0,232.17947586,TBD,TBD,303.6,-130.57947585999997
304,hart,HART_S10.2_P3123_R2,2023,1,202.0,213.25835,TBD,TBD,997.406,582.1476499999999
305,hart,HART_S10.2_P3123_R2,2024,2,191.0,226.42584116999998,TBD,TBD,414.962,-2.463841169999995
306,hart,HART_S9_P3412_R3,2023,1,202.0,246.75835,TBD,TBD,1008.15,559.39165
307,hart,HART_S9_P3412_R3,2024,2,202.0,220.68351425,TBD,TBD,323.032,-99.65151425000002
308,hart,HART_S1.2_P1231_R1,2023,1,204.5,222.5193,TBD,TBD,804.0500000000001,377.0307000000001
309,hart,HART_S1.2_P1231_R1,2024,2,202.0,202.61067411000002,TBD,TBD,689.37,284.75932589
310,hart,HART_S10.2_P1231_R1,2023,1,204.5,227.7693,TBD,TBD,911.618,479.34870000000006
311,hart,HART_S10.2_P1231_R1,2024,2,202.0,250.74418625,TBD,TBD,342.54,-110.20418624999999
312,hart,HART_S7_P1234_R3,2023,1,204.5,222.5193,TBD,TBD,1138.8,711.7807
313,hart,HART_S7_P1234_R3,2024,2,193.5,229.7944,TBD,TBD,427.999,4.704600000000028
314,hart,HART_S4.3_P2341_R2,2023,1,202.0,259.75834999999995,TBD,TBD,859.6500000000001,397.89165000000014
315,hart,HART_S4.3_P2341_R2,2024,2,210.5,274.07172099999997,TBD,TBD,14.928,-469.64372099999997
316,hart,HART_S10.1_P2312_R2,2023,1,193.5,190.25835,TBD,TBD,927.3,543.5416499999999
317,hart,HART_S10.1_P2312_R2,2024,2,202.0,193.16680829999999,TBD,TBD,235.718,-159.4488083
318,hart,HART_S4.3_P4123_R2,2023,1,202.0,258.75835,TBD,TBD,1005.154,544.3956499999999
319,hart,HART_S4.3_P4123_R2,2024,2,193.5,242.32440000000003,TBD,TBD,516.1,80.2756
320,hart,HART_S1.3_P1231_R1,2023,1,204.5,222.5193,TBD,TBD,998.4,571.3806999999999
321,hart,HART_S1.3_P1231_R1,2024,2,202.0,243.052,TBD,TBD,74.91,-370.142
322,hart,HART_S3_P3412_R2,2023,1,204.5,222.5193,TBD,TBD,1014.65,587.6306999999999
323,hart,HART_S3_P3412_R2,2024,2,202.0,155.85440000000003,TBD,TBD,605.834,247.97959999999992
324,hart,HART_S6_P1234_R3,2023,1,204.5,222.5193,TBD,TBD,1212.9,785.8807000000002
325,hart,HART_S6_P1234_R3,2024,2,210.5,235.51599999999996,TBD,TBD,427.314,-18.70199999999994
326,hart,HART_S9_P1234_R2,2023,1,204.5,235.93619999999996,TBD,TBD,0.0,-440.4362
327,hart,HART_S9_P1234_R2,2024,2,210.5,235.51599999999996,TBD,TBD,102.008,-344.008
328,hart,HART_S6_P3412_R2,2023,1,202.0,246.75835,TBD,TBD,983.07,534.3116500000001
329,hart,HART_S6_P3412_R2,2024,2,202.0,171.85777473,TBD,TBD,298.0,-75.85777472999999
330,hart,HART_S1.3_P2312_R1,2023,1,202.0,259.75835,TBD,TBD,1148.4,686.64165
331,hart,HART_S1.3_P2312_R1,2024,2,202.0,230.85439999999997,TBD,TBD,40.23,-392.6244
332,hart,HART_S1.1_P3123_R1,2023,1,202.0,235.75835,TBD,TBD,1053.728,615.96965
333,hart,HART_S1.1_P3123_R1,2024,2,193.5,242.32440000000003,TBD,TBD,453.05,17.225599999999986
334,hart,HART_S8_P4123_R2,2023,1,202.0,246.75834999999998,TBD,TBD,898.59,449.8316500000001
335,hart,HART_S8_P4123_R2,2024,2,193.5,242.32440000000003,TBD,TBD,440.05,4.225599999999986
336,hart,HART_S1.1_P1231_R3,2023,1,204.5,222.5193,TBD,TBD,1015.3,588.2807
337,hart,HART_S1.1_P1231_R3,2024,2,202.0,223.052,TBD,TBD,490.71,65.65799999999999
338,hart,HART_S4.3_P3412_R2,2023,1,213.0,249.50179999999997,TBD,TBD,416.74,-45.761799999999965
339,hart,HART_S4.3_P3412_R2,2024,2,202.0,205.27791397000001,TBD,TBD,79.566,-327.71191397
340,hart,HART_S9_P2341_R1,2023,1,213.0,236.50179999999997,TBD,TBD,490.136,40.63420000000005
341,hart,HART_S9_P2341_R1,2024,2,202.0,221.59511175000003,TBD,TBD,301.95,-121.64511175000004
342,hart,HART_S6_P4123_R1,2023,1,202.0,235.75834999999998,TBD,TBD,1334.444,896.68565
343,hart,HART_S6_P4123_R1,2024,2,193.5,242.32440000000003,TBD,TBD,319.15000000000003,-116.67439999999999
344,hart,HART_S1.2_P3123_R2,2023,1,202.0,235.75834999999998,TBD,TBD,1005.154,567.39565
345,hart,HART_S1.2_P3123_R2,2024,2,193.5,242.32440000000003,TBD,TBD,383.5,-52.324400000000026
346,hart,HART_S1.3_P3123_R2,2023,1,202.0,258.75835,TBD,TBD,939.594,478.83565000000004
347,hart,HART_S1.3_P3123_R2,2024,2,193.5,242.32440000000003,TBD,TBD,441.35,5.525599999999997
348,hart,HART_S4.2_P3412_R1,2023,1,213.0,236.50179999999997,TBD,TBD,544.25,94.74820000000003
349,hart,HART_S4.2_P3412_R1,2024,2,202.0,179.28229034,TBD,TBD,50.958,-330.32429034
350,hart,HART_S10.3_P2312_R1,2023,1,202.0,246.75835,TBD,TBD,923.67,474.91164999999995
351,hart,HART_S10.3_P2312_R1,2024,2,202.0,194.978155215,TBD,TBD,411.24,14.261844785000022
352,hart,HART_S4.3_P4123_R3,2023,1,202.0,258.75835000000006,TBD,TBD,1142.234,681.4756499999999
353,hart,HART_S4.3_P4123_R3,2024,2,193.5,242.32440000000003,TBD,TBD,794.3000000000001,358.47560000000004
354,hart,HART_S10.2_P2312_R3,2023,1,202.0,218.75835,TBD,TBD,950.73,529.97165
355,hart,HART_S10.2_P2312_R3,2024,2,202.0,181.97245029500002,TBD,TBD,512.56,128.58754970499993
356,hart,HART_S1.2_P2312_R2,2023,1,202.0,246.75835,TBD,TBD,947.43,498.67164999999994
357,hart,HART_S1.2_P2312_R2,2024,2,202.0,180.720449485,TBD,TBD,151.98,-230.740449485
358,hart,HART_S4.3_P3412_R1,2023,1,213.0,249.5018,TBD,TBD,359.516,-102.98579999999998
359,hart,HART_S4.3_P3412_R1,2024,2,202.0,205.27791397000001,TBD,TBD,19.966,-387.31191397
360,hart,HART_S10.1_P2312_R3,2023,1,193.5,190.25835,TBD,TBD,869.88,486.12165
361,hart,HART_S10.1_P2312_R3,2024,2,202.0,193.16680829999999,TBD,TBD,328.992,-66.17480829999997
362,hart,HART_S1.3_P1231_R3,2023,1,204.5,222.5193,TBD,TBD,810.5500000000001,383.5307000000001
363,hart,HART_S1.3_P1231_R3,2024,2,202.0,243.052,TBD,TBD,529.65,84.59799999999998
364,hart,HART_S4.2_P2341_R3,2023,1,202.0,246.75835,TBD,TBD,1148.4,699.64165
365,hart,HART_S4.2_P2341_R3,2024,2,210.5,237.424870683,TBD,TBD,239.47,-208.454870683
366,hart,HART_S7_P3412_R3,2023,1,202.0,246.75834999999998,TBD,TBD,1080.75,631.99165
367,hart,HART_S7_P3412_R3,2024,2,202.0,214.90329390000002,TBD,TBD,519.116,102.21270609999996
368,hart,HART_S6_P3412_R1,2023,1,202.0,246.75834999999998,TBD,TBD,1185.69,736.9316500000001
369,hart,HART_S6_P3412_R1,2024,2,202.0,171.85777473,TBD,TBD,259.26,-114.59777473
370,hart,HART_S3_P4123_R2,2023,1,202.0,235.75835,TBD,TBD,985.188,547.42965
371,hart,HART_S3_P4123_R2,2024,2,193.5,242.32440000000003,TBD,TBD,605.8000000000001,169.97560000000004
372,hart,HART_S4.1_P1234_R3,2023,1,204.5,222.5193,TBD,TBD,1137.5,710.4807000000001
373,hart,HART_S4.1_P1234_R3,2024,2,202.0,214.75948176,TBD,TBD,728.97,312.21051824000006
374,hart,HART_S1.2_P2312_R3,2023,1,202.0,246.75835,TBD,TBD,1033.56,584.8016499999999
375,hart,HART_S1.2_P2312_R3,2024,2,202.0,180.720449485,TBD,TBD,216.646,-166.074449485
376,hart,HART_S1.2_P2312_R1,2023,1,202.0,246.75835,TBD,TBD,1072.5,623.7416499999999
377,hart,HART_S1.2_P2312_R1,2024,2,202.0,180.720449485,TBD,TBD,78.076,-304.644449485
378,hart,HART_S3_P1234_R1,2023,1,204.5,222.5193,TBD,TBD,984.75,557.7307000000001
379,hart,HART_S3_P1234_R1,2024,2,202.0,216.27188242000003,TBD,TBD,596.3100000000001,178.03811758000003
380,hart,HART_S4.1_P2341_R1,2023,1,202.0,225.25834999999998,TBD,TBD,903.54,476.28165
381,hart,HART_S4.1_P2341_R1,2024,2,210.5,254.733718125,TBD,TBD,88.946,-376.28771812499997
382,hart,HART_S1.1_P2312_R3,2023,1,202.0,246.75835,TBD,TBD,935.55,486.79164999999995
383,hart,HART_S1.1_P2312_R3,2024,2,202.0,205.85440000000003,TBD,TBD,211.58,-196.2744
384,hart,HART_S7_P1234_R2,2023,1,204.5,222.5193,TBD,TBD,937.95,510.93070000000006
385,hart,HART_S7_P1234_R2,2024,2,193.5,229.7944,TBD,TBD,348.623,-74.6714
386,hart,HART_S5_P0000_R2,2023,1,204.5,222.5193,TBD,TBD,1092.0,664.9807000000001
387,hart,HART_S5_P0000_R2,2024,2,193.5,238.44439999999997,TBD,TBD,0.0,-431.9444
388,hart,HART_S4.2_P1234_R1,2023,1,204.5,222.5193,TBD,TBD,1190.8,763.7807
389,hart,HART_S4.2_P1234_R1,2024,2,202.0,223.82467649999998,TBD,TBD,296.01,-129.8146765
390,hart,HART_S3_P4123_R3,2023,1,202.0,235.75834999999998,TBD,TBD,1180.378,742.61965
391,hart,HART_S3_P4123_R3,2024,2,193.5,242.32440000000003,TBD,TBD,234.0,-201.82440000000003
392,hart,HART_S1.1_P1231_R2,2023,1,204.5,222.5193,TBD,TBD,857.35,430.33070000000004
393,hart,HART_S1.1_P1231_R2,2024,2,202.0,223.052,TBD,TBD,605.5500000000001,180.49800000000008
394,hart,HART_S10.2_P2312_R2,2023,1,202.0,218.75835,TBD,TBD,940.83,520.0716500000001
395,hart,HART_S10.2_P2312_R2,2024,2,202.0,181.97245029500002,TBD,TBD,332.27,-51.702450295000034
396,hart,HART_S9_P2341_R3,2023,1,213.0,236.50180000000003,TBD,TBD,388.128,-61.373800000000045
397,hart,HART_S9_P2341_R3,2024,2,202.0,221.59511175000003,TBD,TBD,257.73,-165.86511175
398,hart,HART_S9_P2341_R2,2023,1,213.0,236.5018,TBD,TBD,289.852,-159.64980000000003
399,hart,HART_S9_P2341_R2,2024,2,202.0,221.59511175000003,TBD,TBD,215.82,-207.77511175000004
400,hart,HART_S4.2_P1234_R3,2023,1,204.5,222.5193,TBD,TBD,1250.6,823.5807
401,hart,HART_S4.2_P1234_R3,2024,2,202.0,223.82467649999998,TBD,TBD,661.98,236.15532350000004
402,hart,HART_S5_P0000_R8,2023,1,204.5,222.5193,TBD,TBD,817.7,390.68070000000006
403,hart,HART_S5_P0000_R8,2024,2,193.5,238.44439999999997,TBD,TBD,0.0,-431.9444
404,hart,HART_S7_P2341_R1,2023,1,204.5,209.9862,TBD,TBD,664.774,250.2878
405,hart,HART_S7_P2341_R1,2024,2,202.0,229.628198315,TBD,TBD,647.7900000000001,216.16180168500009
406,hart,HART_S4.3_P4123_R1,2023,1,202.0,258.75834999999995,TBD,TBD,1296.3,835.54165
407,hart,HART_S4.3_P4123_R1,2024,2,193.5,242.32440000000003,TBD,TBD,269.75,-166.07440000000003
408,hart,HART_S5_P0000_R5,2023,1,204.5,222.5193,TBD,TBD,1068.6,641.5807
409,hart,HART_S5_P0000_R5,2024,2,193.5,238.44439999999997,TBD,TBD,0.0,-431.9444
410,hart,HART_S6_P3412_R3,2023,1,202.0,246.75834999999998,TBD,TBD,852.72,403.9616500000001
411,hart,HART_S6_P3412_R3,2024,2,202.0,171.85777473,TBD,TBD,527.7579999999999,153.90022526999994
412,hart,HART_S6_P4123_R2,2023,1,202.0,235.75835,TBD,TBD,1082.932,645.17365
413,hart,HART_S6_P4123_R2,2024,2,193.5,242.32440000000003,TBD,TBD,519.35,83.5256
414,hart,HART_S5_P0000_R3,2023,1,204.5,222.5193,TBD,TBD,984.75,557.7307000000001
415,hart,HART_S5_P0000_R3,2024,2,193.5,238.44439999999997,TBD,TBD,0.0,-431.9444
416,hart,HART_S7_P2341_R2,2023,1,204.5,209.9862,TBD,TBD,713.482,298.9958
417,hart,HART_S7_P2341_R2,2024,2,202.0,229.628198315,TBD,TBD,533.94,102.31180168500006
418,hart,HART_S8_P3412_R1,2023,1,202.0,235.75835,TBD,TBD,1057.006,619.24765
419,hart,HART_S8_P3412_R1,2024,2,202.0,256.61117314999996,TBD,TBD,562.98,104.36882685000006
420,hart,HART_S7_P2341_R3,2023,1,204.5,209.9862,TBD,TBD,790.152,375.66580000000005
421,hart,HART_S7_P2341_R3,2024,2,202.0,229.628198315,TBD,TBD,685.74,254.11180168500002
422,hart,HART_S1.3_P3123_R3,2023,1,202.0,258.75835,TBD,TBD,1244.448,783.68965
423,hart,HART_S1.3_P3123_R3,2024,2,193.5,242.32439999999997,TBD,TBD,362.05,-73.77439999999996
424,hart,HART_S10.2_P1231_R2,2023,1,204.5,227.7693,TBD,TBD,828.686,396.41670000000005
425,hart,HART_S10.2_P1231_R2,2024,2,202.0,250.74418625,TBD,TBD,458.7000000000001,5.95581375000009
426,hart,HART_S3_P1234_R3,2023,1,204.5,222.5193,TBD,TBD,1124.5,697.4807000000001
427,hart,HART_S3_P1234_R3,2024,2,202.0,216.27188242000003,TBD,TBD,379.17,-39.10188242000001
428,hart,HART_S4.3_P1234_R1,2023,1,204.5,222.5193,TBD,TBD,791.7,364.68070000000006
429,hart,HART_S4.3_P1234_R1,2024,2,202.0,255.72250499999998,TBD,TBD,570.9,113.177495
430,hart,HART_S1.3_P3123_R1,2023,1,202.0,258.75835,TBD,TBD,1085.912,625.15365
431,hart,HART_S1.3_P3123_R1,2024,2,193.5,242.32440000000003,TBD,TBD,438.75,2.9255999999999744
432,hart,HART_S4.1_P3412_R2,2023,1,213.0,215.0018,TBD,TBD,334.014,-93.9878
433,hart,HART_S4.1_P3412_R2,2024,2,202.0,204.75806106500002,TBD,TBD,110.856,-295.902061065
434,hart,HART_S1.3_P1231_R2,2023,1,204.5,222.5193,TBD,TBD,827.45,400.43070000000006
435,hart,HART_S1.3_P1231_R2,2024,2,202.0,243.052,TBD,TBD,589.0500000000001,143.99800000000008
436,hart,HART_S4.2_P4123_R1,2023,1,202.0,235.75835,TBD,TBD,1000.386,562.6276499999999
437,hart,HART_S4.2_P4123_R1,2024,2,193.5,242.32440000000003,TBD,TBD,489.45,53.62559999999996
438,appila,APPILA_S4_P1231_R1,2023,1,149.5,102.69999999999999,TBD,TBD,0.0,-252.2
439,appila,APPILA_S1_P2312_R2,2023,1,158.0,169.9,TBD,TBD,181.5,-146.4
440,appila,APPILA_S2_P2121_R2,2023,1,158.0,192.4,TBD,TBD,214.5,-135.9
441,appila,APPILA_S2_P1212_R1,2023,1,149.5,125.6,TBD,TBD,6.5,-268.6
442,appila,APPILA_S4_P3123_R3,2023,1,158.0,192.39999999999998,TBD,TBD,270.6,-79.79999999999995
443,appila,APPILA_S2_P1212_R3,2023,1,149.5,125.6,TBD,TBD,0.0,-275.1
444,appila,APPILA_S1_P1231_R2,2023,1,149.5,125.6,TBD,TBD,0.0,-275.1
445,appila,APPILA_S1_P1231_R3,2023,1,149.5,125.6,TBD,TBD,0.0,-275.1
446,appila,APPILA_S4_P1231_R3,2023,1,149.5,102.69999999999999,TBD,TBD,0.0,-252.2
447,appila,APPILA_S4_P2312_R2,2023,1,158.0,192.39999999999998,TBD,TBD,194.7,-155.7
448,appila,APPILA_S6_P0000_R1,2023,1,158.0,226.4,TBD,TBD,68.42,-315.98
449,appila,APPILA_S2_P1212_R2,2023,1,149.5,125.6,TBD,TBD,253.5,-21.599999999999994
450,appila,APPILA_S5_P0000_R3,2023,1,149.5,144.9,TBD,TBD,181.5,-112.9
451,appila,APPILA_S5_P0000_R1,2023,1,149.5,144.90000000000003,TBD,TBD,168.3,-126.10000000000002
452,appila,APPILA_S4_P3123_R2,2023,1,158.0,192.39999999999998,TBD,TBD,191.4,-158.99999999999997
453,appila,APPILA_S4_P3123_R1,2023,1,158.0,192.39999999999998,TBD,TBD,0.0,-350.4
454,appila,APPILA_S3_P2341_R1,2023,1,158.0,182.89999999999998,TBD,TBD,0.0,-340.9
455,appila,APPILA_S2_P2121_R3,2023,1,158.0,192.4,TBD,TBD,0.0,-350.4
456,appila,APPILA_S3_P3412_R2,2023,1,158.0,192.39999999999998,TBD,TBD,240.9,-109.49999999999997
457,appila,APPILA_S3_P4123_R2,2023,1,158.0,192.39999999999998,TBD,TBD,207.9,-142.49999999999997
458,appila,APPILA_S3_P4123_R3,2023,1,158.0,192.4,TBD,TBD,201.3,-149.1
459,appila,APPILA_S6_P0000_R2,2023,1,158.0,226.4,TBD,TBD,62.2,-322.2
460,appila,APPILA_S3_P1234_R3,2023,1,149.5,125.60000000000001,TBD,TBD,13.0,-262.1
461,appila,APPILA_S6_P0000_R3,2023,1,158.0,226.4,TBD,TBD,37.32,-347.08000000000004
462,appila,APPILA_S3_P4123_R1,2023,1,158.0,192.4,TBD,TBD,181.5,-168.9
463,appila,APPILA_S3_P3412_R1,2023,1,158.0,192.4,TBD,TBD,181.5,-168.9
464,appila,APPILA_S1_P3123_R1,2023,1,158.0,169.89999999999998,TBD,TBD,77.47999999999999,-250.42
465,appila,APPILA_S1_P3123_R3,2023,1,158.0,169.89999999999998,TBD,TBD,131.12,-196.77999999999997
466,appila,APPILA_S3_P3412_R3,2023,1,158.0,192.39999999999998,TBD,TBD,217.8,-132.59999999999997
467,appila,APPILA_S3_P2341_R2,2023,1,158.0,182.9,TBD,TBD,62.2,-278.7
468,appila,APPILA_S3_P1234_R1,2023,1,149.5,125.6,TBD,TBD,32.5,-242.6
469,appila,APPILA_S1_P2312_R1,2023,1,158.0,169.89999999999998,TBD,TBD,151.8,-176.09999999999997
470,appila,APPILA_S1_P3123_R2,2023,1,158.0,169.9,TBD,TBD,65.56,-262.34000000000003
471,appila,APPILA_S5_P0000_R2,2023,1,149.5,144.9,TBD,TBD,191.4,-103.0
472,appila,APPILA_S3_P2341_R3,2023,1,158.0,182.89999999999998,TBD,TBD,62.2,-278.7
473,appila,APPILA_S1_P2312_R3,2023,1,158.0,169.9,TBD,TBD,224.4,-103.5
474,appila,APPILA_S4_P2312_R1,2023,1,158.0,192.4,TBD,TBD,194.7,-155.70000000000002
475,appila,APPILA_S4_P1231_R2,2023,1,149.5,102.7,TBD,TBD,0.0,-252.2
476,appila,APPILA_S4_P2312_R3,2023,1,158.0,192.4,TBD,TBD,191.4,-159.0
477,appila,APPILA_S2_P2121_R1,2023,1,158.0,192.4,TBD,TBD,211.2,-139.20000000000002
478,appila,APPILA_S1_P1231_R1,2023,1,149.5,125.6,TBD,TBD,0.0,-275.1
479,appila,APPILA_S3_P1234_R2,2023,1,149.5,125.6,TBD,TBD,26.0,-249.1
480,warrambine,WARRAMBINE_S2_P3123_R2,2023,1,232.5,775.8506,TBD,TBD,1218.69,210.33940000000007
481,warrambine,WARRAMBINE_S5_P1231_R3,2023,1,248.5,611.001,TBD,TBD,0.0,-859.501
482,warrambine,WARRAMBINE_S1_P2121_R3,2023,1,243.5,775.8506,TBD,TBD,1259.94,240.58940000000007
483,warrambine,WARRAMBINE_S4_P1231_R3,2023,1,215.5,458.03800000000007,TBD,TBD,0.0,-673.538
484,warrambine,WARRAMBINE_S3_P2312_R1,2023,1,232.5,708.108,TBD,TBD,1812.508,871.9000000000001
485,warrambine,WARRAMBINE_S2_P1231_R2,2023,1,215.5,703.663,TBD,TBD,2118.42,1199.257
486,warrambine,WARRAMBINE_S2_P3123_R1,2023,1,221.5,775.8506,TBD,TBD,1491.27,493.9194
487,warrambine,WARRAMBINE_S5_P1231_R2,2023,1,237.5,611.001,TBD,TBD,0.0,-848.501
488,warrambine,WARRAMBINE_S4_P2312_R3,2023,1,232.5,708.108,TBD,TBD,1990.4,1049.7920000000001
489,warrambine,WARRAMBINE_S1_P2121_R2,2023,1,232.5,775.8506,TBD,TBD,1243.77,235.4194
490,warrambine,WARRAMBINE_S5_P3123_R2,2023,1,232.5,775.8506,TBD,TBD,1339.14,330.7894000000001
491,warrambine,WARRAMBINE_S3_P3123_R1,2023,1,232.5,775.8506,TBD,TBD,1215.72,207.36940000000004
492,warrambine,WARRAMBINE_S6_P0000_R3,2023,1,204.5,557.813,TBD,TBD,1203.014,440.7009999999999
493,warrambine,WARRAMBINE_S4_P3123_R3,2023,1,232.5,775.8506,TBD,TBD,1784.97,776.6194
494,warrambine,WARRAMBINE_S4_P1231_R1,2023,1,204.5,458.03800000000007,TBD,TBD,0.0,-662.538
495,warrambine,WARRAMBINE_S7_P0000_R2,2023,1,204.5,771.1006,TBD,TBD,1559.91,584.3094000000001
496,warrambine,WARRAMBINE_S7_P0000_R3,2023,1,204.5,741.1006,TBD,TBD,1625.25,679.6494
497,warrambine,WARRAMBINE_S5_P3123_R3,2023,1,221.5,775.8506,TBD,TBD,1432.53,435.1794
498,warrambine,WARRAMBINE_S5_P3123_R1,2023,1,232.5,775.8506,TBD,TBD,1346.73,338.37940000000003
499,warrambine,WARRAMBINE_S3_P2312_R3,2023,1,243.5,708.108,TBD,TBD,1775.188,823.5800000000002
500,warrambine,WARRAMBINE_S2_P2312_R1,2023,1,254.5,708.108,TBD,TBD,1077.304,114.69600000000014
501,warrambine,WARRAMBINE_S1_P1212_R3,2023,1,243.5,708.108,TBD,TBD,1463.566,511.9580000000001
502,warrambine,WARRAMBINE_S5_P2312_R3,2023,1,232.5,708.108,TBD,TBD,1661.362,720.7540000000001
503,warrambine,WARRAMBINE_S4_P1231_R2,2023,1,215.5,458.03800000000007,TBD,TBD,0.0,-673.538
504,warrambine,WARRAMBINE_S2_P1231_R1,2023,1,215.5,703.663,TBD,TBD,2650.86,1731.6970000000001
505,warrambine,WARRAMBINE_S4_P3123_R1,2023,1,232.5,775.8506,TBD,TBD,1369.8300000000002,361.47940000000017
506,warrambine,WARRAMBINE_S2_P2312_R3,2023,1,232.5,708.108,TBD,TBD,1750.308,809.7
507,warrambine,WARRAMBINE_S7_P0000_R1,2023,1,215.5,815.3506,TBD,TBD,1250.37,219.5193999999999
508,warrambine,WARRAMBINE_S3_P2312_R2,2023,1,243.5,708.108,TBD,TBD,1548.158,596.55
509,warrambine,WARRAMBINE_S6_P0000_R1,2023,1,215.5,557.813,TBD,TBD,1085.314,312.0010000000001
510,warrambine,WARRAMBINE_S2_P2312_R2,2023,1,221.5,708.108,TBD,TBD,1551.89,622.2820000000002
511,warrambine,WARRAMBINE_S5_P1231_R1,2023,1,248.5,611.001,TBD,TBD,0.0,-859.501
512,warrambine,WARRAMBINE_S1_P1212_R2,2023,1,232.5,708.108,TBD,TBD,1237.158,296.54999999999995
513,warrambine,WARRAMBINE_S5_P2312_R2,2023,1,243.5,708.108,TBD,TBD,1831.168,879.56
514,warrambine,WARRAMBINE_S1_P2121_R1,2023,1,221.5,775.8506,TBD,TBD,1361.5800000000002,364.22940000000017
515,warrambine,WARRAMBINE_S6_P0000_R2,2023,1,193.5,557.813,TBD,TBD,1427.366,676.053
516,warrambine,WARRAMBINE_S4_P3123_R2,2023,1,232.5,775.8506,TBD,TBD,1171.8300000000002,163.47940000000017
517,warrambine,WARRAMBINE_S3_P1231_R1,2023,1,226.5,609.8009999999999,TBD,TBD,1798.137,961.836
518,warrambine,WARRAMBINE_S3_P3123_R3,2023,1,221.5,775.8506,TBD,TBD,1443.75,446.3994
519,warrambine,WARRAMBINE_S3_P1231_R2,2023,1,237.5,609.8009999999999,TBD,TBD,1614.5800000000002,767.2790000000002
520,warrambine,WARRAMBINE_S2_P3123_R3,2023,1,221.5,775.8506,TBD,TBD,1228.59,231.23939999999993
521,warrambine,WARRAMBINE_S3_P3123_R2,2023,1,221.5,775.8506,TBD,TBD,1009.8,12.449399999999969
522,warrambine,WARRAMBINE_S3_P1231_R3,2023,1,215.5,609.8009999999999,TBD,TBD,1489.202,663.9010000000001
523,warrambine,WARRAMBINE_S5_P2312_R1,2023,1,221.5,708.108,TBD,TBD,1706.768,777.1600000000001
524,warrambine,WARRAMBINE_S1_P1212_R1,2023,1,232.5,708.108,TBD,TBD,1541.316,600.7080000000001
525,warrambine,WARRAMBINE_S4_P2312_R1,2023,1,232.5,708.108,TBD,TBD,1146.968,206.36000000000013
526,warrambine,WARRAMBINE_S2_P1231_R3,2023,1,215.5,703.663,TBD,TBD,1691.8200000000002,772.6570000000002
527,warrambine,WARRAMBINE_S4_P2312_R2,2023,1,221.5,708.108,TBD,TBD,1594.186,664.578
528,manang,MANANG_S1.3_P2312_R3,2023,1,191.0,479.32,TBD,TBD,1080.42,410.1000000000001
529,manang,MANANG_S1.3_P2312_R3,2024,2,221.5,498.44224845,TBD,TBD,627.0,-92.94224845000002
530,manang,MANANG_S10.2_P1231_R1,2023,1,213.0,448.4972,TBD,TBD,0.0,-661.4972
531,manang,MANANG_S10.2_P1231_R1,2024,2,221.5,375.07880444999995,TBD,TBD,198.0,-398.57880444999995
532,manang,MANANG_S13_P0000_R5,2023,1,171.5,513.0999999999999,TBD,TBD,785.586,100.9860000000001
533,manang,MANANG_S1.3_P1231_R3,2023,1,204.5,501.3472,TBD,TBD,564.2,-141.64719999999994
534,manang,MANANG_S1.3_P1231_R3,2024,2,230.0,451.37148745,TBD,TBD,132.0,-549.37148745
535,manang,MANANG_S1.2_P2312_R2,2023,1,202.0,434.32,TBD,TBD,1267.53,631.21
536,manang,MANANG_S1.2_P2312_R2,2024,2,230.0,405.99796340000006,TBD,TBD,231.0,-404.99796340000006
537,manang,MANANG_S12_P0000_R5,2023,1,193.5,412.09999999999997,TBD,TBD,1021.324,415.724
538,manang,MANANG_S9_P3123_R3,2023,1,224.0,517.72,TBD,TBD,0.0,-741.72
539,manang,MANANG_S9_P3123_R3,2024,2,193.5,210.7522,TBD,TBD,0.0,-404.2522
540,manang,MANANG_S1.3_P3123_R3,2023,1,213.0,479.32,TBD,TBD,1038.18,345.86000000000007
541,manang,MANANG_S1.3_P3123_R3,2024,2,193.5,189.30169999999998,TBD,TBD,195.0,-187.80169999999998
542,manang,MANANG_S13_P0000_R9,2023,1,182.5,513.1,TBD,TBD,801.758,106.15800000000002
543,manang,MANANG_S5_P3412_R1,2023,1,191.0,434.32,TBD,TBD,834.24,208.92000000000002
544,manang,MANANG_S5_P3412_R1,2024,2,230.0,386.07162275,TBD,TBD,231.0,-385.07162275
545,manang,MANANG_S1.3_P3123_R1,2023,1,202.0,479.32,TBD,TBD,1187.34,506.0199999999999
546,manang,MANANG_S1.3_P3123_R1,2024,2,193.5,189.30169999999998,TBD,TBD,130.0,-252.80169999999998
547,manang,MANANG_S7_P1231_R3,2023,1,274.0,746.7126587000001,TBD,TBD,627.0,-393.71265870000013
548,manang,MANANG_S1.1_P3123_R3,2023,1,213.0,458.82,TBD,TBD,839.85,168.03000000000003
549,manang,MANANG_S1.1_P3123_R3,2024,2,193.5,189.30169999999998,TBD,TBD,1495.0,1112.1983
550,manang,MANANG_S12_P0000_R3,2023,1,182.5,412.09999999999997,TBD,TBD,711.568,116.96800000000002
551,manang,MANANG_S12_P0000_R3,2024,2,221.5,335.56190395000004,TBD,TBD,726.0,168.93809604999996
552,manang,MANANG_S5_P2341_R2,2023,1,213.0,434.32,TBD,TBD,1055.01,407.69
553,manang,MANANG_S5_P2341_R2,2024,2,230.0,432.25104230000005,TBD,TBD,165.0,-497.25104230000005
554,manang,MANANG_S9_P3123_R1,2023,1,224.0,517.72,TBD,TBD,0.0,-741.72
555,manang,MANANG_S9_P3123_R1,2024,2,193.5,210.7522,TBD,TBD,0.0,-404.2522
556,manang,MANANG_S11_P1212_R1,2023,1,213.0,448.4972,TBD,TBD,0.0,-661.4972
557,manang,MANANG_S11_P1212_R1,2024,2,230.0,386.26415265,TBD,TBD,231.0,-385.26415265
558,manang,MANANG_S4_P3412_R3,2023,1,191.0,434.32,TBD,TBD,816.09,190.77000000000004
559,manang,MANANG_S4_P3412_R3,2024,2,230.0,389.30201015000006,TBD,TBD,726.0,106.69798984999994
560,manang,MANANG_S6_P1111_R1,2023,1,191.0,434.32,TBD,TBD,1136.85,511.5299999999999
561,manang,MANANG_S6_P1111_R1,2024,2,230.0,416.05148280000003,TBD,TBD,313.5,-332.55148280000003
562,manang,MANANG_S8.1_P2312_R1,2023,1,202.0,434.32,TBD,TBD,1166.88,530.5600000000002
563,manang,MANANG_S8.1_P2312_R1,2024,2,230.0,396.09793845,TBD,TBD,231.0,-395.09793845
564,manang,MANANG_S8.2_P3123_R3,2023,1,202.0,434.32,TBD,TBD,1158.96,522.6400000000001
565,manang,MANANG_S8.2_P3123_R3,2024,2,193.5,210.7522,TBD,TBD,0.0,-404.2522
566,manang,MANANG_S11_P2121_R2,2023,1,191.0,434.32,TBD,TBD,913.44,288.12000000000006
567,manang,MANANG_S11_P2121_R2,2024,2,210.5,371.52683735,TBD,TBD,330.0,-252.02683735
568,manang,MANANG_S13_P0000_R2,2023,1,182.5,513.0999999999999,TBD,TBD,732.094,36.49400000000014
569,manang,MANANG_S13_P0000_R2,2024,2,221.5,311.91542175,TBD,TBD,506.0,-27.415421750000007
570,manang,MANANG_S3_P1231_R2,2023,1,215.5,501.3472,TBD,TBD,575.25,-141.5972
571,manang,MANANG_S3_P1231_R2,2024,2,193.5,189.30169999999998,TBD,TBD,260.0,-122.80169999999998
572,manang,MANANG_S8.1_P3123_R1,2023,1,191.0,434.32,TBD,TBD,1071.51,446.19
573,manang,MANANG_S8.1_P3123_R1,2024,2,204.5,215.80219999999997,TBD,TBD,0.0,-420.30219999999997
574,manang,MANANG_S8.1_P3123_R2,2023,1,191.0,434.32,TBD,TBD,1278.75,653.4300000000001
575,manang,MANANG_S8.1_P3123_R2,2024,2,204.5,215.80219999999997,TBD,TBD,0.0,-420.30219999999997
576,manang,MANANG_S10.2_P2312_R1,2023,1,180.0,434.32,TBD,TBD,1206.48,592.1600000000001
577,manang,MANANG_S10.2_P2312_R1,2024,2,221.5,403.34943890000005,TBD,TBD,231.0,-393.84943890000005
578,manang,MANANG_S9_P2312_R3,2023,1,202.0,434.32,TBD,TBD,1002.21,365.89000000000004
579,manang,MANANG_S9_P2312_R3,2024,2,210.5,434.5688568,TBD,TBD,1190.0,544.9311432
580,manang,MANANG_S8.1_P3123_R3,2023,1,202.0,434.32,TBD,TBD,1104.51,468.19
581,manang,MANANG_S8.1_P3123_R3,2024,2,204.5,215.80219999999997,TBD,TBD,0.0,-420.30219999999997
582,manang,MANANG_S2_P2121_R1,2023,1,191.0,434.32,TBD,TBD,1271.8200000000002,646.5000000000002
583,manang,MANANG_S2_P2121_R1,2024,2,193.5,189.30169999999998,TBD,TBD,195.0,-187.80169999999998
584,manang,MANANG_S8.1_P2312_R3,2023,1,191.0,434.32,TBD,TBD,1068.54,443.21999999999997
585,manang,MANANG_S8.1_P2312_R3,2024,2,230.0,396.09793845,TBD,TBD,693.0,66.90206154999998
586,manang,MANANG_S1.1_P1231_R1,2023,1,204.5,518.5971999999999,TBD,TBD,770.9,47.80280000000005
587,manang,MANANG_S1.1_P1231_R1,2024,2,213.0,294.26919999999996,TBD,TBD,462.0,-45.269199999999955
588,manang,MANANG_S13_P0000_R7,2023,1,171.5,513.0999999999999,TBD,TBD,882.618,198.01800000000014
589,manang,MANANG_S12_P0000_R7,2023,1,193.5,412.09999999999997,TBD,TBD,859.604,254.00400000000008
590,manang,MANANG_S1.2_P3123_R1,2023,1,180.0,434.32,TBD,TBD,1039.8300000000002,425.51000000000016
591,manang,MANANG_S1.2_P3123_R1,2024,2,193.5,189.3017,TBD,TBD,195.0,-187.8017
592,manang,MANANG_S1.3_P2312_R2,2023,1,202.0,479.32,TBD,TBD,1050.72,369.40000000000003
593,manang,MANANG_S1.3_P2312_R2,2024,2,221.5,498.44224845,TBD,TBD,660.0,-59.94224845000002
594,manang,MANANG_S9_P1231_R3,2023,1,226.5,524.5,TBD,TBD,0.0,-751.0
595,manang,MANANG_S9_P1231_R3,2024,2,221.5,362.70835425,TBD,TBD,792.0,207.79164575
596,manang,MANANG_S10.1_P3123_R2,2023,1,204.5,409.82,TBD,TBD,1138.8300000000002,524.5100000000002
597,manang,MANANG_S10.1_P3123_R2,2024,2,193.5,207.1572,TBD,TBD,561.0,160.3428
598,manang,MANANG_S3_P3123_R1,2023,1,202.0,434.32,TBD,TBD,860.3100000000001,223.99000000000007
599,manang,MANANG_S3_P3123_R1,2024,2,193.5,189.30169999999998,TBD,TBD,130.0,-252.80169999999998
600,manang,MANANG_S7_P3123_R3,2023,1,202.0,434.32,TBD,TBD,996.27,359.95
601,manang,MANANG_S10.1_P3123_R1,2023,1,182.5,409.82,TBD,TBD,1079.1,486.7799999999999
602,manang,MANANG_S10.1_P3123_R1,2024,2,193.5,207.1572,TBD,TBD,297.0,-103.65719999999999
603,manang,MANANG_S3_P2312_R2,2023,1,204.5,501.3472,TBD,TBD,451.75,-254.0972
604,manang,MANANG_S3_P2312_R2,2024,2,221.5,402.6359803,TBD,TBD,627.0,2.8640196999999716
605,manang,MANANG_S10.1_P2312_R2,2023,1,204.5,409.82,TBD,TBD,978.78,364.46
606,manang,MANANG_S10.1_P2312_R2,2024,2,230.0,398.2465015,TBD,TBD,561.0,-67.24650150000002
607,manang,MANANG_S13_P0000_R3,2023,1,182.5,513.1,TBD,TBD,720.276,24.67599999999993
608,manang,MANANG_S13_P0000_R3,2024,2,221.5,311.91542175,TBD,TBD,715.0,181.58457825
609,manang,MANANG_S2_P2121_R2,2023,1,202.0,434.32,TBD,TBD,992.31,355.98999999999995
610,manang,MANANG_S2_P2121_R2,2024,2,193.5,189.30169999999998,TBD,TBD,325.0,-57.80169999999998
611,manang,MANANG_S8.2_P1231_R1,2023,1,226.5,524.5,TBD,TBD,0.0,-751.0
612,manang,MANANG_S8.2_P1231_R1,2024,2,221.5,363.6054763,TBD,TBD,528.0,-57.10547630000002
613,manang,MANANG_S10.2_P3123_R1,2023,1,202.0,434.32,TBD,TBD,1219.02,582.7
614,manang,MANANG_S10.2_P3123_R1,2024,2,219.0,354.18498065,TBD,TBD,264.0,-309.18498065
615,manang,MANANG_S6_P1111_R4,2023,1,180.0,434.32,TBD,TBD,1197.24,582.9200000000001
616,manang,MANANG_S5_P4123_R1,2023,1,202.0,434.32,TBD,TBD,921.03,284.71
617,manang,MANANG_S5_P4123_R1,2024,2,193.5,189.30169999999998,TBD,TBD,65.0,-317.8017
618,manang,MANANG_S9_P1231_R1,2023,1,237.5,524.5,TBD,TBD,0.0,-762.0
619,manang,MANANG_S9_P1231_R1,2024,2,221.5,362.70835425,TBD,TBD,231.0,-353.20835425
620,manang,MANANG_S10.2_P1231_R3,2023,1,213.0,448.4972,TBD,TBD,0.0,-661.4972
621,manang,MANANG_S10.2_P1231_R3,2024,2,221.5,375.07880445,TBD,TBD,693.0,96.42119555
622,manang,MANANG_S1.3_P3123_R2,2023,1,202.0,479.32,TBD,TBD,913.44,232.12000000000006
623,manang,MANANG_S1.3_P3123_R2,2024,2,193.5,189.3017,TBD,TBD,325.0,-57.80170000000001
624,manang,MANANG_S8.1_P1231_R2,2023,1,204.5,524.5,TBD,TBD,0.0,-729.0
625,manang,MANANG_S8.1_P1231_R2,2024,2,221.5,407.66779940000004,TBD,TBD,495.0,-134.16779940000004
626,manang,MANANG_S3_P3123_R2,2023,1,202.0,434.32,TBD,TBD,1192.62,556.3
627,manang,MANANG_S3_P3123_R2,2024,2,193.5,189.30169999999998,TBD,TBD,1040.0,657.1983
628,manang,MANANG_S1.2_P2312_R1,2023,1,202.0,434.32,TBD,TBD,1105.17,468.8500000000001
629,manang,MANANG_S1.2_P2312_R1,2024,2,230.0,405.9979634,TBD,TBD,264.0,-371.9979634
630,manang,MANANG_S10.1_P2312_R3,2023,1,193.5,409.82,TBD,TBD,1116.39,513.0700000000002
631,manang,MANANG_S10.1_P2312_R3,2024,2,230.0,398.2465015,TBD,TBD,792.0,163.75349849999998
632,manang,MANANG_S7_P2312_R2,2023,1,213.0,434.32,TBD,TBD,1049.73,402.41
633,manang,MANANG_S7_P2312_R2,2024,2,230.0,372.24345220000004,TBD,TBD,627.0,24.756547799999964
634,manang,MANANG_S8.2_P2312_R1,2023,1,202.0,434.32,TBD,TBD,933.24,296.92
635,manang,MANANG_S8.2_P2312_R1,2024,2,230.0,364.08917620000005,TBD,TBD,264.0,-330.08917620000005
636,manang,MANANG_S8.1_P2312_R2,2023,1,191.0,434.32,TBD,TBD,1041.48,416.16
637,manang,MANANG_S8.1_P2312_R2,2024,2,230.0,396.09793845,TBD,TBD,396.0,-230.09793845000002
638,manang,MANANG_S3_P1231_R3,2023,1,204.5,501.3472,TBD,TBD,529.75,-176.0972
639,manang,MANANG_S3_P1231_R3,2024,2,193.5,189.30169999999998,TBD,TBD,260.0,-122.80169999999998
640,manang,MANANG_S1.2_P1231_R2,2023,1,204.5,501.3472,TBD,TBD,616.2,-89.64719999999994
641,manang,MANANG_S1.2_P1231_R2,2024,2,230.0,380.6001286,TBD,TBD,627.0,16.399871399999995
642,manang,MANANG_S6_P1111_R5,2023,1,191.0,434.32,TBD,TBD,843.48,218.16000000000003
643,manang,MANANG_S7_P2312_R3,2023,1,202.0,434.32,TBD,TBD,983.73,347.41
644,manang,MANANG_S7_P2312_R3,2024,2,230.0,372.24345220000004,TBD,TBD,693.0,90.75654779999996
645,manang,MANANG_S8.1_P1231_R3,2023,1,204.5,524.5,TBD,TBD,0.0,-729.0
646,manang,MANANG_S8.1_P1231_R3,2024,2,221.5,407.6677994,TBD,TBD,627.0,-2.1677993999999785
647,manang,MANANG_S8.2_P1231_R2,2023,1,248.5,524.5,TBD,TBD,0.0,-773.0
648,manang,MANANG_S8.2_P1231_R2,2024,2,221.5,363.6054763,TBD,TBD,792.0,206.89452369999998
649,manang,MANANG_S7_P3123_R1,2023,1,191.0,434.32,TBD,TBD,1123.65,498.3300000000001
650,manang,MANANG_S4_P4123_R3,2023,1,202.0,434.32,TBD,TBD,960.3,323.97999999999996
651,manang,MANANG_S4_P4123_R3,2024,2,193.5,189.3017,TBD,TBD,260.0,-122.80170000000001
652,manang,MANANG_S9_P1231_R2,2023,1,226.5,524.5,TBD,TBD,0.0,-751.0
653,manang,MANANG_S9_P1231_R2,2024,2,221.5,362.70835425,TBD,TBD,759.0,174.79164575
654,manang,MANANG_S2_P2121_R3,2023,1,202.0,434.32,TBD,TBD,1050.06,413.73999999999995
655,manang,MANANG_S2_P2121_R3,2024,2,193.5,189.30169999999998,TBD,TBD,195.0,-187.80169999999998
656,manang,MANANG_S5_P1234_R1,2023,1,215.5,518.5972,TBD,TBD,589.5500000000001,-144.54719999999998
657,manang,MANANG_S5_P1234_R1,2024,2,230.0,397.1617173,TBD,TBD,396.0,-231.16171730000002
658,manang,MANANG_S10.2_P2312_R2,2023,1,191.0,434.32,TBD,TBD,857.34,232.02000000000004
659,manang,MANANG_S10.2_P2312_R2,2024,2,221.5,403.3494389,TBD,TBD,594.0,-30.849438899999996
660,manang,MANANG_S12_P0000_R4,2023,1,182.5,412.09999999999997,TBD,TBD,918.694,324.094
661,manang,MANANG_S12_P0000_R1,2023,1,182.5,412.09999999999997,TBD,TBD,581.57,-13.029999999999916
662,manang,MANANG_S12_P0000_R1,2024,2,221.5,335.56190395000004,TBD,TBD,528.0,-29.061903950000044
663,manang,MANANG_S11_P2121_R3,2023,1,202.0,434.32,TBD,TBD,949.74,313.42
664,manang,MANANG_S11_P2121_R3,2024,2,210.5,371.52683735000005,TBD,TBD,660.0,77.97316264999995
665,manang,MANANG_S12_P0000_R6,2023,1,193.5,412.09999999999997,TBD,TBD,671.138,65.53800000000007
666,manang,MANANG_S10.1_P1231_R2,2023,1,202.0,448.4972,TBD,TBD,0.0,-650.4972
667,manang,MANANG_S10.1_P1231_R2,2024,2,230.0,393.24006640000005,TBD,TBD,594.0,-29.240066400000046
668,manang,MANANG_S13_P0000_R8,2023,1,182.5,513.0999999999999,TBD,TBD,896.302,200.7020000000001
669,manang,MANANG_S1.2_P3123_R3,2023,1,191.0,434.32,TBD,TBD,1215.72,590.4000000000001
670,manang,MANANG_S1.2_P3123_R3,2024,2,193.5,189.3017,TBD,TBD,1625.0,1242.1983
671,manang,MANANG_S13_P0000_R6,2023,1,182.5,513.0999999999999,TBD,TBD,747.644,52.044000000000096
672,manang,MANANG_S7_P1231_R1,2023,1,274.0,746.7126587,TBD,TBD,627.0,-393.7126587
673,manang,MANANG_S4_P2341_R3,2023,1,191.0,450.5,TBD,TBD,832.236,190.736
674,manang,MANANG_S4_P2341_R3,2024,2,221.5,376.47051765000003,TBD,TBD,726.0,128.02948234999997
675,manang,MANANG_S4_P2341_R1,2023,1,191.0,450.5,TBD,TBD,776.256,134.75599999999997
676,manang,MANANG_S4_P2341_R1,2024,2,221.5,376.47051765,TBD,TBD,396.0,-201.97051764999998
677,manang,MANANG_S8.1_P1231_R1,2023,1,215.5,524.5,TBD,TBD,0.0,-740.0
678,manang,MANANG_S8.1_P1231_R1,2024,2,221.5,407.6677994,TBD,TBD,495.0,-134.16779939999998
679,manang,MANANG_S2_P1212_R3,2023,1,215.5,501.34720000000004,TBD,TBD,438.1,-278.7472
680,manang,MANANG_S2_P1212_R3,2024,2,230.0,420.27051550000004,TBD,TBD,297.0,-353.27051550000004
681,manang,MANANG_S1.3_P1231_R2,2023,1,226.5,501.3472,TBD,TBD,670.15,-57.69720000000001
682,manang,MANANG_S1.3_P1231_R2,2024,2,230.0,451.37148745,TBD,TBD,561.0,-120.37148745000002
683,manang,MANANG_S7_P1231_R2,2023,1,285.0,746.7126587,TBD,TBD,561.0,-470.7126587
684,manang,MANANG_S8.2_P1231_R3,2023,1,215.5,524.5,TBD,TBD,0.0,-740.0
685,manang,MANANG_S8.2_P1231_R3,2024,2,221.5,363.6054763,TBD,TBD,660.0,74.89452369999998
686,manang,MANANG_S13_P0000_R1,2023,1,182.5,513.0999999999999,TBD,TBD,567.264,-128.3359999999999
687,manang,MANANG_S13_P0000_R1,2024,2,221.5,311.91542175,TBD,TBD,385.00000000000006,-148.41542174999995
688,manang,MANANG_S12_P0000_R8,2023,1,171.5,412.09999999999997,TBD,TBD,712.1899999999999,128.58999999999997
689,manang,MANANG_S11_P1212_R2,2023,1,213.0,448.4972,TBD,TBD,0.0,-661.4972
690,manang,MANANG_S11_P1212_R2,2024,2,230.0,386.26415265,TBD,TBD,726.0,109.73584734999997
691,manang,MANANG_S6_P1111_R6,2023,1,180.0,434.32,TBD,TBD,965.91,351.59
692,manang,MANANG_S1.3_P2312_R1,2023,1,213.0,479.32,TBD,TBD,1229.5800000000002,537.2600000000002
693,manang,MANANG_S1.3_P2312_R1,2024,2,221.5,498.44224845,TBD,TBD,429.0,-290.94224845
694,manang,MANANG_S1.1_P1231_R3,2023,1,215.5,501.3472,TBD,TBD,659.1,-57.747199999999964
695,manang,MANANG_S1.1_P1231_R3,2024,2,213.0,294.26919999999996,TBD,TBD,660.0,152.73080000000004
696,manang,MANANG_S5_P2341_R3,2023,1,191.0,434.32,TBD,TBD,1168.2,542.8800000000001
697,manang,MANANG_S5_P2341_R3,2024,2,230.0,432.25104230000005,TBD,TBD,627.0,-35.25104230000005
698,manang,MANANG_S1.1_P3123_R2,2023,1,202.0,458.82,TBD,TBD,1248.06,587.24
699,manang,MANANG_S1.1_P3123_R2,2024,2,193.5,189.30169999999998,TBD,TBD,195.0,-187.80169999999998
700,manang,MANANG_S2_P1212_R1,2023,1,204.5,501.3472,TBD,TBD,565.5,-140.3472
701,manang,MANANG_S2_P1212_R1,2024,2,230.0,420.27051550000004,TBD,TBD,561.0,-89.27051550000004
702,manang,MANANG_S5_P4123_R3,2023,1,180.0,434.32,TBD,TBD,895.2900000000001,280.9700000000001
703,manang,MANANG_S5_P4123_R3,2024,2,193.5,189.30169999999998,TBD,TBD,1040.0,657.1983
704,manang,MANANG_S4_P2341_R2,2023,1,202.0,450.5,TBD,TBD,835.968,183.46799999999996
705,manang,MANANG_S4_P2341_R2,2024,2,221.5,376.47051765000003,TBD,TBD,627.0,29.029482349999967
706,manang,MANANG_S2_P1212_R2,2023,1,204.5,501.3472,TBD,TBD,744.25,38.40280000000001
707,manang,MANANG_S2_P1212_R2,2024,2,230.0,420.27051550000004,TBD,TBD,627.0,-23.270515500000045
708,manang,MANANG_S1.1_P3123_R1,2023,1,213.0,458.82,TBD,TBD,1201.2,529.3800000000001
709,manang,MANANG_S1.1_P3123_R1,2024,2,193.5,189.30169999999998,TBD,TBD,130.0,-252.80169999999998
710,manang,MANANG_S1.1_P2312_R1,2023,1,213.0,458.82,TBD,TBD,1162.26,490.44
711,manang,MANANG_S1.1_P2312_R1,2024,2,213.0,315.7692,TBD,TBD,330.0,-198.7692
712,manang,MANANG_S4_P4123_R2,2023,1,202.0,434.32,TBD,TBD,942.48,306.16
713,manang,MANANG_S4_P4123_R2,2024,2,193.5,189.30169999999998,TBD,TBD,260.0,-122.80169999999998
714,manang,MANANG_S10.2_P2312_R3,2023,1,191.0,434.32,TBD,TBD,1058.31,432.98999999999995
715,manang,MANANG_S10.2_P2312_R3,2024,2,221.5,403.34943890000005,TBD,TBD,693.0,68.15056109999995
716,manang,MANANG_S1.1_P1231_R2,2023,1,204.5,501.3472,TBD,TBD,468.0,-237.8472
717,manang,MANANG_S1.1_P1231_R2,2024,2,213.0,294.26919999999996,TBD,TBD,594.0,86.73080000000004
718,manang,MANANG_S4_P1234_R1,2023,1,226.5,501.3472,TBD,TBD,436.8,-291.0472
719,manang,MANANG_S4_P1234_R1,2024,2,210.5,357.80696340000003,TBD,TBD,1368.4,800.0930366
720,manang,MANANG_S1.2_P1231_R3,2023,1,215.5,501.3472,TBD,TBD,450.45,-266.3972
721,manang,MANANG_S1.2_P1231_R3,2024,2,230.0,380.6001286,TBD,TBD,792.0,181.3998714
722,manang,MANANG_S4_P3412_R1,2023,1,213.0,434.32,TBD,TBD,1035.54,388.21999999999997
723,manang,MANANG_S4_P3412_R1,2024,2,230.0,389.30201015000006,TBD,TBD,462.0,-157.30201015000006
724,manang,MANANG_S1.1_P2312_R3,2023,1,213.0,458.82,TBD,TBD,1099.23,427.41
725,manang,MANANG_S1.1_P2312_R3,2024,2,213.0,315.7692,TBD,TBD,660.0,131.2308
726,manang,MANANG_S1.2_P3123_R2,2023,1,191.0,434.32,TBD,TBD,1053.36,428.0399999999999
727,manang,MANANG_S1.2_P3123_R2,2024,2,193.5,189.3017,TBD,TBD,260.0,-122.80170000000001
728,manang,MANANG_S8.2_P3123_R2,2023,1,213.0,434.32,TBD,TBD,1170.84,523.52
729,manang,MANANG_S8.2_P3123_R2,2024,2,193.5,210.75219999999996,TBD,TBD,0.0,-404.25219999999996
730,manang,MANANG_S12_P0000_R2,2023,1,182.5,412.09999999999997,TBD,TBD,865.202,270.60200000000003
731,manang,MANANG_S12_P0000_R2,2024,2,221.5,335.56190395000004,TBD,TBD,561.0,3.938096049999956
732,manang,MANANG_S5_P3412_R2,2023,1,202.0,434.32,TBD,TBD,895.62,259.3
733,manang,MANANG_S5_P3412_R2,2024,2,230.0,386.07162275,TBD,TBD,462.0,-154.07162275000002
734,manang,MANANG_S11_P1212_R3,2023,1,213.0,448.4972,TBD,TBD,0.0,-661.4972
735,manang,MANANG_S11_P1212_R3,2024,2,230.0,386.26415265,TBD,TBD,792.0,175.73584734999997
736,manang,MANANG_S10.1_P2312_R1,2023,1,171.5,409.82,TBD,TBD,896.94,315.62000000000006
737,manang,MANANG_S10.1_P2312_R1,2024,2,230.0,398.2465015,TBD,TBD,462.0,-166.24650150000002
738,manang,MANANG_S4_P3412_R2,2023,1,180.0,434.32,TBD,TBD,1032.57,418.24999999999994
739,manang,MANANG_S4_P3412_R2,2024,2,230.0,389.30201015000006,TBD,TBD,495.0,-124.30201015000006
740,manang,MANANG_S11_P2121_R1,2023,1,202.0,434.32,TBD,TBD,1253.34,617.02
741,manang,MANANG_S11_P2121_R1,2024,2,210.5,371.52683735000005,TBD,TBD,297.0,-285.02683735000005
742,manang,MANANG_S5_P4123_R2,2023,1,191.0,434.32,TBD,TBD,776.49,151.17000000000002
743,manang,MANANG_S5_P4123_R2,2024,2,193.5,189.30169999999998,TBD,TBD,195.0,-187.80169999999998
744,manang,MANANG_S6_P1111_R3,2023,1,202.0,434.32,TBD,TBD,931.59,295.27000000000004
745,manang,MANANG_S6_P1111_R3,2024,2,230.0,416.05148280000003,TBD,TBD,214.5,-431.55148280000003
746,manang,MANANG_S3_P2312_R1,2023,1,193.5,501.3472,TBD,TBD,613.6,-81.24719999999996
747,manang,MANANG_S3_P2312_R1,2024,2,221.5,402.6359803,TBD,TBD,561.0,-63.13598030000003
748,manang,MANANG_S8.2_P3123_R1,2023,1,202.0,434.32,TBD,TBD,948.42,312.09999999999997
749,manang,MANANG_S8.2_P3123_R1,2024,2,193.5,210.75219999999996,TBD,TBD,0.0,-404.25219999999996
750,manang,MANANG_S9_P3123_R2,2023,1,224.0,517.72,TBD,TBD,0.0,-741.72
751,manang,MANANG_S9_P3123_R2,2024,2,193.5,210.75219999999996,TBD,TBD,0.0,-404.25219999999996
752,manang,MANANG_S7_P3123_R2,2023,1,202.0,434.32,TBD,TBD,887.7,251.38000000000005
753,manang,MANANG_S10.2_P1231_R2,2023,1,213.0,448.4972,TBD,TBD,0.0,-661.4972
754,manang,MANANG_S10.2_P1231_R2,2024,2,221.5,375.07880445,TBD,TBD,594.0,-2.578804450000007
755,manang,MANANG_S8.2_P2312_R2,2023,1,213.0,434.32,TBD,TBD,1105.17,457.8500000000001
756,manang,MANANG_S8.2_P2312_R2,2024,2,230.0,364.08917620000005,TBD,TBD,594.0,-0.089176200000054
757,manang,MANANG_S1.2_P2312_R3,2023,1,202.0,434.32,TBD,TBD,970.2,333.88000000000005
758,manang,MANANG_S1.2_P2312_R3,2024,2,230.0,405.9979634,TBD,TBD,726.0,90.0020366
759,manang,MANANG_S4_P4123_R1,2023,1,213.0,434.32,TBD,TBD,1032.57,385.24999999999994
760,manang,MANANG_S4_P4123_R1,2024,2,193.5,189.3017,TBD,TBD,130.0,-252.8017
761,manang,MANANG_S1.2_P1231_R1,2023,1,215.5,518.5972,TBD,TBD,498.55,-235.54720000000003
762,manang,MANANG_S1.2_P1231_R1,2024,2,230.0,380.6001286,TBD,TBD,561.0,-49.600128600000005
763,manang,MANANG_S6_P1111_R2,2023,1,180.0,434.32,TBD,TBD,1199.88,585.5600000000002
764,manang,MANANG_S6_P1111_R2,2024,2,230.0,416.05148280000003,TBD,TBD,643.5,-2.5514828000000307
765,manang,MANANG_S9_P2312_R1,2023,1,202.0,434.32,TBD,TBD,938.19,301.87000000000006
766,manang,MANANG_S9_P2312_R1,2024,2,210.5,434.56885679999993,TBD,TBD,1213.8,568.7311432
767,manang,MANANG_S1.3_P1231_R1,2023,1,215.5,518.5971999999999,TBD,TBD,708.5,-25.59719999999993
768,manang,MANANG_S1.3_P1231_R1,2024,2,230.0,451.37148745,TBD,TBD,330.0,-351.37148745
769,manang,MANANG_S10.1_P1231_R1,2023,1,213.0,448.4972,TBD,TBD,0.0,-661.4972
770,manang,MANANG_S10.1_P1231_R1,2024,2,230.0,393.24006640000005,TBD,TBD,462.0,-161.24006640000005
771,manang,MANANG_S1.1_P2312_R2,2023,1,213.0,458.82,TBD,TBD,1110.45,438.63000000000005
772,manang,MANANG_S1.1_P2312_R2,2024,2,213.0,315.7692,TBD,TBD,495.0,-33.76920000000001
773,manang,MANANG_S3_P3123_R3,2023,1,191.0,434.32,TBD,TBD,821.0400000000001,195.72000000000008
774,manang,MANANG_S3_P3123_R3,2024,2,193.5,189.30169999999998,TBD,TBD,1495.0,1112.1983
775,manang,MANANG_S12_P0000_R9,2023,1,193.5,412.09999999999997,TBD,TBD,896.302,290.70200000000006
776,manang,MANANG_S10.1_P3123_R3,2023,1,182.5,409.82,TBD,TBD,862.95,270.63000000000005
777,manang,MANANG_S10.1_P3123_R3,2024,2,193.5,207.1572,TBD,TBD,759.0,358.3428
778,manang,MANANG_S3_P1231_R1,2023,1,204.5,501.3472,TBD,TBD,577.2,-128.64719999999994
779,manang,MANANG_S3_P1231_R1,2024,2,193.5,189.30169999999998,TBD,TBD,130.0,-252.80169999999998
780,manang,MANANG_S5_P3412_R3,2023,1,202.0,434.32,TBD,TBD,1146.75,510.43
781,manang,MANANG_S5_P3412_R3,2024,2,230.0,386.07162275,TBD,TBD,99.0,-517.07162275
782,manang,MANANG_S5_P1234_R3,2023,1,204.5,501.3472,TBD,TBD,616.2,-89.64719999999994
783,manang,MANANG_S5_P1234_R3,2024,2,230.0,397.1617173,TBD,TBD,759.0,131.83828269999998
784,manang,MANANG_S8.2_P2312_R3,2023,1,202.0,434.32,TBD,TBD,768.9000000000001,132.5800000000001
785,manang,MANANG_S8.2_P2312_R3,2024,2,230.0,364.08917620000005,TBD,TBD,858.0,263.91082379999995
786,manang,MANANG_S13_P0000_R4,2023,1,193.5,513.1,TBD,TBD,918.072,211.47199999999998
787,manang,MANANG_S10.1_P1231_R3,2023,1,213.0,448.4972,TBD,TBD,0.0,-661.4972
788,manang,MANANG_S10.1_P1231_R3,2024,2,230.0,393.24006640000005,TBD,TBD,693.0,69.75993359999995
789,manang,MANANG_S10.2_P3123_R2,2023,1,191.0,434.32,TBD,TBD,910.14,284.82
790,manang,MANANG_S10.2_P3123_R2,2024,2,219.0,354.18498065,TBD,TBD,627.0,53.81501935
791,manang,MANANG_S7_P2312_R1,2023,1,191.0,434.32,TBD,TBD,905.52,280.2
792,manang,MANANG_S7_P2312_R1,2024,2,230.0,372.24345220000004,TBD,TBD,396.0,-206.24345220000004
793,manang,MANANG_S9_P2312_R2,2023,1,191.0,434.32,TBD,TBD,1065.5700000000002,440.25000000000017
794,manang,MANANG_S9_P2312_R2,2024,2,210.5,434.5688568,TBD,TBD,1451.8,806.7311431999999
795,manang,MANANG_S5_P1234_R2,2023,1,204.5,501.3472,TBD,TBD,702.65,-3.1972000000000094
796,manang,MANANG_S5_P1234_R2,2024,2,230.0,397.1617173,TBD,TBD,693.0,65.83828269999998
797,manang,MANANG_S10.2_P3123_R3,2023,1,213.0,434.32,TBD,TBD,944.46,297.14000000000004
798,manang,MANANG_S10.2_P3123_R3,2024,2,219.0,354.18498065,TBD,TBD,693.0,119.81501935
799,manang,MANANG_S4_P1234_R2,2023,1,204.5,501.3472,TBD,TBD,701.35,-4.497199999999964
800,manang,MANANG_S4_P1234_R2,2024,2,210.5,357.80696340000003,TBD,TBD,373.2,-195.10696340000004
801,manang,MANANG_S5_P2341_R1,2023,1,202.0,434.32,TBD,TBD,1029.93,393.61000000000007
802,manang,MANANG_S5_P2341_R1,2024,2,230.0,432.25104230000005,TBD,TBD,363.0,-299.25104230000005
803,manang,MANANG_S3_P2312_R3,2023,1,193.5,501.3472,TBD,TBD,568.75,-126.09719999999999
804,manang,MANANG_S3_P2312_R3,2024,2,221.5,402.6359803,TBD,TBD,858.0,233.86401969999997
805,manang,MANANG_S4_P1234_R3,2023,1,226.5,501.3472,TBD,TBD,574.6,-153.24719999999996
806,manang,MANANG_S4_P1234_R3,2024,2,210.5,357.80696340000003,TBD,TBD,497.6,-70.7069634
807,streatham,STREATHAM_S9.1_P1212_R1,2023,1,259.5,1073.95,TBD,TBD,2863.688,1530.238
808,streatham,STREATHAM_S9.1_P1212_R1,2024,2,215.5,876.8992771739131,TBD,TBD,888.8888890200001,-203.51038815391303
809,streatham,STREATHAM_S13_P0000_R5,2023,1,226.5,961.9,TBD,TBD,0.0,-1188.4
810,streatham,STREATHAM_S2.2_P2341_R2,2023,1,307.0,1275.4,TBD,TBD,2762.924,1180.524
811,streatham,STREATHAM_S2.2_P2341_R2,2024,2,259.5,1111.250761231884,TBD,TBD,1066.66666656,-304.08409467188403
812,streatham,STREATHAM_S13_P0000_R6,2023,1,226.5,961.9,TBD,TBD,0.0,-1188.4
813,streatham,STREATHAM_S12_P0000_R7,2023,1,296.0,1399.8675999999998,TBD,TBD,1668.15,-27.71759999999972
814,streatham,STREATHAM_S13_P0000_R1,2023,1,226.5,961.9,TBD,TBD,0.0,-1188.4
815,streatham,STREATHAM_S13_P0000_R1,2024,2,185.0,1833.0,TBD,TBD,0.0,-2018.0
816,streatham,STREATHAM_S2.1_P4123_R3,2023,1,296.0,1352.3675999999998,TBD,TBD,1215.39,-432.9775999999997
817,streatham,STREATHAM_S2.1_P4123_R3,2024,2,240.0,836.633,TBD,TBD,1613.4072582600002,536.7742582600001
818,streatham,STREATHAM_S2.2_P4123_R3,2023,1,296.0,1399.8675999999998,TBD,TBD,1785.3000000000002,89.43240000000037
819,streatham,STREATHAM_S2.2_P4123_R3,2024,2,240.0,836.633,TBD,TBD,1711.69354818,635.0605481800001
820,streatham,STREATHAM_S5_P1231_R2,2023,1,307.0,1275.4,TBD,TBD,2909.094,1326.694
821,streatham,STREATHAM_S5_P1231_R2,2024,2,215.5,855.0121467391305,TBD,TBD,1136.1111111900002,65.59896445086974
822,streatham,STREATHAM_S7_P2341_R2,2023,1,226.5,961.9,TBD,TBD,0.0,-1188.4
823,streatham,STREATHAM_S7_P2341_R2,2024,2,215.5,815.4328278985507,TBD,TBD,1106.475869664,75.54304176544917
824,streatham,STREATHAM_S13_P0000_R7,2023,1,226.5,961.9,TBD,TBD,0.0,-1188.4
825,streatham,STREATHAM_S6.1_P2312_R3,2023,1,307.0,1275.4,TBD,TBD,2450.68,868.2799999999997
826,streatham,STREATHAM_S6.1_P2312_R3,2024,2,215.5,926.8369873188406,TBD,TBD,923.13508056,-219.20190675884055
827,streatham,STREATHAM_S9.1_P2121_R1,2023,1,296.0,1399.8675999999998,TBD,TBD,2047.32,351.4524000000001
828,streatham,STREATHAM_S9.1_P2121_R1,2024,2,207.0,654.1,TBD,TBD,1374.3468015354,513.2468015353999
829,streatham,STREATHAM_S13_P0000_R3,2023,1,226.5,1137.9,TBD,TBD,0.0,-1364.4
830,streatham,STREATHAM_S13_P0000_R3,2024,2,185.0,1833.0,TBD,TBD,0.0,-2018.0
831,streatham,STREATHAM_S2.2_P1234_R3,2023,1,292.5,1266.3500000000001,TBD,TBD,932.58,-626.2700000000001
832,streatham,STREATHAM_S2.2_P1234_R3,2024,2,248.5,910.4324655797102,TBD,TBD,1891.498656128,732.5661905482898
833,streatham,STREATHAM_S6.2_P1231_R3,2023,1,226.5,961.9,TBD,TBD,0.0,-1188.4
834,streatham,STREATHAM_S6.2_P1231_R3,2024,2,226.5,958.3714365942028,TBD,TBD,1212.231182682,27.359746087797248
835,streatham,STREATHAM_S2.3_P1234_R3,2023,1,270.5,1200.1525,TBD,TBD,1586.5200000000002,115.86750000000029
836,streatham,STREATHAM_S2.3_P1234_R3,2023,2,281.5,1000.5082771739131,TBD,TBD,1849.697580906,567.6893037320868
837,streatham,STREATHAM_S9.1_P1212_R2,2023,1,259.5,1073.95,TBD,TBD,2670.246,1336.796
838,streatham,STREATHAM_S9.1_P1212_R2,2024,2,215.5,876.8992771739131,TBD,TBD,919.44444438,-172.95483279391306
839,streatham,STREATHAM_S7_P3412_R1,2023,1,307.0,1275.4,TBD,TBD,2578.812,996.4119999999998
840,streatham,STREATHAM_S7_P3412_R1,2024,2,215.5,879.586204710145,TBD,TBD,827.7777776400001,-267.30842707014494
841,streatham,STREATHAM_S2.1_P2341_R3,2023,1,307.0,1225.4,TBD,TBD,2561.396,1028.996
842,streatham,STREATHAM_S2.1_P2341_R3,2024,2,259.5,1077.0797666666665,TBD,TBD,919.43884395,-417.1409227166665
843,streatham,STREATHAM_S1.1_P1212_R1,2023,1,307.0,1225.4,TBD,TBD,2729.958,1197.558
844,streatham,STREATHAM_S1.1_P1212_R1,2024,2,248.5,1075.0870130434782,TBD,TBD,828.70370385,-494.8833091934782
845,streatham,STREATHAM_S10_P1212_R1,2023,1,276.5,1123.95,TBD,TBD,2735.556,1335.106
846,streatham,STREATHAM_S10_P1212_R1,2024,2,193.5,822.5826974637681,TBD,TBD,337.96296303,-678.1197344337681
847,streatham,STREATHAM_S3_P4123_R2,2023,1,296.0,1399.8675999999998,TBD,TBD,2029.17,333.30240000000026
848,streatham,STREATHAM_S3_P4123_R2,2024,2,240.0,836.633,TBD,TBD,1818.18181818,741.5488181799999
849,streatham,STREATHAM_S1.4_P1212_R3,2023,1,307.0,1315.4,TBD,TBD,2775.364,1152.964
850,streatham,STREATHAM_S1.4_P1212_R3,2024,2,248.5,1106.6266742753623,TBD,TBD,999.8319893100002,-355.2946849653622
851,streatham,STREATHAM_S6.1_P1231_R2,2023,1,226.5,961.9,TBD,TBD,0.0,-1188.4
852,streatham,STREATHAM_S6.1_P1231_R2,2024,2,226.5,925.4431177536233,TBD,TBD,1539.29292945,387.3498116963767
853,streatham,STREATHAM_S11_P0000_R1,2023,1,292.5,1225.4225,TBD,TBD,1560.78,42.85750000000007
854,streatham,STREATHAM_S8_P3123_R3,2023,1,296.0,1399.8675999999998,TBD,TBD,1766.16,70.29240000000027
855,streatham,STREATHAM_S8_P3123_R3,2024,2,207.0,659.3,TBD,TBD,0.0,-866.3
856,streatham,STREATHAM_S2.3_P4123_R1,2023,1,296.0,1414.8675999999998,TBD,TBD,1507.77,-203.09759999999983
857,streatham,STREATHAM_S2.3_P4123_R1,2024,2,273.0,932.066,TBD,TBD,1387.87878762,182.81278761999988
858,streatham,STREATHAM_S3_P2341_R1,2023,1,296.0,1399.8675999999998,TBD,TBD,1890.57,194.70240000000013
859,streatham,STREATHAM_S3_P2341_R1,2024,2,215.5,798.0360163043479,TBD,TBD,2303.703703888,1290.167687583652
860,streatham,STREATHAM_S7_P3412_R3,2023,1,307.0,1275.4,TBD,TBD,2575.702,993.3020000000001
861,streatham,STREATHAM_S7_P3412_R3,2024,2,215.5,879.586204710145,TBD,TBD,1007.22446253,-87.86174218014503
862,streatham,STREATHAM_S8_P3123_R2,2023,1,296.0,1399.8675999999998,TBD,TBD,1897.5,201.6324000000002
863,streatham,STREATHAM_S8_P3123_R2,2024,2,207.0,659.3,TBD,TBD,0.0,-866.3
864,streatham,STREATHAM_S5_P3123_R2,2023,1,285.0,1354.4699999999998,TBD,TBD,1841.044,201.5740000000003
865,streatham,STREATHAM_S5_P3123_R2,2024,2,215.5,810.9646539855073,TBD,TBD,1733.013467892,706.5488139064928
866,streatham,STREATHAM_S1.3_P2121_R1,2023,1,296.0,1414.8675999999998,TBD,TBD,1446.72,-264.1475999999998
867,streatham,STREATHAM_S1.3_P2121_R1,2024,2,262.0,811.545,TBD,TBD,1801.0774413119998,727.5324413119998
868,streatham,STREATHAM_S1.1_P2121_R3,2023,1,296.0,1352.3675999999998,TBD,TBD,1730.19,81.82240000000024
869,streatham,STREATHAM_S1.1_P2121_R3,2024,2,248.5,852.0550362318841,TBD,TBD,1945.491711338,844.9366751061159
870,streatham,STREATHAM_S8_P2312_R1,2023,1,307.0,1275.4,TBD,TBD,2501.684,919.2840000000001
871,streatham,STREATHAM_S8_P2312_R1,2024,2,215.5,889.8746394927537,TBD,TBD,719.4444444000001,-385.9301950927536
872,streatham,STREATHAM_S2.1_P1234_R3,2023,1,292.5,1266.3500000000001,TBD,TBD,1317.6,-241.25000000000023
873,streatham,STREATHAM_S2.1_P1234_R3,2024,2,248.5,825.027963768116,TBD,TBD,1900.20721344,826.679249671884
874,streatham,STREATHAM_S8_P3123_R1,2023,1,296.0,1399.8675999999998,TBD,TBD,1674.75,-21.11759999999981
875,streatham,STREATHAM_S8_P3123_R1,2024,2,207.0,659.3,TBD,TBD,0.0,-866.3
876,streatham,STREATHAM_S12_P0000_R2,2023,1,296.0,1399.8675999999998,TBD,TBD,1683.66,-12.20759999999973
877,streatham,STREATHAM_S2.4_P1234_R2,2023,1,292.5,1266.3500000000001,TBD,TBD,1542.24,-16.610000000000127
878,streatham,STREATHAM_S2.4_P1234_R2,2024,2,248.5,916.3794221014491,TBD,TBD,1933.714926924,768.835504822551
879,streatham,STREATHAM_S1.2_P1212_R2,2023,1,307.0,1275.4,TBD,TBD,2679.576,1097.176
880,streatham,STREATHAM_S1.2_P1212_R2,2024,2,240.0,861.0076000000001,TBD,TBD,894.4444443000001,-206.56315570000004
881,streatham,STREATHAM_S11_P0000_R2,2023,1,292.5,1225.4225,TBD,TBD,1523.82,5.897500000000036
882,streatham,STREATHAM_S13_P0000_R4,2023,1,226.5,961.9,TBD,TBD,0.0,-1188.4
883,streatham,STREATHAM_S10_P2121_R3,2023,1,257.0,1090.88,TBD,TBD,1148.0700000000002,-199.80999999999995
884,streatham,STREATHAM_S10_P2121_R3,2024,2,215.5,819.9151902173915,TBD,TBD,1092.1869400167,56.77174979930851
885,streatham,STREATHAM_S3_P1234_R2,2023,1,292.5,1266.3500000000001,TBD,TBD,1124.8200000000002,-434.03
886,streatham,STREATHAM_S3_P1234_R2,2024,2,215.5,867.2489583333333,TBD,TBD,1198.14814812,115.39918978666674
887,streatham,STREATHAM_S3_P3412_R2,2023,1,307.0,1275.4,TBD,TBD,2822.636,1240.2359999999999
888,streatham,STREATHAM_S3_P3412_R2,2024,2,215.5,859.9486974637681,TBD,TBD,1144.44444444,68.995746976232
889,streatham,STREATHAM_S1.3_P1212_R1,2023,1,279.0,1160.3999999999999,TBD,TBD,2420.824,981.4240000000002
890,streatham,STREATHAM_S1.3_P1212_R1,2024,2,240.0,831.6825999999999,TBD,TBD,860.18518509,-211.49741490999986
891,streatham,STREATHAM_S11_P0000_R6,2023,1,292.5,1225.4225,TBD,TBD,1514.58,-3.3424999999999727
892,streatham,STREATHAM_S9.1_P1212_R3,2023,1,259.5,1073.95,TBD,TBD,2985.6,1652.1499999999999
893,streatham,STREATHAM_S9.1_P1212_R3,2024,2,215.5,876.8992771739131,TBD,TBD,1045.11088704,-47.288390133913026
894,streatham,STREATHAM_S1.2_P2121_R2,2023,1,296.0,1399.8675999999998,TBD,TBD,2000.46,304.5924000000002
895,streatham,STREATHAM_S1.2_P2121_R2,2024,2,240.0,736.39,TBD,TBD,1844.708192978,868.318192978
896,streatham,STREATHAM_S1.3_P1212_R2,2023,1,279.0,1160.3999999999999,TBD,TBD,2524.076,1084.6760000000002
897,streatham,STREATHAM_S1.3_P1212_R2,2024,2,240.0,831.6826,TBD,TBD,919.44444438,-152.23815561999993
898,streatham,STREATHAM_S5_P2312_R2,2023,1,296.0,1399.8675999999998,TBD,TBD,1795.86,99.99240000000009
899,streatham,STREATHAM_S5_P2312_R2,2024,2,237.5,911.807277173913,TBD,TBD,1427.2895624199998,277.9822852460868
900,streatham,STREATHAM_S9.2_P2121_R2,2023,1,296.0,1399.8675999999998,TBD,TBD,1608.75,-87.11759999999981
901,streatham,STREATHAM_S9.2_P2121_R2,2024,2,215.5,725.0014067028986,TBD,TBD,1531.7306394992002,591.2292327963015
902,streatham,STREATHAM_S2.2_P2341_R1,2023,1,307.0,1275.4,TBD,TBD,2460.01,877.6100000000001
903,streatham,STREATHAM_S2.2_P2341_R1,2024,2,259.5,1111.250761231884,TBD,TBD,589.81481493,-780.9359463018841
904,streatham,STREATHAM_S9.3_P1212_R3,2023,1,276.5,1173.95,TBD,TBD,2935.218,1484.7679999999998
905,streatham,STREATHAM_S9.3_P1212_R3,2024,2,215.5,909.8117699275363,TBD,TBD,0.0,-1125.3117699275363
906,streatham,STREATHAM_S2.3_P4123_R2,2023,1,296.0,1414.8675999999998,TBD,TBD,1638.45,-72.41759999999977
907,streatham,STREATHAM_S2.3_P4123_R2,2024,2,273.0,932.0660000000001,TBD,TBD,1533.33333342,328.2673334199998
908,streatham,STREATHAM_S5_P2312_R3,2023,1,296.0,1399.8675999999998,TBD,TBD,1941.06,245.19240000000013
909,streatham,STREATHAM_S5_P2312_R3,2024,2,237.5,911.807277173913,TBD,TBD,1154.883512642,5.576235468086907
910,streatham,STREATHAM_S11_P0000_R3,2023,1,292.5,1225.4225,TBD,TBD,1525.8,7.877500000000055
911,streatham,STREATHAM_S5_P1231_R1,2023,1,307.0,1275.4,TBD,TBD,2868.664,1286.2640000000001
912,streatham,STREATHAM_S5_P1231_R1,2024,2,215.5,855.0121467391305,TBD,TBD,987.9629628,-82.54918393913044
913,streatham,STREATHAM_S5_P3123_R1,2023,1,285.0,1354.4699999999998,TBD,TBD,2050.538,411.0680000000002
914,streatham,STREATHAM_S5_P3123_R1,2024,2,215.5,810.9646539855073,TBD,TBD,1935.460156916,908.9955029304926
915,streatham,STREATHAM_S5_P2312_R1,2023,1,296.0,1399.8675999999998,TBD,TBD,1702.47,6.602400000000216
916,streatham,STREATHAM_S5_P2312_R1,2024,2,237.5,911.807277173913,TBD,TBD,908.883277134,-240.42400003991304
917,streatham,STREATHAM_S2.4_P2341_R2,2023,1,307.0,1315.4,TBD,TBD,2623.596,1001.1959999999999
918,streatham,STREATHAM_S2.4_P2341_R2,2024,2,259.5,1141.5338336956522,TBD,TBD,893.5185184200001,-507.51531527565214
919,streatham,STREATHAM_S9.3_P2121_R3,2023,1,296.0,1399.8675999999998,TBD,TBD,1958.22,262.3524000000002
920,streatham,STREATHAM_S9.3_P2121_R3,2024,2,215.5,767.4003496376812,TBD,TBD,1752.7744173974995,769.8740677598183
921,streatham,STREATHAM_S10_P2121_R1,2023,1,257.0,1090.88,TBD,TBD,948.09,-399.7900000000001
922,streatham,STREATHAM_S10_P2121_R1,2024,2,215.5,819.9151902173915,TBD,TBD,1168.1773287372,132.76213851980856
923,streatham,STREATHAM_S3_P2341_R2,2023,1,296.0,1399.8675999999998,TBD,TBD,1752.63,56.7624000000003
924,streatham,STREATHAM_S3_P2341_R2,2024,2,215.5,798.0360163043479,TBD,TBD,2082.059483708,1068.523467403652
925,streatham,STREATHAM_S9.1_P2121_R2,2023,1,296.0,1399.8675999999998,TBD,TBD,1506.12,-189.74759999999992
926,streatham,STREATHAM_S9.1_P2121_R2,2024,2,207.0,654.1,TBD,TBD,1462.1144783489,601.0144783489001
927,streatham,STREATHAM_S6.1_P2312_R1,2023,1,307.0,1275.4,TBD,TBD,2690.772,1108.3719999999998
928,streatham,STREATHAM_S6.1_P2312_R1,2024,2,215.5,926.8369873188406,TBD,TBD,667.59259248,-474.74439483884055
929,streatham,STREATHAM_S3_P4123_R3,2023,1,296.0,1399.8675999999998,TBD,TBD,2186.9100000000003,491.0424000000005
930,streatham,STREATHAM_S3_P4123_R3,2024,2,240.0,836.633,TBD,TBD,2251.51209684,1174.87909684
931,streatham,STREATHAM_S6.2_P2312_R3,2023,1,298.5,1200.4,TBD,TBD,2281.496,782.596
932,streatham,STREATHAM_S6.2_P2312_R3,2024,2,215.5,889.1400597826088,TBD,TBD,902.8057797,-201.83428008260876
933,streatham,STREATHAM_S1.1_P1212_R3,2023,1,307.0,1225.4,TBD,TBD,2267.19,734.79
934,streatham,STREATHAM_S1.1_P1212_R3,2024,2,248.5,1075.0870130434782,TBD,TBD,1055.27553747,-268.3114755734782
935,streatham,STREATHAM_S6.1_P1231_R3,2023,1,226.5,961.9,TBD,TBD,0.0,-1188.4
936,streatham,STREATHAM_S6.1_P1231_R3,2024,2,226.5,925.4431177536233,TBD,TBD,1419.494847454,267.55172970037665
937,streatham,STREATHAM_S2.2_P3412_R3,2023,1,296.0,1399.8675999999998,TBD,TBD,1592.25,-103.61759999999981
938,streatham,STREATHAM_S2.2_P3412_R3,2024,2,259.5,1105.4593119565218,TBD,TBD,856.6028225700001,-508.35648938652173
939,streatham,STREATHAM_S12_P0000_R3,2023,1,296.0,1399.8675999999998,TBD,TBD,1365.54,-330.32759999999985
940,streatham,STREATHAM_S2.1_P2341_R2,2023,1,307.0,1225.4,TBD,TBD,2576.324,1043.924
941,streatham,STREATHAM_S2.1_P2341_R2,2024,2,259.5,1077.0797666666667,TBD,TBD,996.29629638,-340.2834702866668
942,streatham,STREATHAM_S2.1_P3412_R3,2023,1,296.0,1352.3675999999998,TBD,TBD,1609.41,-38.95759999999973
943,streatham,STREATHAM_S2.1_P3412_R3,2024,2,259.5,1084.7268101449276,TBD,TBD,1202.20094082,-142.02586932492773
944,streatham,STREATHAM_S9.2_P1212_R1,2023,1,276.5,1123.9499999999998,TBD,TBD,0.0,-1400.4499999999998
945,streatham,STREATHAM_S9.2_P1212_R1,2024,2,215.5,877.973509057971,TBD,TBD,798.14814816,-295.325360897971
946,streatham,STREATHAM_S7_P1234_R1,2023,1,226.5,961.9,TBD,TBD,0.0,-1188.4
947,streatham,STREATHAM_S7_P1234_R1,2024,2,185.0,611.0,TBD,TBD,0.0,-796.0
948,streatham,STREATHAM_S2.4_P4123_R3,2023,1,296.0,1442.3675999999998,TBD,TBD,1861.53,123.16240000000016
949,streatham,STREATHAM_S2.4_P4123_R3,2024,2,240.0,836.633,TBD,TBD,1832.66129016,756.0282901599999
950,streatham,STREATHAM_S13_P0000_R8,2023,1,226.5,961.9,TBD,TBD,0.0,-1188.4
951,streatham,STREATHAM_S2.1_P4123_R1,2023,1,296.0,1352.3675999999998,TBD,TBD,1856.25,207.8824000000002
952,streatham,STREATHAM_S2.1_P4123_R1,2024,2,240.0,836.633,TBD,TBD,0.0,-1076.633
953,streatham,STREATHAM_S3_P3412_R3,2023,1,307.0,1275.4,TBD,TBD,2440.106,857.7060000000001
954,streatham,STREATHAM_S3_P3412_R3,2024,2,215.5,859.9486974637681,TBD,TBD,1022.00940864,-53.43928882376815
955,streatham,STREATHAM_S2.3_P2341_R1,2023,1,279.0,1185.3999999999999,TBD,TBD,2713.786,1249.3860000000002
956,streatham,STREATHAM_S2.3_P2341_R1,2024,2,248.5,1078.3927757246377,TBD,TBD,1025.92592586,-300.96684986463765
957,streatham,STREATHAM_S2.1_P3412_R1,2023,1,296.0,1352.3675999999998,TBD,TBD,1795.2,146.83240000000023
958,streatham,STREATHAM_S2.1_P3412_R1,2024,2,259.5,1084.7268101449276,TBD,TBD,905.55555552,-438.67125462492766
959,streatham,STREATHAM_S2.2_P3412_R2,2023,1,296.0,1399.8675999999998,TBD,TBD,1839.09,143.2224000000001
960,streatham,STREATHAM_S2.2_P3412_R2,2024,2,259.5,1105.4593119565218,TBD,TBD,963.88888893,-401.0704230265218
961,streatham,STREATHAM_S6.2_P3123_R2,2023,1,296.0,1399.8675999999998,TBD,TBD,1982.97,287.1024000000002
962,streatham,STREATHAM_S6.2_P3123_R2,2024,2,218.0,646.475,TBD,TBD,0.0,-864.475
963,streatham,STREATHAM_S2.2_P4123_R2,2023,1,296.0,1399.8675999999998,TBD,TBD,1818.96,123.09240000000023
964,streatham,STREATHAM_S2.2_P4123_R2,2024,2,240.0,836.633,TBD,TBD,1815.1515153,738.5185153
965,streatham,STREATHAM_S8_P2312_R3,2023,1,307.0,1275.4,TBD,TBD,2598.716,1016.3159999999998
966,streatham,STREATHAM_S8_P2312_R3,2024,2,215.5,889.8746394927537,TBD,TBD,924.98319903,-180.39144046275362
967,streatham,STREATHAM_S2.4_P3412_R3,2023,1,296.0,1442.3675999999998,TBD,TBD,1903.11,164.7424000000001
968,streatham,STREATHAM_S2.4_P3412_R3,2024,2,259.5,1111.9089351449275,TBD,TBD,1168.93481199,-202.47412315492738
969,streatham,STREATHAM_S6.2_P1231_R1,2023,1,226.5,961.9,TBD,TBD,0.0,-1188.4
970,streatham,STREATHAM_S6.2_P1231_R1,2024,2,226.5,958.3714365942029,TBD,TBD,1301.94163872,117.07020212579698
971,streatham,STREATHAM_S1.4_P1212_R1,2023,1,307.0,1315.4,TBD,TBD,2919.046,1296.6459999999997
972,streatham,STREATHAM_S1.4_P1212_R1,2024,2,248.5,1106.6266742753626,TBD,TBD,1009.25925936,-345.8674149153626
973,streatham,STREATHAM_S4_P2312_R2,2023,1,307.0,1275.4,TBD,TBD,2581.922,999.5219999999999
974,streatham,STREATHAM_S4_P2312_R2,2024,2,215.5,885.3147844202899,TBD,TBD,870.3703704300001,-230.44441399028983
975,streatham,STREATHAM_S2.3_P4123_R3,2023,1,296.0,1414.8675999999998,TBD,TBD,1920.27,209.40240000000017
976,streatham,STREATHAM_S2.3_P4123_R3,2024,2,273.0,932.0660000000001,TBD,TBD,1639.1129031,434.0469030999999
977,streatham,STREATHAM_S2.3_P1234_R1,2023,1,270.5,1200.1525,TBD,TBD,1388.88,-81.77249999999981
978,streatham,STREATHAM_S2.3_P1234_R1,2023,2,281.5,1000.5082771739131,TBD,TBD,1478.20987662,196.2015994460868
979,streatham,STREATHAM_S9.2_P1212_R2,2023,1,276.5,1123.9499999999998,TBD,TBD,2670.246,1269.7960000000003
980,streatham,STREATHAM_S9.2_P1212_R2,2024,2,215.5,877.973509057971,TBD,TBD,889.8148149000001,-203.6586941579709
981,streatham,STREATHAM_S2.2_P1234_R2,2023,1,292.5,1266.3500000000001,TBD,TBD,1380.7800000000002,-178.06999999999994
982,streatham,STREATHAM_S2.2_P1234_R2,2024,2,248.5,910.4324655797102,TBD,TBD,1720.7968573259998,561.8643917462896
983,streatham,STREATHAM_S1.4_P1212_R2,2023,1,307.0,1315.4,TBD,TBD,267.46,-1354.94
984,streatham,STREATHAM_S1.4_P1212_R2,2024,2,248.5,1106.6266742753623,TBD,TBD,851.85185184,-503.27482243536235
985,streatham,STREATHAM_S4_P3123_R3,2023,1,296.0,1399.8675999999998,TBD,TBD,1794.5400000000002,98.67240000000038
986,streatham,STREATHAM_S4_P3123_R3,2024,2,196.0,635.0,TBD,TBD,0.0,-831.0
987,streatham,STREATHAM_S2.4_P3412_R2,2023,1,296.0,1442.3675999999998,TBD,TBD,1596.21,-142.15759999999977
988,streatham,STREATHAM_S2.4_P3412_R2,2024,2,259.5,1111.9089351449275,TBD,TBD,995.3703705,-376.0385646449274
989,streatham,STREATHAM_S6.1_P3123_R2,2023,1,296.0,1399.8675999999998,TBD,TBD,1719.96,24.092400000000225
990,streatham,STREATHAM_S6.1_P3123_R2,2024,2,218.0,646.475,TBD,TBD,0.0,-864.475
991,streatham,STREATHAM_S2.2_P4123_R1,2023,1,296.0,1399.8675999999998,TBD,TBD,1884.96,189.09240000000023
992,streatham,STREATHAM_S2.2_P4123_R1,2024,2,240.0,836.633,TBD,TBD,1657.57575744,580.9427574399999
993,streatham,STREATHAM_S1.1_P2121_R2,2023,1,296.0,1352.3675999999998,TBD,TBD,1815.0,166.6324000000002
994,streatham,STREATHAM_S1.1_P2121_R2,2024,2,248.5,852.0550362318841,TBD,TBD,2033.193041444,932.638005212116
995,streatham,STREATHAM_S9.3_P1212_R2,2023,1,276.5,1173.95,TBD,TBD,2963.208,1512.758
996,streatham,STREATHAM_S9.3_P1212_R2,2024,2,215.5,909.8117699275363,TBD,TBD,974.07407394,-151.2376959875363
997,streatham,STREATHAM_S9.3_P2121_R2,2023,1,296.0,1399.8675999999998,TBD,TBD,1722.93,27.062400000000252
998,streatham,STREATHAM_S9.3_P2121_R2,2024,2,215.5,767.4003496376812,TBD,TBD,1417.0437707889,434.14342115121883
999,streatham,STREATHAM_S8_P1231_R2,2023,1,248.5,994.926,TBD,TBD,0.0,-1243.426
1000,streatham,STREATHAM_S8_P1231_R2,2024,2,215.5,767.276393115942,TBD,TBD,1619.573512814,636.7971196980579
1001,streatham,STREATHAM_S3_P4123_R1,2023,1,296.0,1399.8675999999998,TBD,TBD,1928.85,232.9824000000001
1002,streatham,STREATHAM_S3_P4123_R1,2024,2,240.0,836.633,TBD,TBD,0.0,-1076.633
1003,streatham,STREATHAM_S12_P0000_R4,2023,1,296.0,1399.8675999999998,TBD,TBD,1829.52,133.65240000000017
1004,streatham,STREATHAM_S2.4_P1234_R3,2023,1,292.5,1266.3500000000001,TBD,TBD,1210.68,-348.1700000000001
1005,streatham,STREATHAM_S2.4_P1234_R3,2024,2,248.5,916.3794221014492,TBD,TBD,1840.989023594,676.1096014925507
1006,streatham,STREATHAM_S7_P3412_R2,2023,1,307.0,1275.4,TBD,TBD,2876.75,1294.35
1007,streatham,STREATHAM_S7_P3412_R2,2024,2,215.5,879.586204710145,TBD,TBD,899.07407403,-196.012130680145
1008,streatham,STREATHAM_S10_P2121_R2,2023,1,257.0,1090.88,TBD,TBD,1187.34,-160.5400000000002
1009,streatham,STREATHAM_S10_P2121_R2,2024,2,215.5,819.9151902173915,TBD,TBD,1207.6588102448,172.2436200274085
1010,streatham,STREATHAM_S2.1_P2341_R1,2023,1,307.0,1225.4,TBD,TBD,2690.772,1158.3719999999998
1011,streatham,STREATHAM_S2.1_P2341_R1,2024,2,259.5,1077.0797666666667,TBD,TBD,865.7407407000001,-470.83902596666667
1012,streatham,STREATHAM_S2.3_P3412_R2,2023,1,296.0,1414.8675999999998,TBD,TBD,1551.0,-159.8675999999998
1013,streatham,STREATHAM_S2.3_P3412_R2,2024,2,259.5,1015.9049786231884,TBD,TBD,1341.66666678,66.2616881568116
1014,streatham,STREATHAM_S2.2_P1234_R1,2023,1,292.5,1266.3500000000001,TBD,TBD,1274.94,-283.9100000000001
1015,streatham,STREATHAM_S2.2_P1234_R1,2024,2,248.5,910.4324655797102,TBD,TBD,1815.03928187,656.1068162902898
1016,streatham,STREATHAM_S13_P0000_R2,2023,1,226.5,961.9,TBD,TBD,0.0,-1188.4
1017,streatham,STREATHAM_S13_P0000_R2,2024,2,185.0,1833.0,TBD,TBD,0.0,-2018.0
1018,streatham,STREATHAM_S6.1_P3123_R1,2023,1,296.0,1399.8675999999998,TBD,TBD,1655.61,-40.25759999999991
1019,streatham,STREATHAM_S6.1_P3123_R1,2024,2,218.0,646.475,TBD,TBD,0.0,-864.475
1020,streatham,STREATHAM_S11_P0000_R9,2023,1,292.5,1225.4225,TBD,TBD,1590.15,72.22750000000019
1021,streatham,STREATHAM_S6.1_P2312_R2,2023,1,307.0,1275.4,TBD,TBD,2592.496,1010.096
1022,streatham,STREATHAM_S6.1_P2312_R2,2024,2,215.5,926.8369873188406,TBD,TBD,844.4444444700001,-297.89254284884043
1023,streatham,STREATHAM_S7_P1234_R2,2023,1,226.5,961.9,TBD,TBD,0.0,-1188.4
1024,streatham,STREATHAM_S7_P1234_R2,2024,2,185.0,611.0,TBD,TBD,0.0,-796.0
1025,streatham,STREATHAM_S1.2_P1212_R1,2023,1,307.0,1275.4,TBD,TBD,2713.786,1131.386
1026,streatham,STREATHAM_S1.2_P1212_R1,2024,2,240.0,861.0076,TBD,TBD,1084.25925927,-16.748340729999995
1027,streatham,STREATHAM_S8_P1231_R3,2023,1,248.5,994.926,TBD,TBD,0.0,-1243.426
1028,streatham,STREATHAM_S8_P1231_R3,2024,2,215.5,767.276393115942,TBD,TBD,2056.961245678,1074.184852562058
1029,streatham,STREATHAM_S4_P2312_R3,2023,1,307.0,1275.4,TBD,TBD,2594.984,1012.5839999999998
1030,streatham,STREATHAM_S4_P2312_R3,2024,2,215.5,885.3147844202899,TBD,TBD,806.70362916,-294.11115526028993
1031,streatham,STREATHAM_S4_P3123_R1,2023,1,296.0,1399.8675999999998,TBD,TBD,1813.35,117.4824000000001
1032,streatham,STREATHAM_S4_P3123_R1,2024,2,196.0,635.0,TBD,TBD,0.0,-831.0
1033,streatham,STREATHAM_S2.1_P3412_R2,2023,1,296.0,1352.3675999999998,TBD,TBD,1874.73,226.3624000000002
1034,streatham,STREATHAM_S2.1_P3412_R2,2024,2,259.5,1084.7268101449276,TBD,TBD,1499.99999985,155.77318970507235
1035,streatham,STREATHAM_S1.3_P2121_R3,2023,1,296.0,1414.8675999999998,TBD,TBD,1439.13,-271.7375999999997
1036,streatham,STREATHAM_S1.3_P2121_R3,2024,2,262.0,811.5450000000001,TBD,TBD,1762.612007164,689.067007164
1037,streatham,STREATHAM_S10_P1212_R3,2023,1,276.5,1123.95,TBD,TBD,2833.832,1433.3819999999998
1038,streatham,STREATHAM_S10_P1212_R3,2024,2,193.5,822.5826974637681,TBD,TBD,371.47177419,-644.6109232737681
1039,streatham,STREATHAM_S3_P2341_R3,2023,1,296.0,1399.8675999999998,TBD,TBD,1948.65,252.78240000000028
1040,streatham,STREATHAM_S3_P2341_R3,2024,2,215.5,798.0360163043479,TBD,TBD,1947.233422676,933.697406371652
1041,streatham,STREATHAM_S2.1_P1234_R2,2023,1,292.5,1266.3500000000001,TBD,TBD,1185.84,-373.0100000000002
1042,streatham,STREATHAM_S2.1_P1234_R2,2024,2,248.5,825.027963768116,TBD,TBD,1633.535353372,560.0073896038839
1043,streatham,STREATHAM_S2.3_P3412_R1,2023,1,296.0,1414.8675999999998,TBD,TBD,1283.37,-427.4975999999999
1044,streatham,STREATHAM_S2.3_P3412_R1,2024,2,259.5,1015.9049786231884,TBD,TBD,534.25925916,-741.1457194631884
1045,streatham,STREATHAM_S9.2_P1212_R3,2023,1,276.5,1123.95,TBD,TBD,0.0,-1400.45
1046,streatham,STREATHAM_S9.2_P1212_R3,2024,2,215.5,877.973509057971,TBD,TBD,975.80645151,-117.66705754797101
1047,streatham,STREATHAM_S11_P0000_R8,2023,1,292.5,1225.4225,TBD,TBD,1546.92,28.997500000000173
1048,streatham,STREATHAM_S12_P0000_R8,2023,1,296.0,1399.8675999999998,TBD,TBD,1762.2,66.33240000000023
1049,streatham,STREATHAM_S2.3_P2341_R2,2023,1,279.0,1185.3999999999999,TBD,TBD,2520.344,1055.9440000000002
1050,streatham,STREATHAM_S2.3_P2341_R2,2024,2,248.5,1078.3927757246377,TBD,TBD,919.44444438,-407.4483313446376
1051,streatham,STREATHAM_S13_P0000_R9,2023,1,226.5,961.9,TBD,TBD,0.0,-1188.4
1052,streatham,STREATHAM_S8_P2312_R2,2023,1,307.0,1275.4,TBD,TBD,2795.268,1212.868
1053,streatham,STREATHAM_S8_P2312_R2,2024,2,215.5,889.8746394927537,TBD,TBD,933.33333324,-172.04130625275366
1054,streatham,STREATHAM_S1.4_P2121_R3,2023,1,296.0,1442.3675999999998,TBD,TBD,1623.6,-114.7675999999999
1055,streatham,STREATHAM_S1.4_P2121_R3,2024,2,248.5,903.0347554347826,TBD,TBD,2241.58266119,1090.0479057552175
1056,streatham,STREATHAM_S1.2_P1212_R3,2023,1,307.0,1275.4,TBD,TBD,2361.734,779.3339999999998
1057,streatham,STREATHAM_S1.2_P1212_R3,2024,2,240.0,861.0076,TBD,TBD,856.6028225700001,-244.40477742999997
1058,streatham,STREATHAM_S9.1_P2121_R3,2023,1,296.0,1399.8675999999998,TBD,TBD,1657.59,-38.27759999999989
1059,streatham,STREATHAM_S9.1_P2121_R3,2024,2,207.0,654.1,TBD,TBD,1834.02217762,972.9221776200001
1060,streatham,STREATHAM_S6.2_P3123_R3,2023,1,296.0,1399.8675999999998,TBD,TBD,1474.11,-221.7575999999999
1061,streatham,STREATHAM_S6.2_P3123_R3,2024,2,218.0,646.475,TBD,TBD,0.0,-864.475
1062,streatham,STREATHAM_S2.3_P1234_R2,2023,1,270.5,1200.1524999999997,TBD,TBD,1016.28,-454.3724999999997
1063,streatham,STREATHAM_S2.3_P1234_R2,2023,2,281.5,1000.5082771739131,TBD,TBD,1582.923681116,300.91540394208675
1064,streatham,STREATHAM_S6.1_P1231_R1,2023,1,226.5,961.9,TBD,TBD,0.0,-1188.4
1065,streatham,STREATHAM_S6.1_P1231_R1,2024,2,226.5,925.4431177536233,TBD,TBD,1450.286195504,298.3430777503768
1066,streatham,STREATHAM_S8_P1231_R1,2023,1,248.5,994.926,TBD,TBD,0.0,-1243.426
1067,streatham,STREATHAM_S8_P1231_R1,2024,2,215.5,767.276393115942,TBD,TBD,1930.22446694,947.4480738240579
1068,streatham,STREATHAM_S2.3_P2341_R3,2023,1,279.0,1185.3999999999999,TBD,TBD,2390.346,925.9460000000001
1069,streatham,STREATHAM_S2.3_P2341_R3,2024,2,248.5,1078.3927757246377,TBD,TBD,974.88239244,-352.01038328463767
1070,streatham,STREATHAM_S1.3_P1212_R3,2023,1,279.0,1160.3999999999999,TBD,TBD,1109.648,-329.75199999999995
1071,streatham,STREATHAM_S1.3_P1212_R3,2024,2,240.0,831.6825999999999,TBD,TBD,1021.08534957,-50.59725042999992
1072,streatham,STREATHAM_S6.2_P2312_R2,2023,1,307.0,1275.4,TBD,TBD,2568.86,986.46
1073,streatham,STREATHAM_S6.2_P2312_R2,2024,2,215.5,889.1400597826088,TBD,TBD,899.99999991,-204.64005987260873
1074,streatham,STREATHAM_S6.1_P3123_R3,2023,1,296.0,1399.8675999999998,TBD,TBD,1903.11,207.2424000000001
1075,streatham,STREATHAM_S6.1_P3123_R3,2024,2,218.0,646.475,TBD,TBD,0.0,-864.475
1076,streatham,STREATHAM_S9.2_P2121_R3,2023,1,296.0,1399.8675999999998,TBD,TBD,1341.78,-354.08759999999984
1077,streatham,STREATHAM_S9.2_P2121_R3,2024,2,215.5,725.0014067028986,TBD,TBD,0.0,-940.5014067028986
1078,streatham,STREATHAM_S7_P2341_R3,2023,1,226.5,961.9,TBD,TBD,0.0,-1188.4
1079,streatham,STREATHAM_S7_P2341_R3,2024,2,215.5,815.4328278985507,TBD,TBD,1099.019937004,68.08710910544926
1080,streatham,STREATHAM_S2.2_P2341_R3,2023,1,307.0,1275.4,TBD,TBD,2703.834,1121.4339999999997
1081,streatham,STREATHAM_S2.2_P2341_R3,2024,2,259.5,1111.250761231884,TBD,TBD,911.12231199,-459.62844924188414
1082,streatham,STREATHAM_S2.4_P4123_R1,2023,1,296.0,1442.3675999999998,TBD,TBD,1934.46,196.09240000000023
1083,streatham,STREATHAM_S2.4_P4123_R1,2024,2,240.0,836.633,TBD,TBD,1645.45454538,568.8215453799999
1084,streatham,STREATHAM_S1.4_P2121_R2,2023,1,296.0,1442.3675999999998,TBD,TBD,1754.61,16.24240000000009
1085,streatham,STREATHAM_S1.4_P2121_R2,2024,2,248.5,903.0347554347826,TBD,TBD,2089.040404298,937.5056488632173
1086,streatham,STREATHAM_S11_P0000_R7,2023,1,292.5,1225.4225,TBD,TBD,1477.62,-40.30250000000001
1087,streatham,STREATHAM_S1.3_P2121_R2,2023,1,296.0,1414.8675999999998,TBD,TBD,1357.29,-353.57759999999985
1088,streatham,STREATHAM_S1.3_P2121_R2,2024,2,262.0,811.5450000000001,TBD,TBD,1528.821548876,455.2765488759999
1089,streatham,STREATHAM_S9.2_P2121_R1,2023,1,296.0,1399.8675999999998,TBD,TBD,1632.84,-63.02759999999989
1090,streatham,STREATHAM_S9.2_P2121_R1,2024,2,215.5,725.0014067028986,TBD,TBD,1311.2962963725,370.7948896696013
1091,streatham,STREATHAM_S7_P1234_R3,2023,1,226.5,961.9,TBD,TBD,0.0,-1188.4
1092,streatham,STREATHAM_S7_P1234_R3,2024,2,185.0,611.0,TBD,TBD,0.0,-796.0
1093,streatham,STREATHAM_S7_P4123_R1,2023,1,296.0,1399.8675999999998,TBD,TBD,1855.26,159.39240000000018
1094,streatham,STREATHAM_S7_P4123_R1,2024,2,185.0,611.0,TBD,TBD,0.0,-796.0
1095,streatham,STREATHAM_S2.4_P2341_R1,2023,1,307.0,1315.4,TBD,TBD,2797.134,1174.734
1096,streatham,STREATHAM_S2.4_P2341_R1,2024,2,259.5,1141.533833695652,TBD,TBD,1068.51851865,-332.51531504565196
1097,streatham,STREATHAM_S1.4_P2121_R1,2023,1,296.0,1442.3675999999998,TBD,TBD,1811.37,73.00240000000008
1098,streatham,STREATHAM_S1.4_P2121_R1,2024,2,248.5,903.0347554347826,TBD,TBD,0.0,-1151.5347554347827
1099,streatham,STREATHAM_S6.2_P1231_R2,2023,1,226.5,961.9,TBD,TBD,0.0,-1188.4
1100,streatham,STREATHAM_S6.2_P1231_R2,2024,2,226.5,958.3714365942029,TBD,TBD,1171.049382478,-13.822054116202821
1101,streatham,STREATHAM_S4_P1231_R2,2023,1,248.5,994.926,TBD,TBD,0.0,-1243.426
1102,streatham,STREATHAM_S4_P1231_R2,2024,2,215.5,805.4104510869565,TBD,TBD,1809.803591272,788.8931401850434
1103,streatham,STREATHAM_S2.3_P3412_R3,2023,1,296.0,1414.8675999999998,TBD,TBD,1623.6,-87.2675999999999
1104,streatham,STREATHAM_S2.3_P3412_R3,2024,2,259.5,1015.9049786231884,TBD,TBD,1204.04905929,-71.35591933318835
1105,streatham,STREATHAM_S7_P4123_R2,2023,1,296.0,1399.8675999999998,TBD,TBD,1854.6,158.7324000000001
1106,streatham,STREATHAM_S7_P4123_R2,2024,2,185.0,611.0,TBD,TBD,0.0,-796.0
1107,streatham,STREATHAM_S2.4_P2341_R3,2023,1,307.0,1315.4,TBD,TBD,2785.938,1163.538
1108,streatham,STREATHAM_S2.4_P2341_R3,2024,2,259.5,1141.533833695652,TBD,TBD,1022.93346771,-378.10036598565205
1109,streatham,STREATHAM_S2.4_P1234_R1,2023,1,292.5,1266.3500000000001,TBD,TBD,1340.8200000000002,-218.02999999999997
1110,streatham,STREATHAM_S2.4_P1234_R1,2024,2,248.5,916.3794221014492,TBD,TBD,1829.001122428,664.1217003265507
1111,streatham,STREATHAM_S4_P1231_R3,2023,1,248.5,994.926,TBD,TBD,0.0,-1243.426
1112,streatham,STREATHAM_S4_P1231_R3,2024,2,215.5,805.4104510869565,TBD,TBD,1778.28741045,757.3769593630434
1113,streatham,STREATHAM_S12_P0000_R9,2023,1,296.0,1399.8675999999998,TBD,TBD,1739.76,43.89240000000018
1114,streatham,STREATHAM_S2.4_P4123_R2,2023,1,296.0,1442.3675999999998,TBD,TBD,2082.96,344.5924000000002
1115,streatham,STREATHAM_S2.4_P4123_R2,2024,2,240.0,836.633,TBD,TBD,1963.63636344,887.0033634399999
1116,streatham,STREATHAM_S3_P1234_R3,2023,1,292.5,1266.3500000000001,TBD,TBD,1589.7600000000002,30.910000000000082
1117,streatham,STREATHAM_S3_P1234_R3,2024,2,215.5,867.2489583333333,TBD,TBD,1500.6720428699998,417.92308453666647
1118,streatham,STREATHAM_S11_P0000_R5,2023,1,292.5,1225.4225,TBD,TBD,1633.38,115.45750000000021
1119,streatham,STREATHAM_S3_P3412_R1,2023,1,307.0,1275.4,TBD,TBD,2663.404,1081.004
1120,streatham,STREATHAM_S3_P3412_R1,2024,2,215.5,859.9486974637681,TBD,TBD,870.3703704300001,-205.078327033768
1121,streatham,STREATHAM_S9.3_P2121_R1,2023,1,296.0,1399.8675999999998,TBD,TBD,1906.74,210.8724000000002
1122,streatham,STREATHAM_S9.3_P2121_R1,2024,2,215.5,767.4003496376812,TBD,TBD,1317.3916946624,334.4913450247187
1123,streatham,STREATHAM_S6.2_P2312_R1,2023,1,307.0,1275.4,TBD,TBD,2705.078,1122.6779999999999
1124,streatham,STREATHAM_S6.2_P2312_R1,2024,2,215.5,889.1400597826088,TBD,TBD,956.48148156,-148.15857822260875
1125,streatham,STREATHAM_S7_P2341_R1,2023,1,226.5,961.9,TBD,TBD,0.0,-1188.4
1126,streatham,STREATHAM_S7_P2341_R1,2024,2,215.5,815.4328278985507,TBD,TBD,1132.654320788,101.72149288944922
1127,streatham,STREATHAM_S2.1_P4123_R2,2023,1,296.0,1352.3675999999998,TBD,TBD,1489.62,-158.74759999999992
1128,streatham,STREATHAM_S2.1_P4123_R2,2024,2,240.0,836.633,TBD,TBD,1527.27272712,450.63972711999986
1129,streatham,STREATHAM_S1.2_P2121_R1,2023,1,296.0,1399.8675999999998,TBD,TBD,1995.51,299.6424000000002
1130,streatham,STREATHAM_S1.2_P2121_R1,2024,2,240.0,736.39,TBD,TBD,2176.301908252,1199.911908252
1131,streatham,STREATHAM_S5_P1231_R3,2023,1,307.0,1275.4,TBD,TBD,2907.228,1324.828
1132,streatham,STREATHAM_S5_P1231_R3,2024,2,215.5,855.0121467391305,TBD,TBD,1030.32594093,-40.18620580913057
1133,streatham,STREATHAM_S5_P3123_R3,2023,1,285.0,1354.4699999999998,TBD,TBD,1722.1419999999998,82.67200000000003
1134,streatham,STREATHAM_S5_P3123_R3,2024,2,215.5,810.9646539855073,TBD,TBD,1957.683691948,931.2190379624926
1135,streatham,STREATHAM_S12_P0000_R5,2023,1,296.0,1399.8675999999998,TBD,TBD,1554.96,-140.90759999999977
1136,streatham,STREATHAM_S1.2_P2121_R3,2023,1,296.0,1399.8675999999998,TBD,TBD,1707.75,11.882400000000189
1137,streatham,STREATHAM_S1.2_P2121_R3,2024,2,240.0,736.39,TBD,TBD,2137.079972824,1160.689972824
1138,streatham,STREATHAM_S3_P1234_R1,2023,1,292.5,1266.3500000000001,TBD,TBD,1189.0800000000002,-369.77
1139,streatham,STREATHAM_S3_P1234_R1,2024,2,215.5,867.2489583333333,TBD,TBD,968.51851866,-114.23043967333331
1140,streatham,STREATHAM_S1.1_P2121_R1,2023,1,296.0,1352.3675999999998,TBD,TBD,1961.19,312.82240000000024
1141,streatham,STREATHAM_S1.1_P2121_R1,2024,2,248.5,852.0550362318841,TBD,TBD,2000.03366973,899.4786334981159
1142,streatham,STREATHAM_S4_P3123_R2,2023,1,296.0,1399.8675999999998,TBD,TBD,1755.6,59.7324000000001
1143,streatham,STREATHAM_S4_P3123_R2,2024,2,196.0,635.0,TBD,TBD,0.0,-831.0
1144,streatham,STREATHAM_S6.2_P3123_R1,2023,1,296.0,1399.8675999999998,TBD,TBD,1974.72,278.8524000000002
1145,streatham,STREATHAM_S6.2_P3123_R1,2024,2,218.0,646.475,TBD,TBD,0.0,-864.475
1146,streatham,STREATHAM_S11_P0000_R4,2023,1,292.5,1225.4225,TBD,TBD,1616.22,98.29750000000013
1147,streatham,STREATHAM_S2.1_P1234_R1,2023,1,292.5,1266.3500000000001,TBD,TBD,1370.52,-188.33000000000015
1148,streatham,STREATHAM_S2.1_P1234_R1,2024,2,248.5,825.027963768116,TBD,TBD,1926.734006956,853.206043187884
1149,streatham,STREATHAM_S12_P0000_R1,2023,1,296.0,1399.8675999999998,TBD,TBD,1592.5800000000002,-103.28759999999966
1150,streatham,STREATHAM_S12_P0000_R6,2023,1,296.0,1399.8675999999998,TBD,TBD,1605.45,-90.41759999999977
1151,streatham,STREATHAM_S7_P4123_R3,2023,1,296.0,1399.8675999999998,TBD,TBD,1557.27,-138.59759999999983
1152,streatham,STREATHAM_S7_P4123_R3,2024,2,185.0,611.0,TBD,TBD,0.0,-796.0
1153,streatham,STREATHAM_S4_P2312_R1,2023,1,307.0,1275.4,TBD,TBD,2636.658,1054.2579999999998
1154,streatham,STREATHAM_S4_P2312_R1,2024,2,215.5,885.3147844202899,TBD,TBD,503.7037038,-597.1110806202898
1155,streatham,STREATHAM_S4_P1231_R1,2023,1,248.5,994.926,TBD,TBD,0.0,-1243.426
1156,streatham,STREATHAM_S4_P1231_R1,2024,2,215.5,805.4104510869565,TBD,TBD,1612.592592846,591.6821417590434
1157,streatham,STREATHAM_S9.3_P1212_R1,2023,1,276.5,1173.95,TBD,TBD,2991.198,1540.7479999999998
1158,streatham,STREATHAM_S9.3_P1212_R1,2024,2,215.5,909.8117699275363,TBD,TBD,823.1481482400001,-302.1636216875362
1159,streatham,STREATHAM_S2.4_P3412_R1,2023,1,296.0,1442.3675999999998,TBD,TBD,1840.08,101.71240000000012
1160,streatham,STREATHAM_S2.4_P3412_R1,2024,2,259.5,1111.9089351449275,TBD,TBD,707.4074073,-664.0015278449274
1161,streatham,STREATHAM_S2.2_P3412_R1,2023,1,296.0,1399.8675999999998,TBD,TBD,1930.83,234.96240000000012
1162,streatham,STREATHAM_S2.2_P3412_R1,2024,2,259.5,1105.4593119565218,TBD,TBD,1004.62962963,-360.32968232652183
1163,streatham,STREATHAM_S1.1_P1212_R2,2023,1,307.0,1225.4,TBD,TBD,2480.536,948.136
1164,streatham,STREATHAM_S1.1_P1212_R2,2024,2,248.5,1075.0870130434782,TBD,TBD,973.14814806,-350.4388649834782
1165,streatham,STREATHAM_S10_P1212_R2,2023,1,276.5,1123.95,TBD,TBD,2811.44,1410.99
1166,streatham,STREATHAM_S10_P1212_R2,2024,2,193.5,822.5826974637681,TBD,TBD,411.11111118,-604.9715862837681
1167,roseworthy,ROSEWORTHY_S1.2_P2312_R1,2023,1,268.0,592.1894,TBD,TBD,1844.7,984.5106000000001
1168,roseworthy,ROSEWORTHY_S1.2_P2312_R1,2023,2,202.0,289.93600000000004,TBD,TBD,646.08012478,154.14412477999997
1169,roseworthy,ROSEWORTHY_S1.2_P3123_R3,2023,1,268.0,592.1894,TBD,TBD,1564.5,704.3106
1170,roseworthy,ROSEWORTHY_S1.2_P3123_R3,2023,2,193.5,478.53000000000003,TBD,TBD,479.82113296,-192.20886704000003
1171,roseworthy,ROSEWORTHY_S1.1_P2312_R1,2023,1,268.0,592.1894,TBD,TBD,1657.59,797.4005999999999
1172,roseworthy,ROSEWORTHY_S1.1_P2312_R1,2023,2,202.0,299.93600000000004,TBD,TBD,269.9947400746,-231.94125992540006
1173,roseworthy,ROSEWORTHY_S1.1_P3123_R2,2023,1,257.0,592.1894,TBD,TBD,1623.206,774.0165999999999
1174,roseworthy,ROSEWORTHY_S1.1_P3123_R2,2023,2,193.5,478.53,TBD,TBD,296.05980794,-375.97019206
1175,roseworthy,ROSEWORTHY_S4_P2312_R2,2023,1,270.5,816.4513999999999,TBD,TBD,1381.5700000000002,294.61860000000024
1176,roseworthy,ROSEWORTHY_S4_P2312_R2,2023,2,182.5,232.98000000000002,TBD,TBD,412.9893308424,-2.4906691575999957
1177,roseworthy,ROSEWORTHY_S1.1_P2312_R2,2023,1,268.0,592.1894,TBD,TBD,1684.3200000000002,824.1306000000002
1178,roseworthy,ROSEWORTHY_S1.1_P2312_R2,2023,2,202.0,299.93600000000004,TBD,TBD,453.645787102,-48.29021289800005
1179,roseworthy,ROSEWORTHY_S3_P1212_R2,2023,1,248.5,576.9044,TBD,TBD,0.0,-825.4044
1180,roseworthy,ROSEWORTHY_S3_P1212_R2,2023,2,193.5,249.936,TBD,TBD,697.1455355700001,253.7095355700001
1181,roseworthy,ROSEWORTHY_S2_P2121_R1,2023,1,268.0,592.1894,TBD,TBD,1452.632,592.4426000000001
1182,roseworthy,ROSEWORTHY_S2_P2121_R1,2023,2,182.5,478.53000000000003,TBD,TBD,666.0389612499999,5.008961249999913
1183,roseworthy,ROSEWORTHY_S5_P0000_R1,2023,1,274.0,695.1294,TBD,TBD,1263.282,294.1525999999999
1184,roseworthy,ROSEWORTHY_S5_P0000_R1,2023,2,193.5,249.936,TBD,TBD,659.5458771,216.10987709999998
1185,roseworthy,ROSEWORTHY_S3_P1212_R3,2023,1,259.5,576.9044,TBD,TBD,0.0,-836.4044
1186,roseworthy,ROSEWORTHY_S3_P1212_R3,2023,2,182.5,249.936,TBD,TBD,612.02184681,179.58584681000005
1187,roseworthy,ROSEWORTHY_S7_P0000_R2,2023,1,257.0,6808.229399999999,TBD,TBD,1530.1,-5535.1294
1188,roseworthy,ROSEWORTHY_S7_P0000_R2,2023,2,182.5,10348.086,TBD,TBD,397.766676192,-10132.819323807998
1189,roseworthy,ROSEWORTHY_S4_P3123_R1,2023,1,270.5,558.6094,TBD,TBD,1395.464,566.3545999999999
1190,roseworthy,ROSEWORTHY_S4_P3123_R1,2023,2,193.5,267.18,TBD,TBD,718.0601690022,257.38016900220003
1191,roseworthy,ROSEWORTHY_S4_P1231_R1,2023,1,281.5,579.2794,TBD,TBD,1245.4720000000002,384.6926000000002
1192,roseworthy,ROSEWORTHY_S4_P1231_R1,2023,2,171.5,439.23,TBD,TBD,504.36128212,-106.36871788000002
1193,roseworthy,ROSEWORTHY_S1.1_P2312_R3,2023,1,279.0,592.1894,TBD,TBD,1537.47,666.2806
1194,roseworthy,ROSEWORTHY_S1.1_P2312_R3,2023,2,202.0,299.93600000000004,TBD,TBD,184.0602479028,-317.8757520972
1195,roseworthy,ROSEWORTHY_S1.2_P1231_R2,2023,1,270.5,786.8794,TBD,TBD,988.65,-68.72940000000006
1196,roseworthy,ROSEWORTHY_S1.2_P1231_R2,2023,2,202.0,289.93600000000004,TBD,TBD,701.94667785,210.01067784999998
1197,roseworthy,ROSEWORTHY_S8_P0212_R1,2024,1,180.0,231.98,TBD,TBD,174.92661064599997,-237.05338935400002
1198,roseworthy,ROSEWORTHY_S2_P2121_R3,2023,1,279.0,592.1894,TBD,TBD,1078.132,206.94260000000008
1199,roseworthy,ROSEWORTHY_S2_P2121_R3,2023,2,182.5,478.53,TBD,TBD,590.2047162700001,-70.82528372999991
1200,roseworthy,ROSEWORTHY_S1.2_P1231_R1,2023,1,270.5,786.8794,TBD,TBD,1053.65,-3.7293999999999414
1201,roseworthy,ROSEWORTHY_S1.2_P1231_R1,2023,2,191.0,289.93600000000004,TBD,TBD,829.874001,348.938001
1202,roseworthy,ROSEWORTHY_S3_P2121_R1,2023,1,279.0,592.1894,TBD,TBD,1574.184,702.9946
1203,roseworthy,ROSEWORTHY_S3_P2121_R1,2023,2,182.5,298.45500000000004,TBD,TBD,0.0,-480.95500000000004
1204,roseworthy,ROSEWORTHY_S6_P0000_R2,2023,1,279.0,592.1894,TBD,TBD,1750.98,879.7906
1205,roseworthy,ROSEWORTHY_S6_P0000_R2,2023,2,202.0,258.456,TBD,TBD,3.22340779464,-457.23259220536
1206,roseworthy,ROSEWORTHY_S1.1_P3123_R1,2023,1,279.0,592.1894,TBD,TBD,1567.48,696.2906
1207,roseworthy,ROSEWORTHY_S1.1_P3123_R1,2023,2,193.5,478.53,TBD,TBD,697.5038967,25.47389670000007
1208,roseworthy,ROSEWORTHY_S5_P0000_R3,2023,1,285.0,695.1294,TBD,TBD,987.114,6.9846
1209,roseworthy,ROSEWORTHY_S5_P0000_R3,2023,2,193.5,249.936,TBD,TBD,568.020849,124.58484899999999
1210,roseworthy,ROSEWORTHY_S6_P0000_R1,2023,1,257.0,592.1894,TBD,TBD,1949.64,1100.4506000000001
1211,roseworthy,ROSEWORTHY_S6_P0000_R1,2023,2,202.0,258.456,TBD,TBD,5.35813376868,-455.09786623132004
1212,roseworthy,ROSEWORTHY_S1.2_P2312_R2,2023,1,279.0,592.1894,TBD,TBD,1852.29,981.1006
1213,roseworthy,ROSEWORTHY_S1.2_P2312_R2,2023,2,202.0,289.93600000000004,TBD,TBD,402.141379964,-89.79462003600003
1214,roseworthy,ROSEWORTHY_S1.1_P1231_R1,2023,1,270.5,786.8794,TBD,TBD,1288.95,231.5706
1215,roseworthy,ROSEWORTHY_S1.1_P1231_R1,2023,2,191.0,299.93600000000004,TBD,TBD,775.08705879,284.15105879
1216,roseworthy,ROSEWORTHY_S2_P2121_R2,2023,1,268.0,592.1894,TBD,TBD,1550.216,690.0265999999999
1217,roseworthy,ROSEWORTHY_S2_P2121_R2,2023,2,182.5,478.53,TBD,TBD,667.64959495,6.619594950000078
1218,roseworthy,ROSEWORTHY_S4_P2312_R1,2023,1,270.5,816.4513999999999,TBD,TBD,1398.38,311.4286000000002
1219,roseworthy,ROSEWORTHY_S4_P2312_R1,2023,2,182.5,232.98000000000002,TBD,TBD,321.97640761519995,-93.50359238480007
1220,roseworthy,ROSEWORTHY_S1.2_P3123_R2,2023,1,279.0,592.1894,TBD,TBD,1532.018,660.8286
1221,roseworthy,ROSEWORTHY_S1.2_P3123_R2,2023,2,193.5,478.53000000000003,TBD,TBD,648.88009732,-23.149902680000025
1222,roseworthy,ROSEWORTHY_S8_P0121_R3,2024,1,182.5,394.53,TBD,TBD,654.2440268,77.21402680000006
1223,roseworthy,ROSEWORTHY_S8_P0121_R1,2024,1,182.5,394.53,TBD,TBD,532.453507235,-44.57649276500001
1224,roseworthy,ROSEWORTHY_S3_P2121_R2,2023,1,257.0,592.1894,TBD,TBD,1771.492,922.3026
1225,roseworthy,ROSEWORTHY_S3_P2121_R2,2023,2,182.5,298.45500000000004,TBD,TBD,0.0,-480.95500000000004
1226,roseworthy,ROSEWORTHY_S4_P3123_R2,2023,1,259.5,558.6094,TBD,TBD,1436.9699999999998,618.8605999999997
1227,roseworthy,ROSEWORTHY_S4_P3123_R2,2023,2,193.5,267.18,TBD,TBD,677.3766718621999,216.69667186219993
1228,roseworthy,ROSEWORTHY_S4_P1231_R2,2023,1,281.5,579.2794,TBD,TBD,1151.472,290.69259999999997
1229,roseworthy,ROSEWORTHY_S4_P1231_R2,2023,2,171.5,439.23,TBD,TBD,569.1751782485001,-41.55482175149996
1230,roseworthy,ROSEWORTHY_S4_P3123_R3,2023,1,270.5,558.6094,TBD,TBD,1381.474,552.3645999999999
1231,roseworthy,ROSEWORTHY_S4_P3123_R3,2023,2,193.5,267.18,TBD,TBD,478.10048451901,17.420484519010017
1232,roseworthy,ROSEWORTHY_S7_P0000_R1,2023,1,279.0,6808.229399999999,TBD,TBD,1407.264,-5679.965399999999
1233,roseworthy,ROSEWORTHY_S7_P0000_R1,2023,2,182.5,10348.086,TBD,TBD,657.892393906,-9872.693606093999
1234,roseworthy,ROSEWORTHY_S8_P0212_R3,2024,1,180.0,231.98,TBD,TBD,376.0695445032,-35.91045549679998
1235,roseworthy,ROSEWORTHY_S3_P2121_R3,2023,1,268.0,592.1894,TBD,TBD,971.56,111.37059999999997
1236,roseworthy,ROSEWORTHY_S3_P2121_R3,2023,2,182.5,298.45500000000004,TBD,TBD,0.0,-480.95500000000004
1237,roseworthy,ROSEWORTHY_S1.1_P3123_R3,2023,1,279.0,592.1894,TBD,TBD,1405.666,534.4766
1238,roseworthy,ROSEWORTHY_S1.1_P3123_R3,2023,2,182.5,478.53000000000003,TBD,TBD,632.35883672,-28.67116328000003
1239,roseworthy,ROSEWORTHY_S2_P1212_R2,2023,1,281.5,786.8794,TBD,TBD,949.0,-119.37940000000003
1240,roseworthy,ROSEWORTHY_S2_P1212_R2,2023,2,202.0,289.93600000000004,TBD,TBD,536.6214324900001,44.68543249000004
1241,roseworthy,ROSEWORTHY_S2_P1212_R3,2023,1,270.5,786.8794,TBD,TBD,1021.8,-35.57940000000008
1242,roseworthy,ROSEWORTHY_S2_P1212_R3,2023,2,191.0,289.93600000000004,TBD,TBD,627.4542367500001,146.51823675000003
1243,roseworthy,ROSEWORTHY_S8_P0212_R2,2024,1,180.0,231.98,TBD,TBD,218.379587559,-193.600412441
1244,roseworthy,ROSEWORTHY_S5_P0000_R2,2023,1,274.0,695.1294,TBD,TBD,1300.602,331.47260000000006
1245,roseworthy,ROSEWORTHY_S5_P0000_R2,2023,2,193.5,249.936,TBD,TBD,500.09997939,56.66397938999998
1246,roseworthy,ROSEWORTHY_S7_P0000_R3,2023,1,257.0,6808.229399999999,TBD,TBD,1796.316,-5268.9133999999995
1247,roseworthy,ROSEWORTHY_S7_P0000_R3,2023,2,182.5,10348.086,TBD,TBD,185.107488264,-10345.478511735999
1248,roseworthy,ROSEWORTHY_S8_P0121_R2,2024,1,182.5,394.53,TBD,TBD,507.71267989,-69.31732010999997
1249,roseworthy,ROSEWORTHY_S4_P1231_R3,2023,1,281.5,579.2794,TBD,TBD,1240.061,379.2815999999999
1250,roseworthy,ROSEWORTHY_S4_P1231_R3,2023,2,182.5,439.23,TBD,TBD,574.5299537295,-47.200046270500025
1251,roseworthy,ROSEWORTHY_S1.2_P3123_R1,2023,1,268.0,592.1894,TBD,TBD,1510.562,650.3725999999999
1252,roseworthy,ROSEWORTHY_S1.2_P3123_R1,2023,2,182.5,478.53000000000003,TBD,TBD,672.1926783,11.162678299999982
1253,roseworthy,ROSEWORTHY_S3_P1212_R1,2023,1,248.5,576.9044,TBD,TBD,0.0,-825.4044
1254,roseworthy,ROSEWORTHY_S3_P1212_R1,2023,2,182.5,249.936,TBD,TBD,791.0682354300001,358.63223543000004
1255,roseworthy,ROSEWORTHY_S1.1_P1231_R2,2023,1,281.5,786.8794,TBD,TBD,726.7,-341.6794
1256,roseworthy,ROSEWORTHY_S1.1_P1231_R2,2023,2,191.0,299.93600000000004,TBD,TBD,620.47371936,129.53771935999998
1257,roseworthy,ROSEWORTHY_S4_P2312_R3,2023,1,270.5,816.4513999999999,TBD,TBD,1490.72,403.7686000000001
1258,roseworthy,ROSEWORTHY_S4_P2312_R3,2023,2,171.5,232.98000000000002,TBD,TBD,437.6179096296,33.13790962959996
1259,roseworthy,ROSEWORTHY_S6_P0000_R3,2023,1,268.0,592.1894,TBD,TBD,1152.69,292.5006000000001
1260,roseworthy,ROSEWORTHY_S6_P0000_R3,2023,2,191.0,258.456,TBD,TBD,0.765421701898,-448.690578298102
1261,roseworthy,ROSEWORTHY_S1.2_P1231_R3,2023,1,270.5,786.8794,TBD,TBD,961.35,-96.02940000000001
1262,roseworthy,ROSEWORTHY_S1.2_P1231_R3,2023,2,191.0,289.93600000000004,TBD,TBD,500.6283579,19.69235789999999
1263,roseworthy,ROSEWORTHY_S1.1_P1231_R3,2023,1,270.5,786.8794,TBD,TBD,1169.35,111.97059999999988
1264,roseworthy,ROSEWORTHY_S1.1_P1231_R3,2023,2,202.0,299.93600000000004,TBD,TBD,657.11996328,155.18396327999994
1265,roseworthy,ROSEWORTHY_S1.2_P2312_R3,2023,1,279.0,592.1894,TBD,TBD,1238.8200000000002,367.6306000000002
1266,roseworthy,ROSEWORTHY_S1.2_P2312_R3,2023,2,191.0,289.93600000000004,TBD,TBD,150.737358476,-330.19864152400004
1267,roseworthy,ROSEWORTHY_S2_P1212_R1,2023,1,281.5,786.8794,TBD,TBD,1319.5,251.12059999999997
1268,roseworthy,ROSEWORTHY_S2_P1212_R1,2023,2,202.0,289.93600000000004,TBD,TBD,1189.61266281,697.67666281
1269,kinnabulla,KINNABULLA_S7_P1111_R5,2023,1,180.0,292.03999999999996,TBD,TBD,1663.86,1191.82
1270,kinnabulla,KINNABULLA_S8_P3123_R2,2023,1,180.0,292.03999999999996,TBD,TBD,1645.0500000000002,1173.0100000000002
1271,kinnabulla,KINNABULLA_S6_P4123_R2,2023,1,180.0,292.03999999999996,TBD,TBD,1749.66,1277.6200000000001
1272,kinnabulla,KINNABULLA_S14_P0000_R4,2023,1,169.0,450.84259615384616,TBD,TBD,885.106,265.26340384615384
1273,kinnabulla,KINNABULLA_S10_P1231_R2,2023,1,193.5,211.37,TBD,TBD,0.0,-404.87
1274,kinnabulla,KINNABULLA_S1.3_P3123_R1,2023,1,180.0,334.03999999999996,TBD,TBD,1864.17,1350.13
1275,kinnabulla,KINNABULLA_S13_P0000_R2,2023,1,169.0,342.84259615384616,TBD,TBD,1285.052,773.2094038461537
1276,kinnabulla,KINNABULLA_S11_P3123_R3,2023,1,169.0,292.03999999999996,TBD,TBD,1266.21,805.1700000000001
1277,kinnabulla,KINNABULLA_S12_P0000_R2,2023,1,169.0,450.84259615384616,TBD,TBD,1031.276,411.4334038461539
1278,kinnabulla,KINNABULLA_S3_P2312_R3,2023,1,204.5,254.77200000000002,TBD,TBD,850.2,390.928
1279,kinnabulla,KINNABULLA_S3_P3123_R3,2023,1,180.0,292.03999999999996,TBD,TBD,1536.48,1064.44
1280,kinnabulla,KINNABULLA_S3_P1231_R3,2023,1,204.5,254.77200000000002,TBD,TBD,819.0,359.72799999999995
1281,kinnabulla,KINNABULLA_S5_P2121_R3,2023,1,169.0,282.03999999999996,TBD,TBD,1208.092,757.0520000000001
1282,kinnabulla,KINNABULLA_S1.1_P2312_R3,2023,1,180.0,212.54,TBD,TBD,1550.34,1157.8
1283,kinnabulla,KINNABULLA_S6_P3412_R2,2023,1,169.0,292.03999999999996,TBD,TBD,1643.73,1182.69
1284,kinnabulla,KINNABULLA_S6_P3412_R3,2023,1,180.0,292.03999999999996,TBD,TBD,1525.92,1053.88
1285,kinnabulla,KINNABULLA_S14_P0000_R6,2023,1,180.0,450.8425961538461,TBD,TBD,925.536,294.69340384615384
1286,kinnabulla,KINNABULLA_S4_P1234_R3,2023,1,193.5,254.77200000000002,TBD,TBD,895.0500000000001,446.778
1287,kinnabulla,KINNABULLA_S1.1_P2312_R1,2023,1,180.0,212.54,TBD,TBD,1728.21,1335.67
1288,kinnabulla,KINNABULLA_S8_P2312_R2,2023,1,169.0,292.03999999999996,TBD,TBD,1646.37,1185.33
1289,kinnabulla,KINNABULLA_S2.2_P2121_R1,2023,1,169.0,334.04,TBD,TBD,1691.5800000000002,1188.5400000000002
1290,kinnabulla,KINNABULLA_S10_P2312_R1,2023,1,169.0,292.03999999999996,TBD,TBD,1941.72,1480.68
1291,kinnabulla,KINNABULLA_S11_P2312_R1,2023,1,191.0,292.03999999999996,TBD,TBD,1560.5700000000002,1077.5300000000002
1292,kinnabulla,KINNABULLA_S7_P1111_R4,2023,1,169.0,292.03999999999996,TBD,TBD,1725.5700000000002,1264.5300000000002
1293,kinnabulla,KINNABULLA_S10_P3123_R1,2023,1,169.0,292.03999999999996,TBD,TBD,1943.04,1482.0
1294,kinnabulla,KINNABULLA_S1.1_P3123_R3,2023,1,169.0,212.54,TBD,TBD,1528.89,1147.3500000000001
1295,kinnabulla,KINNABULLA_S7_P1111_R3,2023,1,180.0,292.03999999999996,TBD,TBD,1617.66,1145.6200000000001
1296,kinnabulla,KINNABULLA_S9.1_P1231_R1,2023,1,171.5,266.22,TBD,TBD,0.0,-437.72
1297,kinnabulla,KINNABULLA_S6_P1234_R3,2023,1,193.5,254.77200000000002,TBD,TBD,1007.5,559.228
1298,kinnabulla,KINNABULLA_S4_P3412_R1,2023,1,180.0,292.03999999999996,TBD,TBD,1759.5600000000002,1287.5200000000002
1299,kinnabulla,KINNABULLA_S6_P1234_R2,2023,1,193.5,254.77200000000002,TBD,TBD,950.3,502.0279999999999
1300,kinnabulla,KINNABULLA_S6_P2341_R3,2023,1,180.0,292.03999999999996,TBD,TBD,1552.98,1080.94
1301,kinnabulla,KINNABULLA_S1.3_P1231_R3,2023,1,204.5,254.77200000000002,TBD,TBD,728.65,269.37799999999993
1302,kinnabulla,KINNABULLA_S12_P0000_R6,2023,1,169.0,450.8425961538461,TBD,TBD,1007.018,387.1754038461539
1303,kinnabulla,KINNABULLA_S1.2_P2312_R1,2023,1,191.0,292.03999999999996,TBD,TBD,1708.41,1225.3700000000001
1304,kinnabulla,KINNABULLA_S4_P1234_R1,2023,1,204.5,254.77200000000002,TBD,TBD,770.9,311.62799999999993
1305,kinnabulla,KINNABULLA_S1.2_P3123_R1,2023,1,191.0,292.03999999999996,TBD,TBD,1882.65,1399.6100000000001
1306,kinnabulla,KINNABULLA_S8_P2312_R1,2023,1,180.0,292.03999999999996,TBD,TBD,1714.35,1242.31
1307,kinnabulla,KINNABULLA_S13_P0000_R6,2023,1,169.0,342.84259615384616,TBD,TBD,894.436,382.5934038461539
1308,kinnabulla,KINNABULLA_S5_P2121_R2,2023,1,180.0,282.03999999999996,TBD,TBD,1351.4299999999998,889.3899999999999
1309,kinnabulla,KINNABULLA_S14_P0000_R7,2023,1,169.0,450.8425961538461,TBD,TBD,815.442,195.5994038461539
1310,kinnabulla,KINNABULLA_S6_P4123_R1,2023,1,180.0,292.03999999999996,TBD,TBD,1905.75,1433.71
1311,kinnabulla,KINNABULLA_S3_P1231_R2,2023,1,182.5,254.77200000000002,TBD,TBD,876.2,438.928
1312,kinnabulla,KINNABULLA_S8_P3123_R1,2023,1,169.0,292.03999999999996,TBD,TBD,1639.77,1178.73
1313,kinnabulla,KINNABULLA_S9.2_P1231_R2,2023,1,193.5,248.22000000000003,TBD,TBD,0.0,-441.72
1314,kinnabulla,KINNABULLA_S1.3_P3123_R3,2023,1,169.0,334.04,TBD,TBD,1630.2,1127.16
1315,kinnabulla,KINNABULLA_S6_P2341_R1,2023,1,191.0,292.03999999999996,TBD,TBD,1869.45,1386.41
1316,kinnabulla,KINNABULLA_S12_P0000_R5,2023,1,169.0,450.8425961538462,TBD,TBD,867.6899999999999,247.84740384615372
1317,kinnabulla,KINNABULLA_S12_P0000_R9,2023,1,169.0,450.84259615384616,TBD,TBD,778.122,158.2794038461538
1318,kinnabulla,KINNABULLA_S13_P0000_R1,2023,1,169.0,342.84259615384616,TBD,TBD,1330.458,818.6154038461539
1319,kinnabulla,KINNABULLA_S12_P0000_R4,2023,1,169.0,450.84259615384616,TBD,TBD,1038.74,418.89740384615385
1320,kinnabulla,KINNABULLA_S9.1_P1231_R2,2023,1,182.5,266.21999999999997,TBD,TBD,0.0,-448.71999999999997
1321,kinnabulla,KINNABULLA_S12_P0000_R3,2023,1,169.0,450.8425961538461,TBD,TBD,1264.526,644.683403846154
1322,kinnabulla,KINNABULLA_S9.2_P2312_R2,2023,1,171.5,163.54000000000002,TBD,TBD,1689.93,1354.89
1323,kinnabulla,KINNABULLA_S3_P1231_R1,2023,1,204.5,254.77200000000002,TBD,TBD,815.1,355.828
1324,kinnabulla,KINNABULLA_S5_P1212_R1,2023,1,193.5,254.77200000000002,TBD,TBD,812.5,364.22799999999995
1325,kinnabulla,KINNABULLA_S8_P1231_R2,NA,NA,NA,NA,TBD,TBD,NA,NA
1326,kinnabulla,KINNABULLA_S11_P1231_R3,2023,1,171.5,211.37,TBD,TBD,0.0,-382.87
1327,kinnabulla,KINNABULLA_S10_P3123_R2,2023,1,191.0,292.03999999999996,TBD,TBD,1848.0,1364.96
1328,kinnabulla,KINNABULLA_S6_P4123_R3,2023,1,169.0,292.03999999999996,TBD,TBD,1459.59,998.55
1329,kinnabulla,KINNABULLA_S11_P2312_R3,2023,1,180.0,292.03999999999996,TBD,TBD,1499.19,1027.15
1330,kinnabulla,KINNABULLA_S9.1_P2312_R2,2023,1,171.5,163.54,TBD,TBD,1689.93,1354.89
1331,kinnabulla,KINNABULLA_S9.1_P2312_R1,2023,1,171.5,163.54000000000002,TBD,TBD,1815.33,1480.29
1332,kinnabulla,KINNABULLA_S1.3_P1231_R2,2023,1,193.5,254.77200000000002,TBD,TBD,1021.8,573.5279999999999
1333,kinnabulla,KINNABULLA_S8_P1231_R3,NA,NA,NA,NA,TBD,TBD,NA,NA
1334,kinnabulla,KINNABULLA_S14_P0000_R9,2023,1,180.0,450.8425961538461,TBD,TBD,910.608,279.76540384615384
1335,kinnabulla,KINNABULLA_S1.2_P1231_R1,2023,1,204.5,254.77200000000002,TBD,TBD,1075.1,615.8279999999999
1336,kinnabulla,KINNABULLA_S14_P0000_R3,2023,1,169.0,450.8425961538462,TBD,TBD,1301.846,682.0034038461538
1337,kinnabulla,KINNABULLA_S1.2_P2312_R2,2023,1,191.0,292.03999999999996,TBD,TBD,1673.1,1190.06
1338,kinnabulla,KINNABULLA_S9.1_P3123_R1,2023,1,160.5,163.54000000000002,TBD,TBD,1641.75,1317.71
1339,kinnabulla,KINNABULLA_S4_P1234_R2,2023,1,193.5,254.77200000000002,TBD,TBD,940.55,492.2779999999999
1340,kinnabulla,KINNABULLA_S3_P2312_R1,2023,1,193.5,254.77200000000002,TBD,TBD,1084.85,636.5779999999999
1341,kinnabulla,KINNABULLA_S9.2_P1231_R3,2023,1,182.5,248.22000000000003,TBD,TBD,0.0,-430.72
1342,kinnabulla,KINNABULLA_S1.3_P1231_R1,2023,1,204.5,254.77200000000002,TBD,TBD,614.25,154.97799999999998
1343,kinnabulla,KINNABULLA_S13_P0000_R7,2023,1,169.0,342.84259615384616,TBD,TBD,873.288,361.44540384615385
1344,kinnabulla,KINNABULLA_S4_P2341_R1,2023,1,169.0,450.84259615384616,TBD,TBD,1077.926,458.0834038461538
1345,kinnabulla,KINNABULLA_S13_P0000_R9,2023,1,180.0,342.84259615384616,TBD,TBD,911.23,388.38740384615386
1346,kinnabulla,KINNABULLA_S9.2_P3123_R1,2023,1,160.5,163.54000000000002,TBD,TBD,1900.8,1576.76
1347,kinnabulla,KINNABULLA_S1.1_P2312_R2,2023,1,169.0,212.54,TBD,TBD,1539.45,1157.91
1348,kinnabulla,KINNABULLA_S14_P0000_R8,2023,1,169.0,450.8425961538461,TBD,TBD,923.67,303.82740384615386
1349,kinnabulla,KINNABULLA_S2.1_P2121_R1,2023,1,180.0,292.03999999999996,TBD,TBD,1858.23,1386.19
1350,kinnabulla,KINNABULLA_S4_P2341_R3,2023,1,169.0,450.84259615384616,TBD,TBD,1000.798,380.95540384615384
1351,kinnabulla,KINNABULLA_S9.2_P1231_R1,2023,1,182.5,248.22000000000003,TBD,TBD,0.0,-430.72
1352,kinnabulla,KINNABULLA_S1.1_P1231_R1,2023,1,193.5,254.77200000000002,TBD,TBD,766.35,318.078
1353,kinnabulla,KINNABULLA_S2.2_P1212_R2,2023,1,193.5,254.77200000000002,TBD,TBD,1118.65,670.378
1354,kinnabulla,KINNABULLA_S13_P0000_R8,2023,1,169.0,342.84259615384616,TBD,TBD,998.31,486.4674038461538
1355,kinnabulla,KINNABULLA_S10_P2312_R2,2023,1,180.0,292.03999999999996,TBD,TBD,1572.12,1100.08
1356,kinnabulla,KINNABULLA_S4_P4123_R2,2023,1,169.0,292.03999999999996,TBD,TBD,1607.76,1146.72
1357,kinnabulla,KINNABULLA_S11_P3123_R1,2023,1,180.0,292.04,TBD,TBD,2020.92,1548.88
1358,kinnabulla,KINNABULLA_S11_P1231_R1,2023,1,171.5,211.37,TBD,TBD,0.0,-382.87
1359,kinnabulla,KINNABULLA_S2.2_P1212_R3,2023,1,204.5,254.77200000000002,TBD,TBD,785.85,326.578
1360,kinnabulla,KINNABULLA_S1.2_P2312_R3,2023,1,180.0,292.03999999999996,TBD,TBD,1476.09,1004.05
1361,kinnabulla,KINNABULLA_S5_P2121_R1,2023,1,180.0,282.03999999999996,TBD,TBD,1448.28,986.24
1362,kinnabulla,KINNABULLA_S5_P1212_R3,2023,1,182.5,254.77200000000002,TBD,TBD,961.35,524.078
1363,kinnabulla,KINNABULLA_S10_P1231_R3,2023,1,171.5,211.37,TBD,TBD,0.0,-382.87
1364,kinnabulla,KINNABULLA_S14_P0000_R2,2023,1,169.0,450.8425961538461,TBD,TBD,1202.326,582.4834038461539
1365,kinnabulla,KINNABULLA_S1.1_P1231_R3,2023,1,204.5,254.77200000000002,TBD,TBD,919.1,459.828
1366,kinnabulla,KINNABULLA_S13_P0000_R3,2023,1,169.0,342.84259615384616,TBD,TBD,1016.97,505.12740384615387
1367,kinnabulla,KINNABULLA_S2.2_P2121_R2,2023,1,180.0,334.04,TBD,TBD,1674.42,1160.38
1368,kinnabulla,KINNABULLA_S9.1_P3123_R3,2023,1,171.5,163.54000000000002,TBD,TBD,1589.28,1254.24
1369,kinnabulla,KINNABULLA_S8_P2312_R3,2023,1,169.0,292.03999999999996,TBD,TBD,1445.0700000000002,984.0300000000002
1370,kinnabulla,KINNABULLA_S1.1_P1231_R2,2023,1,215.5,254.77200000000002,TBD,TBD,1052.35,582.0779999999999
1371,kinnabulla,KINNABULLA_S11_P1231_R2,2023,1,171.5,211.37,TBD,TBD,0.0,-382.87
1372,kinnabulla,KINNABULLA_S13_P0000_R4,2023,1,180.0,342.84259615384616,TBD,TBD,1087.878,565.0354038461537
1373,kinnabulla,KINNABULLA_S3_P3123_R1,2023,1,180.0,292.03999999999996,TBD,TBD,1618.3200000000002,1146.2800000000002
1374,kinnabulla,KINNABULLA_S9.1_P3123_R2,2023,1,171.5,163.54000000000002,TBD,TBD,1677.72,1342.68
1375,kinnabulla,KINNABULLA_S5_P1212_R2,2023,1,193.5,254.77200000000002,TBD,TBD,882.7,434.428
1376,kinnabulla,KINNABULLA_S2.1_P1212_R3,2023,1,193.5,254.77200000000002,TBD,TBD,804.0500000000001,355.778
1377,kinnabulla,KINNABULLA_S4_P3412_R3,2023,1,180.0,292.03999999999996,TBD,TBD,1574.76,1102.72
1378,kinnabulla,KINNABULLA_S14_P0000_R1,2023,1,169.0,450.84259615384616,TBD,TBD,1308.688,688.8454038461539
1379,kinnabulla,KINNABULLA_S10_P1231_R1,2023,1,182.5,211.37,TBD,TBD,0.0,-393.87
1380,kinnabulla,KINNABULLA_S2.2_P2121_R3,2023,1,180.0,334.03999999999996,TBD,TBD,1501.8300000000002,987.7900000000002
1381,kinnabulla,KINNABULLA_S1.2_P3123_R3,2023,1,180.0,292.03999999999996,TBD,TBD,1439.79,967.75
1382,kinnabulla,KINNABULLA_S4_P4123_R1,2023,1,169.0,292.03999999999996,TBD,TBD,1617.99,1156.95
1383,kinnabulla,KINNABULLA_S1.3_P2312_R3,2023,1,169.0,334.04,TBD,TBD,1438.14,935.1000000000001
1384,kinnabulla,KINNABULLA_S4_P3412_R2,2023,1,191.0,292.03999999999996,TBD,TBD,1649.67,1166.63
1385,kinnabulla,KINNABULLA_S10_P2312_R3,2023,1,180.0,292.03999999999996,TBD,TBD,1527.24,1055.2
1386,kinnabulla,KINNABULLA_S1.1_P3123_R2,2023,1,180.0,212.54000000000002,TBD,TBD,1528.89,1136.3500000000001
1387,kinnabulla,KINNABULLA_S9.2_P2312_R3,2023,1,171.5,163.54000000000002,TBD,TBD,1679.0400000000002,1344.0000000000002
1388,kinnabulla,KINNABULLA_S8_P1231_R1,NA,NA,NA,NA,TBD,TBD,NA,NA
1389,kinnabulla,KINNABULLA_S1.3_P3123_R2,2023,1,180.0,334.03999999999996,TBD,TBD,1702.47,1188.43
1390,kinnabulla,KINNABULLA_S12_P0000_R7,2023,1,169.0,450.84259615384616,TBD,TBD,919.938,300.09540384615383
1391,kinnabulla,KINNABULLA_S2.1_P2121_R2,2023,1,169.0,292.03999999999996,TBD,TBD,1771.11,1310.07
1392,kinnabulla,KINNABULLA_S2.1_P1212_R1,2023,1,204.5,254.77200000000002,TBD,TBD,848.9,389.62799999999993
1393,kinnabulla,KINNABULLA_S6_P3412_R1,2023,1,180.0,292.03999999999996,TBD,TBD,1562.5500000000002,1090.5100000000002
1394,kinnabulla,KINNABULLA_S1.1_P3123_R1,2023,1,191.0,212.54000000000002,TBD,TBD,1707.09,1303.55
1395,kinnabulla,KINNABULLA_S1.3_P2312_R1,2023,1,191.0,334.03999999999996,TBD,TBD,1642.74,1117.7
1396,kinnabulla,KINNABULLA_S14_P0000_R5,2023,1,169.0,450.84259615384616,TBD,TBD,1007.018,387.17540384615387
1397,kinnabulla,KINNABULLA_S6_P2341_R2,2023,1,180.0,292.03999999999996,TBD,TBD,1625.5800000000002,1153.5400000000002
1398,kinnabulla,KINNABULLA_S11_P3123_R2,2023,1,169.0,292.03999999999996,TBD,TBD,1587.63,1126.5900000000001
1399,kinnabulla,KINNABULLA_S11_P2312_R2,2023,1,180.0,292.04,TBD,TBD,1792.89,1320.8500000000001
1400,kinnabulla,KINNABULLA_S3_P2312_R2,2023,1,193.5,254.77200000000002,TBD,TBD,934.7,486.428
1401,kinnabulla,KINNABULLA_S1.3_P2312_R2,2023,1,180.0,334.04,TBD,TBD,1719.3000000000002,1205.2600000000002
1402,kinnabulla,KINNABULLA_S8_P3123_R3,2023,1,169.0,292.03999999999996,TBD,TBD,1666.8300000000002,1205.7900000000002
1403,kinnabulla,KINNABULLA_S1.2_P3123_R2,2023,1,180.0,292.03999999999996,TBD,TBD,1655.94,1183.9
1404,kinnabulla,KINNABULLA_S12_P0000_R8,2023,1,169.0,450.84259615384616,TBD,TBD,975.918,356.07540384615385
1405,kinnabulla,KINNABULLA_S3_P3123_R2,2023,1,191.0,292.03999999999996,TBD,TBD,1534.8300000000002,1051.7900000000002
1406,kinnabulla,KINNABULLA_S1.2_P1231_R2,2023,1,193.5,254.77200000000002,TBD,TBD,1142.7,694.428
1407,kinnabulla,KINNABULLA_S2.1_P1212_R2,2023,1,215.5,254.77200000000002,TBD,TBD,900.9,430.62799999999993
1408,kinnabulla,KINNABULLA_S1.2_P1231_R3,2023,1,182.5,254.77200000000002,TBD,TBD,1001.0,563.728
1409,kinnabulla,KINNABULLA_S2.1_P2121_R3,2023,1,169.0,292.03999999999996,TBD,TBD,1536.48,1075.44
1410,kinnabulla,KINNABULLA_S9.2_P3123_R2,2023,1,171.5,163.54000000000002,TBD,TBD,1648.35,1313.31
1411,kinnabulla,KINNABULLA_S10_P3123_R3,2023,1,180.0,292.03999999999996,TBD,TBD,1634.49,1162.45
1412,kinnabulla,KINNABULLA_S9.2_P3123_R3,2023,1,182.5,163.54000000000002,TBD,TBD,1585.65,1239.6100000000001
1413,kinnabulla,KINNABULLA_S9.2_P2312_R1,2023,1,182.5,163.54000000000002,TBD,TBD,1782.99,1436.95
1414,kinnabulla,KINNABULLA_S13_P0000_R5,2023,1,169.0,342.84259615384616,TBD,TBD,949.172,437.32940384615387
1415,kinnabulla,KINNABULLA_S6_P1234_R1,2023,1,193.5,254.77200000000002,TBD,TBD,760.5,312.22799999999995
1416,kinnabulla,KINNABULLA_S4_P4123_R3,2023,1,169.0,292.03999999999996,TBD,TBD,1404.15,943.1100000000001
1417,kinnabulla,KINNABULLA_S9.1_P1231_R3,2023,1,171.5,266.22,TBD,TBD,0.0,-437.72
1418,kinnabulla,KINNABULLA_S2.2_P1212_R1,2023,1,204.5,254.77200000000002,TBD,TBD,723.45,264.178
1419,kinnabulla,KINNABULLA_S4_P2341_R2,2023,1,169.0,450.8425961538462,TBD,TBD,974.674,354.83140384615376
1420,kinnabulla,KINNABULLA_S7_P1111_R2,2023,1,180.0,292.03999999999996,TBD,TBD,1886.28,1414.24
1421,kinnabulla,KINNABULLA_S7_P1111_R1,2023,1,180.0,292.03999999999996,TBD,TBD,1764.18,1292.14
1422,kinnabulla,KINNABULLA_S12_P0000_R1,2023,1,169.0,450.84259615384616,TBD,TBD,1065.486,445.64340384615394
1423,kinnabulla,KINNABULLA_S7_P1111_R6,2023,1,169.0,292.03999999999996,TBD,TBD,1650.0,1188.96
1424,kinnabulla,KINNABULLA_S9.1_P2312_R3,2023,1,171.5,163.54,TBD,TBD,1602.48,1267.44
