,plotID,year,month,day,crop1Name,crop2Name,crop3Name,crop1Variety,crop2Variety,crop3Variety,seedTreatment1Bool,seedTreatment2Bool,seedTreatment3Bool,sowingReason,crop1SowingDensity,crop2SowingDensity,crop3SowingDensity,crop1SowingDepth,crop2SowingDepth,crop3SowingDepth,sowingTimelinessDescription,comments,site,activity_type,date,costs_activity_dollars,costs_product_applied_dollars,revenue_crops_dollars,harvestOutcome,harvestReason,crop1Yield,crop2Yield,crop3Yield,terminationState,name,unitsAppliedKgOrLitres,appliedAmount,targetPest
0,APPILA_S1_P1231_R1,2023,5,31,,,,,,,,,,,,,,,,,,Insecticide,appila,pesticide,2023-05-31,11.0,11.6,0.0,,,,,,,Pyrenix Super,L,1.0,insects
1,APPILA_S1_P1231_R1,2023,5,31,,,,,,,,,,,,,,,,,,Knockdown,appila,herbicide,2023-05-31,11.0,0.6,0.0,,,,,,,Hammer,L,0.03,
2,APPILA_S1_P1231_R1,2023,5,31,,,,,,,,,,,,,,,,,,Knockdown,appila,herbicide,2023-05-31,11.0,9.0,0.0,,,,,,,Glyphosate,L,2.0,
3,APPILA_S1_P1231_R1,2023,5,31,,,,,,,,,,,,,,,,,,Pre-em,appila,herbicide,2023-05-31,11.0,15.0,0.0,,,,,,,Diuron,kg,1.0,
4,APPILA_S1_P1231_R1,2023,5,31,,,,,,,,,,,,,,,,,,Pre-em,appila,herbicide,2023-05-31,11.0,21.8,0.0,,,,,,,Propyzamide,L,1.0,
5,APPILA_S1_P1231_R1,2023,5,31,,,,,,,,,,,,,,,,,,at sowing,appila,fertiliser,2023-05-31,8.5,59.8,0.0,,,,,,,MAP,kg,104.0,
6,APPILA_S1_P1231_R1,2023,5,31,,,,,,,,,,,,,,,,,,at sowing with MAP fertiliser,appila,fungicide,2023-05-31,11.0,7.800000000000001,0.0,,,,,,, Flutriafol,L,0.2,
7,APPILA_S1_P1231_R1,2023,5,31,Vetch ,,,Volga,,,False,,,sale,20.0,,,25.0,,,On-time,,appila,sowing,2023-05-31,50.0,0.0,0.0,,,,,,,,,,
8,APPILA_S1_P1231_R1,2023,11,11,Vetch ,,,,,,,,,,,,,,,,,,appila,termination,2023-11-11,80.0,0.0,0.0,success,mulch,0.0,,,stubble,,,,
9,APPILA_S1_P1231_R2,2023,5,31,,,,,,,,,,,,,,,,,,Insecticide,appila,pesticide,2023-05-31,11.0,11.6,0.0,,,,,,,Pyrenix Super,L,1.0,insects
10,APPILA_S1_P1231_R2,2023,5,31,,,,,,,,,,,,,,,,,,Knockdown,appila,herbicide,2023-05-31,11.0,0.6,0.0,,,,,,,Hammer,L,0.03,
11,APPILA_S1_P1231_R2,2023,5,31,,,,,,,,,,,,,,,,,,Knockdown,appila,herbicide,2023-05-31,11.0,9.0,0.0,,,,,,,Glyphosate,L,2.0,
12,APPILA_S1_P1231_R2,2023,5,31,,,,,,,,,,,,,,,,,,Pre-em,appila,herbicide,2023-05-31,11.0,15.0,0.0,,,,,,,Diuron,kg,1.0,
13,APPILA_S1_P1231_R2,2023,5,31,,,,,,,,,,,,,,,,,,Pre-em,appila,herbicide,2023-05-31,11.0,21.8,0.0,,,,,,,Propyzamide,L,1.0,
14,APPILA_S1_P1231_R2,2023,5,31,,,,,,,,,,,,,,,,,,at sowing,appila,fertiliser,2023-05-31,8.5,59.8,0.0,,,,,,,MAP,kg,104.0,
15,APPILA_S1_P1231_R2,2023,5,31,,,,,,,,,,,,,,,,,,at sowing with MAP fertiliser,appila,fungicide,2023-05-31,11.0,7.800000000000001,0.0,,,,,,, Flutriafol,L,0.2,
16,APPILA_S1_P1231_R2,2023,5,31,Vetch ,,,Volga,,,False,,,sale,20.0,,,25.0,,,On-time,,appila,sowing,2023-05-31,50.0,0.0,0.0,,,,,,,,,,
17,APPILA_S1_P1231_R2,2023,11,11,Vetch ,,,,,,,,,,,,,,,,,,appila,termination,2023-11-11,80.0,0.0,0.0,success,mulch,0.0,,,stubble,,,,
18,APPILA_S1_P1231_R3,2023,5,31,,,,,,,,,,,,,,,,,,Insecticide,appila,pesticide,2023-05-31,11.0,11.6,0.0,,,,,,,Pyrenix Super,L,1.0,insects
19,APPILA_S1_P1231_R3,2023,5,31,,,,,,,,,,,,,,,,,,Knockdown,appila,herbicide,2023-05-31,11.0,0.6,0.0,,,,,,,Hammer,L,0.03,
20,APPILA_S1_P1231_R3,2023,5,31,,,,,,,,,,,,,,,,,,Knockdown,appila,herbicide,2023-05-31,11.0,9.0,0.0,,,,,,,Glyphosate,L,2.0,
21,APPILA_S1_P1231_R3,2023,5,31,,,,,,,,,,,,,,,,,,Pre-em,appila,herbicide,2023-05-31,11.0,15.0,0.0,,,,,,,Diuron,kg,1.0,
22,APPILA_S1_P1231_R3,2023,5,31,,,,,,,,,,,,,,,,,,Pre-em,appila,herbicide,2023-05-31,11.0,21.8,0.0,,,,,,,Propyzamide,L,1.0,
23,APPILA_S1_P1231_R3,2023,5,31,,,,,,,,,,,,,,,,,,at sowing,appila,fertiliser,2023-05-31,8.5,59.8,0.0,,,,,,,MAP,kg,104.0,
24,APPILA_S1_P1231_R3,2023,5,31,,,,,,,,,,,,,,,,,,at sowing with MAP fertiliser,appila,fungicide,2023-05-31,11.0,7.800000000000001,0.0,,,,,,, Flutriafol,L,0.2,
25,APPILA_S1_P1231_R3,2023,5,31,Vetch ,,,Volga,,,False,,,sale,20.0,,,25.0,,,On-time,,appila,sowing,2023-05-31,50.0,0.0,0.0,,,,,,,,,,
26,APPILA_S1_P1231_R3,2023,11,11,Vetch ,,,,,,,,,,,,,,,,,,appila,termination,2023-11-11,80.0,0.0,0.0,success,mulch,0.0,,,stubble,,,,
27,APPILA_S1_P2312_R1,2023,5,31,,,,,,,,,,,,,,,,,,Insecticide,appila,pesticide,2023-05-31,11.0,11.6,0.0,,,,,,,Pyrenix Super,L,1.0,insects
28,APPILA_S1_P2312_R1,2023,5,31,,,,,,,,,,,,,,,,,,Knockdown,appila,herbicide,2023-05-31,11.0,0.6,0.0,,,,,,,Hammer,L,0.03,
29,APPILA_S1_P2312_R1,2023,5,31,,,,,,,,,,,,,,,,,,Knockdown,appila,herbicide,2023-05-31,11.0,9.0,0.0,,,,,,,Glyphosate,L,2.0,
30,APPILA_S1_P2312_R1,2023,5,31,,,,,,,,,,,,,,,,,,Pre-em,appila,herbicide,2023-05-31,11.0,6.4,0.0,,,,,,,Trifluralin,L,0.8,
31,APPILA_S1_P2312_R1,2023,5,31,,,,,,,,,,,,,,,,,,Pre-em,appila,herbicide,2023-05-31,11.0,18.400000000000002,0.0,,,,,,,Tri-allate,L,1.6,
32,APPILA_S1_P2312_R1,2023,5,31,,,,,,,,,,,,,,,,,,Pre-em,appila,herbicide,2023-05-31,11.0,31.299999999999997,0.0,,,,,,,Boxer Gold,L,2.5,
33,APPILA_S1_P2312_R1,2023,5,31,,,,,,,,,,,,,,,,,,at sowing,appila,fertiliser,2023-05-31,8.5,59.8,0.0,,,,,,,MAP,kg,104.0,
34,APPILA_S1_P2312_R1,2023,5,31,,,,,,,,,,,,,,,,,,at sowing with MAP fertiliser,appila,fungicide,2023-05-31,11.0,7.800000000000001,0.0,,,,,,, Flutriafol,L,0.2,
35,APPILA_S1_P2312_R1,2023,5,31,Wheat,,,Scepter,,,True,,,sale,100.0,,,25.0,,,On-time,,appila,sowing,2023-05-31,50.0,0.0,0.0,,,,,,,,,,
36,APPILA_S1_P2312_R1,2023,8,17,,,,,,,,,,,,,,,,,,top dressing,appila,fertiliser,2023-08-17,8.5,25.0,0.0,,,,,,,Urea,kg,50.0,
37,APPILA_S1_P2312_R1,2023,11,11,Wheat,,,,,,,,,,,,,,,,,,appila,termination,2023-11-11,80.0,0.0,151.8,success,sale,460.0,,,stubble,,,,
38,APPILA_S1_P2312_R2,2023,5,31,,,,,,,,,,,,,,,,,,Insecticide,appila,pesticide,2023-05-31,11.0,11.6,0.0,,,,,,,Pyrenix Super,L,1.0,insects
39,APPILA_S1_P2312_R2,2023,5,31,,,,,,,,,,,,,,,,,,Knockdown,appila,herbicide,2023-05-31,11.0,0.6,0.0,,,,,,,Hammer,L,0.03,
40,APPILA_S1_P2312_R2,2023,5,31,,,,,,,,,,,,,,,,,,Knockdown,appila,herbicide,2023-05-31,11.0,9.0,0.0,,,,,,,Glyphosate,L,2.0,
41,APPILA_S1_P2312_R2,2023,5,31,,,,,,,,,,,,,,,,,,Pre-em,appila,herbicide,2023-05-31,11.0,6.4,0.0,,,,,,,Trifluralin,L,0.8,
42,APPILA_S1_P2312_R2,2023,5,31,,,,,,,,,,,,,,,,,,Pre-em,appila,herbicide,2023-05-31,11.0,18.400000000000002,0.0,,,,,,,Tri-allate,L,1.6,
43,APPILA_S1_P2312_R2,2023,5,31,,,,,,,,,,,,,,,,,,Pre-em,appila,herbicide,2023-05-31,11.0,31.299999999999997,0.0,,,,,,,Boxer Gold,L,2.5,
44,APPILA_S1_P2312_R2,2023,5,31,,,,,,,,,,,,,,,,,,at sowing,appila,fertiliser,2023-05-31,8.5,59.8,0.0,,,,,,,MAP,kg,104.0,
45,APPILA_S1_P2312_R2,2023,5,31,,,,,,,,,,,,,,,,,,at sowing with MAP fertiliser,appila,fungicide,2023-05-31,11.0,7.800000000000001,0.0,,,,,,, Flutriafol,L,0.2,
46,APPILA_S1_P2312_R2,2023,5,31,Wheat,,,Scepter,,,True,,,sale,100.0,,,25.0,,,On-time,,appila,sowing,2023-05-31,50.0,0.0,0.0,,,,,,,,,,
47,APPILA_S1_P2312_R2,2023,8,17,,,,,,,,,,,,,,,,,,top dressing,appila,fertiliser,2023-08-17,8.5,25.0,0.0,,,,,,,Urea,kg,50.0,
48,APPILA_S1_P2312_R2,2023,11,11,Wheat,,,,,,,,,,,,,,,,,,appila,termination,2023-11-11,80.0,0.0,181.5,success,sale,550.0,,,stubble,,,,
49,APPILA_S1_P2312_R3,2023,5,31,,,,,,,,,,,,,,,,,,Insecticide,appila,pesticide,2023-05-31,11.0,11.6,0.0,,,,,,,Pyrenix Super,L,1.0,insects
50,APPILA_S1_P2312_R3,2023,5,31,,,,,,,,,,,,,,,,,,Knockdown,appila,herbicide,2023-05-31,11.0,0.6,0.0,,,,,,,Hammer,L,0.03,
51,APPILA_S1_P2312_R3,2023,5,31,,,,,,,,,,,,,,,,,,Knockdown,appila,herbicide,2023-05-31,11.0,9.0,0.0,,,,,,,Glyphosate,L,2.0,
52,APPILA_S1_P2312_R3,2023,5,31,,,,,,,,,,,,,,,,,,Pre-em,appila,herbicide,2023-05-31,11.0,6.4,0.0,,,,,,,Trifluralin,L,0.8,
53,APPILA_S1_P2312_R3,2023,5,31,,,,,,,,,,,,,,,,,,Pre-em,appila,herbicide,2023-05-31,11.0,18.400000000000002,0.0,,,,,,,Tri-allate,L,1.6,
54,APPILA_S1_P2312_R3,2023,5,31,,,,,,,,,,,,,,,,,,Pre-em,appila,herbicide,2023-05-31,11.0,31.299999999999997,0.0,,,,,,,Boxer Gold,L,2.5,
55,APPILA_S1_P2312_R3,2023,5,31,,,,,,,,,,,,,,,,,,at sowing,appila,fertiliser,2023-05-31,8.5,59.8,0.0,,,,,,,MAP,kg,104.0,
56,APPILA_S1_P2312_R3,2023,5,31,,,,,,,,,,,,,,,,,,at sowing with MAP fertiliser,appila,fungicide,2023-05-31,11.0,7.800000000000001,0.0,,,,,,, Flutriafol,L,0.2,
57,APPILA_S1_P2312_R3,2023,5,31,Wheat,,,Scepter,,,True,,,sale,100.0,,,25.0,,,On-time,,appila,sowing,2023-05-31,50.0,0.0,0.0,,,,,,,,,,
58,APPILA_S1_P2312_R3,2023,8,17,,,,,,,,,,,,,,,,,,top dressing,appila,fertiliser,2023-08-17,8.5,25.0,0.0,,,,,,,Urea,kg,50.0,
59,APPILA_S1_P2312_R3,2023,11,11,Wheat,,,,,,,,,,,,,,,,,,appila,termination,2023-11-11,80.0,0.0,224.4,success,sale,680.0,,,stubble,,,,
60,APPILA_S1_P3123_R1,2023,5,31,,,,,,,,,,,,,,,,,,Insecticide,appila,pesticide,2023-05-31,11.0,11.6,0.0,,,,,,,Pyrenix Super,L,1.0,insects
61,APPILA_S1_P3123_R1,2023,5,31,,,,,,,,,,,,,,,,,,Knockdown,appila,herbicide,2023-05-31,11.0,0.6,0.0,,,,,,,Hammer,L,0.03,
62,APPILA_S1_P3123_R1,2023,5,31,,,,,,,,,,,,,,,,,,Knockdown,appila,herbicide,2023-05-31,11.0,9.0,0.0,,,,,,,Glyphosate,L,2.0,
63,APPILA_S1_P3123_R1,2023,5,31,,,,,,,,,,,,,,,,,,Pre-em,appila,herbicide,2023-05-31,11.0,6.4,0.0,,,,,,,Trifluralin,L,0.8,
64,APPILA_S1_P3123_R1,2023,5,31,,,,,,,,,,,,,,,,,,Pre-em,appila,herbicide,2023-05-31,11.0,18.400000000000002,0.0,,,,,,,Tri-allate,L,1.6,
65,APPILA_S1_P3123_R1,2023,5,31,,,,,,,,,,,,,,,,,,Pre-em,appila,herbicide,2023-05-31,11.0,31.299999999999997,0.0,,,,,,,Boxer Gold,L,2.5,
66,APPILA_S1_P3123_R1,2023,5,31,,,,,,,,,,,,,,,,,,at sowing,appila,fertiliser,2023-05-31,8.5,59.8,0.0,,,,,,,MAP,kg,104.0,
67,APPILA_S1_P3123_R1,2023,5,31,,,,,,,,,,,,,,,,,,at sowing with MAP fertiliser,appila,fungicide,2023-05-31,11.0,7.800000000000001,0.0,,,,,,, Flutriafol,L,0.2,
68,APPILA_S1_P3123_R1,2023,5,31,Barley,,,Commodus,,,True,,,sale,80.0,,,25.0,,,On-time,,appila,sowing,2023-05-31,50.0,0.0,0.0,,,,,,,,,,
69,APPILA_S1_P3123_R1,2023,8,17,,,,,,,,,,,,,,,,,,top dressing,appila,fertiliser,2023-08-17,8.5,25.0,0.0,,,,,,,Urea,kg,50.0,
70,APPILA_S1_P3123_R1,2023,11,11,Barley,,,,,,,,,,,,,,,,,,appila,termination,2023-11-11,80.0,0.0,77.47999999999999,success,sale,260.0,,,stubble,,,,
71,APPILA_S1_P3123_R2,2023,5,31,,,,,,,,,,,,,,,,,,Insecticide,appila,pesticide,2023-05-31,11.0,11.6,0.0,,,,,,,Pyrenix Super,L,1.0,insects
72,APPILA_S1_P3123_R2,2023,5,31,,,,,,,,,,,,,,,,,,Knockdown,appila,herbicide,2023-05-31,11.0,0.6,0.0,,,,,,,Hammer,L,0.03,
73,APPILA_S1_P3123_R2,2023,5,31,,,,,,,,,,,,,,,,,,Knockdown,appila,herbicide,2023-05-31,11.0,9.0,0.0,,,,,,,Glyphosate,L,2.0,
74,APPILA_S1_P3123_R2,2023,5,31,,,,,,,,,,,,,,,,,,Pre-em,appila,herbicide,2023-05-31,11.0,6.4,0.0,,,,,,,Trifluralin,L,0.8,
75,APPILA_S1_P3123_R2,2023,5,31,,,,,,,,,,,,,,,,,,Pre-em,appila,herbicide,2023-05-31,11.0,18.400000000000002,0.0,,,,,,,Tri-allate,L,1.6,
76,APPILA_S1_P3123_R2,2023,5,31,,,,,,,,,,,,,,,,,,Pre-em,appila,herbicide,2023-05-31,11.0,31.299999999999997,0.0,,,,,,,Boxer Gold,L,2.5,
77,APPILA_S1_P3123_R2,2023,5,31,,,,,,,,,,,,,,,,,,at sowing,appila,fertiliser,2023-05-31,8.5,59.8,0.0,,,,,,,MAP,kg,104.0,
78,APPILA_S1_P3123_R2,2023,5,31,,,,,,,,,,,,,,,,,,at sowing with MAP fertiliser,appila,fungicide,2023-05-31,11.0,7.800000000000001,0.0,,,,,,, Flutriafol,L,0.2,
79,APPILA_S1_P3123_R2,2023,5,31,Barley,,,Commodus,,,True,,,sale,80.0,,,25.0,,,On-time,,appila,sowing,2023-05-31,50.0,0.0,0.0,,,,,,,,,,
80,APPILA_S1_P3123_R2,2023,8,17,,,,,,,,,,,,,,,,,,top dressing,appila,fertiliser,2023-08-17,8.5,25.0,0.0,,,,,,,Urea,kg,50.0,
81,APPILA_S1_P3123_R2,2023,11,11,Barley,,,,,,,,,,,,,,,,,,appila,termination,2023-11-11,80.0,0.0,65.56,success,sale,220.0,,,stubble,,,,
82,APPILA_S1_P3123_R3,2023,5,31,,,,,,,,,,,,,,,,,,Insecticide,appila,pesticide,2023-05-31,11.0,11.6,0.0,,,,,,,Pyrenix Super,L,1.0,insects
83,APPILA_S1_P3123_R3,2023,5,31,,,,,,,,,,,,,,,,,,Knockdown,appila,herbicide,2023-05-31,11.0,0.6,0.0,,,,,,,Hammer,L,0.03,
84,APPILA_S1_P3123_R3,2023,5,31,,,,,,,,,,,,,,,,,,Knockdown,appila,herbicide,2023-05-31,11.0,9.0,0.0,,,,,,,Glyphosate,L,2.0,
85,APPILA_S1_P3123_R3,2023,5,31,,,,,,,,,,,,,,,,,,Pre-em,appila,herbicide,2023-05-31,11.0,6.4,0.0,,,,,,,Trifluralin,L,0.8,
86,APPILA_S1_P3123_R3,2023,5,31,,,,,,,,,,,,,,,,,,Pre-em,appila,herbicide,2023-05-31,11.0,18.400000000000002,0.0,,,,,,,Tri-allate,L,1.6,
87,APPILA_S1_P3123_R3,2023,5,31,,,,,,,,,,,,,,,,,,Pre-em,appila,herbicide,2023-05-31,11.0,31.299999999999997,0.0,,,,,,,Boxer Gold,L,2.5,
88,APPILA_S1_P3123_R3,2023,5,31,,,,,,,,,,,,,,,,,,at sowing,appila,fertiliser,2023-05-31,8.5,59.8,0.0,,,,,,,MAP,kg,104.0,
89,APPILA_S1_P3123_R3,2023,5,31,,,,,,,,,,,,,,,,,,at sowing with MAP fertiliser,appila,fungicide,2023-05-31,11.0,7.800000000000001,0.0,,,,,,, Flutriafol,L,0.2,
90,APPILA_S1_P3123_R3,2023,5,31,Barley,,,Commodus,,,True,,,sale,80.0,,,25.0,,,On-time,,appila,sowing,2023-05-31,50.0,0.0,0.0,,,,,,,,,,
91,APPILA_S1_P3123_R3,2023,8,17,,,,,,,,,,,,,,,,,,top dressing,appila,fertiliser,2023-08-17,8.5,25.0,0.0,,,,,,,Urea,kg,50.0,
92,APPILA_S1_P3123_R3,2023,11,11,Barley,,,,,,,,,,,,,,,,,,appila,termination,2023-11-11,80.0,0.0,131.12,success,sale,440.0,,,stubble,,,,
93,APPILA_S2_P1212_R1,2023,5,31,,,,,,,,,,,,,,,,,,Insecticide,appila,pesticide,2023-05-31,11.0,11.6,0.0,,,,,,,Pyrenix Super,L,1.0,insects
94,APPILA_S2_P1212_R1,2023,5,31,,,,,,,,,,,,,,,,,,Knockdown,appila,herbicide,2023-05-31,11.0,0.6,0.0,,,,,,,Hammer,L,0.03,
95,APPILA_S2_P1212_R1,2023,5,31,,,,,,,,,,,,,,,,,,Knockdown,appila,herbicide,2023-05-31,11.0,9.0,0.0,,,,,,,Glyphosate,L,2.0,
96,APPILA_S2_P1212_R1,2023,5,31,,,,,,,,,,,,,,,,,,Pre-em,appila,herbicide,2023-05-31,11.0,15.0,0.0,,,,,,,Reflex,L,1.0,
97,APPILA_S2_P1212_R1,2023,5,31,,,,,,,,,,,,,,,,,,Pre-em,appila,herbicide,2023-05-31,11.0,21.8,0.0,,,,,,,Propyzamide,L,1.0,
98,APPILA_S2_P1212_R1,2023,5,31,,,,,,,,,,,,,,,,,,at sowing,appila,fertiliser,2023-05-31,8.5,59.8,0.0,,,,,,,MAP,kg,104.0,
99,APPILA_S2_P1212_R1,2023,5,31,,,,,,,,,,,,,,,,,,at sowing with MAP fertiliser,appila,fungicide,2023-05-31,11.0,7.800000000000001,0.0,,,,,,, Flutriafol,L,0.2,
100,APPILA_S2_P1212_R1,2023,5,31,Lentil,,,Hurricane,,,False,,,sale,20.0,,,25.0,,,On-time,,appila,sowing,2023-05-31,50.0,0.0,0.0,,,,,,,,,,
101,APPILA_S2_P1212_R1,2023,11,11,Lentil,,,,,,,,,,,,,,,,,,appila,termination,2023-11-11,80.0,0.0,6.5,success,sale,10.0,,,stubble,,,,
102,APPILA_S2_P1212_R2,2023,5,31,,,,,,,,,,,,,,,,,,Insecticide,appila,pesticide,2023-05-31,11.0,11.6,0.0,,,,,,,Pyrenix Super,L,1.0,insects
103,APPILA_S2_P1212_R2,2023,5,31,,,,,,,,,,,,,,,,,,Knockdown,appila,herbicide,2023-05-31,11.0,0.6,0.0,,,,,,,Hammer,L,0.03,
104,APPILA_S2_P1212_R2,2023,5,31,,,,,,,,,,,,,,,,,,Knockdown,appila,herbicide,2023-05-31,11.0,9.0,0.0,,,,,,,Glyphosate,L,2.0,
105,APPILA_S2_P1212_R2,2023,5,31,,,,,,,,,,,,,,,,,,Pre-em,appila,herbicide,2023-05-31,11.0,15.0,0.0,,,,,,,Reflex,L,1.0,
106,APPILA_S2_P1212_R2,2023,5,31,,,,,,,,,,,,,,,,,,Pre-em,appila,herbicide,2023-05-31,11.0,21.8,0.0,,,,,,,Propyzamide,L,1.0,
107,APPILA_S2_P1212_R2,2023,5,31,,,,,,,,,,,,,,,,,,at sowing,appila,fertiliser,2023-05-31,8.5,59.8,0.0,,,,,,,MAP,kg,104.0,
108,APPILA_S2_P1212_R2,2023,5,31,,,,,,,,,,,,,,,,,,at sowing with MAP fertiliser,appila,fungicide,2023-05-31,11.0,7.800000000000001,0.0,,,,,,, Flutriafol,L,0.2,
109,APPILA_S2_P1212_R2,2023,5,31,Lentil,,,Hurricane,,,False,,,sale,20.0,,,25.0,,,On-time,,appila,sowing,2023-05-31,50.0,0.0,0.0,,,,,,,,,,
110,APPILA_S2_P1212_R2,2023,11,11,Lentil,,,,,,,,,,,,,,,,,,appila,termination,2023-11-11,80.0,0.0,253.5,success,sale,390.0,,,stubble,,,,
111,APPILA_S2_P1212_R3,2023,5,31,,,,,,,,,,,,,,,,,,Insecticide,appila,pesticide,2023-05-31,11.0,11.6,0.0,,,,,,,Pyrenix Super,L,1.0,insects
112,APPILA_S2_P1212_R3,2023,5,31,,,,,,,,,,,,,,,,,,Knockdown,appila,herbicide,2023-05-31,11.0,0.6,0.0,,,,,,,Hammer,L,0.03,
113,APPILA_S2_P1212_R3,2023,5,31,,,,,,,,,,,,,,,,,,Knockdown,appila,herbicide,2023-05-31,11.0,9.0,0.0,,,,,,,Glyphosate,L,2.0,
114,APPILA_S2_P1212_R3,2023,5,31,,,,,,,,,,,,,,,,,,Pre-em,appila,herbicide,2023-05-31,11.0,15.0,0.0,,,,,,,Reflex,L,1.0,
115,APPILA_S2_P1212_R3,2023,5,31,,,,,,,,,,,,,,,,,,Pre-em,appila,herbicide,2023-05-31,11.0,21.8,0.0,,,,,,,Propyzamide,L,1.0,
116,APPILA_S2_P1212_R3,2023,5,31,,,,,,,,,,,,,,,,,,at sowing,appila,fertiliser,2023-05-31,8.5,59.8,0.0,,,,,,,MAP,kg,104.0,
117,APPILA_S2_P1212_R3,2023,5,31,,,,,,,,,,,,,,,,,,at sowing with MAP fertiliser,appila,fungicide,2023-05-31,11.0,7.800000000000001,0.0,,,,,,, Flutriafol,L,0.2,
118,APPILA_S2_P1212_R3,2023,5,31,Lentil,,,Hurricane,,,False,,,sale,20.0,,,25.0,,,On-time,,appila,sowing,2023-05-31,50.0,0.0,0.0,,,,,,,,,,
119,APPILA_S2_P1212_R3,2023,11,11,Lentil,,,,,,,,,,,,,,,,,,appila,termination,2023-11-11,80.0,0.0,0.0,fail_pests,sale,0.0,,,stubble,,,,
120,APPILA_S2_P2121_R1,2023,5,31,,,,,,,,,,,,,,,,,,Insecticide,appila,pesticide,2023-05-31,11.0,11.6,0.0,,,,,,,Pyrenix Super,L,1.0,insects
121,APPILA_S2_P2121_R1,2023,5,31,,,,,,,,,,,,,,,,,,Knockdown,appila,herbicide,2023-05-31,11.0,0.6,0.0,,,,,,,Hammer,L,0.03,
122,APPILA_S2_P2121_R1,2023,5,31,,,,,,,,,,,,,,,,,,Knockdown,appila,herbicide,2023-05-31,11.0,9.0,0.0,,,,,,,Glyphosate,L,2.0,
123,APPILA_S2_P2121_R1,2023,5,31,,,,,,,,,,,,,,,,,,Pre-em,appila,herbicide,2023-05-31,11.0,6.4,0.0,,,,,,,Trifluralin,L,0.8,
124,APPILA_S2_P2121_R1,2023,5,31,,,,,,,,,,,,,,,,,,Pre-em,appila,herbicide,2023-05-31,11.0,18.400000000000002,0.0,,,,,,,Tri-allate,L,1.6,
125,APPILA_S2_P2121_R1,2023,5,31,,,,,,,,,,,,,,,,,,Pre-em,appila,herbicide,2023-05-31,11.0,31.299999999999997,0.0,,,,,,,Boxer Gold,L,2.5,
126,APPILA_S2_P2121_R1,2023,5,31,,,,,,,,,,,,,,,,,,at sowing,appila,fertiliser,2023-05-31,8.5,59.8,0.0,,,,,,,MAP,kg,104.0,
127,APPILA_S2_P2121_R1,2023,5,31,,,,,,,,,,,,,,,,,,at sowing with MAP fertiliser,appila,fungicide,2023-05-31,11.0,7.800000000000001,0.0,,,,,,, Flutriafol,L,0.2,
128,APPILA_S2_P2121_R1,2023,5,31,Wheat,,,Scepter,,,True,,,sale,100.0,,,25.0,,,On-time,,appila,sowing,2023-05-31,50.0,0.0,0.0,,,,,,,,,,
129,APPILA_S2_P2121_R1,2023,8,17,,,,,,,,,,,,,,,,,,top dressing,appila,fertiliser,2023-08-17,8.5,47.5,0.0,,,,,,,Urea,kg,95.0,
130,APPILA_S2_P2121_R1,2023,11,11,Wheat,,,,,,,,,,,,,,,,,,appila,termination,2023-11-11,80.0,0.0,211.20000000000002,success,sale,640.0,,,stubble,,,,
131,APPILA_S2_P2121_R2,2023,5,31,,,,,,,,,,,,,,,,,,Insecticide,appila,pesticide,2023-05-31,11.0,11.6,0.0,,,,,,,Pyrenix Super,L,1.0,insects
132,APPILA_S2_P2121_R2,2023,5,31,,,,,,,,,,,,,,,,,,Knockdown,appila,herbicide,2023-05-31,11.0,0.6,0.0,,,,,,,Hammer,L,0.03,
133,APPILA_S2_P2121_R2,2023,5,31,,,,,,,,,,,,,,,,,,Knockdown,appila,herbicide,2023-05-31,11.0,9.0,0.0,,,,,,,Glyphosate,L,2.0,
134,APPILA_S2_P2121_R2,2023,5,31,,,,,,,,,,,,,,,,,,Pre-em,appila,herbicide,2023-05-31,11.0,6.4,0.0,,,,,,,Trifluralin,L,0.8,
135,APPILA_S2_P2121_R2,2023,5,31,,,,,,,,,,,,,,,,,,Pre-em,appila,herbicide,2023-05-31,11.0,18.400000000000002,0.0,,,,,,,Tri-allate,L,1.6,
136,APPILA_S2_P2121_R2,2023,5,31,,,,,,,,,,,,,,,,,,Pre-em,appila,herbicide,2023-05-31,11.0,31.299999999999997,0.0,,,,,,,Boxer Gold,L,2.5,
137,APPILA_S2_P2121_R2,2023,5,31,,,,,,,,,,,,,,,,,,at sowing,appila,fertiliser,2023-05-31,8.5,59.8,0.0,,,,,,,MAP,kg,104.0,
138,APPILA_S2_P2121_R2,2023,5,31,,,,,,,,,,,,,,,,,,at sowing with MAP fertiliser,appila,fungicide,2023-05-31,11.0,7.800000000000001,0.0,,,,,,, Flutriafol,L,0.2,
139,APPILA_S2_P2121_R2,2023,5,31,Wheat,,,Scepter,,,True,,,sale,100.0,,,25.0,,,On-time,,appila,sowing,2023-05-31,50.0,0.0,0.0,,,,,,,,,,
140,APPILA_S2_P2121_R2,2023,8,17,,,,,,,,,,,,,,,,,,top dressing,appila,fertiliser,2023-08-17,8.5,47.5,0.0,,,,,,,Urea,kg,95.0,
141,APPILA_S2_P2121_R2,2023,11,11,Wheat,,,,,,,,,,,,,,,,,,appila,termination,2023-11-11,80.0,0.0,214.5,success,sale,650.0,,,stubble,,,,
142,APPILA_S2_P2121_R3,2023,5,31,,,,,,,,,,,,,,,,,,Insecticide,appila,pesticide,2023-05-31,11.0,11.6,0.0,,,,,,,Pyrenix Super,L,1.0,insects
143,APPILA_S2_P2121_R3,2023,5,31,,,,,,,,,,,,,,,,,,Knockdown,appila,herbicide,2023-05-31,11.0,0.6,0.0,,,,,,,Hammer,L,0.03,
144,APPILA_S2_P2121_R3,2023,5,31,,,,,,,,,,,,,,,,,,Knockdown,appila,herbicide,2023-05-31,11.0,9.0,0.0,,,,,,,Glyphosate,L,2.0,
145,APPILA_S2_P2121_R3,2023,5,31,,,,,,,,,,,,,,,,,,Pre-em,appila,herbicide,2023-05-31,11.0,6.4,0.0,,,,,,,Trifluralin,L,0.8,
146,APPILA_S2_P2121_R3,2023,5,31,,,,,,,,,,,,,,,,,,Pre-em,appila,herbicide,2023-05-31,11.0,18.400000000000002,0.0,,,,,,,Tri-allate,L,1.6,
147,APPILA_S2_P2121_R3,2023,5,31,,,,,,,,,,,,,,,,,,Pre-em,appila,herbicide,2023-05-31,11.0,31.299999999999997,0.0,,,,,,,Boxer Gold,L,2.5,
148,APPILA_S2_P2121_R3,2023,5,31,,,,,,,,,,,,,,,,,,at sowing,appila,fertiliser,2023-05-31,8.5,59.8,0.0,,,,,,,MAP,kg,104.0,
149,APPILA_S2_P2121_R3,2023,5,31,,,,,,,,,,,,,,,,,,at sowing with MAP fertiliser,appila,fungicide,2023-05-31,11.0,7.800000000000001,0.0,,,,,,, Flutriafol,L,0.2,
150,APPILA_S2_P2121_R3,2023,5,31,Wheat,,,Scepter,,,True,,,sale,100.0,,,25.0,,,On-time,,appila,sowing,2023-05-31,50.0,0.0,0.0,,,,,,,,,,
151,APPILA_S2_P2121_R3,2023,8,17,,,,,,,,,,,,,,,,,,top dressing,appila,fertiliser,2023-08-17,8.5,47.5,0.0,,,,,,,Urea,kg,95.0,
152,APPILA_S2_P2121_R3,2023,11,11,Wheat,,,,,,,,,,,,,,,,,,appila,termination,2023-11-11,80.0,0.0,0.0,fail_pests,sale,0.0,,,stubble,,,,
153,APPILA_S3_P1234_R1,2023,5,31,,,,,,,,,,,,,,,,,,Insecticide,appila,pesticide,2023-05-31,11.0,11.6,0.0,,,,,,,Pyrenix Super,L,1.0,insects
154,APPILA_S3_P1234_R1,2023,5,31,,,,,,,,,,,,,,,,,,Knockdown,appila,herbicide,2023-05-31,11.0,0.6,0.0,,,,,,,Hammer,L,0.03,
155,APPILA_S3_P1234_R1,2023,5,31,,,,,,,,,,,,,,,,,,Knockdown,appila,herbicide,2023-05-31,11.0,9.0,0.0,,,,,,,Glyphosate,L,2.0,
156,APPILA_S3_P1234_R1,2023,5,31,,,,,,,,,,,,,,,,,,Pre-em,appila,herbicide,2023-05-31,11.0,15.0,0.0,,,,,,,Reflex,L,1.0,
157,APPILA_S3_P1234_R1,2023,5,31,,,,,,,,,,,,,,,,,,Pre-em,appila,herbicide,2023-05-31,11.0,21.8,0.0,,,,,,,Propyzamide,L,1.0,
158,APPILA_S3_P1234_R1,2023,5,31,,,,,,,,,,,,,,,,,,at sowing,appila,fertiliser,2023-05-31,8.5,59.8,0.0,,,,,,,MAP,kg,104.0,
159,APPILA_S3_P1234_R1,2023,5,31,,,,,,,,,,,,,,,,,,at sowing with MAP fertiliser,appila,fungicide,2023-05-31,11.0,7.800000000000001,0.0,,,,,,, Flutriafol,L,0.2,
160,APPILA_S3_P1234_R1,2023,5,31,Lentil,,,Hurricane,,,False,,,sale,20.0,,,25.0,,,On-time,,appila,sowing,2023-05-31,50.0,0.0,0.0,,,,,,,,,,
161,APPILA_S3_P1234_R1,2023,11,11,Lentil,,,,,,,,,,,,,,,,,,appila,termination,2023-11-11,80.0,0.0,32.5,success,sale,50.0,,,stubble,,,,
162,APPILA_S3_P1234_R2,2023,5,31,,,,,,,,,,,,,,,,,,Insecticide,appila,pesticide,2023-05-31,11.0,11.6,0.0,,,,,,,Pyrenix Super,L,1.0,insects
163,APPILA_S3_P1234_R2,2023,5,31,,,,,,,,,,,,,,,,,,Knockdown,appila,herbicide,2023-05-31,11.0,0.6,0.0,,,,,,,Hammer,L,0.03,
164,APPILA_S3_P1234_R2,2023,5,31,,,,,,,,,,,,,,,,,,Knockdown,appila,herbicide,2023-05-31,11.0,9.0,0.0,,,,,,,Glyphosate,L,2.0,
165,APPILA_S3_P1234_R2,2023,5,31,,,,,,,,,,,,,,,,,,Pre-em,appila,herbicide,2023-05-31,11.0,15.0,0.0,,,,,,,Reflex,L,1.0,
166,APPILA_S3_P1234_R2,2023,5,31,,,,,,,,,,,,,,,,,,Pre-em,appila,herbicide,2023-05-31,11.0,21.8,0.0,,,,,,,Propyzamide,L,1.0,
167,APPILA_S3_P1234_R2,2023,5,31,,,,,,,,,,,,,,,,,,at sowing,appila,fertiliser,2023-05-31,8.5,59.8,0.0,,,,,,,MAP,kg,104.0,
168,APPILA_S3_P1234_R2,2023,5,31,,,,,,,,,,,,,,,,,,at sowing with MAP fertiliser,appila,fungicide,2023-05-31,11.0,7.800000000000001,0.0,,,,,,, Flutriafol,L,0.2,
169,APPILA_S3_P1234_R2,2023,5,31,Lentil,,,Hurricane,,,False,,,sale,20.0,,,25.0,,,On-time,,appila,sowing,2023-05-31,50.0,0.0,0.0,,,,,,,,,,
170,APPILA_S3_P1234_R2,2023,11,11,Lentil,,,,,,,,,,,,,,,,,,appila,termination,2023-11-11,80.0,0.0,26.0,success,sale,40.0,,,stubble,,,,
171,APPILA_S3_P1234_R3,2023,5,31,,,,,,,,,,,,,,,,,,Insecticide,appila,pesticide,2023-05-31,11.0,11.6,0.0,,,,,,,Pyrenix Super,L,1.0,insects
172,APPILA_S3_P1234_R3,2023,5,31,,,,,,,,,,,,,,,,,,Knockdown,appila,herbicide,2023-05-31,11.0,0.6,0.0,,,,,,,Hammer,L,0.03,
173,APPILA_S3_P1234_R3,2023,5,31,,,,,,,,,,,,,,,,,,Knockdown,appila,herbicide,2023-05-31,11.0,9.0,0.0,,,,,,,Glyphosate,L,2.0,
174,APPILA_S3_P1234_R3,2023,5,31,,,,,,,,,,,,,,,,,,Pre-em,appila,herbicide,2023-05-31,11.0,15.0,0.0,,,,,,,Reflex,L,1.0,
175,APPILA_S3_P1234_R3,2023,5,31,,,,,,,,,,,,,,,,,,Pre-em,appila,herbicide,2023-05-31,11.0,21.8,0.0,,,,,,,Propyzamide,L,1.0,
176,APPILA_S3_P1234_R3,2023,5,31,,,,,,,,,,,,,,,,,,at sowing,appila,fertiliser,2023-05-31,8.5,59.8,0.0,,,,,,,MAP,kg,104.0,
177,APPILA_S3_P1234_R3,2023,5,31,,,,,,,,,,,,,,,,,,at sowing with MAP fertiliser,appila,fungicide,2023-05-31,11.0,7.800000000000001,0.0,,,,,,, Flutriafol,L,0.2,
178,APPILA_S3_P1234_R3,2023,5,31,Lentil,,,Hurricane,,,False,,,sale,20.0,,,25.0,,,On-time,,appila,sowing,2023-05-31,50.0,0.0,0.0,,,,,,,,,,
179,APPILA_S3_P1234_R3,2023,11,11,Lentil,,,,,,,,,,,,,,,,,,appila,termination,2023-11-11,80.0,0.0,13.0,success,sale,20.0,,,stubble,,,,
180,APPILA_S3_P2341_R1,2023,5,31,,,,,,,,,,,,,,,,,,Insecticide,appila,pesticide,2023-05-31,11.0,11.6,0.0,,,,,,,Pyrenix Super,L,1.0,insects
181,APPILA_S3_P2341_R1,2023,5,31,,,,,,,,,,,,,,,,,,Knockdown,appila,herbicide,2023-05-31,11.0,0.6,0.0,,,,,,,Hammer,L,0.03,
182,APPILA_S3_P2341_R1,2023,5,31,,,,,,,,,,,,,,,,,,Knockdown,appila,herbicide,2023-05-31,11.0,9.0,0.0,,,,,,,Glyphosate,L,2.0,
183,APPILA_S3_P2341_R1,2023,5,31,,,,,,,,,,,,,,,,,,Pre-em,appila,herbicide,2023-05-31,11.0,6.4,0.0,,,,,,,Trifluralin,L,0.8,
184,APPILA_S3_P2341_R1,2023,5,31,,,,,,,,,,,,,,,,,,Pre-em,appila,herbicide,2023-05-31,11.0,18.400000000000002,0.0,,,,,,,Tri-allate,L,1.6,
185,APPILA_S3_P2341_R1,2023,5,31,,,,,,,,,,,,,,,,,,Pre-em,appila,herbicide,2023-05-31,11.0,21.8,0.0,,,,,,,Propyzamide,L,1.0,
186,APPILA_S3_P2341_R1,2023,5,31,,,,,,,,,,,,,,,,,,at sowing,appila,fertiliser,2023-05-31,8.5,59.8,0.0,,,,,,,MAP,kg,104.0,
187,APPILA_S3_P2341_R1,2023,5,31,,,,,,,,,,,,,,,,,,at sowing with MAP fertiliser,appila,fungicide,2023-05-31,11.0,7.800000000000001,0.0,,,,,,, Flutriafol,L,0.2,
188,APPILA_S3_P2341_R1,2023,5,31,Canola,,,44Y94,,,False,,,sale,5.0,,,10.0,,,On-time,,appila,sowing,2023-05-31,50.0,0.0,0.0,,,,,,,,,,
189,APPILA_S3_P2341_R1,2023,8,17,,,,,,,,,,,,,,,,,,top dressing,appila,fertiliser,2023-08-17,8.5,47.5,0.0,,,,,,,Urea,kg,95.0,
190,APPILA_S3_P2341_R1,2023,11,11,Canola,,,,,,,,,,,,,,,,,,appila,termination,2023-11-11,80.0,0.0,0.0,fail_pests,sale,0.0,,,stubble,,,,
191,APPILA_S3_P2341_R2,2023,5,31,,,,,,,,,,,,,,,,,,Insecticide,appila,pesticide,2023-05-31,11.0,11.6,0.0,,,,,,,Pyrenix Super,L,1.0,insects
192,APPILA_S3_P2341_R2,2023,5,31,,,,,,,,,,,,,,,,,,Knockdown,appila,herbicide,2023-05-31,11.0,0.6,0.0,,,,,,,Hammer,L,0.03,
193,APPILA_S3_P2341_R2,2023,5,31,,,,,,,,,,,,,,,,,,Knockdown,appila,herbicide,2023-05-31,11.0,9.0,0.0,,,,,,,Glyphosate,L,2.0,
194,APPILA_S3_P2341_R2,2023,5,31,,,,,,,,,,,,,,,,,,Pre-em,appila,herbicide,2023-05-31,11.0,6.4,0.0,,,,,,,Trifluralin,L,0.8,
195,APPILA_S3_P2341_R2,2023,5,31,,,,,,,,,,,,,,,,,,Pre-em,appila,herbicide,2023-05-31,11.0,18.400000000000002,0.0,,,,,,,Tri-allate,L,1.6,
196,APPILA_S3_P2341_R2,2023,5,31,,,,,,,,,,,,,,,,,,Pre-em,appila,herbicide,2023-05-31,11.0,21.8,0.0,,,,,,,Propyzamide,L,1.0,
197,APPILA_S3_P2341_R2,2023,5,31,,,,,,,,,,,,,,,,,,at sowing,appila,fertiliser,2023-05-31,8.5,59.8,0.0,,,,,,,MAP,kg,104.0,
198,APPILA_S3_P2341_R2,2023,5,31,,,,,,,,,,,,,,,,,,at sowing with MAP fertiliser,appila,fungicide,2023-05-31,11.0,7.800000000000001,0.0,,,,,,, Flutriafol,L,0.2,
199,APPILA_S3_P2341_R2,2023,5,31,Canola,,,44Y94,,,False,,,sale,5.0,,,10.0,,,On-time,,appila,sowing,2023-05-31,50.0,0.0,0.0,,,,,,,,,,
200,APPILA_S3_P2341_R2,2023,8,17,,,,,,,,,,,,,,,,,,top dressing,appila,fertiliser,2023-08-17,8.5,47.5,0.0,,,,,,,Urea,kg,95.0,
201,APPILA_S3_P2341_R2,2023,11,11,Canola,,,,,,,,,,,,,,,,,,appila,termination,2023-11-11,80.0,0.0,62.2,success,sale,100.0,,,stubble,,,,
202,APPILA_S3_P2341_R3,2023,5,31,,,,,,,,,,,,,,,,,,Insecticide,appila,pesticide,2023-05-31,11.0,11.6,0.0,,,,,,,Pyrenix Super,L,1.0,insects
203,APPILA_S3_P2341_R3,2023,5,31,,,,,,,,,,,,,,,,,,Knockdown,appila,herbicide,2023-05-31,11.0,0.6,0.0,,,,,,,Hammer,L,0.03,
204,APPILA_S3_P2341_R3,2023,5,31,,,,,,,,,,,,,,,,,,Knockdown,appila,herbicide,2023-05-31,11.0,9.0,0.0,,,,,,,Glyphosate,L,2.0,
205,APPILA_S3_P2341_R3,2023,5,31,,,,,,,,,,,,,,,,,,Pre-em,appila,herbicide,2023-05-31,11.0,6.4,0.0,,,,,,,Trifluralin,L,0.8,
206,APPILA_S3_P2341_R3,2023,5,31,,,,,,,,,,,,,,,,,,Pre-em,appila,herbicide,2023-05-31,11.0,18.400000000000002,0.0,,,,,,,Tri-allate,L,1.6,
207,APPILA_S3_P2341_R3,2023,5,31,,,,,,,,,,,,,,,,,,Pre-em,appila,herbicide,2023-05-31,11.0,21.8,0.0,,,,,,,Propyzamide,L,1.0,
208,APPILA_S3_P2341_R3,2023,5,31,,,,,,,,,,,,,,,,,,at sowing,appila,fertiliser,2023-05-31,8.5,59.8,0.0,,,,,,,MAP,kg,104.0,
209,APPILA_S3_P2341_R3,2023,5,31,,,,,,,,,,,,,,,,,,at sowing with MAP fertiliser,appila,fungicide,2023-05-31,11.0,7.800000000000001,0.0,,,,,,, Flutriafol,L,0.2,
210,APPILA_S3_P2341_R3,2023,5,31,Canola,,,44Y94,,,False,,,sale,5.0,,,10.0,,,On-time,,appila,sowing,2023-05-31,50.0,0.0,0.0,,,,,,,,,,
211,APPILA_S3_P2341_R3,2023,8,17,,,,,,,,,,,,,,,,,,top dressing,appila,fertiliser,2023-08-17,8.5,47.5,0.0,,,,,,,Urea,kg,95.0,
212,APPILA_S3_P2341_R3,2023,11,11,Canola,,,,,,,,,,,,,,,,,,appila,termination,2023-11-11,80.0,0.0,62.2,success,sale,100.0,,,stubble,,,,
213,APPILA_S3_P3412_R1,2023,5,31,,,,,,,,,,,,,,,,,,Insecticide,appila,pesticide,2023-05-31,11.0,11.6,0.0,,,,,,,Pyrenix Super,L,1.0,insects
214,APPILA_S3_P3412_R1,2023,5,31,,,,,,,,,,,,,,,,,,Knockdown,appila,herbicide,2023-05-31,11.0,0.6,0.0,,,,,,,Hammer,L,0.03,
215,APPILA_S3_P3412_R1,2023,5,31,,,,,,,,,,,,,,,,,,Knockdown,appila,herbicide,2023-05-31,11.0,9.0,0.0,,,,,,,Glyphosate,L,2.0,
216,APPILA_S3_P3412_R1,2023,5,31,,,,,,,,,,,,,,,,,,Pre-em,appila,herbicide,2023-05-31,11.0,6.4,0.0,,,,,,,Trifluralin,L,0.8,
217,APPILA_S3_P3412_R1,2023,5,31,,,,,,,,,,,,,,,,,,Pre-em,appila,herbicide,2023-05-31,11.0,18.400000000000002,0.0,,,,,,,Tri-allate,L,1.6,
218,APPILA_S3_P3412_R1,2023,5,31,,,,,,,,,,,,,,,,,,Pre-em,appila,herbicide,2023-05-31,11.0,31.299999999999997,0.0,,,,,,,Boxer Gold,L,2.5,
219,APPILA_S3_P3412_R1,2023,5,31,,,,,,,,,,,,,,,,,,at sowing,appila,fertiliser,2023-05-31,8.5,59.8,0.0,,,,,,,MAP,kg,104.0,
220,APPILA_S3_P3412_R1,2023,5,31,,,,,,,,,,,,,,,,,,at sowing with MAP fertiliser,appila,fungicide,2023-05-31,11.0,7.800000000000001,0.0,,,,,,, Flutriafol,L,0.2,
221,APPILA_S3_P3412_R1,2023,5,31,Wheat,,,Scepter,,,True,,,sale,100.0,,,25.0,,,On-time,,appila,sowing,2023-05-31,50.0,0.0,0.0,,,,,,,,,,
222,APPILA_S3_P3412_R1,2023,8,17,,,,,,,,,,,,,,,,,,top dressing,appila,fertiliser,2023-08-17,8.5,47.5,0.0,,,,,,,Urea,kg,95.0,
223,APPILA_S3_P3412_R1,2023,11,11,Wheat,,,,,,,,,,,,,,,,,,appila,termination,2023-11-11,80.0,0.0,181.5,success,sale,550.0,,,stubble,,,,
224,APPILA_S3_P3412_R2,2023,5,31,,,,,,,,,,,,,,,,,,Insecticide,appila,pesticide,2023-05-31,11.0,11.6,0.0,,,,,,,Pyrenix Super,L,1.0,insects
225,APPILA_S3_P3412_R2,2023,5,31,,,,,,,,,,,,,,,,,,Knockdown,appila,herbicide,2023-05-31,11.0,0.6,0.0,,,,,,,Hammer,L,0.03,
226,APPILA_S3_P3412_R2,2023,5,31,,,,,,,,,,,,,,,,,,Knockdown,appila,herbicide,2023-05-31,11.0,9.0,0.0,,,,,,,Glyphosate,L,2.0,
227,APPILA_S3_P3412_R2,2023,5,31,,,,,,,,,,,,,,,,,,Pre-em,appila,herbicide,2023-05-31,11.0,6.4,0.0,,,,,,,Trifluralin,L,0.8,
228,APPILA_S3_P3412_R2,2023,5,31,,,,,,,,,,,,,,,,,,Pre-em,appila,herbicide,2023-05-31,11.0,18.400000000000002,0.0,,,,,,,Tri-allate,L,1.6,
229,APPILA_S3_P3412_R2,2023,5,31,,,,,,,,,,,,,,,,,,Pre-em,appila,herbicide,2023-05-31,11.0,31.299999999999997,0.0,,,,,,,Boxer Gold,L,2.5,
230,APPILA_S3_P3412_R2,2023,5,31,,,,,,,,,,,,,,,,,,at sowing,appila,fertiliser,2023-05-31,8.5,59.8,0.0,,,,,,,MAP,kg,104.0,
231,APPILA_S3_P3412_R2,2023,5,31,,,,,,,,,,,,,,,,,,at sowing with MAP fertiliser,appila,fungicide,2023-05-31,11.0,7.800000000000001,0.0,,,,,,, Flutriafol,L,0.2,
232,APPILA_S3_P3412_R2,2023,5,31,Wheat,,,Scepter,,,True,,,sale,100.0,,,25.0,,,On-time,,appila,sowing,2023-05-31,50.0,0.0,0.0,,,,,,,,,,
233,APPILA_S3_P3412_R2,2023,8,17,,,,,,,,,,,,,,,,,,top dressing,appila,fertiliser,2023-08-17,8.5,47.5,0.0,,,,,,,Urea,kg,95.0,
234,APPILA_S3_P3412_R2,2023,11,11,Wheat,,,,,,,,,,,,,,,,,,appila,termination,2023-11-11,80.0,0.0,240.9,success,sale,730.0,,,stubble,,,,
235,APPILA_S3_P3412_R3,2023,5,31,,,,,,,,,,,,,,,,,,Insecticide,appila,pesticide,2023-05-31,11.0,11.6,0.0,,,,,,,Pyrenix Super,L,1.0,insects
236,APPILA_S3_P3412_R3,2023,5,31,,,,,,,,,,,,,,,,,,Knockdown,appila,herbicide,2023-05-31,11.0,0.6,0.0,,,,,,,Hammer,L,0.03,
237,APPILA_S3_P3412_R3,2023,5,31,,,,,,,,,,,,,,,,,,Knockdown,appila,herbicide,2023-05-31,11.0,9.0,0.0,,,,,,,Glyphosate,L,2.0,
238,APPILA_S3_P3412_R3,2023,5,31,,,,,,,,,,,,,,,,,,Pre-em,appila,herbicide,2023-05-31,11.0,6.4,0.0,,,,,,,Trifluralin,L,0.8,
239,APPILA_S3_P3412_R3,2023,5,31,,,,,,,,,,,,,,,,,,Pre-em,appila,herbicide,2023-05-31,11.0,18.400000000000002,0.0,,,,,,,Tri-allate,L,1.6,
240,APPILA_S3_P3412_R3,2023,5,31,,,,,,,,,,,,,,,,,,Pre-em,appila,herbicide,2023-05-31,11.0,31.299999999999997,0.0,,,,,,,Boxer Gold,L,2.5,
241,APPILA_S3_P3412_R3,2023,5,31,,,,,,,,,,,,,,,,,,at sowing,appila,fertiliser,2023-05-31,8.5,59.8,0.0,,,,,,,MAP,kg,104.0,
242,APPILA_S3_P3412_R3,2023,5,31,,,,,,,,,,,,,,,,,,at sowing with MAP fertiliser,appila,fungicide,2023-05-31,11.0,7.800000000000001,0.0,,,,,,, Flutriafol,L,0.2,
243,APPILA_S3_P3412_R3,2023,5,31,Wheat,,,Scepter,,,True,,,sale,100.0,,,25.0,,,On-time,,appila,sowing,2023-05-31,50.0,0.0,0.0,,,,,,,,,,
244,APPILA_S3_P3412_R3,2023,8,17,,,,,,,,,,,,,,,,,,top dressing,appila,fertiliser,2023-08-17,8.5,47.5,0.0,,,,,,,Urea,kg,95.0,
245,APPILA_S3_P3412_R3,2023,11,11,Wheat,,,,,,,,,,,,,,,,,,appila,termination,2023-11-11,80.0,0.0,217.8,success,sale,660.0,,,stubble,,,,
246,APPILA_S3_P4123_R1,2023,5,31,,,,,,,,,,,,,,,,,,Insecticide,appila,pesticide,2023-05-31,11.0,11.6,0.0,,,,,,,Pyrenix Super,L,1.0,insects
247,APPILA_S3_P4123_R1,2023,5,31,,,,,,,,,,,,,,,,,,Knockdown,appila,herbicide,2023-05-31,11.0,0.6,0.0,,,,,,,Hammer,L,0.03,
248,APPILA_S3_P4123_R1,2023,5,31,,,,,,,,,,,,,,,,,,Knockdown,appila,herbicide,2023-05-31,11.0,9.0,0.0,,,,,,,Glyphosate,L,2.0,
249,APPILA_S3_P4123_R1,2023,5,31,,,,,,,,,,,,,,,,,,Pre-em,appila,herbicide,2023-05-31,11.0,6.4,0.0,,,,,,,Trifluralin,L,0.8,
250,APPILA_S3_P4123_R1,2023,5,31,,,,,,,,,,,,,,,,,,Pre-em,appila,herbicide,2023-05-31,11.0,18.400000000000002,0.0,,,,,,,Tri-allate,L,1.6,
251,APPILA_S3_P4123_R1,2023,5,31,,,,,,,,,,,,,,,,,,Pre-em,appila,herbicide,2023-05-31,11.0,31.299999999999997,0.0,,,,,,,Boxer Gold,L,2.5,
252,APPILA_S3_P4123_R1,2023,5,31,,,,,,,,,,,,,,,,,,at sowing,appila,fertiliser,2023-05-31,8.5,59.8,0.0,,,,,,,MAP,kg,104.0,
253,APPILA_S3_P4123_R1,2023,5,31,,,,,,,,,,,,,,,,,,at sowing with MAP fertiliser,appila,fungicide,2023-05-31,11.0,7.800000000000001,0.0,,,,,,, Flutriafol,L,0.2,
254,APPILA_S3_P4123_R1,2023,5,31,Wheat,,,Scepter,,,True,,,sale,100.0,,,25.0,,,On-time,,appila,sowing,2023-05-31,50.0,0.0,0.0,,,,,,,,,,
255,APPILA_S3_P4123_R1,2023,8,17,,,,,,,,,,,,,,,,,,top dressing,appila,fertiliser,2023-08-17,8.5,47.5,0.0,,,,,,,Urea,kg,95.0,
256,APPILA_S3_P4123_R1,2023,11,11,Wheat,,,,,,,,,,,,,,,,,,appila,termination,2023-11-11,80.0,0.0,181.5,success,sale,550.0,,,stubble,,,,
257,APPILA_S3_P4123_R2,2023,5,31,,,,,,,,,,,,,,,,,,Insecticide,appila,pesticide,2023-05-31,11.0,11.6,0.0,,,,,,,Pyrenix Super,L,1.0,insects
258,APPILA_S3_P4123_R2,2023,5,31,,,,,,,,,,,,,,,,,,Knockdown,appila,herbicide,2023-05-31,11.0,0.6,0.0,,,,,,,Hammer,L,0.03,
259,APPILA_S3_P4123_R2,2023,5,31,,,,,,,,,,,,,,,,,,Knockdown,appila,herbicide,2023-05-31,11.0,9.0,0.0,,,,,,,Glyphosate,L,2.0,
260,APPILA_S3_P4123_R2,2023,5,31,,,,,,,,,,,,,,,,,,Pre-em,appila,herbicide,2023-05-31,11.0,6.4,0.0,,,,,,,Trifluralin,L,0.8,
261,APPILA_S3_P4123_R2,2023,5,31,,,,,,,,,,,,,,,,,,Pre-em,appila,herbicide,2023-05-31,11.0,18.400000000000002,0.0,,,,,,,Tri-allate,L,1.6,
262,APPILA_S3_P4123_R2,2023,5,31,,,,,,,,,,,,,,,,,,Pre-em,appila,herbicide,2023-05-31,11.0,31.299999999999997,0.0,,,,,,,Boxer Gold,L,2.5,
263,APPILA_S3_P4123_R2,2023,5,31,,,,,,,,,,,,,,,,,,at sowing,appila,fertiliser,2023-05-31,8.5,59.8,0.0,,,,,,,MAP,kg,104.0,
264,APPILA_S3_P4123_R2,2023,5,31,,,,,,,,,,,,,,,,,,at sowing with MAP fertiliser,appila,fungicide,2023-05-31,11.0,7.800000000000001,0.0,,,,,,, Flutriafol,L,0.2,
265,APPILA_S3_P4123_R2,2023,5,31,Wheat,,,Scepter,,,True,,,sale,100.0,,,25.0,,,On-time,,appila,sowing,2023-05-31,50.0,0.0,0.0,,,,,,,,,,
266,APPILA_S3_P4123_R2,2023,8,17,,,,,,,,,,,,,,,,,,top dressing,appila,fertiliser,2023-08-17,8.5,47.5,0.0,,,,,,,Urea,kg,95.0,
267,APPILA_S3_P4123_R2,2023,11,11,Wheat,,,,,,,,,,,,,,,,,,appila,termination,2023-11-11,80.0,0.0,207.9,success,sale,630.0,,,stubble,,,,
268,APPILA_S3_P4123_R3,2023,5,31,,,,,,,,,,,,,,,,,,Insecticide,appila,pesticide,2023-05-31,11.0,11.6,0.0,,,,,,,Pyrenix Super,L,1.0,insects
269,APPILA_S3_P4123_R3,2023,5,31,,,,,,,,,,,,,,,,,,Knockdown,appila,herbicide,2023-05-31,11.0,0.6,0.0,,,,,,,Hammer,L,0.03,
270,APPILA_S3_P4123_R3,2023,5,31,,,,,,,,,,,,,,,,,,Knockdown,appila,herbicide,2023-05-31,11.0,9.0,0.0,,,,,,,Glyphosate,L,2.0,
271,APPILA_S3_P4123_R3,2023,5,31,,,,,,,,,,,,,,,,,,Pre-em,appila,herbicide,2023-05-31,11.0,6.4,0.0,,,,,,,Trifluralin,L,0.8,
272,APPILA_S3_P4123_R3,2023,5,31,,,,,,,,,,,,,,,,,,Pre-em,appila,herbicide,2023-05-31,11.0,18.400000000000002,0.0,,,,,,,Tri-allate,L,1.6,
273,APPILA_S3_P4123_R3,2023,5,31,,,,,,,,,,,,,,,,,,Pre-em,appila,herbicide,2023-05-31,11.0,31.299999999999997,0.0,,,,,,,Boxer Gold,L,2.5,
274,APPILA_S3_P4123_R3,2023,5,31,,,,,,,,,,,,,,,,,,at sowing,appila,fertiliser,2023-05-31,8.5,59.8,0.0,,,,,,,MAP,kg,104.0,
275,APPILA_S3_P4123_R3,2023,5,31,,,,,,,,,,,,,,,,,,at sowing with MAP fertiliser,appila,fungicide,2023-05-31,11.0,7.800000000000001,0.0,,,,,,, Flutriafol,L,0.2,
276,APPILA_S3_P4123_R3,2023,5,31,Wheat,,,Scepter,,,True,,,sale,100.0,,,25.0,,,On-time,,appila,sowing,2023-05-31,50.0,0.0,0.0,,,,,,,,,,
277,APPILA_S3_P4123_R3,2023,8,17,,,,,,,,,,,,,,,,,,top dressing,appila,fertiliser,2023-08-17,8.5,47.5,0.0,,,,,,,Urea,kg,95.0,
278,APPILA_S3_P4123_R3,2023,11,11,Wheat,,,,,,,,,,,,,,,,,,appila,termination,2023-11-11,80.0,0.0,201.3,success,sale,610.0,,,stubble,,,,
279,APPILA_S4_P1231_R1,2023,5,31,,,,,,,,,,,,,,,,,,Insecticide,appila,pesticide,2023-05-31,11.0,11.6,0.0,,,,,,,Pyrenix Super,L,1.0,insects
280,APPILA_S4_P1231_R1,2023,5,31,,,,,,,,,,,,,,,,,,Knockdown,appila,herbicide,2023-05-31,11.0,0.6,0.0,,,,,,,Hammer,L,0.03,
281,APPILA_S4_P1231_R1,2023,5,31,,,,,,,,,,,,,,,,,,Knockdown,appila,herbicide,2023-05-31,11.0,9.0,0.0,,,,,,,Glyphosate,L,2.0,
282,APPILA_S4_P1231_R1,2023,5,31,,,,,,,,,,,,,,,,,,Pre-em,appila,herbicide,2023-05-31,11.0,6.4,0.0,,,,,,,Trifluralin,L,0.8,
283,APPILA_S4_P1231_R1,2023,5,31,,,,,,,,,,,,,,,,,,Pre-em,appila,herbicide,2023-05-31,11.0,7.5,0.0,,,,,,,Diuron,kg,0.5,
284,APPILA_S4_P1231_R1,2023,5,31,,,,,,,,,,,,,,,,,,at sowing,appila,fertiliser,2023-05-31,8.5,59.8,0.0,,,,,,,MAP,kg,104.0,
285,APPILA_S4_P1231_R1,2023,5,31,,,,,,,,,,,,,,,,,,at sowing with MAP fertiliser,appila,fungicide,2023-05-31,11.0,7.800000000000001,0.0,,,,,,, Flutriafol,L,0.2,
286,APPILA_S4_P1231_R1,2023,5,31,Vetch ,Oat,,Volga,Kingbale,,False,,,fodder,20.0,100.0,,25.0,25.0,,On-time,,appila,sowing,2023-05-31,50.0,0.0,0.0,,,,,,,,,,
287,APPILA_S4_P1231_R1,2023,11,11,Vetch ,Oat,,,,,,,,,,,,,,,,,appila,termination,2023-11-11,80.0,0.0,0.0,success,fodder,70.0,0.0,,stubble,,,,
288,APPILA_S4_P1231_R2,2023,5,31,,,,,,,,,,,,,,,,,,Insecticide,appila,pesticide,2023-05-31,11.0,11.6,0.0,,,,,,,Pyrenix Super,L,1.0,insects
289,APPILA_S4_P1231_R2,2023,5,31,,,,,,,,,,,,,,,,,,Knockdown,appila,herbicide,2023-05-31,11.0,0.6,0.0,,,,,,,Hammer,L,0.03,
290,APPILA_S4_P1231_R2,2023,5,31,,,,,,,,,,,,,,,,,,Knockdown,appila,herbicide,2023-05-31,11.0,9.0,0.0,,,,,,,Glyphosate,L,2.0,
291,APPILA_S4_P1231_R2,2023,5,31,,,,,,,,,,,,,,,,,,Pre-em,appila,herbicide,2023-05-31,11.0,6.4,0.0,,,,,,,Trifluralin,L,0.8,
292,APPILA_S4_P1231_R2,2023,5,31,,,,,,,,,,,,,,,,,,Pre-em,appila,herbicide,2023-05-31,11.0,7.5,0.0,,,,,,,Diuron,kg,0.5,
293,APPILA_S4_P1231_R2,2023,5,31,,,,,,,,,,,,,,,,,,at sowing,appila,fertiliser,2023-05-31,8.5,59.8,0.0,,,,,,,MAP,kg,104.0,
294,APPILA_S4_P1231_R2,2023,5,31,,,,,,,,,,,,,,,,,,at sowing with MAP fertiliser,appila,fungicide,2023-05-31,11.0,7.800000000000001,0.0,,,,,,, Flutriafol,L,0.2,
295,APPILA_S4_P1231_R2,2023,5,31,Vetch ,Oat,,Volga,Kingbale,,False,,,fodder,20.0,100.0,,25.0,25.0,,On-time,,appila,sowing,2023-05-31,50.0,0.0,0.0,,,,,,,,,,
296,APPILA_S4_P1231_R2,2023,11,11,Vetch ,Oat,,,,,,,,,,,,,,,,,appila,termination,2023-11-11,80.0,0.0,0.0,success,fodder,210.0,0.0,,stubble,,,,
297,APPILA_S4_P1231_R3,2023,5,31,,,,,,,,,,,,,,,,,,Insecticide,appila,pesticide,2023-05-31,11.0,11.6,0.0,,,,,,,Pyrenix Super,L,1.0,insects
298,APPILA_S4_P1231_R3,2023,5,31,,,,,,,,,,,,,,,,,,Knockdown,appila,herbicide,2023-05-31,11.0,0.6,0.0,,,,,,,Hammer,L,0.03,
299,APPILA_S4_P1231_R3,2023,5,31,,,,,,,,,,,,,,,,,,Knockdown,appila,herbicide,2023-05-31,11.0,9.0,0.0,,,,,,,Glyphosate,L,2.0,
300,APPILA_S4_P1231_R3,2023,5,31,,,,,,,,,,,,,,,,,,Pre-em,appila,herbicide,2023-05-31,11.0,6.4,0.0,,,,,,,Trifluralin,L,0.8,
301,APPILA_S4_P1231_R3,2023,5,31,,,,,,,,,,,,,,,,,,Pre-em,appila,herbicide,2023-05-31,11.0,7.5,0.0,,,,,,,Diuron,kg,0.5,
302,APPILA_S4_P1231_R3,2023,5,31,,,,,,,,,,,,,,,,,,at sowing,appila,fertiliser,2023-05-31,8.5,59.8,0.0,,,,,,,MAP,kg,104.0,
303,APPILA_S4_P1231_R3,2023,5,31,,,,,,,,,,,,,,,,,,at sowing with MAP fertiliser,appila,fungicide,2023-05-31,11.0,7.800000000000001,0.0,,,,,,, Flutriafol,L,0.2,
304,APPILA_S4_P1231_R3,2023,5,31,Vetch ,Oat,,Volga,Kingbale,,False,,,fodder,20.0,100.0,,25.0,25.0,,On-time,,appila,sowing,2023-05-31,50.0,0.0,0.0,,,,,,,,,,
305,APPILA_S4_P1231_R3,2023,11,11,Vetch ,Oat,,,,,,,,,,,,,,,,,appila,termination,2023-11-11,80.0,0.0,0.0,success,fodder,280.0,0.0,,stubble,,,,
306,APPILA_S4_P2312_R1,2023,5,31,,,,,,,,,,,,,,,,,,Insecticide,appila,pesticide,2023-05-31,11.0,11.6,0.0,,,,,,,Pyrenix Super,L,1.0,insects
307,APPILA_S4_P2312_R1,2023,5,31,,,,,,,,,,,,,,,,,,Knockdown,appila,herbicide,2023-05-31,11.0,0.6,0.0,,,,,,,Hammer,L,0.03,
308,APPILA_S4_P2312_R1,2023,5,31,,,,,,,,,,,,,,,,,,Knockdown,appila,herbicide,2023-05-31,11.0,9.0,0.0,,,,,,,Glyphosate,L,2.0,
309,APPILA_S4_P2312_R1,2023,5,31,,,,,,,,,,,,,,,,,,Pre-em,appila,herbicide,2023-05-31,11.0,6.4,0.0,,,,,,,Trifluralin,L,0.8,
310,APPILA_S4_P2312_R1,2023,5,31,,,,,,,,,,,,,,,,,,Pre-em,appila,herbicide,2023-05-31,11.0,18.400000000000002,0.0,,,,,,,Tri-allate,L,1.6,
311,APPILA_S4_P2312_R1,2023,5,31,,,,,,,,,,,,,,,,,,Pre-em,appila,herbicide,2023-05-31,11.0,31.299999999999997,0.0,,,,,,,Boxer Gold,L,2.5,
312,APPILA_S4_P2312_R1,2023,5,31,,,,,,,,,,,,,,,,,,at sowing,appila,fertiliser,2023-05-31,8.5,59.8,0.0,,,,,,,MAP,kg,104.0,
313,APPILA_S4_P2312_R1,2023,5,31,,,,,,,,,,,,,,,,,,at sowing with MAP fertiliser,appila,fungicide,2023-05-31,11.0,7.800000000000001,0.0,,,,,,, Flutriafol,L,0.2,
314,APPILA_S4_P2312_R1,2023,5,31,Wheat,,,Scepter,,,True,,,sale,100.0,,,25.0,,,On-time,,appila,sowing,2023-05-31,50.0,0.0,0.0,,,,,,,,,,
315,APPILA_S4_P2312_R1,2023,8,17,,,,,,,,,,,,,,,,,,top dressing,appila,fertiliser,2023-08-17,8.5,47.5,0.0,,,,,,,Urea,kg,95.0,
316,APPILA_S4_P2312_R1,2023,11,11,Wheat,,,,,,,,,,,,,,,,,,appila,termination,2023-11-11,80.0,0.0,194.70000000000002,success,sale,590.0,,,stubble,,,,
317,APPILA_S4_P2312_R2,2023,5,31,,,,,,,,,,,,,,,,,,Insecticide,appila,pesticide,2023-05-31,11.0,11.6,0.0,,,,,,,Pyrenix Super,L,1.0,insects
318,APPILA_S4_P2312_R2,2023,5,31,,,,,,,,,,,,,,,,,,Knockdown,appila,herbicide,2023-05-31,11.0,0.6,0.0,,,,,,,Hammer,L,0.03,
319,APPILA_S4_P2312_R2,2023,5,31,,,,,,,,,,,,,,,,,,Knockdown,appila,herbicide,2023-05-31,11.0,9.0,0.0,,,,,,,Glyphosate,L,2.0,
320,APPILA_S4_P2312_R2,2023,5,31,,,,,,,,,,,,,,,,,,Pre-em,appila,herbicide,2023-05-31,11.0,6.4,0.0,,,,,,,Trifluralin,L,0.8,
321,APPILA_S4_P2312_R2,2023,5,31,,,,,,,,,,,,,,,,,,Pre-em,appila,herbicide,2023-05-31,11.0,18.400000000000002,0.0,,,,,,,Tri-allate,L,1.6,
322,APPILA_S4_P2312_R2,2023,5,31,,,,,,,,,,,,,,,,,,Pre-em,appila,herbicide,2023-05-31,11.0,31.299999999999997,0.0,,,,,,,Boxer Gold,L,2.5,
323,APPILA_S4_P2312_R2,2023,5,31,,,,,,,,,,,,,,,,,,at sowing,appila,fertiliser,2023-05-31,8.5,59.8,0.0,,,,,,,MAP,kg,104.0,
324,APPILA_S4_P2312_R2,2023,5,31,,,,,,,,,,,,,,,,,,at sowing with MAP fertiliser,appila,fungicide,2023-05-31,11.0,7.800000000000001,0.0,,,,,,, Flutriafol,L,0.2,
325,APPILA_S4_P2312_R2,2023,5,31,Wheat,,,Scepter,,,True,,,sale,100.0,,,25.0,,,On-time,,appila,sowing,2023-05-31,50.0,0.0,0.0,,,,,,,,,,
326,APPILA_S4_P2312_R2,2023,8,17,,,,,,,,,,,,,,,,,,top dressing,appila,fertiliser,2023-08-17,8.5,47.5,0.0,,,,,,,Urea,kg,95.0,
327,APPILA_S4_P2312_R2,2023,11,11,Wheat,,,,,,,,,,,,,,,,,,appila,termination,2023-11-11,80.0,0.0,194.70000000000002,success,sale,590.0,,,stubble,,,,
328,APPILA_S4_P2312_R3,2023,5,31,,,,,,,,,,,,,,,,,,Insecticide,appila,pesticide,2023-05-31,11.0,11.6,0.0,,,,,,,Pyrenix Super,L,1.0,insects
329,APPILA_S4_P2312_R3,2023,5,31,,,,,,,,,,,,,,,,,,Knockdown,appila,herbicide,2023-05-31,11.0,0.6,0.0,,,,,,,Hammer,L,0.03,
330,APPILA_S4_P2312_R3,2023,5,31,,,,,,,,,,,,,,,,,,Knockdown,appila,herbicide,2023-05-31,11.0,9.0,0.0,,,,,,,Glyphosate,L,2.0,
331,APPILA_S4_P2312_R3,2023,5,31,,,,,,,,,,,,,,,,,,Pre-em,appila,herbicide,2023-05-31,11.0,6.4,0.0,,,,,,,Trifluralin,L,0.8,
332,APPILA_S4_P2312_R3,2023,5,31,,,,,,,,,,,,,,,,,,Pre-em,appila,herbicide,2023-05-31,11.0,18.400000000000002,0.0,,,,,,,Tri-allate,L,1.6,
333,APPILA_S4_P2312_R3,2023,5,31,,,,,,,,,,,,,,,,,,Pre-em,appila,herbicide,2023-05-31,11.0,31.299999999999997,0.0,,,,,,,Boxer Gold,L,2.5,
334,APPILA_S4_P2312_R3,2023,5,31,,,,,,,,,,,,,,,,,,at sowing,appila,fertiliser,2023-05-31,8.5,59.8,0.0,,,,,,,MAP,kg,104.0,
335,APPILA_S4_P2312_R3,2023,5,31,,,,,,,,,,,,,,,,,,at sowing with MAP fertiliser,appila,fungicide,2023-05-31,11.0,7.800000000000001,0.0,,,,,,, Flutriafol,L,0.2,
336,APPILA_S4_P2312_R3,2023,5,31,Wheat,,,Scepter,,,True,,,sale,100.0,,,25.0,,,On-time,,appila,sowing,2023-05-31,50.0,0.0,0.0,,,,,,,,,,
337,APPILA_S4_P2312_R3,2023,8,17,,,,,,,,,,,,,,,,,,top dressing,appila,fertiliser,2023-08-17,8.5,47.5,0.0,,,,,,,Urea,kg,95.0,
338,APPILA_S4_P2312_R3,2023,11,11,Wheat,,,,,,,,,,,,,,,,,,appila,termination,2023-11-11,80.0,0.0,191.4,success,sale,580.0,,,stubble,,,,
339,APPILA_S4_P3123_R1,2023,5,31,,,,,,,,,,,,,,,,,,Insecticide,appila,pesticide,2023-05-31,11.0,11.6,0.0,,,,,,,Pyrenix Super,L,1.0,insects
340,APPILA_S4_P3123_R1,2023,5,31,,,,,,,,,,,,,,,,,,Knockdown,appila,herbicide,2023-05-31,11.0,0.6,0.0,,,,,,,Hammer,L,0.03,
341,APPILA_S4_P3123_R1,2023,5,31,,,,,,,,,,,,,,,,,,Knockdown,appila,herbicide,2023-05-31,11.0,9.0,0.0,,,,,,,Glyphosate,L,2.0,
342,APPILA_S4_P3123_R1,2023,5,31,,,,,,,,,,,,,,,,,,Pre-em,appila,herbicide,2023-05-31,11.0,6.4,0.0,,,,,,,Trifluralin,L,0.8,
343,APPILA_S4_P3123_R1,2023,5,31,,,,,,,,,,,,,,,,,,Pre-em,appila,herbicide,2023-05-31,11.0,18.400000000000002,0.0,,,,,,,Tri-allate,L,1.6,
344,APPILA_S4_P3123_R1,2023,5,31,,,,,,,,,,,,,,,,,,Pre-em,appila,herbicide,2023-05-31,11.0,31.299999999999997,0.0,,,,,,,Boxer Gold,L,2.5,
345,APPILA_S4_P3123_R1,2023,5,31,,,,,,,,,,,,,,,,,,at sowing,appila,fertiliser,2023-05-31,8.5,59.8,0.0,,,,,,,MAP,kg,104.0,
346,APPILA_S4_P3123_R1,2023,5,31,,,,,,,,,,,,,,,,,,at sowing with MAP fertiliser,appila,fungicide,2023-05-31,11.0,7.800000000000001,0.0,,,,,,, Flutriafol,L,0.2,
347,APPILA_S4_P3123_R1,2023,5,31,Wheat,,,Scepter,,,True,,,sale,100.0,,,25.0,,,On-time,,appila,sowing,2023-05-31,50.0,0.0,0.0,,,,,,,,,,
348,APPILA_S4_P3123_R1,2023,8,17,,,,,,,,,,,,,,,,,,top dressing,appila,fertiliser,2023-08-17,8.5,47.5,0.0,,,,,,,Urea,kg,95.0,
349,APPILA_S4_P3123_R1,2023,11,11,Wheat,,,,,,,,,,,,,,,,,,appila,termination,2023-11-11,80.0,0.0,0.0,fail_pests,sale,0.0,,,stubble,,,,
350,APPILA_S4_P3123_R2,2023,5,31,,,,,,,,,,,,,,,,,,Insecticide,appila,pesticide,2023-05-31,11.0,11.6,0.0,,,,,,,Pyrenix Super,L,1.0,insects
351,APPILA_S4_P3123_R2,2023,5,31,,,,,,,,,,,,,,,,,,Knockdown,appila,herbicide,2023-05-31,11.0,0.6,0.0,,,,,,,Hammer,L,0.03,
352,APPILA_S4_P3123_R2,2023,5,31,,,,,,,,,,,,,,,,,,Knockdown,appila,herbicide,2023-05-31,11.0,9.0,0.0,,,,,,,Glyphosate,L,2.0,
353,APPILA_S4_P3123_R2,2023,5,31,,,,,,,,,,,,,,,,,,Pre-em,appila,herbicide,2023-05-31,11.0,6.4,0.0,,,,,,,Trifluralin,L,0.8,
354,APPILA_S4_P3123_R2,2023,5,31,,,,,,,,,,,,,,,,,,Pre-em,appila,herbicide,2023-05-31,11.0,18.400000000000002,0.0,,,,,,,Tri-allate,L,1.6,
355,APPILA_S4_P3123_R2,2023,5,31,,,,,,,,,,,,,,,,,,Pre-em,appila,herbicide,2023-05-31,11.0,31.299999999999997,0.0,,,,,,,Boxer Gold,L,2.5,
356,APPILA_S4_P3123_R2,2023,5,31,,,,,,,,,,,,,,,,,,at sowing,appila,fertiliser,2023-05-31,8.5,59.8,0.0,,,,,,,MAP,kg,104.0,
357,APPILA_S4_P3123_R2,2023,5,31,,,,,,,,,,,,,,,,,,at sowing with MAP fertiliser,appila,fungicide,2023-05-31,11.0,7.800000000000001,0.0,,,,,,, Flutriafol,L,0.2,
358,APPILA_S4_P3123_R2,2023,5,31,Wheat,,,Scepter,,,True,,,sale,100.0,,,25.0,,,On-time,,appila,sowing,2023-05-31,50.0,0.0,0.0,,,,,,,,,,
359,APPILA_S4_P3123_R2,2023,8,17,,,,,,,,,,,,,,,,,,top dressing,appila,fertiliser,2023-08-17,8.5,47.5,0.0,,,,,,,Urea,kg,95.0,
360,APPILA_S4_P3123_R2,2023,11,11,Wheat,,,,,,,,,,,,,,,,,,appila,termination,2023-11-11,80.0,0.0,191.4,success,sale,580.0,,,stubble,,,,
361,APPILA_S4_P3123_R3,2023,5,31,,,,,,,,,,,,,,,,,,Insecticide,appila,pesticide,2023-05-31,11.0,11.6,0.0,,,,,,,Pyrenix Super,L,1.0,insects
362,APPILA_S4_P3123_R3,2023,5,31,,,,,,,,,,,,,,,,,,Knockdown,appila,herbicide,2023-05-31,11.0,0.6,0.0,,,,,,,Hammer,L,0.03,
363,APPILA_S4_P3123_R3,2023,5,31,,,,,,,,,,,,,,,,,,Knockdown,appila,herbicide,2023-05-31,11.0,9.0,0.0,,,,,,,Glyphosate,L,2.0,
364,APPILA_S4_P3123_R3,2023,5,31,,,,,,,,,,,,,,,,,,Pre-em,appila,herbicide,2023-05-31,11.0,6.4,0.0,,,,,,,Trifluralin,L,0.8,
365,APPILA_S4_P3123_R3,2023,5,31,,,,,,,,,,,,,,,,,,Pre-em,appila,herbicide,2023-05-31,11.0,18.400000000000002,0.0,,,,,,,Tri-allate,L,1.6,
366,APPILA_S4_P3123_R3,2023,5,31,,,,,,,,,,,,,,,,,,Pre-em,appila,herbicide,2023-05-31,11.0,31.299999999999997,0.0,,,,,,,Boxer Gold,L,2.5,
367,APPILA_S4_P3123_R3,2023,5,31,,,,,,,,,,,,,,,,,,at sowing,appila,fertiliser,2023-05-31,8.5,59.8,0.0,,,,,,,MAP,kg,104.0,
368,APPILA_S4_P3123_R3,2023,5,31,,,,,,,,,,,,,,,,,,at sowing with MAP fertiliser,appila,fungicide,2023-05-31,11.0,7.800000000000001,0.0,,,,,,, Flutriafol,L,0.2,
369,APPILA_S4_P3123_R3,2023,5,31,Wheat,,,Scepter,,,True,,,sale,100.0,,,25.0,,,On-time,,appila,sowing,2023-05-31,50.0,0.0,0.0,,,,,,,,,,
370,APPILA_S4_P3123_R3,2023,8,17,,,,,,,,,,,,,,,,,,top dressing,appila,fertiliser,2023-08-17,8.5,47.5,0.0,,,,,,,Urea,kg,95.0,
371,APPILA_S4_P3123_R3,2023,11,11,Wheat,,,,,,,,,,,,,,,,,,appila,termination,2023-11-11,80.0,0.0,270.6,success,sale,820.0,,,stubble,,,,
372,APPILA_S5_P0000_R1,2023,5,31,,,,,,,,,,,,,,,,,,Insecticide,appila,pesticide,2023-05-31,11.0,11.6,0.0,,,,,,,Pyrenix Super,L,1.0,insects
373,APPILA_S5_P0000_R1,2023,5,31,,,,,,,,,,,,,,,,,,Knockdown,appila,herbicide,2023-05-31,11.0,0.6,0.0,,,,,,,Hammer,L,0.03,
374,APPILA_S5_P0000_R1,2023,5,31,,,,,,,,,,,,,,,,,,Knockdown,appila,herbicide,2023-05-31,11.0,9.0,0.0,,,,,,,Glyphosate,L,2.0,
375,APPILA_S5_P0000_R1,2023,5,31,,,,,,,,,,,,,,,,,,Pre-em,appila,herbicide,2023-05-31,11.0,6.4,0.0,,,,,,,Trifluralin,L,0.8,
376,APPILA_S5_P0000_R1,2023,5,31,,,,,,,,,,,,,,,,,,Pre-em,appila,herbicide,2023-05-31,11.0,18.400000000000002,0.0,,,,,,,Tri-allate,L,1.6,
377,APPILA_S5_P0000_R1,2023,5,31,,,,,,,,,,,,,,,,,,Pre-em,appila,herbicide,2023-05-31,11.0,31.299999999999997,0.0,,,,,,,Boxer Gold,L,2.5,
378,APPILA_S5_P0000_R1,2023,5,31,,,,,,,,,,,,,,,,,,at sowing,appila,fertiliser,2023-05-31,8.5,59.8,0.0,,,,,,,MAP,kg,104.0,
379,APPILA_S5_P0000_R1,2023,5,31,,,,,,,,,,,,,,,,,,at sowing with MAP fertiliser,appila,fungicide,2023-05-31,11.0,7.800000000000001,0.0,,,,,,, Flutriafol,L,0.2,
380,APPILA_S5_P0000_R1,2023,5,31,Wheat,,,Scepter,,,True,,,sale,100.0,,,25.0,,,On-time,,appila,sowing,2023-05-31,50.0,0.0,0.0,,,,,,,,,,
381,APPILA_S5_P0000_R1,2023,11,11,Wheat,,,,,,,,,,,,,,,,,,appila,termination,2023-11-11,80.0,0.0,168.3,success,sale,510.0,,,stubble,,,,
382,APPILA_S5_P0000_R2,2023,5,31,,,,,,,,,,,,,,,,,,Insecticide,appila,pesticide,2023-05-31,11.0,11.6,0.0,,,,,,,Pyrenix Super,L,1.0,insects
383,APPILA_S5_P0000_R2,2023,5,31,,,,,,,,,,,,,,,,,,Knockdown,appila,herbicide,2023-05-31,11.0,0.6,0.0,,,,,,,Hammer,L,0.03,
384,APPILA_S5_P0000_R2,2023,5,31,,,,,,,,,,,,,,,,,,Knockdown,appila,herbicide,2023-05-31,11.0,9.0,0.0,,,,,,,Glyphosate,L,2.0,
385,APPILA_S5_P0000_R2,2023,5,31,,,,,,,,,,,,,,,,,,Pre-em,appila,herbicide,2023-05-31,11.0,6.4,0.0,,,,,,,Trifluralin,L,0.8,
386,APPILA_S5_P0000_R2,2023,5,31,,,,,,,,,,,,,,,,,,Pre-em,appila,herbicide,2023-05-31,11.0,18.400000000000002,0.0,,,,,,,Tri-allate,L,1.6,
387,APPILA_S5_P0000_R2,2023,5,31,,,,,,,,,,,,,,,,,,Pre-em,appila,herbicide,2023-05-31,11.0,31.299999999999997,0.0,,,,,,,Boxer Gold,L,2.5,
388,APPILA_S5_P0000_R2,2023,5,31,,,,,,,,,,,,,,,,,,at sowing,appila,fertiliser,2023-05-31,8.5,59.8,0.0,,,,,,,MAP,kg,104.0,
389,APPILA_S5_P0000_R2,2023,5,31,,,,,,,,,,,,,,,,,,at sowing with MAP fertiliser,appila,fungicide,2023-05-31,11.0,7.800000000000001,0.0,,,,,,, Flutriafol,L,0.2,
390,APPILA_S5_P0000_R2,2023,5,31,Wheat,,,Scepter,,,True,,,sale,100.0,,,25.0,,,On-time,,appila,sowing,2023-05-31,50.0,0.0,0.0,,,,,,,,,,
391,APPILA_S5_P0000_R2,2023,11,11,Wheat,,,,,,,,,,,,,,,,,,appila,termination,2023-11-11,80.0,0.0,191.4,success,sale,580.0,,,stubble,,,,
392,APPILA_S5_P0000_R3,2023,5,31,,,,,,,,,,,,,,,,,,Insecticide,appila,pesticide,2023-05-31,11.0,11.6,0.0,,,,,,,Pyrenix Super,L,1.0,insects
393,APPILA_S5_P0000_R3,2023,5,31,,,,,,,,,,,,,,,,,,Knockdown,appila,herbicide,2023-05-31,11.0,0.6,0.0,,,,,,,Hammer,L,0.03,
394,APPILA_S5_P0000_R3,2023,5,31,,,,,,,,,,,,,,,,,,Knockdown,appila,herbicide,2023-05-31,11.0,9.0,0.0,,,,,,,Glyphosate,L,2.0,
395,APPILA_S5_P0000_R3,2023,5,31,,,,,,,,,,,,,,,,,,Pre-em,appila,herbicide,2023-05-31,11.0,6.4,0.0,,,,,,,Trifluralin,L,0.8,
396,APPILA_S5_P0000_R3,2023,5,31,,,,,,,,,,,,,,,,,,Pre-em,appila,herbicide,2023-05-31,11.0,18.400000000000002,0.0,,,,,,,Tri-allate,L,1.6,
397,APPILA_S5_P0000_R3,2023,5,31,,,,,,,,,,,,,,,,,,Pre-em,appila,herbicide,2023-05-31,11.0,31.299999999999997,0.0,,,,,,,Boxer Gold,L,2.5,
398,APPILA_S5_P0000_R3,2023,5,31,,,,,,,,,,,,,,,,,,at sowing,appila,fertiliser,2023-05-31,8.5,59.8,0.0,,,,,,,MAP,kg,104.0,
399,APPILA_S5_P0000_R3,2023,5,31,,,,,,,,,,,,,,,,,,at sowing with MAP fertiliser,appila,fungicide,2023-05-31,11.0,7.800000000000001,0.0,,,,,,, Flutriafol,L,0.2,
400,APPILA_S5_P0000_R3,2023,5,31,Wheat,,,Scepter,,,True,,,sale,100.0,,,25.0,,,On-time,,appila,sowing,2023-05-31,50.0,0.0,0.0,,,,,,,,,,
401,APPILA_S5_P0000_R3,2023,11,11,Wheat,,,,,,,,,,,,,,,,,,appila,termination,2023-11-11,80.0,0.0,181.5,success,sale,550.0,,,stubble,,,,
402,APPILA_S6_P0000_R1,2023,5,31,,,,,,,,,,,,,,,,,,Insecticide,appila,pesticide,2023-05-31,11.0,11.6,0.0,,,,,,,Pyrenix Super,L,1.0,insects
403,APPILA_S6_P0000_R1,2023,5,31,,,,,,,,,,,,,,,,,,Knockdown,appila,herbicide,2023-05-31,11.0,0.6,0.0,,,,,,,Hammer,L,0.03,
404,APPILA_S6_P0000_R1,2023,5,31,,,,,,,,,,,,,,,,,,Knockdown,appila,herbicide,2023-05-31,11.0,9.0,0.0,,,,,,,Glyphosate,L,2.0,
405,APPILA_S6_P0000_R1,2023,5,31,,,,,,,,,,,,,,,,,,Pre-em,appila,herbicide,2023-05-31,11.0,6.4,0.0,,,,,,,Trifluralin,L,0.8,
406,APPILA_S6_P0000_R1,2023,5,31,,,,,,,,,,,,,,,,,,Pre-em,appila,herbicide,2023-05-31,11.0,18.400000000000002,0.0,,,,,,,Tri-allate,L,1.6,
407,APPILA_S6_P0000_R1,2023,5,31,,,,,,,,,,,,,,,,,,Pre-em,appila,herbicide,2023-05-31,11.0,21.8,0.0,,,,,,,Propyzamide,L,1.0,
408,APPILA_S6_P0000_R1,2023,5,31,,,,,,,,,,,,,,,,,,at sowing,appila,fertiliser,2023-05-31,8.5,59.8,0.0,,,,,,,MAP,kg,104.0,
409,APPILA_S6_P0000_R1,2023,5,31,,,,,,,,,,,,,,,,,,at sowing with MAP fertiliser,appila,fungicide,2023-05-31,11.0,7.800000000000001,0.0,,,,,,, Flutriafol,L,0.2,
410,APPILA_S6_P0000_R1,2023,5,31,Canola,,,44Y94,,,False,,,sale,5.0,,,10.0,,,On-time,,appila,sowing,2023-05-31,50.0,0.0,0.0,,,,,,,,,,
411,APPILA_S6_P0000_R1,2023,8,17,,,,,,,,,,,,,,,,,,top dressing,appila,fertiliser,2023-08-17,8.5,91.0,0.0,,,,,,,Urea,kg,182.0,
412,APPILA_S6_P0000_R1,2023,11,11,Canola,,,,,,,,,,,,,,,,,,appila,termination,2023-11-11,80.0,0.0,68.42,success,sale,110.0,,,stubble,,,,
413,APPILA_S6_P0000_R2,2023,5,31,,,,,,,,,,,,,,,,,,Insecticide,appila,pesticide,2023-05-31,11.0,11.6,0.0,,,,,,,Pyrenix Super,L,1.0,insects
414,APPILA_S6_P0000_R2,2023,5,31,,,,,,,,,,,,,,,,,,Knockdown,appila,herbicide,2023-05-31,11.0,0.6,0.0,,,,,,,Hammer,L,0.03,
415,APPILA_S6_P0000_R2,2023,5,31,,,,,,,,,,,,,,,,,,Knockdown,appila,herbicide,2023-05-31,11.0,9.0,0.0,,,,,,,Glyphosate,L,2.0,
416,APPILA_S6_P0000_R2,2023,5,31,,,,,,,,,,,,,,,,,,Pre-em,appila,herbicide,2023-05-31,11.0,6.4,0.0,,,,,,,Trifluralin,L,0.8,
417,APPILA_S6_P0000_R2,2023,5,31,,,,,,,,,,,,,,,,,,Pre-em,appila,herbicide,2023-05-31,11.0,18.400000000000002,0.0,,,,,,,Tri-allate,L,1.6,
418,APPILA_S6_P0000_R2,2023,5,31,,,,,,,,,,,,,,,,,,Pre-em,appila,herbicide,2023-05-31,11.0,21.8,0.0,,,,,,,Propyzamide,L,1.0,
419,APPILA_S6_P0000_R2,2023,5,31,,,,,,,,,,,,,,,,,,at sowing,appila,fertiliser,2023-05-31,8.5,59.8,0.0,,,,,,,MAP,kg,104.0,
420,APPILA_S6_P0000_R2,2023,5,31,,,,,,,,,,,,,,,,,,at sowing with MAP fertiliser,appila,fungicide,2023-05-31,11.0,7.800000000000001,0.0,,,,,,, Flutriafol,L,0.2,
421,APPILA_S6_P0000_R2,2023,5,31,Canola,,,44Y94,,,False,,,sale,5.0,,,10.0,,,On-time,,appila,sowing,2023-05-31,50.0,0.0,0.0,,,,,,,,,,
422,APPILA_S6_P0000_R2,2023,8,17,,,,,,,,,,,,,,,,,,top dressing,appila,fertiliser,2023-08-17,8.5,91.0,0.0,,,,,,,Urea,kg,182.0,
423,APPILA_S6_P0000_R2,2023,11,11,Canola,,,,,,,,,,,,,,,,,,appila,termination,2023-11-11,80.0,0.0,62.2,success,sale,100.0,,,stubble,,,,
424,APPILA_S6_P0000_R3,2023,5,31,,,,,,,,,,,,,,,,,,Insecticide,appila,pesticide,2023-05-31,11.0,11.6,0.0,,,,,,,Pyrenix Super,L,1.0,insects
425,APPILA_S6_P0000_R3,2023,5,31,,,,,,,,,,,,,,,,,,Knockdown,appila,herbicide,2023-05-31,11.0,0.6,0.0,,,,,,,Hammer,L,0.03,
426,APPILA_S6_P0000_R3,2023,5,31,,,,,,,,,,,,,,,,,,Knockdown,appila,herbicide,2023-05-31,11.0,9.0,0.0,,,,,,,Glyphosate,L,2.0,
427,APPILA_S6_P0000_R3,2023,5,31,,,,,,,,,,,,,,,,,,Pre-em,appila,herbicide,2023-05-31,11.0,6.4,0.0,,,,,,,Trifluralin,L,0.8,
428,APPILA_S6_P0000_R3,2023,5,31,,,,,,,,,,,,,,,,,,Pre-em,appila,herbicide,2023-05-31,11.0,18.400000000000002,0.0,,,,,,,Tri-allate,L,1.6,
429,APPILA_S6_P0000_R3,2023,5,31,,,,,,,,,,,,,,,,,,Pre-em,appila,herbicide,2023-05-31,11.0,21.8,0.0,,,,,,,Propyzamide,L,1.0,
430,APPILA_S6_P0000_R3,2023,5,31,,,,,,,,,,,,,,,,,,at sowing,appila,fertiliser,2023-05-31,8.5,59.8,0.0,,,,,,,MAP,kg,104.0,
431,APPILA_S6_P0000_R3,2023,5,31,,,,,,,,,,,,,,,,,,at sowing with MAP fertiliser,appila,fungicide,2023-05-31,11.0,7.800000000000001,0.0,,,,,,, Flutriafol,L,0.2,
432,APPILA_S6_P0000_R3,2023,5,31,Canola,,,44Y94,,,False,,,sale,5.0,,,10.0,,,On-time,,appila,sowing,2023-05-31,50.0,0.0,0.0,,,,,,,,,,
433,APPILA_S6_P0000_R3,2023,8,17,,,,,,,,,,,,,,,,,,top dressing,appila,fertiliser,2023-08-17,8.5,91.0,0.0,,,,,,,Urea,kg,182.0,
434,APPILA_S6_P0000_R3,2023,11,11,Canola,,,,,,,,,,,,,,,,,,appila,termination,2023-11-11,80.0,0.0,37.32,success,sale,60.0,,,stubble,,,,
435,EDILLILIE_S1.1 _P2121_R1,2023,5,12,,,,,,,,,,,,,,,,,,0.075L/ha applied spike to glyphosate to help control broadleaf weeds. Pre-sow knockdown,edillilie,herbicide,2023-05-12,11.0,1.182,0.0,,,,,,,Oxyflurfen,L,0.075,
436,EDILLILIE_S1.1 _P2121_R1,2023,5,12,,,,,,,,,,,,,,,,,,0.118kg/ha applied pre-em control of ryegrass,edillilie,herbicide,2023-05-12,11.0,40.4976,0.0,,,,,,,Sakura ,kg,0.118,
437,EDILLILIE_S1.1 _P2121_R1,2023,5,12,,,,,,,,,,,,,,,,,,1.5L/ha applied pre-em control wireweed and ryegrass,edillilie,herbicide,2023-05-12,11.0,12.0,0.0,,,,,,,Trifluralin ,L,1.5,
438,EDILLILIE_S1.1 _P2121_R1,2023,5,12,,,,,,,,,,,,,,,,,,"100kg/ha applied at sowing, Impact fungicide applied for early fungal disease control ",edillilie,fertiliser,2023-05-12,8.5,57.49999999999999,0.0,,,,,,,DAP,kg,100.0,
439,EDILLILIE_S1.1 _P2121_R1,2023,5,12,,,,,,,,,,,,,,,,,,"2L/ha applied to volunteer canola, some small ryegrass. Pre-sow knockdown",edillilie,herbicide,2023-05-12,11.0,10.8,0.0,,,,,,,Glyphosate 540g/l,L,2.0,
440,EDILLILIE_S1.1 _P2121_R1,2023,5,12,wheat,,,calibre,,,True,,,sale,180.0,,,50.0,,,On-time,,edillilie,sowing,2023-05-12,50.0,0.0,0.0,,,,,,,,,,
441,EDILLILIE_S1.1 _P2121_R1,2023,5,18,,,,,,,,,,,,,,,,,,"1L/ha applied to control RLEM, Earwigs, slaters, millipedes",edillilie,pesticide,2023-05-18,11.0,11.6,0.0,,,,,,,Pyrenix Super ,L,1.0,faw
442,EDILLILIE_S1.1 _P2121_R1,2023,5,29,,,,,,,,,,,,,,,,,,0.025kg/ha applied post-em control vol canola GS25,edillilie,herbicide,2023-05-29,11.0,12.25,0.0,,,,,,,Paradigm ,kg,0.025,
443,EDILLILIE_S1.1 _P2121_R1,2023,5,29,,,,,,,,,,,,,,,,,,0.35L/ha applied post-em control vol canola GS25,edillilie,herbicide,2023-05-29,11.0,2.849,0.0,,,,,,,MCPA LVE ,L,0.35,
444,EDILLILIE_S1.1 _P2121_R1,2023,5,29,,,,,,,,,,,,,,,,,,"0.3L/ha applied - Prophylactic control of septoria, powdery mildew, eyespot. In line with district practice GS 25",edillilie,fungicide,2023-05-29,11.0,22.349999999999998,0.0,,,,,,,Prosaro ,L,0.3,
445,EDILLILIE_S1.1 _P2121_R1,2023,6,1,wheat,,,,,,,,,,,,,,,,,,edillilie,termination,2023-06-01,80.0,0.0,1330.89,success,sale,4033.0,,,stubble,,,,
446,EDILLILIE_S1.1 _P2121_R1,2023,6,20,,,,,,,,,,,,,,,,,,"100kg/ha applied top dressing, all treatments, early tillering",edillilie,fertiliser,2023-06-20,8.5,50.0,0.0,,,,,,,Urea,kg,100.0,
447,EDILLILIE_S1.1 _P2121_R1,2023,6,29,,,,,,,,,,,,,,,,,,"3L/ha applied as foliar spray, in line with district practice",edillilie,fertiliser,2023-06-29,8.5,21.0,0.0,,,,,,,Smart Trace Triple,L,3.0,
448,EDILLILIE_S1.1 _P2121_R1,2023,7,11,,,,,,,,,,,,,,,,,,100kg/ha applied at top dressing - late tillering,edillilie,fertiliser,2023-07-11,8.5,50.0,0.0,,,,,,,Urea,kg,100.0,
449,EDILLILIE_S1.1 _P2121_R1,2023,9,1,,,,,,,,,,,,,,,,,,0.4L/ha applied - Prophylactic control  sceptoria and powdery mildew control as per district practice ,edillilie,fungicide,2023-09-01,11.0,36.0,0.0,,,,,,,Amistar,L,0.4,
450,EDILLILIE_S1.1 _P2121_R1,2023,12,21,,,,,,,,,,,,,,,,,,0.5L/ha applied to control of summer weeds and volunteer crop as per district practice ,edillilie,herbicide,2023-12-21,11.0,2.95,0.0,,,,,,,"2,4-D",L,0.5,
451,EDILLILIE_S1.1 _P2121_R1,2023,12,21,,,,,,,,,,,,,,,,,,1.5L/ha applied to control of summer weeds and volunteer crop as per district practice ,edillilie,herbicide,2023-12-21,11.0,9.0,0.0,,,,,,,Roundup,L,1.5,
452,EDILLILIE_S1.1_P1212_R1,2023,5,12,,,,,,,,,,,,,,,,,,0.075L/ha applied spike to glyphosate to help control broadleaf weeds. Pre-sow knockdown,edillilie,herbicide,2023-05-12,11.0,1.182,0.0,,,,,,,Oxyflurfen,L,0.075,
453,EDILLILIE_S1.1_P1212_R1,2023,5,12,,,,,,,,,,,,,,,,,,1.5L/ha applied pre-em control wireweed and ryegrass,edillilie,herbicide,2023-05-12,11.0,12.0,0.0,,,,,,,Trifluralin ,L,1.5,
454,EDILLILIE_S1.1_P1212_R1,2023,5,12,,,,,,,,,,,,,,,,,,"150kg/ha applied at sowing, Impact fungicide applied for early fungal disease control ",edillilie,fertiliser,2023-05-12,8.5,97.5,0.0,,,,,,,19:13:0:9,kg,150.0,
455,EDILLILIE_S1.1_P1212_R1,2023,5,12,,,,,,,,,,,,,,,,,,1L/ha applied pre-em control of ryegrass,edillilie,herbicide,2023-05-12,11.0,65.0,0.0,,,,,,,Rustler,L,1.0,
456,EDILLILIE_S1.1_P1212_R1,2023,5,12,,,,,,,,,,,,,,,,,,"2L/ha applied to volunteer canola, some small ryegrass. Pre-sow knockdown",edillilie,herbicide,2023-05-12,11.0,10.8,0.0,,,,,,,Glyphosate 540g/l,L,2.0,
457,EDILLILIE_S1.1_P1212_R1,2023,5,12,canola,,,nuseed emu tf,,,True,,,sale,50.0,,,20.0,,,On-time,,edillilie,sowing,2023-05-12,50.0,0.0,0.0,,,,,,,,,,
458,EDILLILIE_S1.1_P1212_R1,2023,5,18,,,,,,,,,,,,,,,,,,"1L/ha applied to control RLEM, Earwigs, slaters, millipedes",edillilie,pesticide,2023-05-18,11.0,11.6,0.0,,,,,,,Pyrenix Super ,L,1.0,faw
459,EDILLILIE_S1.1_P1212_R1,2023,5,29,,,,,,,,,,,,,,,,,,0.33L/ha applied post-em control of ryegrass GS 6 leaf ,edillilie,herbicide,2023-05-29,11.0,6.765000000000001,0.0,,,,,,,Clethodim,L,0.33,
460,EDILLILIE_S1.1_P1212_R1,2023,5,29,,,,,,,,,,,,,,,,,,1.5L/ha applied post-em control vol canola GS 6 leaf,edillilie,herbicide,2023-05-29,11.0,18.0,0.0,,,,,,,Crucial ,L,1.5,
461,EDILLILIE_S1.1_P1212_R1,2023,5,29,,,,,,,,,,,,,,,,,,"2kg/ha applied to control Slugs, earwigs, snails ",edillilie,pesticide,2023-05-29,11.0,44.0,0.0,,,,,,,Transcend,kg,2.0,faw
462,EDILLILIE_S1.1_P1212_R1,2023,6,1,Canola,,,,,,,,,,,,,,,,,,edillilie,termination,2023-06-01,80.0,0.0,1498.398,success,sale,2409.0,,,stubble,,,,
463,EDILLILIE_S1.1_P1212_R1,2023,6,20,,,,,,,,,,,,,,,,,,"100kg/ha applied at top dressing, all treatments, 4-6 leag",edillilie,fertiliser,2023-06-20,8.5,50.0,0.0,,,,,,,Urea,kg,100.0,
464,EDILLILIE_S1.1_P1212_R1,2023,6,29,,,,,,,,,,,,,,,,,,"3L/ha applied as foliar spray, in line with district practice",edillilie,fertiliser,2023-06-29,8.5,21.0,0.0,,,,,,,Smart Trace Triple,L,3.0,
465,EDILLILIE_S1.1_P1212_R1,2023,7,12,,,,,,,,,,,,,,,,,,100kg/ha applied at top dressing - stem elongation,edillilie,fertiliser,2023-07-12,8.5,50.0,0.0,,,,,,,Urea,kg,100.0,
466,EDILLILIE_S1.1_P1212_R1,2023,7,24,,,,,,,,,,,,,,,,,,0.6L/ha applied - Prophylactic control of UCI Blackleg in line with district practice. ,edillilie,fungicide,2023-07-24,11.0,32.699999999999996,0.0,,,,,,,Aviator Xpro,L,0.6,
467,EDILLILIE_S1.1_P1212_R1,2023,9,11,,,,,,,,,,,,,,,,,,0.1L/ha applied to control of native budworm ,edillilie,pesticide,2023-09-11,11.0,13.5,0.0,,,,,,,Alpha-scud,L,0.1,faw
468,EDILLILIE_S1.1_P1212_R1,2023,12,21,,,,,,,,,,,,,,,,,,0.5L/ha applied to control of summer weeds and volunteer crop as per district practice ,edillilie,herbicide,2023-12-21,11.0,2.95,0.0,,,,,,,"2,4-D",L,0.5,
469,EDILLILIE_S1.1_P1212_R1,2023,12,21,,,,,,,,,,,,,,,,,,1.5L/ha applied to control of summer weeds and volunteer crop as per district practice ,edillilie,herbicide,2023-12-21,11.0,9.0,0.0,,,,,,,Roundup,L,1.5,
470,EDILLILIE_S1.1_P1212_R2,2023,5,12,,,,,,,,,,,,,,,,,,0.075L/ha applied spike to glyphosate to help control broadleaf weeds. Pre-sow knockdown,edillilie,herbicide,2023-05-12,11.0,1.182,0.0,,,,,,,Oxyflurfen,L,0.075,
471,EDILLILIE_S1.1_P1212_R2,2023,5,12,,,,,,,,,,,,,,,,,,1.5L/ha applied pre-em control wireweed and ryegrass,edillilie,herbicide,2023-05-12,11.0,12.0,0.0,,,,,,,Trifluralin ,L,1.5,
472,EDILLILIE_S1.1_P1212_R2,2023,5,12,,,,,,,,,,,,,,,,,,"150kg/ha applied at sowing, Impact fungicide applied for early fungal disease control ",edillilie,fertiliser,2023-05-12,8.5,97.5,0.0,,,,,,,19:13:0:9,kg,150.0,
473,EDILLILIE_S1.1_P1212_R2,2023,5,12,,,,,,,,,,,,,,,,,,1L/ha applied pre-em control of ryegrass,edillilie,herbicide,2023-05-12,11.0,65.0,0.0,,,,,,,Rustler,L,1.0,
474,EDILLILIE_S1.1_P1212_R2,2023,5,12,,,,,,,,,,,,,,,,,,"2L/ha applied to volunteer canola, some small ryegrass. Pre-sow knockdown",edillilie,herbicide,2023-05-12,11.0,10.8,0.0,,,,,,,Glyphosate 540g/l,L,2.0,
475,EDILLILIE_S1.1_P1212_R2,2023,5,12,canola,,,nuseed emu tf,,,True,,,sale,50.0,,,20.0,,,On-time,,edillilie,sowing,2023-05-12,50.0,0.0,0.0,,,,,,,,,,
476,EDILLILIE_S1.1_P1212_R2,2023,5,18,,,,,,,,,,,,,,,,,,"1L/ha applied to control RLEM, Earwigs, slaters, millipedes",edillilie,pesticide,2023-05-18,11.0,11.6,0.0,,,,,,,Pyrenix Super ,L,1.0,faw
477,EDILLILIE_S1.1_P1212_R2,2023,5,29,,,,,,,,,,,,,,,,,,0.33L/ha applied post-em control of ryegrass GS 6 leaf ,edillilie,herbicide,2023-05-29,11.0,6.765000000000001,0.0,,,,,,,Clethodim,L,0.33,
478,EDILLILIE_S1.1_P1212_R2,2023,5,29,,,,,,,,,,,,,,,,,,1.5L/ha applied post-em control vol canola GS 6 leaf,edillilie,herbicide,2023-05-29,11.0,18.0,0.0,,,,,,,Crucial ,L,1.5,
479,EDILLILIE_S1.1_P1212_R2,2023,5,29,,,,,,,,,,,,,,,,,,"2kg/ha applied to control Slugs, earwigs, snails ",edillilie,pesticide,2023-05-29,11.0,44.0,0.0,,,,,,,Transcend,kg,2.0,faw
480,EDILLILIE_S1.1_P1212_R2,2023,6,1,Canola,,,,,,,,,,,,,,,,,,edillilie,termination,2023-06-01,80.0,0.0,937.976,success,sale,1508.0,,,stubble,,,,
481,EDILLILIE_S1.1_P1212_R2,2023,6,20,,,,,,,,,,,,,,,,,,"100kg/ha applied at top dressing, all treatments, 4-6 leag",edillilie,fertiliser,2023-06-20,8.5,50.0,0.0,,,,,,,Urea,kg,100.0,
482,EDILLILIE_S1.1_P1212_R2,2023,6,29,,,,,,,,,,,,,,,,,,"3L/ha applied as foliar spray, in line with district practice",edillilie,fertiliser,2023-06-29,8.5,21.0,0.0,,,,,,,Smart Trace Triple,L,3.0,
483,EDILLILIE_S1.1_P1212_R2,2023,7,12,,,,,,,,,,,,,,,,,,100kg/ha applied at top dressing - stem elongation,edillilie,fertiliser,2023-07-12,8.5,50.0,0.0,,,,,,,Urea,kg,100.0,
484,EDILLILIE_S1.1_P1212_R2,2023,7,24,,,,,,,,,,,,,,,,,,0.6L/ha applied - Prophylactic control of UCI Blackleg in line with district practice. ,edillilie,fungicide,2023-07-24,11.0,32.699999999999996,0.0,,,,,,,Aviator Xpro,L,0.6,
485,EDILLILIE_S1.1_P1212_R2,2023,9,11,,,,,,,,,,,,,,,,,,0.1L/ha applied to control of native budworm ,edillilie,pesticide,2023-09-11,11.0,13.5,0.0,,,,,,,Alpha-scud,L,0.1,faw
486,EDILLILIE_S1.1_P1212_R2,2023,12,21,,,,,,,,,,,,,,,,,,0.5L/ha applied to control of summer weeds and volunteer crop as per district practice ,edillilie,herbicide,2023-12-21,11.0,2.95,0.0,,,,,,,"2,4-D",L,0.5,
487,EDILLILIE_S1.1_P1212_R2,2023,12,21,,,,,,,,,,,,,,,,,,1.5L/ha applied to control of summer weeds and volunteer crop as per district practice ,edillilie,herbicide,2023-12-21,11.0,9.0,0.0,,,,,,,Roundup,L,1.5,
488,EDILLILIE_S1.1_P1212_R3,2023,5,12,,,,,,,,,,,,,,,,,,0.075L/ha applied spike to glyphosate to help control broadleaf weeds. Pre-sow knockdown,edillilie,herbicide,2023-05-12,11.0,1.182,0.0,,,,,,,Oxyflurfen,L,0.075,
489,EDILLILIE_S1.1_P1212_R3,2023,5,12,,,,,,,,,,,,,,,,,,1.5L/ha applied pre-em control wireweed and ryegrass,edillilie,herbicide,2023-05-12,11.0,12.0,0.0,,,,,,,Trifluralin ,L,1.5,
490,EDILLILIE_S1.1_P1212_R3,2023,5,12,,,,,,,,,,,,,,,,,,"150kg/ha applied at sowing, Impact fungicide applied for early fungal disease control ",edillilie,fertiliser,2023-05-12,8.5,97.5,0.0,,,,,,,19:13:0:9,kg,150.0,
491,EDILLILIE_S1.1_P1212_R3,2023,5,12,,,,,,,,,,,,,,,,,,1L/ha applied pre-em control of ryegrass,edillilie,herbicide,2023-05-12,11.0,65.0,0.0,,,,,,,Rustler,L,1.0,
492,EDILLILIE_S1.1_P1212_R3,2023,5,12,,,,,,,,,,,,,,,,,,"2L/ha applied to volunteer canola, some small ryegrass. Pre-sow knockdown",edillilie,herbicide,2023-05-12,11.0,10.8,0.0,,,,,,,Glyphosate 540g/l,L,2.0,
493,EDILLILIE_S1.1_P1212_R3,2023,5,12,canola,,,nuseed emu tf,,,True,,,sale,50.0,,,20.0,,,On-time,,edillilie,sowing,2023-05-12,50.0,0.0,0.0,,,,,,,,,,
494,EDILLILIE_S1.1_P1212_R3,2023,5,18,,,,,,,,,,,,,,,,,,"1L/ha applied to control RLEM, Earwigs, slaters, millipedes",edillilie,pesticide,2023-05-18,11.0,11.6,0.0,,,,,,,Pyrenix Super ,L,1.0,faw
495,EDILLILIE_S1.1_P1212_R3,2023,5,29,,,,,,,,,,,,,,,,,,0.33L/ha applied post-em control of ryegrass GS 6 leaf ,edillilie,herbicide,2023-05-29,11.0,6.765000000000001,0.0,,,,,,,Clethodim,L,0.33,
496,EDILLILIE_S1.1_P1212_R3,2023,5,29,,,,,,,,,,,,,,,,,,1.5L/ha applied post-em control vol canola GS 6 leaf,edillilie,herbicide,2023-05-29,11.0,18.0,0.0,,,,,,,Crucial ,L,1.5,
497,EDILLILIE_S1.1_P1212_R3,2023,5,29,,,,,,,,,,,,,,,,,,"2kg/ha applied to control Slugs, earwigs, snails ",edillilie,pesticide,2023-05-29,11.0,44.0,0.0,,,,,,,Transcend,kg,2.0,faw
498,EDILLILIE_S1.1_P1212_R3,2023,6,1,Canola,,,,,,,,,,,,,,,,,,edillilie,termination,2023-06-01,80.0,0.0,1053.046,success,sale,1693.0,,,stubble,,,,
499,EDILLILIE_S1.1_P1212_R3,2023,6,20,,,,,,,,,,,,,,,,,,"100kg/ha applied at top dressing, all treatments, 4-6 leag",edillilie,fertiliser,2023-06-20,8.5,50.0,0.0,,,,,,,Urea,kg,100.0,
500,EDILLILIE_S1.1_P1212_R3,2023,6,29,,,,,,,,,,,,,,,,,,"3L/ha applied as foliar spray, in line with district practice",edillilie,fertiliser,2023-06-29,8.5,21.0,0.0,,,,,,,Smart Trace Triple,L,3.0,
501,EDILLILIE_S1.1_P1212_R3,2023,7,12,,,,,,,,,,,,,,,,,,100kg/ha applied at top dressing - stem elongation,edillilie,fertiliser,2023-07-12,8.5,50.0,0.0,,,,,,,Urea,kg,100.0,
502,EDILLILIE_S1.1_P1212_R3,2023,7,24,,,,,,,,,,,,,,,,,,0.6L/ha applied - Prophylactic control of UCI Blackleg in line with district practice. ,edillilie,fungicide,2023-07-24,11.0,32.699999999999996,0.0,,,,,,,Aviator Xpro,L,0.6,
503,EDILLILIE_S1.1_P1212_R3,2023,9,11,,,,,,,,,,,,,,,,,,0.1L/ha applied to control of native budworm ,edillilie,pesticide,2023-09-11,11.0,13.5,0.0,,,,,,,Alpha-scud,L,0.1,faw
504,EDILLILIE_S1.1_P1212_R3,2023,12,21,,,,,,,,,,,,,,,,,,0.5L/ha applied to control of summer weeds and volunteer crop as per district practice ,edillilie,herbicide,2023-12-21,11.0,2.95,0.0,,,,,,,"2,4-D",L,0.5,
505,EDILLILIE_S1.1_P1212_R3,2023,12,21,,,,,,,,,,,,,,,,,,1.5L/ha applied to control of summer weeds and volunteer crop as per district practice ,edillilie,herbicide,2023-12-21,11.0,9.0,0.0,,,,,,,Roundup,L,1.5,
506,EDILLILIE_S1.1_P2121_R2,2023,5,12,,,,,,,,,,,,,,,,,,0.075L/ha applied spike to glyphosate to help control broadleaf weeds. Pre-sow knockdown,edillilie,herbicide,2023-05-12,11.0,1.182,0.0,,,,,,,Oxyflurfen,L,0.075,
507,EDILLILIE_S1.1_P2121_R2,2023,5,12,,,,,,,,,,,,,,,,,,0.118kg/ha applied pre-em control of ryegrass,edillilie,herbicide,2023-05-12,11.0,40.4976,0.0,,,,,,,Sakura ,kg,0.118,
508,EDILLILIE_S1.1_P2121_R2,2023,5,12,,,,,,,,,,,,,,,,,,1.5L/ha applied pre-em control wireweed and ryegrass,edillilie,herbicide,2023-05-12,11.0,12.0,0.0,,,,,,,Trifluralin ,L,1.5,
509,EDILLILIE_S1.1_P2121_R2,2023,5,12,,,,,,,,,,,,,,,,,,"100kg/ha applied at sowing, Impact fungicide applied for early fungal disease control ",edillilie,fertiliser,2023-05-12,8.5,57.49999999999999,0.0,,,,,,,DAP,kg,100.0,
510,EDILLILIE_S1.1_P2121_R2,2023,5,12,,,,,,,,,,,,,,,,,,"2L/ha applied to volunteer canola, some small ryegrass. Pre-sow knockdown",edillilie,herbicide,2023-05-12,11.0,10.8,0.0,,,,,,,Glyphosate 540g/l,L,2.0,
511,EDILLILIE_S1.1_P2121_R2,2023,5,12,wheat,,,calibre,,,True,,,sale,180.0,,,50.0,,,On-time,,edillilie,sowing,2023-05-12,50.0,0.0,0.0,,,,,,,,,,
512,EDILLILIE_S1.1_P2121_R2,2023,5,18,,,,,,,,,,,,,,,,,,"1L/ha applied to control RLEM, Earwigs, slaters, millipedes",edillilie,pesticide,2023-05-18,11.0,11.6,0.0,,,,,,,Pyrenix Super ,L,1.0,faw
513,EDILLILIE_S1.1_P2121_R2,2023,5,29,,,,,,,,,,,,,,,,,,0.025kg/ha applied post-em control vol canola GS25,edillilie,herbicide,2023-05-29,11.0,12.25,0.0,,,,,,,Paradigm ,kg,0.025,
514,EDILLILIE_S1.1_P2121_R2,2023,5,29,,,,,,,,,,,,,,,,,,0.35L/ha applied post-em control vol canola GS25,edillilie,herbicide,2023-05-29,11.0,2.849,0.0,,,,,,,MCPA LVE ,L,0.35,
515,EDILLILIE_S1.1_P2121_R2,2023,5,29,,,,,,,,,,,,,,,,,,"0.3L/ha applied - Prophylactic control of septoria, powdery mildew, eyespot. In line with district practice GS 25",edillilie,fungicide,2023-05-29,11.0,22.349999999999998,0.0,,,,,,,Prosaro ,L,0.3,
516,EDILLILIE_S1.1_P2121_R2,2023,6,1,wheat,,,,,,,,,,,,,,,,,,edillilie,termination,2023-06-01,80.0,0.0,1219.3500000000001,success,sale,3695.0,,,stubble,,,,
517,EDILLILIE_S1.1_P2121_R2,2023,6,20,,,,,,,,,,,,,,,,,,"100kg/ha applied top dressing, all treatments, early tillering",edillilie,fertiliser,2023-06-20,8.5,50.0,0.0,,,,,,,Urea,kg,100.0,
518,EDILLILIE_S1.1_P2121_R2,2023,6,29,,,,,,,,,,,,,,,,,,"3L/ha applied as foliar spray, in line with district practice",edillilie,fertiliser,2023-06-29,8.5,21.0,0.0,,,,,,,Smart Trace Triple,L,3.0,
519,EDILLILIE_S1.1_P2121_R2,2023,7,11,,,,,,,,,,,,,,,,,,100kg/ha applied at top dressing - late tillering,edillilie,fertiliser,2023-07-11,8.5,50.0,0.0,,,,,,,Urea,kg,100.0,
520,EDILLILIE_S1.1_P2121_R2,2023,9,1,,,,,,,,,,,,,,,,,,0.4L/ha applied - Prophylactic control  sceptoria and powdery mildew control as per district practice ,edillilie,fungicide,2023-09-01,11.0,36.0,0.0,,,,,,,Amistar,L,0.4,
521,EDILLILIE_S1.1_P2121_R2,2023,12,21,,,,,,,,,,,,,,,,,,0.5L/ha applied to control of summer weeds and volunteer crop as per district practice ,edillilie,herbicide,2023-12-21,11.0,2.95,0.0,,,,,,,"2,4-D",L,0.5,
522,EDILLILIE_S1.1_P2121_R2,2023,12,21,,,,,,,,,,,,,,,,,,1.5L/ha applied to control of summer weeds and volunteer crop as per district practice ,edillilie,herbicide,2023-12-21,11.0,9.0,0.0,,,,,,,Roundup,L,1.5,
523,EDILLILIE_S1.1_P2121_R3,2023,5,12,,,,,,,,,,,,,,,,,,0.075L/ha applied spike to glyphosate to help control broadleaf weeds. Pre-sow knockdown,edillilie,herbicide,2023-05-12,11.0,1.182,0.0,,,,,,,Oxyflurfen,L,0.075,
524,EDILLILIE_S1.1_P2121_R3,2023,5,12,,,,,,,,,,,,,,,,,,0.118kg/ha applied pre-em control of ryegrass,edillilie,herbicide,2023-05-12,11.0,40.4976,0.0,,,,,,,Sakura ,kg,0.118,
525,EDILLILIE_S1.1_P2121_R3,2023,5,12,,,,,,,,,,,,,,,,,,1.5L/ha applied pre-em control wireweed and ryegrass,edillilie,herbicide,2023-05-12,11.0,12.0,0.0,,,,,,,Trifluralin ,L,1.5,
526,EDILLILIE_S1.1_P2121_R3,2023,5,12,,,,,,,,,,,,,,,,,,"100kg/ha applied at sowing, Impact fungicide applied for early fungal disease control ",edillilie,fertiliser,2023-05-12,8.5,57.49999999999999,0.0,,,,,,,DAP,kg,100.0,
527,EDILLILIE_S1.1_P2121_R3,2023,5,12,,,,,,,,,,,,,,,,,,"2L/ha applied to volunteer canola, some small ryegrass. Pre-sow knockdown",edillilie,herbicide,2023-05-12,11.0,10.8,0.0,,,,,,,Glyphosate 540g/l,L,2.0,
528,EDILLILIE_S1.1_P2121_R3,2023,5,12,wheat,,,calibre,,,True,,,sale,180.0,,,50.0,,,On-time,,edillilie,sowing,2023-05-12,50.0,0.0,0.0,,,,,,,,,,
529,EDILLILIE_S1.1_P2121_R3,2023,5,18,,,,,,,,,,,,,,,,,,"1L/ha applied to control RLEM, Earwigs, slaters, millipedes",edillilie,pesticide,2023-05-18,11.0,11.6,0.0,,,,,,,Pyrenix Super ,L,1.0,faw
530,EDILLILIE_S1.1_P2121_R3,2023,5,29,,,,,,,,,,,,,,,,,,0.025kg/ha applied post-em control vol canola GS25,edillilie,herbicide,2023-05-29,11.0,12.25,0.0,,,,,,,Paradigm ,kg,0.025,
531,EDILLILIE_S1.1_P2121_R3,2023,5,29,,,,,,,,,,,,,,,,,,0.35L/ha applied post-em control vol canola GS25,edillilie,herbicide,2023-05-29,11.0,2.849,0.0,,,,,,,MCPA LVE ,L,0.35,
532,EDILLILIE_S1.1_P2121_R3,2023,5,29,,,,,,,,,,,,,,,,,,"0.3L/ha applied - Prophylactic control of septoria, powdery mildew, eyespot. In line with district practice GS 25",edillilie,fungicide,2023-05-29,11.0,22.349999999999998,0.0,,,,,,,Prosaro ,L,0.3,
533,EDILLILIE_S1.1_P2121_R3,2023,6,1,wheat,,,,,,,,,,,,,,,,,,edillilie,termination,2023-06-01,80.0,0.0,1335.8400000000001,success,sale,4048.0,,,stubble,,,,
534,EDILLILIE_S1.1_P2121_R3,2023,6,20,,,,,,,,,,,,,,,,,,"100kg/ha applied top dressing, all treatments, early tillering",edillilie,fertiliser,2023-06-20,8.5,50.0,0.0,,,,,,,Urea,kg,100.0,
535,EDILLILIE_S1.1_P2121_R3,2023,6,29,,,,,,,,,,,,,,,,,,"3L/ha applied as foliar spray, in line with district practice",edillilie,fertiliser,2023-06-29,8.5,21.0,0.0,,,,,,,Smart Trace Triple,L,3.0,
536,EDILLILIE_S1.1_P2121_R3,2023,7,11,,,,,,,,,,,,,,,,,,100kg/ha applied at top dressing - late tillering,edillilie,fertiliser,2023-07-11,8.5,50.0,0.0,,,,,,,Urea,kg,100.0,
537,EDILLILIE_S1.1_P2121_R3,2023,9,1,,,,,,,,,,,,,,,,,,0.4L/ha applied - Prophylactic control  sceptoria and powdery mildew control as per district practice ,edillilie,fungicide,2023-09-01,11.0,36.0,0.0,,,,,,,Amistar,L,0.4,
538,EDILLILIE_S1.1_P2121_R3,2023,12,21,,,,,,,,,,,,,,,,,,0.5L/ha applied to control of summer weeds and volunteer crop as per district practice ,edillilie,herbicide,2023-12-21,11.0,2.95,0.0,,,,,,,"2,4-D",L,0.5,
539,EDILLILIE_S1.1_P2121_R3,2023,12,21,,,,,,,,,,,,,,,,,,1.5L/ha applied to control of summer weeds and volunteer crop as per district practice ,edillilie,herbicide,2023-12-21,11.0,9.0,0.0,,,,,,,Roundup,L,1.5,
540,EDILLILIE_S1.2 _P1212_R1,2023,5,12,,,,,,,,,,,,,,,,,,0.075L/ha applied spike to glyphosate to help control broadleaf weeds. Pre-sow knockdown,edillilie,herbicide,2023-05-12,11.0,1.182,0.0,,,,,,,Oxyflurfen,L,0.075,
541,EDILLILIE_S1.2 _P1212_R1,2023,5,12,,,,,,,,,,,,,,,,,,1.5L/ha applied pre-em control wireweed and ryegrass,edillilie,herbicide,2023-05-12,11.0,12.0,0.0,,,,,,,Trifluralin ,L,1.5,
542,EDILLILIE_S1.2 _P1212_R1,2023,5,12,,,,,,,,,,,,,,,,,,"150kg/ha applied at sowing, Impact fungicide applied for early fungal disease control ",edillilie,fertiliser,2023-05-12,8.5,97.5,0.0,,,,,,,19:13:0:9,kg,150.0,
543,EDILLILIE_S1.2 _P1212_R1,2023,5,12,,,,,,,,,,,,,,,,,,1L/ha applied pre-em control of ryegrass,edillilie,herbicide,2023-05-12,11.0,65.0,0.0,,,,,,,Rustler,L,1.0,
544,EDILLILIE_S1.2 _P1212_R1,2023,5,12,,,,,,,,,,,,,,,,,,"2L/ha applied to volunteer canola, some small ryegrass. Pre-sow knockdown",edillilie,herbicide,2023-05-12,11.0,10.8,0.0,,,,,,,Glyphosate 540g/l,L,2.0,
545,EDILLILIE_S1.2 _P1212_R1,2023,5,12,canola,,,nuseed emu tf,,,True,,,sale,50.0,,,20.0,,,On-time,,edillilie,sowing,2023-05-12,50.0,0.0,0.0,,,,,,,,,,
546,EDILLILIE_S1.2 _P1212_R1,2023,5,18,,,,,,,,,,,,,,,,,,"1L/ha applied to control RLEM, Earwigs, slaters, millipedes",edillilie,pesticide,2023-05-18,11.0,11.6,0.0,,,,,,,Pyrenix Super ,L,1.0,faw
547,EDILLILIE_S1.2 _P1212_R1,2023,5,29,,,,,,,,,,,,,,,,,,0.33L/ha applied post-em control of ryegrass GS 6 leaf ,edillilie,herbicide,2023-05-29,11.0,6.765000000000001,0.0,,,,,,,Clethodim,L,0.33,
548,EDILLILIE_S1.2 _P1212_R1,2023,5,29,,,,,,,,,,,,,,,,,,1.5L/ha applied post-em control vol canola GS 6 leaf,edillilie,herbicide,2023-05-29,11.0,18.0,0.0,,,,,,,Crucial ,L,1.5,
549,EDILLILIE_S1.2 _P1212_R1,2023,5,29,,,,,,,,,,,,,,,,,,"2kg/ha applied to control Slugs, earwigs, snails ",edillilie,pesticide,2023-05-29,11.0,44.0,0.0,,,,,,,Transcend,kg,2.0,faw
550,EDILLILIE_S1.2 _P1212_R1,2023,6,1,Canola,,,,,,,,,,,,,,,,,,edillilie,termination,2023-06-01,80.0,0.0,1288.162,success,sale,2071.0,,,stubble,,,,
551,EDILLILIE_S1.2 _P1212_R1,2023,6,20,,,,,,,,,,,,,,,,,,"100kg/ha applied at top dressing, all treatments, 4-6 leag",edillilie,fertiliser,2023-06-20,8.5,50.0,0.0,,,,,,,Urea,kg,100.0,
552,EDILLILIE_S1.2 _P1212_R1,2023,6,29,,,,,,,,,,,,,,,,,,"3L/ha applied as foliar spray, in line with district practice",edillilie,fertiliser,2023-06-29,8.5,21.0,0.0,,,,,,,Smart Trace Triple,L,3.0,
553,EDILLILIE_S1.2 _P1212_R1,2023,7,24,,,,,,,,,,,,,,,,,,0.6L/ha applied - Prophylactic control of UCI Blackleg in line with district practice. ,edillilie,fungicide,2023-07-24,11.0,32.699999999999996,0.0,,,,,,,Aviator Xpro,L,0.6,
554,EDILLILIE_S1.2 _P1212_R1,2023,9,11,,,,,,,,,,,,,,,,,,0.1L/ha applied to control of native budworm ,edillilie,pesticide,2023-09-11,11.0,13.5,0.0,,,,,,,Alpha-scud,L,0.1,faw
555,EDILLILIE_S1.2 _P1212_R1,2023,12,21,,,,,,,,,,,,,,,,,,0.5L/ha applied to control of summer weeds and volunteer crop as per district practice ,edillilie,herbicide,2023-12-21,11.0,2.95,0.0,,,,,,,"2,4-D",L,0.5,
556,EDILLILIE_S1.2 _P1212_R1,2023,12,21,,,,,,,,,,,,,,,,,,1.5L/ha applied to control of summer weeds and volunteer crop as per district practice ,edillilie,herbicide,2023-12-21,11.0,9.0,0.0,,,,,,,Roundup,L,1.5,
557,EDILLILIE_S1.2 _P1212_R2,2023,5,12,,,,,,,,,,,,,,,,,,0.075L/ha applied spike to glyphosate to help control broadleaf weeds. Pre-sow knockdown,edillilie,herbicide,2023-05-12,11.0,1.182,0.0,,,,,,,Oxyflurfen,L,0.075,
558,EDILLILIE_S1.2 _P1212_R2,2023,5,12,,,,,,,,,,,,,,,,,,1.5L/ha applied pre-em control wireweed and ryegrass,edillilie,herbicide,2023-05-12,11.0,12.0,0.0,,,,,,,Trifluralin ,L,1.5,
559,EDILLILIE_S1.2 _P1212_R2,2023,5,12,,,,,,,,,,,,,,,,,,"150kg/ha applied at sowing, Impact fungicide applied for early fungal disease control ",edillilie,fertiliser,2023-05-12,8.5,97.5,0.0,,,,,,,19:13:0:9,kg,150.0,
560,EDILLILIE_S1.2 _P1212_R2,2023,5,12,,,,,,,,,,,,,,,,,,1L/ha applied pre-em control of ryegrass,edillilie,herbicide,2023-05-12,11.0,65.0,0.0,,,,,,,Rustler,L,1.0,
561,EDILLILIE_S1.2 _P1212_R2,2023,5,12,,,,,,,,,,,,,,,,,,"2L/ha applied to volunteer canola, some small ryegrass. Pre-sow knockdown",edillilie,herbicide,2023-05-12,11.0,10.8,0.0,,,,,,,Glyphosate 540g/l,L,2.0,
562,EDILLILIE_S1.2 _P1212_R2,2023,5,12,canola,,,nuseed emu tf,,,True,,,sale,50.0,,,20.0,,,On-time,,edillilie,sowing,2023-05-12,50.0,0.0,0.0,,,,,,,,,,
563,EDILLILIE_S1.2 _P1212_R2,2023,5,18,,,,,,,,,,,,,,,,,,"1L/ha applied to control RLEM, Earwigs, slaters, millipedes",edillilie,pesticide,2023-05-18,11.0,11.6,0.0,,,,,,,Pyrenix Super ,L,1.0,faw
564,EDILLILIE_S1.2 _P1212_R2,2023,5,29,,,,,,,,,,,,,,,,,,0.33L/ha applied post-em control of ryegrass GS 6 leaf ,edillilie,herbicide,2023-05-29,11.0,6.765000000000001,0.0,,,,,,,Clethodim,L,0.33,
565,EDILLILIE_S1.2 _P1212_R2,2023,5,29,,,,,,,,,,,,,,,,,,1.5L/ha applied post-em control vol canola GS 6 leaf,edillilie,herbicide,2023-05-29,11.0,18.0,0.0,,,,,,,Crucial ,L,1.5,
566,EDILLILIE_S1.2 _P1212_R2,2023,5,29,,,,,,,,,,,,,,,,,,"2kg/ha applied to control Slugs, earwigs, snails ",edillilie,pesticide,2023-05-29,11.0,44.0,0.0,,,,,,,Transcend,kg,2.0,faw
567,EDILLILIE_S1.2 _P1212_R2,2023,6,1,Canola,,,,,,,,,,,,,,,,,,edillilie,termination,2023-06-01,80.0,0.0,842.188,success,sale,1354.0,,,stubble,,,,
568,EDILLILIE_S1.2 _P1212_R2,2023,6,20,,,,,,,,,,,,,,,,,,"100kg/ha applied at top dressing, all treatments, 4-6 leag",edillilie,fertiliser,2023-06-20,8.5,50.0,0.0,,,,,,,Urea,kg,100.0,
569,EDILLILIE_S1.2 _P1212_R2,2023,6,29,,,,,,,,,,,,,,,,,,"3L/ha applied as foliar spray, in line with district practice",edillilie,fertiliser,2023-06-29,8.5,21.0,0.0,,,,,,,Smart Trace Triple,L,3.0,
570,EDILLILIE_S1.2 _P1212_R2,2023,7,24,,,,,,,,,,,,,,,,,,0.6L/ha applied - Prophylactic control of UCI Blackleg in line with district practice. ,edillilie,fungicide,2023-07-24,11.0,32.699999999999996,0.0,,,,,,,Aviator Xpro,L,0.6,
571,EDILLILIE_S1.2 _P1212_R2,2023,9,11,,,,,,,,,,,,,,,,,,0.1L/ha applied to control of native budworm ,edillilie,pesticide,2023-09-11,11.0,13.5,0.0,,,,,,,Alpha-scud,L,0.1,faw
572,EDILLILIE_S1.2 _P1212_R2,2023,12,21,,,,,,,,,,,,,,,,,,0.5L/ha applied to control of summer weeds and volunteer crop as per district practice ,edillilie,herbicide,2023-12-21,11.0,2.95,0.0,,,,,,,"2,4-D",L,0.5,
573,EDILLILIE_S1.2 _P1212_R2,2023,12,21,,,,,,,,,,,,,,,,,,1.5L/ha applied to control of summer weeds and volunteer crop as per district practice ,edillilie,herbicide,2023-12-21,11.0,9.0,0.0,,,,,,,Roundup,L,1.5,
574,EDILLILIE_S1.2 _P1212_R3,2023,5,12,,,,,,,,,,,,,,,,,,0.075L/ha applied spike to glyphosate to help control broadleaf weeds. Pre-sow knockdown,edillilie,herbicide,2023-05-12,11.0,1.182,0.0,,,,,,,Oxyflurfen,L,0.075,
575,EDILLILIE_S1.2 _P1212_R3,2023,5,12,,,,,,,,,,,,,,,,,,1.5L/ha applied pre-em control wireweed and ryegrass,edillilie,herbicide,2023-05-12,11.0,12.0,0.0,,,,,,,Trifluralin ,L,1.5,
576,EDILLILIE_S1.2 _P1212_R3,2023,5,12,,,,,,,,,,,,,,,,,,"150kg/ha applied at sowing, Impact fungicide applied for early fungal disease control ",edillilie,fertiliser,2023-05-12,8.5,97.5,0.0,,,,,,,19:13:0:9,kg,150.0,
577,EDILLILIE_S1.2 _P1212_R3,2023,5,12,,,,,,,,,,,,,,,,,,1L/ha applied pre-em control of ryegrass,edillilie,herbicide,2023-05-12,11.0,65.0,0.0,,,,,,,Rustler,L,1.0,
578,EDILLILIE_S1.2 _P1212_R3,2023,5,12,,,,,,,,,,,,,,,,,,"2L/ha applied to volunteer canola, some small ryegrass. Pre-sow knockdown",edillilie,herbicide,2023-05-12,11.0,10.8,0.0,,,,,,,Glyphosate 540g/l,L,2.0,
579,EDILLILIE_S1.2 _P1212_R3,2023,5,12,canola,,,nuseed emu tf,,,True,,,sale,50.0,,,20.0,,,On-time,,edillilie,sowing,2023-05-12,50.0,0.0,0.0,,,,,,,,,,
580,EDILLILIE_S1.2 _P1212_R3,2023,5,18,,,,,,,,,,,,,,,,,,"1L/ha applied to control RLEM, Earwigs, slaters, millipedes",edillilie,pesticide,2023-05-18,11.0,11.6,0.0,,,,,,,Pyrenix Super ,L,1.0,faw
581,EDILLILIE_S1.2 _P1212_R3,2023,5,29,,,,,,,,,,,,,,,,,,0.33L/ha applied post-em control of ryegrass GS 6 leaf ,edillilie,herbicide,2023-05-29,11.0,6.765000000000001,0.0,,,,,,,Clethodim,L,0.33,
582,EDILLILIE_S1.2 _P1212_R3,2023,5,29,,,,,,,,,,,,,,,,,,1.5L/ha applied post-em control vol canola GS 6 leaf,edillilie,herbicide,2023-05-29,11.0,18.0,0.0,,,,,,,Crucial ,L,1.5,
583,EDILLILIE_S1.2 _P1212_R3,2023,5,29,,,,,,,,,,,,,,,,,,"2kg/ha applied to control Slugs, earwigs, snails ",edillilie,pesticide,2023-05-29,11.0,44.0,0.0,,,,,,,Transcend,kg,2.0,faw
584,EDILLILIE_S1.2 _P1212_R3,2023,6,1,Canola,,,,,,,,,,,,,,,,,,edillilie,termination,2023-06-01,80.0,0.0,914.34,success,sale,1470.0,,,stubble,,,,
585,EDILLILIE_S1.2 _P1212_R3,2023,6,20,,,,,,,,,,,,,,,,,,"100kg/ha applied at top dressing, all treatments, 4-6 leag",edillilie,fertiliser,2023-06-20,8.5,50.0,0.0,,,,,,,Urea,kg,100.0,
586,EDILLILIE_S1.2 _P1212_R3,2023,6,29,,,,,,,,,,,,,,,,,,"3L/ha applied as foliar spray, in line with district practice",edillilie,fertiliser,2023-06-29,8.5,21.0,0.0,,,,,,,Smart Trace Triple,L,3.0,
587,EDILLILIE_S1.2 _P1212_R3,2023,7,24,,,,,,,,,,,,,,,,,,0.6L/ha applied - Prophylactic control of UCI Blackleg in line with district practice. ,edillilie,fungicide,2023-07-24,11.0,32.699999999999996,0.0,,,,,,,Aviator Xpro,L,0.6,
588,EDILLILIE_S1.2 _P1212_R3,2023,9,11,,,,,,,,,,,,,,,,,,0.1L/ha applied to control of native budworm ,edillilie,pesticide,2023-09-11,11.0,13.5,0.0,,,,,,,Alpha-scud,L,0.1,faw
589,EDILLILIE_S1.2 _P1212_R3,2023,12,21,,,,,,,,,,,,,,,,,,0.5L/ha applied to control of summer weeds and volunteer crop as per district practice ,edillilie,herbicide,2023-12-21,11.0,2.95,0.0,,,,,,,"2,4-D",L,0.5,
590,EDILLILIE_S1.2 _P1212_R3,2023,12,21,,,,,,,,,,,,,,,,,,1.5L/ha applied to control of summer weeds and volunteer crop as per district practice ,edillilie,herbicide,2023-12-21,11.0,9.0,0.0,,,,,,,Roundup,L,1.5,
591,EDILLILIE_S1.2 _P2121_R1,2023,5,12,,,,,,,,,,,,,,,,,,0.075L/ha applied spike to glyphosate to help control broadleaf weeds. Pre-sow knockdown,edillilie,herbicide,2023-05-12,11.0,1.182,0.0,,,,,,,Oxyflurfen,L,0.075,
592,EDILLILIE_S1.2 _P2121_R1,2023,5,12,,,,,,,,,,,,,,,,,,0.118kg/ha applied pre-em control of ryegrass,edillilie,herbicide,2023-05-12,11.0,40.4976,0.0,,,,,,,Sakura ,kg,0.118,
593,EDILLILIE_S1.2 _P2121_R1,2023,5,12,,,,,,,,,,,,,,,,,,1.5L/ha applied pre-em control wireweed and ryegrass,edillilie,herbicide,2023-05-12,11.0,12.0,0.0,,,,,,,Trifluralin ,L,1.5,
594,EDILLILIE_S1.2 _P2121_R1,2023,5,12,,,,,,,,,,,,,,,,,,"100kg/ha applied at sowing, Impact fungicide applied for early fungal disease control ",edillilie,fertiliser,2023-05-12,8.5,57.49999999999999,0.0,,,,,,,DAP,kg,100.0,
595,EDILLILIE_S1.2 _P2121_R1,2023,5,12,,,,,,,,,,,,,,,,,,"2L/ha applied to volunteer canola, some small ryegrass. Pre-sow knockdown",edillilie,herbicide,2023-05-12,11.0,10.8,0.0,,,,,,,Glyphosate 540g/l,L,2.0,
596,EDILLILIE_S1.2 _P2121_R1,2023,5,12,wheat,,,calibre,,,True,,,sale,180.0,,,50.0,,,On-time,,edillilie,sowing,2023-05-12,50.0,0.0,0.0,,,,,,,,,,
597,EDILLILIE_S1.2 _P2121_R1,2023,5,18,,,,,,,,,,,,,,,,,,"1L/ha applied to control RLEM, Earwigs, slaters, millipedes",edillilie,pesticide,2023-05-18,11.0,11.6,0.0,,,,,,,Pyrenix Super ,L,1.0,faw
598,EDILLILIE_S1.2 _P2121_R1,2023,5,29,,,,,,,,,,,,,,,,,,0.025kg/ha applied post-em control vol canola GS25,edillilie,herbicide,2023-05-29,11.0,12.25,0.0,,,,,,,Paradigm ,kg,0.025,
599,EDILLILIE_S1.2 _P2121_R1,2023,5,29,,,,,,,,,,,,,,,,,,0.35L/ha applied post-em control vol canola GS25,edillilie,herbicide,2023-05-29,11.0,2.849,0.0,,,,,,,MCPA LVE ,L,0.35,
600,EDILLILIE_S1.2 _P2121_R1,2023,5,29,,,,,,,,,,,,,,,,,,"0.3L/ha applied - Prophylactic control of septoria, powdery mildew, eyespot. In line with district practice GS 25",edillilie,fungicide,2023-05-29,11.0,22.349999999999998,0.0,,,,,,,Prosaro ,L,0.3,
601,EDILLILIE_S1.2 _P2121_R1,2023,6,1,wheat,,,,,,,,,,,,,,,,,,edillilie,termination,2023-06-01,80.0,0.0,1400.19,success,sale,4243.0,,,stubble,,,,
602,EDILLILIE_S1.2 _P2121_R1,2023,6,20,,,,,,,,,,,,,,,,,,"100kg/ha applied top dressing, all treatments, early tillering",edillilie,fertiliser,2023-06-20,8.5,50.0,0.0,,,,,,,Urea,kg,100.0,
603,EDILLILIE_S1.2 _P2121_R1,2023,6,29,,,,,,,,,,,,,,,,,,"3L/ha applied as foliar spray, in line with district practice",edillilie,fertiliser,2023-06-29,8.5,21.0,0.0,,,,,,,Smart Trace Triple,L,3.0,
604,EDILLILIE_S1.2 _P2121_R1,2023,9,1,,,,,,,,,,,,,,,,,,0.4L/ha applied - Prophylactic control  sceptoria and powdery mildew control as per district practice ,edillilie,fungicide,2023-09-01,11.0,36.0,0.0,,,,,,,Amistar,L,0.4,
605,EDILLILIE_S1.2 _P2121_R1,2023,12,21,,,,,,,,,,,,,,,,,,0.5L/ha applied to control of summer weeds and volunteer crop as per district practice ,edillilie,herbicide,2023-12-21,11.0,2.95,0.0,,,,,,,"2,4-D",L,0.5,
606,EDILLILIE_S1.2 _P2121_R1,2023,12,21,,,,,,,,,,,,,,,,,,1.5L/ha applied to control of summer weeds and volunteer crop as per district practice ,edillilie,herbicide,2023-12-21,11.0,9.0,0.0,,,,,,,Roundup,L,1.5,
607,EDILLILIE_S1.2 _P2121_R2,2023,5,12,,,,,,,,,,,,,,,,,,0.075L/ha applied spike to glyphosate to help control broadleaf weeds. Pre-sow knockdown,edillilie,herbicide,2023-05-12,11.0,1.182,0.0,,,,,,,Oxyflurfen,L,0.075,
608,EDILLILIE_S1.2 _P2121_R2,2023,5,12,,,,,,,,,,,,,,,,,,0.118kg/ha applied pre-em control of ryegrass,edillilie,herbicide,2023-05-12,11.0,40.4976,0.0,,,,,,,Sakura ,kg,0.118,
609,EDILLILIE_S1.2 _P2121_R2,2023,5,12,,,,,,,,,,,,,,,,,,1.5L/ha applied pre-em control wireweed and ryegrass,edillilie,herbicide,2023-05-12,11.0,12.0,0.0,,,,,,,Trifluralin ,L,1.5,
610,EDILLILIE_S1.2 _P2121_R2,2023,5,12,,,,,,,,,,,,,,,,,,"100kg/ha applied at sowing, Impact fungicide applied for early fungal disease control ",edillilie,fertiliser,2023-05-12,8.5,57.49999999999999,0.0,,,,,,,DAP,kg,100.0,
611,EDILLILIE_S1.2 _P2121_R2,2023,5,12,,,,,,,,,,,,,,,,,,"2L/ha applied to volunteer canola, some small ryegrass. Pre-sow knockdown",edillilie,herbicide,2023-05-12,11.0,10.8,0.0,,,,,,,Glyphosate 540g/l,L,2.0,
612,EDILLILIE_S1.2 _P2121_R2,2023,5,12,wheat,,,calibre,,,True,,,sale,180.0,,,50.0,,,On-time,,edillilie,sowing,2023-05-12,50.0,0.0,0.0,,,,,,,,,,
613,EDILLILIE_S1.2 _P2121_R2,2023,5,18,,,,,,,,,,,,,,,,,,"1L/ha applied to control RLEM, Earwigs, slaters, millipedes",edillilie,pesticide,2023-05-18,11.0,11.6,0.0,,,,,,,Pyrenix Super ,L,1.0,faw
614,EDILLILIE_S1.2 _P2121_R2,2023,5,29,,,,,,,,,,,,,,,,,,0.025kg/ha applied post-em control vol canola GS25,edillilie,herbicide,2023-05-29,11.0,12.25,0.0,,,,,,,Paradigm ,kg,0.025,
615,EDILLILIE_S1.2 _P2121_R2,2023,5,29,,,,,,,,,,,,,,,,,,0.35L/ha applied post-em control vol canola GS25,edillilie,herbicide,2023-05-29,11.0,2.849,0.0,,,,,,,MCPA LVE ,L,0.35,
616,EDILLILIE_S1.2 _P2121_R2,2023,5,29,,,,,,,,,,,,,,,,,,"0.3L/ha applied - Prophylactic control of septoria, powdery mildew, eyespot. In line with district practice GS 25",edillilie,fungicide,2023-05-29,11.0,22.349999999999998,0.0,,,,,,,Prosaro ,L,0.3,
617,EDILLILIE_S1.2 _P2121_R2,2023,6,1,wheat,,,,,,,,,,,,,,,,,,edillilie,termination,2023-06-01,80.0,0.0,1364.22,success,sale,4134.0,,,stubble,,,,
618,EDILLILIE_S1.2 _P2121_R2,2023,6,20,,,,,,,,,,,,,,,,,,"100kg/ha applied top dressing, all treatments, early tillering",edillilie,fertiliser,2023-06-20,8.5,50.0,0.0,,,,,,,Urea,kg,100.0,
619,EDILLILIE_S1.2 _P2121_R2,2023,6,29,,,,,,,,,,,,,,,,,,"3L/ha applied as foliar spray, in line with district practice",edillilie,fertiliser,2023-06-29,8.5,21.0,0.0,,,,,,,Smart Trace Triple,L,3.0,
620,EDILLILIE_S1.2 _P2121_R2,2023,9,1,,,,,,,,,,,,,,,,,,0.4L/ha applied - Prophylactic control  sceptoria and powdery mildew control as per district practice ,edillilie,fungicide,2023-09-01,11.0,36.0,0.0,,,,,,,Amistar,L,0.4,
621,EDILLILIE_S1.2 _P2121_R2,2023,12,21,,,,,,,,,,,,,,,,,,0.5L/ha applied to control of summer weeds and volunteer crop as per district practice ,edillilie,herbicide,2023-12-21,11.0,2.95,0.0,,,,,,,"2,4-D",L,0.5,
622,EDILLILIE_S1.2 _P2121_R2,2023,12,21,,,,,,,,,,,,,,,,,,1.5L/ha applied to control of summer weeds and volunteer crop as per district practice ,edillilie,herbicide,2023-12-21,11.0,9.0,0.0,,,,,,,Roundup,L,1.5,
623,EDILLILIE_S1.2 _P2121_R3,2023,5,12,,,,,,,,,,,,,,,,,,0.075L/ha applied spike to glyphosate to help control broadleaf weeds. Pre-sow knockdown,edillilie,herbicide,2023-05-12,11.0,1.182,0.0,,,,,,,Oxyflurfen,L,0.075,
624,EDILLILIE_S1.2 _P2121_R3,2023,5,12,,,,,,,,,,,,,,,,,,0.118kg/ha applied pre-em control of ryegrass,edillilie,herbicide,2023-05-12,11.0,40.4976,0.0,,,,,,,Sakura ,kg,0.118,
625,EDILLILIE_S1.2 _P2121_R3,2023,5,12,,,,,,,,,,,,,,,,,,1.5L/ha applied pre-em control wireweed and ryegrass,edillilie,herbicide,2023-05-12,11.0,12.0,0.0,,,,,,,Trifluralin ,L,1.5,
626,EDILLILIE_S1.2 _P2121_R3,2023,5,12,,,,,,,,,,,,,,,,,,"100kg/ha applied at sowing, Impact fungicide applied for early fungal disease control ",edillilie,fertiliser,2023-05-12,8.5,57.49999999999999,0.0,,,,,,,DAP,kg,100.0,
627,EDILLILIE_S1.2 _P2121_R3,2023,5,12,,,,,,,,,,,,,,,,,,"2L/ha applied to volunteer canola, some small ryegrass. Pre-sow knockdown",edillilie,herbicide,2023-05-12,11.0,10.8,0.0,,,,,,,Glyphosate 540g/l,L,2.0,
628,EDILLILIE_S1.2 _P2121_R3,2023,5,12,wheat,,,calibre,,,True,,,sale,180.0,,,50.0,,,On-time,,edillilie,sowing,2023-05-12,50.0,0.0,0.0,,,,,,,,,,
629,EDILLILIE_S1.2 _P2121_R3,2023,5,18,,,,,,,,,,,,,,,,,,"1L/ha applied to control RLEM, Earwigs, slaters, millipedes",edillilie,pesticide,2023-05-18,11.0,11.6,0.0,,,,,,,Pyrenix Super ,L,1.0,faw
630,EDILLILIE_S1.2 _P2121_R3,2023,5,29,,,,,,,,,,,,,,,,,,0.025kg/ha applied post-em control vol canola GS25,edillilie,herbicide,2023-05-29,11.0,12.25,0.0,,,,,,,Paradigm ,kg,0.025,
631,EDILLILIE_S1.2 _P2121_R3,2023,5,29,,,,,,,,,,,,,,,,,,0.35L/ha applied post-em control vol canola GS25,edillilie,herbicide,2023-05-29,11.0,2.849,0.0,,,,,,,MCPA LVE ,L,0.35,
632,EDILLILIE_S1.2 _P2121_R3,2023,5,29,,,,,,,,,,,,,,,,,,"0.3L/ha applied - Prophylactic control of septoria, powdery mildew, eyespot. In line with district practice GS 25",edillilie,fungicide,2023-05-29,11.0,22.349999999999998,0.0,,,,,,,Prosaro ,L,0.3,
633,EDILLILIE_S1.2 _P2121_R3,2023,6,1,wheat,,,,,,,,,,,,,,,,,,edillilie,termination,2023-06-01,80.0,0.0,1329.9,success,sale,4030.0,,,stubble,,,,
634,EDILLILIE_S1.2 _P2121_R3,2023,6,20,,,,,,,,,,,,,,,,,,"100kg/ha applied top dressing, all treatments, early tillering",edillilie,fertiliser,2023-06-20,8.5,50.0,0.0,,,,,,,Urea,kg,100.0,
635,EDILLILIE_S1.2 _P2121_R3,2023,6,29,,,,,,,,,,,,,,,,,,"3L/ha applied as foliar spray, in line with district practice",edillilie,fertiliser,2023-06-29,8.5,21.0,0.0,,,,,,,Smart Trace Triple,L,3.0,
636,EDILLILIE_S1.2 _P2121_R3,2023,9,1,,,,,,,,,,,,,,,,,,0.4L/ha applied - Prophylactic control  sceptoria and powdery mildew control as per district practice ,edillilie,fungicide,2023-09-01,11.0,36.0,0.0,,,,,,,Amistar,L,0.4,
637,EDILLILIE_S1.2 _P2121_R3,2023,12,21,,,,,,,,,,,,,,,,,,0.5L/ha applied to control of summer weeds and volunteer crop as per district practice ,edillilie,herbicide,2023-12-21,11.0,2.95,0.0,,,,,,,"2,4-D",L,0.5,
638,EDILLILIE_S1.2 _P2121_R3,2023,12,21,,,,,,,,,,,,,,,,,,1.5L/ha applied to control of summer weeds and volunteer crop as per district practice ,edillilie,herbicide,2023-12-21,11.0,9.0,0.0,,,,,,,Roundup,L,1.5,
639,EDILLILIE_S1.3_P1212_R1,2023,5,12,,,,,,,,,,,,,,,,,,0.075L/ha applied spike to glyphosate to help control broadleaf weeds. Pre-sow knockdown,edillilie,herbicide,2023-05-12,11.0,1.182,0.0,,,,,,,Oxyflurfen,L,0.075,
640,EDILLILIE_S1.3_P1212_R1,2023,5,12,,,,,,,,,,,,,,,,,,1.5L/ha applied pre-em control wireweed and ryegrass,edillilie,herbicide,2023-05-12,11.0,12.0,0.0,,,,,,,Trifluralin ,L,1.5,
641,EDILLILIE_S1.3_P1212_R1,2023,5,12,,,,,,,,,,,,,,,,,,"150kg/ha applied at sowing, Impact fungicide applied for early fungal disease control ",edillilie,fertiliser,2023-05-12,8.5,97.5,0.0,,,,,,,19:13:0:9,kg,150.0,
642,EDILLILIE_S1.3_P1212_R1,2023,5,12,,,,,,,,,,,,,,,,,,1L/ha applied pre-em control of ryegrass,edillilie,herbicide,2023-05-12,11.0,65.0,0.0,,,,,,,Rustler,L,1.0,
643,EDILLILIE_S1.3_P1212_R1,2023,5,12,,,,,,,,,,,,,,,,,,"2L/ha applied to volunteer canola, some small ryegrass. Pre-sow knockdown",edillilie,herbicide,2023-05-12,11.0,10.8,0.0,,,,,,,Glyphosate 540g/l,L,2.0,
644,EDILLILIE_S1.3_P1212_R1,2023,5,12,canola,,,nuseed emu tf,,,True,,,sale,50.0,,,20.0,,,On-time,,edillilie,sowing,2023-05-12,50.0,0.0,0.0,,,,,,,,,,
645,EDILLILIE_S1.3_P1212_R1,2023,5,18,,,,,,,,,,,,,,,,,,"1L/ha applied to control RLEM, Earwigs, slaters, millipedes",edillilie,pesticide,2023-05-18,11.0,11.6,0.0,,,,,,,Pyrenix Super ,L,1.0,faw
646,EDILLILIE_S1.3_P1212_R1,2023,5,29,,,,,,,,,,,,,,,,,,0.33L/ha applied post-em control of ryegrass GS 6 leaf ,edillilie,herbicide,2023-05-29,11.0,6.765000000000001,0.0,,,,,,,Clethodim,L,0.33,
647,EDILLILIE_S1.3_P1212_R1,2023,5,29,,,,,,,,,,,,,,,,,,1.5L/ha applied post-em control vol canola GS 6 leaf,edillilie,herbicide,2023-05-29,11.0,18.0,0.0,,,,,,,Crucial ,L,1.5,
648,EDILLILIE_S1.3_P1212_R1,2023,5,29,,,,,,,,,,,,,,,,,,"2kg/ha applied to control Slugs, earwigs, snails ",edillilie,pesticide,2023-05-29,11.0,44.0,0.0,,,,,,,Transcend,kg,2.0,faw
649,EDILLILIE_S1.3_P1212_R1,2023,6,1,Canola,,,,,,,,,,,,,,,,,,edillilie,termination,2023-06-01,80.0,0.0,1288.162,success,sale,2071.0,,,stubble,,,,
650,EDILLILIE_S1.3_P1212_R1,2023,6,20,,,,,,,,,,,,,,,,,,"100kg/ha applied at top dressing, all treatments, 4-6 leag",edillilie,fertiliser,2023-06-20,8.5,50.0,0.0,,,,,,,Urea,kg,100.0,
651,EDILLILIE_S1.3_P1212_R1,2023,6,29,,,,,,,,,,,,,,,,,,"3L/ha applied as foliar spray, in line with district practice",edillilie,fertiliser,2023-06-29,8.5,21.0,0.0,,,,,,,Smart Trace Triple,L,3.0,
652,EDILLILIE_S1.3_P1212_R1,2023,7,12,,,,,,,,,,,,,,,,,,100kg/ha applied at top dressing - stem elongation,edillilie,fertiliser,2023-07-12,8.5,50.0,0.0,,,,,,,Urea,kg,100.0,
653,EDILLILIE_S1.3_P1212_R1,2023,7,24,,,,,,,,,,,,,,,,,,0.6L/ha applied - Prophylactic control of UCI Blackleg in line with district practice. ,edillilie,fungicide,2023-07-24,11.0,32.699999999999996,0.0,,,,,,,Aviator Xpro,L,0.6,
654,EDILLILIE_S1.3_P1212_R1,2023,7,31,,,,,,,,,,,,,,,,,,200kg/ha applied at top dressing - stem elongation,edillilie,fertiliser,2023-07-31,8.5,100.0,0.0,,,,,,,Urea,kg,200.0,
655,EDILLILIE_S1.3_P1212_R1,2023,9,11,,,,,,,,,,,,,,,,,,0.1L/ha applied to control of native budworm ,edillilie,pesticide,2023-09-11,11.0,13.5,0.0,,,,,,,Alpha-scud,L,0.1,faw
656,EDILLILIE_S1.3_P1212_R1,2023,12,21,,,,,,,,,,,,,,,,,,0.5L/ha applied to control of summer weeds and volunteer crop as per district practice ,edillilie,herbicide,2023-12-21,11.0,2.95,0.0,,,,,,,"2,4-D",L,0.5,
657,EDILLILIE_S1.3_P1212_R1,2023,12,21,,,,,,,,,,,,,,,,,,1.5L/ha applied to control of summer weeds and volunteer crop as per district practice ,edillilie,herbicide,2023-12-21,11.0,9.0,0.0,,,,,,,Roundup,L,1.5,
658,EDILLILIE_S1.3_P1212_R2,2023,5,12,,,,,,,,,,,,,,,,,,0.075L/ha applied spike to glyphosate to help control broadleaf weeds. Pre-sow knockdown,edillilie,herbicide,2023-05-12,11.0,1.182,0.0,,,,,,,Oxyflurfen,L,0.075,
659,EDILLILIE_S1.3_P1212_R2,2023,5,12,,,,,,,,,,,,,,,,,,1.5L/ha applied pre-em control wireweed and ryegrass,edillilie,herbicide,2023-05-12,11.0,12.0,0.0,,,,,,,Trifluralin ,L,1.5,
660,EDILLILIE_S1.3_P1212_R2,2023,5,12,,,,,,,,,,,,,,,,,,"150kg/ha applied at sowing, Impact fungicide applied for early fungal disease control ",edillilie,fertiliser,2023-05-12,8.5,97.5,0.0,,,,,,,19:13:0:9,kg,150.0,
661,EDILLILIE_S1.3_P1212_R2,2023,5,12,,,,,,,,,,,,,,,,,,1L/ha applied pre-em control of ryegrass,edillilie,herbicide,2023-05-12,11.0,65.0,0.0,,,,,,,Rustler,L,1.0,
662,EDILLILIE_S1.3_P1212_R2,2023,5,12,,,,,,,,,,,,,,,,,,"2L/ha applied to volunteer canola, some small ryegrass. Pre-sow knockdown",edillilie,herbicide,2023-05-12,11.0,10.8,0.0,,,,,,,Glyphosate 540g/l,L,2.0,
663,EDILLILIE_S1.3_P1212_R2,2023,5,12,canola,,,nuseed emu tf,,,True,,,sale,50.0,,,20.0,,,On-time,,edillilie,sowing,2023-05-12,50.0,0.0,0.0,,,,,,,,,,
664,EDILLILIE_S1.3_P1212_R2,2023,5,18,,,,,,,,,,,,,,,,,,"1L/ha applied to control RLEM, Earwigs, slaters, millipedes",edillilie,pesticide,2023-05-18,11.0,11.6,0.0,,,,,,,Pyrenix Super ,L,1.0,faw
665,EDILLILIE_S1.3_P1212_R2,2023,5,29,,,,,,,,,,,,,,,,,,0.33L/ha applied post-em control of ryegrass GS 6 leaf ,edillilie,herbicide,2023-05-29,11.0,6.765000000000001,0.0,,,,,,,Clethodim,L,0.33,
666,EDILLILIE_S1.3_P1212_R2,2023,5,29,,,,,,,,,,,,,,,,,,1.5L/ha applied post-em control vol canola GS 6 leaf,edillilie,herbicide,2023-05-29,11.0,18.0,0.0,,,,,,,Crucial ,L,1.5,
667,EDILLILIE_S1.3_P1212_R2,2023,5,29,,,,,,,,,,,,,,,,,,"2kg/ha applied to control Slugs, earwigs, snails ",edillilie,pesticide,2023-05-29,11.0,44.0,0.0,,,,,,,Transcend,kg,2.0,faw
668,EDILLILIE_S1.3_P1212_R2,2023,6,1,Canola,,,,,,,,,,,,,,,,,,edillilie,termination,2023-06-01,80.0,0.0,1155.676,success,sale,1858.0,,,stubble,,,,
669,EDILLILIE_S1.3_P1212_R2,2023,6,20,,,,,,,,,,,,,,,,,,"100kg/ha applied at top dressing, all treatments, 4-6 leag",edillilie,fertiliser,2023-06-20,8.5,50.0,0.0,,,,,,,Urea,kg,100.0,
670,EDILLILIE_S1.3_P1212_R2,2023,6,29,,,,,,,,,,,,,,,,,,"3L/ha applied as foliar spray, in line with district practice",edillilie,fertiliser,2023-06-29,8.5,21.0,0.0,,,,,,,Smart Trace Triple,L,3.0,
671,EDILLILIE_S1.3_P1212_R2,2023,7,12,,,,,,,,,,,,,,,,,,100kg/ha applied at top dressing - stem elongation,edillilie,fertiliser,2023-07-12,8.5,50.0,0.0,,,,,,,Urea,kg,100.0,
672,EDILLILIE_S1.3_P1212_R2,2023,7,24,,,,,,,,,,,,,,,,,,0.6L/ha applied - Prophylactic control of UCI Blackleg in line with district practice. ,edillilie,fungicide,2023-07-24,11.0,32.699999999999996,0.0,,,,,,,Aviator Xpro,L,0.6,
673,EDILLILIE_S1.3_P1212_R2,2023,7,31,,,,,,,,,,,,,,,,,,200kg/ha applied at top dressing - stem elongation,edillilie,fertiliser,2023-07-31,8.5,100.0,0.0,,,,,,,Urea,kg,200.0,
674,EDILLILIE_S1.3_P1212_R2,2023,9,11,,,,,,,,,,,,,,,,,,0.1L/ha applied to control of native budworm ,edillilie,pesticide,2023-09-11,11.0,13.5,0.0,,,,,,,Alpha-scud,L,0.1,faw
675,EDILLILIE_S1.3_P1212_R2,2023,12,21,,,,,,,,,,,,,,,,,,0.5L/ha applied to control of summer weeds and volunteer crop as per district practice ,edillilie,herbicide,2023-12-21,11.0,2.95,0.0,,,,,,,"2,4-D",L,0.5,
676,EDILLILIE_S1.3_P1212_R2,2023,12,21,,,,,,,,,,,,,,,,,,1.5L/ha applied to control of summer weeds and volunteer crop as per district practice ,edillilie,herbicide,2023-12-21,11.0,9.0,0.0,,,,,,,Roundup,L,1.5,
677,EDILLILIE_S1.3_P1212_R3,2023,5,12,,,,,,,,,,,,,,,,,,0.075L/ha applied spike to glyphosate to help control broadleaf weeds. Pre-sow knockdown,edillilie,herbicide,2023-05-12,11.0,1.182,0.0,,,,,,,Oxyflurfen,L,0.075,
678,EDILLILIE_S1.3_P1212_R3,2023,5,12,,,,,,,,,,,,,,,,,,1.5L/ha applied pre-em control wireweed and ryegrass,edillilie,herbicide,2023-05-12,11.0,12.0,0.0,,,,,,,Trifluralin ,L,1.5,
679,EDILLILIE_S1.3_P1212_R3,2023,5,12,,,,,,,,,,,,,,,,,,"150kg/ha applied at sowing, Impact fungicide applied for early fungal disease control ",edillilie,fertiliser,2023-05-12,8.5,97.5,0.0,,,,,,,19:13:0:9,kg,150.0,
680,EDILLILIE_S1.3_P1212_R3,2023,5,12,,,,,,,,,,,,,,,,,,1L/ha applied pre-em control of ryegrass,edillilie,herbicide,2023-05-12,11.0,65.0,0.0,,,,,,,Rustler,L,1.0,
681,EDILLILIE_S1.3_P1212_R3,2023,5,12,,,,,,,,,,,,,,,,,,"2L/ha applied to volunteer canola, some small ryegrass. Pre-sow knockdown",edillilie,herbicide,2023-05-12,11.0,10.8,0.0,,,,,,,Glyphosate 540g/l,L,2.0,
682,EDILLILIE_S1.3_P1212_R3,2023,5,12,canola,,,nuseed emu tf,,,True,,,sale,50.0,,,20.0,,,On-time,,edillilie,sowing,2023-05-12,50.0,0.0,0.0,,,,,,,,,,
683,EDILLILIE_S1.3_P1212_R3,2023,5,18,,,,,,,,,,,,,,,,,,"1L/ha applied to control RLEM, Earwigs, slaters, millipedes",edillilie,pesticide,2023-05-18,11.0,11.6,0.0,,,,,,,Pyrenix Super ,L,1.0,faw
684,EDILLILIE_S1.3_P1212_R3,2023,5,29,,,,,,,,,,,,,,,,,,0.33L/ha applied post-em control of ryegrass GS 6 leaf ,edillilie,herbicide,2023-05-29,11.0,6.765000000000001,0.0,,,,,,,Clethodim,L,0.33,
685,EDILLILIE_S1.3_P1212_R3,2023,5,29,,,,,,,,,,,,,,,,,,1.5L/ha applied post-em control vol canola GS 6 leaf,edillilie,herbicide,2023-05-29,11.0,18.0,0.0,,,,,,,Crucial ,L,1.5,
686,EDILLILIE_S1.3_P1212_R3,2023,5,29,,,,,,,,,,,,,,,,,,"2kg/ha applied to control Slugs, earwigs, snails ",edillilie,pesticide,2023-05-29,11.0,44.0,0.0,,,,,,,Transcend,kg,2.0,faw
687,EDILLILIE_S1.3_P1212_R3,2023,6,1,Canola,,,,,,,,,,,,,,,,,,edillilie,termination,2023-06-01,80.0,0.0,1110.892,success,sale,1786.0,,,stubble,,,,
688,EDILLILIE_S1.3_P1212_R3,2023,6,20,,,,,,,,,,,,,,,,,,"100kg/ha applied at top dressing, all treatments, 4-6 leag",edillilie,fertiliser,2023-06-20,8.5,50.0,0.0,,,,,,,Urea,kg,100.0,
689,EDILLILIE_S1.3_P1212_R3,2023,6,29,,,,,,,,,,,,,,,,,,"3L/ha applied as foliar spray, in line with district practice",edillilie,fertiliser,2023-06-29,8.5,21.0,0.0,,,,,,,Smart Trace Triple,L,3.0,
690,EDILLILIE_S1.3_P1212_R3,2023,7,12,,,,,,,,,,,,,,,,,,100kg/ha applied at top dressing - stem elongation,edillilie,fertiliser,2023-07-12,8.5,50.0,0.0,,,,,,,Urea,kg,100.0,
691,EDILLILIE_S1.3_P1212_R3,2023,7,24,,,,,,,,,,,,,,,,,,0.6L/ha applied - Prophylactic control of UCI Blackleg in line with district practice. ,edillilie,fungicide,2023-07-24,11.0,32.699999999999996,0.0,,,,,,,Aviator Xpro,L,0.6,
692,EDILLILIE_S1.3_P1212_R3,2023,7,31,,,,,,,,,,,,,,,,,,200kg/ha applied at top dressing - stem elongation,edillilie,fertiliser,2023-07-31,8.5,100.0,0.0,,,,,,,Urea,kg,200.0,
693,EDILLILIE_S1.3_P1212_R3,2023,9,11,,,,,,,,,,,,,,,,,,0.1L/ha applied to control of native budworm ,edillilie,pesticide,2023-09-11,11.0,13.5,0.0,,,,,,,Alpha-scud,L,0.1,faw
694,EDILLILIE_S1.3_P1212_R3,2023,12,21,,,,,,,,,,,,,,,,,,0.5L/ha applied to control of summer weeds and volunteer crop as per district practice ,edillilie,herbicide,2023-12-21,11.0,2.95,0.0,,,,,,,"2,4-D",L,0.5,
695,EDILLILIE_S1.3_P1212_R3,2023,12,21,,,,,,,,,,,,,,,,,,1.5L/ha applied to control of summer weeds and volunteer crop as per district practice ,edillilie,herbicide,2023-12-21,11.0,9.0,0.0,,,,,,,Roundup,L,1.5,
696,EDILLILIE_S1.3_P2121_R1,2023,5,12,,,,,,,,,,,,,,,,,,0.075L/ha applied spike to glyphosate to help control broadleaf weeds. Pre-sow knockdown,edillilie,herbicide,2023-05-12,11.0,1.182,0.0,,,,,,,Oxyflurfen,L,0.075,
697,EDILLILIE_S1.3_P2121_R1,2023,5,12,,,,,,,,,,,,,,,,,,0.118kg/ha applied pre-em control of ryegrass,edillilie,herbicide,2023-05-12,11.0,40.4976,0.0,,,,,,,Sakura ,kg,0.118,
698,EDILLILIE_S1.3_P2121_R1,2023,5,12,,,,,,,,,,,,,,,,,,1.5L/ha applied pre-em control wireweed and ryegrass,edillilie,herbicide,2023-05-12,11.0,12.0,0.0,,,,,,,Trifluralin ,L,1.5,
699,EDILLILIE_S1.3_P2121_R1,2023,5,12,,,,,,,,,,,,,,,,,,"100kg/ha applied at sowing, Impact fungicide applied for early fungal disease control ",edillilie,fertiliser,2023-05-12,8.5,57.49999999999999,0.0,,,,,,,DAP,kg,100.0,
700,EDILLILIE_S1.3_P2121_R1,2023,5,12,,,,,,,,,,,,,,,,,,"2L/ha applied to volunteer canola, some small ryegrass. Pre-sow knockdown",edillilie,herbicide,2023-05-12,11.0,10.8,0.0,,,,,,,Glyphosate 540g/l,L,2.0,
701,EDILLILIE_S1.3_P2121_R1,2023,5,12,wheat,,,calibre,,,True,,,sale,180.0,,,50.0,,,On-time,,edillilie,sowing,2023-05-12,50.0,0.0,0.0,,,,,,,,,,
702,EDILLILIE_S1.3_P2121_R1,2023,5,18,,,,,,,,,,,,,,,,,,"1L/ha applied to control RLEM, Earwigs, slaters, millipedes",edillilie,pesticide,2023-05-18,11.0,11.6,0.0,,,,,,,Pyrenix Super ,L,1.0,faw
703,EDILLILIE_S1.3_P2121_R1,2023,5,29,,,,,,,,,,,,,,,,,,0.025kg/ha applied post-em control vol canola GS25,edillilie,herbicide,2023-05-29,11.0,12.25,0.0,,,,,,,Paradigm ,kg,0.025,
704,EDILLILIE_S1.3_P2121_R1,2023,5,29,,,,,,,,,,,,,,,,,,0.35L/ha applied post-em control vol canola GS25,edillilie,herbicide,2023-05-29,11.0,2.849,0.0,,,,,,,MCPA LVE ,L,0.35,
705,EDILLILIE_S1.3_P2121_R1,2023,5,29,,,,,,,,,,,,,,,,,,"0.3L/ha applied - Prophylactic control of septoria, powdery mildew, eyespot. In line with district practice GS 25",edillilie,fungicide,2023-05-29,11.0,22.349999999999998,0.0,,,,,,,Prosaro ,L,0.3,
706,EDILLILIE_S1.3_P2121_R1,2023,6,1,wheat,,,,,,,,,,,,,,,,,,edillilie,termination,2023-06-01,80.0,0.0,1105.5,success,sale,3350.0,,,stubble,,,,
707,EDILLILIE_S1.3_P2121_R1,2023,6,20,,,,,,,,,,,,,,,,,,"100kg/ha applied top dressing, all treatments, early tillering",edillilie,fertiliser,2023-06-20,8.5,50.0,0.0,,,,,,,Urea,kg,100.0,
708,EDILLILIE_S1.3_P2121_R1,2023,6,29,,,,,,,,,,,,,,,,,,"3L/ha applied as foliar spray, in line with district practice",edillilie,fertiliser,2023-06-29,8.5,21.0,0.0,,,,,,,Smart Trace Triple,L,3.0,
709,EDILLILIE_S1.3_P2121_R1,2023,7,11,,,,,,,,,,,,,,,,,,100kg/ha applied at top dressing - late tillering,edillilie,fertiliser,2023-07-11,8.5,50.0,0.0,,,,,,,Urea,kg,100.0,
710,EDILLILIE_S1.3_P2121_R1,2023,7,31,,,,,,,,,,,,,,,,,,200kg/ha applied at top dressing - early flowering ,edillilie,fertiliser,2023-07-31,8.5,100.0,0.0,,,,,,,Urea,kg,200.0,
711,EDILLILIE_S1.3_P2121_R1,2023,9,1,,,,,,,,,,,,,,,,,,0.4L/ha applied - Prophylactic control  sceptoria and powdery mildew control as per district practice ,edillilie,fungicide,2023-09-01,11.0,36.0,0.0,,,,,,,Amistar,L,0.4,
712,EDILLILIE_S1.3_P2121_R1,2023,12,21,,,,,,,,,,,,,,,,,,0.5L/ha applied to control of summer weeds and volunteer crop as per district practice ,edillilie,herbicide,2023-12-21,11.0,2.95,0.0,,,,,,,"2,4-D",L,0.5,
713,EDILLILIE_S1.3_P2121_R1,2023,12,21,,,,,,,,,,,,,,,,,,1.5L/ha applied to control of summer weeds and volunteer crop as per district practice ,edillilie,herbicide,2023-12-21,11.0,9.0,0.0,,,,,,,Roundup,L,1.5,
714,EDILLILIE_S1.3_P2121_R2,2023,5,12,,,,,,,,,,,,,,,,,,0.075L/ha applied spike to glyphosate to help control broadleaf weeds. Pre-sow knockdown,edillilie,herbicide,2023-05-12,11.0,1.182,0.0,,,,,,,Oxyflurfen,L,0.075,
715,EDILLILIE_S1.3_P2121_R2,2023,5,12,,,,,,,,,,,,,,,,,,0.118kg/ha applied pre-em control of ryegrass,edillilie,herbicide,2023-05-12,11.0,40.4976,0.0,,,,,,,Sakura ,kg,0.118,
716,EDILLILIE_S1.3_P2121_R2,2023,5,12,,,,,,,,,,,,,,,,,,1.5L/ha applied pre-em control wireweed and ryegrass,edillilie,herbicide,2023-05-12,11.0,12.0,0.0,,,,,,,Trifluralin ,L,1.5,
717,EDILLILIE_S1.3_P2121_R2,2023,5,12,,,,,,,,,,,,,,,,,,"100kg/ha applied at sowing, Impact fungicide applied for early fungal disease control ",edillilie,fertiliser,2023-05-12,8.5,57.49999999999999,0.0,,,,,,,DAP,kg,100.0,
718,EDILLILIE_S1.3_P2121_R2,2023,5,12,,,,,,,,,,,,,,,,,,"2L/ha applied to volunteer canola, some small ryegrass. Pre-sow knockdown",edillilie,herbicide,2023-05-12,11.0,10.8,0.0,,,,,,,Glyphosate 540g/l,L,2.0,
719,EDILLILIE_S1.3_P2121_R2,2023,5,12,wheat,,,calibre,,,True,,,sale,180.0,,,50.0,,,On-time,,edillilie,sowing,2023-05-12,50.0,0.0,0.0,,,,,,,,,,
720,EDILLILIE_S1.3_P2121_R2,2023,5,18,,,,,,,,,,,,,,,,,,"1L/ha applied to control RLEM, Earwigs, slaters, millipedes",edillilie,pesticide,2023-05-18,11.0,11.6,0.0,,,,,,,Pyrenix Super ,L,1.0,faw
721,EDILLILIE_S1.3_P2121_R2,2023,5,29,,,,,,,,,,,,,,,,,,0.025kg/ha applied post-em control vol canola GS25,edillilie,herbicide,2023-05-29,11.0,12.25,0.0,,,,,,,Paradigm ,kg,0.025,
722,EDILLILIE_S1.3_P2121_R2,2023,5,29,,,,,,,,,,,,,,,,,,0.35L/ha applied post-em control vol canola GS25,edillilie,herbicide,2023-05-29,11.0,2.849,0.0,,,,,,,MCPA LVE ,L,0.35,
723,EDILLILIE_S1.3_P2121_R2,2023,5,29,,,,,,,,,,,,,,,,,,"0.3L/ha applied - Prophylactic control of septoria, powdery mildew, eyespot. In line with district practice GS 25",edillilie,fungicide,2023-05-29,11.0,22.349999999999998,0.0,,,,,,,Prosaro ,L,0.3,
724,EDILLILIE_S1.3_P2121_R2,2023,6,1,wheat,,,,,,,,,,,,,,,,,,edillilie,termination,2023-06-01,80.0,0.0,1239.15,success,sale,3755.0,,,stubble,,,,
725,EDILLILIE_S1.3_P2121_R2,2023,6,20,,,,,,,,,,,,,,,,,,"100kg/ha applied top dressing, all treatments, early tillering",edillilie,fertiliser,2023-06-20,8.5,50.0,0.0,,,,,,,Urea,kg,100.0,
726,EDILLILIE_S1.3_P2121_R2,2023,6,29,,,,,,,,,,,,,,,,,,"3L/ha applied as foliar spray, in line with district practice",edillilie,fertiliser,2023-06-29,8.5,21.0,0.0,,,,,,,Smart Trace Triple,L,3.0,
727,EDILLILIE_S1.3_P2121_R2,2023,7,11,,,,,,,,,,,,,,,,,,100kg/ha applied at top dressing - late tillering,edillilie,fertiliser,2023-07-11,8.5,50.0,0.0,,,,,,,Urea,kg,100.0,
728,EDILLILIE_S1.3_P2121_R2,2023,7,31,,,,,,,,,,,,,,,,,,200kg/ha applied at top dressing - early flowering ,edillilie,fertiliser,2023-07-31,8.5,100.0,0.0,,,,,,,Urea,kg,200.0,
729,EDILLILIE_S1.3_P2121_R2,2023,9,1,,,,,,,,,,,,,,,,,,0.4L/ha applied - Prophylactic control  sceptoria and powdery mildew control as per district practice ,edillilie,fungicide,2023-09-01,11.0,36.0,0.0,,,,,,,Amistar,L,0.4,
730,EDILLILIE_S1.3_P2121_R2,2023,12,21,,,,,,,,,,,,,,,,,,0.5L/ha applied to control of summer weeds and volunteer crop as per district practice ,edillilie,herbicide,2023-12-21,11.0,2.95,0.0,,,,,,,"2,4-D",L,0.5,
731,EDILLILIE_S1.3_P2121_R2,2023,12,21,,,,,,,,,,,,,,,,,,1.5L/ha applied to control of summer weeds and volunteer crop as per district practice ,edillilie,herbicide,2023-12-21,11.0,9.0,0.0,,,,,,,Roundup,L,1.5,
732,EDILLILIE_S1.3_P2121_R3,2023,5,12,,,,,,,,,,,,,,,,,,0.075L/ha applied spike to glyphosate to help control broadleaf weeds. Pre-sow knockdown,edillilie,herbicide,2023-05-12,11.0,1.182,0.0,,,,,,,Oxyflurfen,L,0.075,
733,EDILLILIE_S1.3_P2121_R3,2023,5,12,,,,,,,,,,,,,,,,,,0.118kg/ha applied pre-em control of ryegrass,edillilie,herbicide,2023-05-12,11.0,40.4976,0.0,,,,,,,Sakura ,kg,0.118,
734,EDILLILIE_S1.3_P2121_R3,2023,5,12,,,,,,,,,,,,,,,,,,1.5L/ha applied pre-em control wireweed and ryegrass,edillilie,herbicide,2023-05-12,11.0,12.0,0.0,,,,,,,Trifluralin ,L,1.5,
735,EDILLILIE_S1.3_P2121_R3,2023,5,12,,,,,,,,,,,,,,,,,,"100kg/ha applied at sowing, Impact fungicide applied for early fungal disease control ",edillilie,fertiliser,2023-05-12,8.5,57.49999999999999,0.0,,,,,,,DAP,kg,100.0,
736,EDILLILIE_S1.3_P2121_R3,2023,5,12,,,,,,,,,,,,,,,,,,"2L/ha applied to volunteer canola, some small ryegrass. Pre-sow knockdown",edillilie,herbicide,2023-05-12,11.0,10.8,0.0,,,,,,,Glyphosate 540g/l,L,2.0,
737,EDILLILIE_S1.3_P2121_R3,2023,5,12,wheat,,,calibre,,,True,,,sale,180.0,,,50.0,,,On-time,,edillilie,sowing,2023-05-12,50.0,0.0,0.0,,,,,,,,,,
738,EDILLILIE_S1.3_P2121_R3,2023,5,18,,,,,,,,,,,,,,,,,,"1L/ha applied to control RLEM, Earwigs, slaters, millipedes",edillilie,pesticide,2023-05-18,11.0,11.6,0.0,,,,,,,Pyrenix Super ,L,1.0,faw
739,EDILLILIE_S1.3_P2121_R3,2023,5,29,,,,,,,,,,,,,,,,,,0.025kg/ha applied post-em control vol canola GS25,edillilie,herbicide,2023-05-29,11.0,12.25,0.0,,,,,,,Paradigm ,kg,0.025,
740,EDILLILIE_S1.3_P2121_R3,2023,5,29,,,,,,,,,,,,,,,,,,0.35L/ha applied post-em control vol canola GS25,edillilie,herbicide,2023-05-29,11.0,2.849,0.0,,,,,,,MCPA LVE ,L,0.35,
741,EDILLILIE_S1.3_P2121_R3,2023,5,29,,,,,,,,,,,,,,,,,,"0.3L/ha applied - Prophylactic control of septoria, powdery mildew, eyespot. In line with district practice GS 25",edillilie,fungicide,2023-05-29,11.0,22.349999999999998,0.0,,,,,,,Prosaro ,L,0.3,
742,EDILLILIE_S1.3_P2121_R3,2023,6,1,wheat,,,,,,,,,,,,,,,,,,edillilie,termination,2023-06-01,80.0,0.0,1340.13,success,sale,4061.0,,,stubble,,,,
743,EDILLILIE_S1.3_P2121_R3,2023,6,20,,,,,,,,,,,,,,,,,,"100kg/ha applied top dressing, all treatments, early tillering",edillilie,fertiliser,2023-06-20,8.5,50.0,0.0,,,,,,,Urea,kg,100.0,
744,EDILLILIE_S1.3_P2121_R3,2023,6,29,,,,,,,,,,,,,,,,,,"3L/ha applied as foliar spray, in line with district practice",edillilie,fertiliser,2023-06-29,8.5,21.0,0.0,,,,,,,Smart Trace Triple,L,3.0,
745,EDILLILIE_S1.3_P2121_R3,2023,7,11,,,,,,,,,,,,,,,,,,100kg/ha applied at top dressing - late tillering,edillilie,fertiliser,2023-07-11,8.5,50.0,0.0,,,,,,,Urea,kg,100.0,
746,EDILLILIE_S1.3_P2121_R3,2023,7,31,,,,,,,,,,,,,,,,,,200kg/ha applied at top dressing - early flowering ,edillilie,fertiliser,2023-07-31,8.5,100.0,0.0,,,,,,,Urea,kg,200.0,
747,EDILLILIE_S1.3_P2121_R3,2023,9,1,,,,,,,,,,,,,,,,,,0.4L/ha applied - Prophylactic control  sceptoria and powdery mildew control as per district practice ,edillilie,fungicide,2023-09-01,11.0,36.0,0.0,,,,,,,Amistar,L,0.4,
748,EDILLILIE_S1.3_P2121_R3,2023,12,21,,,,,,,,,,,,,,,,,,0.5L/ha applied to control of summer weeds and volunteer crop as per district practice ,edillilie,herbicide,2023-12-21,11.0,2.95,0.0,,,,,,,"2,4-D",L,0.5,
749,EDILLILIE_S1.3_P2121_R3,2023,12,21,,,,,,,,,,,,,,,,,,1.5L/ha applied to control of summer weeds and volunteer crop as per district practice ,edillilie,herbicide,2023-12-21,11.0,9.0,0.0,,,,,,,Roundup,L,1.5,
750,EDILLILIE_S2.1_P1234_R1,2023,5,12,,,,,,,,,,,,,,,,,,0.075L/ha applied spike to glyphosate to help control broadleaf weeds. Pre-sow knockdown,edillilie,herbicide,2023-05-12,11.0,1.182,0.0,,,,,,,Oxyflurfen,L,0.075,
751,EDILLILIE_S2.1_P1234_R1,2023,5,12,,,,,,,,,,,,,,,,,,0.2kg/ha applied pre-em control of broadleaf weeds IBS,edillilie,herbicide,2023-05-12,11.0,1.5060000000000002,0.0,,,,,,,Simazine 900,kg,0.2,
752,EDILLILIE_S2.1_P1234_R1,2023,5,12,,,,,,,,,,,,,,,,,,0.5L/ha applied pre-em control of broadleaf weeds (canola) IBS,edillilie,herbicide,2023-05-12,11.0,7.5,0.0,,,,,,,Reflex ,L,0.5,
753,EDILLILIE_S2.1_P1234_R1,2023,5,12,,,,,,,,,,,,,,,,,,1.5L/ha applied pre-em control wireweed and ryegrass,edillilie,herbicide,2023-05-12,11.0,12.0,0.0,,,,,,,Trifluralin ,L,1.5,
754,EDILLILIE_S2.1_P1234_R1,2023,5,12,,,,,,,,,,,,,,,,,,100kg/ha applied at sowing,edillilie,fertiliser,2023-05-12,8.5,57.49999999999999,0.0,,,,,,,MAP,kg,100.0,
755,EDILLILIE_S2.1_P1234_R1,2023,5,12,,,,,,,,,,,,,,,,,,"2L/ha applied to volunteer canola, some small ryegrass. Pre-sow knockdown",edillilie,herbicide,2023-05-12,11.0,10.8,0.0,,,,,,,Glyphosate 540g/l,L,2.0,
756,EDILLILIE_S2.1_P1234_R1,2023,5,12,lentil,,,gia thunder,,,True,,,sale,120.0,,,50.0,,,On-time,,edillilie,sowing,2023-05-12,50.0,0.0,0.0,,,,,,,,,,
757,EDILLILIE_S2.1_P1234_R1,2023,5,18,,,,,,,,,,,,,,,,,,"1L/ha applied to control RLEM, Earwigs, slaters, millipedes",edillilie,pesticide,2023-05-18,11.0,11.6,0.0,,,,,,,Pyrenix Super ,L,1.0,faw
758,EDILLILIE_S2.1_P1234_R1,2023,5,29,,,,,,,,,,,,,,,,,,0.33L/ha applied post-em control of ryegrass GS 4 node ,edillilie,herbicide,2023-05-29,11.0,6.765000000000001,0.0,,,,,,,Clethodim,L,0.33,
759,EDILLILIE_S2.1_P1234_R1,2023,6,1,Lentil,,,,,,,,,,,,,,,,,,edillilie,termination,2023-06-01,80.0,0.0,975.0,success,sale,1500.0,,,stubble,,,,
760,EDILLILIE_S2.1_P1234_R1,2023,9,11,,,,,,,,,,,,,,,,,,0.1L/ha applied to control of native budworm ,edillilie,pesticide,2023-09-11,11.0,13.5,0.0,,,,,,,Alpha-scud,L,0.1,faw
761,EDILLILIE_S2.1_P1234_R1,2023,9,11,,,,,,,,,,,,,,,,,,0.5L/ha applied - Prophyictic control of botrytis  ,edillilie,fungicide,2023-09-11,11.0,4.925,0.0,,,,,,,Carbendazim,L,0.5,
762,EDILLILIE_S2.1_P1234_R1,2023,12,21,,,,,,,,,,,,,,,,,,0.5L/ha applied to control of summer weeds and volunteer crop as per district practice ,edillilie,herbicide,2023-12-21,11.0,2.95,0.0,,,,,,,"2,4-D",L,0.5,
763,EDILLILIE_S2.1_P1234_R1,2023,12,21,,,,,,,,,,,,,,,,,,1.5L/ha applied to control of summer weeds and volunteer crop as per district practice ,edillilie,herbicide,2023-12-21,11.0,9.0,0.0,,,,,,,Roundup,L,1.5,
764,EDILLILIE_S2.1_P1234_R2,2023,5,12,,,,,,,,,,,,,,,,,,0.075L/ha applied spike to glyphosate to help control broadleaf weeds. Pre-sow knockdown,edillilie,herbicide,2023-05-12,11.0,1.182,0.0,,,,,,,Oxyflurfen,L,0.075,
765,EDILLILIE_S2.1_P1234_R2,2023,5,12,,,,,,,,,,,,,,,,,,0.2kg/ha applied pre-em control of broadleaf weeds IBS,edillilie,herbicide,2023-05-12,11.0,1.5060000000000002,0.0,,,,,,,Simazine 900,kg,0.2,
766,EDILLILIE_S2.1_P1234_R2,2023,5,12,,,,,,,,,,,,,,,,,,0.5L/ha applied pre-em control of broadleaf weeds (canola) IBS,edillilie,herbicide,2023-05-12,11.0,7.5,0.0,,,,,,,Reflex ,L,0.5,
767,EDILLILIE_S2.1_P1234_R2,2023,5,12,,,,,,,,,,,,,,,,,,1.5L/ha applied pre-em control wireweed and ryegrass,edillilie,herbicide,2023-05-12,11.0,12.0,0.0,,,,,,,Trifluralin ,L,1.5,
768,EDILLILIE_S2.1_P1234_R2,2023,5,12,,,,,,,,,,,,,,,,,,100kg/ha applied at sowing,edillilie,fertiliser,2023-05-12,8.5,57.49999999999999,0.0,,,,,,,MAP,kg,100.0,
769,EDILLILIE_S2.1_P1234_R2,2023,5,12,,,,,,,,,,,,,,,,,,"2L/ha applied to volunteer canola, some small ryegrass. Pre-sow knockdown",edillilie,herbicide,2023-05-12,11.0,10.8,0.0,,,,,,,Glyphosate 540g/l,L,2.0,
770,EDILLILIE_S2.1_P1234_R2,2023,5,12,lentil,,,gia thunder,,,True,,,sale,120.0,,,50.0,,,On-time,,edillilie,sowing,2023-05-12,50.0,0.0,0.0,,,,,,,,,,
771,EDILLILIE_S2.1_P1234_R2,2023,5,18,,,,,,,,,,,,,,,,,,"1L/ha applied to control RLEM, Earwigs, slaters, millipedes",edillilie,pesticide,2023-05-18,11.0,11.6,0.0,,,,,,,Pyrenix Super ,L,1.0,faw
772,EDILLILIE_S2.1_P1234_R2,2023,5,29,,,,,,,,,,,,,,,,,,0.33L/ha applied post-em control of ryegrass GS 4 node ,edillilie,herbicide,2023-05-29,11.0,6.765000000000001,0.0,,,,,,,Clethodim,L,0.33,
773,EDILLILIE_S2.1_P1234_R2,2023,6,1,Lentil,,,,,,,,,,,,,,,,,,edillilie,termination,2023-06-01,80.0,0.0,1069.9,success,sale,1646.0,,,stubble,,,,
774,EDILLILIE_S2.1_P1234_R2,2023,9,11,,,,,,,,,,,,,,,,,,0.1L/ha applied to control of native budworm ,edillilie,pesticide,2023-09-11,11.0,13.5,0.0,,,,,,,Alpha-scud,L,0.1,faw
775,EDILLILIE_S2.1_P1234_R2,2023,9,11,,,,,,,,,,,,,,,,,,0.5L/ha applied - Prophyictic control of botrytis  ,edillilie,fungicide,2023-09-11,11.0,4.925,0.0,,,,,,,Carbendazim,L,0.5,
776,EDILLILIE_S2.1_P1234_R2,2023,12,21,,,,,,,,,,,,,,,,,,0.5L/ha applied to control of summer weeds and volunteer crop as per district practice ,edillilie,herbicide,2023-12-21,11.0,2.95,0.0,,,,,,,"2,4-D",L,0.5,
777,EDILLILIE_S2.1_P1234_R2,2023,12,21,,,,,,,,,,,,,,,,,,1.5L/ha applied to control of summer weeds and volunteer crop as per district practice ,edillilie,herbicide,2023-12-21,11.0,9.0,0.0,,,,,,,Roundup,L,1.5,
778,EDILLILIE_S2.1_P1234_R3,2023,5,12,,,,,,,,,,,,,,,,,,0.075L/ha applied spike to glyphosate to help control broadleaf weeds. Pre-sow knockdown,edillilie,herbicide,2023-05-12,11.0,1.182,0.0,,,,,,,Oxyflurfen,L,0.075,
779,EDILLILIE_S2.1_P1234_R3,2023,5,12,,,,,,,,,,,,,,,,,,0.2kg/ha applied pre-em control of broadleaf weeds IBS,edillilie,herbicide,2023-05-12,11.0,1.5060000000000002,0.0,,,,,,,Simazine 900,kg,0.2,
780,EDILLILIE_S2.1_P1234_R3,2023,5,12,,,,,,,,,,,,,,,,,,0.5L/ha applied pre-em control of broadleaf weeds (canola) IBS,edillilie,herbicide,2023-05-12,11.0,7.5,0.0,,,,,,,Reflex ,L,0.5,
781,EDILLILIE_S2.1_P1234_R3,2023,5,12,,,,,,,,,,,,,,,,,,1.5L/ha applied pre-em control wireweed and ryegrass,edillilie,herbicide,2023-05-12,11.0,12.0,0.0,,,,,,,Trifluralin ,L,1.5,
782,EDILLILIE_S2.1_P1234_R3,2023,5,12,,,,,,,,,,,,,,,,,,100kg/ha applied at sowing,edillilie,fertiliser,2023-05-12,8.5,57.49999999999999,0.0,,,,,,,MAP,kg,100.0,
783,EDILLILIE_S2.1_P1234_R3,2023,5,12,,,,,,,,,,,,,,,,,,"2L/ha applied to volunteer canola, some small ryegrass. Pre-sow knockdown",edillilie,herbicide,2023-05-12,11.0,10.8,0.0,,,,,,,Glyphosate 540g/l,L,2.0,
784,EDILLILIE_S2.1_P1234_R3,2023,5,12,lentil,,,gia thunder,,,True,,,sale,120.0,,,50.0,,,On-time,,edillilie,sowing,2023-05-12,50.0,0.0,0.0,,,,,,,,,,
785,EDILLILIE_S2.1_P1234_R3,2023,5,18,,,,,,,,,,,,,,,,,,"1L/ha applied to control RLEM, Earwigs, slaters, millipedes",edillilie,pesticide,2023-05-18,11.0,11.6,0.0,,,,,,,Pyrenix Super ,L,1.0,faw
786,EDILLILIE_S2.1_P1234_R3,2023,5,29,,,,,,,,,,,,,,,,,,0.33L/ha applied post-em control of ryegrass GS 4 node ,edillilie,herbicide,2023-05-29,11.0,6.765000000000001,0.0,,,,,,,Clethodim,L,0.33,
787,EDILLILIE_S2.1_P1234_R3,2023,6,1,Lentil,,,,,,,,,,,,,,,,,,edillilie,termination,2023-06-01,80.0,0.0,1019.85,success,sale,1569.0,,,stubble,,,,
788,EDILLILIE_S2.1_P1234_R3,2023,9,11,,,,,,,,,,,,,,,,,,0.1L/ha applied to control of native budworm ,edillilie,pesticide,2023-09-11,11.0,13.5,0.0,,,,,,,Alpha-scud,L,0.1,faw
789,EDILLILIE_S2.1_P1234_R3,2023,9,11,,,,,,,,,,,,,,,,,,0.5L/ha applied - Prophyictic control of botrytis  ,edillilie,fungicide,2023-09-11,11.0,4.925,0.0,,,,,,,Carbendazim,L,0.5,
790,EDILLILIE_S2.1_P1234_R3,2023,12,21,,,,,,,,,,,,,,,,,,0.5L/ha applied to control of summer weeds and volunteer crop as per district practice ,edillilie,herbicide,2023-12-21,11.0,2.95,0.0,,,,,,,"2,4-D",L,0.5,
791,EDILLILIE_S2.1_P1234_R3,2023,12,21,,,,,,,,,,,,,,,,,,1.5L/ha applied to control of summer weeds and volunteer crop as per district practice ,edillilie,herbicide,2023-12-21,11.0,9.0,0.0,,,,,,,Roundup,L,1.5,
792,EDILLILIE_S2.1_P2341_R1,2023,5,12,,,,,,,,,,,,,,,,,,0.075L/ha applied spike to glyphosate to help control broadleaf weeds. Pre-sow knockdown,edillilie,herbicide,2023-05-12,11.0,1.182,0.0,,,,,,,Oxyflurfen,L,0.075,
793,EDILLILIE_S2.1_P2341_R1,2023,5,12,,,,,,,,,,,,,,,,,,1.5L/ha applied pre-em control wireweed and ryegrass,edillilie,herbicide,2023-05-12,11.0,12.0,0.0,,,,,,,Trifluralin ,L,1.5,
794,EDILLILIE_S2.1_P2341_R1,2023,5,12,,,,,,,,,,,,,,,,,,"150kg/ha applied at sowing, Impact fungicide applied for early fungal disease control ",edillilie,fertiliser,2023-05-12,8.5,97.5,0.0,,,,,,,19:13:0:9,kg,150.0,
795,EDILLILIE_S2.1_P2341_R1,2023,5,12,,,,,,,,,,,,,,,,,,1L/ha applied pre-em control of ryegrass,edillilie,herbicide,2023-05-12,11.0,65.0,0.0,,,,,,,Rustler,L,1.0,
796,EDILLILIE_S2.1_P2341_R1,2023,5,12,,,,,,,,,,,,,,,,,,"2L/ha applied to volunteer canola, some small ryegrass. Pre-sow knockdown",edillilie,herbicide,2023-05-12,11.0,10.8,0.0,,,,,,,Glyphosate 540g/l,L,2.0,
797,EDILLILIE_S2.1_P2341_R1,2023,5,12,canola,,,nuseed emu tf,,,True,,,sale,50.0,,,20.0,,,On-time,,edillilie,sowing,2023-05-12,50.0,0.0,0.0,,,,,,,,,,
798,EDILLILIE_S2.1_P2341_R1,2023,5,18,,,,,,,,,,,,,,,,,,"1L/ha applied to control RLEM, Earwigs, slaters, millipedes",edillilie,pesticide,2023-05-18,11.0,11.6,0.0,,,,,,,Pyrenix Super ,L,1.0,faw
799,EDILLILIE_S2.1_P2341_R1,2023,5,29,,,,,,,,,,,,,,,,,,0.33L/ha applied post-em control of ryegrass GS 6 leaf ,edillilie,herbicide,2023-05-29,11.0,6.765000000000001,0.0,,,,,,,Clethodim,L,0.33,
800,EDILLILIE_S2.1_P2341_R1,2023,5,29,,,,,,,,,,,,,,,,,,1.5L/ha applied post-em control vol canola GS 6 leaf,edillilie,herbicide,2023-05-29,11.0,18.0,0.0,,,,,,,Crucial ,L,1.5,
801,EDILLILIE_S2.1_P2341_R1,2023,5,29,,,,,,,,,,,,,,,,,,"2kg/ha applied to control Slugs, earwigs, snails ",edillilie,pesticide,2023-05-29,11.0,44.0,0.0,,,,,,,Transcend,kg,2.0,faw
802,EDILLILIE_S2.1_P2341_R1,2023,6,1,Canola,,,,,,,,,,,,,,,,,,edillilie,termination,2023-06-01,80.0,0.0,1189.264,success,sale,1912.0,,,stubble,,,,
803,EDILLILIE_S2.1_P2341_R1,2023,6,20,,,,,,,,,,,,,,,,,,"100kg/ha applied at top dressing, all treatments, 4-6 leag",edillilie,fertiliser,2023-06-20,8.5,50.0,0.0,,,,,,,Urea,kg,100.0,
804,EDILLILIE_S2.1_P2341_R1,2023,6,29,,,,,,,,,,,,,,,,,,"3L/ha applied as foliar spray, in line with district practice",edillilie,fertiliser,2023-06-29,8.5,21.0,0.0,,,,,,,Smart Trace Triple,L,3.0,
805,EDILLILIE_S2.1_P2341_R1,2023,7,24,,,,,,,,,,,,,,,,,,0.6L/ha applied - Prophylactic control of UCI Blackleg in line with district practice. ,edillilie,fungicide,2023-07-24,11.0,32.699999999999996,0.0,,,,,,,Aviator Xpro,L,0.6,
806,EDILLILIE_S2.1_P2341_R1,2023,9,11,,,,,,,,,,,,,,,,,,0.1L/ha applied to control of native budworm ,edillilie,pesticide,2023-09-11,11.0,13.5,0.0,,,,,,,Alpha-scud,L,0.1,faw
807,EDILLILIE_S2.1_P2341_R1,2023,12,21,,,,,,,,,,,,,,,,,,0.5L/ha applied to control of summer weeds and volunteer crop as per district practice ,edillilie,herbicide,2023-12-21,11.0,2.95,0.0,,,,,,,"2,4-D",L,0.5,
808,EDILLILIE_S2.1_P2341_R1,2023,12,21,,,,,,,,,,,,,,,,,,1.5L/ha applied to control of summer weeds and volunteer crop as per district practice ,edillilie,herbicide,2023-12-21,11.0,9.0,0.0,,,,,,,Roundup,L,1.5,
809,EDILLILIE_S2.1_P2341_R2,2023,5,12,,,,,,,,,,,,,,,,,,0.075L/ha applied spike to glyphosate to help control broadleaf weeds. Pre-sow knockdown,edillilie,herbicide,2023-05-12,11.0,1.182,0.0,,,,,,,Oxyflurfen,L,0.075,
810,EDILLILIE_S2.1_P2341_R2,2023,5,12,,,,,,,,,,,,,,,,,,1.5L/ha applied pre-em control wireweed and ryegrass,edillilie,herbicide,2023-05-12,11.0,12.0,0.0,,,,,,,Trifluralin ,L,1.5,
811,EDILLILIE_S2.1_P2341_R2,2023,5,12,,,,,,,,,,,,,,,,,,"150kg/ha applied at sowing, Impact fungicide applied for early fungal disease control ",edillilie,fertiliser,2023-05-12,8.5,97.5,0.0,,,,,,,19:13:0:9,kg,150.0,
812,EDILLILIE_S2.1_P2341_R2,2023,5,12,,,,,,,,,,,,,,,,,,1L/ha applied pre-em control of ryegrass,edillilie,herbicide,2023-05-12,11.0,65.0,0.0,,,,,,,Rustler,L,1.0,
813,EDILLILIE_S2.1_P2341_R2,2023,5,12,,,,,,,,,,,,,,,,,,"2L/ha applied to volunteer canola, some small ryegrass. Pre-sow knockdown",edillilie,herbicide,2023-05-12,11.0,10.8,0.0,,,,,,,Glyphosate 540g/l,L,2.0,
814,EDILLILIE_S2.1_P2341_R2,2023,5,12,canola,,,nuseed emu tf,,,True,,,sale,50.0,,,20.0,,,On-time,,edillilie,sowing,2023-05-12,50.0,0.0,0.0,,,,,,,,,,
815,EDILLILIE_S2.1_P2341_R2,2023,5,18,,,,,,,,,,,,,,,,,,"1L/ha applied to control RLEM, Earwigs, slaters, millipedes",edillilie,pesticide,2023-05-18,11.0,11.6,0.0,,,,,,,Pyrenix Super ,L,1.0,faw
816,EDILLILIE_S2.1_P2341_R2,2023,5,29,,,,,,,,,,,,,,,,,,0.33L/ha applied post-em control of ryegrass GS 6 leaf ,edillilie,herbicide,2023-05-29,11.0,6.765000000000001,0.0,,,,,,,Clethodim,L,0.33,
817,EDILLILIE_S2.1_P2341_R2,2023,5,29,,,,,,,,,,,,,,,,,,1.5L/ha applied post-em control vol canola GS 6 leaf,edillilie,herbicide,2023-05-29,11.0,18.0,0.0,,,,,,,Crucial ,L,1.5,
818,EDILLILIE_S2.1_P2341_R2,2023,5,29,,,,,,,,,,,,,,,,,,"2kg/ha applied to control Slugs, earwigs, snails ",edillilie,pesticide,2023-05-29,11.0,44.0,0.0,,,,,,,Transcend,kg,2.0,faw
819,EDILLILIE_S2.1_P2341_R2,2023,6,1,Canola,,,,,,,,,,,,,,,,,,edillilie,termination,2023-06-01,80.0,0.0,905.01,success,sale,1455.0,,,stubble,,,,
820,EDILLILIE_S2.1_P2341_R2,2023,6,20,,,,,,,,,,,,,,,,,,"100kg/ha applied at top dressing, all treatments, 4-6 leag",edillilie,fertiliser,2023-06-20,8.5,50.0,0.0,,,,,,,Urea,kg,100.0,
821,EDILLILIE_S2.1_P2341_R2,2023,6,29,,,,,,,,,,,,,,,,,,"3L/ha applied as foliar spray, in line with district practice",edillilie,fertiliser,2023-06-29,8.5,21.0,0.0,,,,,,,Smart Trace Triple,L,3.0,
822,EDILLILIE_S2.1_P2341_R2,2023,7,24,,,,,,,,,,,,,,,,,,0.6L/ha applied - Prophylactic control of UCI Blackleg in line with district practice. ,edillilie,fungicide,2023-07-24,11.0,32.699999999999996,0.0,,,,,,,Aviator Xpro,L,0.6,
823,EDILLILIE_S2.1_P2341_R2,2023,9,11,,,,,,,,,,,,,,,,,,0.1L/ha applied to control of native budworm ,edillilie,pesticide,2023-09-11,11.0,13.5,0.0,,,,,,,Alpha-scud,L,0.1,faw
824,EDILLILIE_S2.1_P2341_R2,2023,12,21,,,,,,,,,,,,,,,,,,0.5L/ha applied to control of summer weeds and volunteer crop as per district practice ,edillilie,herbicide,2023-12-21,11.0,2.95,0.0,,,,,,,"2,4-D",L,0.5,
825,EDILLILIE_S2.1_P2341_R2,2023,12,21,,,,,,,,,,,,,,,,,,1.5L/ha applied to control of summer weeds and volunteer crop as per district practice ,edillilie,herbicide,2023-12-21,11.0,9.0,0.0,,,,,,,Roundup,L,1.5,
826,EDILLILIE_S2.1_P2341_R3,2023,5,12,,,,,,,,,,,,,,,,,,0.075L/ha applied spike to glyphosate to help control broadleaf weeds. Pre-sow knockdown,edillilie,herbicide,2023-05-12,11.0,1.182,0.0,,,,,,,Oxyflurfen,L,0.075,
827,EDILLILIE_S2.1_P2341_R3,2023,5,12,,,,,,,,,,,,,,,,,,1.5L/ha applied pre-em control wireweed and ryegrass,edillilie,herbicide,2023-05-12,11.0,12.0,0.0,,,,,,,Trifluralin ,L,1.5,
828,EDILLILIE_S2.1_P2341_R3,2023,5,12,,,,,,,,,,,,,,,,,,"150kg/ha applied at sowing, Impact fungicide applied for early fungal disease control ",edillilie,fertiliser,2023-05-12,8.5,97.5,0.0,,,,,,,19:13:0:9,kg,150.0,
829,EDILLILIE_S2.1_P2341_R3,2023,5,12,,,,,,,,,,,,,,,,,,1L/ha applied pre-em control of ryegrass,edillilie,herbicide,2023-05-12,11.0,65.0,0.0,,,,,,,Rustler,L,1.0,
830,EDILLILIE_S2.1_P2341_R3,2023,5,12,,,,,,,,,,,,,,,,,,"2L/ha applied to volunteer canola, some small ryegrass. Pre-sow knockdown",edillilie,herbicide,2023-05-12,11.0,10.8,0.0,,,,,,,Glyphosate 540g/l,L,2.0,
831,EDILLILIE_S2.1_P2341_R3,2023,5,12,canola,,,nuseed emu tf,,,True,,,sale,50.0,,,20.0,,,On-time,,edillilie,sowing,2023-05-12,50.0,0.0,0.0,,,,,,,,,,
832,EDILLILIE_S2.1_P2341_R3,2023,5,18,,,,,,,,,,,,,,,,,,"1L/ha applied to control RLEM, Earwigs, slaters, millipedes",edillilie,pesticide,2023-05-18,11.0,11.6,0.0,,,,,,,Pyrenix Super ,L,1.0,faw
833,EDILLILIE_S2.1_P2341_R3,2023,5,29,,,,,,,,,,,,,,,,,,0.33L/ha applied post-em control of ryegrass GS 6 leaf ,edillilie,herbicide,2023-05-29,11.0,6.765000000000001,0.0,,,,,,,Clethodim,L,0.33,
834,EDILLILIE_S2.1_P2341_R3,2023,5,29,,,,,,,,,,,,,,,,,,1.5L/ha applied post-em control vol canola GS 6 leaf,edillilie,herbicide,2023-05-29,11.0,18.0,0.0,,,,,,,Crucial ,L,1.5,
835,EDILLILIE_S2.1_P2341_R3,2023,5,29,,,,,,,,,,,,,,,,,,"2kg/ha applied to control Slugs, earwigs, snails ",edillilie,pesticide,2023-05-29,11.0,44.0,0.0,,,,,,,Transcend,kg,2.0,faw
836,EDILLILIE_S2.1_P2341_R3,2023,6,1,Canola,,,,,,,,,,,,,,,,,,edillilie,termination,2023-06-01,80.0,0.0,928.024,success,sale,1492.0,,,stubble,,,,
837,EDILLILIE_S2.1_P2341_R3,2023,6,20,,,,,,,,,,,,,,,,,,"100kg/ha applied at top dressing, all treatments, 4-6 leag",edillilie,fertiliser,2023-06-20,8.5,50.0,0.0,,,,,,,Urea,kg,100.0,
838,EDILLILIE_S2.1_P2341_R3,2023,6,29,,,,,,,,,,,,,,,,,,"3L/ha applied as foliar spray, in line with district practice",edillilie,fertiliser,2023-06-29,8.5,21.0,0.0,,,,,,,Smart Trace Triple,L,3.0,
839,EDILLILIE_S2.1_P2341_R3,2023,7,24,,,,,,,,,,,,,,,,,,0.6L/ha applied - Prophylactic control of UCI Blackleg in line with district practice. ,edillilie,fungicide,2023-07-24,11.0,32.699999999999996,0.0,,,,,,,Aviator Xpro,L,0.6,
840,EDILLILIE_S2.1_P2341_R3,2023,9,11,,,,,,,,,,,,,,,,,,0.1L/ha applied to control of native budworm ,edillilie,pesticide,2023-09-11,11.0,13.5,0.0,,,,,,,Alpha-scud,L,0.1,faw
841,EDILLILIE_S2.1_P2341_R3,2023,12,21,,,,,,,,,,,,,,,,,,0.5L/ha applied to control of summer weeds and volunteer crop as per district practice ,edillilie,herbicide,2023-12-21,11.0,2.95,0.0,,,,,,,"2,4-D",L,0.5,
842,EDILLILIE_S2.1_P2341_R3,2023,12,21,,,,,,,,,,,,,,,,,,1.5L/ha applied to control of summer weeds and volunteer crop as per district practice ,edillilie,herbicide,2023-12-21,11.0,9.0,0.0,,,,,,,Roundup,L,1.5,
843,EDILLILIE_S2.1_P3412_R1,2023,5,12,,,,,,,,,,,,,,,,,,0.075L/ha applied spike to glyphosate to help control broadleaf weeds. Pre-sow knockdown,edillilie,herbicide,2023-05-12,11.0,1.182,0.0,,,,,,,Oxyflurfen,L,0.075,
844,EDILLILIE_S2.1_P3412_R1,2023,5,12,,,,,,,,,,,,,,,,,,0.118kg/ha applied pre-em control of ryegrass,edillilie,herbicide,2023-05-12,11.0,40.4976,0.0,,,,,,,Sakura ,kg,0.118,
845,EDILLILIE_S2.1_P3412_R1,2023,5,12,,,,,,,,,,,,,,,,,,1.5L/ha applied pre-em control wireweed and ryegrass,edillilie,herbicide,2023-05-12,11.0,12.0,0.0,,,,,,,Trifluralin ,L,1.5,
846,EDILLILIE_S2.1_P3412_R1,2023,5,12,,,,,,,,,,,,,,,,,,"100kg/ha applied at sowing, Impact fungicide applied for early fungal disease control ",edillilie,fertiliser,2023-05-12,8.5,57.49999999999999,0.0,,,,,,,DAP,kg,100.0,
847,EDILLILIE_S2.1_P3412_R1,2023,5,12,,,,,,,,,,,,,,,,,,"2L/ha applied to volunteer canola, some small ryegrass. Pre-sow knockdown",edillilie,herbicide,2023-05-12,11.0,10.8,0.0,,,,,,,Glyphosate 540g/l,L,2.0,
848,EDILLILIE_S2.1_P3412_R1,2023,5,12,wheat,,,calibre,,,True,,,sale,180.0,,,50.0,,,On-time,,edillilie,sowing,2023-05-12,50.0,0.0,0.0,,,,,,,,,,
849,EDILLILIE_S2.1_P3412_R1,2023,5,18,,,,,,,,,,,,,,,,,,"1L/ha applied to control RLEM, Earwigs, slaters, millipedes",edillilie,pesticide,2023-05-18,11.0,11.6,0.0,,,,,,,Pyrenix Super ,L,1.0,faw
850,EDILLILIE_S2.1_P3412_R1,2023,5,29,,,,,,,,,,,,,,,,,,0.025kg/ha applied post-em control vol canola GS25,edillilie,herbicide,2023-05-29,11.0,12.25,0.0,,,,,,,Paradigm ,kg,0.025,
851,EDILLILIE_S2.1_P3412_R1,2023,5,29,,,,,,,,,,,,,,,,,,0.35L/ha applied post-em control vol canola GS25,edillilie,herbicide,2023-05-29,11.0,2.849,0.0,,,,,,,MCPA LVE ,L,0.35,
852,EDILLILIE_S2.1_P3412_R1,2023,5,29,,,,,,,,,,,,,,,,,,"0.3L/ha applied - Prophylactic control of septoria, powdery mildew, eyespot. In line with district practice GS 25",edillilie,fungicide,2023-05-29,11.0,22.349999999999998,0.0,,,,,,,Prosaro ,L,0.3,
853,EDILLILIE_S2.1_P3412_R1,2023,6,1,wheat,,,,,,,,,,,,,,,,,,edillilie,termination,2023-06-01,80.0,0.0,1405.14,success,sale,4258.0,,,stubble,,,,
854,EDILLILIE_S2.1_P3412_R1,2023,6,20,,,,,,,,,,,,,,,,,,"100kg/ha applied top dressing, all treatments, early tillering",edillilie,fertiliser,2023-06-20,8.5,50.0,0.0,,,,,,,Urea,kg,100.0,
855,EDILLILIE_S2.1_P3412_R1,2023,6,29,,,,,,,,,,,,,,,,,,"3L/ha applied as foliar spray, in line with district practice",edillilie,fertiliser,2023-06-29,8.5,21.0,0.0,,,,,,,Smart Trace Triple,L,3.0,
856,EDILLILIE_S2.1_P3412_R1,2023,9,1,,,,,,,,,,,,,,,,,,0.4L/ha applied - Prophylactic control  sceptoria and powdery mildew control as per district practice ,edillilie,fungicide,2023-09-01,11.0,36.0,0.0,,,,,,,Amistar,L,0.4,
857,EDILLILIE_S2.1_P3412_R1,2023,12,21,,,,,,,,,,,,,,,,,,0.5L/ha applied to control of summer weeds and volunteer crop as per district practice ,edillilie,herbicide,2023-12-21,11.0,2.95,0.0,,,,,,,"2,4-D",L,0.5,
858,EDILLILIE_S2.1_P3412_R1,2023,12,21,,,,,,,,,,,,,,,,,,1.5L/ha applied to control of summer weeds and volunteer crop as per district practice ,edillilie,herbicide,2023-12-21,11.0,9.0,0.0,,,,,,,Roundup,L,1.5,
859,EDILLILIE_S2.1_P3412_R2,2023,5,12,,,,,,,,,,,,,,,,,,0.075L/ha applied spike to glyphosate to help control broadleaf weeds. Pre-sow knockdown,edillilie,herbicide,2023-05-12,11.0,1.182,0.0,,,,,,,Oxyflurfen,L,0.075,
860,EDILLILIE_S2.1_P3412_R2,2023,5,12,,,,,,,,,,,,,,,,,,0.118kg/ha applied pre-em control of ryegrass,edillilie,herbicide,2023-05-12,11.0,40.4976,0.0,,,,,,,Sakura ,kg,0.118,
861,EDILLILIE_S2.1_P3412_R2,2023,5,12,,,,,,,,,,,,,,,,,,1.5L/ha applied pre-em control wireweed and ryegrass,edillilie,herbicide,2023-05-12,11.0,12.0,0.0,,,,,,,Trifluralin ,L,1.5,
862,EDILLILIE_S2.1_P3412_R2,2023,5,12,,,,,,,,,,,,,,,,,,"100kg/ha applied at sowing, Impact fungicide applied for early fungal disease control ",edillilie,fertiliser,2023-05-12,8.5,57.49999999999999,0.0,,,,,,,DAP,kg,100.0,
863,EDILLILIE_S2.1_P3412_R2,2023,5,12,,,,,,,,,,,,,,,,,,"2L/ha applied to volunteer canola, some small ryegrass. Pre-sow knockdown",edillilie,herbicide,2023-05-12,11.0,10.8,0.0,,,,,,,Glyphosate 540g/l,L,2.0,
864,EDILLILIE_S2.1_P3412_R2,2023,5,12,wheat,,,calibre,,,True,,,sale,180.0,,,50.0,,,On-time,,edillilie,sowing,2023-05-12,50.0,0.0,0.0,,,,,,,,,,
865,EDILLILIE_S2.1_P3412_R2,2023,5,18,,,,,,,,,,,,,,,,,,"1L/ha applied to control RLEM, Earwigs, slaters, millipedes",edillilie,pesticide,2023-05-18,11.0,11.6,0.0,,,,,,,Pyrenix Super ,L,1.0,faw
866,EDILLILIE_S2.1_P3412_R2,2023,5,29,,,,,,,,,,,,,,,,,,0.025kg/ha applied post-em control vol canola GS25,edillilie,herbicide,2023-05-29,11.0,12.25,0.0,,,,,,,Paradigm ,kg,0.025,
867,EDILLILIE_S2.1_P3412_R2,2023,5,29,,,,,,,,,,,,,,,,,,0.35L/ha applied post-em control vol canola GS25,edillilie,herbicide,2023-05-29,11.0,2.849,0.0,,,,,,,MCPA LVE ,L,0.35,
868,EDILLILIE_S2.1_P3412_R2,2023,5,29,,,,,,,,,,,,,,,,,,"0.3L/ha applied - Prophylactic control of septoria, powdery mildew, eyespot. In line with district practice GS 25",edillilie,fungicide,2023-05-29,11.0,22.349999999999998,0.0,,,,,,,Prosaro ,L,0.3,
869,EDILLILIE_S2.1_P3412_R2,2023,6,1,wheat,,,,,,,,,,,,,,,,,,edillilie,termination,2023-06-01,80.0,0.0,1422.3,success,sale,4310.0,,,stubble,,,,
870,EDILLILIE_S2.1_P3412_R2,2023,6,20,,,,,,,,,,,,,,,,,,"100kg/ha applied top dressing, all treatments, early tillering",edillilie,fertiliser,2023-06-20,8.5,50.0,0.0,,,,,,,Urea,kg,100.0,
871,EDILLILIE_S2.1_P3412_R2,2023,6,29,,,,,,,,,,,,,,,,,,"3L/ha applied as foliar spray, in line with district practice",edillilie,fertiliser,2023-06-29,8.5,21.0,0.0,,,,,,,Smart Trace Triple,L,3.0,
872,EDILLILIE_S2.1_P3412_R2,2023,9,1,,,,,,,,,,,,,,,,,,0.4L/ha applied - Prophylactic control  sceptoria and powdery mildew control as per district practice ,edillilie,fungicide,2023-09-01,11.0,36.0,0.0,,,,,,,Amistar,L,0.4,
873,EDILLILIE_S2.1_P3412_R2,2023,12,21,,,,,,,,,,,,,,,,,,0.5L/ha applied to control of summer weeds and volunteer crop as per district practice ,edillilie,herbicide,2023-12-21,11.0,2.95,0.0,,,,,,,"2,4-D",L,0.5,
874,EDILLILIE_S2.1_P3412_R2,2023,12,21,,,,,,,,,,,,,,,,,,1.5L/ha applied to control of summer weeds and volunteer crop as per district practice ,edillilie,herbicide,2023-12-21,11.0,9.0,0.0,,,,,,,Roundup,L,1.5,
875,EDILLILIE_S2.1_P3412_R3,2023,5,12,,,,,,,,,,,,,,,,,,0.075L/ha applied spike to glyphosate to help control broadleaf weeds. Pre-sow knockdown,edillilie,herbicide,2023-05-12,11.0,1.182,0.0,,,,,,,Oxyflurfen,L,0.075,
876,EDILLILIE_S2.1_P3412_R3,2023,5,12,,,,,,,,,,,,,,,,,,0.118kg/ha applied pre-em control of ryegrass,edillilie,herbicide,2023-05-12,11.0,40.4976,0.0,,,,,,,Sakura ,kg,0.118,
877,EDILLILIE_S2.1_P3412_R3,2023,5,12,,,,,,,,,,,,,,,,,,1.5L/ha applied pre-em control wireweed and ryegrass,edillilie,herbicide,2023-05-12,11.0,12.0,0.0,,,,,,,Trifluralin ,L,1.5,
878,EDILLILIE_S2.1_P3412_R3,2023,5,12,,,,,,,,,,,,,,,,,,"100kg/ha applied at sowing, Impact fungicide applied for early fungal disease control ",edillilie,fertiliser,2023-05-12,8.5,57.49999999999999,0.0,,,,,,,DAP,kg,100.0,
879,EDILLILIE_S2.1_P3412_R3,2023,5,12,,,,,,,,,,,,,,,,,,"2L/ha applied to volunteer canola, some small ryegrass. Pre-sow knockdown",edillilie,herbicide,2023-05-12,11.0,10.8,0.0,,,,,,,Glyphosate 540g/l,L,2.0,
880,EDILLILIE_S2.1_P3412_R3,2023,5,12,wheat,,,calibre,,,True,,,sale,180.0,,,50.0,,,On-time,,edillilie,sowing,2023-05-12,50.0,0.0,0.0,,,,,,,,,,
881,EDILLILIE_S2.1_P3412_R3,2023,5,18,,,,,,,,,,,,,,,,,,"1L/ha applied to control RLEM, Earwigs, slaters, millipedes",edillilie,pesticide,2023-05-18,11.0,11.6,0.0,,,,,,,Pyrenix Super ,L,1.0,faw
882,EDILLILIE_S2.1_P3412_R3,2023,5,29,,,,,,,,,,,,,,,,,,0.025kg/ha applied post-em control vol canola GS25,edillilie,herbicide,2023-05-29,11.0,12.25,0.0,,,,,,,Paradigm ,kg,0.025,
883,EDILLILIE_S2.1_P3412_R3,2023,5,29,,,,,,,,,,,,,,,,,,0.35L/ha applied post-em control vol canola GS25,edillilie,herbicide,2023-05-29,11.0,2.849,0.0,,,,,,,MCPA LVE ,L,0.35,
884,EDILLILIE_S2.1_P3412_R3,2023,5,29,,,,,,,,,,,,,,,,,,"0.3L/ha applied - Prophylactic control of septoria, powdery mildew, eyespot. In line with district practice GS 25",edillilie,fungicide,2023-05-29,11.0,22.349999999999998,0.0,,,,,,,Prosaro ,L,0.3,
885,EDILLILIE_S2.1_P3412_R3,2023,6,1,wheat,,,,,,,,,,,,,,,,,,edillilie,termination,2023-06-01,80.0,0.0,1252.68,success,sale,3796.0,,,stubble,,,,
886,EDILLILIE_S2.1_P3412_R3,2023,6,20,,,,,,,,,,,,,,,,,,"100kg/ha applied top dressing, all treatments, early tillering",edillilie,fertiliser,2023-06-20,8.5,50.0,0.0,,,,,,,Urea,kg,100.0,
887,EDILLILIE_S2.1_P3412_R3,2023,6,29,,,,,,,,,,,,,,,,,,"3L/ha applied as foliar spray, in line with district practice",edillilie,fertiliser,2023-06-29,8.5,21.0,0.0,,,,,,,Smart Trace Triple,L,3.0,
888,EDILLILIE_S2.1_P3412_R3,2023,9,1,,,,,,,,,,,,,,,,,,0.4L/ha applied - Prophylactic control  sceptoria and powdery mildew control as per district practice ,edillilie,fungicide,2023-09-01,11.0,36.0,0.0,,,,,,,Amistar,L,0.4,
889,EDILLILIE_S2.1_P3412_R3,2023,12,21,,,,,,,,,,,,,,,,,,0.5L/ha applied to control of summer weeds and volunteer crop as per district practice ,edillilie,herbicide,2023-12-21,11.0,2.95,0.0,,,,,,,"2,4-D",L,0.5,
890,EDILLILIE_S2.1_P3412_R3,2023,12,21,,,,,,,,,,,,,,,,,,1.5L/ha applied to control of summer weeds and volunteer crop as per district practice ,edillilie,herbicide,2023-12-21,11.0,9.0,0.0,,,,,,,Roundup,L,1.5,
891,EDILLILIE_S2.1_P4123_R1,2023,5,12,,,,,,,,,,,,,,,,,,0.075L/ha applied spike to glyphosate to help control broadleaf weeds. Pre-sow knockdown,edillilie,herbicide,2023-05-12,11.0,1.182,0.0,,,,,,,Oxyflurfen,L,0.075,
892,EDILLILIE_S2.1_P4123_R1,2023,5,12,,,,,,,,,,,,,,,,,,0.118kg/ha applied pre-em control of ryegrass,edillilie,herbicide,2023-05-12,11.0,40.4976,0.0,,,,,,,Sakura ,kg,0.118,
893,EDILLILIE_S2.1_P4123_R1,2023,5,12,,,,,,,,,,,,,,,,,,1.5L/ha applied pre-em control wireweed and ryegrass,edillilie,herbicide,2023-05-12,11.0,12.0,0.0,,,,,,,Trifluralin ,L,1.5,
894,EDILLILIE_S2.1_P4123_R1,2023,5,12,,,,,,,,,,,,,,,,,,"100kg/ha applied at sowing, Impact fungicide applied for early fungal disease control ",edillilie,fertiliser,2023-05-12,8.5,57.49999999999999,0.0,,,,,,,DAP,kg,100.0,
895,EDILLILIE_S2.1_P4123_R1,2023,5,12,,,,,,,,,,,,,,,,,,"2L/ha applied to volunteer canola, some small ryegrass. Pre-sow knockdown",edillilie,herbicide,2023-05-12,11.0,10.8,0.0,,,,,,,Glyphosate 540g/l,L,2.0,
896,EDILLILIE_S2.1_P4123_R1,2023,5,12,wheat,,,calibre,,,True,,,sale,180.0,,,50.0,,,On-time,,edillilie,sowing,2023-05-12,50.0,0.0,0.0,,,,,,,,,,
897,EDILLILIE_S2.1_P4123_R1,2023,5,18,,,,,,,,,,,,,,,,,,"1L/ha applied to control RLEM, Earwigs, slaters, millipedes",edillilie,pesticide,2023-05-18,11.0,11.6,0.0,,,,,,,Pyrenix Super ,L,1.0,faw
898,EDILLILIE_S2.1_P4123_R1,2023,5,29,,,,,,,,,,,,,,,,,,0.025kg/ha applied post-em control vol canola GS25,edillilie,herbicide,2023-05-29,11.0,12.25,0.0,,,,,,,Paradigm ,kg,0.025,
899,EDILLILIE_S2.1_P4123_R1,2023,5,29,,,,,,,,,,,,,,,,,,0.35L/ha applied post-em control vol canola GS25,edillilie,herbicide,2023-05-29,11.0,2.849,0.0,,,,,,,MCPA LVE ,L,0.35,
900,EDILLILIE_S2.1_P4123_R1,2023,5,29,,,,,,,,,,,,,,,,,,"0.3L/ha applied - Prophylactic control of septoria, powdery mildew, eyespot. In line with district practice GS 25",edillilie,fungicide,2023-05-29,11.0,22.349999999999998,0.0,,,,,,,Prosaro ,L,0.3,
901,EDILLILIE_S2.1_P4123_R1,2023,6,1,wheat,,,,,,,,,,,,,,,,,,edillilie,termination,2023-06-01,80.0,0.0,1677.0600000000002,success,sale,5082.0,,,stubble,,,,
902,EDILLILIE_S2.1_P4123_R1,2023,6,20,,,,,,,,,,,,,,,,,,"100kg/ha applied top dressing, all treatments, early tillering",edillilie,fertiliser,2023-06-20,8.5,50.0,0.0,,,,,,,Urea,kg,100.0,
903,EDILLILIE_S2.1_P4123_R1,2023,6,29,,,,,,,,,,,,,,,,,,"3L/ha applied as foliar spray, in line with district practice",edillilie,fertiliser,2023-06-29,8.5,21.0,0.0,,,,,,,Smart Trace Triple,L,3.0,
904,EDILLILIE_S2.1_P4123_R1,2023,9,1,,,,,,,,,,,,,,,,,,0.4L/ha applied - Prophylactic control  sceptoria and powdery mildew control as per district practice ,edillilie,fungicide,2023-09-01,11.0,36.0,0.0,,,,,,,Amistar,L,0.4,
905,EDILLILIE_S2.1_P4123_R1,2023,12,21,,,,,,,,,,,,,,,,,,0.5L/ha applied to control of summer weeds and volunteer crop as per district practice ,edillilie,herbicide,2023-12-21,11.0,2.95,0.0,,,,,,,"2,4-D",L,0.5,
906,EDILLILIE_S2.1_P4123_R1,2023,12,21,,,,,,,,,,,,,,,,,,1.5L/ha applied to control of summer weeds and volunteer crop as per district practice ,edillilie,herbicide,2023-12-21,11.0,9.0,0.0,,,,,,,Roundup,L,1.5,
907,EDILLILIE_S2.1_P4123_R2,2023,5,12,,,,,,,,,,,,,,,,,,0.075L/ha applied spike to glyphosate to help control broadleaf weeds. Pre-sow knockdown,edillilie,herbicide,2023-05-12,11.0,1.182,0.0,,,,,,,Oxyflurfen,L,0.075,
908,EDILLILIE_S2.1_P4123_R2,2023,5,12,,,,,,,,,,,,,,,,,,0.118kg/ha applied pre-em control of ryegrass,edillilie,herbicide,2023-05-12,11.0,40.4976,0.0,,,,,,,Sakura ,kg,0.118,
909,EDILLILIE_S2.1_P4123_R2,2023,5,12,,,,,,,,,,,,,,,,,,1.5L/ha applied pre-em control wireweed and ryegrass,edillilie,herbicide,2023-05-12,11.0,12.0,0.0,,,,,,,Trifluralin ,L,1.5,
910,EDILLILIE_S2.1_P4123_R2,2023,5,12,,,,,,,,,,,,,,,,,,"100kg/ha applied at sowing, Impact fungicide applied for early fungal disease control ",edillilie,fertiliser,2023-05-12,8.5,57.49999999999999,0.0,,,,,,,DAP,kg,100.0,
911,EDILLILIE_S2.1_P4123_R2,2023,5,12,,,,,,,,,,,,,,,,,,"2L/ha applied to volunteer canola, some small ryegrass. Pre-sow knockdown",edillilie,herbicide,2023-05-12,11.0,10.8,0.0,,,,,,,Glyphosate 540g/l,L,2.0,
912,EDILLILIE_S2.1_P4123_R2,2023,5,12,wheat,,,calibre,,,True,,,sale,180.0,,,50.0,,,On-time,,edillilie,sowing,2023-05-12,50.0,0.0,0.0,,,,,,,,,,
913,EDILLILIE_S2.1_P4123_R2,2023,5,18,,,,,,,,,,,,,,,,,,"1L/ha applied to control RLEM, Earwigs, slaters, millipedes",edillilie,pesticide,2023-05-18,11.0,11.6,0.0,,,,,,,Pyrenix Super ,L,1.0,faw
914,EDILLILIE_S2.1_P4123_R2,2023,5,29,,,,,,,,,,,,,,,,,,0.025kg/ha applied post-em control vol canola GS25,edillilie,herbicide,2023-05-29,11.0,12.25,0.0,,,,,,,Paradigm ,kg,0.025,
915,EDILLILIE_S2.1_P4123_R2,2023,5,29,,,,,,,,,,,,,,,,,,0.35L/ha applied post-em control vol canola GS25,edillilie,herbicide,2023-05-29,11.0,2.849,0.0,,,,,,,MCPA LVE ,L,0.35,
916,EDILLILIE_S2.1_P4123_R2,2023,5,29,,,,,,,,,,,,,,,,,,"0.3L/ha applied - Prophylactic control of septoria, powdery mildew, eyespot. In line with district practice GS 25",edillilie,fungicide,2023-05-29,11.0,22.349999999999998,0.0,,,,,,,Prosaro ,L,0.3,
917,EDILLILIE_S2.1_P4123_R2,2023,6,1,wheat,,,,,,,,,,,,,,,,,,edillilie,termination,2023-06-01,80.0,0.0,1329.9,success,sale,4030.0,,,stubble,,,,
918,EDILLILIE_S2.1_P4123_R2,2023,6,20,,,,,,,,,,,,,,,,,,"100kg/ha applied top dressing, all treatments, early tillering",edillilie,fertiliser,2023-06-20,8.5,50.0,0.0,,,,,,,Urea,kg,100.0,
919,EDILLILIE_S2.1_P4123_R2,2023,6,29,,,,,,,,,,,,,,,,,,"3L/ha applied as foliar spray, in line with district practice",edillilie,fertiliser,2023-06-29,8.5,21.0,0.0,,,,,,,Smart Trace Triple,L,3.0,
920,EDILLILIE_S2.1_P4123_R2,2023,9,1,,,,,,,,,,,,,,,,,,0.4L/ha applied - Prophylactic control  sceptoria and powdery mildew control as per district practice ,edillilie,fungicide,2023-09-01,11.0,36.0,0.0,,,,,,,Amistar,L,0.4,
921,EDILLILIE_S2.1_P4123_R2,2023,12,21,,,,,,,,,,,,,,,,,,0.5L/ha applied to control of summer weeds and volunteer crop as per district practice ,edillilie,herbicide,2023-12-21,11.0,2.95,0.0,,,,,,,"2,4-D",L,0.5,
922,EDILLILIE_S2.1_P4123_R2,2023,12,21,,,,,,,,,,,,,,,,,,1.5L/ha applied to control of summer weeds and volunteer crop as per district practice ,edillilie,herbicide,2023-12-21,11.0,9.0,0.0,,,,,,,Roundup,L,1.5,
923,EDILLILIE_S2.1_P4123_R3,2023,5,12,,,,,,,,,,,,,,,,,,0.075L/ha applied spike to glyphosate to help control broadleaf weeds. Pre-sow knockdown,edillilie,herbicide,2023-05-12,11.0,1.182,0.0,,,,,,,Oxyflurfen,L,0.075,
924,EDILLILIE_S2.1_P4123_R3,2023,5,12,,,,,,,,,,,,,,,,,,0.118kg/ha applied pre-em control of ryegrass,edillilie,herbicide,2023-05-12,11.0,40.4976,0.0,,,,,,,Sakura ,kg,0.118,
925,EDILLILIE_S2.1_P4123_R3,2023,5,12,,,,,,,,,,,,,,,,,,1.5L/ha applied pre-em control wireweed and ryegrass,edillilie,herbicide,2023-05-12,11.0,12.0,0.0,,,,,,,Trifluralin ,L,1.5,
926,EDILLILIE_S2.1_P4123_R3,2023,5,12,,,,,,,,,,,,,,,,,,"100kg/ha applied at sowing, Impact fungicide applied for early fungal disease control ",edillilie,fertiliser,2023-05-12,8.5,57.49999999999999,0.0,,,,,,,DAP,kg,100.0,
927,EDILLILIE_S2.1_P4123_R3,2023,5,12,,,,,,,,,,,,,,,,,,"2L/ha applied to volunteer canola, some small ryegrass. Pre-sow knockdown",edillilie,herbicide,2023-05-12,11.0,10.8,0.0,,,,,,,Glyphosate 540g/l,L,2.0,
928,EDILLILIE_S2.1_P4123_R3,2023,5,12,wheat,,,calibre,,,True,,,sale,180.0,,,50.0,,,On-time,,edillilie,sowing,2023-05-12,50.0,0.0,0.0,,,,,,,,,,
929,EDILLILIE_S2.1_P4123_R3,2023,5,18,,,,,,,,,,,,,,,,,,"1L/ha applied to control RLEM, Earwigs, slaters, millipedes",edillilie,pesticide,2023-05-18,11.0,11.6,0.0,,,,,,,Pyrenix Super ,L,1.0,faw
930,EDILLILIE_S2.1_P4123_R3,2023,5,29,,,,,,,,,,,,,,,,,,0.025kg/ha applied post-em control vol canola GS25,edillilie,herbicide,2023-05-29,11.0,12.25,0.0,,,,,,,Paradigm ,kg,0.025,
931,EDILLILIE_S2.1_P4123_R3,2023,5,29,,,,,,,,,,,,,,,,,,0.35L/ha applied post-em control vol canola GS25,edillilie,herbicide,2023-05-29,11.0,2.849,0.0,,,,,,,MCPA LVE ,L,0.35,
932,EDILLILIE_S2.1_P4123_R3,2023,5,29,,,,,,,,,,,,,,,,,,"0.3L/ha applied - Prophylactic control of septoria, powdery mildew, eyespot. In line with district practice GS 25",edillilie,fungicide,2023-05-29,11.0,22.349999999999998,0.0,,,,,,,Prosaro ,L,0.3,
933,EDILLILIE_S2.1_P4123_R3,2023,6,1,wheat,,,,,,,,,,,,,,,,,,edillilie,termination,2023-06-01,80.0,0.0,1191.63,success,sale,3611.0,,,stubble,,,,
934,EDILLILIE_S2.1_P4123_R3,2023,6,20,,,,,,,,,,,,,,,,,,"100kg/ha applied top dressing, all treatments, early tillering",edillilie,fertiliser,2023-06-20,8.5,50.0,0.0,,,,,,,Urea,kg,100.0,
935,EDILLILIE_S2.1_P4123_R3,2023,6,29,,,,,,,,,,,,,,,,,,"3L/ha applied as foliar spray, in line with district practice",edillilie,fertiliser,2023-06-29,8.5,21.0,0.0,,,,,,,Smart Trace Triple,L,3.0,
936,EDILLILIE_S2.1_P4123_R3,2023,9,1,,,,,,,,,,,,,,,,,,0.4L/ha applied - Prophylactic control  sceptoria and powdery mildew control as per district practice ,edillilie,fungicide,2023-09-01,11.0,36.0,0.0,,,,,,,Amistar,L,0.4,
937,EDILLILIE_S2.1_P4123_R3,2023,12,21,,,,,,,,,,,,,,,,,,0.5L/ha applied to control of summer weeds and volunteer crop as per district practice ,edillilie,herbicide,2023-12-21,11.0,2.95,0.0,,,,,,,"2,4-D",L,0.5,
938,EDILLILIE_S2.1_P4123_R3,2023,12,21,,,,,,,,,,,,,,,,,,1.5L/ha applied to control of summer weeds and volunteer crop as per district practice ,edillilie,herbicide,2023-12-21,11.0,9.0,0.0,,,,,,,Roundup,L,1.5,
939,EDILLILIE_S2.2 _P2341_R1,2023,5,12,,,,,,,,,,,,,,,,,,0.075L/ha applied spike to glyphosate to help control broadleaf weeds. Pre-sow knockdown,edillilie,herbicide,2023-05-12,11.0,1.182,0.0,,,,,,,Oxyflurfen,L,0.075,
940,EDILLILIE_S2.2 _P2341_R1,2023,5,12,,,,,,,,,,,,,,,,,,1.5L/ha applied pre-em control wireweed and ryegrass,edillilie,herbicide,2023-05-12,11.0,12.0,0.0,,,,,,,Trifluralin ,L,1.5,
941,EDILLILIE_S2.2 _P2341_R1,2023,5,12,,,,,,,,,,,,,,,,,,"150kg/ha applied at sowing, Impact fungicide applied for early fungal disease control ",edillilie,fertiliser,2023-05-12,8.5,97.5,0.0,,,,,,,19:13:0:9,kg,150.0,
942,EDILLILIE_S2.2 _P2341_R1,2023,5,12,,,,,,,,,,,,,,,,,,1L/ha applied pre-em control of ryegrass,edillilie,herbicide,2023-05-12,11.0,65.0,0.0,,,,,,,Rustler,L,1.0,
943,EDILLILIE_S2.2 _P2341_R1,2023,5,12,,,,,,,,,,,,,,,,,,"2L/ha applied to volunteer canola, some small ryegrass. Pre-sow knockdown",edillilie,herbicide,2023-05-12,11.0,10.8,0.0,,,,,,,Glyphosate 540g/l,L,2.0,
944,EDILLILIE_S2.2 _P2341_R1,2023,5,12,canola,,,nuseed emu tf,,,True,,,sale,50.0,,,20.0,,,On-time,,edillilie,sowing,2023-05-12,50.0,0.0,0.0,,,,,,,,,,
945,EDILLILIE_S2.2 _P2341_R1,2023,5,18,,,,,,,,,,,,,,,,,,"1L/ha applied to control RLEM, Earwigs, slaters, millipedes",edillilie,pesticide,2023-05-18,11.0,11.6,0.0,,,,,,,Pyrenix Super ,L,1.0,faw
946,EDILLILIE_S2.2 _P2341_R1,2023,5,29,,,,,,,,,,,,,,,,,,0.33L/ha applied post-em control of ryegrass GS 6 leaf ,edillilie,herbicide,2023-05-29,11.0,6.765000000000001,0.0,,,,,,,Clethodim,L,0.33,
947,EDILLILIE_S2.2 _P2341_R1,2023,5,29,,,,,,,,,,,,,,,,,,1.5L/ha applied post-em control vol canola GS 6 leaf,edillilie,herbicide,2023-05-29,11.0,18.0,0.0,,,,,,,Crucial ,L,1.5,
948,EDILLILIE_S2.2 _P2341_R1,2023,5,29,,,,,,,,,,,,,,,,,,"2kg/ha applied to control Slugs, earwigs, snails ",edillilie,pesticide,2023-05-29,11.0,44.0,0.0,,,,,,,Transcend,kg,2.0,faw
949,EDILLILIE_S2.2 _P2341_R1,2023,6,1,Canola,,,,,,,,,,,,,,,,,,edillilie,termination,2023-06-01,80.0,0.0,1168.738,success,sale,1879.0,,,stubble,,,,
950,EDILLILIE_S2.2 _P2341_R1,2023,6,20,,,,,,,,,,,,,,,,,,"100kg/ha applied at top dressing, all treatments, 4-6 leag",edillilie,fertiliser,2023-06-20,8.5,50.0,0.0,,,,,,,Urea,kg,100.0,
951,EDILLILIE_S2.2 _P2341_R1,2023,6,29,,,,,,,,,,,,,,,,,,"3L/ha applied as foliar spray, in line with district practice",edillilie,fertiliser,2023-06-29,8.5,21.0,0.0,,,,,,,Smart Trace Triple,L,3.0,
952,EDILLILIE_S2.2 _P2341_R1,2023,7,12,,,,,,,,,,,,,,,,,,100kg/ha applied at top dressing - stem elongation,edillilie,fertiliser,2023-07-12,8.5,50.0,0.0,,,,,,,Urea,kg,100.0,
953,EDILLILIE_S2.2 _P2341_R1,2023,7,24,,,,,,,,,,,,,,,,,,0.6L/ha applied - Prophylactic control of UCI Blackleg in line with district practice. ,edillilie,fungicide,2023-07-24,11.0,32.699999999999996,0.0,,,,,,,Aviator Xpro,L,0.6,
954,EDILLILIE_S2.2 _P2341_R1,2023,7,31,,,,,,,,,,,,,,,,,,200kg/ha applied at top dressing - stem elongation,edillilie,fertiliser,2023-07-31,8.5,100.0,0.0,,,,,,,Urea,kg,200.0,
955,EDILLILIE_S2.2 _P2341_R1,2023,9,11,,,,,,,,,,,,,,,,,,0.1L/ha applied to control of native budworm ,edillilie,pesticide,2023-09-11,11.0,13.5,0.0,,,,,,,Alpha-scud,L,0.1,faw
956,EDILLILIE_S2.2 _P2341_R1,2023,12,21,,,,,,,,,,,,,,,,,,0.5L/ha applied to control of summer weeds and volunteer crop as per district practice ,edillilie,herbicide,2023-12-21,11.0,2.95,0.0,,,,,,,"2,4-D",L,0.5,
957,EDILLILIE_S2.2 _P2341_R1,2023,12,21,,,,,,,,,,,,,,,,,,1.5L/ha applied to control of summer weeds and volunteer crop as per district practice ,edillilie,herbicide,2023-12-21,11.0,9.0,0.0,,,,,,,Roundup,L,1.5,
958,EDILLILIE_S2.2_P1234_R1,2023,5,12,,,,,,,,,,,,,,,,,,0.075L/ha applied spike to glyphosate to help control broadleaf weeds. Pre-sow knockdown,edillilie,herbicide,2023-05-12,11.0,1.182,0.0,,,,,,,Oxyflurfen,L,0.075,
959,EDILLILIE_S2.2_P1234_R1,2023,5,12,,,,,,,,,,,,,,,,,,0.2kg/ha applied pre-em control of broadleaf weeds IBS,edillilie,herbicide,2023-05-12,11.0,1.5060000000000002,0.0,,,,,,,Simazine 900,kg,0.2,
960,EDILLILIE_S2.2_P1234_R1,2023,5,12,,,,,,,,,,,,,,,,,,0.5L/ha applied pre-em control of broadleaf weeds (canola) IBS,edillilie,herbicide,2023-05-12,11.0,7.5,0.0,,,,,,,Reflex ,L,0.5,
961,EDILLILIE_S2.2_P1234_R1,2023,5,12,,,,,,,,,,,,,,,,,,1.5L/ha applied pre-em control wireweed and ryegrass,edillilie,herbicide,2023-05-12,11.0,12.0,0.0,,,,,,,Trifluralin ,L,1.5,
962,EDILLILIE_S2.2_P1234_R1,2023,5,12,,,,,,,,,,,,,,,,,,100kg/ha applied at sowing,edillilie,fertiliser,2023-05-12,8.5,57.49999999999999,0.0,,,,,,,MAP,kg,100.0,
963,EDILLILIE_S2.2_P1234_R1,2023,5,12,,,,,,,,,,,,,,,,,,"2L/ha applied to volunteer canola, some small ryegrass. Pre-sow knockdown",edillilie,herbicide,2023-05-12,11.0,10.8,0.0,,,,,,,Glyphosate 540g/l,L,2.0,
964,EDILLILIE_S2.2_P1234_R1,2023,5,12,lentil,,,gia thunder,,,True,,,sale,120.0,,,50.0,,,On-time,,edillilie,sowing,2023-05-12,50.0,0.0,0.0,,,,,,,,,,
965,EDILLILIE_S2.2_P1234_R1,2023,5,18,,,,,,,,,,,,,,,,,,"1L/ha applied to control RLEM, Earwigs, slaters, millipedes",edillilie,pesticide,2023-05-18,11.0,11.6,0.0,,,,,,,Pyrenix Super ,L,1.0,faw
966,EDILLILIE_S2.2_P1234_R1,2023,5,29,,,,,,,,,,,,,,,,,,0.33L/ha applied post-em control of ryegrass GS 4 node ,edillilie,herbicide,2023-05-29,11.0,6.765000000000001,0.0,,,,,,,Clethodim,L,0.33,
967,EDILLILIE_S2.2_P1234_R1,2023,6,1,Lentil,,,,,,,,,,,,,,,,,,edillilie,termination,2023-06-01,80.0,0.0,1021.8000000000001,success,sale,1572.0,,,stubble,,,,
968,EDILLILIE_S2.2_P1234_R1,2023,9,11,,,,,,,,,,,,,,,,,,0.1L/ha applied to control of native budworm ,edillilie,pesticide,2023-09-11,11.0,13.5,0.0,,,,,,,Alpha-scud,L,0.1,faw
969,EDILLILIE_S2.2_P1234_R1,2023,9,11,,,,,,,,,,,,,,,,,,0.5L/ha applied - Prophyictic control of botrytis  ,edillilie,fungicide,2023-09-11,11.0,4.925,0.0,,,,,,,Carbendazim,L,0.5,
970,EDILLILIE_S2.2_P1234_R1,2023,12,21,,,,,,,,,,,,,,,,,,0.5L/ha applied to control of summer weeds and volunteer crop as per district practice ,edillilie,herbicide,2023-12-21,11.0,2.95,0.0,,,,,,,"2,4-D",L,0.5,
971,EDILLILIE_S2.2_P1234_R1,2023,12,21,,,,,,,,,,,,,,,,,,1.5L/ha applied to control of summer weeds and volunteer crop as per district practice ,edillilie,herbicide,2023-12-21,11.0,9.0,0.0,,,,,,,Roundup,L,1.5,
972,EDILLILIE_S2.2_P1234_R2,2023,5,12,,,,,,,,,,,,,,,,,,0.075L/ha applied spike to glyphosate to help control broadleaf weeds. Pre-sow knockdown,edillilie,herbicide,2023-05-12,11.0,1.182,0.0,,,,,,,Oxyflurfen,L,0.075,
973,EDILLILIE_S2.2_P1234_R2,2023,5,12,,,,,,,,,,,,,,,,,,0.2kg/ha applied pre-em control of broadleaf weeds IBS,edillilie,herbicide,2023-05-12,11.0,1.5060000000000002,0.0,,,,,,,Simazine 900,kg,0.2,
974,EDILLILIE_S2.2_P1234_R2,2023,5,12,,,,,,,,,,,,,,,,,,0.5L/ha applied pre-em control of broadleaf weeds (canola) IBS,edillilie,herbicide,2023-05-12,11.0,7.5,0.0,,,,,,,Reflex ,L,0.5,
975,EDILLILIE_S2.2_P1234_R2,2023,5,12,,,,,,,,,,,,,,,,,,1.5L/ha applied pre-em control wireweed and ryegrass,edillilie,herbicide,2023-05-12,11.0,12.0,0.0,,,,,,,Trifluralin ,L,1.5,
976,EDILLILIE_S2.2_P1234_R2,2023,5,12,,,,,,,,,,,,,,,,,,100kg/ha applied at sowing,edillilie,fertiliser,2023-05-12,8.5,57.49999999999999,0.0,,,,,,,MAP,kg,100.0,
977,EDILLILIE_S2.2_P1234_R2,2023,5,12,,,,,,,,,,,,,,,,,,"2L/ha applied to volunteer canola, some small ryegrass. Pre-sow knockdown",edillilie,herbicide,2023-05-12,11.0,10.8,0.0,,,,,,,Glyphosate 540g/l,L,2.0,
978,EDILLILIE_S2.2_P1234_R2,2023,5,12,lentil,,,gia thunder,,,True,,,sale,120.0,,,50.0,,,On-time,,edillilie,sowing,2023-05-12,50.0,0.0,0.0,,,,,,,,,,
979,EDILLILIE_S2.2_P1234_R2,2023,5,18,,,,,,,,,,,,,,,,,,"1L/ha applied to control RLEM, Earwigs, slaters, millipedes",edillilie,pesticide,2023-05-18,11.0,11.6,0.0,,,,,,,Pyrenix Super ,L,1.0,faw
980,EDILLILIE_S2.2_P1234_R2,2023,5,29,,,,,,,,,,,,,,,,,,0.33L/ha applied post-em control of ryegrass GS 4 node ,edillilie,herbicide,2023-05-29,11.0,6.765000000000001,0.0,,,,,,,Clethodim,L,0.33,
981,EDILLILIE_S2.2_P1234_R2,2023,6,1,Lentil,,,,,,,,,,,,,,,,,,edillilie,termination,2023-06-01,80.0,0.0,1114.1000000000001,success,sale,1714.0,,,stubble,,,,
982,EDILLILIE_S2.2_P1234_R2,2023,9,11,,,,,,,,,,,,,,,,,,0.1L/ha applied to control of native budworm ,edillilie,pesticide,2023-09-11,11.0,13.5,0.0,,,,,,,Alpha-scud,L,0.1,faw
983,EDILLILIE_S2.2_P1234_R2,2023,9,11,,,,,,,,,,,,,,,,,,0.5L/ha applied - Prophyictic control of botrytis  ,edillilie,fungicide,2023-09-11,11.0,4.925,0.0,,,,,,,Carbendazim,L,0.5,
984,EDILLILIE_S2.2_P1234_R2,2023,12,21,,,,,,,,,,,,,,,,,,0.5L/ha applied to control of summer weeds and volunteer crop as per district practice ,edillilie,herbicide,2023-12-21,11.0,2.95,0.0,,,,,,,"2,4-D",L,0.5,
985,EDILLILIE_S2.2_P1234_R2,2023,12,21,,,,,,,,,,,,,,,,,,1.5L/ha applied to control of summer weeds and volunteer crop as per district practice ,edillilie,herbicide,2023-12-21,11.0,9.0,0.0,,,,,,,Roundup,L,1.5,
986,EDILLILIE_S2.2_P1234_R3,2023,5,12,,,,,,,,,,,,,,,,,,0.075L/ha applied spike to glyphosate to help control broadleaf weeds. Pre-sow knockdown,edillilie,herbicide,2023-05-12,11.0,1.182,0.0,,,,,,,Oxyflurfen,L,0.075,
987,EDILLILIE_S2.2_P1234_R3,2023,5,12,,,,,,,,,,,,,,,,,,0.2kg/ha applied pre-em control of broadleaf weeds IBS,edillilie,herbicide,2023-05-12,11.0,1.5060000000000002,0.0,,,,,,,Simazine 900,kg,0.2,
988,EDILLILIE_S2.2_P1234_R3,2023,5,12,,,,,,,,,,,,,,,,,,0.5L/ha applied pre-em control of broadleaf weeds (canola) IBS,edillilie,herbicide,2023-05-12,11.0,7.5,0.0,,,,,,,Reflex ,L,0.5,
989,EDILLILIE_S2.2_P1234_R3,2023,5,12,,,,,,,,,,,,,,,,,,1.5L/ha applied pre-em control wireweed and ryegrass,edillilie,herbicide,2023-05-12,11.0,12.0,0.0,,,,,,,Trifluralin ,L,1.5,
990,EDILLILIE_S2.2_P1234_R3,2023,5,12,,,,,,,,,,,,,,,,,,100kg/ha applied at sowing,edillilie,fertiliser,2023-05-12,8.5,57.49999999999999,0.0,,,,,,,MAP,kg,100.0,
991,EDILLILIE_S2.2_P1234_R3,2023,5,12,,,,,,,,,,,,,,,,,,"2L/ha applied to volunteer canola, some small ryegrass. Pre-sow knockdown",edillilie,herbicide,2023-05-12,11.0,10.8,0.0,,,,,,,Glyphosate 540g/l,L,2.0,
992,EDILLILIE_S2.2_P1234_R3,2023,5,12,lentil,,,gia thunder,,,True,,,sale,120.0,,,50.0,,,On-time,,edillilie,sowing,2023-05-12,50.0,0.0,0.0,,,,,,,,,,
993,EDILLILIE_S2.2_P1234_R3,2023,5,18,,,,,,,,,,,,,,,,,,"1L/ha applied to control RLEM, Earwigs, slaters, millipedes",edillilie,pesticide,2023-05-18,11.0,11.6,0.0,,,,,,,Pyrenix Super ,L,1.0,faw
994,EDILLILIE_S2.2_P1234_R3,2023,5,29,,,,,,,,,,,,,,,,,,0.33L/ha applied post-em control of ryegrass GS 4 node ,edillilie,herbicide,2023-05-29,11.0,6.765000000000001,0.0,,,,,,,Clethodim,L,0.33,
995,EDILLILIE_S2.2_P1234_R3,2023,6,1,Lentil,,,,,,,,,,,,,,,,,,edillilie,termination,2023-06-01,80.0,0.0,1109.55,success,sale,1707.0,,,stubble,,,,
996,EDILLILIE_S2.2_P1234_R3,2023,9,11,,,,,,,,,,,,,,,,,,0.1L/ha applied to control of native budworm ,edillilie,pesticide,2023-09-11,11.0,13.5,0.0,,,,,,,Alpha-scud,L,0.1,faw
997,EDILLILIE_S2.2_P1234_R3,2023,9,11,,,,,,,,,,,,,,,,,,0.5L/ha applied - Prophyictic control of botrytis  ,edillilie,fungicide,2023-09-11,11.0,4.925,0.0,,,,,,,Carbendazim,L,0.5,
998,EDILLILIE_S2.2_P1234_R3,2023,12,21,,,,,,,,,,,,,,,,,,0.5L/ha applied to control of summer weeds and volunteer crop as per district practice ,edillilie,herbicide,2023-12-21,11.0,2.95,0.0,,,,,,,"2,4-D",L,0.5,
999,EDILLILIE_S2.2_P1234_R3,2023,12,21,,,,,,,,,,,,,,,,,,1.5L/ha applied to control of summer weeds and volunteer crop as per district practice ,edillilie,herbicide,2023-12-21,11.0,9.0,0.0,,,,,,,Roundup,L,1.5,
1000,EDILLILIE_S2.2_P2341_R2,2023,5,12,,,,,,,,,,,,,,,,,,0.075L/ha applied spike to glyphosate to help control broadleaf weeds. Pre-sow knockdown,edillilie,herbicide,2023-05-12,11.0,1.182,0.0,,,,,,,Oxyflurfen,L,0.075,
1001,EDILLILIE_S2.2_P2341_R2,2023,5,12,,,,,,,,,,,,,,,,,,1.5L/ha applied pre-em control wireweed and ryegrass,edillilie,herbicide,2023-05-12,11.0,12.0,0.0,,,,,,,Trifluralin ,L,1.5,
1002,EDILLILIE_S2.2_P2341_R2,2023,5,12,,,,,,,,,,,,,,,,,,"150kg/ha applied at sowing, Impact fungicide applied for early fungal disease control ",edillilie,fertiliser,2023-05-12,8.5,97.5,0.0,,,,,,,19:13:0:9,kg,150.0,
1003,EDILLILIE_S2.2_P2341_R2,2023,5,12,,,,,,,,,,,,,,,,,,1L/ha applied pre-em control of ryegrass,edillilie,herbicide,2023-05-12,11.0,65.0,0.0,,,,,,,Rustler,L,1.0,
1004,EDILLILIE_S2.2_P2341_R2,2023,5,12,,,,,,,,,,,,,,,,,,"2L/ha applied to volunteer canola, some small ryegrass. Pre-sow knockdown",edillilie,herbicide,2023-05-12,11.0,10.8,0.0,,,,,,,Glyphosate 540g/l,L,2.0,
1005,EDILLILIE_S2.2_P2341_R2,2023,5,12,canola,,,nuseed emu tf,,,True,,,sale,50.0,,,20.0,,,On-time,,edillilie,sowing,2023-05-12,50.0,0.0,0.0,,,,,,,,,,
1006,EDILLILIE_S2.2_P2341_R2,2023,5,18,,,,,,,,,,,,,,,,,,"1L/ha applied to control RLEM, Earwigs, slaters, millipedes",edillilie,pesticide,2023-05-18,11.0,11.6,0.0,,,,,,,Pyrenix Super ,L,1.0,faw
1007,EDILLILIE_S2.2_P2341_R2,2023,5,29,,,,,,,,,,,,,,,,,,0.33L/ha applied post-em control of ryegrass GS 6 leaf ,edillilie,herbicide,2023-05-29,11.0,6.765000000000001,0.0,,,,,,,Clethodim,L,0.33,
1008,EDILLILIE_S2.2_P2341_R2,2023,5,29,,,,,,,,,,,,,,,,,,1.5L/ha applied post-em control vol canola GS 6 leaf,edillilie,herbicide,2023-05-29,11.0,18.0,0.0,,,,,,,Crucial ,L,1.5,
1009,EDILLILIE_S2.2_P2341_R2,2023,5,29,,,,,,,,,,,,,,,,,,"2kg/ha applied to control Slugs, earwigs, snails ",edillilie,pesticide,2023-05-29,11.0,44.0,0.0,,,,,,,Transcend,kg,2.0,faw
1010,EDILLILIE_S2.2_P2341_R2,2023,6,1,Canola,,,,,,,,,,,,,,,,,,edillilie,termination,2023-06-01,80.0,0.0,997.688,success,sale,1604.0,,,stubble,,,,
1011,EDILLILIE_S2.2_P2341_R2,2023,6,20,,,,,,,,,,,,,,,,,,"100kg/ha applied at top dressing, all treatments, 4-6 leag",edillilie,fertiliser,2023-06-20,8.5,50.0,0.0,,,,,,,Urea,kg,100.0,
1012,EDILLILIE_S2.2_P2341_R2,2023,6,29,,,,,,,,,,,,,,,,,,"3L/ha applied as foliar spray, in line with district practice",edillilie,fertiliser,2023-06-29,8.5,21.0,0.0,,,,,,,Smart Trace Triple,L,3.0,
1013,EDILLILIE_S2.2_P2341_R2,2023,7,12,,,,,,,,,,,,,,,,,,100kg/ha applied at top dressing - stem elongation,edillilie,fertiliser,2023-07-12,8.5,50.0,0.0,,,,,,,Urea,kg,100.0,
1014,EDILLILIE_S2.2_P2341_R2,2023,7,24,,,,,,,,,,,,,,,,,,0.6L/ha applied - Prophylactic control of UCI Blackleg in line with district practice. ,edillilie,fungicide,2023-07-24,11.0,32.699999999999996,0.0,,,,,,,Aviator Xpro,L,0.6,
1015,EDILLILIE_S2.2_P2341_R2,2023,7,31,,,,,,,,,,,,,,,,,,200kg/ha applied at top dressing - stem elongation,edillilie,fertiliser,2023-07-31,8.5,100.0,0.0,,,,,,,Urea,kg,200.0,
1016,EDILLILIE_S2.2_P2341_R2,2023,9,11,,,,,,,,,,,,,,,,,,0.1L/ha applied to control of native budworm ,edillilie,pesticide,2023-09-11,11.0,13.5,0.0,,,,,,,Alpha-scud,L,0.1,faw
1017,EDILLILIE_S2.2_P2341_R2,2023,12,21,,,,,,,,,,,,,,,,,,0.5L/ha applied to control of summer weeds and volunteer crop as per district practice ,edillilie,herbicide,2023-12-21,11.0,2.95,0.0,,,,,,,"2,4-D",L,0.5,
1018,EDILLILIE_S2.2_P2341_R2,2023,12,21,,,,,,,,,,,,,,,,,,1.5L/ha applied to control of summer weeds and volunteer crop as per district practice ,edillilie,herbicide,2023-12-21,11.0,9.0,0.0,,,,,,,Roundup,L,1.5,
1019,EDILLILIE_S2.2_P2341_R3,2023,5,12,,,,,,,,,,,,,,,,,,0.075L/ha applied spike to glyphosate to help control broadleaf weeds. Pre-sow knockdown,edillilie,herbicide,2023-05-12,11.0,1.182,0.0,,,,,,,Oxyflurfen,L,0.075,
1020,EDILLILIE_S2.2_P2341_R3,2023,5,12,,,,,,,,,,,,,,,,,,1.5L/ha applied pre-em control wireweed and ryegrass,edillilie,herbicide,2023-05-12,11.0,12.0,0.0,,,,,,,Trifluralin ,L,1.5,
1021,EDILLILIE_S2.2_P2341_R3,2023,5,12,,,,,,,,,,,,,,,,,,"150kg/ha applied at sowing, Impact fungicide applied for early fungal disease control ",edillilie,fertiliser,2023-05-12,8.5,97.5,0.0,,,,,,,19:13:0:9,kg,150.0,
1022,EDILLILIE_S2.2_P2341_R3,2023,5,12,,,,,,,,,,,,,,,,,,1L/ha applied pre-em control of ryegrass,edillilie,herbicide,2023-05-12,11.0,65.0,0.0,,,,,,,Rustler,L,1.0,
1023,EDILLILIE_S2.2_P2341_R3,2023,5,12,,,,,,,,,,,,,,,,,,"2L/ha applied to volunteer canola, some small ryegrass. Pre-sow knockdown",edillilie,herbicide,2023-05-12,11.0,10.8,0.0,,,,,,,Glyphosate 540g/l,L,2.0,
1024,EDILLILIE_S2.2_P2341_R3,2023,5,12,canola,,,nuseed emu tf,,,True,,,sale,50.0,,,20.0,,,On-time,,edillilie,sowing,2023-05-12,50.0,0.0,0.0,,,,,,,,,,
1025,EDILLILIE_S2.2_P2341_R3,2023,5,18,,,,,,,,,,,,,,,,,,"1L/ha applied to control RLEM, Earwigs, slaters, millipedes",edillilie,pesticide,2023-05-18,11.0,11.6,0.0,,,,,,,Pyrenix Super ,L,1.0,faw
1026,EDILLILIE_S2.2_P2341_R3,2023,5,29,,,,,,,,,,,,,,,,,,0.33L/ha applied post-em control of ryegrass GS 6 leaf ,edillilie,herbicide,2023-05-29,11.0,6.765000000000001,0.0,,,,,,,Clethodim,L,0.33,
1027,EDILLILIE_S2.2_P2341_R3,2023,5,29,,,,,,,,,,,,,,,,,,1.5L/ha applied post-em control vol canola GS 6 leaf,edillilie,herbicide,2023-05-29,11.0,18.0,0.0,,,,,,,Crucial ,L,1.5,
1028,EDILLILIE_S2.2_P2341_R3,2023,5,29,,,,,,,,,,,,,,,,,,"2kg/ha applied to control Slugs, earwigs, snails ",edillilie,pesticide,2023-05-29,11.0,44.0,0.0,,,,,,,Transcend,kg,2.0,faw
1029,EDILLILIE_S2.2_P2341_R3,2023,6,1,Canola,,,,,,,,,,,,,,,,,,edillilie,termination,2023-06-01,80.0,0.0,986.492,success,sale,1586.0,,,stubble,,,,
1030,EDILLILIE_S2.2_P2341_R3,2023,6,20,,,,,,,,,,,,,,,,,,"100kg/ha applied at top dressing, all treatments, 4-6 leag",edillilie,fertiliser,2023-06-20,8.5,50.0,0.0,,,,,,,Urea,kg,100.0,
1031,EDILLILIE_S2.2_P2341_R3,2023,6,29,,,,,,,,,,,,,,,,,,"3L/ha applied as foliar spray, in line with district practice",edillilie,fertiliser,2023-06-29,8.5,21.0,0.0,,,,,,,Smart Trace Triple,L,3.0,
1032,EDILLILIE_S2.2_P2341_R3,2023,7,12,,,,,,,,,,,,,,,,,,100kg/ha applied at top dressing - stem elongation,edillilie,fertiliser,2023-07-12,8.5,50.0,0.0,,,,,,,Urea,kg,100.0,
1033,EDILLILIE_S2.2_P2341_R3,2023,7,24,,,,,,,,,,,,,,,,,,0.6L/ha applied - Prophylactic control of UCI Blackleg in line with district practice. ,edillilie,fungicide,2023-07-24,11.0,32.699999999999996,0.0,,,,,,,Aviator Xpro,L,0.6,
1034,EDILLILIE_S2.2_P2341_R3,2023,7,31,,,,,,,,,,,,,,,,,,200kg/ha applied at top dressing - stem elongation,edillilie,fertiliser,2023-07-31,8.5,100.0,0.0,,,,,,,Urea,kg,200.0,
1035,EDILLILIE_S2.2_P2341_R3,2023,9,11,,,,,,,,,,,,,,,,,,0.1L/ha applied to control of native budworm ,edillilie,pesticide,2023-09-11,11.0,13.5,0.0,,,,,,,Alpha-scud,L,0.1,faw
1036,EDILLILIE_S2.2_P2341_R3,2023,12,21,,,,,,,,,,,,,,,,,,0.5L/ha applied to control of summer weeds and volunteer crop as per district practice ,edillilie,herbicide,2023-12-21,11.0,2.95,0.0,,,,,,,"2,4-D",L,0.5,
1037,EDILLILIE_S2.2_P2341_R3,2023,12,21,,,,,,,,,,,,,,,,,,1.5L/ha applied to control of summer weeds and volunteer crop as per district practice ,edillilie,herbicide,2023-12-21,11.0,9.0,0.0,,,,,,,Roundup,L,1.5,
1038,EDILLILIE_S2.2_P3412_R1,2023,5,12,,,,,,,,,,,,,,,,,,0.075L/ha applied spike to glyphosate to help control broadleaf weeds. Pre-sow knockdown,edillilie,herbicide,2023-05-12,11.0,1.182,0.0,,,,,,,Oxyflurfen,L,0.075,
1039,EDILLILIE_S2.2_P3412_R1,2023,5,12,,,,,,,,,,,,,,,,,,0.118kg/ha applied pre-em control of ryegrass,edillilie,herbicide,2023-05-12,11.0,40.4976,0.0,,,,,,,Sakura ,kg,0.118,
1040,EDILLILIE_S2.2_P3412_R1,2023,5,12,,,,,,,,,,,,,,,,,,1.5L/ha applied pre-em control wireweed and ryegrass,edillilie,herbicide,2023-05-12,11.0,12.0,0.0,,,,,,,Trifluralin ,L,1.5,
1041,EDILLILIE_S2.2_P3412_R1,2023,5,12,,,,,,,,,,,,,,,,,,"100kg/ha applied at sowing, Impact fungicide applied for early fungal disease control ",edillilie,fertiliser,2023-05-12,8.5,57.49999999999999,0.0,,,,,,,DAP,kg,100.0,
1042,EDILLILIE_S2.2_P3412_R1,2023,5,12,,,,,,,,,,,,,,,,,,"2L/ha applied to volunteer canola, some small ryegrass. Pre-sow knockdown",edillilie,herbicide,2023-05-12,11.0,10.8,0.0,,,,,,,Glyphosate 540g/l,L,2.0,
1043,EDILLILIE_S2.2_P3412_R1,2023,5,12,wheat,,,calibre,,,True,,,sale,180.0,,,50.0,,,On-time,,edillilie,sowing,2023-05-12,50.0,0.0,0.0,,,,,,,,,,
1044,EDILLILIE_S2.2_P3412_R1,2023,5,18,,,,,,,,,,,,,,,,,,"1L/ha applied to control RLEM, Earwigs, slaters, millipedes",edillilie,pesticide,2023-05-18,11.0,11.6,0.0,,,,,,,Pyrenix Super ,L,1.0,faw
1045,EDILLILIE_S2.2_P3412_R1,2023,5,29,,,,,,,,,,,,,,,,,,0.025kg/ha applied post-em control vol canola GS25,edillilie,herbicide,2023-05-29,11.0,12.25,0.0,,,,,,,Paradigm ,kg,0.025,
1046,EDILLILIE_S2.2_P3412_R1,2023,5,29,,,,,,,,,,,,,,,,,,0.35L/ha applied post-em control vol canola GS25,edillilie,herbicide,2023-05-29,11.0,2.849,0.0,,,,,,,MCPA LVE ,L,0.35,
1047,EDILLILIE_S2.2_P3412_R1,2023,5,29,,,,,,,,,,,,,,,,,,"0.3L/ha applied - Prophylactic control of septoria, powdery mildew, eyespot. In line with district practice GS 25",edillilie,fungicide,2023-05-29,11.0,22.349999999999998,0.0,,,,,,,Prosaro ,L,0.3,
1048,EDILLILIE_S2.2_P3412_R1,2023,6,1,wheat,,,,,,,,,,,,,,,,,,edillilie,termination,2023-06-01,80.0,0.0,1341.45,success,sale,4065.0,,,stubble,,,,
1049,EDILLILIE_S2.2_P3412_R1,2023,6,20,,,,,,,,,,,,,,,,,,"100kg/ha applied top dressing, all treatments, early tillering",edillilie,fertiliser,2023-06-20,8.5,50.0,0.0,,,,,,,Urea,kg,100.0,
1050,EDILLILIE_S2.2_P3412_R1,2023,6,29,,,,,,,,,,,,,,,,,,"3L/ha applied as foliar spray, in line with district practice",edillilie,fertiliser,2023-06-29,8.5,21.0,0.0,,,,,,,Smart Trace Triple,L,3.0,
1051,EDILLILIE_S2.2_P3412_R1,2023,7,11,,,,,,,,,,,,,,,,,,100kg/ha applied at top dressing - late tillering,edillilie,fertiliser,2023-07-11,8.5,50.0,0.0,,,,,,,Urea,kg,100.0,
1052,EDILLILIE_S2.2_P3412_R1,2023,7,31,,,,,,,,,,,,,,,,,,200kg/ha applied at top dressing - early flowering ,edillilie,fertiliser,2023-07-31,8.5,100.0,0.0,,,,,,,Urea,kg,200.0,
1053,EDILLILIE_S2.2_P3412_R1,2023,9,1,,,,,,,,,,,,,,,,,,0.4L/ha applied - Prophylactic control  sceptoria and powdery mildew control as per district practice ,edillilie,fungicide,2023-09-01,11.0,36.0,0.0,,,,,,,Amistar,L,0.4,
1054,EDILLILIE_S2.2_P3412_R1,2023,12,21,,,,,,,,,,,,,,,,,,0.5L/ha applied to control of summer weeds and volunteer crop as per district practice ,edillilie,herbicide,2023-12-21,11.0,2.95,0.0,,,,,,,"2,4-D",L,0.5,
1055,EDILLILIE_S2.2_P3412_R1,2023,12,21,,,,,,,,,,,,,,,,,,1.5L/ha applied to control of summer weeds and volunteer crop as per district practice ,edillilie,herbicide,2023-12-21,11.0,9.0,0.0,,,,,,,Roundup,L,1.5,
1056,EDILLILIE_S2.2_P3412_R2,2023,5,12,,,,,,,,,,,,,,,,,,0.075L/ha applied spike to glyphosate to help control broadleaf weeds. Pre-sow knockdown,edillilie,herbicide,2023-05-12,11.0,1.182,0.0,,,,,,,Oxyflurfen,L,0.075,
1057,EDILLILIE_S2.2_P3412_R2,2023,5,12,,,,,,,,,,,,,,,,,,0.118kg/ha applied pre-em control of ryegrass,edillilie,herbicide,2023-05-12,11.0,40.4976,0.0,,,,,,,Sakura ,kg,0.118,
1058,EDILLILIE_S2.2_P3412_R2,2023,5,12,,,,,,,,,,,,,,,,,,1.5L/ha applied pre-em control wireweed and ryegrass,edillilie,herbicide,2023-05-12,11.0,12.0,0.0,,,,,,,Trifluralin ,L,1.5,
1059,EDILLILIE_S2.2_P3412_R2,2023,5,12,,,,,,,,,,,,,,,,,,"100kg/ha applied at sowing, Impact fungicide applied for early fungal disease control ",edillilie,fertiliser,2023-05-12,8.5,57.49999999999999,0.0,,,,,,,DAP,kg,100.0,
1060,EDILLILIE_S2.2_P3412_R2,2023,5,12,,,,,,,,,,,,,,,,,,"2L/ha applied to volunteer canola, some small ryegrass. Pre-sow knockdown",edillilie,herbicide,2023-05-12,11.0,10.8,0.0,,,,,,,Glyphosate 540g/l,L,2.0,
1061,EDILLILIE_S2.2_P3412_R2,2023,5,12,wheat,,,calibre,,,True,,,sale,180.0,,,50.0,,,On-time,,edillilie,sowing,2023-05-12,50.0,0.0,0.0,,,,,,,,,,
1062,EDILLILIE_S2.2_P3412_R2,2023,5,18,,,,,,,,,,,,,,,,,,"1L/ha applied to control RLEM, Earwigs, slaters, millipedes",edillilie,pesticide,2023-05-18,11.0,11.6,0.0,,,,,,,Pyrenix Super ,L,1.0,faw
1063,EDILLILIE_S2.2_P3412_R2,2023,5,29,,,,,,,,,,,,,,,,,,0.025kg/ha applied post-em control vol canola GS25,edillilie,herbicide,2023-05-29,11.0,12.25,0.0,,,,,,,Paradigm ,kg,0.025,
1064,EDILLILIE_S2.2_P3412_R2,2023,5,29,,,,,,,,,,,,,,,,,,0.35L/ha applied post-em control vol canola GS25,edillilie,herbicide,2023-05-29,11.0,2.849,0.0,,,,,,,MCPA LVE ,L,0.35,
1065,EDILLILIE_S2.2_P3412_R2,2023,5,29,,,,,,,,,,,,,,,,,,"0.3L/ha applied - Prophylactic control of septoria, powdery mildew, eyespot. In line with district practice GS 25",edillilie,fungicide,2023-05-29,11.0,22.349999999999998,0.0,,,,,,,Prosaro ,L,0.3,
1066,EDILLILIE_S2.2_P3412_R2,2023,6,1,wheat,,,,,,,,,,,,,,,,,,edillilie,termination,2023-06-01,80.0,0.0,1228.26,success,sale,3722.0,,,stubble,,,,
1067,EDILLILIE_S2.2_P3412_R2,2023,6,20,,,,,,,,,,,,,,,,,,"100kg/ha applied top dressing, all treatments, early tillering",edillilie,fertiliser,2023-06-20,8.5,50.0,0.0,,,,,,,Urea,kg,100.0,
1068,EDILLILIE_S2.2_P3412_R2,2023,6,29,,,,,,,,,,,,,,,,,,"3L/ha applied as foliar spray, in line with district practice",edillilie,fertiliser,2023-06-29,8.5,21.0,0.0,,,,,,,Smart Trace Triple,L,3.0,
1069,EDILLILIE_S2.2_P3412_R2,2023,7,11,,,,,,,,,,,,,,,,,,100kg/ha applied at top dressing - late tillering,edillilie,fertiliser,2023-07-11,8.5,50.0,0.0,,,,,,,Urea,kg,100.0,
1070,EDILLILIE_S2.2_P3412_R2,2023,7,31,,,,,,,,,,,,,,,,,,200kg/ha applied at top dressing - early flowering ,edillilie,fertiliser,2023-07-31,8.5,100.0,0.0,,,,,,,Urea,kg,200.0,
1071,EDILLILIE_S2.2_P3412_R2,2023,9,1,,,,,,,,,,,,,,,,,,0.4L/ha applied - Prophylactic control  sceptoria and powdery mildew control as per district practice ,edillilie,fungicide,2023-09-01,11.0,36.0,0.0,,,,,,,Amistar,L,0.4,
1072,EDILLILIE_S2.2_P3412_R2,2023,12,21,,,,,,,,,,,,,,,,,,0.5L/ha applied to control of summer weeds and volunteer crop as per district practice ,edillilie,herbicide,2023-12-21,11.0,2.95,0.0,,,,,,,"2,4-D",L,0.5,
1073,EDILLILIE_S2.2_P3412_R2,2023,12,21,,,,,,,,,,,,,,,,,,1.5L/ha applied to control of summer weeds and volunteer crop as per district practice ,edillilie,herbicide,2023-12-21,11.0,9.0,0.0,,,,,,,Roundup,L,1.5,
1074,EDILLILIE_S2.2_P3412_R3,2023,5,12,,,,,,,,,,,,,,,,,,0.075L/ha applied spike to glyphosate to help control broadleaf weeds. Pre-sow knockdown,edillilie,herbicide,2023-05-12,11.0,1.182,0.0,,,,,,,Oxyflurfen,L,0.075,
1075,EDILLILIE_S2.2_P3412_R3,2023,5,12,,,,,,,,,,,,,,,,,,0.118kg/ha applied pre-em control of ryegrass,edillilie,herbicide,2023-05-12,11.0,40.4976,0.0,,,,,,,Sakura ,kg,0.118,
1076,EDILLILIE_S2.2_P3412_R3,2023,5,12,,,,,,,,,,,,,,,,,,1.5L/ha applied pre-em control wireweed and ryegrass,edillilie,herbicide,2023-05-12,11.0,12.0,0.0,,,,,,,Trifluralin ,L,1.5,
1077,EDILLILIE_S2.2_P3412_R3,2023,5,12,,,,,,,,,,,,,,,,,,"100kg/ha applied at sowing, Impact fungicide applied for early fungal disease control ",edillilie,fertiliser,2023-05-12,8.5,57.49999999999999,0.0,,,,,,,DAP,kg,100.0,
1078,EDILLILIE_S2.2_P3412_R3,2023,5,12,,,,,,,,,,,,,,,,,,"2L/ha applied to volunteer canola, some small ryegrass. Pre-sow knockdown",edillilie,herbicide,2023-05-12,11.0,10.8,0.0,,,,,,,Glyphosate 540g/l,L,2.0,
1079,EDILLILIE_S2.2_P3412_R3,2023,5,12,wheat,,,calibre,,,True,,,sale,180.0,,,50.0,,,On-time,,edillilie,sowing,2023-05-12,50.0,0.0,0.0,,,,,,,,,,
1080,EDILLILIE_S2.2_P3412_R3,2023,5,18,,,,,,,,,,,,,,,,,,"1L/ha applied to control RLEM, Earwigs, slaters, millipedes",edillilie,pesticide,2023-05-18,11.0,11.6,0.0,,,,,,,Pyrenix Super ,L,1.0,faw
1081,EDILLILIE_S2.2_P3412_R3,2023,5,29,,,,,,,,,,,,,,,,,,0.025kg/ha applied post-em control vol canola GS25,edillilie,herbicide,2023-05-29,11.0,12.25,0.0,,,,,,,Paradigm ,kg,0.025,
1082,EDILLILIE_S2.2_P3412_R3,2023,5,29,,,,,,,,,,,,,,,,,,0.35L/ha applied post-em control vol canola GS25,edillilie,herbicide,2023-05-29,11.0,2.849,0.0,,,,,,,MCPA LVE ,L,0.35,
1083,EDILLILIE_S2.2_P3412_R3,2023,5,29,,,,,,,,,,,,,,,,,,"0.3L/ha applied - Prophylactic control of septoria, powdery mildew, eyespot. In line with district practice GS 25",edillilie,fungicide,2023-05-29,11.0,22.349999999999998,0.0,,,,,,,Prosaro ,L,0.3,
1084,EDILLILIE_S2.2_P3412_R3,2023,6,1,wheat,,,,,,,,,,,,,,,,,,edillilie,termination,2023-06-01,80.0,0.0,1247.73,success,sale,3781.0,,,stubble,,,,
1085,EDILLILIE_S2.2_P3412_R3,2023,6,20,,,,,,,,,,,,,,,,,,"100kg/ha applied top dressing, all treatments, early tillering",edillilie,fertiliser,2023-06-20,8.5,50.0,0.0,,,,,,,Urea,kg,100.0,
1086,EDILLILIE_S2.2_P3412_R3,2023,6,29,,,,,,,,,,,,,,,,,,"3L/ha applied as foliar spray, in line with district practice",edillilie,fertiliser,2023-06-29,8.5,21.0,0.0,,,,,,,Smart Trace Triple,L,3.0,
1087,EDILLILIE_S2.2_P3412_R3,2023,7,11,,,,,,,,,,,,,,,,,,100kg/ha applied at top dressing - late tillering,edillilie,fertiliser,2023-07-11,8.5,50.0,0.0,,,,,,,Urea,kg,100.0,
1088,EDILLILIE_S2.2_P3412_R3,2023,7,31,,,,,,,,,,,,,,,,,,200kg/ha applied at top dressing - early flowering ,edillilie,fertiliser,2023-07-31,8.5,100.0,0.0,,,,,,,Urea,kg,200.0,
1089,EDILLILIE_S2.2_P3412_R3,2023,9,1,,,,,,,,,,,,,,,,,,0.4L/ha applied - Prophylactic control  sceptoria and powdery mildew control as per district practice ,edillilie,fungicide,2023-09-01,11.0,36.0,0.0,,,,,,,Amistar,L,0.4,
1090,EDILLILIE_S2.2_P3412_R3,2023,12,21,,,,,,,,,,,,,,,,,,0.5L/ha applied to control of summer weeds and volunteer crop as per district practice ,edillilie,herbicide,2023-12-21,11.0,2.95,0.0,,,,,,,"2,4-D",L,0.5,
1091,EDILLILIE_S2.2_P3412_R3,2023,12,21,,,,,,,,,,,,,,,,,,1.5L/ha applied to control of summer weeds and volunteer crop as per district practice ,edillilie,herbicide,2023-12-21,11.0,9.0,0.0,,,,,,,Roundup,L,1.5,
1092,EDILLILIE_S2.2_P4123_R1,2023,5,12,,,,,,,,,,,,,,,,,,0.075L/ha applied spike to glyphosate to help control broadleaf weeds. Pre-sow knockdown,edillilie,herbicide,2023-05-12,11.0,1.182,0.0,,,,,,,Oxyflurfen,L,0.075,
1093,EDILLILIE_S2.2_P4123_R1,2023,5,12,,,,,,,,,,,,,,,,,,0.118kg/ha applied pre-em control of ryegrass,edillilie,herbicide,2023-05-12,11.0,40.4976,0.0,,,,,,,Sakura ,kg,0.118,
1094,EDILLILIE_S2.2_P4123_R1,2023,5,12,,,,,,,,,,,,,,,,,,1.5L/ha applied pre-em control wireweed and ryegrass,edillilie,herbicide,2023-05-12,11.0,12.0,0.0,,,,,,,Trifluralin ,L,1.5,
1095,EDILLILIE_S2.2_P4123_R1,2023,5,12,,,,,,,,,,,,,,,,,,"100kg/ha applied at sowing, Impact fungicide applied for early fungal disease control ",edillilie,fertiliser,2023-05-12,8.5,57.49999999999999,0.0,,,,,,,DAP,kg,100.0,
1096,EDILLILIE_S2.2_P4123_R1,2023,5,12,,,,,,,,,,,,,,,,,,"2L/ha applied to volunteer canola, some small ryegrass. Pre-sow knockdown",edillilie,herbicide,2023-05-12,11.0,10.8,0.0,,,,,,,Glyphosate 540g/l,L,2.0,
1097,EDILLILIE_S2.2_P4123_R1,2023,5,12,wheat,,,calibre,,,True,,,sale,180.0,,,50.0,,,On-time,,edillilie,sowing,2023-05-12,50.0,0.0,0.0,,,,,,,,,,
1098,EDILLILIE_S2.2_P4123_R1,2023,5,18,,,,,,,,,,,,,,,,,,"1L/ha applied to control RLEM, Earwigs, slaters, millipedes",edillilie,pesticide,2023-05-18,11.0,11.6,0.0,,,,,,,Pyrenix Super ,L,1.0,faw
1099,EDILLILIE_S2.2_P4123_R1,2023,5,29,,,,,,,,,,,,,,,,,,0.025kg/ha applied post-em control vol canola GS25,edillilie,herbicide,2023-05-29,11.0,12.25,0.0,,,,,,,Paradigm ,kg,0.025,
1100,EDILLILIE_S2.2_P4123_R1,2023,5,29,,,,,,,,,,,,,,,,,,0.35L/ha applied post-em control vol canola GS25,edillilie,herbicide,2023-05-29,11.0,2.849,0.0,,,,,,,MCPA LVE ,L,0.35,
1101,EDILLILIE_S2.2_P4123_R1,2023,5,29,,,,,,,,,,,,,,,,,,"0.3L/ha applied - Prophylactic control of septoria, powdery mildew, eyespot. In line with district practice GS 25",edillilie,fungicide,2023-05-29,11.0,22.349999999999998,0.0,,,,,,,Prosaro ,L,0.3,
1102,EDILLILIE_S2.2_P4123_R1,2023,6,1,wheat,,,,,,,,,,,,,,,,,,edillilie,termination,2023-06-01,80.0,0.0,1199.55,success,sale,3635.0,,,stubble,,,,
1103,EDILLILIE_S2.2_P4123_R1,2023,6,20,,,,,,,,,,,,,,,,,,"100kg/ha applied top dressing, all treatments, early tillering",edillilie,fertiliser,2023-06-20,8.5,50.0,0.0,,,,,,,Urea,kg,100.0,
1104,EDILLILIE_S2.2_P4123_R1,2023,6,29,,,,,,,,,,,,,,,,,,"3L/ha applied as foliar spray, in line with district practice",edillilie,fertiliser,2023-06-29,8.5,21.0,0.0,,,,,,,Smart Trace Triple,L,3.0,
1105,EDILLILIE_S2.2_P4123_R1,2023,7,11,,,,,,,,,,,,,,,,,,100kg/ha applied at top dressing - late tillering,edillilie,fertiliser,2023-07-11,8.5,50.0,0.0,,,,,,,Urea,kg,100.0,
1106,EDILLILIE_S2.2_P4123_R1,2023,7,31,,,,,,,,,,,,,,,,,,200kg/ha applied at top dressing - early flowering ,edillilie,fertiliser,2023-07-31,8.5,100.0,0.0,,,,,,,Urea,kg,200.0,
1107,EDILLILIE_S2.2_P4123_R1,2023,9,1,,,,,,,,,,,,,,,,,,0.4L/ha applied - Prophylactic control  sceptoria and powdery mildew control as per district practice ,edillilie,fungicide,2023-09-01,11.0,36.0,0.0,,,,,,,Amistar,L,0.4,
1108,EDILLILIE_S2.2_P4123_R1,2023,12,21,,,,,,,,,,,,,,,,,,0.5L/ha applied to control of summer weeds and volunteer crop as per district practice ,edillilie,herbicide,2023-12-21,11.0,2.95,0.0,,,,,,,"2,4-D",L,0.5,
1109,EDILLILIE_S2.2_P4123_R1,2023,12,21,,,,,,,,,,,,,,,,,,1.5L/ha applied to control of summer weeds and volunteer crop as per district practice ,edillilie,herbicide,2023-12-21,11.0,9.0,0.0,,,,,,,Roundup,L,1.5,
1110,EDILLILIE_S2.2_P4123_R2,2023,5,12,,,,,,,,,,,,,,,,,,0.075L/ha applied spike to glyphosate to help control broadleaf weeds. Pre-sow knockdown,edillilie,herbicide,2023-05-12,11.0,1.182,0.0,,,,,,,Oxyflurfen,L,0.075,
1111,EDILLILIE_S2.2_P4123_R2,2023,5,12,,,,,,,,,,,,,,,,,,0.118kg/ha applied pre-em control of ryegrass,edillilie,herbicide,2023-05-12,11.0,40.4976,0.0,,,,,,,Sakura ,kg,0.118,
1112,EDILLILIE_S2.2_P4123_R2,2023,5,12,,,,,,,,,,,,,,,,,,1.5L/ha applied pre-em control wireweed and ryegrass,edillilie,herbicide,2023-05-12,11.0,12.0,0.0,,,,,,,Trifluralin ,L,1.5,
1113,EDILLILIE_S2.2_P4123_R2,2023,5,12,,,,,,,,,,,,,,,,,,"100kg/ha applied at sowing, Impact fungicide applied for early fungal disease control ",edillilie,fertiliser,2023-05-12,8.5,57.49999999999999,0.0,,,,,,,DAP,kg,100.0,
1114,EDILLILIE_S2.2_P4123_R2,2023,5,12,,,,,,,,,,,,,,,,,,"2L/ha applied to volunteer canola, some small ryegrass. Pre-sow knockdown",edillilie,herbicide,2023-05-12,11.0,10.8,0.0,,,,,,,Glyphosate 540g/l,L,2.0,
1115,EDILLILIE_S2.2_P4123_R2,2023,5,12,wheat,,,calibre,,,True,,,sale,180.0,,,50.0,,,On-time,,edillilie,sowing,2023-05-12,50.0,0.0,0.0,,,,,,,,,,
1116,EDILLILIE_S2.2_P4123_R2,2023,5,18,,,,,,,,,,,,,,,,,,"1L/ha applied to control RLEM, Earwigs, slaters, millipedes",edillilie,pesticide,2023-05-18,11.0,11.6,0.0,,,,,,,Pyrenix Super ,L,1.0,faw
1117,EDILLILIE_S2.2_P4123_R2,2023,5,29,,,,,,,,,,,,,,,,,,0.025kg/ha applied post-em control vol canola GS25,edillilie,herbicide,2023-05-29,11.0,12.25,0.0,,,,,,,Paradigm ,kg,0.025,
1118,EDILLILIE_S2.2_P4123_R2,2023,5,29,,,,,,,,,,,,,,,,,,0.35L/ha applied post-em control vol canola GS25,edillilie,herbicide,2023-05-29,11.0,2.849,0.0,,,,,,,MCPA LVE ,L,0.35,
1119,EDILLILIE_S2.2_P4123_R2,2023,5,29,,,,,,,,,,,,,,,,,,"0.3L/ha applied - Prophylactic control of septoria, powdery mildew, eyespot. In line with district practice GS 25",edillilie,fungicide,2023-05-29,11.0,22.349999999999998,0.0,,,,,,,Prosaro ,L,0.3,
1120,EDILLILIE_S2.2_P4123_R2,2023,6,1,wheat,,,,,,,,,,,,,,,,,,edillilie,termination,2023-06-01,80.0,0.0,1046.1000000000001,success,sale,3170.0,,,stubble,,,,
1121,EDILLILIE_S2.2_P4123_R2,2023,6,20,,,,,,,,,,,,,,,,,,"100kg/ha applied top dressing, all treatments, early tillering",edillilie,fertiliser,2023-06-20,8.5,50.0,0.0,,,,,,,Urea,kg,100.0,
1122,EDILLILIE_S2.2_P4123_R2,2023,6,29,,,,,,,,,,,,,,,,,,"3L/ha applied as foliar spray, in line with district practice",edillilie,fertiliser,2023-06-29,8.5,21.0,0.0,,,,,,,Smart Trace Triple,L,3.0,
1123,EDILLILIE_S2.2_P4123_R2,2023,7,11,,,,,,,,,,,,,,,,,,100kg/ha applied at top dressing - late tillering,edillilie,fertiliser,2023-07-11,8.5,50.0,0.0,,,,,,,Urea,kg,100.0,
1124,EDILLILIE_S2.2_P4123_R2,2023,7,31,,,,,,,,,,,,,,,,,,200kg/ha applied at top dressing - early flowering ,edillilie,fertiliser,2023-07-31,8.5,100.0,0.0,,,,,,,Urea,kg,200.0,
1125,EDILLILIE_S2.2_P4123_R2,2023,9,1,,,,,,,,,,,,,,,,,,0.4L/ha applied - Prophylactic control  sceptoria and powdery mildew control as per district practice ,edillilie,fungicide,2023-09-01,11.0,36.0,0.0,,,,,,,Amistar,L,0.4,
1126,EDILLILIE_S2.2_P4123_R2,2023,12,21,,,,,,,,,,,,,,,,,,0.5L/ha applied to control of summer weeds and volunteer crop as per district practice ,edillilie,herbicide,2023-12-21,11.0,2.95,0.0,,,,,,,"2,4-D",L,0.5,
1127,EDILLILIE_S2.2_P4123_R2,2023,12,21,,,,,,,,,,,,,,,,,,1.5L/ha applied to control of summer weeds and volunteer crop as per district practice ,edillilie,herbicide,2023-12-21,11.0,9.0,0.0,,,,,,,Roundup,L,1.5,
1128,EDILLILIE_S2.2_P4123_R3,2023,5,12,,,,,,,,,,,,,,,,,,0.075L/ha applied spike to glyphosate to help control broadleaf weeds. Pre-sow knockdown,edillilie,herbicide,2023-05-12,11.0,1.182,0.0,,,,,,,Oxyflurfen,L,0.075,
1129,EDILLILIE_S2.2_P4123_R3,2023,5,12,,,,,,,,,,,,,,,,,,0.118kg/ha applied pre-em control of ryegrass,edillilie,herbicide,2023-05-12,11.0,40.4976,0.0,,,,,,,Sakura ,kg,0.118,
1130,EDILLILIE_S2.2_P4123_R3,2023,5,12,,,,,,,,,,,,,,,,,,1.5L/ha applied pre-em control wireweed and ryegrass,edillilie,herbicide,2023-05-12,11.0,12.0,0.0,,,,,,,Trifluralin ,L,1.5,
1131,EDILLILIE_S2.2_P4123_R3,2023,5,12,,,,,,,,,,,,,,,,,,"100kg/ha applied at sowing, Impact fungicide applied for early fungal disease control ",edillilie,fertiliser,2023-05-12,8.5,57.49999999999999,0.0,,,,,,,DAP,kg,100.0,
1132,EDILLILIE_S2.2_P4123_R3,2023,5,12,,,,,,,,,,,,,,,,,,"2L/ha applied to volunteer canola, some small ryegrass. Pre-sow knockdown",edillilie,herbicide,2023-05-12,11.0,10.8,0.0,,,,,,,Glyphosate 540g/l,L,2.0,
1133,EDILLILIE_S2.2_P4123_R3,2023,5,12,wheat,,,calibre,,,True,,,sale,180.0,,,50.0,,,On-time,,edillilie,sowing,2023-05-12,50.0,0.0,0.0,,,,,,,,,,
1134,EDILLILIE_S2.2_P4123_R3,2023,5,18,,,,,,,,,,,,,,,,,,"1L/ha applied to control RLEM, Earwigs, slaters, millipedes",edillilie,pesticide,2023-05-18,11.0,11.6,0.0,,,,,,,Pyrenix Super ,L,1.0,faw
1135,EDILLILIE_S2.2_P4123_R3,2023,5,29,,,,,,,,,,,,,,,,,,0.025kg/ha applied post-em control vol canola GS25,edillilie,herbicide,2023-05-29,11.0,12.25,0.0,,,,,,,Paradigm ,kg,0.025,
1136,EDILLILIE_S2.2_P4123_R3,2023,5,29,,,,,,,,,,,,,,,,,,0.35L/ha applied post-em control vol canola GS25,edillilie,herbicide,2023-05-29,11.0,2.849,0.0,,,,,,,MCPA LVE ,L,0.35,
1137,EDILLILIE_S2.2_P4123_R3,2023,5,29,,,,,,,,,,,,,,,,,,"0.3L/ha applied - Prophylactic control of septoria, powdery mildew, eyespot. In line with district practice GS 25",edillilie,fungicide,2023-05-29,11.0,22.349999999999998,0.0,,,,,,,Prosaro ,L,0.3,
1138,EDILLILIE_S2.2_P4123_R3,2023,6,1,wheat,,,,,,,,,,,,,,,,,,edillilie,termination,2023-06-01,80.0,0.0,1261.92,success,sale,3824.0,,,stubble,,,,
1139,EDILLILIE_S2.2_P4123_R3,2023,6,20,,,,,,,,,,,,,,,,,,"100kg/ha applied top dressing, all treatments, early tillering",edillilie,fertiliser,2023-06-20,8.5,50.0,0.0,,,,,,,Urea,kg,100.0,
1140,EDILLILIE_S2.2_P4123_R3,2023,6,29,,,,,,,,,,,,,,,,,,"3L/ha applied as foliar spray, in line with district practice",edillilie,fertiliser,2023-06-29,8.5,21.0,0.0,,,,,,,Smart Trace Triple,L,3.0,
1141,EDILLILIE_S2.2_P4123_R3,2023,7,11,,,,,,,,,,,,,,,,,,100kg/ha applied at top dressing - late tillering,edillilie,fertiliser,2023-07-11,8.5,50.0,0.0,,,,,,,Urea,kg,100.0,
1142,EDILLILIE_S2.2_P4123_R3,2023,7,31,,,,,,,,,,,,,,,,,,200kg/ha applied at top dressing - early flowering ,edillilie,fertiliser,2023-07-31,8.5,100.0,0.0,,,,,,,Urea,kg,200.0,
1143,EDILLILIE_S2.2_P4123_R3,2023,9,1,,,,,,,,,,,,,,,,,,0.4L/ha applied - Prophylactic control  sceptoria and powdery mildew control as per district practice ,edillilie,fungicide,2023-09-01,11.0,36.0,0.0,,,,,,,Amistar,L,0.4,
1144,EDILLILIE_S2.2_P4123_R3,2023,12,21,,,,,,,,,,,,,,,,,,0.5L/ha applied to control of summer weeds and volunteer crop as per district practice ,edillilie,herbicide,2023-12-21,11.0,2.95,0.0,,,,,,,"2,4-D",L,0.5,
1145,EDILLILIE_S2.2_P4123_R3,2023,12,21,,,,,,,,,,,,,,,,,,1.5L/ha applied to control of summer weeds and volunteer crop as per district practice ,edillilie,herbicide,2023-12-21,11.0,9.0,0.0,,,,,,,Roundup,L,1.5,
1146,EDILLILIE_S3_P1234_R1,2023,5,12,,,,,,,,,,,,,,,,,,0.075L/ha applied spike to glyphosate to help control broadleaf weeds. Pre-sow knockdown,edillilie,herbicide,2023-05-12,11.0,1.182,0.0,,,,,,,Oxyflurfen,L,0.075,
1147,EDILLILIE_S3_P1234_R1,2023,5,12,,,,,,,,,,,,,,,,,,0.2kg/ha applied pre-em control of broadleaf weeds IBS,edillilie,herbicide,2023-05-12,11.0,1.5060000000000002,0.0,,,,,,,Simazine 900,kg,0.2,
1148,EDILLILIE_S3_P1234_R1,2023,5,12,,,,,,,,,,,,,,,,,,0.5L/ha applied pre-em control of broadleaf weeds (canola) IBS,edillilie,herbicide,2023-05-12,11.0,7.5,0.0,,,,,,,Reflex ,L,0.5,
1149,EDILLILIE_S3_P1234_R1,2023,5,12,,,,,,,,,,,,,,,,,,1.5L/ha applied pre-em control wireweed and ryegrass,edillilie,herbicide,2023-05-12,11.0,12.0,0.0,,,,,,,Trifluralin ,L,1.5,
1150,EDILLILIE_S3_P1234_R1,2023,5,12,,,,,,,,,,,,,,,,,,100kg/ha applied at sowing,edillilie,fertiliser,2023-05-12,8.5,57.49999999999999,0.0,,,,,,,MAP,kg,100.0,
1151,EDILLILIE_S3_P1234_R1,2023,5,12,,,,,,,,,,,,,,,,,,"2L/ha applied to volunteer canola, some small ryegrass. Pre-sow knockdown",edillilie,herbicide,2023-05-12,11.0,10.8,0.0,,,,,,,Glyphosate 540g/l,L,2.0,
1152,EDILLILIE_S3_P1234_R1,2023,5,12,fababean,,,pba samira,,,True,,,sale,30.0,,,70.0,,,On-time,,edillilie,sowing,2023-05-12,50.0,0.0,0.0,,,,,,,,,,
1153,EDILLILIE_S3_P1234_R1,2023,5,18,,,,,,,,,,,,,,,,,,"1L/ha applied to control RLEM, Earwigs, slaters, millipedes",edillilie,pesticide,2023-05-18,11.0,11.6,0.0,,,,,,,Pyrenix Super ,L,1.0,faw
1154,EDILLILIE_S3_P1234_R1,2023,5,29,,,,,,,,,,,,,,,,,,0.33L/ha applied post-em control of ryegrass GS 6 -8 leaf,edillilie,herbicide,2023-05-29,11.0,6.765000000000001,0.0,,,,,,,Clethodim,L,0.33,
1155,EDILLILIE_S3_P1234_R1,2023,6,1,fababean,,,,,,,,,,,,,,,,,,edillilie,termination,2023-06-01,80.0,0.0,1126.98,success,sale,2087.0,,,stubble,,,,
1156,EDILLILIE_S3_P1234_R1,2023,9,11,,,,,,,,,,,,,,,,,,0.1L/ha applied to control of native budworm ,edillilie,pesticide,2023-09-11,11.0,13.5,0.0,,,,,,,Alpha-scud,L,0.1,faw
1157,EDILLILIE_S3_P1234_R1,2023,9,11,,,,,,,,,,,,,,,,,,0.5L/ha applied - Prophyictic control of botrytis  ,edillilie,fungicide,2023-09-11,11.0,4.925,0.0,,,,,,,Carbendazim,L,0.5,
1158,EDILLILIE_S3_P1234_R1,2023,12,21,,,,,,,,,,,,,,,,,,0.5L/ha applied to control of summer weeds and volunteer crop as per district practice ,edillilie,herbicide,2023-12-21,11.0,2.95,0.0,,,,,,,"2,4-D",L,0.5,
1159,EDILLILIE_S3_P1234_R1,2023,12,21,,,,,,,,,,,,,,,,,,1.5L/ha applied to control of summer weeds and volunteer crop as per district practice ,edillilie,herbicide,2023-12-21,11.0,9.0,0.0,,,,,,,Roundup,L,1.5,
1160,EDILLILIE_S3_P1234_R2,2023,5,12,,,,,,,,,,,,,,,,,,0.075L/ha applied spike to glyphosate to help control broadleaf weeds. Pre-sow knockdown,edillilie,herbicide,2023-05-12,11.0,1.182,0.0,,,,,,,Oxyflurfen,L,0.075,
1161,EDILLILIE_S3_P1234_R2,2023,5,12,,,,,,,,,,,,,,,,,,0.2kg/ha applied pre-em control of broadleaf weeds IBS,edillilie,herbicide,2023-05-12,11.0,1.5060000000000002,0.0,,,,,,,Simazine 900,kg,0.2,
1162,EDILLILIE_S3_P1234_R2,2023,5,12,,,,,,,,,,,,,,,,,,0.5L/ha applied pre-em control of broadleaf weeds (canola) IBS,edillilie,herbicide,2023-05-12,11.0,7.5,0.0,,,,,,,Reflex ,L,0.5,
1163,EDILLILIE_S3_P1234_R2,2023,5,12,,,,,,,,,,,,,,,,,,1.5L/ha applied pre-em control wireweed and ryegrass,edillilie,herbicide,2023-05-12,11.0,12.0,0.0,,,,,,,Trifluralin ,L,1.5,
1164,EDILLILIE_S3_P1234_R2,2023,5,12,,,,,,,,,,,,,,,,,,100kg/ha applied at sowing,edillilie,fertiliser,2023-05-12,8.5,57.49999999999999,0.0,,,,,,,MAP,kg,100.0,
1165,EDILLILIE_S3_P1234_R2,2023,5,12,,,,,,,,,,,,,,,,,,"2L/ha applied to volunteer canola, some small ryegrass. Pre-sow knockdown",edillilie,herbicide,2023-05-12,11.0,10.8,0.0,,,,,,,Glyphosate 540g/l,L,2.0,
1166,EDILLILIE_S3_P1234_R2,2023,5,12,fababean,,,pba samira,,,True,,,sale,30.0,,,70.0,,,On-time,,edillilie,sowing,2023-05-12,50.0,0.0,0.0,,,,,,,,,,
1167,EDILLILIE_S3_P1234_R2,2023,5,18,,,,,,,,,,,,,,,,,,"1L/ha applied to control RLEM, Earwigs, slaters, millipedes",edillilie,pesticide,2023-05-18,11.0,11.6,0.0,,,,,,,Pyrenix Super ,L,1.0,faw
1168,EDILLILIE_S3_P1234_R2,2023,5,29,,,,,,,,,,,,,,,,,,0.33L/ha applied post-em control of ryegrass GS 6 -8 leaf,edillilie,herbicide,2023-05-29,11.0,6.765000000000001,0.0,,,,,,,Clethodim,L,0.33,
1169,EDILLILIE_S3_P1234_R2,2023,6,1,fababean,,,,,,,,,,,,,,,,,,edillilie,termination,2023-06-01,80.0,0.0,804.0600000000001,success,sale,1489.0,,,stubble,,,,
1170,EDILLILIE_S3_P1234_R2,2023,9,11,,,,,,,,,,,,,,,,,,0.1L/ha applied to control of native budworm ,edillilie,pesticide,2023-09-11,11.0,13.5,0.0,,,,,,,Alpha-scud,L,0.1,faw
1171,EDILLILIE_S3_P1234_R2,2023,9,11,,,,,,,,,,,,,,,,,,0.5L/ha applied - Prophyictic control of botrytis  ,edillilie,fungicide,2023-09-11,11.0,4.925,0.0,,,,,,,Carbendazim,L,0.5,
1172,EDILLILIE_S3_P1234_R2,2023,12,21,,,,,,,,,,,,,,,,,,0.5L/ha applied to control of summer weeds and volunteer crop as per district practice ,edillilie,herbicide,2023-12-21,11.0,2.95,0.0,,,,,,,"2,4-D",L,0.5,
1173,EDILLILIE_S3_P1234_R2,2023,12,21,,,,,,,,,,,,,,,,,,1.5L/ha applied to control of summer weeds and volunteer crop as per district practice ,edillilie,herbicide,2023-12-21,11.0,9.0,0.0,,,,,,,Roundup,L,1.5,
1174,EDILLILIE_S3_P1234_R3,2023,5,12,,,,,,,,,,,,,,,,,,0.075L/ha applied spike to glyphosate to help control broadleaf weeds. Pre-sow knockdown,edillilie,herbicide,2023-05-12,11.0,1.182,0.0,,,,,,,Oxyflurfen,L,0.075,
1175,EDILLILIE_S3_P1234_R3,2023,5,12,,,,,,,,,,,,,,,,,,0.2kg/ha applied pre-em control of broadleaf weeds IBS,edillilie,herbicide,2023-05-12,11.0,1.5060000000000002,0.0,,,,,,,Simazine 900,kg,0.2,
1176,EDILLILIE_S3_P1234_R3,2023,5,12,,,,,,,,,,,,,,,,,,0.5L/ha applied pre-em control of broadleaf weeds (canola) IBS,edillilie,herbicide,2023-05-12,11.0,7.5,0.0,,,,,,,Reflex ,L,0.5,
1177,EDILLILIE_S3_P1234_R3,2023,5,12,,,,,,,,,,,,,,,,,,1.5L/ha applied pre-em control wireweed and ryegrass,edillilie,herbicide,2023-05-12,11.0,12.0,0.0,,,,,,,Trifluralin ,L,1.5,
1178,EDILLILIE_S3_P1234_R3,2023,5,12,,,,,,,,,,,,,,,,,,100kg/ha applied at sowing,edillilie,fertiliser,2023-05-12,8.5,57.49999999999999,0.0,,,,,,,MAP,kg,100.0,
1179,EDILLILIE_S3_P1234_R3,2023,5,12,,,,,,,,,,,,,,,,,,"2L/ha applied to volunteer canola, some small ryegrass. Pre-sow knockdown",edillilie,herbicide,2023-05-12,11.0,10.8,0.0,,,,,,,Glyphosate 540g/l,L,2.0,
1180,EDILLILIE_S3_P1234_R3,2023,5,12,fababean,,,pba samira,,,True,,,sale,30.0,,,70.0,,,On-time,,edillilie,sowing,2023-05-12,50.0,0.0,0.0,,,,,,,,,,
1181,EDILLILIE_S3_P1234_R3,2023,5,18,,,,,,,,,,,,,,,,,,"1L/ha applied to control RLEM, Earwigs, slaters, millipedes",edillilie,pesticide,2023-05-18,11.0,11.6,0.0,,,,,,,Pyrenix Super ,L,1.0,faw
1182,EDILLILIE_S3_P1234_R3,2023,5,29,,,,,,,,,,,,,,,,,,0.33L/ha applied post-em control of ryegrass GS 6 -8 leaf,edillilie,herbicide,2023-05-29,11.0,6.765000000000001,0.0,,,,,,,Clethodim,L,0.33,
1183,EDILLILIE_S3_P1234_R3,2023,6,1,fababean,,,,,,,,,,,,,,,,,,edillilie,termination,2023-06-01,80.0,0.0,1191.24,success,sale,2206.0,,,stubble,,,,
1184,EDILLILIE_S3_P1234_R3,2023,9,11,,,,,,,,,,,,,,,,,,0.1L/ha applied to control of native budworm ,edillilie,pesticide,2023-09-11,11.0,13.5,0.0,,,,,,,Alpha-scud,L,0.1,faw
1185,EDILLILIE_S3_P1234_R3,2023,9,11,,,,,,,,,,,,,,,,,,0.5L/ha applied - Prophyictic control of botrytis  ,edillilie,fungicide,2023-09-11,11.0,4.925,0.0,,,,,,,Carbendazim,L,0.5,
1186,EDILLILIE_S3_P1234_R3,2023,12,21,,,,,,,,,,,,,,,,,,0.5L/ha applied to control of summer weeds and volunteer crop as per district practice ,edillilie,herbicide,2023-12-21,11.0,2.95,0.0,,,,,,,"2,4-D",L,0.5,
1187,EDILLILIE_S3_P1234_R3,2023,12,21,,,,,,,,,,,,,,,,,,1.5L/ha applied to control of summer weeds and volunteer crop as per district practice ,edillilie,herbicide,2023-12-21,11.0,9.0,0.0,,,,,,,Roundup,L,1.5,
1188,EDILLILIE_S3_P2341_R1,2023,5,12,,,,,,,,,,,,,,,,,,0.075L/ha applied spike to glyphosate to help control broadleaf weeds. Pre-sow knockdown,edillilie,herbicide,2023-05-12,11.0,1.182,0.0,,,,,,,Oxyflurfen,L,0.075,
1189,EDILLILIE_S3_P2341_R1,2023,5,12,,,,,,,,,,,,,,,,,,1.5L/ha applied pre-em control wireweed and ryegrass,edillilie,herbicide,2023-05-12,11.0,12.0,0.0,,,,,,,Trifluralin ,L,1.5,
1190,EDILLILIE_S3_P2341_R1,2023,5,12,,,,,,,,,,,,,,,,,,"150kg/ha applied at sowing, Impact fungicide applied for early fungal disease control ",edillilie,fertiliser,2023-05-12,8.5,97.5,0.0,,,,,,,19:13:0:9,kg,150.0,
1191,EDILLILIE_S3_P2341_R1,2023,5,12,,,,,,,,,,,,,,,,,,1L/ha applied pre-em control of ryegrass,edillilie,herbicide,2023-05-12,11.0,65.0,0.0,,,,,,,Rustler,L,1.0,
1192,EDILLILIE_S3_P2341_R1,2023,5,12,,,,,,,,,,,,,,,,,,"2L/ha applied to volunteer canola, some small ryegrass. Pre-sow knockdown",edillilie,herbicide,2023-05-12,11.0,10.8,0.0,,,,,,,Glyphosate 540g/l,L,2.0,
1193,EDILLILIE_S3_P2341_R1,2023,5,12,canola,,,nuseed emu tf,,,True,,,sale,50.0,,,20.0,,,On-time,,edillilie,sowing,2023-05-12,50.0,0.0,0.0,,,,,,,,,,
1194,EDILLILIE_S3_P2341_R1,2023,5,18,,,,,,,,,,,,,,,,,,"1L/ha applied to control RLEM, Earwigs, slaters, millipedes",edillilie,pesticide,2023-05-18,11.0,11.6,0.0,,,,,,,Pyrenix Super ,L,1.0,faw
1195,EDILLILIE_S3_P2341_R1,2023,5,29,,,,,,,,,,,,,,,,,,0.33L/ha applied post-em control of ryegrass GS 6 leaf ,edillilie,herbicide,2023-05-29,11.0,6.765000000000001,0.0,,,,,,,Clethodim,L,0.33,
1196,EDILLILIE_S3_P2341_R1,2023,5,29,,,,,,,,,,,,,,,,,,1.5L/ha applied post-em control vol canola GS 6 leaf,edillilie,herbicide,2023-05-29,11.0,18.0,0.0,,,,,,,Crucial ,L,1.5,
1197,EDILLILIE_S3_P2341_R1,2023,5,29,,,,,,,,,,,,,,,,,,"2kg/ha applied to control Slugs, earwigs, snails ",edillilie,pesticide,2023-05-29,11.0,44.0,0.0,,,,,,,Transcend,kg,2.0,faw
1198,EDILLILIE_S3_P2341_R1,2023,6,1,Canola,,,,,,,,,,,,,,,,,,edillilie,termination,2023-06-01,80.0,0.0,1178.068,success,sale,1894.0,,,stubble,,,,
1199,EDILLILIE_S3_P2341_R1,2023,6,20,,,,,,,,,,,,,,,,,,"100kg/ha applied at top dressing, all treatments, 4-6 leag",edillilie,fertiliser,2023-06-20,8.5,50.0,0.0,,,,,,,Urea,kg,100.0,
1200,EDILLILIE_S3_P2341_R1,2023,6,29,,,,,,,,,,,,,,,,,,"3L/ha applied as foliar spray, in line with district practice",edillilie,fertiliser,2023-06-29,8.5,21.0,0.0,,,,,,,Smart Trace Triple,L,3.0,
1201,EDILLILIE_S3_P2341_R1,2023,7,12,,,,,,,,,,,,,,,,,,100kg/ha applied at top dressing - stem elongation,edillilie,fertiliser,2023-07-12,8.5,50.0,0.0,,,,,,,Urea,kg,100.0,
1202,EDILLILIE_S3_P2341_R1,2023,7,24,,,,,,,,,,,,,,,,,,0.6L/ha applied - Prophylactic control of UCI Blackleg in line with district practice. ,edillilie,fungicide,2023-07-24,11.0,32.699999999999996,0.0,,,,,,,Aviator Xpro,L,0.6,
1203,EDILLILIE_S3_P2341_R1,2023,7,31,,,,,,,,,,,,,,,,,,200kg/ha applied at top dressing - stem elongation,edillilie,fertiliser,2023-07-31,8.5,100.0,0.0,,,,,,,Urea,kg,200.0,
1204,EDILLILIE_S3_P2341_R1,2023,9,11,,,,,,,,,,,,,,,,,,0.1L/ha applied to control of native budworm ,edillilie,pesticide,2023-09-11,11.0,13.5,0.0,,,,,,,Alpha-scud,L,0.1,faw
1205,EDILLILIE_S3_P2341_R1,2023,12,21,,,,,,,,,,,,,,,,,,0.5L/ha applied to control of summer weeds and volunteer crop as per district practice ,edillilie,herbicide,2023-12-21,11.0,2.95,0.0,,,,,,,"2,4-D",L,0.5,
1206,EDILLILIE_S3_P2341_R1,2023,12,21,,,,,,,,,,,,,,,,,,1.5L/ha applied to control of summer weeds and volunteer crop as per district practice ,edillilie,herbicide,2023-12-21,11.0,9.0,0.0,,,,,,,Roundup,L,1.5,
1207,EDILLILIE_S3_P2341_R2,2023,5,12,,,,,,,,,,,,,,,,,,0.075L/ha applied spike to glyphosate to help control broadleaf weeds. Pre-sow knockdown,edillilie,herbicide,2023-05-12,11.0,1.182,0.0,,,,,,,Oxyflurfen,L,0.075,
1208,EDILLILIE_S3_P2341_R2,2023,5,12,,,,,,,,,,,,,,,,,,1.5L/ha applied pre-em control wireweed and ryegrass,edillilie,herbicide,2023-05-12,11.0,12.0,0.0,,,,,,,Trifluralin ,L,1.5,
1209,EDILLILIE_S3_P2341_R2,2023,5,12,,,,,,,,,,,,,,,,,,"150kg/ha applied at sowing, Impact fungicide applied for early fungal disease control ",edillilie,fertiliser,2023-05-12,8.5,97.5,0.0,,,,,,,19:13:0:9,kg,150.0,
1210,EDILLILIE_S3_P2341_R2,2023,5,12,,,,,,,,,,,,,,,,,,1L/ha applied pre-em control of ryegrass,edillilie,herbicide,2023-05-12,11.0,65.0,0.0,,,,,,,Rustler,L,1.0,
1211,EDILLILIE_S3_P2341_R2,2023,5,12,,,,,,,,,,,,,,,,,,"2L/ha applied to volunteer canola, some small ryegrass. Pre-sow knockdown",edillilie,herbicide,2023-05-12,11.0,10.8,0.0,,,,,,,Glyphosate 540g/l,L,2.0,
1212,EDILLILIE_S3_P2341_R2,2023,5,12,canola,,,nuseed emu tf,,,True,,,sale,50.0,,,20.0,,,On-time,,edillilie,sowing,2023-05-12,50.0,0.0,0.0,,,,,,,,,,
1213,EDILLILIE_S3_P2341_R2,2023,5,18,,,,,,,,,,,,,,,,,,"1L/ha applied to control RLEM, Earwigs, slaters, millipedes",edillilie,pesticide,2023-05-18,11.0,11.6,0.0,,,,,,,Pyrenix Super ,L,1.0,faw
1214,EDILLILIE_S3_P2341_R2,2023,5,29,,,,,,,,,,,,,,,,,,0.33L/ha applied post-em control of ryegrass GS 6 leaf ,edillilie,herbicide,2023-05-29,11.0,6.765000000000001,0.0,,,,,,,Clethodim,L,0.33,
1215,EDILLILIE_S3_P2341_R2,2023,5,29,,,,,,,,,,,,,,,,,,1.5L/ha applied post-em control vol canola GS 6 leaf,edillilie,herbicide,2023-05-29,11.0,18.0,0.0,,,,,,,Crucial ,L,1.5,
1216,EDILLILIE_S3_P2341_R2,2023,5,29,,,,,,,,,,,,,,,,,,"2kg/ha applied to control Slugs, earwigs, snails ",edillilie,pesticide,2023-05-29,11.0,44.0,0.0,,,,,,,Transcend,kg,2.0,faw
1217,EDILLILIE_S3_P2341_R2,2023,6,1,Canola,,,,,,,,,,,,,,,,,,edillilie,termination,2023-06-01,80.0,0.0,848.408,success,sale,1364.0,,,stubble,,,,
1218,EDILLILIE_S3_P2341_R2,2023,6,20,,,,,,,,,,,,,,,,,,"100kg/ha applied at top dressing, all treatments, 4-6 leag",edillilie,fertiliser,2023-06-20,8.5,50.0,0.0,,,,,,,Urea,kg,100.0,
1219,EDILLILIE_S3_P2341_R2,2023,6,29,,,,,,,,,,,,,,,,,,"3L/ha applied as foliar spray, in line with district practice",edillilie,fertiliser,2023-06-29,8.5,21.0,0.0,,,,,,,Smart Trace Triple,L,3.0,
1220,EDILLILIE_S3_P2341_R2,2023,7,12,,,,,,,,,,,,,,,,,,100kg/ha applied at top dressing - stem elongation,edillilie,fertiliser,2023-07-12,8.5,50.0,0.0,,,,,,,Urea,kg,100.0,
1221,EDILLILIE_S3_P2341_R2,2023,7,24,,,,,,,,,,,,,,,,,,0.6L/ha applied - Prophylactic control of UCI Blackleg in line with district practice. ,edillilie,fungicide,2023-07-24,11.0,32.699999999999996,0.0,,,,,,,Aviator Xpro,L,0.6,
1222,EDILLILIE_S3_P2341_R2,2023,7,31,,,,,,,,,,,,,,,,,,200kg/ha applied at top dressing - stem elongation,edillilie,fertiliser,2023-07-31,8.5,100.0,0.0,,,,,,,Urea,kg,200.0,
1223,EDILLILIE_S3_P2341_R2,2023,9,11,,,,,,,,,,,,,,,,,,0.1L/ha applied to control of native budworm ,edillilie,pesticide,2023-09-11,11.0,13.5,0.0,,,,,,,Alpha-scud,L,0.1,faw
1224,EDILLILIE_S3_P2341_R2,2023,12,21,,,,,,,,,,,,,,,,,,0.5L/ha applied to control of summer weeds and volunteer crop as per district practice ,edillilie,herbicide,2023-12-21,11.0,2.95,0.0,,,,,,,"2,4-D",L,0.5,
1225,EDILLILIE_S3_P2341_R2,2023,12,21,,,,,,,,,,,,,,,,,,1.5L/ha applied to control of summer weeds and volunteer crop as per district practice ,edillilie,herbicide,2023-12-21,11.0,9.0,0.0,,,,,,,Roundup,L,1.5,
1226,EDILLILIE_S3_P2341_R3,2023,5,12,,,,,,,,,,,,,,,,,,0.075L/ha applied spike to glyphosate to help control broadleaf weeds. Pre-sow knockdown,edillilie,herbicide,2023-05-12,11.0,1.182,0.0,,,,,,,Oxyflurfen,L,0.075,
1227,EDILLILIE_S3_P2341_R3,2023,5,12,,,,,,,,,,,,,,,,,,1.5L/ha applied pre-em control wireweed and ryegrass,edillilie,herbicide,2023-05-12,11.0,12.0,0.0,,,,,,,Trifluralin ,L,1.5,
1228,EDILLILIE_S3_P2341_R3,2023,5,12,,,,,,,,,,,,,,,,,,"150kg/ha applied at sowing, Impact fungicide applied for early fungal disease control ",edillilie,fertiliser,2023-05-12,8.5,97.5,0.0,,,,,,,19:13:0:9,kg,150.0,
1229,EDILLILIE_S3_P2341_R3,2023,5,12,,,,,,,,,,,,,,,,,,1L/ha applied pre-em control of ryegrass,edillilie,herbicide,2023-05-12,11.0,65.0,0.0,,,,,,,Rustler,L,1.0,
1230,EDILLILIE_S3_P2341_R3,2023,5,12,,,,,,,,,,,,,,,,,,"2L/ha applied to volunteer canola, some small ryegrass. Pre-sow knockdown",edillilie,herbicide,2023-05-12,11.0,10.8,0.0,,,,,,,Glyphosate 540g/l,L,2.0,
1231,EDILLILIE_S3_P2341_R3,2023,5,12,canola,,,nuseed emu tf,,,True,,,sale,50.0,,,20.0,,,On-time,,edillilie,sowing,2023-05-12,50.0,0.0,0.0,,,,,,,,,,
1232,EDILLILIE_S3_P2341_R3,2023,5,18,,,,,,,,,,,,,,,,,,"1L/ha applied to control RLEM, Earwigs, slaters, millipedes",edillilie,pesticide,2023-05-18,11.0,11.6,0.0,,,,,,,Pyrenix Super ,L,1.0,faw
1233,EDILLILIE_S3_P2341_R3,2023,5,29,,,,,,,,,,,,,,,,,,0.33L/ha applied post-em control of ryegrass GS 6 leaf ,edillilie,herbicide,2023-05-29,11.0,6.765000000000001,0.0,,,,,,,Clethodim,L,0.33,
1234,EDILLILIE_S3_P2341_R3,2023,5,29,,,,,,,,,,,,,,,,,,1.5L/ha applied post-em control vol canola GS 6 leaf,edillilie,herbicide,2023-05-29,11.0,18.0,0.0,,,,,,,Crucial ,L,1.5,
1235,EDILLILIE_S3_P2341_R3,2023,5,29,,,,,,,,,,,,,,,,,,"2kg/ha applied to control Slugs, earwigs, snails ",edillilie,pesticide,2023-05-29,11.0,44.0,0.0,,,,,,,Transcend,kg,2.0,faw
1236,EDILLILIE_S3_P2341_R3,2023,6,1,Canola,,,,,,,,,,,,,,,,,,edillilie,termination,2023-06-01,80.0,0.0,1164.384,success,sale,1872.0,,,stubble,,,,
1237,EDILLILIE_S3_P2341_R3,2023,6,20,,,,,,,,,,,,,,,,,,"100kg/ha applied at top dressing, all treatments, 4-6 leag",edillilie,fertiliser,2023-06-20,8.5,50.0,0.0,,,,,,,Urea,kg,100.0,
1238,EDILLILIE_S3_P2341_R3,2023,6,29,,,,,,,,,,,,,,,,,,"3L/ha applied as foliar spray, in line with district practice",edillilie,fertiliser,2023-06-29,8.5,21.0,0.0,,,,,,,Smart Trace Triple,L,3.0,
1239,EDILLILIE_S3_P2341_R3,2023,7,12,,,,,,,,,,,,,,,,,,100kg/ha applied at top dressing - stem elongation,edillilie,fertiliser,2023-07-12,8.5,50.0,0.0,,,,,,,Urea,kg,100.0,
1240,EDILLILIE_S3_P2341_R3,2023,7,24,,,,,,,,,,,,,,,,,,0.6L/ha applied - Prophylactic control of UCI Blackleg in line with district practice. ,edillilie,fungicide,2023-07-24,11.0,32.699999999999996,0.0,,,,,,,Aviator Xpro,L,0.6,
1241,EDILLILIE_S3_P2341_R3,2023,7,31,,,,,,,,,,,,,,,,,,200kg/ha applied at top dressing - stem elongation,edillilie,fertiliser,2023-07-31,8.5,100.0,0.0,,,,,,,Urea,kg,200.0,
1242,EDILLILIE_S3_P2341_R3,2023,9,11,,,,,,,,,,,,,,,,,,0.1L/ha applied to control of native budworm ,edillilie,pesticide,2023-09-11,11.0,13.5,0.0,,,,,,,Alpha-scud,L,0.1,faw
1243,EDILLILIE_S3_P2341_R3,2023,12,21,,,,,,,,,,,,,,,,,,0.5L/ha applied to control of summer weeds and volunteer crop as per district practice ,edillilie,herbicide,2023-12-21,11.0,2.95,0.0,,,,,,,"2,4-D",L,0.5,
1244,EDILLILIE_S3_P2341_R3,2023,12,21,,,,,,,,,,,,,,,,,,1.5L/ha applied to control of summer weeds and volunteer crop as per district practice ,edillilie,herbicide,2023-12-21,11.0,9.0,0.0,,,,,,,Roundup,L,1.5,
1245,EDILLILIE_S3_P3412_R1,2023,5,12,,,,,,,,,,,,,,,,,,0.075L/ha applied spike to glyphosate to help control broadleaf weeds. Pre-sow knockdown,edillilie,herbicide,2023-05-12,11.0,1.182,0.0,,,,,,,Oxyflurfen,L,0.075,
1246,EDILLILIE_S3_P3412_R1,2023,5,12,,,,,,,,,,,,,,,,,,0.118kg/ha applied pre-em control of ryegrass,edillilie,herbicide,2023-05-12,11.0,40.4976,0.0,,,,,,,Sakura ,kg,0.118,
1247,EDILLILIE_S3_P3412_R1,2023,5,12,,,,,,,,,,,,,,,,,,1.5L/ha applied pre-em control wireweed and ryegrass,edillilie,herbicide,2023-05-12,11.0,12.0,0.0,,,,,,,Trifluralin ,L,1.5,
1248,EDILLILIE_S3_P3412_R1,2023,5,12,,,,,,,,,,,,,,,,,,"100kg/ha applied at sowing, Impact fungicide applied for early fungal disease control ",edillilie,fertiliser,2023-05-12,8.5,57.49999999999999,0.0,,,,,,,DAP,kg,100.0,
1249,EDILLILIE_S3_P3412_R1,2023,5,12,,,,,,,,,,,,,,,,,,"2L/ha applied to volunteer canola, some small ryegrass. Pre-sow knockdown",edillilie,herbicide,2023-05-12,11.0,10.8,0.0,,,,,,,Glyphosate 540g/l,L,2.0,
1250,EDILLILIE_S3_P3412_R1,2023,5,12,wheat,,,calibre,,,True,,,sale,180.0,,,50.0,,,On-time,,edillilie,sowing,2023-05-12,50.0,0.0,0.0,,,,,,,,,,
1251,EDILLILIE_S3_P3412_R1,2023,5,18,,,,,,,,,,,,,,,,,,"1L/ha applied to control RLEM, Earwigs, slaters, millipedes",edillilie,pesticide,2023-05-18,11.0,11.6,0.0,,,,,,,Pyrenix Super ,L,1.0,faw
1252,EDILLILIE_S3_P3412_R1,2023,5,29,,,,,,,,,,,,,,,,,,0.025kg/ha applied post-em control vol canola GS25,edillilie,herbicide,2023-05-29,11.0,12.25,0.0,,,,,,,Paradigm ,kg,0.025,
1253,EDILLILIE_S3_P3412_R1,2023,5,29,,,,,,,,,,,,,,,,,,0.35L/ha applied post-em control vol canola GS25,edillilie,herbicide,2023-05-29,11.0,2.849,0.0,,,,,,,MCPA LVE ,L,0.35,
1254,EDILLILIE_S3_P3412_R1,2023,5,29,,,,,,,,,,,,,,,,,,"0.3L/ha applied - Prophylactic control of septoria, powdery mildew, eyespot. In line with district practice GS 25",edillilie,fungicide,2023-05-29,11.0,22.349999999999998,0.0,,,,,,,Prosaro ,L,0.3,
1255,EDILLILIE_S3_P3412_R1,2023,6,1,wheat,,,,,,,,,,,,,,,,,,edillilie,termination,2023-06-01,80.0,0.0,1310.76,success,sale,3972.0,,,stubble,,,,
1256,EDILLILIE_S3_P3412_R1,2023,6,20,,,,,,,,,,,,,,,,,,"100kg/ha applied top dressing, all treatments, early tillering",edillilie,fertiliser,2023-06-20,8.5,50.0,0.0,,,,,,,Urea,kg,100.0,
1257,EDILLILIE_S3_P3412_R1,2023,6,29,,,,,,,,,,,,,,,,,,"3L/ha applied as foliar spray, in line with district practice",edillilie,fertiliser,2023-06-29,8.5,21.0,0.0,,,,,,,Smart Trace Triple ,L,3.0,
1258,EDILLILIE_S3_P3412_R1,2023,7,11,,,,,,,,,,,,,,,,,,100kg/ha applied at top dressing - late tillering,edillilie,fertiliser,2023-07-11,8.5,50.0,0.0,,,,,,,Urea,kg,100.0,
1259,EDILLILIE_S3_P3412_R1,2023,7,31,,,,,,,,,,,,,,,,,,200kg/ha applied at top dressing - early flowering ,edillilie,fertiliser,2023-07-31,8.5,100.0,0.0,,,,,,,Urea,kg,200.0,
1260,EDILLILIE_S3_P3412_R1,2023,9,1,,,,,,,,,,,,,,,,,,0.4L/ha applied - Prophylactic control  sceptoria and powdery mildew control as per district practice ,edillilie,fungicide,2023-09-01,11.0,36.0,0.0,,,,,,,Amistar,L,0.4,
1261,EDILLILIE_S3_P3412_R1,2023,12,21,,,,,,,,,,,,,,,,,,0.5L/ha applied to control of summer weeds and volunteer crop as per district practice ,edillilie,herbicide,2023-12-21,11.0,2.95,0.0,,,,,,,"2,4-D",L,0.5,
1262,EDILLILIE_S3_P3412_R1,2023,12,21,,,,,,,,,,,,,,,,,,1.5L/ha applied to control of summer weeds and volunteer crop as per district practice ,edillilie,herbicide,2023-12-21,11.0,9.0,0.0,,,,,,,Roundup,L,1.5,
1263,EDILLILIE_S3_P3412_R2,2023,5,12,,,,,,,,,,,,,,,,,,0.075L/ha applied spike to glyphosate to help control broadleaf weeds. Pre-sow knockdown,edillilie,herbicide,2023-05-12,11.0,1.182,0.0,,,,,,,Oxyflurfen,L,0.075,
1264,EDILLILIE_S3_P3412_R2,2023,5,12,,,,,,,,,,,,,,,,,,0.118kg/ha applied pre-em control of ryegrass,edillilie,herbicide,2023-05-12,11.0,40.4976,0.0,,,,,,,Sakura ,kg,0.118,
1265,EDILLILIE_S3_P3412_R2,2023,5,12,,,,,,,,,,,,,,,,,,1.5L/ha applied pre-em control wireweed and ryegrass,edillilie,herbicide,2023-05-12,11.0,12.0,0.0,,,,,,,Trifluralin ,L,1.5,
1266,EDILLILIE_S3_P3412_R2,2023,5,12,,,,,,,,,,,,,,,,,,"100kg/ha applied at sowing, Impact fungicide applied for early fungal disease control ",edillilie,fertiliser,2023-05-12,8.5,57.49999999999999,0.0,,,,,,,DAP,kg,100.0,
1267,EDILLILIE_S3_P3412_R2,2023,5,12,,,,,,,,,,,,,,,,,,"2L/ha applied to volunteer canola, some small ryegrass. Pre-sow knockdown",edillilie,herbicide,2023-05-12,11.0,10.8,0.0,,,,,,,Glyphosate 540g/l,L,2.0,
1268,EDILLILIE_S3_P3412_R2,2023,5,12,wheat,,,calibre,,,True,,,sale,180.0,,,50.0,,,On-time,,edillilie,sowing,2023-05-12,50.0,0.0,0.0,,,,,,,,,,
1269,EDILLILIE_S3_P3412_R2,2023,5,18,,,,,,,,,,,,,,,,,,"1L/ha applied to control RLEM, Earwigs, slaters, millipedes",edillilie,pesticide,2023-05-18,11.0,11.6,0.0,,,,,,,Pyrenix Super ,L,1.0,faw
1270,EDILLILIE_S3_P3412_R2,2023,5,29,,,,,,,,,,,,,,,,,,0.025kg/ha applied post-em control vol canola GS25,edillilie,herbicide,2023-05-29,11.0,12.25,0.0,,,,,,,Paradigm ,kg,0.025,
1271,EDILLILIE_S3_P3412_R2,2023,5,29,,,,,,,,,,,,,,,,,,0.35L/ha applied post-em control vol canola GS25,edillilie,herbicide,2023-05-29,11.0,2.849,0.0,,,,,,,MCPA LVE ,L,0.35,
1272,EDILLILIE_S3_P3412_R2,2023,5,29,,,,,,,,,,,,,,,,,,"0.3L/ha applied - Prophylactic control of septoria, powdery mildew, eyespot. In line with district practice GS 25",edillilie,fungicide,2023-05-29,11.0,22.349999999999998,0.0,,,,,,,Prosaro ,L,0.3,
1273,EDILLILIE_S3_P3412_R2,2023,6,1,wheat,,,,,,,,,,,,,,,,,,edillilie,termination,2023-06-01,80.0,0.0,1163.25,success,sale,3525.0,,,stubble,,,,
1274,EDILLILIE_S3_P3412_R2,2023,6,20,,,,,,,,,,,,,,,,,,"100kg/ha applied top dressing, all treatments, early tillering",edillilie,fertiliser,2023-06-20,8.5,50.0,0.0,,,,,,,Urea,kg,100.0,
1275,EDILLILIE_S3_P3412_R2,2023,6,29,,,,,,,,,,,,,,,,,,"3L/ha applied as foliar spray, in line with district practice",edillilie,fertiliser,2023-06-29,8.5,21.0,0.0,,,,,,,Smart Trace Triple,L,3.0,
1276,EDILLILIE_S3_P3412_R2,2023,7,11,,,,,,,,,,,,,,,,,,100kg/ha applied at top dressing - late tillering,edillilie,fertiliser,2023-07-11,8.5,50.0,0.0,,,,,,,Urea,kg,100.0,
1277,EDILLILIE_S3_P3412_R2,2023,7,31,,,,,,,,,,,,,,,,,,200kg/ha applied at top dressing - early flowering ,edillilie,fertiliser,2023-07-31,8.5,100.0,0.0,,,,,,,Urea,kg,200.0,
1278,EDILLILIE_S3_P3412_R2,2023,9,1,,,,,,,,,,,,,,,,,,0.4L/ha applied - Prophylactic control  sceptoria and powdery mildew control as per district practice ,edillilie,fungicide,2023-09-01,11.0,36.0,0.0,,,,,,,Amistar,L,0.4,
1279,EDILLILIE_S3_P3412_R2,2023,12,21,,,,,,,,,,,,,,,,,,0.5L/ha applied to control of summer weeds and volunteer crop as per district practice ,edillilie,herbicide,2023-12-21,11.0,2.95,0.0,,,,,,,"2,4-D",L,0.5,
1280,EDILLILIE_S3_P3412_R2,2023,12,21,,,,,,,,,,,,,,,,,,1.5L/ha applied to control of summer weeds and volunteer crop as per district practice ,edillilie,herbicide,2023-12-21,11.0,9.0,0.0,,,,,,,Roundup,L,1.5,
1281,EDILLILIE_S3_P3412_R3,2023,5,12,,,,,,,,,,,,,,,,,,0.075L/ha applied spike to glyphosate to help control broadleaf weeds. Pre-sow knockdown,edillilie,herbicide,2023-05-12,11.0,1.182,0.0,,,,,,,Oxyflurfen,L,0.075,
1282,EDILLILIE_S3_P3412_R3,2023,5,12,,,,,,,,,,,,,,,,,,0.118kg/ha applied pre-em control of ryegrass,edillilie,herbicide,2023-05-12,11.0,40.4976,0.0,,,,,,,Sakura ,kg,0.118,
1283,EDILLILIE_S3_P3412_R3,2023,5,12,,,,,,,,,,,,,,,,,,1.5L/ha applied pre-em control wireweed and ryegrass,edillilie,herbicide,2023-05-12,11.0,12.0,0.0,,,,,,,Trifluralin ,L,1.5,
1284,EDILLILIE_S3_P3412_R3,2023,5,12,,,,,,,,,,,,,,,,,,"100kg/ha applied at sowing, Impact fungicide applied for early fungal disease control ",edillilie,fertiliser,2023-05-12,8.5,57.49999999999999,0.0,,,,,,,DAP,kg,100.0,
1285,EDILLILIE_S3_P3412_R3,2023,5,12,,,,,,,,,,,,,,,,,,"2L/ha applied to volunteer canola, some small ryegrass. Pre-sow knockdown",edillilie,herbicide,2023-05-12,11.0,10.8,0.0,,,,,,,Glyphosate 540g/l,L,2.0,
1286,EDILLILIE_S3_P3412_R3,2023,5,12,wheat,,,calibre,,,True,,,sale,180.0,,,50.0,,,On-time,,edillilie,sowing,2023-05-12,50.0,0.0,0.0,,,,,,,,,,
1287,EDILLILIE_S3_P3412_R3,2023,5,18,,,,,,,,,,,,,,,,,,"1L/ha applied to control RLEM, Earwigs, slaters, millipedes",edillilie,pesticide,2023-05-18,11.0,11.6,0.0,,,,,,,Pyrenix Super ,L,1.0,faw
1288,EDILLILIE_S3_P3412_R3,2023,5,29,,,,,,,,,,,,,,,,,,0.025kg/ha applied post-em control vol canola GS25,edillilie,herbicide,2023-05-29,11.0,12.25,0.0,,,,,,,Paradigm ,kg,0.025,
1289,EDILLILIE_S3_P3412_R3,2023,5,29,,,,,,,,,,,,,,,,,,0.35L/ha applied post-em control vol canola GS25,edillilie,herbicide,2023-05-29,11.0,2.849,0.0,,,,,,,MCPA LVE ,L,0.35,
1290,EDILLILIE_S3_P3412_R3,2023,5,29,,,,,,,,,,,,,,,,,,"0.3L/ha applied - Prophylactic control of septoria, powdery mildew, eyespot. In line with district practice GS 25",edillilie,fungicide,2023-05-29,11.0,22.349999999999998,0.0,,,,,,,Prosaro ,L,0.3,
1291,EDILLILIE_S3_P3412_R3,2023,6,1,wheat,,,,,,,,,,,,,,,,,,edillilie,termination,2023-06-01,80.0,0.0,1145.1000000000001,success,sale,3470.0,,,stubble,,,,
1292,EDILLILIE_S3_P3412_R3,2023,6,20,,,,,,,,,,,,,,,,,,"100kg/ha applied top dressing, all treatments, early tillering",edillilie,fertiliser,2023-06-20,8.5,50.0,0.0,,,,,,,Urea,kg,100.0,
1293,EDILLILIE_S3_P3412_R3,2023,6,29,,,,,,,,,,,,,,,,,,"3L/ha applied as foliar spray, in line with district practice",edillilie,fertiliser,2023-06-29,8.5,21.0,0.0,,,,,,,Smart Trace Triple,L,3.0,
1294,EDILLILIE_S3_P3412_R3,2023,7,11,,,,,,,,,,,,,,,,,,100kg/ha applied at top dressing - late tillering,edillilie,fertiliser,2023-07-11,8.5,50.0,0.0,,,,,,,Urea,kg,100.0,
1295,EDILLILIE_S3_P3412_R3,2023,7,31,,,,,,,,,,,,,,,,,,200kg/ha applied at top dressing - early flowering ,edillilie,fertiliser,2023-07-31,8.5,100.0,0.0,,,,,,,Urea,kg,200.0,
1296,EDILLILIE_S3_P3412_R3,2023,9,1,,,,,,,,,,,,,,,,,,0.4L/ha applied - Prophylactic control  sceptoria and powdery mildew control as per district practice ,edillilie,fungicide,2023-09-01,11.0,36.0,0.0,,,,,,,Amistar,L,0.4,
1297,EDILLILIE_S3_P3412_R3,2023,12,21,,,,,,,,,,,,,,,,,,0.5L/ha applied to control of summer weeds and volunteer crop as per district practice ,edillilie,herbicide,2023-12-21,11.0,2.95,0.0,,,,,,,"2,4-D",L,0.5,
1298,EDILLILIE_S3_P3412_R3,2023,12,21,,,,,,,,,,,,,,,,,,1.5L/ha applied to control of summer weeds and volunteer crop as per district practice ,edillilie,herbicide,2023-12-21,11.0,9.0,0.0,,,,,,,Roundup,L,1.5,
1299,EDILLILIE_S3_P4123_R1,2023,5,12,,,,,,,,,,,,,,,,,,0.075L/ha applied spike to glyphosate to help control broadleaf weeds. Pre-sow knockdown,edillilie,herbicide,2023-05-12,11.0,1.182,0.0,,,,,,,Oxyflurfen,L,0.075,
1300,EDILLILIE_S3_P4123_R1,2023,5,12,,,,,,,,,,,,,,,,,,0.118kg/ha applied pre-em control of ryegrass,edillilie,herbicide,2023-05-12,11.0,40.4976,0.0,,,,,,,Sakura ,kg,0.118,
1301,EDILLILIE_S3_P4123_R1,2023,5,12,,,,,,,,,,,,,,,,,,1.5L/ha applied pre-em control wireweed and ryegrass,edillilie,herbicide,2023-05-12,11.0,12.0,0.0,,,,,,,Trifluralin ,L,1.5,
1302,EDILLILIE_S3_P4123_R1,2023,5,12,,,,,,,,,,,,,,,,,,"100kg/ha applied at sowing, Impact fungicide applied for early fungal disease control ",edillilie,fertiliser,2023-05-12,8.5,57.49999999999999,0.0,,,,,,,DAP,kg,100.0,
1303,EDILLILIE_S3_P4123_R1,2023,5,12,,,,,,,,,,,,,,,,,,"2L/ha applied to volunteer canola, some small ryegrass. Pre-sow knockdown",edillilie,herbicide,2023-05-12,11.0,10.8,0.0,,,,,,,Glyphosate 540g/l,L,2.0,
1304,EDILLILIE_S3_P4123_R1,2023,5,12,wheat,,,calibre,,,True,,,sale,180.0,,,50.0,,,On-time,,edillilie,sowing,2023-05-12,50.0,0.0,0.0,,,,,,,,,,
1305,EDILLILIE_S3_P4123_R1,2023,5,18,,,,,,,,,,,,,,,,,,"1L/ha applied to control RLEM, Earwigs, slaters, millipedes",edillilie,pesticide,2023-05-18,11.0,11.6,0.0,,,,,,,Pyrenix Super ,L,1.0,faw
1306,EDILLILIE_S3_P4123_R1,2023,5,29,,,,,,,,,,,,,,,,,,0.025kg/ha applied post-em control vol canola GS25,edillilie,herbicide,2023-05-29,11.0,12.25,0.0,,,,,,,Paradigm ,kg,0.025,
1307,EDILLILIE_S3_P4123_R1,2023,5,29,,,,,,,,,,,,,,,,,,0.35L/ha applied post-em control vol canola GS25,edillilie,herbicide,2023-05-29,11.0,2.849,0.0,,,,,,,MCPA LVE ,L,0.35,
1308,EDILLILIE_S3_P4123_R1,2023,5,29,,,,,,,,,,,,,,,,,,"0.3L/ha applied - Prophylactic control of septoria, powdery mildew, eyespot. In line with district practice GS 25",edillilie,fungicide,2023-05-29,11.0,22.349999999999998,0.0,,,,,,,Prosaro ,L,0.3,
1309,EDILLILIE_S3_P4123_R1,2023,6,1,wheat,,,,,,,,,,,,,,,,,,edillilie,termination,2023-06-01,80.0,0.0,1269.18,success,sale,3846.0,,,stubble,,,,
1310,EDILLILIE_S3_P4123_R1,2023,6,20,,,,,,,,,,,,,,,,,,"100kg/ha applied top dressing, all treatments, early tillering",edillilie,fertiliser,2023-06-20,8.5,50.0,0.0,,,,,,,Urea,kg,100.0,
1311,EDILLILIE_S3_P4123_R1,2023,6,29,,,,,,,,,,,,,,,,,,"3L/ha applied as foliar spray, in line with district practice",edillilie,fertiliser,2023-06-29,8.5,21.0,0.0,,,,,,,Smart Trace Triple,L,3.0,
1312,EDILLILIE_S3_P4123_R1,2023,7,11,,,,,,,,,,,,,,,,,,100kg/ha applied at top dressing - late tillering,edillilie,fertiliser,2023-07-11,8.5,50.0,0.0,,,,,,,Urea,kg,100.0,
1313,EDILLILIE_S3_P4123_R1,2023,7,31,,,,,,,,,,,,,,,,,,200kg/ha applied at top dressing - early flowering ,edillilie,fertiliser,2023-07-31,8.5,100.0,0.0,,,,,,,Urea,kg,200.0,
1314,EDILLILIE_S3_P4123_R1,2023,9,1,,,,,,,,,,,,,,,,,,0.4L/ha applied - Prophylactic control  sceptoria and powdery mildew control as per district practice ,edillilie,fungicide,2023-09-01,11.0,36.0,0.0,,,,,,,Amistar,L,0.4,
1315,EDILLILIE_S3_P4123_R1,2023,12,21,,,,,,,,,,,,,,,,,,0.5L/ha applied to control of summer weeds and volunteer crop as per district practice ,edillilie,herbicide,2023-12-21,11.0,2.95,0.0,,,,,,,"2,4-D",L,0.5,
1316,EDILLILIE_S3_P4123_R1,2023,12,21,,,,,,,,,,,,,,,,,,1.5L/ha applied to control of summer weeds and volunteer crop as per district practice ,edillilie,herbicide,2023-12-21,11.0,9.0,0.0,,,,,,,Roundup,L,1.5,
1317,EDILLILIE_S3_P4123_R2,2023,5,12,,,,,,,,,,,,,,,,,,0.075L/ha applied spike to glyphosate to help control broadleaf weeds. Pre-sow knockdown,edillilie,herbicide,2023-05-12,11.0,1.182,0.0,,,,,,,Oxyflurfen,L,0.075,
1318,EDILLILIE_S3_P4123_R2,2023,5,12,,,,,,,,,,,,,,,,,,0.118kg/ha applied pre-em control of ryegrass,edillilie,herbicide,2023-05-12,11.0,40.4976,0.0,,,,,,,Sakura ,kg,0.118,
1319,EDILLILIE_S3_P4123_R2,2023,5,12,,,,,,,,,,,,,,,,,,1.5L/ha applied pre-em control wireweed and ryegrass,edillilie,herbicide,2023-05-12,11.0,12.0,0.0,,,,,,,Trifluralin ,L,1.5,
1320,EDILLILIE_S3_P4123_R2,2023,5,12,,,,,,,,,,,,,,,,,,"100kg/ha applied at sowing, Impact fungicide applied for early fungal disease control ",edillilie,fertiliser,2023-05-12,8.5,57.49999999999999,0.0,,,,,,,DAP,kg,100.0,
1321,EDILLILIE_S3_P4123_R2,2023,5,12,,,,,,,,,,,,,,,,,,"2L/ha applied to volunteer canola, some small ryegrass. Pre-sow knockdown",edillilie,herbicide,2023-05-12,11.0,10.8,0.0,,,,,,,Glyphosate 540g/l,L,2.0,
1322,EDILLILIE_S3_P4123_R2,2023,5,12,wheat,,,calibre,,,True,,,sale,180.0,,,50.0,,,On-time,,edillilie,sowing,2023-05-12,50.0,0.0,0.0,,,,,,,,,,
1323,EDILLILIE_S3_P4123_R2,2023,5,18,,,,,,,,,,,,,,,,,,"1L/ha applied to control RLEM, Earwigs, slaters, millipedes",edillilie,pesticide,2023-05-18,11.0,11.6,0.0,,,,,,,Pyrenix Super ,L,1.0,faw
1324,EDILLILIE_S3_P4123_R2,2023,5,29,,,,,,,,,,,,,,,,,,0.025kg/ha applied post-em control vol canola GS25,edillilie,herbicide,2023-05-29,11.0,12.25,0.0,,,,,,,Paradigm ,kg,0.025,
1325,EDILLILIE_S3_P4123_R2,2023,5,29,,,,,,,,,,,,,,,,,,0.35L/ha applied post-em control vol canola GS25,edillilie,herbicide,2023-05-29,11.0,2.849,0.0,,,,,,,MCPA LVE ,L,0.35,
1326,EDILLILIE_S3_P4123_R2,2023,5,29,,,,,,,,,,,,,,,,,,"0.3L/ha applied - Prophylactic control of septoria, powdery mildew, eyespot. In line with district practice GS 25",edillilie,fungicide,2023-05-29,11.0,22.349999999999998,0.0,,,,,,,Prosaro ,L,0.3,
1327,EDILLILIE_S3_P4123_R2,2023,6,1,wheat,,,,,,,,,,,,,,,,,,edillilie,termination,2023-06-01,80.0,0.0,1155.0,success,sale,3500.0,,,stubble,,,,
1328,EDILLILIE_S3_P4123_R2,2023,6,20,,,,,,,,,,,,,,,,,,"100kg/ha applied top dressing, all treatments, early tillering",edillilie,fertiliser,2023-06-20,8.5,50.0,0.0,,,,,,,Urea,kg,100.0,
1329,EDILLILIE_S3_P4123_R2,2023,6,29,,,,,,,,,,,,,,,,,,"3L/ha applied as foliar spray, in line with district practice",edillilie,fertiliser,2023-06-29,8.5,21.0,0.0,,,,,,,Smart Trace Triple,L,3.0,
1330,EDILLILIE_S3_P4123_R2,2023,7,11,,,,,,,,,,,,,,,,,,100kg/ha applied at top dressing - late tillering,edillilie,fertiliser,2023-07-11,8.5,50.0,0.0,,,,,,,Urea,kg,100.0,
1331,EDILLILIE_S3_P4123_R2,2023,7,31,,,,,,,,,,,,,,,,,,200kg/ha applied at top dressing - early flowering ,edillilie,fertiliser,2023-07-31,8.5,100.0,0.0,,,,,,,Urea,kg,200.0,
1332,EDILLILIE_S3_P4123_R2,2023,9,1,,,,,,,,,,,,,,,,,,0.4L/ha applied - Prophylactic control  sceptoria and powdery mildew control as per district practice ,edillilie,fungicide,2023-09-01,11.0,36.0,0.0,,,,,,,Amistar,L,0.4,
1333,EDILLILIE_S3_P4123_R2,2023,12,21,,,,,,,,,,,,,,,,,,0.5L/ha applied to control of summer weeds and volunteer crop as per district practice ,edillilie,herbicide,2023-12-21,11.0,2.95,0.0,,,,,,,"2,4-D",L,0.5,
1334,EDILLILIE_S3_P4123_R2,2023,12,21,,,,,,,,,,,,,,,,,,1.5L/ha applied to control of summer weeds and volunteer crop as per district practice ,edillilie,herbicide,2023-12-21,11.0,9.0,0.0,,,,,,,Roundup,L,1.5,
1335,EDILLILIE_S3_P4123_R3,2023,5,12,,,,,,,,,,,,,,,,,,0.075L/ha applied spike to glyphosate to help control broadleaf weeds. Pre-sow knockdown,edillilie,herbicide,2023-05-12,11.0,1.182,0.0,,,,,,,Oxyflurfen,L,0.075,
1336,EDILLILIE_S3_P4123_R3,2023,5,12,,,,,,,,,,,,,,,,,,0.118kg/ha applied pre-em control of ryegrass,edillilie,herbicide,2023-05-12,11.0,40.4976,0.0,,,,,,,Sakura ,kg,0.118,
1337,EDILLILIE_S3_P4123_R3,2023,5,12,,,,,,,,,,,,,,,,,,1.5L/ha applied pre-em control wireweed and ryegrass,edillilie,herbicide,2023-05-12,11.0,12.0,0.0,,,,,,,Trifluralin ,L,1.5,
1338,EDILLILIE_S3_P4123_R3,2023,5,12,,,,,,,,,,,,,,,,,,"100kg/ha applied at sowing, Impact fungicide applied for early fungal disease control ",edillilie,fertiliser,2023-05-12,8.5,57.49999999999999,0.0,,,,,,,DAP,kg,100.0,
1339,EDILLILIE_S3_P4123_R3,2023,5,12,,,,,,,,,,,,,,,,,,"2L/ha applied to volunteer canola, some small ryegrass. Pre-sow knockdown",edillilie,herbicide,2023-05-12,11.0,10.8,0.0,,,,,,,Glyphosate 540g/l,L,2.0,
1340,EDILLILIE_S3_P4123_R3,2023,5,12,wheat,,,calibre,,,True,,,sale,180.0,,,50.0,,,On-time,,edillilie,sowing,2023-05-12,50.0,0.0,0.0,,,,,,,,,,
1341,EDILLILIE_S3_P4123_R3,2023,5,18,,,,,,,,,,,,,,,,,,"1L/ha applied to control RLEM, Earwigs, slaters, millipedes",edillilie,pesticide,2023-05-18,11.0,11.6,0.0,,,,,,,Pyrenix Super ,L,1.0,faw
1342,EDILLILIE_S3_P4123_R3,2023,5,29,,,,,,,,,,,,,,,,,,0.025kg/ha applied post-em control vol canola GS25,edillilie,herbicide,2023-05-29,11.0,12.25,0.0,,,,,,,Paradigm ,kg,0.025,
1343,EDILLILIE_S3_P4123_R3,2023,5,29,,,,,,,,,,,,,,,,,,0.35L/ha applied post-em control vol canola GS25,edillilie,herbicide,2023-05-29,11.0,2.849,0.0,,,,,,,MCPA LVE ,L,0.35,
1344,EDILLILIE_S3_P4123_R3,2023,5,29,,,,,,,,,,,,,,,,,,"0.3L/ha applied - Prophylactic control of septoria, powdery mildew, eyespot. In line with district practice GS 25",edillilie,fungicide,2023-05-29,11.0,22.349999999999998,0.0,,,,,,,Prosaro ,L,0.3,
1345,EDILLILIE_S3_P4123_R3,2023,6,1,wheat,,,,,,,,,,,,,,,,,,edillilie,termination,2023-06-01,80.0,0.0,1206.81,success,sale,3657.0,,,stubble,,,,
1346,EDILLILIE_S3_P4123_R3,2023,6,20,,,,,,,,,,,,,,,,,,"100kg/ha applied top dressing, all treatments, early tillering",edillilie,fertiliser,2023-06-20,8.5,50.0,0.0,,,,,,,Urea,kg,100.0,
1347,EDILLILIE_S3_P4123_R3,2023,6,29,,,,,,,,,,,,,,,,,,"3L/ha applied as foliar spray, in line with district practice",edillilie,fertiliser,2023-06-29,8.5,21.0,0.0,,,,,,,Smart Trace Triple,L,3.0,
1348,EDILLILIE_S3_P4123_R3,2023,7,11,,,,,,,,,,,,,,,,,,100kg/ha applied at top dressing - late tillering,edillilie,fertiliser,2023-07-11,8.5,50.0,0.0,,,,,,,Urea,kg,100.0,
1349,EDILLILIE_S3_P4123_R3,2023,7,31,,,,,,,,,,,,,,,,,,200kg/ha applied at top dressing - early flowering ,edillilie,fertiliser,2023-07-31,8.5,100.0,0.0,,,,,,,Urea,kg,200.0,
1350,EDILLILIE_S3_P4123_R3,2023,9,1,,,,,,,,,,,,,,,,,,0.4L/ha applied - Prophylactic control  sceptoria and powdery mildew control as per district practice ,edillilie,fungicide,2023-09-01,11.0,36.0,0.0,,,,,,,Amistar,L,0.4,
1351,EDILLILIE_S3_P4123_R3,2023,12,21,,,,,,,,,,,,,,,,,,0.5L/ha applied to control of summer weeds and volunteer crop as per district practice ,edillilie,herbicide,2023-12-21,11.0,2.95,0.0,,,,,,,"2,4-D",L,0.5,
1352,EDILLILIE_S3_P4123_R3,2023,12,21,,,,,,,,,,,,,,,,,,1.5L/ha applied to control of summer weeds and volunteer crop as per district practice ,edillilie,herbicide,2023-12-21,11.0,9.0,0.0,,,,,,,Roundup,L,1.5,
1353,KINNABULLA_S1.1_P1231_R1,2023,5,3,,,,,,,,,,,,,,,,,,0.8L/ha applied at sowing,kinnabulla,herbicide,2023-05-03,11.0,12.0,0.0,,,,,,,Terbyne xtreme,L,0.8,
1354,KINNABULLA_S1.1_P1231_R1,2023,5,3,,,,,,,,,,,,,,,,,,1.1L/ha applied at sowing,kinnabulla,herbicide,2023-05-03,11.0,27.500000000000004,0.0,,,,,,,Ultro,L,1.1,
1355,KINNABULLA_S1.1_P1231_R1,2023,5,23,,,,,,,,,,,,,,,,,,1.5L/ha applied at sowing,kinnabulla,herbicide,2023-05-23,11.0,12.0,0.0,,,,,,,Trifluralin,L,1.5,
1356,KINNABULLA_S1.1_P1231_R1,2023,5,23,,,,,,,,,,,,,,,,,,2L/ha applied at sowing,kinnabulla,herbicide,2023-05-23,11.0,34.0,0.0,,,,,,,Avadex,L,2.0,
1357,KINNABULLA_S1.1_P1231_R1,2023,5,23,,,,,,,,,,,,,,,,,,3L/ha applied at sowing,kinnabulla,herbicide,2023-05-23,11.0,13.5,0.0,,,,,,,Glyphosate 450,L,3.0,
1358,KINNABULLA_S1.1_P1231_R1,2023,5,23,,,,,,,,,,,,,,,,,,"60kg/ha applied at sowing (W, B, L)",kinnabulla,fertiliser,2023-05-23,8.5,38.4,0.0,,,,,,,Granulock SZ,kg,60.0,
1359,KINNABULLA_S1.1_P1231_R1,2023,5,23,lentil,,,gia thunder,,,True,,,sale,120.0,,,30.0,,,On-time,,kinnabulla,sowing,2023-05-23,50.0,0.0,0.0,,,,,,,,,,
1360,KINNABULLA_S1.1_P1231_R1,2023,7,10,,,,,,,,,,,,,,,,,,"0.12L/ha applied to all crop types to control the movement of pests back into pulse crops, could also more intro cereal crops and cause damage, 1-4 node. lucerne flea targeting vetch and lentil.",kinnabulla,pesticide,2023-07-10,11.0,4.32,0.0,,,,,,,Le-mat,L,0.12,insects
1361,KINNABULLA_S1.1_P1231_R1,2023,7,26,,,,,,,,,,,,,,,,,,"0.18L/ha applied to grass weed control, targeting brome grass & ryegrass, 2-4 node (+2% Liase = liquid adjuvant) (+0.5% Uptake = wetting agent)",kinnabulla,herbicide,2023-07-26,11.0,24.3,0.0,,,,,,,Factor,L,0.18,
1362,KINNABULLA_S1.1_P1231_R1,2023,7,26,,,,,,,,,,,,,,,,,,"grass weed control, targeting brome grass & ryegrass, 2-4 node",kinnabulla,herbicide,2023-07-26,11.0,3.3,0.0,,,,,,,Haloxyfop,L,0.075,
1363,KINNABULLA_S1.1_P1231_R1,2023,7,26,,,,,,,,,,,,,,,,,,"grass weed control, targeting brome grass & ryegrass, 2-4 node",kinnabulla,herbicide,2023-07-26,11.0,10.25,0.0,,,,,,,Clethodim 360,L,0.5,
1364,KINNABULLA_S1.1_P1231_R1,2023,8,2,,,,,,,,,,,,,,,,,,0.5L/ha applied to lentils and vetch (canopy closure) - botrytis and ascochyta,kinnabulla,fungicide,2023-08-02,11.0,27.25,0.0,,,,,,,Aviator Xpro,L,0.5,
1365,KINNABULLA_S1.1_P1231_R1,2023,10,9,,,,,,,,,,,,,,,,,,0.3L/ha applied in pulses to control grubs - podding,kinnabulla,pesticide,2023-10-09,11.0,2.952,0.0,,,,,,,Sumi-alpha flex,L,0.3,faw
1366,KINNABULLA_S1.1_P1231_R1,2023,11,17,,,,,,,,,,,,,,,,,,"3L/ha applied to desiccate for late season weed control, bring all crop types in together for harvest (+0.16% BS1000 = wetting agent)",kinnabulla,herbicide,2023-11-17,11.0,45.0,0.0,,,,,,,Diquat,L,3.0,
1367,KINNABULLA_S1.1_P1231_R1,2023,12,7,lentil,,,,,,,,,,,,,,,,,,kinnabulla,termination,2023-12-07,80.0,0.0,766.35,success,sale,1179.0,,,stubble,,,,
1368,KINNABULLA_S1.1_P1231_R1,2023,12,14,,,,,,,,,,,,,,,,,,0.4L/ha applied overall site knockdown to control summer weeds (+2% Liase =  liquid adjuvant),kinnabulla,herbicide,2023-12-14,11.0,3.38,0.0,,,,,,,Ester,L,0.4,
1369,KINNABULLA_S1.1_P1231_R1,2023,12,14,,,,,,,,,,,,,,,,,,2.5L/ha applied overall site knockdown to control summer weeds,kinnabulla,herbicide,2023-12-14,11.0,11.25,0.0,,,,,,,Glyphosate,L,2.5,
1370,KINNABULLA_S1.1_P1231_R1,2024,1,18,,,,,,,,,,,,,,,,,,"2.5L/ha applied overall site knockdown to control summer weeds (heliotrope and odd thistle), vol. crop (wheat, barley, canola, radish, lentil)",kinnabulla,herbicide,2024-01-18,11.0,11.25,0.0,,,,,,,Glyphosate,L,2.5,
1371,KINNABULLA_S1.1_P1231_R2,2023,5,3,,,,,,,,,,,,,,,,,,0.8L/ha applied at sowing,kinnabulla,herbicide,2023-05-03,11.0,12.0,0.0,,,,,,,Terbyne xtreme,L,0.8,
1372,KINNABULLA_S1.1_P1231_R2,2023,5,3,,,,,,,,,,,,,,,,,,1.1L/ha applied at sowing,kinnabulla,herbicide,2023-05-03,11.0,27.500000000000004,0.0,,,,,,,Ultro,L,1.1,
1373,KINNABULLA_S1.1_P1231_R2,2023,5,23,,,,,,,,,,,,,,,,,,1.5L/ha applied at sowing,kinnabulla,herbicide,2023-05-23,11.0,12.0,0.0,,,,,,,Trifluralin,L,1.5,
1374,KINNABULLA_S1.1_P1231_R2,2023,5,23,,,,,,,,,,,,,,,,,,2L/ha applied at sowing,kinnabulla,herbicide,2023-05-23,11.0,34.0,0.0,,,,,,,Avadex,L,2.0,
1375,KINNABULLA_S1.1_P1231_R2,2023,5,23,,,,,,,,,,,,,,,,,,3L/ha applied at sowing,kinnabulla,herbicide,2023-05-23,11.0,13.5,0.0,,,,,,,Glyphosate 450,L,3.0,
1376,KINNABULLA_S1.1_P1231_R2,2023,5,23,,,,,,,,,,,,,,,,,,"60kg/ha applied at sowing (W, B, L)",kinnabulla,fertiliser,2023-05-23,8.5,38.4,0.0,,,,,,,Granulock SZ,kg,60.0,
1377,KINNABULLA_S1.1_P1231_R2,2023,5,23,lentil,,,gia thunder,,,True,,,sale,120.0,,,30.0,,,On-time,,kinnabulla,sowing,2023-05-23,50.0,0.0,0.0,,,,,,,,,,
1378,KINNABULLA_S1.1_P1231_R2,2023,7,10,,,,,,,,,,,,,,,,,,"0.12L/ha applied to all crop types to control the movement of pests back into pulse crops, could also more intro cereal crops and cause damage, 1-4 node. lucerne flea targeting vetch and lentil.",kinnabulla,pesticide,2023-07-10,11.0,4.32,0.0,,,,,,,Le-mat,L,0.12,insects
1379,KINNABULLA_S1.1_P1231_R2,2023,7,26,,,,,,,,,,,,,,,,,,"0.18L/ha applied to grass weed control, targeting brome grass & ryegrass, 2-4 node (+2% Liase = liquid adjuvant) (+0.5% Uptake = wetting agent)",kinnabulla,herbicide,2023-07-26,11.0,24.3,0.0,,,,,,,Factor,L,0.18,
1380,KINNABULLA_S1.1_P1231_R2,2023,7,26,,,,,,,,,,,,,,,,,,"grass weed control, targeting brome grass & ryegrass, 2-4 node",kinnabulla,herbicide,2023-07-26,11.0,3.3,0.0,,,,,,,Haloxyfop,L,0.075,
1381,KINNABULLA_S1.1_P1231_R2,2023,7,26,,,,,,,,,,,,,,,,,,"grass weed control, targeting brome grass & ryegrass, 2-4 node",kinnabulla,herbicide,2023-07-26,11.0,10.25,0.0,,,,,,,Clethodim 360,L,0.5,
1382,KINNABULLA_S1.1_P1231_R2,2023,8,2,,,,,,,,,,,,,,,,,,0.5L/ha applied to lentils and vetch (canopy closure) - botrytis and ascochyta,kinnabulla,fungicide,2023-08-02,11.0,27.25,0.0,,,,,,,Aviator Xpro,L,0.5,
1383,KINNABULLA_S1.1_P1231_R2,2023,10,9,,,,,,,,,,,,,,,,,,0.3L/ha applied in pulses to control grubs - podding,kinnabulla,pesticide,2023-10-09,11.0,2.952,0.0,,,,,,,Sumi-alpha flex,L,0.3,faw
1384,KINNABULLA_S1.1_P1231_R2,2023,11,17,,,,,,,,,,,,,,,,,,"3L/ha applied to desiccate for late season weed control, bring all crop types in together for harvest (+0.16% BS1000 = wetting agent)",kinnabulla,herbicide,2023-11-17,11.0,45.0,0.0,,,,,,,Diquat,L,3.0,
1385,KINNABULLA_S1.1_P1231_R2,2023,12,7,lentil,,,,,,,,,,,,,,,,,,kinnabulla,termination,2023-12-07,80.0,0.0,1052.3500000000001,success,sale,1619.0,,,stubble,,,,
1386,KINNABULLA_S1.1_P1231_R2,2023,12,14,,,,,,,,,,,,,,,,,,0.4L/ha applied overall site knockdown to control summer weeds (+2% Liase =  liquid adjuvant),kinnabulla,herbicide,2023-12-14,11.0,3.38,0.0,,,,,,,Ester,L,0.4,
1387,KINNABULLA_S1.1_P1231_R2,2023,12,14,,,,,,,,,,,,,,,,,,2.5L/ha applied overall site knockdown to control summer weeds,kinnabulla,herbicide,2023-12-14,11.0,11.25,0.0,,,,,,,Glyphosate,L,2.5,
1388,KINNABULLA_S1.1_P1231_R2,2024,1,18,,,,,,,,,,,,,,,,,,"2.5L/ha applied overall site knockdown to control summer weeds (heliotrope and odd thistle), vol. crop (wheat, barley, canola, radish, lentil)",kinnabulla,herbicide,2024-01-18,11.0,11.25,0.0,,,,,,,Glyphosate,L,2.5,
1389,KINNABULLA_S1.1_P1231_R3,2023,5,3,,,,,,,,,,,,,,,,,,0.8L/ha applied at sowing,kinnabulla,herbicide,2023-05-03,11.0,12.0,0.0,,,,,,,Terbyne xtreme,L,0.8,
1390,KINNABULLA_S1.1_P1231_R3,2023,5,3,,,,,,,,,,,,,,,,,,1.1L/ha applied at sowing,kinnabulla,herbicide,2023-05-03,11.0,27.500000000000004,0.0,,,,,,,Ultro,L,1.1,
1391,KINNABULLA_S1.1_P1231_R3,2023,5,23,,,,,,,,,,,,,,,,,,1.5L/ha applied at sowing,kinnabulla,herbicide,2023-05-23,11.0,12.0,0.0,,,,,,,Trifluralin,L,1.5,
1392,KINNABULLA_S1.1_P1231_R3,2023,5,23,,,,,,,,,,,,,,,,,,2L/ha applied at sowing,kinnabulla,herbicide,2023-05-23,11.0,34.0,0.0,,,,,,,Avadex,L,2.0,
1393,KINNABULLA_S1.1_P1231_R3,2023,5,23,,,,,,,,,,,,,,,,,,3L/ha applied at sowing,kinnabulla,herbicide,2023-05-23,11.0,13.5,0.0,,,,,,,Glyphosate 450,L,3.0,
1394,KINNABULLA_S1.1_P1231_R3,2023,5,23,,,,,,,,,,,,,,,,,,"60kg/ha applied at sowing (W, B, L)",kinnabulla,fertiliser,2023-05-23,8.5,38.4,0.0,,,,,,,Granulock SZ,kg,60.0,
1395,KINNABULLA_S1.1_P1231_R3,2023,5,23,lentil,,,gia thunder,,,True,,,sale,120.0,,,30.0,,,On-time,,kinnabulla,sowing,2023-05-23,50.0,0.0,0.0,,,,,,,,,,
1396,KINNABULLA_S1.1_P1231_R3,2023,7,10,,,,,,,,,,,,,,,,,,"0.12L/ha applied to all crop types to control the movement of pests back into pulse crops, could also more intro cereal crops and cause damage, 1-4 node. lucerne flea targeting vetch and lentil.",kinnabulla,pesticide,2023-07-10,11.0,4.32,0.0,,,,,,,Le-mat,L,0.12,insects
1397,KINNABULLA_S1.1_P1231_R3,2023,7,26,,,,,,,,,,,,,,,,,,"0.18L/ha applied to grass weed control, targeting brome grass & ryegrass, 2-4 node (+2% Liase = liquid adjuvant) (+0.5% Uptake = wetting agent)",kinnabulla,herbicide,2023-07-26,11.0,24.3,0.0,,,,,,,Factor,L,0.18,
1398,KINNABULLA_S1.1_P1231_R3,2023,7,26,,,,,,,,,,,,,,,,,,"grass weed control, targeting brome grass & ryegrass, 2-4 node",kinnabulla,herbicide,2023-07-26,11.0,3.3,0.0,,,,,,,Haloxyfop,L,0.075,
1399,KINNABULLA_S1.1_P1231_R3,2023,7,26,,,,,,,,,,,,,,,,,,"grass weed control, targeting brome grass & ryegrass, 2-4 node",kinnabulla,herbicide,2023-07-26,11.0,10.25,0.0,,,,,,,Clethodim 360,L,0.5,
1400,KINNABULLA_S1.1_P1231_R3,2023,8,2,,,,,,,,,,,,,,,,,,0.5L/ha applied to lentils and vetch (canopy closure) - botrytis and ascochyta,kinnabulla,fungicide,2023-08-02,11.0,27.25,0.0,,,,,,,Aviator Xpro,L,0.5,
1401,KINNABULLA_S1.1_P1231_R3,2023,10,9,,,,,,,,,,,,,,,,,,0.3L/ha applied in pulses to control grubs - podding,kinnabulla,pesticide,2023-10-09,11.0,2.952,0.0,,,,,,,Sumi-alpha flex,L,0.3,faw
1402,KINNABULLA_S1.1_P1231_R3,2023,11,17,,,,,,,,,,,,,,,,,,"3L/ha applied to desiccate for late season weed control, bring all crop types in together for harvest (+0.16% BS1000 = wetting agent)",kinnabulla,herbicide,2023-11-17,11.0,45.0,0.0,,,,,,,Diquat,L,3.0,
1403,KINNABULLA_S1.1_P1231_R3,2023,12,7,lentil,,,,,,,,,,,,,,,,,,kinnabulla,termination,2023-12-07,80.0,0.0,919.1,success,sale,1414.0,,,stubble,,,,
1404,KINNABULLA_S1.1_P1231_R3,2023,12,14,,,,,,,,,,,,,,,,,,0.4L/ha applied overall site knockdown to control summer weeds (+2% Liase =  liquid adjuvant),kinnabulla,herbicide,2023-12-14,11.0,3.38,0.0,,,,,,,Ester,L,0.4,
1405,KINNABULLA_S1.1_P1231_R3,2023,12,14,,,,,,,,,,,,,,,,,,2.5L/ha applied overall site knockdown to control summer weeds,kinnabulla,herbicide,2023-12-14,11.0,11.25,0.0,,,,,,,Glyphosate,L,2.5,
1406,KINNABULLA_S1.1_P1231_R3,2024,1,18,,,,,,,,,,,,,,,,,,"2.5L/ha applied overall site knockdown to control summer weeds (heliotrope and odd thistle), vol. crop (wheat, barley, canola, radish, lentil)",kinnabulla,herbicide,2024-01-18,11.0,11.25,0.0,,,,,,,Glyphosate,L,2.5,
1407,KINNABULLA_S1.1_P2312_R1,2023,5,23,,,,,,,,,,,,,,,,,,1.5L/ha applied at sowing,kinnabulla,herbicide,2023-05-23,11.0,12.0,0.0,,,,,,,Trifluralin,L,1.5,
1408,KINNABULLA_S1.1_P2312_R1,2023,5,23,,,,,,,,,,,,,,,,,,2L/ha applied at sowing,kinnabulla,herbicide,2023-05-23,11.0,34.0,0.0,,,,,,,Avadex,L,2.0,
1409,KINNABULLA_S1.1_P2312_R1,2023,5,23,,,,,,,,,,,,,,,,,,3L/ha applied at sowing,kinnabulla,herbicide,2023-05-23,11.0,13.5,0.0,,,,,,,Glyphosate 450,L,3.0,
1410,KINNABULLA_S1.1_P2312_R1,2023,5,23,,,,,,,,,,,,,,,,,,"60kg/ha applied at sowing (W, B, L)",kinnabulla,fertiliser,2023-05-23,8.5,38.4,0.0,,,,,,,Granulock SZ,kg,60.0,
1411,KINNABULLA_S1.1_P2312_R1,2023,5,23,wheat,,,scepter,,,True,,,sale,130.0,,,30.0,,,On-time,,kinnabulla,sowing,2023-05-23,50.0,0.0,0.0,,,,,,,,,,
1412,KINNABULLA_S1.1_P2312_R1,2023,6,21,,,,,,,,,,,,,,,,,,98kg/ha top dressing - Wheat StPr,kinnabulla,fertiliser,2023-06-21,8.5,49.0,0.0,,,,,,,Urea,kg,98.0,
1413,KINNABULLA_S1.1_P2312_R1,2023,7,10,,,,,,,,,,,,,,,,,,"0.12L/ha applied to all crop types to control the movement of pests back into pulse crops, could also more intro cereal crops and cause damage, 1-4 node. lucerne flea targeting vetch and lentil.",kinnabulla,pesticide,2023-07-10,11.0,4.32,0.0,,,,,,,Le-mat,L,0.12,insects
1414,KINNABULLA_S1.1_P2312_R1,2023,7,26,,,,,,,,,,,,,,,,,,"0.025L/ha applied to broadleaf weed control, targeting broadleaf weeds and vol lentils, GS13 (+0.5% uptake = wetting agent)
 *note - spray damage in wheat treatments",kinnabulla,herbicide,2023-07-26,11.0,12.25,0.0,,,,,,,Paradigm,L,0.025,
1415,KINNABULLA_S1.1_P2312_R1,2023,7,26,,,,,,,,,,,,,,,,,,"0.5L/ha applied to broadleaf weed control, targeting broadleaf weeds and vol lentils, GS13.
 *note - spray damage in wheat treatments",kinnabulla,herbicide,2023-07-26,11.0,4.07,0.0,,,,,,,MCPA LVE,L,0.5,
1416,KINNABULLA_S1.1_P2312_R1,2023,11,17,,,,,,,,,,,,,,,,,,"3L/ha applied to desiccate for late season weed control, bring all crop types in together for harvest (+0.16% BS1000 = wetting agent)",kinnabulla,herbicide,2023-11-17,11.0,45.0,0.0,,,,,,,Diquat,L,3.0,
1417,KINNABULLA_S1.1_P2312_R1,2023,12,7,wheat,,,,,,,,,,,,,,,,,,kinnabulla,termination,2023-12-07,80.0,0.0,1728.21,success,sale,5237.0,,,stubble,,,,
1418,KINNABULLA_S1.1_P2312_R1,2023,12,14,,,,,,,,,,,,,,,,,,0.4L/ha applied overall site knockdown to control summer weeds (+2% Liase =  liquid adjuvant),kinnabulla,herbicide,2023-12-14,11.0,3.38,0.0,,,,,,,Ester,L,0.4,
1419,KINNABULLA_S1.1_P2312_R1,2023,12,14,,,,,,,,,,,,,,,,,,2.5L/ha applied overall site knockdown to control summer weeds,kinnabulla,herbicide,2023-12-14,11.0,11.25,0.0,,,,,,,Glyphosate,L,2.5,
1420,KINNABULLA_S1.1_P2312_R1,2024,1,18,,,,,,,,,,,,,,,,,,"2.5L/ha applied overall site knockdown to control summer weeds (heliotrope and odd thistle), vol. crop (wheat, barley, canola, radish, lentil)",kinnabulla,herbicide,2024-01-18,11.0,11.25,0.0,,,,,,,Glyphosate,L,2.5,
1421,KINNABULLA_S1.1_P2312_R2,2023,5,23,,,,,,,,,,,,,,,,,,1.5L/ha applied at sowing,kinnabulla,herbicide,2023-05-23,11.0,12.0,0.0,,,,,,,Trifluralin,L,1.5,
1422,KINNABULLA_S1.1_P2312_R2,2023,5,23,,,,,,,,,,,,,,,,,,2L/ha applied at sowing,kinnabulla,herbicide,2023-05-23,11.0,34.0,0.0,,,,,,,Avadex,L,2.0,
1423,KINNABULLA_S1.1_P2312_R2,2023,5,23,,,,,,,,,,,,,,,,,,3L/ha applied at sowing,kinnabulla,herbicide,2023-05-23,11.0,13.5,0.0,,,,,,,Glyphosate 450,L,3.0,
1424,KINNABULLA_S1.1_P2312_R2,2023,5,23,,,,,,,,,,,,,,,,,,"60kg/ha applied at sowing (W, B, L)",kinnabulla,fertiliser,2023-05-23,8.5,38.4,0.0,,,,,,,Granulock SZ,kg,60.0,
1425,KINNABULLA_S1.1_P2312_R2,2023,5,23,wheat,,,scepter,,,True,,,sale,130.0,,,30.0,,,On-time,,kinnabulla,sowing,2023-05-23,50.0,0.0,0.0,,,,,,,,,,
1426,KINNABULLA_S1.1_P2312_R2,2023,6,21,,,,,,,,,,,,,,,,,,98kg/ha top dressing - Wheat StPr,kinnabulla,fertiliser,2023-06-21,8.5,49.0,0.0,,,,,,,Urea,kg,98.0,
1427,KINNABULLA_S1.1_P2312_R2,2023,7,10,,,,,,,,,,,,,,,,,,"0.12L/ha applied to all crop types to control the movement of pests back into pulse crops, could also more intro cereal crops and cause damage, 1-4 node. lucerne flea targeting vetch and lentil.",kinnabulla,pesticide,2023-07-10,11.0,4.32,0.0,,,,,,,Le-mat,L,0.12,insects
1428,KINNABULLA_S1.1_P2312_R2,2023,7,26,,,,,,,,,,,,,,,,,,"0.025L/ha applied to broadleaf weed control, targeting broadleaf weeds and vol lentils, GS13 (+0.5% uptake = wetting agent)
 *note - spray damage in wheat treatments",kinnabulla,herbicide,2023-07-26,11.0,12.25,0.0,,,,,,,Paradigm,L,0.025,
1429,KINNABULLA_S1.1_P2312_R2,2023,7,26,,,,,,,,,,,,,,,,,,"0.5L/ha applied to broadleaf weed control, targeting broadleaf weeds and vol lentils, GS13.
 *note - spray damage in wheat treatments",kinnabulla,herbicide,2023-07-26,11.0,4.07,0.0,,,,,,,MCPA LVE,L,0.5,
1430,KINNABULLA_S1.1_P2312_R2,2023,11,17,,,,,,,,,,,,,,,,,,"3L/ha applied to desiccate for late season weed control, bring all crop types in together for harvest (+0.16% BS1000 = wetting agent)",kinnabulla,herbicide,2023-11-17,11.0,45.0,0.0,,,,,,,Diquat,L,3.0,
1431,KINNABULLA_S1.1_P2312_R2,2023,12,7,wheat,,,,,,,,,,,,,,,,,,kinnabulla,termination,2023-12-07,80.0,0.0,1539.45,success,sale,4665.0,,,stubble,,,,
1432,KINNABULLA_S1.1_P2312_R2,2023,12,14,,,,,,,,,,,,,,,,,,0.4L/ha applied overall site knockdown to control summer weeds (+2% Liase =  liquid adjuvant),kinnabulla,herbicide,2023-12-14,11.0,3.38,0.0,,,,,,,Ester,L,0.4,
1433,KINNABULLA_S1.1_P2312_R2,2023,12,14,,,,,,,,,,,,,,,,,,2.5L/ha applied overall site knockdown to control summer weeds,kinnabulla,herbicide,2023-12-14,11.0,11.25,0.0,,,,,,,Glyphosate,L,2.5,
1434,KINNABULLA_S1.1_P2312_R2,2024,1,18,,,,,,,,,,,,,,,,,,"2.5L/ha applied overall site knockdown to control summer weeds (heliotrope and odd thistle), vol. crop (wheat, barley, canola, radish, lentil)",kinnabulla,herbicide,2024-01-18,11.0,11.25,0.0,,,,,,,Glyphosate,L,2.5,
1435,KINNABULLA_S1.1_P2312_R3,2023,5,23,,,,,,,,,,,,,,,,,,1.5L/ha applied at sowing,kinnabulla,herbicide,2023-05-23,11.0,12.0,0.0,,,,,,,Trifluralin,L,1.5,
1436,KINNABULLA_S1.1_P2312_R3,2023,5,23,,,,,,,,,,,,,,,,,,2L/ha applied at sowing,kinnabulla,herbicide,2023-05-23,11.0,34.0,0.0,,,,,,,Avadex,L,2.0,
1437,KINNABULLA_S1.1_P2312_R3,2023,5,23,,,,,,,,,,,,,,,,,,3L/ha applied at sowing,kinnabulla,herbicide,2023-05-23,11.0,13.5,0.0,,,,,,,Glyphosate 450,L,3.0,
1438,KINNABULLA_S1.1_P2312_R3,2023,5,23,,,,,,,,,,,,,,,,,,"60kg/ha applied at sowing (W, B, L)",kinnabulla,fertiliser,2023-05-23,8.5,38.4,0.0,,,,,,,Granulock SZ,kg,60.0,
1439,KINNABULLA_S1.1_P2312_R3,2023,5,23,wheat,,,scepter,,,True,,,sale,130.0,,,30.0,,,On-time,,kinnabulla,sowing,2023-05-23,50.0,0.0,0.0,,,,,,,,,,
1440,KINNABULLA_S1.1_P2312_R3,2023,6,21,,,,,,,,,,,,,,,,,,98kg/ha top dressing - Wheat StPr,kinnabulla,fertiliser,2023-06-21,8.5,49.0,0.0,,,,,,,Urea,kg,98.0,
1441,KINNABULLA_S1.1_P2312_R3,2023,7,10,,,,,,,,,,,,,,,,,,"0.12L/ha applied to all crop types to control the movement of pests back into pulse crops, could also more intro cereal crops and cause damage, 1-4 node. lucerne flea targeting vetch and lentil.",kinnabulla,pesticide,2023-07-10,11.0,4.32,0.0,,,,,,,Le-mat,L,0.12,insects
1442,KINNABULLA_S1.1_P2312_R3,2023,7,26,,,,,,,,,,,,,,,,,,"0.025L/ha applied to broadleaf weed control, targeting broadleaf weeds and vol lentils, GS13 (+0.5% uptake = wetting agent)
 *note - spray damage in wheat treatments",kinnabulla,herbicide,2023-07-26,11.0,12.25,0.0,,,,,,,Paradigm,L,0.025,
1443,KINNABULLA_S1.1_P2312_R3,2023,7,26,,,,,,,,,,,,,,,,,,"0.5L/ha applied to broadleaf weed control, targeting broadleaf weeds and vol lentils, GS13.
 *note - spray damage in wheat treatments",kinnabulla,herbicide,2023-07-26,11.0,4.07,0.0,,,,,,,MCPA LVE,L,0.5,
1444,KINNABULLA_S1.1_P2312_R3,2023,11,17,,,,,,,,,,,,,,,,,,"3L/ha applied to desiccate for late season weed control, bring all crop types in together for harvest (+0.16% BS1000 = wetting agent)",kinnabulla,herbicide,2023-11-17,11.0,45.0,0.0,,,,,,,Diquat,L,3.0,
1445,KINNABULLA_S1.1_P2312_R3,2023,12,7,wheat,,,,,,,,,,,,,,,,,,kinnabulla,termination,2023-12-07,80.0,0.0,1550.3400000000001,success,sale,4698.0,,,stubble,,,,
1446,KINNABULLA_S1.1_P2312_R3,2023,12,14,,,,,,,,,,,,,,,,,,0.4L/ha applied overall site knockdown to control summer weeds (+2% Liase =  liquid adjuvant),kinnabulla,herbicide,2023-12-14,11.0,3.38,0.0,,,,,,,Ester,L,0.4,
1447,KINNABULLA_S1.1_P2312_R3,2023,12,14,,,,,,,,,,,,,,,,,,2.5L/ha applied overall site knockdown to control summer weeds,kinnabulla,herbicide,2023-12-14,11.0,11.25,0.0,,,,,,,Glyphosate,L,2.5,
1448,KINNABULLA_S1.1_P2312_R3,2024,1,18,,,,,,,,,,,,,,,,,,"2.5L/ha applied overall site knockdown to control summer weeds (heliotrope and odd thistle), vol. crop (wheat, barley, canola, radish, lentil)",kinnabulla,herbicide,2024-01-18,11.0,11.25,0.0,,,,,,,Glyphosate,L,2.5,
1449,KINNABULLA_S1.1_P3123_R1,2023,5,23,,,,,,,,,,,,,,,,,,1.5L/ha applied at sowing,kinnabulla,herbicide,2023-05-23,11.0,12.0,0.0,,,,,,,Trifluralin,L,1.5,
1450,KINNABULLA_S1.1_P3123_R1,2023,5,23,,,,,,,,,,,,,,,,,,2L/ha applied at sowing,kinnabulla,herbicide,2023-05-23,11.0,34.0,0.0,,,,,,,Avadex,L,2.0,
1451,KINNABULLA_S1.1_P3123_R1,2023,5,23,,,,,,,,,,,,,,,,,,3L/ha applied at sowing,kinnabulla,herbicide,2023-05-23,11.0,13.5,0.0,,,,,,,Glyphosate 450,L,3.0,
1452,KINNABULLA_S1.1_P3123_R1,2023,5,23,,,,,,,,,,,,,,,,,,"60kg/ha applied at sowing (W, B, L)",kinnabulla,fertiliser,2023-05-23,8.5,38.4,0.0,,,,,,,Granulock SZ,kg,60.0,
1453,KINNABULLA_S1.1_P3123_R1,2023,5,23,wheat,,,scepter,,,True,,,sale,130.0,,,30.0,,,On-time,,kinnabulla,sowing,2023-05-23,50.0,0.0,0.0,,,,,,,,,,
1454,KINNABULLA_S1.1_P3123_R1,2023,6,21,,,,,,,,,,,,,,,,,,98kg/ha top dressing - Wheat StPr,kinnabulla,fertiliser,2023-06-21,8.5,49.0,0.0,,,,,,,Urea,kg,98.0,
1455,KINNABULLA_S1.1_P3123_R1,2023,7,10,,,,,,,,,,,,,,,,,,"0.12L/ha applied to all crop types to control the movement of pests back into pulse crops, could also more intro cereal crops and cause damage, 1-4 node. lucerne flea targeting vetch and lentil.",kinnabulla,pesticide,2023-07-10,11.0,4.32,0.0,,,,,,,Le-mat,L,0.12,insects
1456,KINNABULLA_S1.1_P3123_R1,2023,7,26,,,,,,,,,,,,,,,,,,"0.025L/ha applied to broadleaf weed control, targeting broadleaf weeds and vol lentils, GS13 (+0.5% uptake = wetting agent)
 *note - spray damage in wheat treatments",kinnabulla,herbicide,2023-07-26,11.0,12.25,0.0,,,,,,,Paradigm,L,0.025,
1457,KINNABULLA_S1.1_P3123_R1,2023,7,26,,,,,,,,,,,,,,,,,,"0.5L/ha applied to broadleaf weed control, targeting broadleaf weeds and vol lentils, GS13.
 *note - spray damage in wheat treatments",kinnabulla,herbicide,2023-07-26,11.0,4.07,0.0,,,,,,,MCPA LVE,L,0.5,
1458,KINNABULLA_S1.1_P3123_R1,2023,11,17,,,,,,,,,,,,,,,,,,"3L/ha applied to desiccate for late season weed control, bring all crop types in together for harvest (+0.16% BS1000 = wetting agent)",kinnabulla,herbicide,2023-11-17,11.0,45.0,0.0,,,,,,,Diquat,L,3.0,
1459,KINNABULLA_S1.1_P3123_R1,2023,12,7,wheat,,,,,,,,,,,,,,,,,,kinnabulla,termination,2023-12-07,80.0,0.0,1707.0900000000001,success,sale,5173.0,,,stubble,,,,
1460,KINNABULLA_S1.1_P3123_R1,2023,12,14,,,,,,,,,,,,,,,,,,0.4L/ha applied overall site knockdown to control summer weeds (+2% Liase =  liquid adjuvant),kinnabulla,herbicide,2023-12-14,11.0,3.38,0.0,,,,,,,Ester,L,0.4,
1461,KINNABULLA_S1.1_P3123_R1,2023,12,14,,,,,,,,,,,,,,,,,,2.5L/ha applied overall site knockdown to control summer weeds,kinnabulla,herbicide,2023-12-14,11.0,11.25,0.0,,,,,,,Glyphosate,L,2.5,
1462,KINNABULLA_S1.1_P3123_R1,2024,1,18,,,,,,,,,,,,,,,,,,"2.5L/ha applied overall site knockdown to control summer weeds (heliotrope and odd thistle), vol. crop (wheat, barley, canola, radish, lentil)",kinnabulla,herbicide,2024-01-18,11.0,11.25,0.0,,,,,,,Glyphosate,L,2.5,
1463,KINNABULLA_S1.1_P3123_R2,2023,5,23,,,,,,,,,,,,,,,,,,1.5L/ha applied at sowing,kinnabulla,herbicide,2023-05-23,11.0,12.0,0.0,,,,,,,Trifluralin,L,1.5,
1464,KINNABULLA_S1.1_P3123_R2,2023,5,23,,,,,,,,,,,,,,,,,,2L/ha applied at sowing,kinnabulla,herbicide,2023-05-23,11.0,34.0,0.0,,,,,,,Avadex,L,2.0,
1465,KINNABULLA_S1.1_P3123_R2,2023,5,23,,,,,,,,,,,,,,,,,,3L/ha applied at sowing,kinnabulla,herbicide,2023-05-23,11.0,13.5,0.0,,,,,,,Glyphosate 450,L,3.0,
1466,KINNABULLA_S1.1_P3123_R2,2023,5,23,,,,,,,,,,,,,,,,,,"60kg/ha applied at sowing (W, B, L)",kinnabulla,fertiliser,2023-05-23,8.5,38.4,0.0,,,,,,,Granulock SZ,kg,60.0,
1467,KINNABULLA_S1.1_P3123_R2,2023,5,23,wheat,,,scepter,,,True,,,sale,130.0,,,30.0,,,On-time,,kinnabulla,sowing,2023-05-23,50.0,0.0,0.0,,,,,,,,,,
1468,KINNABULLA_S1.1_P3123_R2,2023,6,21,,,,,,,,,,,,,,,,,,98kg/ha top dressing - Wheat StPr,kinnabulla,fertiliser,2023-06-21,8.5,49.0,0.0,,,,,,,Urea,kg,98.0,
1469,KINNABULLA_S1.1_P3123_R2,2023,7,10,,,,,,,,,,,,,,,,,,"0.12L/ha applied to all crop types to control the movement of pests back into pulse crops, could also more intro cereal crops and cause damage, 1-4 node. lucerne flea targeting vetch and lentil.",kinnabulla,pesticide,2023-07-10,11.0,4.32,0.0,,,,,,,Le-mat,L,0.12,insects
1470,KINNABULLA_S1.1_P3123_R2,2023,7,26,,,,,,,,,,,,,,,,,,"0.025L/ha applied to broadleaf weed control, targeting broadleaf weeds and vol lentils, GS13 (+0.5% uptake = wetting agent)
 *note - spray damage in wheat treatments",kinnabulla,herbicide,2023-07-26,11.0,12.25,0.0,,,,,,,Paradigm,L,0.025,
1471,KINNABULLA_S1.1_P3123_R2,2023,7,26,,,,,,,,,,,,,,,,,,"0.5L/ha applied to broadleaf weed control, targeting broadleaf weeds and vol lentils, GS13.
 *note - spray damage in wheat treatments",kinnabulla,herbicide,2023-07-26,11.0,4.07,0.0,,,,,,,MCPA LVE,L,0.5,
1472,KINNABULLA_S1.1_P3123_R2,2023,11,17,,,,,,,,,,,,,,,,,,"3L/ha applied to desiccate for late season weed control, bring all crop types in together for harvest (+0.16% BS1000 = wetting agent)",kinnabulla,herbicide,2023-11-17,11.0,45.0,0.0,,,,,,,Diquat,L,3.0,
1473,KINNABULLA_S1.1_P3123_R2,2023,12,7,wheat,,,,,,,,,,,,,,,,,,kinnabulla,termination,2023-12-07,80.0,0.0,1528.89,success,sale,4633.0,,,stubble,,,,
1474,KINNABULLA_S1.1_P3123_R2,2023,12,14,,,,,,,,,,,,,,,,,,0.4L/ha applied overall site knockdown to control summer weeds (+2% Liase =  liquid adjuvant),kinnabulla,herbicide,2023-12-14,11.0,3.38,0.0,,,,,,,Ester,L,0.4,
1475,KINNABULLA_S1.1_P3123_R2,2023,12,14,,,,,,,,,,,,,,,,,,2.5L/ha applied overall site knockdown to control summer weeds,kinnabulla,herbicide,2023-12-14,11.0,11.25,0.0,,,,,,,Glyphosate,L,2.5,
1476,KINNABULLA_S1.1_P3123_R2,2024,1,18,,,,,,,,,,,,,,,,,,"2.5L/ha applied overall site knockdown to control summer weeds (heliotrope and odd thistle), vol. crop (wheat, barley, canola, radish, lentil)",kinnabulla,herbicide,2024-01-18,11.0,11.25,0.0,,,,,,,Glyphosate,L,2.5,
1477,KINNABULLA_S1.1_P3123_R3,2023,5,23,,,,,,,,,,,,,,,,,,1.5L/ha applied at sowing,kinnabulla,herbicide,2023-05-23,11.0,12.0,0.0,,,,,,,Trifluralin,L,1.5,
1478,KINNABULLA_S1.1_P3123_R3,2023,5,23,,,,,,,,,,,,,,,,,,2L/ha applied at sowing,kinnabulla,herbicide,2023-05-23,11.0,34.0,0.0,,,,,,,Avadex,L,2.0,
1479,KINNABULLA_S1.1_P3123_R3,2023,5,23,,,,,,,,,,,,,,,,,,3L/ha applied at sowing,kinnabulla,herbicide,2023-05-23,11.0,13.5,0.0,,,,,,,Glyphosate 450,L,3.0,
1480,KINNABULLA_S1.1_P3123_R3,2023,5,23,,,,,,,,,,,,,,,,,,"60kg/ha applied at sowing (W, B, L)",kinnabulla,fertiliser,2023-05-23,8.5,38.4,0.0,,,,,,,Granulock SZ,kg,60.0,
1481,KINNABULLA_S1.1_P3123_R3,2023,5,23,wheat,,,scepter,,,True,,,sale,130.0,,,30.0,,,On-time,,kinnabulla,sowing,2023-05-23,50.0,0.0,0.0,,,,,,,,,,
1482,KINNABULLA_S1.1_P3123_R3,2023,6,21,,,,,,,,,,,,,,,,,,98kg/ha top dressing - Wheat StPr,kinnabulla,fertiliser,2023-06-21,8.5,49.0,0.0,,,,,,,Urea,kg,98.0,
1483,KINNABULLA_S1.1_P3123_R3,2023,7,10,,,,,,,,,,,,,,,,,,"0.12L/ha applied to all crop types to control the movement of pests back into pulse crops, could also more intro cereal crops and cause damage, 1-4 node. lucerne flea targeting vetch and lentil.",kinnabulla,pesticide,2023-07-10,11.0,4.32,0.0,,,,,,,Le-mat,L,0.12,insects
1484,KINNABULLA_S1.1_P3123_R3,2023,7,26,,,,,,,,,,,,,,,,,,"0.025L/ha applied to broadleaf weed control, targeting broadleaf weeds and vol lentils, GS13 (+0.5% uptake = wetting agent)
 *note - spray damage in wheat treatments",kinnabulla,herbicide,2023-07-26,11.0,12.25,0.0,,,,,,,Paradigm,L,0.025,
1485,KINNABULLA_S1.1_P3123_R3,2023,7,26,,,,,,,,,,,,,,,,,,"0.5L/ha applied to broadleaf weed control, targeting broadleaf weeds and vol lentils, GS13.
 *note - spray damage in wheat treatments",kinnabulla,herbicide,2023-07-26,11.0,4.07,0.0,,,,,,,MCPA LVE,L,0.5,
1486,KINNABULLA_S1.1_P3123_R3,2023,11,17,,,,,,,,,,,,,,,,,,"3L/ha applied to desiccate for late season weed control, bring all crop types in together for harvest (+0.16% BS1000 = wetting agent)",kinnabulla,herbicide,2023-11-17,11.0,45.0,0.0,,,,,,,Diquat,L,3.0,
1487,KINNABULLA_S1.1_P3123_R3,2023,12,7,wheat,,,,,,,,,,,,,,,,,,kinnabulla,termination,2023-12-07,80.0,0.0,1528.89,success,sale,4633.0,,,stubble,,,,
1488,KINNABULLA_S1.1_P3123_R3,2023,12,14,,,,,,,,,,,,,,,,,,0.4L/ha applied overall site knockdown to control summer weeds (+2% Liase =  liquid adjuvant),kinnabulla,herbicide,2023-12-14,11.0,3.38,0.0,,,,,,,Ester,L,0.4,
1489,KINNABULLA_S1.1_P3123_R3,2023,12,14,,,,,,,,,,,,,,,,,,2.5L/ha applied overall site knockdown to control summer weeds,kinnabulla,herbicide,2023-12-14,11.0,11.25,0.0,,,,,,,Glyphosate,L,2.5,
1490,KINNABULLA_S1.1_P3123_R3,2024,1,18,,,,,,,,,,,,,,,,,,"2.5L/ha applied overall site knockdown to control summer weeds (heliotrope and odd thistle), vol. crop (wheat, barley, canola, radish, lentil)",kinnabulla,herbicide,2024-01-18,11.0,11.25,0.0,,,,,,,Glyphosate,L,2.5,
1491,KINNABULLA_S1.2_P1231_R1,2023,5,3,,,,,,,,,,,,,,,,,,0.8L/ha applied at sowing,kinnabulla,herbicide,2023-05-03,11.0,12.0,0.0,,,,,,,Terbyne xtreme,L,0.8,
1492,KINNABULLA_S1.2_P1231_R1,2023,5,3,,,,,,,,,,,,,,,,,,1.1L/ha applied at sowing,kinnabulla,herbicide,2023-05-03,11.0,27.500000000000004,0.0,,,,,,,Ultro,L,1.1,
1493,KINNABULLA_S1.2_P1231_R1,2023,5,23,,,,,,,,,,,,,,,,,,1.5L/ha applied at sowing,kinnabulla,herbicide,2023-05-23,11.0,12.0,0.0,,,,,,,Trifluralin,L,1.5,
1494,KINNABULLA_S1.2_P1231_R1,2023,5,23,,,,,,,,,,,,,,,,,,2L/ha applied at sowing,kinnabulla,herbicide,2023-05-23,11.0,34.0,0.0,,,,,,,Avadex,L,2.0,
1495,KINNABULLA_S1.2_P1231_R1,2023,5,23,,,,,,,,,,,,,,,,,,3L/ha applied at sowing,kinnabulla,herbicide,2023-05-23,11.0,13.5,0.0,,,,,,,Glyphosate 450,L,3.0,
1496,KINNABULLA_S1.2_P1231_R1,2023,5,23,,,,,,,,,,,,,,,,,,"60kg/ha applied at sowing (W, B, L)",kinnabulla,fertiliser,2023-05-23,8.5,38.4,0.0,,,,,,,Granulock SZ,kg,60.0,
1497,KINNABULLA_S1.2_P1231_R1,2023,5,23,lentil,,,gia thunder,,,True,,,sale,120.0,,,30.0,,,On-time,,kinnabulla,sowing,2023-05-23,50.0,0.0,0.0,,,,,,,,,,
1498,KINNABULLA_S1.2_P1231_R1,2023,7,10,,,,,,,,,,,,,,,,,,"0.12L/ha applied to all crop types to control the movement of pests back into pulse crops, could also more intro cereal crops and cause damage, 1-4 node. lucerne flea targeting vetch and lentil.",kinnabulla,pesticide,2023-07-10,11.0,4.32,0.0,,,,,,,Le-mat,L,0.12,insects
1499,KINNABULLA_S1.2_P1231_R1,2023,7,26,,,,,,,,,,,,,,,,,,"0.18L/ha applied to grass weed control, targeting brome grass & ryegrass, 2-4 node (+2% Liase = liquid adjuvant) (+0.5% Uptake = wetting agent)",kinnabulla,herbicide,2023-07-26,11.0,24.3,0.0,,,,,,,Factor,L,0.18,
1500,KINNABULLA_S1.2_P1231_R1,2023,7,26,,,,,,,,,,,,,,,,,,"grass weed control, targeting brome grass & ryegrass, 2-4 node",kinnabulla,herbicide,2023-07-26,11.0,3.3,0.0,,,,,,,Haloxyfop,L,0.075,
1501,KINNABULLA_S1.2_P1231_R1,2023,7,26,,,,,,,,,,,,,,,,,,"grass weed control, targeting brome grass & ryegrass, 2-4 node",kinnabulla,herbicide,2023-07-26,11.0,10.25,0.0,,,,,,,Clethodim 360,L,0.5,
1502,KINNABULLA_S1.2_P1231_R1,2023,8,2,,,,,,,,,,,,,,,,,,0.5L/ha applied to lentils and vetch (canopy closure) - botrytis and ascochyta,kinnabulla,fungicide,2023-08-02,11.0,27.25,0.0,,,,,,,Aviator Xpro,L,0.5,
1503,KINNABULLA_S1.2_P1231_R1,2023,10,9,,,,,,,,,,,,,,,,,,0.3L/ha applied in pulses to control grubs - podding,kinnabulla,pesticide,2023-10-09,11.0,2.952,0.0,,,,,,,Sumi-alpha flex,L,0.3,faw
1504,KINNABULLA_S1.2_P1231_R1,2023,11,17,,,,,,,,,,,,,,,,,,"3L/ha applied to desiccate for late season weed control, bring all crop types in together for harvest (+0.16% BS1000 = wetting agent)",kinnabulla,herbicide,2023-11-17,11.0,45.0,0.0,,,,,,,Diquat,L,3.0,
1505,KINNABULLA_S1.2_P1231_R1,2023,12,7,lentil,,,,,,,,,,,,,,,,,,kinnabulla,termination,2023-12-07,80.0,0.0,1075.1000000000001,success,sale,1654.0,,,stubble,,,,
1506,KINNABULLA_S1.2_P1231_R1,2023,12,14,,,,,,,,,,,,,,,,,,0.4L/ha applied overall site knockdown to control summer weeds (+2% Liase =  liquid adjuvant),kinnabulla,herbicide,2023-12-14,11.0,3.38,0.0,,,,,,,Ester,L,0.4,
1507,KINNABULLA_S1.2_P1231_R1,2023,12,14,,,,,,,,,,,,,,,,,,2.5L/ha applied overall site knockdown to control summer weeds,kinnabulla,herbicide,2023-12-14,11.0,11.25,0.0,,,,,,,Glyphosate,L,2.5,
1508,KINNABULLA_S1.2_P1231_R1,2024,1,18,,,,,,,,,,,,,,,,,,"2.5L/ha applied overall site knockdown to control summer weeds (heliotrope and odd thistle), vol. crop (wheat, barley, canola, radish, lentil)",kinnabulla,herbicide,2024-01-18,11.0,11.25,0.0,,,,,,,Glyphosate,L,2.5,
1509,KINNABULLA_S1.2_P1231_R2,2023,5,3,,,,,,,,,,,,,,,,,,0.8L/ha applied at sowing,kinnabulla,herbicide,2023-05-03,11.0,12.0,0.0,,,,,,,Terbyne xtreme,L,0.8,
1510,KINNABULLA_S1.2_P1231_R2,2023,5,3,,,,,,,,,,,,,,,,,,1.1L/ha applied at sowing,kinnabulla,herbicide,2023-05-03,11.0,27.500000000000004,0.0,,,,,,,Ultro,L,1.1,
1511,KINNABULLA_S1.2_P1231_R2,2023,5,23,,,,,,,,,,,,,,,,,,1.5L/ha applied at sowing,kinnabulla,herbicide,2023-05-23,11.0,12.0,0.0,,,,,,,Trifluralin,L,1.5,
1512,KINNABULLA_S1.2_P1231_R2,2023,5,23,,,,,,,,,,,,,,,,,,2L/ha applied at sowing,kinnabulla,herbicide,2023-05-23,11.0,34.0,0.0,,,,,,,Avadex,L,2.0,
1513,KINNABULLA_S1.2_P1231_R2,2023,5,23,,,,,,,,,,,,,,,,,,3L/ha applied at sowing,kinnabulla,herbicide,2023-05-23,11.0,13.5,0.0,,,,,,,Glyphosate 450,L,3.0,
1514,KINNABULLA_S1.2_P1231_R2,2023,5,23,,,,,,,,,,,,,,,,,,"60kg/ha applied at sowing (W, B, L)",kinnabulla,fertiliser,2023-05-23,8.5,38.4,0.0,,,,,,,Granulock SZ,kg,60.0,
1515,KINNABULLA_S1.2_P1231_R2,2023,5,23,lentil,,,gia thunder,,,True,,,sale,120.0,,,30.0,,,On-time,,kinnabulla,sowing,2023-05-23,50.0,0.0,0.0,,,,,,,,,,
1516,KINNABULLA_S1.2_P1231_R2,2023,7,10,,,,,,,,,,,,,,,,,,"0.12L/ha applied to all crop types to control the movement of pests back into pulse crops, could also more intro cereal crops and cause damage, 1-4 node. lucerne flea targeting vetch and lentil.",kinnabulla,pesticide,2023-07-10,11.0,4.32,0.0,,,,,,,Le-mat,L,0.12,insects
1517,KINNABULLA_S1.2_P1231_R2,2023,7,26,,,,,,,,,,,,,,,,,,"0.18L/ha applied to grass weed control, targeting brome grass & ryegrass, 2-4 node (+2% Liase = liquid adjuvant) (+0.5% Uptake = wetting agent)",kinnabulla,herbicide,2023-07-26,11.0,24.3,0.0,,,,,,,Factor,L,0.18,
1518,KINNABULLA_S1.2_P1231_R2,2023,7,26,,,,,,,,,,,,,,,,,,"grass weed control, targeting brome grass & ryegrass, 2-4 node",kinnabulla,herbicide,2023-07-26,11.0,3.3,0.0,,,,,,,Haloxyfop,L,0.075,
1519,KINNABULLA_S1.2_P1231_R2,2023,7,26,,,,,,,,,,,,,,,,,,"grass weed control, targeting brome grass & ryegrass, 2-4 node",kinnabulla,herbicide,2023-07-26,11.0,10.25,0.0,,,,,,,Clethodim 360,L,0.5,
1520,KINNABULLA_S1.2_P1231_R2,2023,8,2,,,,,,,,,,,,,,,,,,0.5L/ha applied to lentils and vetch (canopy closure) - botrytis and ascochyta,kinnabulla,fungicide,2023-08-02,11.0,27.25,0.0,,,,,,,Aviator Xpro,L,0.5,
1521,KINNABULLA_S1.2_P1231_R2,2023,10,9,,,,,,,,,,,,,,,,,,0.3L/ha applied in pulses to control grubs - podding,kinnabulla,pesticide,2023-10-09,11.0,2.952,0.0,,,,,,,Sumi-alpha flex,L,0.3,faw
1522,KINNABULLA_S1.2_P1231_R2,2023,11,17,,,,,,,,,,,,,,,,,,"3L/ha applied to desiccate for late season weed control, bring all crop types in together for harvest (+0.16% BS1000 = wetting agent)",kinnabulla,herbicide,2023-11-17,11.0,45.0,0.0,,,,,,,Diquat,L,3.0,
1523,KINNABULLA_S1.2_P1231_R2,2023,12,7,lentil,,,,,,,,,,,,,,,,,,kinnabulla,termination,2023-12-07,80.0,0.0,1142.7,success,sale,1758.0,,,stubble,,,,
1524,KINNABULLA_S1.2_P1231_R2,2023,12,14,,,,,,,,,,,,,,,,,,0.4L/ha applied overall site knockdown to control summer weeds (+2% Liase =  liquid adjuvant),kinnabulla,herbicide,2023-12-14,11.0,3.38,0.0,,,,,,,Ester,L,0.4,
1525,KINNABULLA_S1.2_P1231_R2,2023,12,14,,,,,,,,,,,,,,,,,,2.5L/ha applied overall site knockdown to control summer weeds,kinnabulla,herbicide,2023-12-14,11.0,11.25,0.0,,,,,,,Glyphosate,L,2.5,
1526,KINNABULLA_S1.2_P1231_R2,2024,1,18,,,,,,,,,,,,,,,,,,"2.5L/ha applied overall site knockdown to control summer weeds (heliotrope and odd thistle), vol. crop (wheat, barley, canola, radish, lentil)",kinnabulla,herbicide,2024-01-18,11.0,11.25,0.0,,,,,,,Glyphosate,L,2.5,
1527,KINNABULLA_S1.2_P1231_R3,2023,5,3,,,,,,,,,,,,,,,,,,0.8L/ha applied at sowing,kinnabulla,herbicide,2023-05-03,11.0,12.0,0.0,,,,,,,Terbyne xtreme,L,0.8,
1528,KINNABULLA_S1.2_P1231_R3,2023,5,3,,,,,,,,,,,,,,,,,,1.1L/ha applied at sowing,kinnabulla,herbicide,2023-05-03,11.0,27.500000000000004,0.0,,,,,,,Ultro,L,1.1,
1529,KINNABULLA_S1.2_P1231_R3,2023,5,23,,,,,,,,,,,,,,,,,,1.5L/ha applied at sowing,kinnabulla,herbicide,2023-05-23,11.0,12.0,0.0,,,,,,,Trifluralin,L,1.5,
1530,KINNABULLA_S1.2_P1231_R3,2023,5,23,,,,,,,,,,,,,,,,,,2L/ha applied at sowing,kinnabulla,herbicide,2023-05-23,11.0,34.0,0.0,,,,,,,Avadex,L,2.0,
1531,KINNABULLA_S1.2_P1231_R3,2023,5,23,,,,,,,,,,,,,,,,,,3L/ha applied at sowing,kinnabulla,herbicide,2023-05-23,11.0,13.5,0.0,,,,,,,Glyphosate 450,L,3.0,
1532,KINNABULLA_S1.2_P1231_R3,2023,5,23,,,,,,,,,,,,,,,,,,"60kg/ha applied at sowing (W, B, L)",kinnabulla,fertiliser,2023-05-23,8.5,38.4,0.0,,,,,,,Granulock SZ,kg,60.0,
1533,KINNABULLA_S1.2_P1231_R3,2023,5,23,lentil,,,gia thunder,,,True,,,sale,120.0,,,30.0,,,On-time,,kinnabulla,sowing,2023-05-23,50.0,0.0,0.0,,,,,,,,,,
1534,KINNABULLA_S1.2_P1231_R3,2023,7,10,,,,,,,,,,,,,,,,,,"0.12L/ha applied to all crop types to control the movement of pests back into pulse crops, could also more intro cereal crops and cause damage, 1-4 node. lucerne flea targeting vetch and lentil.",kinnabulla,pesticide,2023-07-10,11.0,4.32,0.0,,,,,,,Le-mat,L,0.12,insects
1535,KINNABULLA_S1.2_P1231_R3,2023,7,26,,,,,,,,,,,,,,,,,,"0.18L/ha applied to grass weed control, targeting brome grass & ryegrass, 2-4 node (+2% Liase = liquid adjuvant) (+0.5% Uptake = wetting agent)",kinnabulla,herbicide,2023-07-26,11.0,24.3,0.0,,,,,,,Factor,L,0.18,
1536,KINNABULLA_S1.2_P1231_R3,2023,7,26,,,,,,,,,,,,,,,,,,"grass weed control, targeting brome grass & ryegrass, 2-4 node",kinnabulla,herbicide,2023-07-26,11.0,3.3,0.0,,,,,,,Haloxyfop,L,0.075,
1537,KINNABULLA_S1.2_P1231_R3,2023,7,26,,,,,,,,,,,,,,,,,,"grass weed control, targeting brome grass & ryegrass, 2-4 node",kinnabulla,herbicide,2023-07-26,11.0,10.25,0.0,,,,,,,Clethodim 360,L,0.5,
1538,KINNABULLA_S1.2_P1231_R3,2023,8,2,,,,,,,,,,,,,,,,,,0.5L/ha applied to lentils and vetch (canopy closure) - botrytis and ascochyta,kinnabulla,fungicide,2023-08-02,11.0,27.25,0.0,,,,,,,Aviator Xpro,L,0.5,
1539,KINNABULLA_S1.2_P1231_R3,2023,10,9,,,,,,,,,,,,,,,,,,0.3L/ha applied in pulses to control grubs - podding,kinnabulla,pesticide,2023-10-09,11.0,2.952,0.0,,,,,,,Sumi-alpha flex,L,0.3,faw
1540,KINNABULLA_S1.2_P1231_R3,2023,11,17,,,,,,,,,,,,,,,,,,"3L/ha applied to desiccate for late season weed control, bring all crop types in together for harvest (+0.16% BS1000 = wetting agent)",kinnabulla,herbicide,2023-11-17,11.0,45.0,0.0,,,,,,,Diquat,L,3.0,
1541,KINNABULLA_S1.2_P1231_R3,2023,12,7,lentil,,,,,,,,,,,,,,,,,,kinnabulla,termination,2023-12-07,80.0,0.0,1001.0,success,sale,1540.0,,,stubble,,,,
1542,KINNABULLA_S1.2_P1231_R3,2023,12,14,,,,,,,,,,,,,,,,,,0.4L/ha applied overall site knockdown to control summer weeds (+2% Liase =  liquid adjuvant),kinnabulla,herbicide,2023-12-14,11.0,3.38,0.0,,,,,,,Ester,L,0.4,
1543,KINNABULLA_S1.2_P1231_R3,2023,12,14,,,,,,,,,,,,,,,,,,2.5L/ha applied overall site knockdown to control summer weeds,kinnabulla,herbicide,2023-12-14,11.0,11.25,0.0,,,,,,,Glyphosate,L,2.5,
1544,KINNABULLA_S1.2_P1231_R3,2024,1,18,,,,,,,,,,,,,,,,,,"2.5L/ha applied overall site knockdown to control summer weeds (heliotrope and odd thistle), vol. crop (wheat, barley, canola, radish, lentil)",kinnabulla,herbicide,2024-01-18,11.0,11.25,0.0,,,,,,,Glyphosate,L,2.5,
1545,KINNABULLA_S1.2_P2312_R1,2023,5,23,,,,,,,,,,,,,,,,,,1.5L/ha applied at sowing,kinnabulla,herbicide,2023-05-23,11.0,12.0,0.0,,,,,,,Trifluralin,L,1.5,
1546,KINNABULLA_S1.2_P2312_R1,2023,5,23,,,,,,,,,,,,,,,,,,2L/ha applied at sowing,kinnabulla,herbicide,2023-05-23,11.0,34.0,0.0,,,,,,,Avadex,L,2.0,
1547,KINNABULLA_S1.2_P2312_R1,2023,5,23,,,,,,,,,,,,,,,,,,3L/ha applied at sowing,kinnabulla,herbicide,2023-05-23,11.0,13.5,0.0,,,,,,,Glyphosate 450,L,3.0,
1548,KINNABULLA_S1.2_P2312_R1,2023,5,23,,,,,,,,,,,,,,,,,,"60kg/ha applied at sowing (W, B, L)",kinnabulla,fertiliser,2023-05-23,8.5,38.4,0.0,,,,,,,Granulock SZ,kg,60.0,
1549,KINNABULLA_S1.2_P2312_R1,2023,5,23,wheat,,,scepter,,,True,,,sale,130.0,,,30.0,,,On-time,,kinnabulla,sowing,2023-05-23,50.0,0.0,0.0,,,,,,,,,,
1550,KINNABULLA_S1.2_P2312_R1,2023,6,21,,,,,,,,,,,,,,,,,,257kg/ha top dressing - Wheat D5,kinnabulla,fertiliser,2023-06-21,8.5,128.5,0.0,,,,,,,Urea,kg,257.0,
1551,KINNABULLA_S1.2_P2312_R1,2023,7,10,,,,,,,,,,,,,,,,,,"0.12L/ha applied to all crop types to control the movement of pests back into pulse crops, could also more intro cereal crops and cause damage, 1-4 node. lucerne flea targeting vetch and lentil.",kinnabulla,pesticide,2023-07-10,11.0,4.32,0.0,,,,,,,Le-mat,L,0.12,insects
1552,KINNABULLA_S1.2_P2312_R1,2023,7,26,,,,,,,,,,,,,,,,,,"0.025L/ha applied to broadleaf weed control, targeting broadleaf weeds and vol lentils, GS13 (+0.5% uptake = wetting agent)
 *note - spray damage in wheat treatments",kinnabulla,herbicide,2023-07-26,11.0,12.25,0.0,,,,,,,Paradigm,L,0.025,
1553,KINNABULLA_S1.2_P2312_R1,2023,7,26,,,,,,,,,,,,,,,,,,"0.5L/ha applied to broadleaf weed control, targeting broadleaf weeds and vol lentils, GS13.
 *note - spray damage in wheat treatments",kinnabulla,herbicide,2023-07-26,11.0,4.07,0.0,,,,,,,MCPA LVE,L,0.5,
1554,KINNABULLA_S1.2_P2312_R1,2023,11,17,,,,,,,,,,,,,,,,,,"3L/ha applied to desiccate for late season weed control, bring all crop types in together for harvest (+0.16% BS1000 = wetting agent)",kinnabulla,herbicide,2023-11-17,11.0,45.0,0.0,,,,,,,Diquat,L,3.0,
1555,KINNABULLA_S1.2_P2312_R1,2023,12,7,wheat,,,,,,,,,,,,,,,,,,kinnabulla,termination,2023-12-07,80.0,0.0,1708.41,success,sale,5177.0,,,stubble,,,,
1556,KINNABULLA_S1.2_P2312_R1,2023,12,14,,,,,,,,,,,,,,,,,,0.4L/ha applied overall site knockdown to control summer weeds (+2% Liase =  liquid adjuvant),kinnabulla,herbicide,2023-12-14,11.0,3.38,0.0,,,,,,,Ester,L,0.4,
1557,KINNABULLA_S1.2_P2312_R1,2023,12,14,,,,,,,,,,,,,,,,,,2.5L/ha applied overall site knockdown to control summer weeds,kinnabulla,herbicide,2023-12-14,11.0,11.25,0.0,,,,,,,Glyphosate,L,2.5,
1558,KINNABULLA_S1.2_P2312_R1,2024,1,18,,,,,,,,,,,,,,,,,,"2.5L/ha applied overall site knockdown to control summer weeds (heliotrope and odd thistle), vol. crop (wheat, barley, canola, radish, lentil)",kinnabulla,herbicide,2024-01-18,11.0,11.25,0.0,,,,,,,Glyphosate,L,2.5,
1559,KINNABULLA_S1.2_P2312_R2,2023,5,23,,,,,,,,,,,,,,,,,,1.5L/ha applied at sowing,kinnabulla,herbicide,2023-05-23,11.0,12.0,0.0,,,,,,,Trifluralin,L,1.5,
1560,KINNABULLA_S1.2_P2312_R2,2023,5,23,,,,,,,,,,,,,,,,,,2L/ha applied at sowing,kinnabulla,herbicide,2023-05-23,11.0,34.0,0.0,,,,,,,Avadex,L,2.0,
1561,KINNABULLA_S1.2_P2312_R2,2023,5,23,,,,,,,,,,,,,,,,,,3L/ha applied at sowing,kinnabulla,herbicide,2023-05-23,11.0,13.5,0.0,,,,,,,Glyphosate 450,L,3.0,
1562,KINNABULLA_S1.2_P2312_R2,2023,5,23,,,,,,,,,,,,,,,,,,"60kg/ha applied at sowing (W, B, L)",kinnabulla,fertiliser,2023-05-23,8.5,38.4,0.0,,,,,,,Granulock SZ,kg,60.0,
1563,KINNABULLA_S1.2_P2312_R2,2023,5,23,wheat,,,scepter,,,True,,,sale,130.0,,,30.0,,,On-time,,kinnabulla,sowing,2023-05-23,50.0,0.0,0.0,,,,,,,,,,
1564,KINNABULLA_S1.2_P2312_R2,2023,6,21,,,,,,,,,,,,,,,,,,257kg/ha top dressing - Wheat D5,kinnabulla,fertiliser,2023-06-21,8.5,128.5,0.0,,,,,,,Urea,kg,257.0,
1565,KINNABULLA_S1.2_P2312_R2,2023,7,10,,,,,,,,,,,,,,,,,,"0.12L/ha applied to all crop types to control the movement of pests back into pulse crops, could also more intro cereal crops and cause damage, 1-4 node. lucerne flea targeting vetch and lentil.",kinnabulla,pesticide,2023-07-10,11.0,4.32,0.0,,,,,,,Le-mat,L,0.12,insects
1566,KINNABULLA_S1.2_P2312_R2,2023,7,26,,,,,,,,,,,,,,,,,,"0.025L/ha applied to broadleaf weed control, targeting broadleaf weeds and vol lentils, GS13 (+0.5% uptake = wetting agent)
 *note - spray damage in wheat treatments",kinnabulla,herbicide,2023-07-26,11.0,12.25,0.0,,,,,,,Paradigm,L,0.025,
1567,KINNABULLA_S1.2_P2312_R2,2023,7,26,,,,,,,,,,,,,,,,,,"0.5L/ha applied to broadleaf weed control, targeting broadleaf weeds and vol lentils, GS13.
 *note - spray damage in wheat treatments",kinnabulla,herbicide,2023-07-26,11.0,4.07,0.0,,,,,,,MCPA LVE,L,0.5,
1568,KINNABULLA_S1.2_P2312_R2,2023,11,17,,,,,,,,,,,,,,,,,,"3L/ha applied to desiccate for late season weed control, bring all crop types in together for harvest (+0.16% BS1000 = wetting agent)",kinnabulla,herbicide,2023-11-17,11.0,45.0,0.0,,,,,,,Diquat,L,3.0,
1569,KINNABULLA_S1.2_P2312_R2,2023,12,7,wheat,,,,,,,,,,,,,,,,,,kinnabulla,termination,2023-12-07,80.0,0.0,1673.1000000000001,success,sale,5070.0,,,stubble,,,,
1570,KINNABULLA_S1.2_P2312_R2,2023,12,14,,,,,,,,,,,,,,,,,,0.4L/ha applied overall site knockdown to control summer weeds (+2% Liase =  liquid adjuvant),kinnabulla,herbicide,2023-12-14,11.0,3.38,0.0,,,,,,,Ester,L,0.4,
1571,KINNABULLA_S1.2_P2312_R2,2023,12,14,,,,,,,,,,,,,,,,,,2.5L/ha applied overall site knockdown to control summer weeds,kinnabulla,herbicide,2023-12-14,11.0,11.25,0.0,,,,,,,Glyphosate,L,2.5,
1572,KINNABULLA_S1.2_P2312_R2,2024,1,18,,,,,,,,,,,,,,,,,,"2.5L/ha applied overall site knockdown to control summer weeds (heliotrope and odd thistle), vol. crop (wheat, barley, canola, radish, lentil)",kinnabulla,herbicide,2024-01-18,11.0,11.25,0.0,,,,,,,Glyphosate,L,2.5,
1573,KINNABULLA_S1.2_P2312_R3,2023,5,23,,,,,,,,,,,,,,,,,,1.5L/ha applied at sowing,kinnabulla,herbicide,2023-05-23,11.0,12.0,0.0,,,,,,,Trifluralin,L,1.5,
1574,KINNABULLA_S1.2_P2312_R3,2023,5,23,,,,,,,,,,,,,,,,,,2L/ha applied at sowing,kinnabulla,herbicide,2023-05-23,11.0,34.0,0.0,,,,,,,Avadex,L,2.0,
1575,KINNABULLA_S1.2_P2312_R3,2023,5,23,,,,,,,,,,,,,,,,,,3L/ha applied at sowing,kinnabulla,herbicide,2023-05-23,11.0,13.5,0.0,,,,,,,Glyphosate 450,L,3.0,
1576,KINNABULLA_S1.2_P2312_R3,2023,5,23,,,,,,,,,,,,,,,,,,"60kg/ha applied at sowing (W, B, L)",kinnabulla,fertiliser,2023-05-23,8.5,38.4,0.0,,,,,,,Granulock SZ,kg,60.0,
1577,KINNABULLA_S1.2_P2312_R3,2023,5,23,wheat,,,scepter,,,True,,,sale,130.0,,,30.0,,,On-time,,kinnabulla,sowing,2023-05-23,50.0,0.0,0.0,,,,,,,,,,
1578,KINNABULLA_S1.2_P2312_R3,2023,6,21,,,,,,,,,,,,,,,,,,257kg/ha top dressing - Wheat D5,kinnabulla,fertiliser,2023-06-21,8.5,128.5,0.0,,,,,,,Urea,kg,257.0,
1579,KINNABULLA_S1.2_P2312_R3,2023,7,10,,,,,,,,,,,,,,,,,,"0.12L/ha applied to all crop types to control the movement of pests back into pulse crops, could also more intro cereal crops and cause damage, 1-4 node. lucerne flea targeting vetch and lentil.",kinnabulla,pesticide,2023-07-10,11.0,4.32,0.0,,,,,,,Le-mat,L,0.12,insects
1580,KINNABULLA_S1.2_P2312_R3,2023,7,26,,,,,,,,,,,,,,,,,,"0.025L/ha applied to broadleaf weed control, targeting broadleaf weeds and vol lentils, GS13 (+0.5% uptake = wetting agent)
 *note - spray damage in wheat treatments",kinnabulla,herbicide,2023-07-26,11.0,12.25,0.0,,,,,,,Paradigm,L,0.025,
1581,KINNABULLA_S1.2_P2312_R3,2023,7,26,,,,,,,,,,,,,,,,,,"0.5L/ha applied to broadleaf weed control, targeting broadleaf weeds and vol lentils, GS13.
 *note - spray damage in wheat treatments",kinnabulla,herbicide,2023-07-26,11.0,4.07,0.0,,,,,,,MCPA LVE,L,0.5,
1582,KINNABULLA_S1.2_P2312_R3,2023,11,17,,,,,,,,,,,,,,,,,,"3L/ha applied to desiccate for late season weed control, bring all crop types in together for harvest (+0.16% BS1000 = wetting agent)",kinnabulla,herbicide,2023-11-17,11.0,45.0,0.0,,,,,,,Diquat,L,3.0,
1583,KINNABULLA_S1.2_P2312_R3,2023,12,7,wheat,,,,,,,,,,,,,,,,,,kinnabulla,termination,2023-12-07,80.0,0.0,1476.0900000000001,success,sale,4473.0,,,stubble,,,,
1584,KINNABULLA_S1.2_P2312_R3,2023,12,14,,,,,,,,,,,,,,,,,,0.4L/ha applied overall site knockdown to control summer weeds (+2% Liase =  liquid adjuvant),kinnabulla,herbicide,2023-12-14,11.0,3.38,0.0,,,,,,,Ester,L,0.4,
1585,KINNABULLA_S1.2_P2312_R3,2023,12,14,,,,,,,,,,,,,,,,,,2.5L/ha applied overall site knockdown to control summer weeds,kinnabulla,herbicide,2023-12-14,11.0,11.25,0.0,,,,,,,Glyphosate,L,2.5,
1586,KINNABULLA_S1.2_P2312_R3,2024,1,18,,,,,,,,,,,,,,,,,,"2.5L/ha applied overall site knockdown to control summer weeds (heliotrope and odd thistle), vol. crop (wheat, barley, canola, radish, lentil)",kinnabulla,herbicide,2024-01-18,11.0,11.25,0.0,,,,,,,Glyphosate,L,2.5,
1587,KINNABULLA_S1.2_P3123_R1,2023,5,23,,,,,,,,,,,,,,,,,,1.5L/ha applied at sowing,kinnabulla,herbicide,2023-05-23,11.0,12.0,0.0,,,,,,,Trifluralin,L,1.5,
1588,KINNABULLA_S1.2_P3123_R1,2023,5,23,,,,,,,,,,,,,,,,,,2L/ha applied at sowing,kinnabulla,herbicide,2023-05-23,11.0,34.0,0.0,,,,,,,Avadex,L,2.0,
1589,KINNABULLA_S1.2_P3123_R1,2023,5,23,,,,,,,,,,,,,,,,,,3L/ha applied at sowing,kinnabulla,herbicide,2023-05-23,11.0,13.5,0.0,,,,,,,Glyphosate 450,L,3.0,
1590,KINNABULLA_S1.2_P3123_R1,2023,5,23,,,,,,,,,,,,,,,,,,"60kg/ha applied at sowing (W, B, L)",kinnabulla,fertiliser,2023-05-23,8.5,38.4,0.0,,,,,,,Granulock SZ,kg,60.0,
1591,KINNABULLA_S1.2_P3123_R1,2023,5,23,wheat,,,scepter,,,True,,,sale,130.0,,,30.0,,,On-time,,kinnabulla,sowing,2023-05-23,50.0,0.0,0.0,,,,,,,,,,
1592,KINNABULLA_S1.2_P3123_R1,2023,6,21,,,,,,,,,,,,,,,,,,257kg/ha top dressing - Wheat D5,kinnabulla,fertiliser,2023-06-21,8.5,128.5,0.0,,,,,,,Urea,kg,257.0,
1593,KINNABULLA_S1.2_P3123_R1,2023,7,10,,,,,,,,,,,,,,,,,,"0.12L/ha applied to all crop types to control the movement of pests back into pulse crops, could also more intro cereal crops and cause damage, 1-4 node. lucerne flea targeting vetch and lentil.",kinnabulla,pesticide,2023-07-10,11.0,4.32,0.0,,,,,,,Le-mat,L,0.12,insects
1594,KINNABULLA_S1.2_P3123_R1,2023,7,26,,,,,,,,,,,,,,,,,,"0.025L/ha applied to broadleaf weed control, targeting broadleaf weeds and vol lentils, GS13 (+0.5% uptake = wetting agent)
 *note - spray damage in wheat treatments",kinnabulla,herbicide,2023-07-26,11.0,12.25,0.0,,,,,,,Paradigm,L,0.025,
1595,KINNABULLA_S1.2_P3123_R1,2023,7,26,,,,,,,,,,,,,,,,,,"0.5L/ha applied to broadleaf weed control, targeting broadleaf weeds and vol lentils, GS13.
 *note - spray damage in wheat treatments",kinnabulla,herbicide,2023-07-26,11.0,4.07,0.0,,,,,,,MCPA LVE,L,0.5,
1596,KINNABULLA_S1.2_P3123_R1,2023,11,17,,,,,,,,,,,,,,,,,,"3L/ha applied to desiccate for late season weed control, bring all crop types in together for harvest (+0.16% BS1000 = wetting agent)",kinnabulla,herbicide,2023-11-17,11.0,45.0,0.0,,,,,,,Diquat,L,3.0,
1597,KINNABULLA_S1.2_P3123_R1,2023,12,7,wheat,,,,,,,,,,,,,,,,,,kinnabulla,termination,2023-12-07,80.0,0.0,1882.65,success,sale,5705.0,,,stubble,,,,
1598,KINNABULLA_S1.2_P3123_R1,2023,12,14,,,,,,,,,,,,,,,,,,0.4L/ha applied overall site knockdown to control summer weeds (+2% Liase =  liquid adjuvant),kinnabulla,herbicide,2023-12-14,11.0,3.38,0.0,,,,,,,Ester,L,0.4,
1599,KINNABULLA_S1.2_P3123_R1,2023,12,14,,,,,,,,,,,,,,,,,,2.5L/ha applied overall site knockdown to control summer weeds,kinnabulla,herbicide,2023-12-14,11.0,11.25,0.0,,,,,,,Glyphosate,L,2.5,
1600,KINNABULLA_S1.2_P3123_R1,2024,1,18,,,,,,,,,,,,,,,,,,"2.5L/ha applied overall site knockdown to control summer weeds (heliotrope and odd thistle), vol. crop (wheat, barley, canola, radish, lentil)",kinnabulla,herbicide,2024-01-18,11.0,11.25,0.0,,,,,,,Glyphosate,L,2.5,
1601,KINNABULLA_S1.2_P3123_R2,2023,5,23,,,,,,,,,,,,,,,,,,1.5L/ha applied at sowing,kinnabulla,herbicide,2023-05-23,11.0,12.0,0.0,,,,,,,Trifluralin,L,1.5,
1602,KINNABULLA_S1.2_P3123_R2,2023,5,23,,,,,,,,,,,,,,,,,,2L/ha applied at sowing,kinnabulla,herbicide,2023-05-23,11.0,34.0,0.0,,,,,,,Avadex,L,2.0,
1603,KINNABULLA_S1.2_P3123_R2,2023,5,23,,,,,,,,,,,,,,,,,,3L/ha applied at sowing,kinnabulla,herbicide,2023-05-23,11.0,13.5,0.0,,,,,,,Glyphosate 450,L,3.0,
1604,KINNABULLA_S1.2_P3123_R2,2023,5,23,,,,,,,,,,,,,,,,,,"60kg/ha applied at sowing (W, B, L)",kinnabulla,fertiliser,2023-05-23,8.5,38.4,0.0,,,,,,,Granulock SZ,kg,60.0,
1605,KINNABULLA_S1.2_P3123_R2,2023,5,23,wheat,,,scepter,,,True,,,sale,130.0,,,30.0,,,On-time,,kinnabulla,sowing,2023-05-23,50.0,0.0,0.0,,,,,,,,,,
1606,KINNABULLA_S1.2_P3123_R2,2023,6,21,,,,,,,,,,,,,,,,,,257kg/ha top dressing - Wheat D5,kinnabulla,fertiliser,2023-06-21,8.5,128.5,0.0,,,,,,,Urea,kg,257.0,
1607,KINNABULLA_S1.2_P3123_R2,2023,7,10,,,,,,,,,,,,,,,,,,"0.12L/ha applied to all crop types to control the movement of pests back into pulse crops, could also more intro cereal crops and cause damage, 1-4 node. lucerne flea targeting vetch and lentil.",kinnabulla,pesticide,2023-07-10,11.0,4.32,0.0,,,,,,,Le-mat,L,0.12,insects
1608,KINNABULLA_S1.2_P3123_R2,2023,7,26,,,,,,,,,,,,,,,,,,"0.025L/ha applied to broadleaf weed control, targeting broadleaf weeds and vol lentils, GS13 (+0.5% uptake = wetting agent)
 *note - spray damage in wheat treatments",kinnabulla,herbicide,2023-07-26,11.0,12.25,0.0,,,,,,,Paradigm,L,0.025,
1609,KINNABULLA_S1.2_P3123_R2,2023,7,26,,,,,,,,,,,,,,,,,,"0.5L/ha applied to broadleaf weed control, targeting broadleaf weeds and vol lentils, GS13.
 *note - spray damage in wheat treatments",kinnabulla,herbicide,2023-07-26,11.0,4.07,0.0,,,,,,,MCPA LVE,L,0.5,
1610,KINNABULLA_S1.2_P3123_R2,2023,11,17,,,,,,,,,,,,,,,,,,"3L/ha applied to desiccate for late season weed control, bring all crop types in together for harvest (+0.16% BS1000 = wetting agent)",kinnabulla,herbicide,2023-11-17,11.0,45.0,0.0,,,,,,,Diquat,L,3.0,
1611,KINNABULLA_S1.2_P3123_R2,2023,12,7,wheat,,,,,,,,,,,,,,,,,,kinnabulla,termination,2023-12-07,80.0,0.0,1655.94,success,sale,5018.0,,,stubble,,,,
1612,KINNABULLA_S1.2_P3123_R2,2023,12,14,,,,,,,,,,,,,,,,,,0.4L/ha applied overall site knockdown to control summer weeds (+2% Liase =  liquid adjuvant),kinnabulla,herbicide,2023-12-14,11.0,3.38,0.0,,,,,,,Ester,L,0.4,
1613,KINNABULLA_S1.2_P3123_R2,2023,12,14,,,,,,,,,,,,,,,,,,2.5L/ha applied overall site knockdown to control summer weeds,kinnabulla,herbicide,2023-12-14,11.0,11.25,0.0,,,,,,,Glyphosate,L,2.5,
1614,KINNABULLA_S1.2_P3123_R2,2024,1,18,,,,,,,,,,,,,,,,,,"2.5L/ha applied overall site knockdown to control summer weeds (heliotrope and odd thistle), vol. crop (wheat, barley, canola, radish, lentil)",kinnabulla,herbicide,2024-01-18,11.0,11.25,0.0,,,,,,,Glyphosate,L,2.5,
1615,KINNABULLA_S1.2_P3123_R3,2023,5,23,,,,,,,,,,,,,,,,,,1.5L/ha applied at sowing,kinnabulla,herbicide,2023-05-23,11.0,12.0,0.0,,,,,,,Trifluralin,L,1.5,
1616,KINNABULLA_S1.2_P3123_R3,2023,5,23,,,,,,,,,,,,,,,,,,2L/ha applied at sowing,kinnabulla,herbicide,2023-05-23,11.0,34.0,0.0,,,,,,,Avadex,L,2.0,
1617,KINNABULLA_S1.2_P3123_R3,2023,5,23,,,,,,,,,,,,,,,,,,3L/ha applied at sowing,kinnabulla,herbicide,2023-05-23,11.0,13.5,0.0,,,,,,,Glyphosate 450,L,3.0,
1618,KINNABULLA_S1.2_P3123_R3,2023,5,23,,,,,,,,,,,,,,,,,,"60kg/ha applied at sowing (W, B, L)",kinnabulla,fertiliser,2023-05-23,8.5,38.4,0.0,,,,,,,Granulock SZ,kg,60.0,
1619,KINNABULLA_S1.2_P3123_R3,2023,5,23,wheat,,,scepter,,,True,,,sale,130.0,,,30.0,,,On-time,,kinnabulla,sowing,2023-05-23,50.0,0.0,0.0,,,,,,,,,,
1620,KINNABULLA_S1.2_P3123_R3,2023,6,21,,,,,,,,,,,,,,,,,,257kg/ha top dressing - Wheat D5,kinnabulla,fertiliser,2023-06-21,8.5,128.5,0.0,,,,,,,Urea,kg,257.0,
1621,KINNABULLA_S1.2_P3123_R3,2023,7,10,,,,,,,,,,,,,,,,,,"0.12L/ha applied to all crop types to control the movement of pests back into pulse crops, could also more intro cereal crops and cause damage, 1-4 node. lucerne flea targeting vetch and lentil.",kinnabulla,pesticide,2023-07-10,11.0,4.32,0.0,,,,,,,Le-mat,L,0.12,insects
1622,KINNABULLA_S1.2_P3123_R3,2023,7,26,,,,,,,,,,,,,,,,,,"0.025L/ha applied to broadleaf weed control, targeting broadleaf weeds and vol lentils, GS13 (+0.5% uptake = wetting agent)
 *note - spray damage in wheat treatments",kinnabulla,herbicide,2023-07-26,11.0,12.25,0.0,,,,,,,Paradigm,L,0.025,
1623,KINNABULLA_S1.2_P3123_R3,2023,7,26,,,,,,,,,,,,,,,,,,"0.5L/ha applied to broadleaf weed control, targeting broadleaf weeds and vol lentils, GS13.
 *note - spray damage in wheat treatments",kinnabulla,herbicide,2023-07-26,11.0,4.07,0.0,,,,,,,MCPA LVE,L,0.5,
1624,KINNABULLA_S1.2_P3123_R3,2023,11,17,,,,,,,,,,,,,,,,,,"3L/ha applied to desiccate for late season weed control, bring all crop types in together for harvest (+0.16% BS1000 = wetting agent)",kinnabulla,herbicide,2023-11-17,11.0,45.0,0.0,,,,,,,Diquat,L,3.0,
1625,KINNABULLA_S1.2_P3123_R3,2023,12,7,wheat,,,,,,,,,,,,,,,,,,kinnabulla,termination,2023-12-07,80.0,0.0,1439.79,success,sale,4363.0,,,stubble,,,,
1626,KINNABULLA_S1.2_P3123_R3,2023,12,14,,,,,,,,,,,,,,,,,,0.4L/ha applied overall site knockdown to control summer weeds (+2% Liase =  liquid adjuvant),kinnabulla,herbicide,2023-12-14,11.0,3.38,0.0,,,,,,,Ester,L,0.4,
1627,KINNABULLA_S1.2_P3123_R3,2023,12,14,,,,,,,,,,,,,,,,,,2.5L/ha applied overall site knockdown to control summer weeds,kinnabulla,herbicide,2023-12-14,11.0,11.25,0.0,,,,,,,Glyphosate,L,2.5,
1628,KINNABULLA_S1.2_P3123_R3,2024,1,18,,,,,,,,,,,,,,,,,,"2.5L/ha applied overall site knockdown to control summer weeds (heliotrope and odd thistle), vol. crop (wheat, barley, canola, radish, lentil)",kinnabulla,herbicide,2024-01-18,11.0,11.25,0.0,,,,,,,Glyphosate,L,2.5,
1629,KINNABULLA_S1.3_P1231_R1,2023,5,3,,,,,,,,,,,,,,,,,,0.8L/ha applied at sowing,kinnabulla,herbicide,2023-05-03,11.0,12.0,0.0,,,,,,,Terbyne xtreme,L,0.8,
1630,KINNABULLA_S1.3_P1231_R1,2023,5,3,,,,,,,,,,,,,,,,,,1.1L/ha applied at sowing,kinnabulla,herbicide,2023-05-03,11.0,27.500000000000004,0.0,,,,,,,Ultro,L,1.1,
1631,KINNABULLA_S1.3_P1231_R1,2023,5,23,,,,,,,,,,,,,,,,,,1.5L/ha applied at sowing,kinnabulla,herbicide,2023-05-23,11.0,12.0,0.0,,,,,,,Trifluralin,L,1.5,
1632,KINNABULLA_S1.3_P1231_R1,2023,5,23,,,,,,,,,,,,,,,,,,2L/ha applied at sowing,kinnabulla,herbicide,2023-05-23,11.0,34.0,0.0,,,,,,,Avadex,L,2.0,
1633,KINNABULLA_S1.3_P1231_R1,2023,5,23,,,,,,,,,,,,,,,,,,3L/ha applied at sowing,kinnabulla,herbicide,2023-05-23,11.0,13.5,0.0,,,,,,,Glyphosate 450,L,3.0,
1634,KINNABULLA_S1.3_P1231_R1,2023,5,23,,,,,,,,,,,,,,,,,,"60kg/ha applied at sowing (W, B, L)",kinnabulla,fertiliser,2023-05-23,8.5,38.4,0.0,,,,,,,Granulock SZ,kg,60.0,
1635,KINNABULLA_S1.3_P1231_R1,2023,5,23,lentil,,,gia thunder,,,True,,,sale,120.0,,,30.0,,,On-time,,kinnabulla,sowing,2023-05-23,50.0,0.0,0.0,,,,,,,,,,
1636,KINNABULLA_S1.3_P1231_R1,2023,7,10,,,,,,,,,,,,,,,,,,"0.12L/ha applied to all crop types to control the movement of pests back into pulse crops, could also more intro cereal crops and cause damage, 1-4 node. lucerne flea targeting vetch and lentil.",kinnabulla,pesticide,2023-07-10,11.0,4.32,0.0,,,,,,,Le-mat,L,0.12,insects
1637,KINNABULLA_S1.3_P1231_R1,2023,7,26,,,,,,,,,,,,,,,,,,"0.18L/ha applied to grass weed control, targeting brome grass & ryegrass, 2-4 node (+2% Liase = liquid adjuvant) (+0.5% Uptake = wetting agent)",kinnabulla,herbicide,2023-07-26,11.0,24.3,0.0,,,,,,,Factor,L,0.18,
1638,KINNABULLA_S1.3_P1231_R1,2023,7,26,,,,,,,,,,,,,,,,,,"grass weed control, targeting brome grass & ryegrass, 2-4 node",kinnabulla,herbicide,2023-07-26,11.0,3.3,0.0,,,,,,,Haloxyfop,L,0.075,
1639,KINNABULLA_S1.3_P1231_R1,2023,7,26,,,,,,,,,,,,,,,,,,"grass weed control, targeting brome grass & ryegrass, 2-4 node",kinnabulla,herbicide,2023-07-26,11.0,10.25,0.0,,,,,,,Clethodim 360,L,0.5,
1640,KINNABULLA_S1.3_P1231_R1,2023,8,2,,,,,,,,,,,,,,,,,,0.5L/ha applied to lentils and vetch (canopy closure) - botrytis and ascochyta,kinnabulla,fungicide,2023-08-02,11.0,27.25,0.0,,,,,,,Aviator Xpro,L,0.5,
1641,KINNABULLA_S1.3_P1231_R1,2023,10,9,,,,,,,,,,,,,,,,,,0.3L/ha applied in pulses to control grubs - podding,kinnabulla,pesticide,2023-10-09,11.0,2.952,0.0,,,,,,,Sumi-alpha flex,L,0.3,faw
1642,KINNABULLA_S1.3_P1231_R1,2023,11,17,,,,,,,,,,,,,,,,,,"3L/ha applied to desiccate for late season weed control, bring all crop types in together for harvest (+0.16% BS1000 = wetting agent)",kinnabulla,herbicide,2023-11-17,11.0,45.0,0.0,,,,,,,Diquat,L,3.0,
1643,KINNABULLA_S1.3_P1231_R1,2023,12,7,lentil,,,,,,,,,,,,,,,,,,kinnabulla,termination,2023-12-07,80.0,0.0,614.25,success,sale,945.0,,,stubble,,,,
1644,KINNABULLA_S1.3_P1231_R1,2023,12,14,,,,,,,,,,,,,,,,,,0.4L/ha applied overall site knockdown to control summer weeds (+2% Liase =  liquid adjuvant),kinnabulla,herbicide,2023-12-14,11.0,3.38,0.0,,,,,,,Ester,L,0.4,
1645,KINNABULLA_S1.3_P1231_R1,2023,12,14,,,,,,,,,,,,,,,,,,2.5L/ha applied overall site knockdown to control summer weeds,kinnabulla,herbicide,2023-12-14,11.0,11.25,0.0,,,,,,,Glyphosate,L,2.5,
1646,KINNABULLA_S1.3_P1231_R1,2024,1,18,,,,,,,,,,,,,,,,,,"2.5L/ha applied overall site knockdown to control summer weeds (heliotrope and odd thistle), vol. crop (wheat, barley, canola, radish, lentil)",kinnabulla,herbicide,2024-01-18,11.0,11.25,0.0,,,,,,,Glyphosate,L,2.5,
1647,KINNABULLA_S1.3_P1231_R2,2023,5,3,,,,,,,,,,,,,,,,,,0.8L/ha applied at sowing,kinnabulla,herbicide,2023-05-03,11.0,12.0,0.0,,,,,,,Terbyne xtreme,L,0.8,
1648,KINNABULLA_S1.3_P1231_R2,2023,5,3,,,,,,,,,,,,,,,,,,1.1L/ha applied at sowing,kinnabulla,herbicide,2023-05-03,11.0,27.500000000000004,0.0,,,,,,,Ultro,L,1.1,
1649,KINNABULLA_S1.3_P1231_R2,2023,5,23,,,,,,,,,,,,,,,,,,1.5L/ha applied at sowing,kinnabulla,herbicide,2023-05-23,11.0,12.0,0.0,,,,,,,Trifluralin,L,1.5,
1650,KINNABULLA_S1.3_P1231_R2,2023,5,23,,,,,,,,,,,,,,,,,,2L/ha applied at sowing,kinnabulla,herbicide,2023-05-23,11.0,34.0,0.0,,,,,,,Avadex,L,2.0,
1651,KINNABULLA_S1.3_P1231_R2,2023,5,23,,,,,,,,,,,,,,,,,,3L/ha applied at sowing,kinnabulla,herbicide,2023-05-23,11.0,13.5,0.0,,,,,,,Glyphosate 450,L,3.0,
1652,KINNABULLA_S1.3_P1231_R2,2023,5,23,,,,,,,,,,,,,,,,,,"60kg/ha applied at sowing (W, B, L)",kinnabulla,fertiliser,2023-05-23,8.5,38.4,0.0,,,,,,,Granulock SZ,kg,60.0,
1653,KINNABULLA_S1.3_P1231_R2,2023,5,23,lentil,,,gia thunder,,,True,,,sale,120.0,,,30.0,,,On-time,,kinnabulla,sowing,2023-05-23,50.0,0.0,0.0,,,,,,,,,,
1654,KINNABULLA_S1.3_P1231_R2,2023,7,10,,,,,,,,,,,,,,,,,,"0.12L/ha applied to all crop types to control the movement of pests back into pulse crops, could also more intro cereal crops and cause damage, 1-4 node. lucerne flea targeting vetch and lentil.",kinnabulla,pesticide,2023-07-10,11.0,4.32,0.0,,,,,,,Le-mat,L,0.12,insects
1655,KINNABULLA_S1.3_P1231_R2,2023,7,26,,,,,,,,,,,,,,,,,,"0.18L/ha applied to grass weed control, targeting brome grass & ryegrass, 2-4 node (+2% Liase = liquid adjuvant) (+0.5% Uptake = wetting agent)",kinnabulla,herbicide,2023-07-26,11.0,24.3,0.0,,,,,,,Factor,L,0.18,
1656,KINNABULLA_S1.3_P1231_R2,2023,7,26,,,,,,,,,,,,,,,,,,"grass weed control, targeting brome grass & ryegrass, 2-4 node",kinnabulla,herbicide,2023-07-26,11.0,3.3,0.0,,,,,,,Haloxyfop,L,0.075,
1657,KINNABULLA_S1.3_P1231_R2,2023,7,26,,,,,,,,,,,,,,,,,,"grass weed control, targeting brome grass & ryegrass, 2-4 node",kinnabulla,herbicide,2023-07-26,11.0,10.25,0.0,,,,,,,Clethodim 360,L,0.5,
1658,KINNABULLA_S1.3_P1231_R2,2023,8,2,,,,,,,,,,,,,,,,,,0.5L/ha applied to lentils and vetch (canopy closure) - botrytis and ascochyta,kinnabulla,fungicide,2023-08-02,11.0,27.25,0.0,,,,,,,Aviator Xpro,L,0.5,
1659,KINNABULLA_S1.3_P1231_R2,2023,10,9,,,,,,,,,,,,,,,,,,0.3L/ha applied in pulses to control grubs - podding,kinnabulla,pesticide,2023-10-09,11.0,2.952,0.0,,,,,,,Sumi-alpha flex,L,0.3,faw
1660,KINNABULLA_S1.3_P1231_R2,2023,11,17,,,,,,,,,,,,,,,,,,"3L/ha applied to desiccate for late season weed control, bring all crop types in together for harvest (+0.16% BS1000 = wetting agent)",kinnabulla,herbicide,2023-11-17,11.0,45.0,0.0,,,,,,,Diquat,L,3.0,
1661,KINNABULLA_S1.3_P1231_R2,2023,12,7,lentil,,,,,,,,,,,,,,,,,,kinnabulla,termination,2023-12-07,80.0,0.0,1021.8000000000001,success,sale,1572.0,,,stubble,,,,
1662,KINNABULLA_S1.3_P1231_R2,2023,12,14,,,,,,,,,,,,,,,,,,0.4L/ha applied overall site knockdown to control summer weeds (+2% Liase =  liquid adjuvant),kinnabulla,herbicide,2023-12-14,11.0,3.38,0.0,,,,,,,Ester,L,0.4,
1663,KINNABULLA_S1.3_P1231_R2,2023,12,14,,,,,,,,,,,,,,,,,,2.5L/ha applied overall site knockdown to control summer weeds,kinnabulla,herbicide,2023-12-14,11.0,11.25,0.0,,,,,,,Glyphosate,L,2.5,
1664,KINNABULLA_S1.3_P1231_R2,2024,1,18,,,,,,,,,,,,,,,,,,"2.5L/ha applied overall site knockdown to control summer weeds (heliotrope and odd thistle), vol. crop (wheat, barley, canola, radish, lentil)",kinnabulla,herbicide,2024-01-18,11.0,11.25,0.0,,,,,,,Glyphosate,L,2.5,
1665,KINNABULLA_S1.3_P1231_R3,2023,5,3,,,,,,,,,,,,,,,,,,0.8L/ha applied at sowing,kinnabulla,herbicide,2023-05-03,11.0,12.0,0.0,,,,,,,Terbyne xtreme,L,0.8,
1666,KINNABULLA_S1.3_P1231_R3,2023,5,3,,,,,,,,,,,,,,,,,,1.1L/ha applied at sowing,kinnabulla,herbicide,2023-05-03,11.0,27.500000000000004,0.0,,,,,,,Ultro,L,1.1,
1667,KINNABULLA_S1.3_P1231_R3,2023,5,23,,,,,,,,,,,,,,,,,,1.5L/ha applied at sowing,kinnabulla,herbicide,2023-05-23,11.0,12.0,0.0,,,,,,,Trifluralin,L,1.5,
1668,KINNABULLA_S1.3_P1231_R3,2023,5,23,,,,,,,,,,,,,,,,,,2L/ha applied at sowing,kinnabulla,herbicide,2023-05-23,11.0,34.0,0.0,,,,,,,Avadex,L,2.0,
1669,KINNABULLA_S1.3_P1231_R3,2023,5,23,,,,,,,,,,,,,,,,,,3L/ha applied at sowing,kinnabulla,herbicide,2023-05-23,11.0,13.5,0.0,,,,,,,Glyphosate 450,L,3.0,
1670,KINNABULLA_S1.3_P1231_R3,2023,5,23,,,,,,,,,,,,,,,,,,"60kg/ha applied at sowing (W, B, L)",kinnabulla,fertiliser,2023-05-23,8.5,38.4,0.0,,,,,,,Granulock SZ,kg,60.0,
1671,KINNABULLA_S1.3_P1231_R3,2023,5,23,lentil,,,gia thunder,,,True,,,sale,120.0,,,30.0,,,On-time,,kinnabulla,sowing,2023-05-23,50.0,0.0,0.0,,,,,,,,,,
1672,KINNABULLA_S1.3_P1231_R3,2023,7,10,,,,,,,,,,,,,,,,,,"0.12L/ha applied to all crop types to control the movement of pests back into pulse crops, could also more intro cereal crops and cause damage, 1-4 node. lucerne flea targeting vetch and lentil.",kinnabulla,pesticide,2023-07-10,11.0,4.32,0.0,,,,,,,Le-mat,L,0.12,insects
1673,KINNABULLA_S1.3_P1231_R3,2023,7,26,,,,,,,,,,,,,,,,,,"0.18L/ha applied to grass weed control, targeting brome grass & ryegrass, 2-4 node (+2% Liase = liquid adjuvant) (+0.5% Uptake = wetting agent)",kinnabulla,herbicide,2023-07-26,11.0,24.3,0.0,,,,,,,Factor,L,0.18,
1674,KINNABULLA_S1.3_P1231_R3,2023,7,26,,,,,,,,,,,,,,,,,,"grass weed control, targeting brome grass & ryegrass, 2-4 node",kinnabulla,herbicide,2023-07-26,11.0,3.3,0.0,,,,,,,Haloxyfop,L,0.075,
1675,KINNABULLA_S1.3_P1231_R3,2023,7,26,,,,,,,,,,,,,,,,,,"grass weed control, targeting brome grass & ryegrass, 2-4 node",kinnabulla,herbicide,2023-07-26,11.0,10.25,0.0,,,,,,,Clethodim 360,L,0.5,
1676,KINNABULLA_S1.3_P1231_R3,2023,8,2,,,,,,,,,,,,,,,,,,0.5L/ha applied to lentils and vetch (canopy closure) - botrytis and ascochyta,kinnabulla,fungicide,2023-08-02,11.0,27.25,0.0,,,,,,,Aviator Xpro,L,0.5,
1677,KINNABULLA_S1.3_P1231_R3,2023,10,9,,,,,,,,,,,,,,,,,,0.3L/ha applied in pulses to control grubs - podding,kinnabulla,pesticide,2023-10-09,11.0,2.952,0.0,,,,,,,Sumi-alpha flex,L,0.3,faw
1678,KINNABULLA_S1.3_P1231_R3,2023,11,17,,,,,,,,,,,,,,,,,,"3L/ha applied to desiccate for late season weed control, bring all crop types in together for harvest (+0.16% BS1000 = wetting agent)",kinnabulla,herbicide,2023-11-17,11.0,45.0,0.0,,,,,,,Diquat,L,3.0,
1679,KINNABULLA_S1.3_P1231_R3,2023,12,7,lentil,,,,,,,,,,,,,,,,,,kinnabulla,termination,2023-12-07,80.0,0.0,728.65,success,sale,1121.0,,,stubble,,,,
1680,KINNABULLA_S1.3_P1231_R3,2023,12,14,,,,,,,,,,,,,,,,,,0.4L/ha applied overall site knockdown to control summer weeds (+2% Liase =  liquid adjuvant),kinnabulla,herbicide,2023-12-14,11.0,3.38,0.0,,,,,,,Ester,L,0.4,
1681,KINNABULLA_S1.3_P1231_R3,2023,12,14,,,,,,,,,,,,,,,,,,2.5L/ha applied overall site knockdown to control summer weeds,kinnabulla,herbicide,2023-12-14,11.0,11.25,0.0,,,,,,,Glyphosate,L,2.5,
1682,KINNABULLA_S1.3_P1231_R3,2024,1,18,,,,,,,,,,,,,,,,,,"2.5L/ha applied overall site knockdown to control summer weeds (heliotrope and odd thistle), vol. crop (wheat, barley, canola, radish, lentil)",kinnabulla,herbicide,2024-01-18,11.0,11.25,0.0,,,,,,,Glyphosate,L,2.5,
1683,KINNABULLA_S1.3_P2312_R1,2023,5,23,,,,,,,,,,,,,,,,,,1.5L/ha applied at sowing,kinnabulla,herbicide,2023-05-23,11.0,12.0,0.0,,,,,,,Trifluralin,L,1.5,
1684,KINNABULLA_S1.3_P2312_R1,2023,5,23,,,,,,,,,,,,,,,,,,2L/ha applied at sowing,kinnabulla,herbicide,2023-05-23,11.0,34.0,0.0,,,,,,,Avadex,L,2.0,
1685,KINNABULLA_S1.3_P2312_R1,2023,5,23,,,,,,,,,,,,,,,,,,3L/ha applied at sowing,kinnabulla,herbicide,2023-05-23,11.0,13.5,0.0,,,,,,,Glyphosate 450,L,3.0,
1686,KINNABULLA_S1.3_P2312_R1,2023,5,23,,,,,,,,,,,,,,,,,,"60kg/ha applied at sowing (W, B, L)",kinnabulla,fertiliser,2023-05-23,8.5,38.4,0.0,,,,,,,Granulock SZ,kg,60.0,
1687,KINNABULLA_S1.3_P2312_R1,2023,5,23,wheat,,,scepter,,,True,,,sale,130.0,,,30.0,,,On-time,,kinnabulla,sowing,2023-05-23,50.0,0.0,0.0,,,,,,,,,,
1688,KINNABULLA_S1.3_P2312_R1,2023,6,21,,,,,,,,,,,,,,,,,,341kg/ha top dressing - Wheat D9,kinnabulla,fertiliser,2023-06-21,8.5,170.5,0.0,,,,,,,Urea,kg,341.0,
1689,KINNABULLA_S1.3_P2312_R1,2023,7,10,,,,,,,,,,,,,,,,,,"0.12L/ha applied to all crop types to control the movement of pests back into pulse crops, could also more intro cereal crops and cause damage, 1-4 node. lucerne flea targeting vetch and lentil.",kinnabulla,pesticide,2023-07-10,11.0,4.32,0.0,,,,,,,Le-mat,L,0.12,insects
1690,KINNABULLA_S1.3_P2312_R1,2023,7,26,,,,,,,,,,,,,,,,,,"0.025L/ha applied to broadleaf weed control, targeting broadleaf weeds and vol lentils, GS13 (+0.5% uptake = wetting agent)
 *note - spray damage in wheat treatments",kinnabulla,herbicide,2023-07-26,11.0,12.25,0.0,,,,,,,Paradigm,L,0.025,
1691,KINNABULLA_S1.3_P2312_R1,2023,7,26,,,,,,,,,,,,,,,,,,"0.5L/ha applied to broadleaf weed control, targeting broadleaf weeds and vol lentils, GS13.
 *note - spray damage in wheat treatments",kinnabulla,herbicide,2023-07-26,11.0,4.07,0.0,,,,,,,MCPA LVE,L,0.5,
1692,KINNABULLA_S1.3_P2312_R1,2023,11,17,,,,,,,,,,,,,,,,,,"3L/ha applied to desiccate for late season weed control, bring all crop types in together for harvest (+0.16% BS1000 = wetting agent)",kinnabulla,herbicide,2023-11-17,11.0,45.0,0.0,,,,,,,Diquat,L,3.0,
1693,KINNABULLA_S1.3_P2312_R1,2023,12,7,wheat,,,,,,,,,,,,,,,,,,kinnabulla,termination,2023-12-07,80.0,0.0,1642.74,success,sale,4978.0,,,stubble,,,,
1694,KINNABULLA_S1.3_P2312_R1,2023,12,14,,,,,,,,,,,,,,,,,,0.4L/ha applied overall site knockdown to control summer weeds (+2% Liase =  liquid adjuvant),kinnabulla,herbicide,2023-12-14,11.0,3.38,0.0,,,,,,,Ester,L,0.4,
1695,KINNABULLA_S1.3_P2312_R1,2023,12,14,,,,,,,,,,,,,,,,,,2.5L/ha applied overall site knockdown to control summer weeds,kinnabulla,herbicide,2023-12-14,11.0,11.25,0.0,,,,,,,Glyphosate,L,2.5,
1696,KINNABULLA_S1.3_P2312_R1,2024,1,18,,,,,,,,,,,,,,,,,,"2.5L/ha applied overall site knockdown to control summer weeds (heliotrope and odd thistle), vol. crop (wheat, barley, canola, radish, lentil)",kinnabulla,herbicide,2024-01-18,11.0,11.25,0.0,,,,,,,Glyphosate,L,2.5,
1697,KINNABULLA_S1.3_P2312_R2,2023,5,23,,,,,,,,,,,,,,,,,,1.5L/ha applied at sowing,kinnabulla,herbicide,2023-05-23,11.0,12.0,0.0,,,,,,,Trifluralin,L,1.5,
1698,KINNABULLA_S1.3_P2312_R2,2023,5,23,,,,,,,,,,,,,,,,,,2L/ha applied at sowing,kinnabulla,herbicide,2023-05-23,11.0,34.0,0.0,,,,,,,Avadex,L,2.0,
1699,KINNABULLA_S1.3_P2312_R2,2023,5,23,,,,,,,,,,,,,,,,,,3L/ha applied at sowing,kinnabulla,herbicide,2023-05-23,11.0,13.5,0.0,,,,,,,Glyphosate 450,L,3.0,
1700,KINNABULLA_S1.3_P2312_R2,2023,5,23,,,,,,,,,,,,,,,,,,"60kg/ha applied at sowing (W, B, L)",kinnabulla,fertiliser,2023-05-23,8.5,38.4,0.0,,,,,,,Granulock SZ,kg,60.0,
1701,KINNABULLA_S1.3_P2312_R2,2023,5,23,wheat,,,scepter,,,True,,,sale,130.0,,,30.0,,,On-time,,kinnabulla,sowing,2023-05-23,50.0,0.0,0.0,,,,,,,,,,
1702,KINNABULLA_S1.3_P2312_R2,2023,6,21,,,,,,,,,,,,,,,,,,341kg/ha top dressing - Wheat D9,kinnabulla,fertiliser,2023-06-21,8.5,170.5,0.0,,,,,,,Urea,kg,341.0,
1703,KINNABULLA_S1.3_P2312_R2,2023,7,10,,,,,,,,,,,,,,,,,,"0.12L/ha applied to all crop types to control the movement of pests back into pulse crops, could also more intro cereal crops and cause damage, 1-4 node. lucerne flea targeting vetch and lentil.",kinnabulla,pesticide,2023-07-10,11.0,4.32,0.0,,,,,,,Le-mat,L,0.12,insects
1704,KINNABULLA_S1.3_P2312_R2,2023,7,26,,,,,,,,,,,,,,,,,,"0.025L/ha applied to broadleaf weed control, targeting broadleaf weeds and vol lentils, GS13 (+0.5% uptake = wetting agent)
 *note - spray damage in wheat treatments",kinnabulla,herbicide,2023-07-26,11.0,12.25,0.0,,,,,,,Paradigm,L,0.025,
1705,KINNABULLA_S1.3_P2312_R2,2023,7,26,,,,,,,,,,,,,,,,,,"0.5L/ha applied to broadleaf weed control, targeting broadleaf weeds and vol lentils, GS13.
 *note - spray damage in wheat treatments",kinnabulla,herbicide,2023-07-26,11.0,4.07,0.0,,,,,,,MCPA LVE,L,0.5,
1706,KINNABULLA_S1.3_P2312_R2,2023,11,17,,,,,,,,,,,,,,,,,,"3L/ha applied to desiccate for late season weed control, bring all crop types in together for harvest (+0.16% BS1000 = wetting agent)",kinnabulla,herbicide,2023-11-17,11.0,45.0,0.0,,,,,,,Diquat,L,3.0,
1707,KINNABULLA_S1.3_P2312_R2,2023,12,7,wheat,,,,,,,,,,,,,,,,,,kinnabulla,termination,2023-12-07,80.0,0.0,1719.3000000000002,success,sale,5210.0,,,stubble,,,,
1708,KINNABULLA_S1.3_P2312_R2,2023,12,14,,,,,,,,,,,,,,,,,,0.4L/ha applied overall site knockdown to control summer weeds (+2% Liase =  liquid adjuvant),kinnabulla,herbicide,2023-12-14,11.0,3.38,0.0,,,,,,,Ester,L,0.4,
1709,KINNABULLA_S1.3_P2312_R2,2023,12,14,,,,,,,,,,,,,,,,,,2.5L/ha applied overall site knockdown to control summer weeds,kinnabulla,herbicide,2023-12-14,11.0,11.25,0.0,,,,,,,Glyphosate,L,2.5,
1710,KINNABULLA_S1.3_P2312_R2,2024,1,18,,,,,,,,,,,,,,,,,,"2.5L/ha applied overall site knockdown to control summer weeds (heliotrope and odd thistle), vol. crop (wheat, barley, canola, radish, lentil)",kinnabulla,herbicide,2024-01-18,11.0,11.25,0.0,,,,,,,Glyphosate,L,2.5,
1711,KINNABULLA_S1.3_P2312_R3,2023,5,23,,,,,,,,,,,,,,,,,,1.5L/ha applied at sowing,kinnabulla,herbicide,2023-05-23,11.0,12.0,0.0,,,,,,,Trifluralin,L,1.5,
1712,KINNABULLA_S1.3_P2312_R3,2023,5,23,,,,,,,,,,,,,,,,,,2L/ha applied at sowing,kinnabulla,herbicide,2023-05-23,11.0,34.0,0.0,,,,,,,Avadex,L,2.0,
1713,KINNABULLA_S1.3_P2312_R3,2023,5,23,,,,,,,,,,,,,,,,,,3L/ha applied at sowing,kinnabulla,herbicide,2023-05-23,11.0,13.5,0.0,,,,,,,Glyphosate 450,L,3.0,
1714,KINNABULLA_S1.3_P2312_R3,2023,5,23,,,,,,,,,,,,,,,,,,"60kg/ha applied at sowing (W, B, L)",kinnabulla,fertiliser,2023-05-23,8.5,38.4,0.0,,,,,,,Granulock SZ,kg,60.0,
1715,KINNABULLA_S1.3_P2312_R3,2023,5,23,wheat,,,scepter,,,True,,,sale,130.0,,,30.0,,,On-time,,kinnabulla,sowing,2023-05-23,50.0,0.0,0.0,,,,,,,,,,
1716,KINNABULLA_S1.3_P2312_R3,2023,6,21,,,,,,,,,,,,,,,,,,341kg/ha top dressing - Wheat D9,kinnabulla,fertiliser,2023-06-21,8.5,170.5,0.0,,,,,,,Urea,kg,341.0,
1717,KINNABULLA_S1.3_P2312_R3,2023,7,10,,,,,,,,,,,,,,,,,,"0.12L/ha applied to all crop types to control the movement of pests back into pulse crops, could also more intro cereal crops and cause damage, 1-4 node. lucerne flea targeting vetch and lentil.",kinnabulla,pesticide,2023-07-10,11.0,4.32,0.0,,,,,,,Le-mat,L,0.12,insects
1718,KINNABULLA_S1.3_P2312_R3,2023,7,26,,,,,,,,,,,,,,,,,,"0.025L/ha applied to broadleaf weed control, targeting broadleaf weeds and vol lentils, GS13 (+0.5% uptake = wetting agent)
 *note - spray damage in wheat treatments",kinnabulla,herbicide,2023-07-26,11.0,12.25,0.0,,,,,,,Paradigm,L,0.025,
1719,KINNABULLA_S1.3_P2312_R3,2023,7,26,,,,,,,,,,,,,,,,,,"0.5L/ha applied to broadleaf weed control, targeting broadleaf weeds and vol lentils, GS13.
 *note - spray damage in wheat treatments",kinnabulla,herbicide,2023-07-26,11.0,4.07,0.0,,,,,,,MCPA LVE,L,0.5,
1720,KINNABULLA_S1.3_P2312_R3,2023,11,17,,,,,,,,,,,,,,,,,,"3L/ha applied to desiccate for late season weed control, bring all crop types in together for harvest (+0.16% BS1000 = wetting agent)",kinnabulla,herbicide,2023-11-17,11.0,45.0,0.0,,,,,,,Diquat,L,3.0,
1721,KINNABULLA_S1.3_P2312_R3,2023,12,7,wheat,,,,,,,,,,,,,,,,,,kinnabulla,termination,2023-12-07,80.0,0.0,1438.14,success,sale,4358.0,,,stubble,,,,
1722,KINNABULLA_S1.3_P2312_R3,2023,12,14,,,,,,,,,,,,,,,,,,0.4L/ha applied overall site knockdown to control summer weeds (+2% Liase =  liquid adjuvant),kinnabulla,herbicide,2023-12-14,11.0,3.38,0.0,,,,,,,Ester,L,0.4,
1723,KINNABULLA_S1.3_P2312_R3,2023,12,14,,,,,,,,,,,,,,,,,,2.5L/ha applied overall site knockdown to control summer weeds,kinnabulla,herbicide,2023-12-14,11.0,11.25,0.0,,,,,,,Glyphosate,L,2.5,
1724,KINNABULLA_S1.3_P2312_R3,2024,1,18,,,,,,,,,,,,,,,,,,"2.5L/ha applied overall site knockdown to control summer weeds (heliotrope and odd thistle), vol. crop (wheat, barley, canola, radish, lentil)",kinnabulla,herbicide,2024-01-18,11.0,11.25,0.0,,,,,,,Glyphosate,L,2.5,
1725,KINNABULLA_S1.3_P3123_R1,2023,5,23,,,,,,,,,,,,,,,,,,1.5L/ha applied at sowing,kinnabulla,herbicide,2023-05-23,11.0,12.0,0.0,,,,,,,Trifluralin,L,1.5,
1726,KINNABULLA_S1.3_P3123_R1,2023,5,23,,,,,,,,,,,,,,,,,,2L/ha applied at sowing,kinnabulla,herbicide,2023-05-23,11.0,34.0,0.0,,,,,,,Avadex,L,2.0,
1727,KINNABULLA_S1.3_P3123_R1,2023,5,23,,,,,,,,,,,,,,,,,,3L/ha applied at sowing,kinnabulla,herbicide,2023-05-23,11.0,13.5,0.0,,,,,,,Glyphosate 450,L,3.0,
1728,KINNABULLA_S1.3_P3123_R1,2023,5,23,,,,,,,,,,,,,,,,,,"60kg/ha applied at sowing (W, B, L)",kinnabulla,fertiliser,2023-05-23,8.5,38.4,0.0,,,,,,,Granulock SZ,kg,60.0,
1729,KINNABULLA_S1.3_P3123_R1,2023,5,23,wheat,,,scepter,,,True,,,sale,130.0,,,30.0,,,On-time,,kinnabulla,sowing,2023-05-23,50.0,0.0,0.0,,,,,,,,,,
1730,KINNABULLA_S1.3_P3123_R1,2023,6,21,,,,,,,,,,,,,,,,,,341kg/ha top dressing - Wheat D9,kinnabulla,fertiliser,2023-06-21,8.5,170.5,0.0,,,,,,,Urea,kg,341.0,
1731,KINNABULLA_S1.3_P3123_R1,2023,7,10,,,,,,,,,,,,,,,,,,"0.12L/ha applied to all crop types to control the movement of pests back into pulse crops, could also more intro cereal crops and cause damage, 1-4 node. lucerne flea targeting vetch and lentil.",kinnabulla,pesticide,2023-07-10,11.0,4.32,0.0,,,,,,,Le-mat,L,0.12,insects
1732,KINNABULLA_S1.3_P3123_R1,2023,7,26,,,,,,,,,,,,,,,,,,"0.025L/ha applied to broadleaf weed control, targeting broadleaf weeds and vol lentils, GS13 (+0.5% uptake = wetting agent)
 *note - spray damage in wheat treatments",kinnabulla,herbicide,2023-07-26,11.0,12.25,0.0,,,,,,,Paradigm,L,0.025,
1733,KINNABULLA_S1.3_P3123_R1,2023,7,26,,,,,,,,,,,,,,,,,,"0.5L/ha applied to broadleaf weed control, targeting broadleaf weeds and vol lentils, GS13.
 *note - spray damage in wheat treatments",kinnabulla,herbicide,2023-07-26,11.0,4.07,0.0,,,,,,,MCPA LVE,L,0.5,
1734,KINNABULLA_S1.3_P3123_R1,2023,11,17,,,,,,,,,,,,,,,,,,"3L/ha applied to desiccate for late season weed control, bring all crop types in together for harvest (+0.16% BS1000 = wetting agent)",kinnabulla,herbicide,2023-11-17,11.0,45.0,0.0,,,,,,,Diquat,L,3.0,
1735,KINNABULLA_S1.3_P3123_R1,2023,12,7,wheat,,,,,,,,,,,,,,,,,,kinnabulla,termination,2023-12-07,80.0,0.0,1864.17,success,sale,5649.0,,,stubble,,,,
1736,KINNABULLA_S1.3_P3123_R1,2023,12,14,,,,,,,,,,,,,,,,,,0.4L/ha applied overall site knockdown to control summer weeds (+2% Liase =  liquid adjuvant),kinnabulla,herbicide,2023-12-14,11.0,3.38,0.0,,,,,,,Ester,L,0.4,
1737,KINNABULLA_S1.3_P3123_R1,2023,12,14,,,,,,,,,,,,,,,,,,2.5L/ha applied overall site knockdown to control summer weeds,kinnabulla,herbicide,2023-12-14,11.0,11.25,0.0,,,,,,,Glyphosate,L,2.5,
1738,KINNABULLA_S1.3_P3123_R1,2024,1,18,,,,,,,,,,,,,,,,,,"2.5L/ha applied overall site knockdown to control summer weeds (heliotrope and odd thistle), vol. crop (wheat, barley, canola, radish, lentil)",kinnabulla,herbicide,2024-01-18,11.0,11.25,0.0,,,,,,,Glyphosate,L,2.5,
1739,KINNABULLA_S1.3_P3123_R2,2023,5,23,,,,,,,,,,,,,,,,,,1.5L/ha applied at sowing,kinnabulla,herbicide,2023-05-23,11.0,12.0,0.0,,,,,,,Trifluralin,L,1.5,
1740,KINNABULLA_S1.3_P3123_R2,2023,5,23,,,,,,,,,,,,,,,,,,2L/ha applied at sowing,kinnabulla,herbicide,2023-05-23,11.0,34.0,0.0,,,,,,,Avadex,L,2.0,
1741,KINNABULLA_S1.3_P3123_R2,2023,5,23,,,,,,,,,,,,,,,,,,3L/ha applied at sowing,kinnabulla,herbicide,2023-05-23,11.0,13.5,0.0,,,,,,,Glyphosate 450,L,3.0,
1742,KINNABULLA_S1.3_P3123_R2,2023,5,23,,,,,,,,,,,,,,,,,,"60kg/ha applied at sowing (W, B, L)",kinnabulla,fertiliser,2023-05-23,8.5,38.4,0.0,,,,,,,Granulock SZ,kg,60.0,
1743,KINNABULLA_S1.3_P3123_R2,2023,5,23,wheat,,,scepter,,,True,,,sale,130.0,,,30.0,,,On-time,,kinnabulla,sowing,2023-05-23,50.0,0.0,0.0,,,,,,,,,,
1744,KINNABULLA_S1.3_P3123_R2,2023,6,21,,,,,,,,,,,,,,,,,,341kg/ha top dressing - Wheat D9,kinnabulla,fertiliser,2023-06-21,8.5,170.5,0.0,,,,,,,Urea,kg,341.0,
1745,KINNABULLA_S1.3_P3123_R2,2023,7,10,,,,,,,,,,,,,,,,,,"0.12L/ha applied to all crop types to control the movement of pests back into pulse crops, could also more intro cereal crops and cause damage, 1-4 node. lucerne flea targeting vetch and lentil.",kinnabulla,pesticide,2023-07-10,11.0,4.32,0.0,,,,,,,Le-mat,L,0.12,insects
1746,KINNABULLA_S1.3_P3123_R2,2023,7,26,,,,,,,,,,,,,,,,,,"0.025L/ha applied to broadleaf weed control, targeting broadleaf weeds and vol lentils, GS13 (+0.5% uptake = wetting agent)
 *note - spray damage in wheat treatments",kinnabulla,herbicide,2023-07-26,11.0,12.25,0.0,,,,,,,Paradigm,L,0.025,
1747,KINNABULLA_S1.3_P3123_R2,2023,7,26,,,,,,,,,,,,,,,,,,"0.5L/ha applied to broadleaf weed control, targeting broadleaf weeds and vol lentils, GS13.
 *note - spray damage in wheat treatments",kinnabulla,herbicide,2023-07-26,11.0,4.07,0.0,,,,,,,MCPA LVE,L,0.5,
1748,KINNABULLA_S1.3_P3123_R2,2023,11,17,,,,,,,,,,,,,,,,,,"3L/ha applied to desiccate for late season weed control, bring all crop types in together for harvest (+0.16% BS1000 = wetting agent)",kinnabulla,herbicide,2023-11-17,11.0,45.0,0.0,,,,,,,Diquat,L,3.0,
1749,KINNABULLA_S1.3_P3123_R2,2023,12,7,wheat,,,,,,,,,,,,,,,,,,kinnabulla,termination,2023-12-07,80.0,0.0,1702.47,success,sale,5159.0,,,stubble,,,,
1750,KINNABULLA_S1.3_P3123_R2,2023,12,14,,,,,,,,,,,,,,,,,,0.4L/ha applied overall site knockdown to control summer weeds (+2% Liase =  liquid adjuvant),kinnabulla,herbicide,2023-12-14,11.0,3.38,0.0,,,,,,,Ester,L,0.4,
1751,KINNABULLA_S1.3_P3123_R2,2023,12,14,,,,,,,,,,,,,,,,,,2.5L/ha applied overall site knockdown to control summer weeds,kinnabulla,herbicide,2023-12-14,11.0,11.25,0.0,,,,,,,Glyphosate,L,2.5,
1752,KINNABULLA_S1.3_P3123_R2,2024,1,18,,,,,,,,,,,,,,,,,,"2.5L/ha applied overall site knockdown to control summer weeds (heliotrope and odd thistle), vol. crop (wheat, barley, canola, radish, lentil)",kinnabulla,herbicide,2024-01-18,11.0,11.25,0.0,,,,,,,Glyphosate,L,2.5,
1753,KINNABULLA_S1.3_P3123_R3,2023,5,23,,,,,,,,,,,,,,,,,,1.5L/ha applied at sowing,kinnabulla,herbicide,2023-05-23,11.0,12.0,0.0,,,,,,,Trifluralin,L,1.5,
1754,KINNABULLA_S1.3_P3123_R3,2023,5,23,,,,,,,,,,,,,,,,,,2L/ha applied at sowing,kinnabulla,herbicide,2023-05-23,11.0,34.0,0.0,,,,,,,Avadex,L,2.0,
1755,KINNABULLA_S1.3_P3123_R3,2023,5,23,,,,,,,,,,,,,,,,,,3L/ha applied at sowing,kinnabulla,herbicide,2023-05-23,11.0,13.5,0.0,,,,,,,Glyphosate 450,L,3.0,
1756,KINNABULLA_S1.3_P3123_R3,2023,5,23,,,,,,,,,,,,,,,,,,"60kg/ha applied at sowing (W, B, L)",kinnabulla,fertiliser,2023-05-23,8.5,38.4,0.0,,,,,,,Granulock SZ,kg,60.0,
1757,KINNABULLA_S1.3_P3123_R3,2023,5,23,wheat,,,scepter,,,True,,,sale,130.0,,,30.0,,,On-time,,kinnabulla,sowing,2023-05-23,50.0,0.0,0.0,,,,,,,,,,
1758,KINNABULLA_S1.3_P3123_R3,2023,6,21,,,,,,,,,,,,,,,,,,341kg/ha top dressing - Wheat D9,kinnabulla,fertiliser,2023-06-21,8.5,170.5,0.0,,,,,,,Urea,kg,341.0,
1759,KINNABULLA_S1.3_P3123_R3,2023,7,10,,,,,,,,,,,,,,,,,,"0.12L/ha applied to all crop types to control the movement of pests back into pulse crops, could also more intro cereal crops and cause damage, 1-4 node. lucerne flea targeting vetch and lentil.",kinnabulla,pesticide,2023-07-10,11.0,4.32,0.0,,,,,,,Le-mat,L,0.12,insects
1760,KINNABULLA_S1.3_P3123_R3,2023,7,26,,,,,,,,,,,,,,,,,,"0.025L/ha applied to broadleaf weed control, targeting broadleaf weeds and vol lentils, GS13 (+0.5% uptake = wetting agent)
 *note - spray damage in wheat treatments",kinnabulla,herbicide,2023-07-26,11.0,12.25,0.0,,,,,,,Paradigm,L,0.025,
1761,KINNABULLA_S1.3_P3123_R3,2023,7,26,,,,,,,,,,,,,,,,,,"0.5L/ha applied to broadleaf weed control, targeting broadleaf weeds and vol lentils, GS13.
 *note - spray damage in wheat treatments",kinnabulla,herbicide,2023-07-26,11.0,4.07,0.0,,,,,,,MCPA LVE,L,0.5,
1762,KINNABULLA_S1.3_P3123_R3,2023,11,17,,,,,,,,,,,,,,,,,,"3L/ha applied to desiccate for late season weed control, bring all crop types in together for harvest (+0.16% BS1000 = wetting agent)",kinnabulla,herbicide,2023-11-17,11.0,45.0,0.0,,,,,,,Diquat,L,3.0,
1763,KINNABULLA_S1.3_P3123_R3,2023,12,7,wheat,,,,,,,,,,,,,,,,,,kinnabulla,termination,2023-12-07,80.0,0.0,1630.2,success,sale,4940.0,,,stubble,,,,
1764,KINNABULLA_S1.3_P3123_R3,2023,12,14,,,,,,,,,,,,,,,,,,0.4L/ha applied overall site knockdown to control summer weeds (+2% Liase =  liquid adjuvant),kinnabulla,herbicide,2023-12-14,11.0,3.38,0.0,,,,,,,Ester,L,0.4,
1765,KINNABULLA_S1.3_P3123_R3,2023,12,14,,,,,,,,,,,,,,,,,,2.5L/ha applied overall site knockdown to control summer weeds,kinnabulla,herbicide,2023-12-14,11.0,11.25,0.0,,,,,,,Glyphosate,L,2.5,
1766,KINNABULLA_S1.3_P3123_R3,2024,1,18,,,,,,,,,,,,,,,,,,"2.5L/ha applied overall site knockdown to control summer weeds (heliotrope and odd thistle), vol. crop (wheat, barley, canola, radish, lentil)",kinnabulla,herbicide,2024-01-18,11.0,11.25,0.0,,,,,,,Glyphosate,L,2.5,
1767,KINNABULLA_S10_P1231_R1,2023,5,3,,,,,,,,,,,,,,,,,,1.5L/ha applied at sowing,kinnabulla,herbicide,2023-05-03,11.0,12.0,0.0,,,,,,,Trifluralin,L,1.5,
1768,KINNABULLA_S10_P1231_R1,2023,5,3,,,,,,,,,,,,,,,,,,1L/ha applied at sowing,kinnabulla,herbicide,2023-05-03,11.0,21.8,0.0,,,,,,,Propyzamide,L,1.0,
1769,KINNABULLA_S10_P1231_R1,2023,5,3,,,,,,,,,,,,,,,,,,2L/ha applied at sowing,kinnabulla,herbicide,2023-05-03,11.0,34.0,0.0,,,,,,,Avadex,L,2.0,
1770,KINNABULLA_S10_P1231_R1,2023,5,3,,,,,,,,,,,,,,,,,,"60kg/ha applied at sowing (C, Vt, TR, TR+Vt)",kinnabulla,fertiliser,2023-05-03,8.5,38.4,0.0,,,,,,,Granulock SZ,kg,60.0,
1771,KINNABULLA_S10_P1231_R1,2023,5,3,tillage radish,,,,,,False,,,soilManagement,8.0,,,30.0,,,On-time,,kinnabulla,sowing,2023-05-03,50.0,0.0,0.0,,,,,,,,,,
1772,KINNABULLA_S10_P1231_R1,2023,7,10,,,,,,,,,,,,,,,,,,"0.12L/ha applied to all crop types to control the movement of pests back into pulse crops, could also more intro cereal crops and cause damage, 1-4 node. lucerne flea targeting vetch and lentil.",kinnabulla,pesticide,2023-07-10,11.0,4.32,0.0,,,,,,,Le-mat,L,0.12,insects
1773,KINNABULLA_S10_P1231_R1,2023,7,26,,,,,,,,,,,,,,,,,,"0.18L/ha applied to grass weed control, targeting brome grass & ryegrass, 2-4 node (+2% Liase = liquid adjuvant) (+0.5% Uptake = wetting agent)",kinnabulla,herbicide,2023-07-26,11.0,24.3,0.0,,,,,,,Factor,L,0.18,
1774,KINNABULLA_S10_P1231_R1,2023,7,26,,,,,,,,,,,,,,,,,,"grass weed control, targeting brome grass & ryegrass, 2-4 node",kinnabulla,herbicide,2023-07-26,11.0,3.3,0.0,,,,,,,Haloxyfop,L,0.075,
1775,KINNABULLA_S10_P1231_R1,2023,7,26,,,,,,,,,,,,,,,,,,"grass weed control, targeting brome grass & ryegrass, 2-4 node",kinnabulla,herbicide,2023-07-26,11.0,10.25,0.0,,,,,,,Clethodim 360,L,0.5,
1776,KINNABULLA_S10_P1231_R1,2023,9,11,,,,,,,,,,,,,,,,,,"0.03L/ha applied early vetch, tillage radish, vetch & tillage radish termination, flowering",kinnabulla,herbicide,2023-09-11,11.0,9.0,0.0,,,,,,,Terrador,L,0.03,
1777,KINNABULLA_S10_P1231_R1,2023,9,11,,,,,,,,,,,,,,,,,,"2L/ha applied early vetch, tillage radish, vetch & tillage radish termination, flowering (+1% Hasten = spray adjuvant)",kinnabulla,herbicide,2023-09-11,11.0,9.0,0.0,,,,,,,Glyphosate,L,2.0,
1778,KINNABULLA_S10_P1231_R1,2023,11,17,,,,,,,,,,,,,,,,,,"3L/ha applied to desiccate for late season weed control, bring all crop types in together for harvest (+0.16% BS1000 = wetting agent)",kinnabulla,herbicide,2023-11-17,11.0,45.0,0.0,,,,,,,Diquat,L,3.0,
1779,KINNABULLA_S10_P1231_R1,2023,12,7,tillage radish,,,,,,,,,,,,,,,,,,kinnabulla,termination,2023-12-07,80.0,0.0,0.0,success,soilManagement,6600.0,,,stubble,,,,
1780,KINNABULLA_S10_P1231_R1,2023,12,14,,,,,,,,,,,,,,,,,,0.4L/ha applied overall site knockdown to control summer weeds (+2% Liase =  liquid adjuvant),kinnabulla,herbicide,2023-12-14,11.0,3.38,0.0,,,,,,,Ester,L,0.4,
1781,KINNABULLA_S10_P1231_R1,2023,12,14,,,,,,,,,,,,,,,,,,2.5L/ha applied overall site knockdown to control summer weeds,kinnabulla,herbicide,2023-12-14,11.0,11.25,0.0,,,,,,,Glyphosate,L,2.5,
1782,KINNABULLA_S10_P1231_R1,2024,1,18,,,,,,,,,,,,,,,,,,"2.5L/ha applied overall site knockdown to control summer weeds (heliotrope and odd thistle), vol. crop (wheat, barley, canola, radish, lentil)",kinnabulla,herbicide,2024-01-18,11.0,11.25,0.0,,,,,,,Glyphosate,L,2.5,
1783,KINNABULLA_S10_P1231_R2,2023,5,3,,,,,,,,,,,,,,,,,,1.5L/ha applied at sowing,kinnabulla,herbicide,2023-05-03,11.0,12.0,0.0,,,,,,,Trifluralin,L,1.5,
1784,KINNABULLA_S10_P1231_R2,2023,5,3,,,,,,,,,,,,,,,,,,1L/ha applied at sowing,kinnabulla,herbicide,2023-05-03,11.0,21.8,0.0,,,,,,,Propyzamide,L,1.0,
1785,KINNABULLA_S10_P1231_R2,2023,5,3,,,,,,,,,,,,,,,,,,2L/ha applied at sowing,kinnabulla,herbicide,2023-05-03,11.0,34.0,0.0,,,,,,,Avadex,L,2.0,
1786,KINNABULLA_S10_P1231_R2,2023,5,3,,,,,,,,,,,,,,,,,,"60kg/ha applied at sowing (C, Vt, TR, TR+Vt)",kinnabulla,fertiliser,2023-05-03,8.5,38.4,0.0,,,,,,,Granulock SZ,kg,60.0,
1787,KINNABULLA_S10_P1231_R2,2023,5,3,tillage radish,,,,,,False,,,soilManagement,8.0,,,30.0,,,On-time,,kinnabulla,sowing,2023-05-03,50.0,0.0,0.0,,,,,,,,,,
1788,KINNABULLA_S10_P1231_R2,2023,7,10,,,,,,,,,,,,,,,,,,"0.12L/ha applied to all crop types to control the movement of pests back into pulse crops, could also more intro cereal crops and cause damage, 1-4 node. lucerne flea targeting vetch and lentil.",kinnabulla,pesticide,2023-07-10,11.0,4.32,0.0,,,,,,,Le-mat,L,0.12,insects
1789,KINNABULLA_S10_P1231_R2,2023,7,26,,,,,,,,,,,,,,,,,,"0.18L/ha applied to grass weed control, targeting brome grass & ryegrass, 2-4 node (+2% Liase = liquid adjuvant) (+0.5% Uptake = wetting agent)",kinnabulla,herbicide,2023-07-26,11.0,24.3,0.0,,,,,,,Factor,L,0.18,
1790,KINNABULLA_S10_P1231_R2,2023,7,26,,,,,,,,,,,,,,,,,,"grass weed control, targeting brome grass & ryegrass, 2-4 node",kinnabulla,herbicide,2023-07-26,11.0,3.3,0.0,,,,,,,Haloxyfop,L,0.075,
1791,KINNABULLA_S10_P1231_R2,2023,7,26,,,,,,,,,,,,,,,,,,"grass weed control, targeting brome grass & ryegrass, 2-4 node",kinnabulla,herbicide,2023-07-26,11.0,10.25,0.0,,,,,,,Clethodim 360,L,0.5,
1792,KINNABULLA_S10_P1231_R2,2023,9,11,,,,,,,,,,,,,,,,,,"0.03L/ha applied early vetch, tillage radish, vetch & tillage radish termination, flowering",kinnabulla,herbicide,2023-09-11,11.0,9.0,0.0,,,,,,,Terrador,L,0.03,
1793,KINNABULLA_S10_P1231_R2,2023,9,11,,,,,,,,,,,,,,,,,,"2L/ha applied early vetch, tillage radish, vetch & tillage radish termination, flowering (+1% Hasten = spray adjuvant)",kinnabulla,herbicide,2023-09-11,11.0,9.0,0.0,,,,,,,Glyphosate,L,2.0,
1794,KINNABULLA_S10_P1231_R2,2023,11,17,,,,,,,,,,,,,,,,,,"3L/ha applied to desiccate for late season weed control, bring all crop types in together for harvest (+0.16% BS1000 = wetting agent)",kinnabulla,herbicide,2023-11-17,11.0,45.0,0.0,,,,,,,Diquat,L,3.0,
1795,KINNABULLA_S10_P1231_R2,2023,12,7,tillage radish,,,,,,,,,,,,,,,,,,kinnabulla,termination,2023-12-07,80.0,0.0,0.0,success,soilManagement,4740.0,,,stubble,,,,
1796,KINNABULLA_S10_P1231_R2,2023,12,14,,,,,,,,,,,,,,,,,,0.4L/ha applied overall site knockdown to control summer weeds (+2% Liase =  liquid adjuvant),kinnabulla,herbicide,2023-12-14,11.0,3.38,0.0,,,,,,,Ester,L,0.4,
1797,KINNABULLA_S10_P1231_R2,2023,12,14,,,,,,,,,,,,,,,,,,2.5L/ha applied overall site knockdown to control summer weeds,kinnabulla,herbicide,2023-12-14,11.0,11.25,0.0,,,,,,,Glyphosate,L,2.5,
1798,KINNABULLA_S10_P1231_R2,2024,1,18,,,,,,,,,,,,,,,,,,"2.5L/ha applied overall site knockdown to control summer weeds (heliotrope and odd thistle), vol. crop (wheat, barley, canola, radish, lentil)",kinnabulla,herbicide,2024-01-18,11.0,11.25,0.0,,,,,,,Glyphosate,L,2.5,
1799,KINNABULLA_S10_P1231_R3,2023,5,3,,,,,,,,,,,,,,,,,,1.5L/ha applied at sowing,kinnabulla,herbicide,2023-05-03,11.0,12.0,0.0,,,,,,,Trifluralin,L,1.5,
1800,KINNABULLA_S10_P1231_R3,2023,5,3,,,,,,,,,,,,,,,,,,1L/ha applied at sowing,kinnabulla,herbicide,2023-05-03,11.0,21.8,0.0,,,,,,,Propyzamide,L,1.0,
1801,KINNABULLA_S10_P1231_R3,2023,5,3,,,,,,,,,,,,,,,,,,2L/ha applied at sowing,kinnabulla,herbicide,2023-05-03,11.0,34.0,0.0,,,,,,,Avadex,L,2.0,
1802,KINNABULLA_S10_P1231_R3,2023,5,3,,,,,,,,,,,,,,,,,,"60kg/ha applied at sowing (C, Vt, TR, TR+Vt)",kinnabulla,fertiliser,2023-05-03,8.5,38.4,0.0,,,,,,,Granulock SZ,kg,60.0,
1803,KINNABULLA_S10_P1231_R3,2023,5,3,tillage radish,,,,,,False,,,soilManagement,8.0,,,30.0,,,On-time,,kinnabulla,sowing,2023-05-03,50.0,0.0,0.0,,,,,,,,,,
1804,KINNABULLA_S10_P1231_R3,2023,7,10,,,,,,,,,,,,,,,,,,"0.12L/ha applied to all crop types to control the movement of pests back into pulse crops, could also more intro cereal crops and cause damage, 1-4 node. lucerne flea targeting vetch and lentil.",kinnabulla,pesticide,2023-07-10,11.0,4.32,0.0,,,,,,,Le-mat,L,0.12,insects
1805,KINNABULLA_S10_P1231_R3,2023,7,26,,,,,,,,,,,,,,,,,,"0.18L/ha applied to grass weed control, targeting brome grass & ryegrass, 2-4 node (+2% Liase = liquid adjuvant) (+0.5% Uptake = wetting agent)",kinnabulla,herbicide,2023-07-26,11.0,24.3,0.0,,,,,,,Factor,L,0.18,
1806,KINNABULLA_S10_P1231_R3,2023,7,26,,,,,,,,,,,,,,,,,,"grass weed control, targeting brome grass & ryegrass, 2-4 node",kinnabulla,herbicide,2023-07-26,11.0,3.3,0.0,,,,,,,Haloxyfop,L,0.075,
1807,KINNABULLA_S10_P1231_R3,2023,7,26,,,,,,,,,,,,,,,,,,"grass weed control, targeting brome grass & ryegrass, 2-4 node",kinnabulla,herbicide,2023-07-26,11.0,10.25,0.0,,,,,,,Clethodim 360,L,0.5,
1808,KINNABULLA_S10_P1231_R3,2023,9,11,,,,,,,,,,,,,,,,,,"0.03L/ha applied early vetch, tillage radish, vetch & tillage radish termination, flowering",kinnabulla,herbicide,2023-09-11,11.0,9.0,0.0,,,,,,,Terrador,L,0.03,
1809,KINNABULLA_S10_P1231_R3,2023,9,11,,,,,,,,,,,,,,,,,,"2L/ha applied early vetch, tillage radish, vetch & tillage radish termination, flowering (+1% Hasten = spray adjuvant)",kinnabulla,herbicide,2023-09-11,11.0,9.0,0.0,,,,,,,Glyphosate,L,2.0,
1810,KINNABULLA_S10_P1231_R3,2023,11,17,,,,,,,,,,,,,,,,,,"3L/ha applied to desiccate for late season weed control, bring all crop types in together for harvest (+0.16% BS1000 = wetting agent)",kinnabulla,herbicide,2023-11-17,11.0,45.0,0.0,,,,,,,Diquat,L,3.0,
1811,KINNABULLA_S10_P1231_R3,2023,12,7,tillage radish,,,,,,,,,,,,,,,,,,kinnabulla,termination,2023-12-07,80.0,0.0,0.0,success,soilManagement,3557.0,,,stubble,,,,
1812,KINNABULLA_S10_P1231_R3,2023,12,14,,,,,,,,,,,,,,,,,,0.4L/ha applied overall site knockdown to control summer weeds (+2% Liase =  liquid adjuvant),kinnabulla,herbicide,2023-12-14,11.0,3.38,0.0,,,,,,,Ester,L,0.4,
1813,KINNABULLA_S10_P1231_R3,2023,12,14,,,,,,,,,,,,,,,,,,2.5L/ha applied overall site knockdown to control summer weeds,kinnabulla,herbicide,2023-12-14,11.0,11.25,0.0,,,,,,,Glyphosate,L,2.5,
1814,KINNABULLA_S10_P1231_R3,2024,1,18,,,,,,,,,,,,,,,,,,"2.5L/ha applied overall site knockdown to control summer weeds (heliotrope and odd thistle), vol. crop (wheat, barley, canola, radish, lentil)",kinnabulla,herbicide,2024-01-18,11.0,11.25,0.0,,,,,,,Glyphosate,L,2.5,
1815,KINNABULLA_S10_P2312_R1,2023,5,23,,,,,,,,,,,,,,,,,,1.5L/ha applied at sowing,kinnabulla,herbicide,2023-05-23,11.0,12.0,0.0,,,,,,,Trifluralin,L,1.5,
1816,KINNABULLA_S10_P2312_R1,2023,5,23,,,,,,,,,,,,,,,,,,2L/ha applied at sowing,kinnabulla,herbicide,2023-05-23,11.0,34.0,0.0,,,,,,,Avadex,L,2.0,
1817,KINNABULLA_S10_P2312_R1,2023,5,23,,,,,,,,,,,,,,,,,,3L/ha applied at sowing,kinnabulla,herbicide,2023-05-23,11.0,13.5,0.0,,,,,,,Glyphosate 450,L,3.0,
1818,KINNABULLA_S10_P2312_R1,2023,5,23,,,,,,,,,,,,,,,,,,"60kg/ha applied at sowing (W, B, L)",kinnabulla,fertiliser,2023-05-23,8.5,38.4,0.0,,,,,,,Granulock SZ,kg,60.0,
1819,KINNABULLA_S10_P2312_R1,2023,5,23,wheat,,,scepter,,,True,,,sale,130.0,,,30.0,,,On-time,,kinnabulla,sowing,2023-05-23,50.0,0.0,0.0,,,,,,,,,,
1820,KINNABULLA_S10_P2312_R1,2023,6,21,,,,,,,,,,,,,,,,,,257kg/ha top dressing - Wheat D5,kinnabulla,fertiliser,2023-06-21,8.5,128.5,0.0,,,,,,,Urea,kg,257.0,
1821,KINNABULLA_S10_P2312_R1,2023,7,10,,,,,,,,,,,,,,,,,,"0.12L/ha applied to all crop types to control the movement of pests back into pulse crops, could also more intro cereal crops and cause damage, 1-4 node. lucerne flea targeting vetch and lentil.",kinnabulla,pesticide,2023-07-10,11.0,4.32,0.0,,,,,,,Le-mat,L,0.12,insects
1822,KINNABULLA_S10_P2312_R1,2023,7,26,,,,,,,,,,,,,,,,,,"0.025L/ha applied to broadleaf weed control, targeting broadleaf weeds and vol lentils, GS13 (+0.5% uptake = wetting agent)
 *note - spray damage in wheat treatments",kinnabulla,herbicide,2023-07-26,11.0,12.25,0.0,,,,,,,Paradigm,L,0.025,
1823,KINNABULLA_S10_P2312_R1,2023,7,26,,,,,,,,,,,,,,,,,,"0.5L/ha applied to broadleaf weed control, targeting broadleaf weeds and vol lentils, GS13.
 *note - spray damage in wheat treatments",kinnabulla,herbicide,2023-07-26,11.0,4.07,0.0,,,,,,,MCPA LVE,L,0.5,
1824,KINNABULLA_S10_P2312_R1,2023,11,17,,,,,,,,,,,,,,,,,,"3L/ha applied to desiccate for late season weed control, bring all crop types in together for harvest (+0.16% BS1000 = wetting agent)",kinnabulla,herbicide,2023-11-17,11.0,45.0,0.0,,,,,,,Diquat,L,3.0,
1825,KINNABULLA_S10_P2312_R1,2023,12,7,wheat,,,,,,,,,,,,,,,,,,kinnabulla,termination,2023-12-07,80.0,0.0,1941.72,success,sale,5884.0,,,stubble,,,,
1826,KINNABULLA_S10_P2312_R1,2023,12,14,,,,,,,,,,,,,,,,,,0.4L/ha applied overall site knockdown to control summer weeds (+2% Liase =  liquid adjuvant),kinnabulla,herbicide,2023-12-14,11.0,3.38,0.0,,,,,,,Ester,L,0.4,
1827,KINNABULLA_S10_P2312_R1,2023,12,14,,,,,,,,,,,,,,,,,,2.5L/ha applied overall site knockdown to control summer weeds,kinnabulla,herbicide,2023-12-14,11.0,11.25,0.0,,,,,,,Glyphosate,L,2.5,
1828,KINNABULLA_S10_P2312_R1,2024,1,18,,,,,,,,,,,,,,,,,,"2.5L/ha applied overall site knockdown to control summer weeds (heliotrope and odd thistle), vol. crop (wheat, barley, canola, radish, lentil)",kinnabulla,herbicide,2024-01-18,11.0,11.25,0.0,,,,,,,Glyphosate,L,2.5,
1829,KINNABULLA_S10_P2312_R2,2023,5,23,,,,,,,,,,,,,,,,,,1.5L/ha applied at sowing,kinnabulla,herbicide,2023-05-23,11.0,12.0,0.0,,,,,,,Trifluralin,L,1.5,
1830,KINNABULLA_S10_P2312_R2,2023,5,23,,,,,,,,,,,,,,,,,,2L/ha applied at sowing,kinnabulla,herbicide,2023-05-23,11.0,34.0,0.0,,,,,,,Avadex,L,2.0,
1831,KINNABULLA_S10_P2312_R2,2023,5,23,,,,,,,,,,,,,,,,,,3L/ha applied at sowing,kinnabulla,herbicide,2023-05-23,11.0,13.5,0.0,,,,,,,Glyphosate 450,L,3.0,
1832,KINNABULLA_S10_P2312_R2,2023,5,23,,,,,,,,,,,,,,,,,,"60kg/ha applied at sowing (W, B, L)",kinnabulla,fertiliser,2023-05-23,8.5,38.4,0.0,,,,,,,Granulock SZ,kg,60.0,
1833,KINNABULLA_S10_P2312_R2,2023,5,23,wheat,,,scepter,,,True,,,sale,130.0,,,30.0,,,On-time,,kinnabulla,sowing,2023-05-23,50.0,0.0,0.0,,,,,,,,,,
1834,KINNABULLA_S10_P2312_R2,2023,6,21,,,,,,,,,,,,,,,,,,257kg/ha top dressing - Wheat D5,kinnabulla,fertiliser,2023-06-21,8.5,128.5,0.0,,,,,,,Urea,kg,257.0,
1835,KINNABULLA_S10_P2312_R2,2023,7,10,,,,,,,,,,,,,,,,,,"0.12L/ha applied to all crop types to control the movement of pests back into pulse crops, could also more intro cereal crops and cause damage, 1-4 node. lucerne flea targeting vetch and lentil.",kinnabulla,pesticide,2023-07-10,11.0,4.32,0.0,,,,,,,Le-mat,L,0.12,insects
1836,KINNABULLA_S10_P2312_R2,2023,7,26,,,,,,,,,,,,,,,,,,"0.025L/ha applied to broadleaf weed control, targeting broadleaf weeds and vol lentils, GS13 (+0.5% uptake = wetting agent)
 *note - spray damage in wheat treatments",kinnabulla,herbicide,2023-07-26,11.0,12.25,0.0,,,,,,,Paradigm,L,0.025,
1837,KINNABULLA_S10_P2312_R2,2023,7,26,,,,,,,,,,,,,,,,,,"0.5L/ha applied to broadleaf weed control, targeting broadleaf weeds and vol lentils, GS13.
 *note - spray damage in wheat treatments",kinnabulla,herbicide,2023-07-26,11.0,4.07,0.0,,,,,,,MCPA LVE,L,0.5,
1838,KINNABULLA_S10_P2312_R2,2023,11,17,,,,,,,,,,,,,,,,,,"3L/ha applied to desiccate for late season weed control, bring all crop types in together for harvest (+0.16% BS1000 = wetting agent)",kinnabulla,herbicide,2023-11-17,11.0,45.0,0.0,,,,,,,Diquat,L,3.0,
1839,KINNABULLA_S10_P2312_R2,2023,12,7,wheat,,,,,,,,,,,,,,,,,,kinnabulla,termination,2023-12-07,80.0,0.0,1572.1200000000001,success,sale,4764.0,,,stubble,,,,
1840,KINNABULLA_S10_P2312_R2,2023,12,14,,,,,,,,,,,,,,,,,,0.4L/ha applied overall site knockdown to control summer weeds (+2% Liase =  liquid adjuvant),kinnabulla,herbicide,2023-12-14,11.0,3.38,0.0,,,,,,,Ester,L,0.4,
1841,KINNABULLA_S10_P2312_R2,2023,12,14,,,,,,,,,,,,,,,,,,2.5L/ha applied overall site knockdown to control summer weeds,kinnabulla,herbicide,2023-12-14,11.0,11.25,0.0,,,,,,,Glyphosate,L,2.5,
1842,KINNABULLA_S10_P2312_R2,2024,1,18,,,,,,,,,,,,,,,,,,"2.5L/ha applied overall site knockdown to control summer weeds (heliotrope and odd thistle), vol. crop (wheat, barley, canola, radish, lentil)",kinnabulla,herbicide,2024-01-18,11.0,11.25,0.0,,,,,,,Glyphosate,L,2.5,
1843,KINNABULLA_S10_P2312_R3,2023,5,23,,,,,,,,,,,,,,,,,,1.5L/ha applied at sowing,kinnabulla,herbicide,2023-05-23,11.0,12.0,0.0,,,,,,,Trifluralin,L,1.5,
1844,KINNABULLA_S10_P2312_R3,2023,5,23,,,,,,,,,,,,,,,,,,2L/ha applied at sowing,kinnabulla,herbicide,2023-05-23,11.0,34.0,0.0,,,,,,,Avadex,L,2.0,
1845,KINNABULLA_S10_P2312_R3,2023,5,23,,,,,,,,,,,,,,,,,,3L/ha applied at sowing,kinnabulla,herbicide,2023-05-23,11.0,13.5,0.0,,,,,,,Glyphosate 450,L,3.0,
1846,KINNABULLA_S10_P2312_R3,2023,5,23,,,,,,,,,,,,,,,,,,"60kg/ha applied at sowing (W, B, L)",kinnabulla,fertiliser,2023-05-23,8.5,38.4,0.0,,,,,,,Granulock SZ,kg,60.0,
1847,KINNABULLA_S10_P2312_R3,2023,5,23,wheat,,,scepter,,,True,,,sale,130.0,,,30.0,,,On-time,,kinnabulla,sowing,2023-05-23,50.0,0.0,0.0,,,,,,,,,,
1848,KINNABULLA_S10_P2312_R3,2023,6,21,,,,,,,,,,,,,,,,,,257kg/ha top dressing - Wheat D5,kinnabulla,fertiliser,2023-06-21,8.5,128.5,0.0,,,,,,,Urea,kg,257.0,
1849,KINNABULLA_S10_P2312_R3,2023,7,10,,,,,,,,,,,,,,,,,,"0.12L/ha applied to all crop types to control the movement of pests back into pulse crops, could also more intro cereal crops and cause damage, 1-4 node. lucerne flea targeting vetch and lentil.",kinnabulla,pesticide,2023-07-10,11.0,4.32,0.0,,,,,,,Le-mat,L,0.12,insects
1850,KINNABULLA_S10_P2312_R3,2023,7,26,,,,,,,,,,,,,,,,,,"0.025L/ha applied to broadleaf weed control, targeting broadleaf weeds and vol lentils, GS13 (+0.5% uptake = wetting agent)
 *note - spray damage in wheat treatments",kinnabulla,herbicide,2023-07-26,11.0,12.25,0.0,,,,,,,Paradigm,L,0.025,
1851,KINNABULLA_S10_P2312_R3,2023,7,26,,,,,,,,,,,,,,,,,,"0.5L/ha applied to broadleaf weed control, targeting broadleaf weeds and vol lentils, GS13.
 *note - spray damage in wheat treatments",kinnabulla,herbicide,2023-07-26,11.0,4.07,0.0,,,,,,,MCPA LVE,L,0.5,
1852,KINNABULLA_S10_P2312_R3,2023,11,17,,,,,,,,,,,,,,,,,,"3L/ha applied to desiccate for late season weed control, bring all crop types in together for harvest (+0.16% BS1000 = wetting agent)",kinnabulla,herbicide,2023-11-17,11.0,45.0,0.0,,,,,,,Diquat,L,3.0,
1853,KINNABULLA_S10_P2312_R3,2023,12,7,wheat,,,,,,,,,,,,,,,,,,kinnabulla,termination,2023-12-07,80.0,0.0,1527.24,success,sale,4628.0,,,stubble,,,,
1854,KINNABULLA_S10_P2312_R3,2023,12,14,,,,,,,,,,,,,,,,,,0.4L/ha applied overall site knockdown to control summer weeds (+2% Liase =  liquid adjuvant),kinnabulla,herbicide,2023-12-14,11.0,3.38,0.0,,,,,,,Ester,L,0.4,
1855,KINNABULLA_S10_P2312_R3,2023,12,14,,,,,,,,,,,,,,,,,,2.5L/ha applied overall site knockdown to control summer weeds,kinnabulla,herbicide,2023-12-14,11.0,11.25,0.0,,,,,,,Glyphosate,L,2.5,
1856,KINNABULLA_S10_P2312_R3,2024,1,18,,,,,,,,,,,,,,,,,,"2.5L/ha applied overall site knockdown to control summer weeds (heliotrope and odd thistle), vol. crop (wheat, barley, canola, radish, lentil)",kinnabulla,herbicide,2024-01-18,11.0,11.25,0.0,,,,,,,Glyphosate,L,2.5,
1857,KINNABULLA_S10_P3123_R1,2023,5,23,,,,,,,,,,,,,,,,,,1.5L/ha applied at sowing,kinnabulla,herbicide,2023-05-23,11.0,12.0,0.0,,,,,,,Trifluralin,L,1.5,
1858,KINNABULLA_S10_P3123_R1,2023,5,23,,,,,,,,,,,,,,,,,,2L/ha applied at sowing,kinnabulla,herbicide,2023-05-23,11.0,34.0,0.0,,,,,,,Avadex,L,2.0,
1859,KINNABULLA_S10_P3123_R1,2023,5,23,,,,,,,,,,,,,,,,,,3L/ha applied at sowing,kinnabulla,herbicide,2023-05-23,11.0,13.5,0.0,,,,,,,Glyphosate 450,L,3.0,
1860,KINNABULLA_S10_P3123_R1,2023,5,23,,,,,,,,,,,,,,,,,,"60kg/ha applied at sowing (W, B, L)",kinnabulla,fertiliser,2023-05-23,8.5,38.4,0.0,,,,,,,Granulock SZ,kg,60.0,
1861,KINNABULLA_S10_P3123_R1,2023,5,23,wheat,,,scepter,,,True,,,sale,130.0,,,30.0,,,On-time,,kinnabulla,sowing,2023-05-23,50.0,0.0,0.0,,,,,,,,,,
1862,KINNABULLA_S10_P3123_R1,2023,6,21,,,,,,,,,,,,,,,,,,257kg/ha top dressing - Wheat D5,kinnabulla,fertiliser,2023-06-21,8.5,128.5,0.0,,,,,,,Urea,kg,257.0,
1863,KINNABULLA_S10_P3123_R1,2023,7,10,,,,,,,,,,,,,,,,,,"0.12L/ha applied to all crop types to control the movement of pests back into pulse crops, could also more intro cereal crops and cause damage, 1-4 node. lucerne flea targeting vetch and lentil.",kinnabulla,pesticide,2023-07-10,11.0,4.32,0.0,,,,,,,Le-mat,L,0.12,insects
1864,KINNABULLA_S10_P3123_R1,2023,7,26,,,,,,,,,,,,,,,,,,"0.025L/ha applied to broadleaf weed control, targeting broadleaf weeds and vol lentils, GS13 (+0.5% uptake = wetting agent)
 *note - spray damage in wheat treatments",kinnabulla,herbicide,2023-07-26,11.0,12.25,0.0,,,,,,,Paradigm,L,0.025,
1865,KINNABULLA_S10_P3123_R1,2023,7,26,,,,,,,,,,,,,,,,,,"0.5L/ha applied to broadleaf weed control, targeting broadleaf weeds and vol lentils, GS13.
 *note - spray damage in wheat treatments",kinnabulla,herbicide,2023-07-26,11.0,4.07,0.0,,,,,,,MCPA LVE,L,0.5,
1866,KINNABULLA_S10_P3123_R1,2023,11,17,,,,,,,,,,,,,,,,,,"3L/ha applied to desiccate for late season weed control, bring all crop types in together for harvest (+0.16% BS1000 = wetting agent)",kinnabulla,herbicide,2023-11-17,11.0,45.0,0.0,,,,,,,Diquat,L,3.0,
1867,KINNABULLA_S10_P3123_R1,2023,12,7,wheat,,,,,,,,,,,,,,,,,,kinnabulla,termination,2023-12-07,80.0,0.0,1943.0400000000002,success,sale,5888.0,,,stubble,,,,
1868,KINNABULLA_S10_P3123_R1,2023,12,14,,,,,,,,,,,,,,,,,,0.4L/ha applied overall site knockdown to control summer weeds (+2% Liase =  liquid adjuvant),kinnabulla,herbicide,2023-12-14,11.0,3.38,0.0,,,,,,,Ester,L,0.4,
1869,KINNABULLA_S10_P3123_R1,2023,12,14,,,,,,,,,,,,,,,,,,2.5L/ha applied overall site knockdown to control summer weeds,kinnabulla,herbicide,2023-12-14,11.0,11.25,0.0,,,,,,,Glyphosate,L,2.5,
1870,KINNABULLA_S10_P3123_R1,2024,1,18,,,,,,,,,,,,,,,,,,"2.5L/ha applied overall site knockdown to control summer weeds (heliotrope and odd thistle), vol. crop (wheat, barley, canola, radish, lentil)",kinnabulla,herbicide,2024-01-18,11.0,11.25,0.0,,,,,,,Glyphosate,L,2.5,
1871,KINNABULLA_S10_P3123_R2,2023,5,23,,,,,,,,,,,,,,,,,,1.5L/ha applied at sowing,kinnabulla,herbicide,2023-05-23,11.0,12.0,0.0,,,,,,,Trifluralin,L,1.5,
1872,KINNABULLA_S10_P3123_R2,2023,5,23,,,,,,,,,,,,,,,,,,2L/ha applied at sowing,kinnabulla,herbicide,2023-05-23,11.0,34.0,0.0,,,,,,,Avadex,L,2.0,
1873,KINNABULLA_S10_P3123_R2,2023,5,23,,,,,,,,,,,,,,,,,,3L/ha applied at sowing,kinnabulla,herbicide,2023-05-23,11.0,13.5,0.0,,,,,,,Glyphosate 450,L,3.0,
1874,KINNABULLA_S10_P3123_R2,2023,5,23,,,,,,,,,,,,,,,,,,"60kg/ha applied at sowing (W, B, L)",kinnabulla,fertiliser,2023-05-23,8.5,38.4,0.0,,,,,,,Granulock SZ,kg,60.0,
1875,KINNABULLA_S10_P3123_R2,2023,5,23,wheat,,,scepter,,,True,,,sale,130.0,,,30.0,,,On-time,,kinnabulla,sowing,2023-05-23,50.0,0.0,0.0,,,,,,,,,,
1876,KINNABULLA_S10_P3123_R2,2023,6,21,,,,,,,,,,,,,,,,,,257kg/ha top dressing - Wheat D5,kinnabulla,fertiliser,2023-06-21,8.5,128.5,0.0,,,,,,,Urea,kg,257.0,
1877,KINNABULLA_S10_P3123_R2,2023,7,10,,,,,,,,,,,,,,,,,,"0.12L/ha applied to all crop types to control the movement of pests back into pulse crops, could also more intro cereal crops and cause damage, 1-4 node. lucerne flea targeting vetch and lentil.",kinnabulla,pesticide,2023-07-10,11.0,4.32,0.0,,,,,,,Le-mat,L,0.12,insects
1878,KINNABULLA_S10_P3123_R2,2023,7,26,,,,,,,,,,,,,,,,,,"0.025L/ha applied to broadleaf weed control, targeting broadleaf weeds and vol lentils, GS13 (+0.5% uptake = wetting agent)
 *note - spray damage in wheat treatments",kinnabulla,herbicide,2023-07-26,11.0,12.25,0.0,,,,,,,Paradigm,L,0.025,
1879,KINNABULLA_S10_P3123_R2,2023,7,26,,,,,,,,,,,,,,,,,,"0.5L/ha applied to broadleaf weed control, targeting broadleaf weeds and vol lentils, GS13.
 *note - spray damage in wheat treatments",kinnabulla,herbicide,2023-07-26,11.0,4.07,0.0,,,,,,,MCPA LVE,L,0.5,
1880,KINNABULLA_S10_P3123_R2,2023,11,17,,,,,,,,,,,,,,,,,,"3L/ha applied to desiccate for late season weed control, bring all crop types in together for harvest (+0.16% BS1000 = wetting agent)",kinnabulla,herbicide,2023-11-17,11.0,45.0,0.0,,,,,,,Diquat,L,3.0,
1881,KINNABULLA_S10_P3123_R2,2023,12,7,wheat,,,,,,,,,,,,,,,,,,kinnabulla,termination,2023-12-07,80.0,0.0,1848.0,success,sale,5600.0,,,stubble,,,,
1882,KINNABULLA_S10_P3123_R2,2023,12,14,,,,,,,,,,,,,,,,,,0.4L/ha applied overall site knockdown to control summer weeds (+2% Liase =  liquid adjuvant),kinnabulla,herbicide,2023-12-14,11.0,3.38,0.0,,,,,,,Ester,L,0.4,
1883,KINNABULLA_S10_P3123_R2,2023,12,14,,,,,,,,,,,,,,,,,,2.5L/ha applied overall site knockdown to control summer weeds,kinnabulla,herbicide,2023-12-14,11.0,11.25,0.0,,,,,,,Glyphosate,L,2.5,
1884,KINNABULLA_S10_P3123_R2,2024,1,18,,,,,,,,,,,,,,,,,,"2.5L/ha applied overall site knockdown to control summer weeds (heliotrope and odd thistle), vol. crop (wheat, barley, canola, radish, lentil)",kinnabulla,herbicide,2024-01-18,11.0,11.25,0.0,,,,,,,Glyphosate,L,2.5,
1885,KINNABULLA_S10_P3123_R3,2023,5,23,,,,,,,,,,,,,,,,,,1.5L/ha applied at sowing,kinnabulla,herbicide,2023-05-23,11.0,12.0,0.0,,,,,,,Trifluralin,L,1.5,
1886,KINNABULLA_S10_P3123_R3,2023,5,23,,,,,,,,,,,,,,,,,,2L/ha applied at sowing,kinnabulla,herbicide,2023-05-23,11.0,34.0,0.0,,,,,,,Avadex,L,2.0,
1887,KINNABULLA_S10_P3123_R3,2023,5,23,,,,,,,,,,,,,,,,,,3L/ha applied at sowing,kinnabulla,herbicide,2023-05-23,11.0,13.5,0.0,,,,,,,Glyphosate 450,L,3.0,
1888,KINNABULLA_S10_P3123_R3,2023,5,23,,,,,,,,,,,,,,,,,,"60kg/ha applied at sowing (W, B, L)",kinnabulla,fertiliser,2023-05-23,8.5,38.4,0.0,,,,,,,Granulock SZ,kg,60.0,
1889,KINNABULLA_S10_P3123_R3,2023,5,23,wheat,,,scepter,,,True,,,sale,130.0,,,30.0,,,On-time,,kinnabulla,sowing,2023-05-23,50.0,0.0,0.0,,,,,,,,,,
1890,KINNABULLA_S10_P3123_R3,2023,6,21,,,,,,,,,,,,,,,,,,257kg/ha top dressing - Wheat D5,kinnabulla,fertiliser,2023-06-21,8.5,128.5,0.0,,,,,,,Urea,kg,257.0,
1891,KINNABULLA_S10_P3123_R3,2023,7,10,,,,,,,,,,,,,,,,,,"0.12L/ha applied to all crop types to control the movement of pests back into pulse crops, could also more intro cereal crops and cause damage, 1-4 node. lucerne flea targeting vetch and lentil.",kinnabulla,pesticide,2023-07-10,11.0,4.32,0.0,,,,,,,Le-mat,L,0.12,insects
1892,KINNABULLA_S10_P3123_R3,2023,7,26,,,,,,,,,,,,,,,,,,"0.025L/ha applied to broadleaf weed control, targeting broadleaf weeds and vol lentils, GS13 (+0.5% uptake = wetting agent)
 *note - spray damage in wheat treatments",kinnabulla,herbicide,2023-07-26,11.0,12.25,0.0,,,,,,,Paradigm,L,0.025,
1893,KINNABULLA_S10_P3123_R3,2023,7,26,,,,,,,,,,,,,,,,,,"0.5L/ha applied to broadleaf weed control, targeting broadleaf weeds and vol lentils, GS13.
 *note - spray damage in wheat treatments",kinnabulla,herbicide,2023-07-26,11.0,4.07,0.0,,,,,,,MCPA LVE,L,0.5,
1894,KINNABULLA_S10_P3123_R3,2023,11,17,,,,,,,,,,,,,,,,,,"3L/ha applied to desiccate for late season weed control, bring all crop types in together for harvest (+0.16% BS1000 = wetting agent)",kinnabulla,herbicide,2023-11-17,11.0,45.0,0.0,,,,,,,Diquat,L,3.0,
1895,KINNABULLA_S10_P3123_R3,2023,12,7,wheat,,,,,,,,,,,,,,,,,,kinnabulla,termination,2023-12-07,80.0,0.0,1634.49,success,sale,4953.0,,,stubble,,,,
1896,KINNABULLA_S10_P3123_R3,2023,12,14,,,,,,,,,,,,,,,,,,0.4L/ha applied overall site knockdown to control summer weeds (+2% Liase =  liquid adjuvant),kinnabulla,herbicide,2023-12-14,11.0,3.38,0.0,,,,,,,Ester,L,0.4,
1897,KINNABULLA_S10_P3123_R3,2023,12,14,,,,,,,,,,,,,,,,,,2.5L/ha applied overall site knockdown to control summer weeds,kinnabulla,herbicide,2023-12-14,11.0,11.25,0.0,,,,,,,Glyphosate,L,2.5,
1898,KINNABULLA_S10_P3123_R3,2024,1,18,,,,,,,,,,,,,,,,,,"2.5L/ha applied overall site knockdown to control summer weeds (heliotrope and odd thistle), vol. crop (wheat, barley, canola, radish, lentil)",kinnabulla,herbicide,2024-01-18,11.0,11.25,0.0,,,,,,,Glyphosate,L,2.5,
1899,KINNABULLA_S11_P1231_R1,2023,5,3,,,,,,,,,,,,,,,,,,1.5L/ha applied at sowing,kinnabulla,herbicide,2023-05-03,11.0,12.0,0.0,,,,,,,Trifluralin,L,1.5,
1900,KINNABULLA_S11_P1231_R1,2023,5,3,,,,,,,,,,,,,,,,,,1L/ha applied at sowing,kinnabulla,herbicide,2023-05-03,11.0,21.8,0.0,,,,,,,Propyzamide,L,1.0,
1901,KINNABULLA_S11_P1231_R1,2023,5,3,,,,,,,,,,,,,,,,,,2L/ha applied at sowing,kinnabulla,herbicide,2023-05-03,11.0,34.0,0.0,,,,,,,Avadex,L,2.0,
1902,KINNABULLA_S11_P1231_R1,2023,5,3,,,,,,,,,,,,,,,,,,"60kg/ha applied at sowing (C, Vt, TR, TR+Vt)",kinnabulla,fertiliser,2023-05-03,8.5,38.4,0.0,,,,,,,Granulock SZ,kg,60.0,
1903,KINNABULLA_S11_P1231_R1,2023,5,3,tillage radish,vetch,,,morava,,False,True,,soilManagement,4.0,30.0,,30.0,,,On-time,,kinnabulla,sowing,2023-05-03,50.0,0.0,0.0,,,,,,,,,,
1904,KINNABULLA_S11_P1231_R1,2023,7,10,,,,,,,,,,,,,,,,,,"0.12L/ha applied to all crop types to control the movement of pests back into pulse crops, could also more intro cereal crops and cause damage, 1-4 node. lucerne flea targeting vetch and lentil.",kinnabulla,pesticide,2023-07-10,11.0,4.32,0.0,,,,,,,Le-mat,L,0.12,insects
1905,KINNABULLA_S11_P1231_R1,2023,7,26,,,,,,,,,,,,,,,,,,"0.18L/ha applied to grass weed control, targeting brome grass & ryegrass, 2-4 node (+2% Liase = liquid adjuvant) (+0.5% Uptake = wetting agent)",kinnabulla,herbicide,2023-07-26,11.0,24.3,0.0,,,,,,,Factor,L,0.18,
1906,KINNABULLA_S11_P1231_R1,2023,7,26,,,,,,,,,,,,,,,,,,"grass weed control, targeting brome grass & ryegrass, 2-4 node",kinnabulla,herbicide,2023-07-26,11.0,3.3,0.0,,,,,,,Haloxyfop,L,0.075,
1907,KINNABULLA_S11_P1231_R1,2023,7,26,,,,,,,,,,,,,,,,,,"grass weed control, targeting brome grass & ryegrass, 2-4 node",kinnabulla,herbicide,2023-07-26,11.0,10.25,0.0,,,,,,,Clethodim 360,L,0.5,
1908,KINNABULLA_S11_P1231_R1,2023,9,11,,,,,,,,,,,,,,,,,,"0.03L/ha applied early vetch, tillage radish, vetch & tillage radish termination, flowering",kinnabulla,herbicide,2023-09-11,11.0,9.0,0.0,,,,,,,Terrador,L,0.03,
1909,KINNABULLA_S11_P1231_R1,2023,9,11,,,,,,,,,,,,,,,,,,"2L/ha applied early vetch, tillage radish, vetch & tillage radish termination, flowering (+1% Hasten = spray adjuvant)",kinnabulla,herbicide,2023-09-11,11.0,9.0,0.0,,,,,,,Glyphosate,L,2.0,
1910,KINNABULLA_S11_P1231_R1,2023,11,17,,,,,,,,,,,,,,,,,,"3L/ha applied to desiccate for late season weed control, bring all crop types in together for harvest (+0.16% BS1000 = wetting agent)",kinnabulla,herbicide,2023-11-17,11.0,45.0,0.0,,,,,,,Diquat,L,3.0,
1911,KINNABULLA_S11_P1231_R1,2023,12,7,vetch,tillage radish,,,,,,,,,,,,,,,,,kinnabulla,termination,2023-12-07,80.0,0.0,0.0,success,soilManagement,2307.0,1503.0,,stubble,,,,
1912,KINNABULLA_S11_P1231_R1,2023,12,14,,,,,,,,,,,,,,,,,,0.4L/ha applied overall site knockdown to control summer weeds (+2% Liase =  liquid adjuvant),kinnabulla,herbicide,2023-12-14,11.0,3.38,0.0,,,,,,,Ester,L,0.4,
1913,KINNABULLA_S11_P1231_R1,2023,12,14,,,,,,,,,,,,,,,,,,2.5L/ha applied overall site knockdown to control summer weeds,kinnabulla,herbicide,2023-12-14,11.0,11.25,0.0,,,,,,,Glyphosate,L,2.5,
1914,KINNABULLA_S11_P1231_R1,2024,1,18,,,,,,,,,,,,,,,,,,"2.5L/ha applied overall site knockdown to control summer weeds (heliotrope and odd thistle), vol. crop (wheat, barley, canola, radish, lentil)",kinnabulla,herbicide,2024-01-18,11.0,11.25,0.0,,,,,,,Glyphosate,L,2.5,
1915,KINNABULLA_S11_P1231_R2,2023,5,3,,,,,,,,,,,,,,,,,,1.5L/ha applied at sowing,kinnabulla,herbicide,2023-05-03,11.0,12.0,0.0,,,,,,,Trifluralin,L,1.5,
1916,KINNABULLA_S11_P1231_R2,2023,5,3,,,,,,,,,,,,,,,,,,1L/ha applied at sowing,kinnabulla,herbicide,2023-05-03,11.0,21.8,0.0,,,,,,,Propyzamide,L,1.0,
1917,KINNABULLA_S11_P1231_R2,2023,5,3,,,,,,,,,,,,,,,,,,2L/ha applied at sowing,kinnabulla,herbicide,2023-05-03,11.0,34.0,0.0,,,,,,,Avadex,L,2.0,
1918,KINNABULLA_S11_P1231_R2,2023,5,3,,,,,,,,,,,,,,,,,,"60kg/ha applied at sowing (C, Vt, TR, TR+Vt)",kinnabulla,fertiliser,2023-05-03,8.5,38.4,0.0,,,,,,,Granulock SZ,kg,60.0,
1919,KINNABULLA_S11_P1231_R2,2023,5,3,tillage radish,vetch,,,morava,,False,True,,soilManagement,4.0,30.0,,30.0,,,On-time,,kinnabulla,sowing,2023-05-03,50.0,0.0,0.0,,,,,,,,,,
1920,KINNABULLA_S11_P1231_R2,2023,7,10,,,,,,,,,,,,,,,,,,"0.12L/ha applied to all crop types to control the movement of pests back into pulse crops, could also more intro cereal crops and cause damage, 1-4 node. lucerne flea targeting vetch and lentil.",kinnabulla,pesticide,2023-07-10,11.0,4.32,0.0,,,,,,,Le-mat,L,0.12,insects
1921,KINNABULLA_S11_P1231_R2,2023,7,26,,,,,,,,,,,,,,,,,,"0.18L/ha applied to grass weed control, targeting brome grass & ryegrass, 2-4 node (+2% Liase = liquid adjuvant) (+0.5% Uptake = wetting agent)",kinnabulla,herbicide,2023-07-26,11.0,24.3,0.0,,,,,,,Factor,L,0.18,
1922,KINNABULLA_S11_P1231_R2,2023,7,26,,,,,,,,,,,,,,,,,,"grass weed control, targeting brome grass & ryegrass, 2-4 node",kinnabulla,herbicide,2023-07-26,11.0,3.3,0.0,,,,,,,Haloxyfop,L,0.075,
1923,KINNABULLA_S11_P1231_R2,2023,7,26,,,,,,,,,,,,,,,,,,"grass weed control, targeting brome grass & ryegrass, 2-4 node",kinnabulla,herbicide,2023-07-26,11.0,10.25,0.0,,,,,,,Clethodim 360,L,0.5,
1924,KINNABULLA_S11_P1231_R2,2023,9,11,,,,,,,,,,,,,,,,,,"0.03L/ha applied early vetch, tillage radish, vetch & tillage radish termination, flowering",kinnabulla,herbicide,2023-09-11,11.0,9.0,0.0,,,,,,,Terrador,L,0.03,
1925,KINNABULLA_S11_P1231_R2,2023,9,11,,,,,,,,,,,,,,,,,,"2L/ha applied early vetch, tillage radish, vetch & tillage radish termination, flowering (+1% Hasten = spray adjuvant)",kinnabulla,herbicide,2023-09-11,11.0,9.0,0.0,,,,,,,Glyphosate,L,2.0,
1926,KINNABULLA_S11_P1231_R2,2023,11,17,,,,,,,,,,,,,,,,,,"3L/ha applied to desiccate for late season weed control, bring all crop types in together for harvest (+0.16% BS1000 = wetting agent)",kinnabulla,herbicide,2023-11-17,11.0,45.0,0.0,,,,,,,Diquat,L,3.0,
1927,KINNABULLA_S11_P1231_R2,2023,12,7,vetch,tillage radish,,,,,,,,,,,,,,,,,kinnabulla,termination,2023-12-07,80.0,0.0,0.0,success,soilManagement,1761.0,2415.0,,stubble,,,,
1928,KINNABULLA_S11_P1231_R2,2023,12,14,,,,,,,,,,,,,,,,,,0.4L/ha applied overall site knockdown to control summer weeds (+2% Liase =  liquid adjuvant),kinnabulla,herbicide,2023-12-14,11.0,3.38,0.0,,,,,,,Ester,L,0.4,
1929,KINNABULLA_S11_P1231_R2,2023,12,14,,,,,,,,,,,,,,,,,,2.5L/ha applied overall site knockdown to control summer weeds,kinnabulla,herbicide,2023-12-14,11.0,11.25,0.0,,,,,,,Glyphosate,L,2.5,
1930,KINNABULLA_S11_P1231_R2,2024,1,18,,,,,,,,,,,,,,,,,,"2.5L/ha applied overall site knockdown to control summer weeds (heliotrope and odd thistle), vol. crop (wheat, barley, canola, radish, lentil)",kinnabulla,herbicide,2024-01-18,11.0,11.25,0.0,,,,,,,Glyphosate,L,2.5,
1931,KINNABULLA_S11_P1231_R3,2023,5,3,,,,,,,,,,,,,,,,,,1.5L/ha applied at sowing,kinnabulla,herbicide,2023-05-03,11.0,12.0,0.0,,,,,,,Trifluralin,L,1.5,
1932,KINNABULLA_S11_P1231_R3,2023,5,3,,,,,,,,,,,,,,,,,,1L/ha applied at sowing,kinnabulla,herbicide,2023-05-03,11.0,21.8,0.0,,,,,,,Propyzamide,L,1.0,
1933,KINNABULLA_S11_P1231_R3,2023,5,3,,,,,,,,,,,,,,,,,,2L/ha applied at sowing,kinnabulla,herbicide,2023-05-03,11.0,34.0,0.0,,,,,,,Avadex,L,2.0,
1934,KINNABULLA_S11_P1231_R3,2023,5,3,,,,,,,,,,,,,,,,,,"60kg/ha applied at sowing (C, Vt, TR, TR+Vt)",kinnabulla,fertiliser,2023-05-03,8.5,38.4,0.0,,,,,,,Granulock SZ,kg,60.0,
1935,KINNABULLA_S11_P1231_R3,2023,5,3,tillage radish,vetch,,,morava,,False,True,,soilManagement,4.0,30.0,,30.0,,,On-time,,kinnabulla,sowing,2023-05-03,50.0,0.0,0.0,,,,,,,,,,
1936,KINNABULLA_S11_P1231_R3,2023,7,10,,,,,,,,,,,,,,,,,,"0.12L/ha applied to all crop types to control the movement of pests back into pulse crops, could also more intro cereal crops and cause damage, 1-4 node. lucerne flea targeting vetch and lentil.",kinnabulla,pesticide,2023-07-10,11.0,4.32,0.0,,,,,,,Le-mat,L,0.12,insects
1937,KINNABULLA_S11_P1231_R3,2023,7,26,,,,,,,,,,,,,,,,,,"0.18L/ha applied to grass weed control, targeting brome grass & ryegrass, 2-4 node (+2% Liase = liquid adjuvant) (+0.5% Uptake = wetting agent)",kinnabulla,herbicide,2023-07-26,11.0,24.3,0.0,,,,,,,Factor,L,0.18,
1938,KINNABULLA_S11_P1231_R3,2023,7,26,,,,,,,,,,,,,,,,,,"grass weed control, targeting brome grass & ryegrass, 2-4 node",kinnabulla,herbicide,2023-07-26,11.0,3.3,0.0,,,,,,,Haloxyfop,L,0.075,
1939,KINNABULLA_S11_P1231_R3,2023,7,26,,,,,,,,,,,,,,,,,,"grass weed control, targeting brome grass & ryegrass, 2-4 node",kinnabulla,herbicide,2023-07-26,11.0,10.25,0.0,,,,,,,Clethodim 360,L,0.5,
1940,KINNABULLA_S11_P1231_R3,2023,9,11,,,,,,,,,,,,,,,,,,"0.03L/ha applied early vetch, tillage radish, vetch & tillage radish termination, flowering",kinnabulla,herbicide,2023-09-11,11.0,9.0,0.0,,,,,,,Terrador,L,0.03,
1941,KINNABULLA_S11_P1231_R3,2023,9,11,,,,,,,,,,,,,,,,,,"2L/ha applied early vetch, tillage radish, vetch & tillage radish termination, flowering (+1% Hasten = spray adjuvant)",kinnabulla,herbicide,2023-09-11,11.0,9.0,0.0,,,,,,,Glyphosate,L,2.0,
1942,KINNABULLA_S11_P1231_R3,2023,11,17,,,,,,,,,,,,,,,,,,"3L/ha applied to desiccate for late season weed control, bring all crop types in together for harvest (+0.16% BS1000 = wetting agent)",kinnabulla,herbicide,2023-11-17,11.0,45.0,0.0,,,,,,,Diquat,L,3.0,
1943,KINNABULLA_S11_P1231_R3,2023,12,7,vetch,tillage radish,,,,,,,,,,,,,,,,,kinnabulla,termination,2023-12-07,80.0,0.0,0.0,success,soilManagement,1865.0,843.0,,stubble,,,,
1944,KINNABULLA_S11_P1231_R3,2023,12,14,,,,,,,,,,,,,,,,,,0.4L/ha applied overall site knockdown to control summer weeds (+2% Liase =  liquid adjuvant),kinnabulla,herbicide,2023-12-14,11.0,3.38,0.0,,,,,,,Ester,L,0.4,
1945,KINNABULLA_S11_P1231_R3,2023,12,14,,,,,,,,,,,,,,,,,,2.5L/ha applied overall site knockdown to control summer weeds,kinnabulla,herbicide,2023-12-14,11.0,11.25,0.0,,,,,,,Glyphosate,L,2.5,
1946,KINNABULLA_S11_P1231_R3,2024,1,18,,,,,,,,,,,,,,,,,,"2.5L/ha applied overall site knockdown to control summer weeds (heliotrope and odd thistle), vol. crop (wheat, barley, canola, radish, lentil)",kinnabulla,herbicide,2024-01-18,11.0,11.25,0.0,,,,,,,Glyphosate,L,2.5,
1947,KINNABULLA_S11_P2312_R1,2023,5,23,,,,,,,,,,,,,,,,,,1.5L/ha applied at sowing,kinnabulla,herbicide,2023-05-23,11.0,12.0,0.0,,,,,,,Trifluralin,L,1.5,
1948,KINNABULLA_S11_P2312_R1,2023,5,23,,,,,,,,,,,,,,,,,,2L/ha applied at sowing,kinnabulla,herbicide,2023-05-23,11.0,34.0,0.0,,,,,,,Avadex,L,2.0,
1949,KINNABULLA_S11_P2312_R1,2023,5,23,,,,,,,,,,,,,,,,,,3L/ha applied at sowing,kinnabulla,herbicide,2023-05-23,11.0,13.5,0.0,,,,,,,Glyphosate 450,L,3.0,
1950,KINNABULLA_S11_P2312_R1,2023,5,23,,,,,,,,,,,,,,,,,,"60kg/ha applied at sowing (W, B, L)",kinnabulla,fertiliser,2023-05-23,8.5,38.4,0.0,,,,,,,Granulock SZ,kg,60.0,
1951,KINNABULLA_S11_P2312_R1,2023,5,23,wheat,,,scepter,,,True,,,sale,130.0,,,30.0,,,On-time,,kinnabulla,sowing,2023-05-23,50.0,0.0,0.0,,,,,,,,,,
1952,KINNABULLA_S11_P2312_R1,2023,6,21,,,,,,,,,,,,,,,,,,257kg/ha top dressing - Wheat D5,kinnabulla,fertiliser,2023-06-21,8.5,128.5,0.0,,,,,,,Urea,kg,257.0,
1953,KINNABULLA_S11_P2312_R1,2023,7,10,,,,,,,,,,,,,,,,,,"0.12L/ha applied to all crop types to control the movement of pests back into pulse crops, could also more intro cereal crops and cause damage, 1-4 node. lucerne flea targeting vetch and lentil.",kinnabulla,pesticide,2023-07-10,11.0,4.32,0.0,,,,,,,Le-mat,L,0.12,insects
1954,KINNABULLA_S11_P2312_R1,2023,7,26,,,,,,,,,,,,,,,,,,"0.025L/ha applied to broadleaf weed control, targeting broadleaf weeds and vol lentils, GS13 (+0.5% uptake = wetting agent)
 *note - spray damage in wheat treatments",kinnabulla,herbicide,2023-07-26,11.0,12.25,0.0,,,,,,,Paradigm,L,0.025,
1955,KINNABULLA_S11_P2312_R1,2023,7,26,,,,,,,,,,,,,,,,,,"0.5L/ha applied to broadleaf weed control, targeting broadleaf weeds and vol lentils, GS13.
 *note - spray damage in wheat treatments",kinnabulla,herbicide,2023-07-26,11.0,4.07,0.0,,,,,,,MCPA LVE,L,0.5,
1956,KINNABULLA_S11_P2312_R1,2023,11,17,,,,,,,,,,,,,,,,,,"3L/ha applied to desiccate for late season weed control, bring all crop types in together for harvest (+0.16% BS1000 = wetting agent)",kinnabulla,herbicide,2023-11-17,11.0,45.0,0.0,,,,,,,Diquat,L,3.0,
1957,KINNABULLA_S11_P2312_R1,2023,12,7,wheat,,,,,,,,,,,,,,,,,,kinnabulla,termination,2023-12-07,80.0,0.0,1560.5700000000002,success,sale,4729.0,,,stubble,,,,
1958,KINNABULLA_S11_P2312_R1,2023,12,14,,,,,,,,,,,,,,,,,,0.4L/ha applied overall site knockdown to control summer weeds (+2% Liase =  liquid adjuvant),kinnabulla,herbicide,2023-12-14,11.0,3.38,0.0,,,,,,,Ester,L,0.4,
1959,KINNABULLA_S11_P2312_R1,2023,12,14,,,,,,,,,,,,,,,,,,2.5L/ha applied overall site knockdown to control summer weeds,kinnabulla,herbicide,2023-12-14,11.0,11.25,0.0,,,,,,,Glyphosate,L,2.5,
1960,KINNABULLA_S11_P2312_R1,2024,1,18,,,,,,,,,,,,,,,,,,"2.5L/ha applied overall site knockdown to control summer weeds (heliotrope and odd thistle), vol. crop (wheat, barley, canola, radish, lentil)",kinnabulla,herbicide,2024-01-18,11.0,11.25,0.0,,,,,,,Glyphosate,L,2.5,
1961,KINNABULLA_S11_P2312_R2,2023,5,23,,,,,,,,,,,,,,,,,,1.5L/ha applied at sowing,kinnabulla,herbicide,2023-05-23,11.0,12.0,0.0,,,,,,,Trifluralin,L,1.5,
1962,KINNABULLA_S11_P2312_R2,2023,5,23,,,,,,,,,,,,,,,,,,2L/ha applied at sowing,kinnabulla,herbicide,2023-05-23,11.0,34.0,0.0,,,,,,,Avadex,L,2.0,
1963,KINNABULLA_S11_P2312_R2,2023,5,23,,,,,,,,,,,,,,,,,,3L/ha applied at sowing,kinnabulla,herbicide,2023-05-23,11.0,13.5,0.0,,,,,,,Glyphosate 450,L,3.0,
1964,KINNABULLA_S11_P2312_R2,2023,5,23,,,,,,,,,,,,,,,,,,"60kg/ha applied at sowing (W, B, L)",kinnabulla,fertiliser,2023-05-23,8.5,38.4,0.0,,,,,,,Granulock SZ,kg,60.0,
1965,KINNABULLA_S11_P2312_R2,2023,5,23,wheat,,,scepter,,,True,,,sale,130.0,,,30.0,,,On-time,,kinnabulla,sowing,2023-05-23,50.0,0.0,0.0,,,,,,,,,,
1966,KINNABULLA_S11_P2312_R2,2023,6,21,,,,,,,,,,,,,,,,,,257kg/ha top dressing - Wheat D5,kinnabulla,fertiliser,2023-06-21,8.5,128.5,0.0,,,,,,,Urea,kg,257.0,
1967,KINNABULLA_S11_P2312_R2,2023,7,10,,,,,,,,,,,,,,,,,,"0.12L/ha applied to all crop types to control the movement of pests back into pulse crops, could also more intro cereal crops and cause damage, 1-4 node. lucerne flea targeting vetch and lentil.",kinnabulla,pesticide,2023-07-10,11.0,4.32,0.0,,,,,,,Le-mat,L,0.12,insects
1968,KINNABULLA_S11_P2312_R2,2023,7,26,,,,,,,,,,,,,,,,,,"0.025L/ha applied to broadleaf weed control, targeting broadleaf weeds and vol lentils, GS13 (+0.5% uptake = wetting agent)
 *note - spray damage in wheat treatments",kinnabulla,herbicide,2023-07-26,11.0,12.25,0.0,,,,,,,Paradigm,L,0.025,
1969,KINNABULLA_S11_P2312_R2,2023,7,26,,,,,,,,,,,,,,,,,,"0.5L/ha applied to broadleaf weed control, targeting broadleaf weeds and vol lentils, GS13.
 *note - spray damage in wheat treatments",kinnabulla,herbicide,2023-07-26,11.0,4.07,0.0,,,,,,,MCPA LVE,L,0.5,
1970,KINNABULLA_S11_P2312_R2,2023,11,17,,,,,,,,,,,,,,,,,,"3L/ha applied to desiccate for late season weed control, bring all crop types in together for harvest (+0.16% BS1000 = wetting agent)",kinnabulla,herbicide,2023-11-17,11.0,45.0,0.0,,,,,,,Diquat,L,3.0,
1971,KINNABULLA_S11_P2312_R2,2023,12,7,wheat,,,,,,,,,,,,,,,,,,kinnabulla,termination,2023-12-07,80.0,0.0,1792.89,success,sale,5433.0,,,stubble,,,,
1972,KINNABULLA_S11_P2312_R2,2023,12,14,,,,,,,,,,,,,,,,,,0.4L/ha applied overall site knockdown to control summer weeds (+2% Liase =  liquid adjuvant),kinnabulla,herbicide,2023-12-14,11.0,3.38,0.0,,,,,,,Ester,L,0.4,
1973,KINNABULLA_S11_P2312_R2,2023,12,14,,,,,,,,,,,,,,,,,,2.5L/ha applied overall site knockdown to control summer weeds,kinnabulla,herbicide,2023-12-14,11.0,11.25,0.0,,,,,,,Glyphosate,L,2.5,
1974,KINNABULLA_S11_P2312_R2,2024,1,18,,,,,,,,,,,,,,,,,,"2.5L/ha applied overall site knockdown to control summer weeds (heliotrope and odd thistle), vol. crop (wheat, barley, canola, radish, lentil)",kinnabulla,herbicide,2024-01-18,11.0,11.25,0.0,,,,,,,Glyphosate,L,2.5,
1975,KINNABULLA_S11_P2312_R3,2023,5,23,,,,,,,,,,,,,,,,,,1.5L/ha applied at sowing,kinnabulla,herbicide,2023-05-23,11.0,12.0,0.0,,,,,,,Trifluralin,L,1.5,
1976,KINNABULLA_S11_P2312_R3,2023,5,23,,,,,,,,,,,,,,,,,,2L/ha applied at sowing,kinnabulla,herbicide,2023-05-23,11.0,34.0,0.0,,,,,,,Avadex,L,2.0,
1977,KINNABULLA_S11_P2312_R3,2023,5,23,,,,,,,,,,,,,,,,,,3L/ha applied at sowing,kinnabulla,herbicide,2023-05-23,11.0,13.5,0.0,,,,,,,Glyphosate 450,L,3.0,
1978,KINNABULLA_S11_P2312_R3,2023,5,23,,,,,,,,,,,,,,,,,,"60kg/ha applied at sowing (W, B, L)",kinnabulla,fertiliser,2023-05-23,8.5,38.4,0.0,,,,,,,Granulock SZ,kg,60.0,
1979,KINNABULLA_S11_P2312_R3,2023,5,23,wheat,,,scepter,,,True,,,sale,130.0,,,30.0,,,On-time,,kinnabulla,sowing,2023-05-23,50.0,0.0,0.0,,,,,,,,,,
1980,KINNABULLA_S11_P2312_R3,2023,6,21,,,,,,,,,,,,,,,,,,257kg/ha top dressing - Wheat D5,kinnabulla,fertiliser,2023-06-21,8.5,128.5,0.0,,,,,,,Urea,kg,257.0,
1981,KINNABULLA_S11_P2312_R3,2023,7,10,,,,,,,,,,,,,,,,,,"0.12L/ha applied to all crop types to control the movement of pests back into pulse crops, could also more intro cereal crops and cause damage, 1-4 node. lucerne flea targeting vetch and lentil.",kinnabulla,pesticide,2023-07-10,11.0,4.32,0.0,,,,,,,Le-mat,L,0.12,insects
1982,KINNABULLA_S11_P2312_R3,2023,7,26,,,,,,,,,,,,,,,,,,"0.025L/ha applied to broadleaf weed control, targeting broadleaf weeds and vol lentils, GS13 (+0.5% uptake = wetting agent)
 *note - spray damage in wheat treatments",kinnabulla,herbicide,2023-07-26,11.0,12.25,0.0,,,,,,,Paradigm,L,0.025,
1983,KINNABULLA_S11_P2312_R3,2023,7,26,,,,,,,,,,,,,,,,,,"0.5L/ha applied to broadleaf weed control, targeting broadleaf weeds and vol lentils, GS13.
 *note - spray damage in wheat treatments",kinnabulla,herbicide,2023-07-26,11.0,4.07,0.0,,,,,,,MCPA LVE,L,0.5,
1984,KINNABULLA_S11_P2312_R3,2023,11,17,,,,,,,,,,,,,,,,,,"3L/ha applied to desiccate for late season weed control, bring all crop types in together for harvest (+0.16% BS1000 = wetting agent)",kinnabulla,herbicide,2023-11-17,11.0,45.0,0.0,,,,,,,Diquat,L,3.0,
1985,KINNABULLA_S11_P2312_R3,2023,12,7,wheat,,,,,,,,,,,,,,,,,,kinnabulla,termination,2023-12-07,80.0,0.0,1499.19,success,sale,4543.0,,,stubble,,,,
1986,KINNABULLA_S11_P2312_R3,2023,12,14,,,,,,,,,,,,,,,,,,0.4L/ha applied overall site knockdown to control summer weeds (+2% Liase =  liquid adjuvant),kinnabulla,herbicide,2023-12-14,11.0,3.38,0.0,,,,,,,Ester,L,0.4,
1987,KINNABULLA_S11_P2312_R3,2023,12,14,,,,,,,,,,,,,,,,,,2.5L/ha applied overall site knockdown to control summer weeds,kinnabulla,herbicide,2023-12-14,11.0,11.25,0.0,,,,,,,Glyphosate,L,2.5,
1988,KINNABULLA_S11_P2312_R3,2024,1,18,,,,,,,,,,,,,,,,,,"2.5L/ha applied overall site knockdown to control summer weeds (heliotrope and odd thistle), vol. crop (wheat, barley, canola, radish, lentil)",kinnabulla,herbicide,2024-01-18,11.0,11.25,0.0,,,,,,,Glyphosate,L,2.5,
1989,KINNABULLA_S11_P3123_R1,2023,5,23,,,,,,,,,,,,,,,,,,1.5L/ha applied at sowing,kinnabulla,herbicide,2023-05-23,11.0,12.0,0.0,,,,,,,Trifluralin,L,1.5,
1990,KINNABULLA_S11_P3123_R1,2023,5,23,,,,,,,,,,,,,,,,,,2L/ha applied at sowing,kinnabulla,herbicide,2023-05-23,11.0,34.0,0.0,,,,,,,Avadex,L,2.0,
1991,KINNABULLA_S11_P3123_R1,2023,5,23,,,,,,,,,,,,,,,,,,3L/ha applied at sowing,kinnabulla,herbicide,2023-05-23,11.0,13.5,0.0,,,,,,,Glyphosate 450,L,3.0,
1992,KINNABULLA_S11_P3123_R1,2023,5,23,,,,,,,,,,,,,,,,,,"60kg/ha applied at sowing (W, B, L)",kinnabulla,fertiliser,2023-05-23,8.5,38.4,0.0,,,,,,,Granulock SZ,kg,60.0,
1993,KINNABULLA_S11_P3123_R1,2023,5,23,wheat,,,scepter,,,True,,,sale,130.0,,,30.0,,,On-time,,kinnabulla,sowing,2023-05-23,50.0,0.0,0.0,,,,,,,,,,
1994,KINNABULLA_S11_P3123_R1,2023,6,21,,,,,,,,,,,,,,,,,,257kg/ha top dressing - Wheat D5,kinnabulla,fertiliser,2023-06-21,8.5,128.5,0.0,,,,,,,Urea,kg,257.0,
1995,KINNABULLA_S11_P3123_R1,2023,7,10,,,,,,,,,,,,,,,,,,"0.12L/ha applied to all crop types to control the movement of pests back into pulse crops, could also more intro cereal crops and cause damage, 1-4 node. lucerne flea targeting vetch and lentil.",kinnabulla,pesticide,2023-07-10,11.0,4.32,0.0,,,,,,,Le-mat,L,0.12,insects
1996,KINNABULLA_S11_P3123_R1,2023,7,26,,,,,,,,,,,,,,,,,,"0.025L/ha applied to broadleaf weed control, targeting broadleaf weeds and vol lentils, GS13 (+0.5% uptake = wetting agent)
 *note - spray damage in wheat treatments",kinnabulla,herbicide,2023-07-26,11.0,12.25,0.0,,,,,,,Paradigm,L,0.025,
1997,KINNABULLA_S11_P3123_R1,2023,7,26,,,,,,,,,,,,,,,,,,"0.5L/ha applied to broadleaf weed control, targeting broadleaf weeds and vol lentils, GS13.
 *note - spray damage in wheat treatments",kinnabulla,herbicide,2023-07-26,11.0,4.07,0.0,,,,,,,MCPA LVE,L,0.5,
1998,KINNABULLA_S11_P3123_R1,2023,11,17,,,,,,,,,,,,,,,,,,"3L/ha applied to desiccate for late season weed control, bring all crop types in together for harvest (+0.16% BS1000 = wetting agent)",kinnabulla,herbicide,2023-11-17,11.0,45.0,0.0,,,,,,,Diquat,L,3.0,
1999,KINNABULLA_S11_P3123_R1,2023,12,7,wheat,,,,,,,,,,,,,,,,,,kinnabulla,termination,2023-12-07,80.0,0.0,2020.92,success,sale,6124.0,,,stubble,,,,
2000,KINNABULLA_S11_P3123_R1,2023,12,14,,,,,,,,,,,,,,,,,,0.4L/ha applied overall site knockdown to control summer weeds (+2% Liase =  liquid adjuvant),kinnabulla,herbicide,2023-12-14,11.0,3.38,0.0,,,,,,,Ester,L,0.4,
2001,KINNABULLA_S11_P3123_R1,2023,12,14,,,,,,,,,,,,,,,,,,2.5L/ha applied overall site knockdown to control summer weeds,kinnabulla,herbicide,2023-12-14,11.0,11.25,0.0,,,,,,,Glyphosate,L,2.5,
2002,KINNABULLA_S11_P3123_R1,2024,1,18,,,,,,,,,,,,,,,,,,"2.5L/ha applied overall site knockdown to control summer weeds (heliotrope and odd thistle), vol. crop (wheat, barley, canola, radish, lentil)",kinnabulla,herbicide,2024-01-18,11.0,11.25,0.0,,,,,,,Glyphosate,L,2.5,
2003,KINNABULLA_S11_P3123_R2,2023,5,23,,,,,,,,,,,,,,,,,,1.5L/ha applied at sowing,kinnabulla,herbicide,2023-05-23,11.0,12.0,0.0,,,,,,,Trifluralin,L,1.5,
2004,KINNABULLA_S11_P3123_R2,2023,5,23,,,,,,,,,,,,,,,,,,2L/ha applied at sowing,kinnabulla,herbicide,2023-05-23,11.0,34.0,0.0,,,,,,,Avadex,L,2.0,
2005,KINNABULLA_S11_P3123_R2,2023,5,23,,,,,,,,,,,,,,,,,,3L/ha applied at sowing,kinnabulla,herbicide,2023-05-23,11.0,13.5,0.0,,,,,,,Glyphosate 450,L,3.0,
2006,KINNABULLA_S11_P3123_R2,2023,5,23,,,,,,,,,,,,,,,,,,"60kg/ha applied at sowing (W, B, L)",kinnabulla,fertiliser,2023-05-23,8.5,38.4,0.0,,,,,,,Granulock SZ,kg,60.0,
2007,KINNABULLA_S11_P3123_R2,2023,5,23,wheat,,,scepter,,,True,,,sale,130.0,,,30.0,,,On-time,,kinnabulla,sowing,2023-05-23,50.0,0.0,0.0,,,,,,,,,,
2008,KINNABULLA_S11_P3123_R2,2023,6,21,,,,,,,,,,,,,,,,,,257kg/ha top dressing - Wheat D5,kinnabulla,fertiliser,2023-06-21,8.5,128.5,0.0,,,,,,,Urea,kg,257.0,
2009,KINNABULLA_S11_P3123_R2,2023,7,10,,,,,,,,,,,,,,,,,,"0.12L/ha applied to all crop types to control the movement of pests back into pulse crops, could also more intro cereal crops and cause damage, 1-4 node. lucerne flea targeting vetch and lentil.",kinnabulla,pesticide,2023-07-10,11.0,4.32,0.0,,,,,,,Le-mat,L,0.12,insects
2010,KINNABULLA_S11_P3123_R2,2023,7,26,,,,,,,,,,,,,,,,,,"0.025L/ha applied to broadleaf weed control, targeting broadleaf weeds and vol lentils, GS13 (+0.5% uptake = wetting agent)
 *note - spray damage in wheat treatments",kinnabulla,herbicide,2023-07-26,11.0,12.25,0.0,,,,,,,Paradigm,L,0.025,
2011,KINNABULLA_S11_P3123_R2,2023,7,26,,,,,,,,,,,,,,,,,,"0.5L/ha applied to broadleaf weed control, targeting broadleaf weeds and vol lentils, GS13.
 *note - spray damage in wheat treatments",kinnabulla,herbicide,2023-07-26,11.0,4.07,0.0,,,,,,,MCPA LVE,L,0.5,
2012,KINNABULLA_S11_P3123_R2,2023,11,17,,,,,,,,,,,,,,,,,,"3L/ha applied to desiccate for late season weed control, bring all crop types in together for harvest (+0.16% BS1000 = wetting agent)",kinnabulla,herbicide,2023-11-17,11.0,45.0,0.0,,,,,,,Diquat,L,3.0,
2013,KINNABULLA_S11_P3123_R2,2023,12,7,wheat,,,,,,,,,,,,,,,,,,kinnabulla,termination,2023-12-07,80.0,0.0,1587.63,success,sale,4811.0,,,stubble,,,,
2014,KINNABULLA_S11_P3123_R2,2023,12,14,,,,,,,,,,,,,,,,,,0.4L/ha applied overall site knockdown to control summer weeds (+2% Liase =  liquid adjuvant),kinnabulla,herbicide,2023-12-14,11.0,3.38,0.0,,,,,,,Ester,L,0.4,
2015,KINNABULLA_S11_P3123_R2,2023,12,14,,,,,,,,,,,,,,,,,,2.5L/ha applied overall site knockdown to control summer weeds,kinnabulla,herbicide,2023-12-14,11.0,11.25,0.0,,,,,,,Glyphosate,L,2.5,
2016,KINNABULLA_S11_P3123_R2,2024,1,18,,,,,,,,,,,,,,,,,,"2.5L/ha applied overall site knockdown to control summer weeds (heliotrope and odd thistle), vol. crop (wheat, barley, canola, radish, lentil)",kinnabulla,herbicide,2024-01-18,11.0,11.25,0.0,,,,,,,Glyphosate,L,2.5,
2017,KINNABULLA_S11_P3123_R3,2023,5,23,,,,,,,,,,,,,,,,,,1.5L/ha applied at sowing,kinnabulla,herbicide,2023-05-23,11.0,12.0,0.0,,,,,,,Trifluralin,L,1.5,
2018,KINNABULLA_S11_P3123_R3,2023,5,23,,,,,,,,,,,,,,,,,,2L/ha applied at sowing,kinnabulla,herbicide,2023-05-23,11.0,34.0,0.0,,,,,,,Avadex,L,2.0,
2019,KINNABULLA_S11_P3123_R3,2023,5,23,,,,,,,,,,,,,,,,,,3L/ha applied at sowing,kinnabulla,herbicide,2023-05-23,11.0,13.5,0.0,,,,,,,Glyphosate 450,L,3.0,
2020,KINNABULLA_S11_P3123_R3,2023,5,23,,,,,,,,,,,,,,,,,,"60kg/ha applied at sowing (W, B, L)",kinnabulla,fertiliser,2023-05-23,8.5,38.4,0.0,,,,,,,Granulock SZ,kg,60.0,
2021,KINNABULLA_S11_P3123_R3,2023,5,23,wheat,,,scepter,,,True,,,sale,130.0,,,30.0,,,On-time,,kinnabulla,sowing,2023-05-23,50.0,0.0,0.0,,,,,,,,,,
2022,KINNABULLA_S11_P3123_R3,2023,6,21,,,,,,,,,,,,,,,,,,257kg/ha top dressing - Wheat D5,kinnabulla,fertiliser,2023-06-21,8.5,128.5,0.0,,,,,,,Urea,kg,257.0,
2023,KINNABULLA_S11_P3123_R3,2023,7,10,,,,,,,,,,,,,,,,,,"0.12L/ha applied to all crop types to control the movement of pests back into pulse crops, could also more intro cereal crops and cause damage, 1-4 node. lucerne flea targeting vetch and lentil.",kinnabulla,pesticide,2023-07-10,11.0,4.32,0.0,,,,,,,Le-mat,L,0.12,insects
2024,KINNABULLA_S11_P3123_R3,2023,7,26,,,,,,,,,,,,,,,,,,"0.025L/ha applied to broadleaf weed control, targeting broadleaf weeds and vol lentils, GS13 (+0.5% uptake = wetting agent)
 *note - spray damage in wheat treatments",kinnabulla,herbicide,2023-07-26,11.0,12.25,0.0,,,,,,,Paradigm,L,0.025,
2025,KINNABULLA_S11_P3123_R3,2023,7,26,,,,,,,,,,,,,,,,,,"0.5L/ha applied to broadleaf weed control, targeting broadleaf weeds and vol lentils, GS13.
 *note - spray damage in wheat treatments",kinnabulla,herbicide,2023-07-26,11.0,4.07,0.0,,,,,,,MCPA LVE,L,0.5,
2026,KINNABULLA_S11_P3123_R3,2023,11,17,,,,,,,,,,,,,,,,,,"3L/ha applied to desiccate for late season weed control, bring all crop types in together for harvest (+0.16% BS1000 = wetting agent)",kinnabulla,herbicide,2023-11-17,11.0,45.0,0.0,,,,,,,Diquat,L,3.0,
2027,KINNABULLA_S11_P3123_R3,2023,12,7,wheat,,,,,,,,,,,,,,,,,,kinnabulla,termination,2023-12-07,80.0,0.0,1266.21,success,sale,3837.0,,,stubble,,,,
2028,KINNABULLA_S11_P3123_R3,2023,12,14,,,,,,,,,,,,,,,,,,0.4L/ha applied overall site knockdown to control summer weeds (+2% Liase =  liquid adjuvant),kinnabulla,herbicide,2023-12-14,11.0,3.38,0.0,,,,,,,Ester,L,0.4,
2029,KINNABULLA_S11_P3123_R3,2023,12,14,,,,,,,,,,,,,,,,,,2.5L/ha applied overall site knockdown to control summer weeds,kinnabulla,herbicide,2023-12-14,11.0,11.25,0.0,,,,,,,Glyphosate,L,2.5,
2030,KINNABULLA_S11_P3123_R3,2024,1,18,,,,,,,,,,,,,,,,,,"2.5L/ha applied overall site knockdown to control summer weeds (heliotrope and odd thistle), vol. crop (wheat, barley, canola, radish, lentil)",kinnabulla,herbicide,2024-01-18,11.0,11.25,0.0,,,,,,,Glyphosate,L,2.5,
2031,KINNABULLA_S12_P0000_R1,2023,5,3,,,,,,,,,,,,,,,,,,1.5L/ha applied at sowing,kinnabulla,herbicide,2023-05-03,11.0,12.0,0.0,,,,,,,Trifluralin,L,1.5,
2032,KINNABULLA_S12_P0000_R1,2023,5,3,,,,,,,,,,,,,,,,,,1L/ha applied at sowing,kinnabulla,herbicide,2023-05-03,11.0,21.8,0.0,,,,,,,Propyzamide,L,1.0,
2033,KINNABULLA_S12_P0000_R1,2023,5,3,,,,,,,,,,,,,,,,,,1L/ha applied at sowing,kinnabulla,herbicide,2023-05-03,11.0,51.19287671232877,0.0,,,,,,,Pyrinex Super,L,1.0,
2034,KINNABULLA_S12_P0000_R1,2023,5,3,,,,,,,,,,,,,,,,,,2L/ha applied at sowing,kinnabulla,herbicide,2023-05-03,11.0,34.0,0.0,,,,,,,Avadex,L,2.0,
2035,KINNABULLA_S12_P0000_R1,2023,5,3,,,,,,,,,,,,,,,,,,"60kg/ha applied at sowing (C, Vt, TR, TR+Vt)",kinnabulla,fertiliser,2023-05-03,8.5,38.4,0.0,,,,,,,Granulock SZ,kg,60.0,
2036,KINNABULLA_S12_P0000_R1,2023,5,3,canola,,,44y94cl,,,True,,,sale,40.0,,,15.0,,,On-time,,kinnabulla,sowing,2023-05-03,50.0,0.0,0.0,,,,,,,,,,
2037,KINNABULLA_S12_P0000_R1,2023,6,21,,,,,,,,,,,,,,,,,,"487kg/ha top dressing - Canola D5, RC1, RC3",kinnabulla,fertiliser,2023-06-21,8.5,243.5,0.0,,,,,,,Urea,kg,487.0,
2038,KINNABULLA_S12_P0000_R1,2023,7,10,,,,,,,,,,,,,,,,,,"0.12L/ha applied to all crop types to control the movement of pests back into pulse crops, could also more intro cereal crops and cause damage, 1-4 node. lucerne flea targeting vetch and lentil.",kinnabulla,pesticide,2023-07-10,11.0,4.32,0.0,,,,,,,Le-mat,L,0.12,insects
2039,KINNABULLA_S12_P0000_R1,2023,11,17,,,,,,,,,,,,,,,,,,"3L/ha applied to desiccate for late season weed control, bring all crop types in together for harvest (+0.16% BS1000 = wetting agent)",kinnabulla,herbicide,2023-11-17,11.0,45.0,0.0,,,,,,,Diquat,L,3.0,
2040,KINNABULLA_S12_P0000_R1,2023,12,7,canola,,,,,,,,,,,,,,,,,,kinnabulla,termination,2023-12-07,80.0,0.0,1065.486,success,sale,1713.0,,,stubble,,,,
2041,KINNABULLA_S12_P0000_R1,2023,12,14,,,,,,,,,,,,,,,,,,0.4L/ha applied overall site knockdown to control summer weeds (+2% Liase =  liquid adjuvant),kinnabulla,herbicide,2023-12-14,11.0,3.38,0.0,,,,,,,Ester,L,0.4,
2042,KINNABULLA_S12_P0000_R1,2023,12,14,,,,,,,,,,,,,,,,,,2.5L/ha applied overall site knockdown to control summer weeds,kinnabulla,herbicide,2023-12-14,11.0,11.25,0.0,,,,,,,Glyphosate,L,2.5,
2043,KINNABULLA_S12_P0000_R1,2024,1,18,,,,,,,,,,,,,,,,,,"2.5L/ha applied overall site knockdown to control summer weeds (heliotrope and odd thistle), vol. crop (wheat, barley, canola, radish, lentil)",kinnabulla,herbicide,2024-01-18,11.0,11.25,0.0,,,,,,,Glyphosate,L,2.5,
2044,KINNABULLA_S12_P0000_R2,2023,5,3,,,,,,,,,,,,,,,,,,1.5L/ha applied at sowing,kinnabulla,herbicide,2023-05-03,11.0,12.0,0.0,,,,,,,Trifluralin,L,1.5,
2045,KINNABULLA_S12_P0000_R2,2023,5,3,,,,,,,,,,,,,,,,,,1L/ha applied at sowing,kinnabulla,herbicide,2023-05-03,11.0,21.8,0.0,,,,,,,Propyzamide,L,1.0,
2046,KINNABULLA_S12_P0000_R2,2023,5,3,,,,,,,,,,,,,,,,,,1L/ha applied at sowing,kinnabulla,herbicide,2023-05-03,11.0,51.19287671232877,0.0,,,,,,,Pyrinex Super,L,1.0,
2047,KINNABULLA_S12_P0000_R2,2023,5,3,,,,,,,,,,,,,,,,,,2L/ha applied at sowing,kinnabulla,herbicide,2023-05-03,11.0,34.0,0.0,,,,,,,Avadex,L,2.0,
2048,KINNABULLA_S12_P0000_R2,2023,5,3,,,,,,,,,,,,,,,,,,"60kg/ha applied at sowing (C, Vt, TR, TR+Vt)",kinnabulla,fertiliser,2023-05-03,8.5,38.4,0.0,,,,,,,Granulock SZ,kg,60.0,
2049,KINNABULLA_S12_P0000_R2,2023,5,3,canola,,,44y94cl,,,True,,,sale,40.0,,,15.0,,,On-time,,kinnabulla,sowing,2023-05-03,50.0,0.0,0.0,,,,,,,,,,
2050,KINNABULLA_S12_P0000_R2,2023,6,21,,,,,,,,,,,,,,,,,,"487kg/ha top dressing - Canola D5, RC1, RC3",kinnabulla,fertiliser,2023-06-21,8.5,243.5,0.0,,,,,,,Urea,kg,487.0,
2051,KINNABULLA_S12_P0000_R2,2023,7,10,,,,,,,,,,,,,,,,,,"0.12L/ha applied to all crop types to control the movement of pests back into pulse crops, could also more intro cereal crops and cause damage, 1-4 node. lucerne flea targeting vetch and lentil.",kinnabulla,pesticide,2023-07-10,11.0,4.32,0.0,,,,,,,Le-mat,L,0.12,insects
2052,KINNABULLA_S12_P0000_R2,2023,11,17,,,,,,,,,,,,,,,,,,"3L/ha applied to desiccate for late season weed control, bring all crop types in together for harvest (+0.16% BS1000 = wetting agent)",kinnabulla,herbicide,2023-11-17,11.0,45.0,0.0,,,,,,,Diquat,L,3.0,
2053,KINNABULLA_S12_P0000_R2,2023,12,7,canola,,,,,,,,,,,,,,,,,,kinnabulla,termination,2023-12-07,80.0,0.0,1031.276,success,sale,1658.0,,,stubble,,,,
2054,KINNABULLA_S12_P0000_R2,2023,12,14,,,,,,,,,,,,,,,,,,0.4L/ha applied overall site knockdown to control summer weeds (+2% Liase =  liquid adjuvant),kinnabulla,herbicide,2023-12-14,11.0,3.38,0.0,,,,,,,Ester,L,0.4,
2055,KINNABULLA_S12_P0000_R2,2023,12,14,,,,,,,,,,,,,,,,,,2.5L/ha applied overall site knockdown to control summer weeds,kinnabulla,herbicide,2023-12-14,11.0,11.25,0.0,,,,,,,Glyphosate,L,2.5,
2056,KINNABULLA_S12_P0000_R2,2024,1,18,,,,,,,,,,,,,,,,,,"2.5L/ha applied overall site knockdown to control summer weeds (heliotrope and odd thistle), vol. crop (wheat, barley, canola, radish, lentil)",kinnabulla,herbicide,2024-01-18,11.0,11.25,0.0,,,,,,,Glyphosate,L,2.5,
2057,KINNABULLA_S12_P0000_R3,2023,5,3,,,,,,,,,,,,,,,,,,1.5L/ha applied at sowing,kinnabulla,herbicide,2023-05-03,11.0,12.0,0.0,,,,,,,Trifluralin,L,1.5,
2058,KINNABULLA_S12_P0000_R3,2023,5,3,,,,,,,,,,,,,,,,,,1L/ha applied at sowing,kinnabulla,herbicide,2023-05-03,11.0,21.8,0.0,,,,,,,Propyzamide,L,1.0,
2059,KINNABULLA_S12_P0000_R3,2023,5,3,,,,,,,,,,,,,,,,,,1L/ha applied at sowing,kinnabulla,herbicide,2023-05-03,11.0,51.19287671232877,0.0,,,,,,,Pyrinex Super,L,1.0,
2060,KINNABULLA_S12_P0000_R3,2023,5,3,,,,,,,,,,,,,,,,,,2L/ha applied at sowing,kinnabulla,herbicide,2023-05-03,11.0,34.0,0.0,,,,,,,Avadex,L,2.0,
2061,KINNABULLA_S12_P0000_R3,2023,5,3,,,,,,,,,,,,,,,,,,"60kg/ha applied at sowing (C, Vt, TR, TR+Vt)",kinnabulla,fertiliser,2023-05-03,8.5,38.4,0.0,,,,,,,Granulock SZ,kg,60.0,
2062,KINNABULLA_S12_P0000_R3,2023,5,3,canola,,,44y94cl,,,True,,,sale,40.0,,,15.0,,,On-time,,kinnabulla,sowing,2023-05-03,50.0,0.0,0.0,,,,,,,,,,
2063,KINNABULLA_S12_P0000_R3,2023,6,21,,,,,,,,,,,,,,,,,,"487kg/ha top dressing - Canola D5, RC1, RC3",kinnabulla,fertiliser,2023-06-21,8.5,243.5,0.0,,,,,,,Urea,kg,487.0,
2064,KINNABULLA_S12_P0000_R3,2023,7,10,,,,,,,,,,,,,,,,,,"0.12L/ha applied to all crop types to control the movement of pests back into pulse crops, could also more intro cereal crops and cause damage, 1-4 node. lucerne flea targeting vetch and lentil.",kinnabulla,pesticide,2023-07-10,11.0,4.32,0.0,,,,,,,Le-mat,L,0.12,insects
2065,KINNABULLA_S12_P0000_R3,2023,11,17,,,,,,,,,,,,,,,,,,"3L/ha applied to desiccate for late season weed control, bring all crop types in together for harvest (+0.16% BS1000 = wetting agent)",kinnabulla,herbicide,2023-11-17,11.0,45.0,0.0,,,,,,,Diquat,L,3.0,
2066,KINNABULLA_S12_P0000_R3,2023,12,7,canola,,,,,,,,,,,,,,,,,,kinnabulla,termination,2023-12-07,80.0,0.0,1264.526,success,sale,2033.0,,,stubble,,,,
2067,KINNABULLA_S12_P0000_R3,2023,12,14,,,,,,,,,,,,,,,,,,0.4L/ha applied overall site knockdown to control summer weeds (+2% Liase =  liquid adjuvant),kinnabulla,herbicide,2023-12-14,11.0,3.38,0.0,,,,,,,Ester,L,0.4,
2068,KINNABULLA_S12_P0000_R3,2023,12,14,,,,,,,,,,,,,,,,,,2.5L/ha applied overall site knockdown to control summer weeds,kinnabulla,herbicide,2023-12-14,11.0,11.25,0.0,,,,,,,Glyphosate,L,2.5,
2069,KINNABULLA_S12_P0000_R3,2024,1,18,,,,,,,,,,,,,,,,,,"2.5L/ha applied overall site knockdown to control summer weeds (heliotrope and odd thistle), vol. crop (wheat, barley, canola, radish, lentil)",kinnabulla,herbicide,2024-01-18,11.0,11.25,0.0,,,,,,,Glyphosate,L,2.5,
2070,KINNABULLA_S12_P0000_R4,2023,5,3,,,,,,,,,,,,,,,,,,1.5L/ha applied at sowing,kinnabulla,herbicide,2023-05-03,11.0,12.0,0.0,,,,,,,Trifluralin,L,1.5,
2071,KINNABULLA_S12_P0000_R4,2023,5,3,,,,,,,,,,,,,,,,,,1L/ha applied at sowing,kinnabulla,herbicide,2023-05-03,11.0,21.8,0.0,,,,,,,Propyzamide,L,1.0,
2072,KINNABULLA_S12_P0000_R4,2023,5,3,,,,,,,,,,,,,,,,,,1L/ha applied at sowing,kinnabulla,herbicide,2023-05-03,11.0,51.19287671232877,0.0,,,,,,,Pyrinex Super,L,1.0,
2073,KINNABULLA_S12_P0000_R4,2023,5,3,,,,,,,,,,,,,,,,,,2L/ha applied at sowing,kinnabulla,herbicide,2023-05-03,11.0,34.0,0.0,,,,,,,Avadex,L,2.0,
2074,KINNABULLA_S12_P0000_R4,2023,5,3,,,,,,,,,,,,,,,,,,"60kg/ha applied at sowing (C, Vt, TR, TR+Vt)",kinnabulla,fertiliser,2023-05-03,8.5,38.4,0.0,,,,,,,Granulock SZ,kg,60.0,
2075,KINNABULLA_S12_P0000_R4,2023,5,3,canola,,,44y94cl,,,True,,,sale,40.0,,,15.0,,,On-time,,kinnabulla,sowing,2023-05-03,50.0,0.0,0.0,,,,,,,,,,
2076,KINNABULLA_S12_P0000_R4,2023,6,21,,,,,,,,,,,,,,,,,,"487kg/ha top dressing - Canola D5, RC1, RC3",kinnabulla,fertiliser,2023-06-21,8.5,243.5,0.0,,,,,,,Urea,kg,487.0,
2077,KINNABULLA_S12_P0000_R4,2023,7,10,,,,,,,,,,,,,,,,,,"0.12L/ha applied to all crop types to control the movement of pests back into pulse crops, could also more intro cereal crops and cause damage, 1-4 node. lucerne flea targeting vetch and lentil.",kinnabulla,pesticide,2023-07-10,11.0,4.32,0.0,,,,,,,Le-mat,L,0.12,insects
2078,KINNABULLA_S12_P0000_R4,2023,11,17,,,,,,,,,,,,,,,,,,"3L/ha applied to desiccate for late season weed control, bring all crop types in together for harvest (+0.16% BS1000 = wetting agent)",kinnabulla,herbicide,2023-11-17,11.0,45.0,0.0,,,,,,,Diquat,L,3.0,
2079,KINNABULLA_S12_P0000_R4,2023,12,7,canola,,,,,,,,,,,,,,,,,,kinnabulla,termination,2023-12-07,80.0,0.0,1038.74,success,sale,1670.0,,,stubble,,,,
2080,KINNABULLA_S12_P0000_R4,2023,12,14,,,,,,,,,,,,,,,,,,0.4L/ha applied overall site knockdown to control summer weeds (+2% Liase =  liquid adjuvant),kinnabulla,herbicide,2023-12-14,11.0,3.38,0.0,,,,,,,Ester,L,0.4,
2081,KINNABULLA_S12_P0000_R4,2023,12,14,,,,,,,,,,,,,,,,,,2.5L/ha applied overall site knockdown to control summer weeds,kinnabulla,herbicide,2023-12-14,11.0,11.25,0.0,,,,,,,Glyphosate,L,2.5,
2082,KINNABULLA_S12_P0000_R4,2024,1,18,,,,,,,,,,,,,,,,,,"2.5L/ha applied overall site knockdown to control summer weeds (heliotrope and odd thistle), vol. crop (wheat, barley, canola, radish, lentil)",kinnabulla,herbicide,2024-01-18,11.0,11.25,0.0,,,,,,,Glyphosate,L,2.5,
2083,KINNABULLA_S12_P0000_R5,2023,5,3,,,,,,,,,,,,,,,,,,1.5L/ha applied at sowing,kinnabulla,herbicide,2023-05-03,11.0,12.0,0.0,,,,,,,Trifluralin,L,1.5,
2084,KINNABULLA_S12_P0000_R5,2023,5,3,,,,,,,,,,,,,,,,,,1L/ha applied at sowing,kinnabulla,herbicide,2023-05-03,11.0,21.8,0.0,,,,,,,Propyzamide,L,1.0,
2085,KINNABULLA_S12_P0000_R5,2023,5,3,,,,,,,,,,,,,,,,,,1L/ha applied at sowing,kinnabulla,herbicide,2023-05-03,11.0,51.19287671232877,0.0,,,,,,,Pyrinex Super,L,1.0,
2086,KINNABULLA_S12_P0000_R5,2023,5,3,,,,,,,,,,,,,,,,,,2L/ha applied at sowing,kinnabulla,herbicide,2023-05-03,11.0,34.0,0.0,,,,,,,Avadex,L,2.0,
2087,KINNABULLA_S12_P0000_R5,2023,5,3,,,,,,,,,,,,,,,,,,"60kg/ha applied at sowing (C, Vt, TR, TR+Vt)",kinnabulla,fertiliser,2023-05-03,8.5,38.4,0.0,,,,,,,Granulock SZ,kg,60.0,
2088,KINNABULLA_S12_P0000_R5,2023,5,3,canola,,,44y94cl,,,True,,,sale,40.0,,,15.0,,,On-time,,kinnabulla,sowing,2023-05-03,50.0,0.0,0.0,,,,,,,,,,
2089,KINNABULLA_S12_P0000_R5,2023,6,21,,,,,,,,,,,,,,,,,,"487kg/ha top dressing - Canola D5, RC1, RC3",kinnabulla,fertiliser,2023-06-21,8.5,243.5,0.0,,,,,,,Urea,kg,487.0,
2090,KINNABULLA_S12_P0000_R5,2023,7,10,,,,,,,,,,,,,,,,,,"0.12L/ha applied to all crop types to control the movement of pests back into pulse crops, could also more intro cereal crops and cause damage, 1-4 node. lucerne flea targeting vetch and lentil.",kinnabulla,pesticide,2023-07-10,11.0,4.32,0.0,,,,,,,Le-mat,L,0.12,insects
2091,KINNABULLA_S12_P0000_R5,2023,11,17,,,,,,,,,,,,,,,,,,"3L/ha applied to desiccate for late season weed control, bring all crop types in together for harvest (+0.16% BS1000 = wetting agent)",kinnabulla,herbicide,2023-11-17,11.0,45.0,0.0,,,,,,,Diquat,L,3.0,
2092,KINNABULLA_S12_P0000_R5,2023,12,7,canola,,,,,,,,,,,,,,,,,,kinnabulla,termination,2023-12-07,80.0,0.0,867.6899999999999,success,sale,1395.0,,,stubble,,,,
2093,KINNABULLA_S12_P0000_R5,2023,12,14,,,,,,,,,,,,,,,,,,0.4L/ha applied overall site knockdown to control summer weeds (+2% Liase =  liquid adjuvant),kinnabulla,herbicide,2023-12-14,11.0,3.38,0.0,,,,,,,Ester,L,0.4,
2094,KINNABULLA_S12_P0000_R5,2023,12,14,,,,,,,,,,,,,,,,,,2.5L/ha applied overall site knockdown to control summer weeds,kinnabulla,herbicide,2023-12-14,11.0,11.25,0.0,,,,,,,Glyphosate,L,2.5,
2095,KINNABULLA_S12_P0000_R5,2024,1,18,,,,,,,,,,,,,,,,,,"2.5L/ha applied overall site knockdown to control summer weeds (heliotrope and odd thistle), vol. crop (wheat, barley, canola, radish, lentil)",kinnabulla,herbicide,2024-01-18,11.0,11.25,0.0,,,,,,,Glyphosate,L,2.5,
2096,KINNABULLA_S12_P0000_R6,2023,5,3,,,,,,,,,,,,,,,,,,1.5L/ha applied at sowing,kinnabulla,herbicide,2023-05-03,11.0,12.0,0.0,,,,,,,Trifluralin,L,1.5,
2097,KINNABULLA_S12_P0000_R6,2023,5,3,,,,,,,,,,,,,,,,,,1L/ha applied at sowing,kinnabulla,herbicide,2023-05-03,11.0,21.8,0.0,,,,,,,Propyzamide,L,1.0,
2098,KINNABULLA_S12_P0000_R6,2023,5,3,,,,,,,,,,,,,,,,,,1L/ha applied at sowing,kinnabulla,herbicide,2023-05-03,11.0,51.19287671232877,0.0,,,,,,,Pyrinex Super,L,1.0,
2099,KINNABULLA_S12_P0000_R6,2023,5,3,,,,,,,,,,,,,,,,,,2L/ha applied at sowing,kinnabulla,herbicide,2023-05-03,11.0,34.0,0.0,,,,,,,Avadex,L,2.0,
2100,KINNABULLA_S12_P0000_R6,2023,5,3,,,,,,,,,,,,,,,,,,"60kg/ha applied at sowing (C, Vt, TR, TR+Vt)",kinnabulla,fertiliser,2023-05-03,8.5,38.4,0.0,,,,,,,Granulock SZ,kg,60.0,
2101,KINNABULLA_S12_P0000_R6,2023,5,3,canola,,,44y94cl,,,True,,,sale,40.0,,,15.0,,,On-time,,kinnabulla,sowing,2023-05-03,50.0,0.0,0.0,,,,,,,,,,
2102,KINNABULLA_S12_P0000_R6,2023,6,21,,,,,,,,,,,,,,,,,,"487kg/ha top dressing - Canola D5, RC1, RC3",kinnabulla,fertiliser,2023-06-21,8.5,243.5,0.0,,,,,,,Urea,kg,487.0,
2103,KINNABULLA_S12_P0000_R6,2023,7,10,,,,,,,,,,,,,,,,,,"0.12L/ha applied to all crop types to control the movement of pests back into pulse crops, could also more intro cereal crops and cause damage, 1-4 node. lucerne flea targeting vetch and lentil.",kinnabulla,pesticide,2023-07-10,11.0,4.32,0.0,,,,,,,Le-mat,L,0.12,insects
2104,KINNABULLA_S12_P0000_R6,2023,11,17,,,,,,,,,,,,,,,,,,"3L/ha applied to desiccate for late season weed control, bring all crop types in together for harvest (+0.16% BS1000 = wetting agent)",kinnabulla,herbicide,2023-11-17,11.0,45.0,0.0,,,,,,,Diquat,L,3.0,
2105,KINNABULLA_S12_P0000_R6,2023,12,7,canola,,,,,,,,,,,,,,,,,,kinnabulla,termination,2023-12-07,80.0,0.0,1007.018,success,sale,1619.0,,,stubble,,,,
2106,KINNABULLA_S12_P0000_R6,2023,12,14,,,,,,,,,,,,,,,,,,0.4L/ha applied overall site knockdown to control summer weeds (+2% Liase =  liquid adjuvant),kinnabulla,herbicide,2023-12-14,11.0,3.38,0.0,,,,,,,Ester,L,0.4,
2107,KINNABULLA_S12_P0000_R6,2023,12,14,,,,,,,,,,,,,,,,,,2.5L/ha applied overall site knockdown to control summer weeds,kinnabulla,herbicide,2023-12-14,11.0,11.25,0.0,,,,,,,Glyphosate,L,2.5,
2108,KINNABULLA_S12_P0000_R6,2024,1,18,,,,,,,,,,,,,,,,,,"2.5L/ha applied overall site knockdown to control summer weeds (heliotrope and odd thistle), vol. crop (wheat, barley, canola, radish, lentil)",kinnabulla,herbicide,2024-01-18,11.0,11.25,0.0,,,,,,,Glyphosate,L,2.5,
2109,KINNABULLA_S12_P0000_R7,2023,5,3,,,,,,,,,,,,,,,,,,1.5L/ha applied at sowing,kinnabulla,herbicide,2023-05-03,11.0,12.0,0.0,,,,,,,Trifluralin,L,1.5,
2110,KINNABULLA_S12_P0000_R7,2023,5,3,,,,,,,,,,,,,,,,,,1L/ha applied at sowing,kinnabulla,herbicide,2023-05-03,11.0,21.8,0.0,,,,,,,Propyzamide,L,1.0,
2111,KINNABULLA_S12_P0000_R7,2023,5,3,,,,,,,,,,,,,,,,,,1L/ha applied at sowing,kinnabulla,herbicide,2023-05-03,11.0,51.19287671232877,0.0,,,,,,,Pyrinex Super,L,1.0,
2112,KINNABULLA_S12_P0000_R7,2023,5,3,,,,,,,,,,,,,,,,,,2L/ha applied at sowing,kinnabulla,herbicide,2023-05-03,11.0,34.0,0.0,,,,,,,Avadex,L,2.0,
2113,KINNABULLA_S12_P0000_R7,2023,5,3,,,,,,,,,,,,,,,,,,"60kg/ha applied at sowing (C, Vt, TR, TR+Vt)",kinnabulla,fertiliser,2023-05-03,8.5,38.4,0.0,,,,,,,Granulock SZ,kg,60.0,
2114,KINNABULLA_S12_P0000_R7,2023,5,3,canola,,,44y94cl,,,True,,,sale,40.0,,,15.0,,,On-time,,kinnabulla,sowing,2023-05-03,50.0,0.0,0.0,,,,,,,,,,
2115,KINNABULLA_S12_P0000_R7,2023,6,21,,,,,,,,,,,,,,,,,,"487kg/ha top dressing - Canola D5, RC1, RC3",kinnabulla,fertiliser,2023-06-21,8.5,243.5,0.0,,,,,,,Urea,kg,487.0,
2116,KINNABULLA_S12_P0000_R7,2023,7,10,,,,,,,,,,,,,,,,,,"0.12L/ha applied to all crop types to control the movement of pests back into pulse crops, could also more intro cereal crops and cause damage, 1-4 node. lucerne flea targeting vetch and lentil.",kinnabulla,pesticide,2023-07-10,11.0,4.32,0.0,,,,,,,Le-mat,L,0.12,insects
2117,KINNABULLA_S12_P0000_R7,2023,11,17,,,,,,,,,,,,,,,,,,"3L/ha applied to desiccate for late season weed control, bring all crop types in together for harvest (+0.16% BS1000 = wetting agent)",kinnabulla,herbicide,2023-11-17,11.0,45.0,0.0,,,,,,,Diquat,L,3.0,
2118,KINNABULLA_S12_P0000_R7,2023,12,7,canola,,,,,,,,,,,,,,,,,,kinnabulla,termination,2023-12-07,80.0,0.0,919.938,success,sale,1479.0,,,stubble,,,,
2119,KINNABULLA_S12_P0000_R7,2023,12,14,,,,,,,,,,,,,,,,,,0.4L/ha applied overall site knockdown to control summer weeds (+2% Liase =  liquid adjuvant),kinnabulla,herbicide,2023-12-14,11.0,3.38,0.0,,,,,,,Ester,L,0.4,
2120,KINNABULLA_S12_P0000_R7,2023,12,14,,,,,,,,,,,,,,,,,,2.5L/ha applied overall site knockdown to control summer weeds,kinnabulla,herbicide,2023-12-14,11.0,11.25,0.0,,,,,,,Glyphosate,L,2.5,
2121,KINNABULLA_S12_P0000_R7,2024,1,18,,,,,,,,,,,,,,,,,,"2.5L/ha applied overall site knockdown to control summer weeds (heliotrope and odd thistle), vol. crop (wheat, barley, canola, radish, lentil)",kinnabulla,herbicide,2024-01-18,11.0,11.25,0.0,,,,,,,Glyphosate,L,2.5,
2122,KINNABULLA_S12_P0000_R8,2023,5,3,,,,,,,,,,,,,,,,,,1.5L/ha applied at sowing,kinnabulla,herbicide,2023-05-03,11.0,12.0,0.0,,,,,,,Trifluralin,L,1.5,
2123,KINNABULLA_S12_P0000_R8,2023,5,3,,,,,,,,,,,,,,,,,,1L/ha applied at sowing,kinnabulla,herbicide,2023-05-03,11.0,21.8,0.0,,,,,,,Propyzamide,L,1.0,
2124,KINNABULLA_S12_P0000_R8,2023,5,3,,,,,,,,,,,,,,,,,,1L/ha applied at sowing,kinnabulla,herbicide,2023-05-03,11.0,51.19287671232877,0.0,,,,,,,Pyrinex Super,L,1.0,
2125,KINNABULLA_S12_P0000_R8,2023,5,3,,,,,,,,,,,,,,,,,,2L/ha applied at sowing,kinnabulla,herbicide,2023-05-03,11.0,34.0,0.0,,,,,,,Avadex,L,2.0,
2126,KINNABULLA_S12_P0000_R8,2023,5,3,,,,,,,,,,,,,,,,,,"60kg/ha applied at sowing (C, Vt, TR, TR+Vt)",kinnabulla,fertiliser,2023-05-03,8.5,38.4,0.0,,,,,,,Granulock SZ,kg,60.0,
2127,KINNABULLA_S12_P0000_R8,2023,5,3,canola,,,44y94cl,,,True,,,sale,40.0,,,15.0,,,On-time,,kinnabulla,sowing,2023-05-03,50.0,0.0,0.0,,,,,,,,,,
2128,KINNABULLA_S12_P0000_R8,2023,6,21,,,,,,,,,,,,,,,,,,"487kg/ha top dressing - Canola D5, RC1, RC3",kinnabulla,fertiliser,2023-06-21,8.5,243.5,0.0,,,,,,,Urea,kg,487.0,
2129,KINNABULLA_S12_P0000_R8,2023,7,10,,,,,,,,,,,,,,,,,,"0.12L/ha applied to all crop types to control the movement of pests back into pulse crops, could also more intro cereal crops and cause damage, 1-4 node. lucerne flea targeting vetch and lentil.",kinnabulla,pesticide,2023-07-10,11.0,4.32,0.0,,,,,,,Le-mat,L,0.12,insects
2130,KINNABULLA_S12_P0000_R8,2023,11,17,,,,,,,,,,,,,,,,,,"3L/ha applied to desiccate for late season weed control, bring all crop types in together for harvest (+0.16% BS1000 = wetting agent)",kinnabulla,herbicide,2023-11-17,11.0,45.0,0.0,,,,,,,Diquat,L,3.0,
2131,KINNABULLA_S12_P0000_R8,2023,12,7,canola,,,,,,,,,,,,,,,,,,kinnabulla,termination,2023-12-07,80.0,0.0,975.918,success,sale,1569.0,,,stubble,,,,
2132,KINNABULLA_S12_P0000_R8,2023,12,14,,,,,,,,,,,,,,,,,,0.4L/ha applied overall site knockdown to control summer weeds (+2% Liase =  liquid adjuvant),kinnabulla,herbicide,2023-12-14,11.0,3.38,0.0,,,,,,,Ester,L,0.4,
2133,KINNABULLA_S12_P0000_R8,2023,12,14,,,,,,,,,,,,,,,,,,2.5L/ha applied overall site knockdown to control summer weeds,kinnabulla,herbicide,2023-12-14,11.0,11.25,0.0,,,,,,,Glyphosate,L,2.5,
2134,KINNABULLA_S12_P0000_R8,2024,1,18,,,,,,,,,,,,,,,,,,"2.5L/ha applied overall site knockdown to control summer weeds (heliotrope and odd thistle), vol. crop (wheat, barley, canola, radish, lentil)",kinnabulla,herbicide,2024-01-18,11.0,11.25,0.0,,,,,,,Glyphosate,L,2.5,
2135,KINNABULLA_S12_P0000_R9,2023,5,3,,,,,,,,,,,,,,,,,,1.5L/ha applied at sowing,kinnabulla,herbicide,2023-05-03,11.0,12.0,0.0,,,,,,,Trifluralin,L,1.5,
2136,KINNABULLA_S12_P0000_R9,2023,5,3,,,,,,,,,,,,,,,,,,1L/ha applied at sowing,kinnabulla,herbicide,2023-05-03,11.0,21.8,0.0,,,,,,,Propyzamide,L,1.0,
2137,KINNABULLA_S12_P0000_R9,2023,5,3,,,,,,,,,,,,,,,,,,1L/ha applied at sowing,kinnabulla,herbicide,2023-05-03,11.0,51.19287671232877,0.0,,,,,,,Pyrinex Super,L,1.0,
2138,KINNABULLA_S12_P0000_R9,2023,5,3,,,,,,,,,,,,,,,,,,2L/ha applied at sowing,kinnabulla,herbicide,2023-05-03,11.0,34.0,0.0,,,,,,,Avadex,L,2.0,
2139,KINNABULLA_S12_P0000_R9,2023,5,3,,,,,,,,,,,,,,,,,,"60kg/ha applied at sowing (C, Vt, TR, TR+Vt)",kinnabulla,fertiliser,2023-05-03,8.5,38.4,0.0,,,,,,,Granulock SZ,kg,60.0,
2140,KINNABULLA_S12_P0000_R9,2023,5,3,canola,,,44y94cl,,,True,,,sale,40.0,,,15.0,,,On-time,,kinnabulla,sowing,2023-05-03,50.0,0.0,0.0,,,,,,,,,,
2141,KINNABULLA_S12_P0000_R9,2023,6,21,,,,,,,,,,,,,,,,,,"487kg/ha top dressing - Canola D5, RC1, RC3",kinnabulla,fertiliser,2023-06-21,8.5,243.5,0.0,,,,,,,Urea,kg,487.0,
2142,KINNABULLA_S12_P0000_R9,2023,7,10,,,,,,,,,,,,,,,,,,"0.12L/ha applied to all crop types to control the movement of pests back into pulse crops, could also more intro cereal crops and cause damage, 1-4 node. lucerne flea targeting vetch and lentil.",kinnabulla,pesticide,2023-07-10,11.0,4.32,0.0,,,,,,,Le-mat,L,0.12,insects
2143,KINNABULLA_S12_P0000_R9,2023,11,17,,,,,,,,,,,,,,,,,,"3L/ha applied to desiccate for late season weed control, bring all crop types in together for harvest (+0.16% BS1000 = wetting agent)",kinnabulla,herbicide,2023-11-17,11.0,45.0,0.0,,,,,,,Diquat,L,3.0,
2144,KINNABULLA_S12_P0000_R9,2023,12,7,canola,,,,,,,,,,,,,,,,,,kinnabulla,termination,2023-12-07,80.0,0.0,778.122,success,sale,1251.0,,,stubble,,,,
2145,KINNABULLA_S12_P0000_R9,2023,12,14,,,,,,,,,,,,,,,,,,0.4L/ha applied overall site knockdown to control summer weeds (+2% Liase =  liquid adjuvant),kinnabulla,herbicide,2023-12-14,11.0,3.38,0.0,,,,,,,Ester,L,0.4,
2146,KINNABULLA_S12_P0000_R9,2023,12,14,,,,,,,,,,,,,,,,,,2.5L/ha applied overall site knockdown to control summer weeds,kinnabulla,herbicide,2023-12-14,11.0,11.25,0.0,,,,,,,Glyphosate,L,2.5,
2147,KINNABULLA_S12_P0000_R9,2024,1,18,,,,,,,,,,,,,,,,,,"2.5L/ha applied overall site knockdown to control summer weeds (heliotrope and odd thistle), vol. crop (wheat, barley, canola, radish, lentil)",kinnabulla,herbicide,2024-01-18,11.0,11.25,0.0,,,,,,,Glyphosate,L,2.5,
2148,KINNABULLA_S13_P0000_R1,2023,5,3,,,,,,,,,,,,,,,,,,1.5L/ha applied at sowing,kinnabulla,herbicide,2023-05-03,11.0,12.0,0.0,,,,,,,Trifluralin,L,1.5,
2149,KINNABULLA_S13_P0000_R1,2023,5,3,,,,,,,,,,,,,,,,,,1L/ha applied at sowing,kinnabulla,herbicide,2023-05-03,11.0,21.8,0.0,,,,,,,Propyzamide,L,1.0,
2150,KINNABULLA_S13_P0000_R1,2023,5,3,,,,,,,,,,,,,,,,,,1L/ha applied at sowing,kinnabulla,herbicide,2023-05-03,11.0,51.19287671232877,0.0,,,,,,,Pyrinex Super,L,1.0,
2151,KINNABULLA_S13_P0000_R1,2023,5,3,,,,,,,,,,,,,,,,,,2L/ha applied at sowing,kinnabulla,herbicide,2023-05-03,11.0,34.0,0.0,,,,,,,Avadex,L,2.0,
2152,KINNABULLA_S13_P0000_R1,2023,5,3,,,,,,,,,,,,,,,,,,"60kg/ha applied at sowing (C, Vt, TR, TR+Vt)",kinnabulla,fertiliser,2023-05-03,8.5,38.4,0.0,,,,,,,Granulock SZ,kg,60.0,
2153,KINNABULLA_S13_P0000_R1,2023,5,3,canola,,,44y94cl,,,True,,,sale,40.0,,,15.0,,,On-time,,kinnabulla,sowing,2023-05-03,50.0,0.0,0.0,,,,,,,,,,
2154,KINNABULLA_S13_P0000_R1,2023,6,21,,,,,,,,,,,,,,,,,,271kg/ha top dressing - Canola RC2,kinnabulla,fertiliser,2023-06-21,8.5,135.5,0.0,,,,,,,Urea,kg,271.0,
2155,KINNABULLA_S13_P0000_R1,2023,7,10,,,,,,,,,,,,,,,,,,"0.12L/ha applied to all crop types to control the movement of pests back into pulse crops, could also more intro cereal crops and cause damage, 1-4 node. lucerne flea targeting vetch and lentil.",kinnabulla,pesticide,2023-07-10,11.0,4.32,0.0,,,,,,,Le-mat,L,0.12,insects
2156,KINNABULLA_S13_P0000_R1,2023,11,17,,,,,,,,,,,,,,,,,,"3L/ha applied to desiccate for late season weed control, bring all crop types in together for harvest (+0.16% BS1000 = wetting agent)",kinnabulla,herbicide,2023-11-17,11.0,45.0,0.0,,,,,,,Diquat,L,3.0,
2157,KINNABULLA_S13_P0000_R1,2023,12,7,canola,,,,,,,,,,,,,,,,,,kinnabulla,termination,2023-12-07,80.0,0.0,1330.458,success,sale,2139.0,,,stubble,,,,
2158,KINNABULLA_S13_P0000_R1,2023,12,14,,,,,,,,,,,,,,,,,,0.4L/ha applied overall site knockdown to control summer weeds (+2% Liase =  liquid adjuvant),kinnabulla,herbicide,2023-12-14,11.0,3.38,0.0,,,,,,,Ester,L,0.4,
2159,KINNABULLA_S13_P0000_R1,2023,12,14,,,,,,,,,,,,,,,,,,2.5L/ha applied overall site knockdown to control summer weeds,kinnabulla,herbicide,2023-12-14,11.0,11.25,0.0,,,,,,,Glyphosate,L,2.5,
2160,KINNABULLA_S13_P0000_R1,2024,1,18,,,,,,,,,,,,,,,,,,"2.5L/ha applied overall site knockdown to control summer weeds (heliotrope and odd thistle), vol. crop (wheat, barley, canola, radish, lentil)",kinnabulla,herbicide,2024-01-18,11.0,11.25,0.0,,,,,,,Glyphosate,L,2.5,
2161,KINNABULLA_S13_P0000_R2,2023,5,3,,,,,,,,,,,,,,,,,,1.5L/ha applied at sowing,kinnabulla,herbicide,2023-05-03,11.0,12.0,0.0,,,,,,,Trifluralin,L,1.5,
2162,KINNABULLA_S13_P0000_R2,2023,5,3,,,,,,,,,,,,,,,,,,1L/ha applied at sowing,kinnabulla,herbicide,2023-05-03,11.0,21.8,0.0,,,,,,,Propyzamide,L,1.0,
2163,KINNABULLA_S13_P0000_R2,2023,5,3,,,,,,,,,,,,,,,,,,1L/ha applied at sowing,kinnabulla,herbicide,2023-05-03,11.0,51.19287671232877,0.0,,,,,,,Pyrinex Super,L,1.0,
2164,KINNABULLA_S13_P0000_R2,2023,5,3,,,,,,,,,,,,,,,,,,2L/ha applied at sowing,kinnabulla,herbicide,2023-05-03,11.0,34.0,0.0,,,,,,,Avadex,L,2.0,
2165,KINNABULLA_S13_P0000_R2,2023,5,3,,,,,,,,,,,,,,,,,,"60kg/ha applied at sowing (C, Vt, TR, TR+Vt)",kinnabulla,fertiliser,2023-05-03,8.5,38.4,0.0,,,,,,,Granulock SZ,kg,60.0,
2166,KINNABULLA_S13_P0000_R2,2023,5,3,canola,,,44y94cl,,,True,,,sale,40.0,,,15.0,,,On-time,,kinnabulla,sowing,2023-05-03,50.0,0.0,0.0,,,,,,,,,,
2167,KINNABULLA_S13_P0000_R2,2023,6,21,,,,,,,,,,,,,,,,,,271kg/ha top dressing - Canola RC2,kinnabulla,fertiliser,2023-06-21,8.5,135.5,0.0,,,,,,,Urea,kg,271.0,
2168,KINNABULLA_S13_P0000_R2,2023,7,10,,,,,,,,,,,,,,,,,,"0.12L/ha applied to all crop types to control the movement of pests back into pulse crops, could also more intro cereal crops and cause damage, 1-4 node. lucerne flea targeting vetch and lentil.",kinnabulla,pesticide,2023-07-10,11.0,4.32,0.0,,,,,,,Le-mat,L,0.12,insects
2169,KINNABULLA_S13_P0000_R2,2023,11,17,,,,,,,,,,,,,,,,,,"3L/ha applied to desiccate for late season weed control, bring all crop types in together for harvest (+0.16% BS1000 = wetting agent)",kinnabulla,herbicide,2023-11-17,11.0,45.0,0.0,,,,,,,Diquat,L,3.0,
2170,KINNABULLA_S13_P0000_R2,2023,12,7,canola,,,,,,,,,,,,,,,,,,kinnabulla,termination,2023-12-07,80.0,0.0,1285.052,success,sale,2066.0,,,stubble,,,,
2171,KINNABULLA_S13_P0000_R2,2023,12,14,,,,,,,,,,,,,,,,,,0.4L/ha applied overall site knockdown to control summer weeds (+2% Liase =  liquid adjuvant),kinnabulla,herbicide,2023-12-14,11.0,3.38,0.0,,,,,,,Ester,L,0.4,
2172,KINNABULLA_S13_P0000_R2,2023,12,14,,,,,,,,,,,,,,,,,,2.5L/ha applied overall site knockdown to control summer weeds,kinnabulla,herbicide,2023-12-14,11.0,11.25,0.0,,,,,,,Glyphosate,L,2.5,
2173,KINNABULLA_S13_P0000_R2,2024,1,18,,,,,,,,,,,,,,,,,,"2.5L/ha applied overall site knockdown to control summer weeds (heliotrope and odd thistle), vol. crop (wheat, barley, canola, radish, lentil)",kinnabulla,herbicide,2024-01-18,11.0,11.25,0.0,,,,,,,Glyphosate,L,2.5,
2174,KINNABULLA_S13_P0000_R3,2023,5,3,,,,,,,,,,,,,,,,,,1.5L/ha applied at sowing,kinnabulla,herbicide,2023-05-03,11.0,12.0,0.0,,,,,,,Trifluralin,L,1.5,
2175,KINNABULLA_S13_P0000_R3,2023,5,3,,,,,,,,,,,,,,,,,,1L/ha applied at sowing,kinnabulla,herbicide,2023-05-03,11.0,21.8,0.0,,,,,,,Propyzamide,L,1.0,
2176,KINNABULLA_S13_P0000_R3,2023,5,3,,,,,,,,,,,,,,,,,,1L/ha applied at sowing,kinnabulla,herbicide,2023-05-03,11.0,51.19287671232877,0.0,,,,,,,Pyrinex Super,L,1.0,
2177,KINNABULLA_S13_P0000_R3,2023,5,3,,,,,,,,,,,,,,,,,,2L/ha applied at sowing,kinnabulla,herbicide,2023-05-03,11.0,34.0,0.0,,,,,,,Avadex,L,2.0,
2178,KINNABULLA_S13_P0000_R3,2023,5,3,,,,,,,,,,,,,,,,,,"60kg/ha applied at sowing (C, Vt, TR, TR+Vt)",kinnabulla,fertiliser,2023-05-03,8.5,38.4,0.0,,,,,,,Granulock SZ,kg,60.0,
2179,KINNABULLA_S13_P0000_R3,2023,5,3,canola,,,44y94cl,,,True,,,sale,40.0,,,15.0,,,On-time,,kinnabulla,sowing,2023-05-03,50.0,0.0,0.0,,,,,,,,,,
2180,KINNABULLA_S13_P0000_R3,2023,6,21,,,,,,,,,,,,,,,,,,271kg/ha top dressing - Canola RC2,kinnabulla,fertiliser,2023-06-21,8.5,135.5,0.0,,,,,,,Urea,kg,271.0,
2181,KINNABULLA_S13_P0000_R3,2023,7,10,,,,,,,,,,,,,,,,,,"0.12L/ha applied to all crop types to control the movement of pests back into pulse crops, could also more intro cereal crops and cause damage, 1-4 node. lucerne flea targeting vetch and lentil.",kinnabulla,pesticide,2023-07-10,11.0,4.32,0.0,,,,,,,Le-mat,L,0.12,insects
2182,KINNABULLA_S13_P0000_R3,2023,11,17,,,,,,,,,,,,,,,,,,"3L/ha applied to desiccate for late season weed control, bring all crop types in together for harvest (+0.16% BS1000 = wetting agent)",kinnabulla,herbicide,2023-11-17,11.0,45.0,0.0,,,,,,,Diquat,L,3.0,
2183,KINNABULLA_S13_P0000_R3,2023,12,7,canola,,,,,,,,,,,,,,,,,,kinnabulla,termination,2023-12-07,80.0,0.0,1016.97,success,sale,1635.0,,,stubble,,,,
2184,KINNABULLA_S13_P0000_R3,2023,12,14,,,,,,,,,,,,,,,,,,0.4L/ha applied overall site knockdown to control summer weeds (+2% Liase =  liquid adjuvant),kinnabulla,herbicide,2023-12-14,11.0,3.38,0.0,,,,,,,Ester,L,0.4,
2185,KINNABULLA_S13_P0000_R3,2023,12,14,,,,,,,,,,,,,,,,,,2.5L/ha applied overall site knockdown to control summer weeds,kinnabulla,herbicide,2023-12-14,11.0,11.25,0.0,,,,,,,Glyphosate,L,2.5,
2186,KINNABULLA_S13_P0000_R3,2024,1,18,,,,,,,,,,,,,,,,,,"2.5L/ha applied overall site knockdown to control summer weeds (heliotrope and odd thistle), vol. crop (wheat, barley, canola, radish, lentil)",kinnabulla,herbicide,2024-01-18,11.0,11.25,0.0,,,,,,,Glyphosate,L,2.5,
2187,KINNABULLA_S13_P0000_R4,2023,5,3,,,,,,,,,,,,,,,,,,1.5L/ha applied at sowing,kinnabulla,herbicide,2023-05-03,11.0,12.0,0.0,,,,,,,Trifluralin,L,1.5,
2188,KINNABULLA_S13_P0000_R4,2023,5,3,,,,,,,,,,,,,,,,,,1L/ha applied at sowing,kinnabulla,herbicide,2023-05-03,11.0,21.8,0.0,,,,,,,Propyzamide,L,1.0,
2189,KINNABULLA_S13_P0000_R4,2023,5,3,,,,,,,,,,,,,,,,,,1L/ha applied at sowing,kinnabulla,herbicide,2023-05-03,11.0,51.19287671232877,0.0,,,,,,,Pyrinex Super,L,1.0,
2190,KINNABULLA_S13_P0000_R4,2023,5,3,,,,,,,,,,,,,,,,,,2L/ha applied at sowing,kinnabulla,herbicide,2023-05-03,11.0,34.0,0.0,,,,,,,Avadex,L,2.0,
2191,KINNABULLA_S13_P0000_R4,2023,5,3,,,,,,,,,,,,,,,,,,"60kg/ha applied at sowing (C, Vt, TR, TR+Vt)",kinnabulla,fertiliser,2023-05-03,8.5,38.4,0.0,,,,,,,Granulock SZ,kg,60.0,
2192,KINNABULLA_S13_P0000_R4,2023,5,3,canola,,,44y94cl,,,True,,,sale,40.0,,,15.0,,,On-time,,kinnabulla,sowing,2023-05-03,50.0,0.0,0.0,,,,,,,,,,
2193,KINNABULLA_S13_P0000_R4,2023,6,21,,,,,,,,,,,,,,,,,,271kg/ha top dressing - Canola RC2,kinnabulla,fertiliser,2023-06-21,8.5,135.5,0.0,,,,,,,Urea,kg,271.0,
2194,KINNABULLA_S13_P0000_R4,2023,7,10,,,,,,,,,,,,,,,,,,"0.12L/ha applied to all crop types to control the movement of pests back into pulse crops, could also more intro cereal crops and cause damage, 1-4 node. lucerne flea targeting vetch and lentil.",kinnabulla,pesticide,2023-07-10,11.0,4.32,0.0,,,,,,,Le-mat,L,0.12,insects
2195,KINNABULLA_S13_P0000_R4,2023,11,17,,,,,,,,,,,,,,,,,,"3L/ha applied to desiccate for late season weed control, bring all crop types in together for harvest (+0.16% BS1000 = wetting agent)",kinnabulla,herbicide,2023-11-17,11.0,45.0,0.0,,,,,,,Diquat,L,3.0,
2196,KINNABULLA_S13_P0000_R4,2023,12,7,canola,,,,,,,,,,,,,,,,,,kinnabulla,termination,2023-12-07,80.0,0.0,1087.878,success,sale,1749.0,,,stubble,,,,
2197,KINNABULLA_S13_P0000_R4,2023,12,14,,,,,,,,,,,,,,,,,,0.4L/ha applied overall site knockdown to control summer weeds (+2% Liase =  liquid adjuvant),kinnabulla,herbicide,2023-12-14,11.0,3.38,0.0,,,,,,,Ester,L,0.4,
2198,KINNABULLA_S13_P0000_R4,2023,12,14,,,,,,,,,,,,,,,,,,2.5L/ha applied overall site knockdown to control summer weeds,kinnabulla,herbicide,2023-12-14,11.0,11.25,0.0,,,,,,,Glyphosate,L,2.5,
2199,KINNABULLA_S13_P0000_R4,2024,1,18,,,,,,,,,,,,,,,,,,"2.5L/ha applied overall site knockdown to control summer weeds (heliotrope and odd thistle), vol. crop (wheat, barley, canola, radish, lentil)",kinnabulla,herbicide,2024-01-18,11.0,11.25,0.0,,,,,,,Glyphosate,L,2.5,
2200,KINNABULLA_S13_P0000_R5,2023,5,3,,,,,,,,,,,,,,,,,,1.5L/ha applied at sowing,kinnabulla,herbicide,2023-05-03,11.0,12.0,0.0,,,,,,,Trifluralin,L,1.5,
2201,KINNABULLA_S13_P0000_R5,2023,5,3,,,,,,,,,,,,,,,,,,1L/ha applied at sowing,kinnabulla,herbicide,2023-05-03,11.0,21.8,0.0,,,,,,,Propyzamide,L,1.0,
2202,KINNABULLA_S13_P0000_R5,2023,5,3,,,,,,,,,,,,,,,,,,1L/ha applied at sowing,kinnabulla,herbicide,2023-05-03,11.0,51.19287671232877,0.0,,,,,,,Pyrinex Super,L,1.0,
2203,KINNABULLA_S13_P0000_R5,2023,5,3,,,,,,,,,,,,,,,,,,2L/ha applied at sowing,kinnabulla,herbicide,2023-05-03,11.0,34.0,0.0,,,,,,,Avadex,L,2.0,
2204,KINNABULLA_S13_P0000_R5,2023,5,3,,,,,,,,,,,,,,,,,,"60kg/ha applied at sowing (C, Vt, TR, TR+Vt)",kinnabulla,fertiliser,2023-05-03,8.5,38.4,0.0,,,,,,,Granulock SZ,kg,60.0,
2205,KINNABULLA_S13_P0000_R5,2023,5,3,canola,,,44y94cl,,,True,,,sale,40.0,,,15.0,,,On-time,,kinnabulla,sowing,2023-05-03,50.0,0.0,0.0,,,,,,,,,,
2206,KINNABULLA_S13_P0000_R5,2023,6,21,,,,,,,,,,,,,,,,,,271kg/ha top dressing - Canola RC2,kinnabulla,fertiliser,2023-06-21,8.5,135.5,0.0,,,,,,,Urea,kg,271.0,
2207,KINNABULLA_S13_P0000_R5,2023,7,10,,,,,,,,,,,,,,,,,,"0.12L/ha applied to all crop types to control the movement of pests back into pulse crops, could also more intro cereal crops and cause damage, 1-4 node. lucerne flea targeting vetch and lentil.",kinnabulla,pesticide,2023-07-10,11.0,4.32,0.0,,,,,,,Le-mat,L,0.12,insects
2208,KINNABULLA_S13_P0000_R5,2023,11,17,,,,,,,,,,,,,,,,,,"3L/ha applied to desiccate for late season weed control, bring all crop types in together for harvest (+0.16% BS1000 = wetting agent)",kinnabulla,herbicide,2023-11-17,11.0,45.0,0.0,,,,,,,Diquat,L,3.0,
2209,KINNABULLA_S13_P0000_R5,2023,12,7,canola,,,,,,,,,,,,,,,,,,kinnabulla,termination,2023-12-07,80.0,0.0,949.172,success,sale,1526.0,,,stubble,,,,
2210,KINNABULLA_S13_P0000_R5,2023,12,14,,,,,,,,,,,,,,,,,,0.4L/ha applied overall site knockdown to control summer weeds (+2% Liase =  liquid adjuvant),kinnabulla,herbicide,2023-12-14,11.0,3.38,0.0,,,,,,,Ester,L,0.4,
2211,KINNABULLA_S13_P0000_R5,2023,12,14,,,,,,,,,,,,,,,,,,2.5L/ha applied overall site knockdown to control summer weeds,kinnabulla,herbicide,2023-12-14,11.0,11.25,0.0,,,,,,,Glyphosate,L,2.5,
2212,KINNABULLA_S13_P0000_R5,2024,1,18,,,,,,,,,,,,,,,,,,"2.5L/ha applied overall site knockdown to control summer weeds (heliotrope and odd thistle), vol. crop (wheat, barley, canola, radish, lentil)",kinnabulla,herbicide,2024-01-18,11.0,11.25,0.0,,,,,,,Glyphosate,L,2.5,
2213,KINNABULLA_S13_P0000_R6,2023,5,3,,,,,,,,,,,,,,,,,,1.5L/ha applied at sowing,kinnabulla,herbicide,2023-05-03,11.0,12.0,0.0,,,,,,,Trifluralin,L,1.5,
2214,KINNABULLA_S13_P0000_R6,2023,5,3,,,,,,,,,,,,,,,,,,1L/ha applied at sowing,kinnabulla,herbicide,2023-05-03,11.0,21.8,0.0,,,,,,,Propyzamide,L,1.0,
2215,KINNABULLA_S13_P0000_R6,2023,5,3,,,,,,,,,,,,,,,,,,1L/ha applied at sowing,kinnabulla,herbicide,2023-05-03,11.0,51.19287671232877,0.0,,,,,,,Pyrinex Super,L,1.0,
2216,KINNABULLA_S13_P0000_R6,2023,5,3,,,,,,,,,,,,,,,,,,2L/ha applied at sowing,kinnabulla,herbicide,2023-05-03,11.0,34.0,0.0,,,,,,,Avadex,L,2.0,
2217,KINNABULLA_S13_P0000_R6,2023,5,3,,,,,,,,,,,,,,,,,,"60kg/ha applied at sowing (C, Vt, TR, TR+Vt)",kinnabulla,fertiliser,2023-05-03,8.5,38.4,0.0,,,,,,,Granulock SZ,kg,60.0,
2218,KINNABULLA_S13_P0000_R6,2023,5,3,canola,,,44y94cl,,,True,,,sale,40.0,,,15.0,,,On-time,,kinnabulla,sowing,2023-05-03,50.0,0.0,0.0,,,,,,,,,,
2219,KINNABULLA_S13_P0000_R6,2023,6,21,,,,,,,,,,,,,,,,,,271kg/ha top dressing - Canola RC2,kinnabulla,fertiliser,2023-06-21,8.5,135.5,0.0,,,,,,,Urea,kg,271.0,
2220,KINNABULLA_S13_P0000_R6,2023,7,10,,,,,,,,,,,,,,,,,,"0.12L/ha applied to all crop types to control the movement of pests back into pulse crops, could also more intro cereal crops and cause damage, 1-4 node. lucerne flea targeting vetch and lentil.",kinnabulla,pesticide,2023-07-10,11.0,4.32,0.0,,,,,,,Le-mat,L,0.12,insects
2221,KINNABULLA_S13_P0000_R6,2023,11,17,,,,,,,,,,,,,,,,,,"3L/ha applied to desiccate for late season weed control, bring all crop types in together for harvest (+0.16% BS1000 = wetting agent)",kinnabulla,herbicide,2023-11-17,11.0,45.0,0.0,,,,,,,Diquat,L,3.0,
2222,KINNABULLA_S13_P0000_R6,2023,12,7,canola,,,,,,,,,,,,,,,,,,kinnabulla,termination,2023-12-07,80.0,0.0,894.436,success,sale,1438.0,,,stubble,,,,
2223,KINNABULLA_S13_P0000_R6,2023,12,14,,,,,,,,,,,,,,,,,,0.4L/ha applied overall site knockdown to control summer weeds (+2% Liase =  liquid adjuvant),kinnabulla,herbicide,2023-12-14,11.0,3.38,0.0,,,,,,,Ester,L,0.4,
2224,KINNABULLA_S13_P0000_R6,2023,12,14,,,,,,,,,,,,,,,,,,2.5L/ha applied overall site knockdown to control summer weeds,kinnabulla,herbicide,2023-12-14,11.0,11.25,0.0,,,,,,,Glyphosate,L,2.5,
2225,KINNABULLA_S13_P0000_R6,2024,1,18,,,,,,,,,,,,,,,,,,"2.5L/ha applied overall site knockdown to control summer weeds (heliotrope and odd thistle), vol. crop (wheat, barley, canola, radish, lentil)",kinnabulla,herbicide,2024-01-18,11.0,11.25,0.0,,,,,,,Glyphosate,L,2.5,
2226,KINNABULLA_S13_P0000_R7,2023,5,3,,,,,,,,,,,,,,,,,,1.5L/ha applied at sowing,kinnabulla,herbicide,2023-05-03,11.0,12.0,0.0,,,,,,,Trifluralin,L,1.5,
2227,KINNABULLA_S13_P0000_R7,2023,5,3,,,,,,,,,,,,,,,,,,1L/ha applied at sowing,kinnabulla,herbicide,2023-05-03,11.0,21.8,0.0,,,,,,,Propyzamide,L,1.0,
2228,KINNABULLA_S13_P0000_R7,2023,5,3,,,,,,,,,,,,,,,,,,1L/ha applied at sowing,kinnabulla,herbicide,2023-05-03,11.0,51.19287671232877,0.0,,,,,,,Pyrinex Super,L,1.0,
2229,KINNABULLA_S13_P0000_R7,2023,5,3,,,,,,,,,,,,,,,,,,2L/ha applied at sowing,kinnabulla,herbicide,2023-05-03,11.0,34.0,0.0,,,,,,,Avadex,L,2.0,
2230,KINNABULLA_S13_P0000_R7,2023,5,3,,,,,,,,,,,,,,,,,,"60kg/ha applied at sowing (C, Vt, TR, TR+Vt)",kinnabulla,fertiliser,2023-05-03,8.5,38.4,0.0,,,,,,,Granulock SZ,kg,60.0,
2231,KINNABULLA_S13_P0000_R7,2023,5,3,canola,,,44y94cl,,,True,,,sale,40.0,,,15.0,,,On-time,,kinnabulla,sowing,2023-05-03,50.0,0.0,0.0,,,,,,,,,,
2232,KINNABULLA_S13_P0000_R7,2023,6,21,,,,,,,,,,,,,,,,,,271kg/ha top dressing - Canola RC2,kinnabulla,fertiliser,2023-06-21,8.5,135.5,0.0,,,,,,,Urea,kg,271.0,
2233,KINNABULLA_S13_P0000_R7,2023,7,10,,,,,,,,,,,,,,,,,,"0.12L/ha applied to all crop types to control the movement of pests back into pulse crops, could also more intro cereal crops and cause damage, 1-4 node. lucerne flea targeting vetch and lentil.",kinnabulla,pesticide,2023-07-10,11.0,4.32,0.0,,,,,,,Le-mat,L,0.12,insects
2234,KINNABULLA_S13_P0000_R7,2023,11,17,,,,,,,,,,,,,,,,,,"3L/ha applied to desiccate for late season weed control, bring all crop types in together for harvest (+0.16% BS1000 = wetting agent)",kinnabulla,herbicide,2023-11-17,11.0,45.0,0.0,,,,,,,Diquat,L,3.0,
2235,KINNABULLA_S13_P0000_R7,2023,12,7,canola,,,,,,,,,,,,,,,,,,kinnabulla,termination,2023-12-07,80.0,0.0,873.288,success,sale,1404.0,,,stubble,,,,
2236,KINNABULLA_S13_P0000_R7,2023,12,14,,,,,,,,,,,,,,,,,,0.4L/ha applied overall site knockdown to control summer weeds (+2% Liase =  liquid adjuvant),kinnabulla,herbicide,2023-12-14,11.0,3.38,0.0,,,,,,,Ester,L,0.4,
2237,KINNABULLA_S13_P0000_R7,2023,12,14,,,,,,,,,,,,,,,,,,2.5L/ha applied overall site knockdown to control summer weeds,kinnabulla,herbicide,2023-12-14,11.0,11.25,0.0,,,,,,,Glyphosate,L,2.5,
2238,KINNABULLA_S13_P0000_R7,2024,1,18,,,,,,,,,,,,,,,,,,"2.5L/ha applied overall site knockdown to control summer weeds (heliotrope and odd thistle), vol. crop (wheat, barley, canola, radish, lentil)",kinnabulla,herbicide,2024-01-18,11.0,11.25,0.0,,,,,,,Glyphosate,L,2.5,
2239,KINNABULLA_S13_P0000_R8,2023,5,3,,,,,,,,,,,,,,,,,,1.5L/ha applied at sowing,kinnabulla,herbicide,2023-05-03,11.0,12.0,0.0,,,,,,,Trifluralin,L,1.5,
2240,KINNABULLA_S13_P0000_R8,2023,5,3,,,,,,,,,,,,,,,,,,1L/ha applied at sowing,kinnabulla,herbicide,2023-05-03,11.0,21.8,0.0,,,,,,,Propyzamide,L,1.0,
2241,KINNABULLA_S13_P0000_R8,2023,5,3,,,,,,,,,,,,,,,,,,1L/ha applied at sowing,kinnabulla,herbicide,2023-05-03,11.0,51.19287671232877,0.0,,,,,,,Pyrinex Super,L,1.0,
2242,KINNABULLA_S13_P0000_R8,2023,5,3,,,,,,,,,,,,,,,,,,2L/ha applied at sowing,kinnabulla,herbicide,2023-05-03,11.0,34.0,0.0,,,,,,,Avadex,L,2.0,
2243,KINNABULLA_S13_P0000_R8,2023,5,3,,,,,,,,,,,,,,,,,,"60kg/ha applied at sowing (C, Vt, TR, TR+Vt)",kinnabulla,fertiliser,2023-05-03,8.5,38.4,0.0,,,,,,,Granulock SZ,kg,60.0,
2244,KINNABULLA_S13_P0000_R8,2023,5,3,canola,,,44y94cl,,,True,,,sale,40.0,,,15.0,,,On-time,,kinnabulla,sowing,2023-05-03,50.0,0.0,0.0,,,,,,,,,,
2245,KINNABULLA_S13_P0000_R8,2023,6,21,,,,,,,,,,,,,,,,,,271kg/ha top dressing - Canola RC2,kinnabulla,fertiliser,2023-06-21,8.5,135.5,0.0,,,,,,,Urea,kg,271.0,
2246,KINNABULLA_S13_P0000_R8,2023,7,10,,,,,,,,,,,,,,,,,,"0.12L/ha applied to all crop types to control the movement of pests back into pulse crops, could also more intro cereal crops and cause damage, 1-4 node. lucerne flea targeting vetch and lentil.",kinnabulla,pesticide,2023-07-10,11.0,4.32,0.0,,,,,,,Le-mat,L,0.12,insects
2247,KINNABULLA_S13_P0000_R8,2023,11,17,,,,,,,,,,,,,,,,,,"3L/ha applied to desiccate for late season weed control, bring all crop types in together for harvest (+0.16% BS1000 = wetting agent)",kinnabulla,herbicide,2023-11-17,11.0,45.0,0.0,,,,,,,Diquat,L,3.0,
2248,KINNABULLA_S13_P0000_R8,2023,12,7,canola,,,,,,,,,,,,,,,,,,kinnabulla,termination,2023-12-07,80.0,0.0,998.31,success,sale,1605.0,,,stubble,,,,
2249,KINNABULLA_S13_P0000_R8,2023,12,14,,,,,,,,,,,,,,,,,,0.4L/ha applied overall site knockdown to control summer weeds (+2% Liase =  liquid adjuvant),kinnabulla,herbicide,2023-12-14,11.0,3.38,0.0,,,,,,,Ester,L,0.4,
2250,KINNABULLA_S13_P0000_R8,2023,12,14,,,,,,,,,,,,,,,,,,2.5L/ha applied overall site knockdown to control summer weeds,kinnabulla,herbicide,2023-12-14,11.0,11.25,0.0,,,,,,,Glyphosate,L,2.5,
2251,KINNABULLA_S13_P0000_R8,2024,1,18,,,,,,,,,,,,,,,,,,"2.5L/ha applied overall site knockdown to control summer weeds (heliotrope and odd thistle), vol. crop (wheat, barley, canola, radish, lentil)",kinnabulla,herbicide,2024-01-18,11.0,11.25,0.0,,,,,,,Glyphosate,L,2.5,
2252,KINNABULLA_S13_P0000_R9,2023,5,3,,,,,,,,,,,,,,,,,,1.5L/ha applied at sowing,kinnabulla,herbicide,2023-05-03,11.0,12.0,0.0,,,,,,,Trifluralin,L,1.5,
2253,KINNABULLA_S13_P0000_R9,2023,5,3,,,,,,,,,,,,,,,,,,1L/ha applied at sowing,kinnabulla,herbicide,2023-05-03,11.0,21.8,0.0,,,,,,,Propyzamide,L,1.0,
2254,KINNABULLA_S13_P0000_R9,2023,5,3,,,,,,,,,,,,,,,,,,1L/ha applied at sowing,kinnabulla,herbicide,2023-05-03,11.0,51.19287671232877,0.0,,,,,,,Pyrinex Super,L,1.0,
2255,KINNABULLA_S13_P0000_R9,2023,5,3,,,,,,,,,,,,,,,,,,2L/ha applied at sowing,kinnabulla,herbicide,2023-05-03,11.0,34.0,0.0,,,,,,,Avadex,L,2.0,
2256,KINNABULLA_S13_P0000_R9,2023,5,3,,,,,,,,,,,,,,,,,,"60kg/ha applied at sowing (C, Vt, TR, TR+Vt)",kinnabulla,fertiliser,2023-05-03,8.5,38.4,0.0,,,,,,,Granulock SZ,kg,60.0,
2257,KINNABULLA_S13_P0000_R9,2023,5,3,canola,,,44y94cl,,,True,,,sale,40.0,,,15.0,,,On-time,,kinnabulla,sowing,2023-05-03,50.0,0.0,0.0,,,,,,,,,,
2258,KINNABULLA_S13_P0000_R9,2023,6,21,,,,,,,,,,,,,,,,,,271kg/ha top dressing - Canola RC2,kinnabulla,fertiliser,2023-06-21,8.5,135.5,0.0,,,,,,,Urea,kg,271.0,
2259,KINNABULLA_S13_P0000_R9,2023,7,10,,,,,,,,,,,,,,,,,,"0.12L/ha applied to all crop types to control the movement of pests back into pulse crops, could also more intro cereal crops and cause damage, 1-4 node. lucerne flea targeting vetch and lentil.",kinnabulla,pesticide,2023-07-10,11.0,4.32,0.0,,,,,,,Le-mat,L,0.12,insects
2260,KINNABULLA_S13_P0000_R9,2023,11,17,,,,,,,,,,,,,,,,,,"3L/ha applied to desiccate for late season weed control, bring all crop types in together for harvest (+0.16% BS1000 = wetting agent)",kinnabulla,herbicide,2023-11-17,11.0,45.0,0.0,,,,,,,Diquat,L,3.0,
2261,KINNABULLA_S13_P0000_R9,2023,12,7,canola,,,,,,,,,,,,,,,,,,kinnabulla,termination,2023-12-07,80.0,0.0,911.23,success,sale,1465.0,,,stubble,,,,
2262,KINNABULLA_S13_P0000_R9,2023,12,14,,,,,,,,,,,,,,,,,,0.4L/ha applied overall site knockdown to control summer weeds (+2% Liase =  liquid adjuvant),kinnabulla,herbicide,2023-12-14,11.0,3.38,0.0,,,,,,,Ester,L,0.4,
2263,KINNABULLA_S13_P0000_R9,2023,12,14,,,,,,,,,,,,,,,,,,2.5L/ha applied overall site knockdown to control summer weeds,kinnabulla,herbicide,2023-12-14,11.0,11.25,0.0,,,,,,,Glyphosate,L,2.5,
2264,KINNABULLA_S13_P0000_R9,2024,1,18,,,,,,,,,,,,,,,,,,"2.5L/ha applied overall site knockdown to control summer weeds (heliotrope and odd thistle), vol. crop (wheat, barley, canola, radish, lentil)",kinnabulla,herbicide,2024-01-18,11.0,11.25,0.0,,,,,,,Glyphosate,L,2.5,
2265,KINNABULLA_S14_P0000_R1,2023,5,3,,,,,,,,,,,,,,,,,,1.5L/ha applied at sowing,kinnabulla,herbicide,2023-05-03,11.0,12.0,0.0,,,,,,,Trifluralin,L,1.5,
2266,KINNABULLA_S14_P0000_R1,2023,5,3,,,,,,,,,,,,,,,,,,1L/ha applied at sowing,kinnabulla,herbicide,2023-05-03,11.0,21.8,0.0,,,,,,,Propyzamide,L,1.0,
2267,KINNABULLA_S14_P0000_R1,2023,5,3,,,,,,,,,,,,,,,,,,1L/ha applied at sowing,kinnabulla,herbicide,2023-05-03,11.0,51.19287671232877,0.0,,,,,,,Pyrinex Super,L,1.0,
2268,KINNABULLA_S14_P0000_R1,2023,5,3,,,,,,,,,,,,,,,,,,2L/ha applied at sowing,kinnabulla,herbicide,2023-05-03,11.0,34.0,0.0,,,,,,,Avadex,L,2.0,
2269,KINNABULLA_S14_P0000_R1,2023,5,3,,,,,,,,,,,,,,,,,,"60kg/ha applied at sowing (C, Vt, TR, TR+Vt)",kinnabulla,fertiliser,2023-05-03,8.5,38.4,0.0,,,,,,,Granulock SZ,kg,60.0,
2270,KINNABULLA_S14_P0000_R1,2023,5,3,canola,,,44y94cl,,,True,,,sale,40.0,,,15.0,,,On-time,,kinnabulla,sowing,2023-05-03,50.0,0.0,0.0,,,,,,,,,,
2271,KINNABULLA_S14_P0000_R1,2023,6,21,,,,,,,,,,,,,,,,,,"487kg/ha top dressing - Canola D5, RC1, RC3",kinnabulla,fertiliser,2023-06-21,8.5,243.5,0.0,,,,,,,Urea,kg,487.0,
2272,KINNABULLA_S14_P0000_R1,2023,7,10,,,,,,,,,,,,,,,,,,"0.12L/ha applied to all crop types to control the movement of pests back into pulse crops, could also more intro cereal crops and cause damage, 1-4 node. lucerne flea targeting vetch and lentil.",kinnabulla,pesticide,2023-07-10,11.0,4.32,0.0,,,,,,,Le-mat,L,0.12,insects
2273,KINNABULLA_S14_P0000_R1,2023,11,17,,,,,,,,,,,,,,,,,,"3L/ha applied to desiccate for late season weed control, bring all crop types in together for harvest (+0.16% BS1000 = wetting agent)",kinnabulla,herbicide,2023-11-17,11.0,45.0,0.0,,,,,,,Diquat,L,3.0,
2274,KINNABULLA_S14_P0000_R1,2023,12,7,canola,,,,,,,,,,,,,,,,,,kinnabulla,termination,2023-12-07,80.0,0.0,1308.688,success,sale,2104.0,,,stubble,,,,
2275,KINNABULLA_S14_P0000_R1,2023,12,14,,,,,,,,,,,,,,,,,,0.4L/ha applied overall site knockdown to control summer weeds (+2% Liase =  liquid adjuvant),kinnabulla,herbicide,2023-12-14,11.0,3.38,0.0,,,,,,,Ester,L,0.4,
2276,KINNABULLA_S14_P0000_R1,2023,12,14,,,,,,,,,,,,,,,,,,2.5L/ha applied overall site knockdown to control summer weeds,kinnabulla,herbicide,2023-12-14,11.0,11.25,0.0,,,,,,,Glyphosate,L,2.5,
2277,KINNABULLA_S14_P0000_R1,2024,1,18,,,,,,,,,,,,,,,,,,"2.5L/ha applied overall site knockdown to control summer weeds (heliotrope and odd thistle), vol. crop (wheat, barley, canola, radish, lentil)",kinnabulla,herbicide,2024-01-18,11.0,11.25,0.0,,,,,,,Glyphosate,L,2.5,
2278,KINNABULLA_S14_P0000_R2,2023,5,3,,,,,,,,,,,,,,,,,,1.5L/ha applied at sowing,kinnabulla,herbicide,2023-05-03,11.0,12.0,0.0,,,,,,,Trifluralin,L,1.5,
2279,KINNABULLA_S14_P0000_R2,2023,5,3,,,,,,,,,,,,,,,,,,1L/ha applied at sowing,kinnabulla,herbicide,2023-05-03,11.0,21.8,0.0,,,,,,,Propyzamide,L,1.0,
2280,KINNABULLA_S14_P0000_R2,2023,5,3,,,,,,,,,,,,,,,,,,1L/ha applied at sowing,kinnabulla,herbicide,2023-05-03,11.0,51.19287671232877,0.0,,,,,,,Pyrinex Super,L,1.0,
2281,KINNABULLA_S14_P0000_R2,2023,5,3,,,,,,,,,,,,,,,,,,2L/ha applied at sowing,kinnabulla,herbicide,2023-05-03,11.0,34.0,0.0,,,,,,,Avadex,L,2.0,
2282,KINNABULLA_S14_P0000_R2,2023,5,3,,,,,,,,,,,,,,,,,,"60kg/ha applied at sowing (C, Vt, TR, TR+Vt)",kinnabulla,fertiliser,2023-05-03,8.5,38.4,0.0,,,,,,,Granulock SZ,kg,60.0,
2283,KINNABULLA_S14_P0000_R2,2023,5,3,canola,,,44y94cl,,,True,,,sale,40.0,,,15.0,,,On-time,,kinnabulla,sowing,2023-05-03,50.0,0.0,0.0,,,,,,,,,,
2284,KINNABULLA_S14_P0000_R2,2023,6,21,,,,,,,,,,,,,,,,,,"487kg/ha top dressing - Canola D5, RC1, RC3",kinnabulla,fertiliser,2023-06-21,8.5,243.5,0.0,,,,,,,Urea,kg,487.0,
2285,KINNABULLA_S14_P0000_R2,2023,7,10,,,,,,,,,,,,,,,,,,"0.12L/ha applied to all crop types to control the movement of pests back into pulse crops, could also more intro cereal crops and cause damage, 1-4 node. lucerne flea targeting vetch and lentil.",kinnabulla,pesticide,2023-07-10,11.0,4.32,0.0,,,,,,,Le-mat,L,0.12,insects
2286,KINNABULLA_S14_P0000_R2,2023,11,17,,,,,,,,,,,,,,,,,,"3L/ha applied to desiccate for late season weed control, bring all crop types in together for harvest (+0.16% BS1000 = wetting agent)",kinnabulla,herbicide,2023-11-17,11.0,45.0,0.0,,,,,,,Diquat,L,3.0,
2287,KINNABULLA_S14_P0000_R2,2023,12,7,canola,,,,,,,,,,,,,,,,,,kinnabulla,termination,2023-12-07,80.0,0.0,1202.326,success,sale,1933.0,,,stubble,,,,
2288,KINNABULLA_S14_P0000_R2,2023,12,14,,,,,,,,,,,,,,,,,,0.4L/ha applied overall site knockdown to control summer weeds (+2% Liase =  liquid adjuvant),kinnabulla,herbicide,2023-12-14,11.0,3.38,0.0,,,,,,,Ester,L,0.4,
2289,KINNABULLA_S14_P0000_R2,2023,12,14,,,,,,,,,,,,,,,,,,2.5L/ha applied overall site knockdown to control summer weeds,kinnabulla,herbicide,2023-12-14,11.0,11.25,0.0,,,,,,,Glyphosate,L,2.5,
2290,KINNABULLA_S14_P0000_R2,2024,1,18,,,,,,,,,,,,,,,,,,"2.5L/ha applied overall site knockdown to control summer weeds (heliotrope and odd thistle), vol. crop (wheat, barley, canola, radish, lentil)",kinnabulla,herbicide,2024-01-18,11.0,11.25,0.0,,,,,,,Glyphosate,L,2.5,
2291,KINNABULLA_S14_P0000_R3,2023,5,3,,,,,,,,,,,,,,,,,,1.5L/ha applied at sowing,kinnabulla,herbicide,2023-05-03,11.0,12.0,0.0,,,,,,,Trifluralin,L,1.5,
2292,KINNABULLA_S14_P0000_R3,2023,5,3,,,,,,,,,,,,,,,,,,1L/ha applied at sowing,kinnabulla,herbicide,2023-05-03,11.0,21.8,0.0,,,,,,,Propyzamide,L,1.0,
2293,KINNABULLA_S14_P0000_R3,2023,5,3,,,,,,,,,,,,,,,,,,1L/ha applied at sowing,kinnabulla,herbicide,2023-05-03,11.0,51.19287671232877,0.0,,,,,,,Pyrinex Super,L,1.0,
2294,KINNABULLA_S14_P0000_R3,2023,5,3,,,,,,,,,,,,,,,,,,2L/ha applied at sowing,kinnabulla,herbicide,2023-05-03,11.0,34.0,0.0,,,,,,,Avadex,L,2.0,
2295,KINNABULLA_S14_P0000_R3,2023,5,3,,,,,,,,,,,,,,,,,,"60kg/ha applied at sowing (C, Vt, TR, TR+Vt)",kinnabulla,fertiliser,2023-05-03,8.5,38.4,0.0,,,,,,,Granulock SZ,kg,60.0,
2296,KINNABULLA_S14_P0000_R3,2023,5,3,canola,,,44y94cl,,,True,,,sale,40.0,,,15.0,,,On-time,,kinnabulla,sowing,2023-05-03,50.0,0.0,0.0,,,,,,,,,,
2297,KINNABULLA_S14_P0000_R3,2023,6,21,,,,,,,,,,,,,,,,,,"487kg/ha top dressing - Canola D5, RC1, RC3",kinnabulla,fertiliser,2023-06-21,8.5,243.5,0.0,,,,,,,Urea,kg,487.0,
2298,KINNABULLA_S14_P0000_R3,2023,7,10,,,,,,,,,,,,,,,,,,"0.12L/ha applied to all crop types to control the movement of pests back into pulse crops, could also more intro cereal crops and cause damage, 1-4 node. lucerne flea targeting vetch and lentil.",kinnabulla,pesticide,2023-07-10,11.0,4.32,0.0,,,,,,,Le-mat,L,0.12,insects
2299,KINNABULLA_S14_P0000_R3,2023,11,17,,,,,,,,,,,,,,,,,,"3L/ha applied to desiccate for late season weed control, bring all crop types in together for harvest (+0.16% BS1000 = wetting agent)",kinnabulla,herbicide,2023-11-17,11.0,45.0,0.0,,,,,,,Diquat,L,3.0,
2300,KINNABULLA_S14_P0000_R3,2023,12,7,canola,,,,,,,,,,,,,,,,,,kinnabulla,termination,2023-12-07,80.0,0.0,1301.846,success,sale,2093.0,,,stubble,,,,
2301,KINNABULLA_S14_P0000_R3,2023,12,14,,,,,,,,,,,,,,,,,,0.4L/ha applied overall site knockdown to control summer weeds (+2% Liase =  liquid adjuvant),kinnabulla,herbicide,2023-12-14,11.0,3.38,0.0,,,,,,,Ester,L,0.4,
2302,KINNABULLA_S14_P0000_R3,2023,12,14,,,,,,,,,,,,,,,,,,2.5L/ha applied overall site knockdown to control summer weeds,kinnabulla,herbicide,2023-12-14,11.0,11.25,0.0,,,,,,,Glyphosate,L,2.5,
2303,KINNABULLA_S14_P0000_R3,2024,1,18,,,,,,,,,,,,,,,,,,"2.5L/ha applied overall site knockdown to control summer weeds (heliotrope and odd thistle), vol. crop (wheat, barley, canola, radish, lentil)",kinnabulla,herbicide,2024-01-18,11.0,11.25,0.0,,,,,,,Glyphosate,L,2.5,
2304,KINNABULLA_S14_P0000_R4,2023,5,3,,,,,,,,,,,,,,,,,,1.5L/ha applied at sowing,kinnabulla,herbicide,2023-05-03,11.0,12.0,0.0,,,,,,,Trifluralin,L,1.5,
2305,KINNABULLA_S14_P0000_R4,2023,5,3,,,,,,,,,,,,,,,,,,1L/ha applied at sowing,kinnabulla,herbicide,2023-05-03,11.0,21.8,0.0,,,,,,,Propyzamide,L,1.0,
2306,KINNABULLA_S14_P0000_R4,2023,5,3,,,,,,,,,,,,,,,,,,1L/ha applied at sowing,kinnabulla,herbicide,2023-05-03,11.0,51.19287671232877,0.0,,,,,,,Pyrinex Super,L,1.0,
2307,KINNABULLA_S14_P0000_R4,2023,5,3,,,,,,,,,,,,,,,,,,2L/ha applied at sowing,kinnabulla,herbicide,2023-05-03,11.0,34.0,0.0,,,,,,,Avadex,L,2.0,
2308,KINNABULLA_S14_P0000_R4,2023,5,3,,,,,,,,,,,,,,,,,,"60kg/ha applied at sowing (C, Vt, TR, TR+Vt)",kinnabulla,fertiliser,2023-05-03,8.5,38.4,0.0,,,,,,,Granulock SZ,kg,60.0,
2309,KINNABULLA_S14_P0000_R4,2023,5,3,canola,,,44y94cl,,,True,,,sale,40.0,,,15.0,,,On-time,,kinnabulla,sowing,2023-05-03,50.0,0.0,0.0,,,,,,,,,,
2310,KINNABULLA_S14_P0000_R4,2023,6,21,,,,,,,,,,,,,,,,,,"487kg/ha top dressing - Canola D5, RC1, RC3",kinnabulla,fertiliser,2023-06-21,8.5,243.5,0.0,,,,,,,Urea,kg,487.0,
2311,KINNABULLA_S14_P0000_R4,2023,7,10,,,,,,,,,,,,,,,,,,"0.12L/ha applied to all crop types to control the movement of pests back into pulse crops, could also more intro cereal crops and cause damage, 1-4 node. lucerne flea targeting vetch and lentil.",kinnabulla,pesticide,2023-07-10,11.0,4.32,0.0,,,,,,,Le-mat,L,0.12,insects
2312,KINNABULLA_S14_P0000_R4,2023,11,17,,,,,,,,,,,,,,,,,,"3L/ha applied to desiccate for late season weed control, bring all crop types in together for harvest (+0.16% BS1000 = wetting agent)",kinnabulla,herbicide,2023-11-17,11.0,45.0,0.0,,,,,,,Diquat,L,3.0,
2313,KINNABULLA_S14_P0000_R4,2023,12,7,canola,,,,,,,,,,,,,,,,,,kinnabulla,termination,2023-12-07,80.0,0.0,885.106,success,sale,1423.0,,,stubble,,,,
2314,KINNABULLA_S14_P0000_R4,2023,12,14,,,,,,,,,,,,,,,,,,0.4L/ha applied overall site knockdown to control summer weeds (+2% Liase =  liquid adjuvant),kinnabulla,herbicide,2023-12-14,11.0,3.38,0.0,,,,,,,Ester,L,0.4,
2315,KINNABULLA_S14_P0000_R4,2023,12,14,,,,,,,,,,,,,,,,,,2.5L/ha applied overall site knockdown to control summer weeds,kinnabulla,herbicide,2023-12-14,11.0,11.25,0.0,,,,,,,Glyphosate,L,2.5,
2316,KINNABULLA_S14_P0000_R4,2024,1,18,,,,,,,,,,,,,,,,,,"2.5L/ha applied overall site knockdown to control summer weeds (heliotrope and odd thistle), vol. crop (wheat, barley, canola, radish, lentil)",kinnabulla,herbicide,2024-01-18,11.0,11.25,0.0,,,,,,,Glyphosate,L,2.5,
2317,KINNABULLA_S14_P0000_R5,2023,5,3,,,,,,,,,,,,,,,,,,1.5L/ha applied at sowing,kinnabulla,herbicide,2023-05-03,11.0,12.0,0.0,,,,,,,Trifluralin,L,1.5,
2318,KINNABULLA_S14_P0000_R5,2023,5,3,,,,,,,,,,,,,,,,,,1L/ha applied at sowing,kinnabulla,herbicide,2023-05-03,11.0,21.8,0.0,,,,,,,Propyzamide,L,1.0,
2319,KINNABULLA_S14_P0000_R5,2023,5,3,,,,,,,,,,,,,,,,,,1L/ha applied at sowing,kinnabulla,herbicide,2023-05-03,11.0,51.19287671232877,0.0,,,,,,,Pyrinex Super,L,1.0,
2320,KINNABULLA_S14_P0000_R5,2023,5,3,,,,,,,,,,,,,,,,,,2L/ha applied at sowing,kinnabulla,herbicide,2023-05-03,11.0,34.0,0.0,,,,,,,Avadex,L,2.0,
2321,KINNABULLA_S14_P0000_R5,2023,5,3,,,,,,,,,,,,,,,,,,"60kg/ha applied at sowing (C, Vt, TR, TR+Vt)",kinnabulla,fertiliser,2023-05-03,8.5,38.4,0.0,,,,,,,Granulock SZ,kg,60.0,
2322,KINNABULLA_S14_P0000_R5,2023,5,3,canola,,,44y94cl,,,True,,,sale,40.0,,,15.0,,,On-time,,kinnabulla,sowing,2023-05-03,50.0,0.0,0.0,,,,,,,,,,
2323,KINNABULLA_S14_P0000_R5,2023,6,21,,,,,,,,,,,,,,,,,,"487kg/ha top dressing - Canola D5, RC1, RC3",kinnabulla,fertiliser,2023-06-21,8.5,243.5,0.0,,,,,,,Urea,kg,487.0,
2324,KINNABULLA_S14_P0000_R5,2023,7,10,,,,,,,,,,,,,,,,,,"0.12L/ha applied to all crop types to control the movement of pests back into pulse crops, could also more intro cereal crops and cause damage, 1-4 node. lucerne flea targeting vetch and lentil.",kinnabulla,pesticide,2023-07-10,11.0,4.32,0.0,,,,,,,Le-mat,L,0.12,insects
2325,KINNABULLA_S14_P0000_R5,2023,11,17,,,,,,,,,,,,,,,,,,"3L/ha applied to desiccate for late season weed control, bring all crop types in together for harvest (+0.16% BS1000 = wetting agent)",kinnabulla,herbicide,2023-11-17,11.0,45.0,0.0,,,,,,,Diquat,L,3.0,
2326,KINNABULLA_S14_P0000_R5,2023,12,7,canola,,,,,,,,,,,,,,,,,,kinnabulla,termination,2023-12-07,80.0,0.0,1007.018,success,sale,1619.0,,,stubble,,,,
2327,KINNABULLA_S14_P0000_R5,2023,12,14,,,,,,,,,,,,,,,,,,0.4L/ha applied overall site knockdown to control summer weeds (+2% Liase =  liquid adjuvant),kinnabulla,herbicide,2023-12-14,11.0,3.38,0.0,,,,,,,Ester,L,0.4,
2328,KINNABULLA_S14_P0000_R5,2023,12,14,,,,,,,,,,,,,,,,,,2.5L/ha applied overall site knockdown to control summer weeds,kinnabulla,herbicide,2023-12-14,11.0,11.25,0.0,,,,,,,Glyphosate,L,2.5,
2329,KINNABULLA_S14_P0000_R5,2024,1,18,,,,,,,,,,,,,,,,,,"2.5L/ha applied overall site knockdown to control summer weeds (heliotrope and odd thistle), vol. crop (wheat, barley, canola, radish, lentil)",kinnabulla,herbicide,2024-01-18,11.0,11.25,0.0,,,,,,,Glyphosate,L,2.5,
2330,KINNABULLA_S14_P0000_R6,2023,5,3,,,,,,,,,,,,,,,,,,1.5L/ha applied at sowing,kinnabulla,herbicide,2023-05-03,11.0,12.0,0.0,,,,,,,Trifluralin,L,1.5,
2331,KINNABULLA_S14_P0000_R6,2023,5,3,,,,,,,,,,,,,,,,,,1L/ha applied at sowing,kinnabulla,herbicide,2023-05-03,11.0,21.8,0.0,,,,,,,Propyzamide,L,1.0,
2332,KINNABULLA_S14_P0000_R6,2023,5,3,,,,,,,,,,,,,,,,,,1L/ha applied at sowing,kinnabulla,herbicide,2023-05-03,11.0,51.19287671232877,0.0,,,,,,,Pyrinex Super,L,1.0,
2333,KINNABULLA_S14_P0000_R6,2023,5,3,,,,,,,,,,,,,,,,,,2L/ha applied at sowing,kinnabulla,herbicide,2023-05-03,11.0,34.0,0.0,,,,,,,Avadex,L,2.0,
2334,KINNABULLA_S14_P0000_R6,2023,5,3,,,,,,,,,,,,,,,,,,"60kg/ha applied at sowing (C, Vt, TR, TR+Vt)",kinnabulla,fertiliser,2023-05-03,8.5,38.4,0.0,,,,,,,Granulock SZ,kg,60.0,
2335,KINNABULLA_S14_P0000_R6,2023,5,3,canola,,,44y94cl,,,True,,,sale,40.0,,,15.0,,,On-time,,kinnabulla,sowing,2023-05-03,50.0,0.0,0.0,,,,,,,,,,
2336,KINNABULLA_S14_P0000_R6,2023,6,21,,,,,,,,,,,,,,,,,,"487kg/ha top dressing - Canola D5, RC1, RC3",kinnabulla,fertiliser,2023-06-21,8.5,243.5,0.0,,,,,,,Urea,kg,487.0,
2337,KINNABULLA_S14_P0000_R6,2023,7,10,,,,,,,,,,,,,,,,,,"0.12L/ha applied to all crop types to control the movement of pests back into pulse crops, could also more intro cereal crops and cause damage, 1-4 node. lucerne flea targeting vetch and lentil.",kinnabulla,pesticide,2023-07-10,11.0,4.32,0.0,,,,,,,Le-mat,L,0.12,insects
2338,KINNABULLA_S14_P0000_R6,2023,11,17,,,,,,,,,,,,,,,,,,"3L/ha applied to desiccate for late season weed control, bring all crop types in together for harvest (+0.16% BS1000 = wetting agent)",kinnabulla,herbicide,2023-11-17,11.0,45.0,0.0,,,,,,,Diquat,L,3.0,
2339,KINNABULLA_S14_P0000_R6,2023,12,7,canola,,,,,,,,,,,,,,,,,,kinnabulla,termination,2023-12-07,80.0,0.0,925.536,success,sale,1488.0,,,stubble,,,,
2340,KINNABULLA_S14_P0000_R6,2023,12,14,,,,,,,,,,,,,,,,,,0.4L/ha applied overall site knockdown to control summer weeds (+2% Liase =  liquid adjuvant),kinnabulla,herbicide,2023-12-14,11.0,3.38,0.0,,,,,,,Ester,L,0.4,
2341,KINNABULLA_S14_P0000_R6,2023,12,14,,,,,,,,,,,,,,,,,,2.5L/ha applied overall site knockdown to control summer weeds,kinnabulla,herbicide,2023-12-14,11.0,11.25,0.0,,,,,,,Glyphosate,L,2.5,
2342,KINNABULLA_S14_P0000_R6,2024,1,18,,,,,,,,,,,,,,,,,,"2.5L/ha applied overall site knockdown to control summer weeds (heliotrope and odd thistle), vol. crop (wheat, barley, canola, radish, lentil)",kinnabulla,herbicide,2024-01-18,11.0,11.25,0.0,,,,,,,Glyphosate,L,2.5,
2343,KINNABULLA_S14_P0000_R7,2023,5,3,,,,,,,,,,,,,,,,,,1.5L/ha applied at sowing,kinnabulla,herbicide,2023-05-03,11.0,12.0,0.0,,,,,,,Trifluralin,L,1.5,
2344,KINNABULLA_S14_P0000_R7,2023,5,3,,,,,,,,,,,,,,,,,,1L/ha applied at sowing,kinnabulla,herbicide,2023-05-03,11.0,21.8,0.0,,,,,,,Propyzamide,L,1.0,
2345,KINNABULLA_S14_P0000_R7,2023,5,3,,,,,,,,,,,,,,,,,,1L/ha applied at sowing,kinnabulla,herbicide,2023-05-03,11.0,51.19287671232877,0.0,,,,,,,Pyrinex Super,L,1.0,
2346,KINNABULLA_S14_P0000_R7,2023,5,3,,,,,,,,,,,,,,,,,,2L/ha applied at sowing,kinnabulla,herbicide,2023-05-03,11.0,34.0,0.0,,,,,,,Avadex,L,2.0,
2347,KINNABULLA_S14_P0000_R7,2023,5,3,,,,,,,,,,,,,,,,,,"60kg/ha applied at sowing (C, Vt, TR, TR+Vt)",kinnabulla,fertiliser,2023-05-03,8.5,38.4,0.0,,,,,,,Granulock SZ,kg,60.0,
2348,KINNABULLA_S14_P0000_R7,2023,5,3,canola,,,44y94cl,,,True,,,sale,40.0,,,15.0,,,On-time,,kinnabulla,sowing,2023-05-03,50.0,0.0,0.0,,,,,,,,,,
2349,KINNABULLA_S14_P0000_R7,2023,6,21,,,,,,,,,,,,,,,,,,"487kg/ha top dressing - Canola D5, RC1, RC3",kinnabulla,fertiliser,2023-06-21,8.5,243.5,0.0,,,,,,,Urea,kg,487.0,
2350,KINNABULLA_S14_P0000_R7,2023,7,10,,,,,,,,,,,,,,,,,,"0.12L/ha applied to all crop types to control the movement of pests back into pulse crops, could also more intro cereal crops and cause damage, 1-4 node. lucerne flea targeting vetch and lentil.",kinnabulla,pesticide,2023-07-10,11.0,4.32,0.0,,,,,,,Le-mat,L,0.12,insects
2351,KINNABULLA_S14_P0000_R7,2023,11,17,,,,,,,,,,,,,,,,,,"3L/ha applied to desiccate for late season weed control, bring all crop types in together for harvest (+0.16% BS1000 = wetting agent)",kinnabulla,herbicide,2023-11-17,11.0,45.0,0.0,,,,,,,Diquat,L,3.0,
2352,KINNABULLA_S14_P0000_R7,2023,12,7,canola,,,,,,,,,,,,,,,,,,kinnabulla,termination,2023-12-07,80.0,0.0,815.442,success,sale,1311.0,,,stubble,,,,
2353,KINNABULLA_S14_P0000_R7,2023,12,14,,,,,,,,,,,,,,,,,,0.4L/ha applied overall site knockdown to control summer weeds (+2% Liase =  liquid adjuvant),kinnabulla,herbicide,2023-12-14,11.0,3.38,0.0,,,,,,,Ester,L,0.4,
2354,KINNABULLA_S14_P0000_R7,2023,12,14,,,,,,,,,,,,,,,,,,2.5L/ha applied overall site knockdown to control summer weeds,kinnabulla,herbicide,2023-12-14,11.0,11.25,0.0,,,,,,,Glyphosate,L,2.5,
2355,KINNABULLA_S14_P0000_R7,2024,1,18,,,,,,,,,,,,,,,,,,"2.5L/ha applied overall site knockdown to control summer weeds (heliotrope and odd thistle), vol. crop (wheat, barley, canola, radish, lentil)",kinnabulla,herbicide,2024-01-18,11.0,11.25,0.0,,,,,,,Glyphosate,L,2.5,
2356,KINNABULLA_S14_P0000_R8,2023,5,3,,,,,,,,,,,,,,,,,,1.5L/ha applied at sowing,kinnabulla,herbicide,2023-05-03,11.0,12.0,0.0,,,,,,,Trifluralin,L,1.5,
2357,KINNABULLA_S14_P0000_R8,2023,5,3,,,,,,,,,,,,,,,,,,1L/ha applied at sowing,kinnabulla,herbicide,2023-05-03,11.0,21.8,0.0,,,,,,,Propyzamide,L,1.0,
2358,KINNABULLA_S14_P0000_R8,2023,5,3,,,,,,,,,,,,,,,,,,1L/ha applied at sowing,kinnabulla,herbicide,2023-05-03,11.0,51.19287671232877,0.0,,,,,,,Pyrinex Super,L,1.0,
2359,KINNABULLA_S14_P0000_R8,2023,5,3,,,,,,,,,,,,,,,,,,2L/ha applied at sowing,kinnabulla,herbicide,2023-05-03,11.0,34.0,0.0,,,,,,,Avadex,L,2.0,
2360,KINNABULLA_S14_P0000_R8,2023,5,3,,,,,,,,,,,,,,,,,,"60kg/ha applied at sowing (C, Vt, TR, TR+Vt)",kinnabulla,fertiliser,2023-05-03,8.5,38.4,0.0,,,,,,,Granulock SZ,kg,60.0,
2361,KINNABULLA_S14_P0000_R8,2023,5,3,canola,,,44y94cl,,,True,,,sale,40.0,,,15.0,,,On-time,,kinnabulla,sowing,2023-05-03,50.0,0.0,0.0,,,,,,,,,,
2362,KINNABULLA_S14_P0000_R8,2023,6,21,,,,,,,,,,,,,,,,,,"487kg/ha top dressing - Canola D5, RC1, RC3",kinnabulla,fertiliser,2023-06-21,8.5,243.5,0.0,,,,,,,Urea,kg,487.0,
2363,KINNABULLA_S14_P0000_R8,2023,7,10,,,,,,,,,,,,,,,,,,"0.12L/ha applied to all crop types to control the movement of pests back into pulse crops, could also more intro cereal crops and cause damage, 1-4 node. lucerne flea targeting vetch and lentil.",kinnabulla,pesticide,2023-07-10,11.0,4.32,0.0,,,,,,,Le-mat,L,0.12,insects
2364,KINNABULLA_S14_P0000_R8,2023,11,17,,,,,,,,,,,,,,,,,,"3L/ha applied to desiccate for late season weed control, bring all crop types in together for harvest (+0.16% BS1000 = wetting agent)",kinnabulla,herbicide,2023-11-17,11.0,45.0,0.0,,,,,,,Diquat,L,3.0,
2365,KINNABULLA_S14_P0000_R8,2023,12,7,canola,,,,,,,,,,,,,,,,,,kinnabulla,termination,2023-12-07,80.0,0.0,923.67,success,sale,1485.0,,,stubble,,,,
2366,KINNABULLA_S14_P0000_R8,2023,12,14,,,,,,,,,,,,,,,,,,0.4L/ha applied overall site knockdown to control summer weeds (+2% Liase =  liquid adjuvant),kinnabulla,herbicide,2023-12-14,11.0,3.38,0.0,,,,,,,Ester,L,0.4,
2367,KINNABULLA_S14_P0000_R8,2023,12,14,,,,,,,,,,,,,,,,,,2.5L/ha applied overall site knockdown to control summer weeds,kinnabulla,herbicide,2023-12-14,11.0,11.25,0.0,,,,,,,Glyphosate,L,2.5,
2368,KINNABULLA_S14_P0000_R8,2024,1,18,,,,,,,,,,,,,,,,,,"2.5L/ha applied overall site knockdown to control summer weeds (heliotrope and odd thistle), vol. crop (wheat, barley, canola, radish, lentil)",kinnabulla,herbicide,2024-01-18,11.0,11.25,0.0,,,,,,,Glyphosate,L,2.5,
2369,KINNABULLA_S14_P0000_R9,2023,5,3,,,,,,,,,,,,,,,,,,1.5L/ha applied at sowing,kinnabulla,herbicide,2023-05-03,11.0,12.0,0.0,,,,,,,Trifluralin,L,1.5,
2370,KINNABULLA_S14_P0000_R9,2023,5,3,,,,,,,,,,,,,,,,,,1L/ha applied at sowing,kinnabulla,herbicide,2023-05-03,11.0,21.8,0.0,,,,,,,Propyzamide,L,1.0,
2371,KINNABULLA_S14_P0000_R9,2023,5,3,,,,,,,,,,,,,,,,,,1L/ha applied at sowing,kinnabulla,herbicide,2023-05-03,11.0,51.19287671232877,0.0,,,,,,,Pyrinex Super,L,1.0,
2372,KINNABULLA_S14_P0000_R9,2023,5,3,,,,,,,,,,,,,,,,,,2L/ha applied at sowing,kinnabulla,herbicide,2023-05-03,11.0,34.0,0.0,,,,,,,Avadex,L,2.0,
2373,KINNABULLA_S14_P0000_R9,2023,5,3,,,,,,,,,,,,,,,,,,"60kg/ha applied at sowing (C, Vt, TR, TR+Vt)",kinnabulla,fertiliser,2023-05-03,8.5,38.4,0.0,,,,,,,Granulock SZ,kg,60.0,
2374,KINNABULLA_S14_P0000_R9,2023,5,3,canola,,,44y94cl,,,True,,,sale,40.0,,,15.0,,,On-time,,kinnabulla,sowing,2023-05-03,50.0,0.0,0.0,,,,,,,,,,
2375,KINNABULLA_S14_P0000_R9,2023,6,21,,,,,,,,,,,,,,,,,,"487kg/ha top dressing - Canola D5, RC1, RC3",kinnabulla,fertiliser,2023-06-21,8.5,243.5,0.0,,,,,,,Urea,kg,487.0,
2376,KINNABULLA_S14_P0000_R9,2023,7,10,,,,,,,,,,,,,,,,,,"0.12L/ha applied to all crop types to control the movement of pests back into pulse crops, could also more intro cereal crops and cause damage, 1-4 node. lucerne flea targeting vetch and lentil.",kinnabulla,pesticide,2023-07-10,11.0,4.32,0.0,,,,,,,Le-mat,L,0.12,insects
2377,KINNABULLA_S14_P0000_R9,2023,11,17,,,,,,,,,,,,,,,,,,"3L/ha applied to desiccate for late season weed control, bring all crop types in together for harvest (+0.16% BS1000 = wetting agent)",kinnabulla,herbicide,2023-11-17,11.0,45.0,0.0,,,,,,,Diquat,L,3.0,
2378,KINNABULLA_S14_P0000_R9,2023,12,7,canola,,,,,,,,,,,,,,,,,,kinnabulla,termination,2023-12-07,80.0,0.0,910.608,success,sale,1464.0,,,stubble,,,,
2379,KINNABULLA_S14_P0000_R9,2023,12,14,,,,,,,,,,,,,,,,,,0.4L/ha applied overall site knockdown to control summer weeds (+2% Liase =  liquid adjuvant),kinnabulla,herbicide,2023-12-14,11.0,3.38,0.0,,,,,,,Ester,L,0.4,
2380,KINNABULLA_S14_P0000_R9,2023,12,14,,,,,,,,,,,,,,,,,,2.5L/ha applied overall site knockdown to control summer weeds,kinnabulla,herbicide,2023-12-14,11.0,11.25,0.0,,,,,,,Glyphosate,L,2.5,
2381,KINNABULLA_S14_P0000_R9,2024,1,18,,,,,,,,,,,,,,,,,,"2.5L/ha applied overall site knockdown to control summer weeds (heliotrope and odd thistle), vol. crop (wheat, barley, canola, radish, lentil)",kinnabulla,herbicide,2024-01-18,11.0,11.25,0.0,,,,,,,Glyphosate,L,2.5,
2382,KINNABULLA_S2.1_P1212_R1,2023,5,3,,,,,,,,,,,,,,,,,,0.8L/ha applied at sowing,kinnabulla,herbicide,2023-05-03,11.0,12.0,0.0,,,,,,,Terbyne xtreme,L,0.8,
2383,KINNABULLA_S2.1_P1212_R1,2023,5,3,,,,,,,,,,,,,,,,,,1.1L/ha applied at sowing,kinnabulla,herbicide,2023-05-03,11.0,27.500000000000004,0.0,,,,,,,Ultro,L,1.1,
2384,KINNABULLA_S2.1_P1212_R1,2023,5,23,,,,,,,,,,,,,,,,,,1.5L/ha applied at sowing,kinnabulla,herbicide,2023-05-23,11.0,12.0,0.0,,,,,,,Trifluralin,L,1.5,
2385,KINNABULLA_S2.1_P1212_R1,2023,5,23,,,,,,,,,,,,,,,,,,2L/ha applied at sowing,kinnabulla,herbicide,2023-05-23,11.0,34.0,0.0,,,,,,,Avadex,L,2.0,
2386,KINNABULLA_S2.1_P1212_R1,2023,5,23,,,,,,,,,,,,,,,,,,3L/ha applied at sowing,kinnabulla,herbicide,2023-05-23,11.0,13.5,0.0,,,,,,,Glyphosate 450,L,3.0,
2387,KINNABULLA_S2.1_P1212_R1,2023,5,23,,,,,,,,,,,,,,,,,,"60kg/ha applied at sowing (W, B, L)",kinnabulla,fertiliser,2023-05-23,8.5,38.4,0.0,,,,,,,Granulock SZ,kg,60.0,
2388,KINNABULLA_S2.1_P1212_R1,2023,5,23,lentil,,,gia thunder,,,True,,,sale,120.0,,,30.0,,,On-time,,kinnabulla,sowing,2023-05-23,50.0,0.0,0.0,,,,,,,,,,
2389,KINNABULLA_S2.1_P1212_R1,2023,7,10,,,,,,,,,,,,,,,,,,"0.12L/ha applied to all crop types to control the movement of pests back into pulse crops, could also more intro cereal crops and cause damage, 1-4 node. lucerne flea targeting vetch and lentil.",kinnabulla,pesticide,2023-07-10,11.0,4.32,0.0,,,,,,,Le-mat,L,0.12,insects
2390,KINNABULLA_S2.1_P1212_R1,2023,7,26,,,,,,,,,,,,,,,,,,"0.18L/ha applied to grass weed control, targeting brome grass & ryegrass, 2-4 node (+2% Liase = liquid adjuvant) (+0.5% Uptake = wetting agent)",kinnabulla,herbicide,2023-07-26,11.0,24.3,0.0,,,,,,,Factor,L,0.18,
2391,KINNABULLA_S2.1_P1212_R1,2023,7,26,,,,,,,,,,,,,,,,,,"grass weed control, targeting brome grass & ryegrass, 2-4 node",kinnabulla,herbicide,2023-07-26,11.0,3.3,0.0,,,,,,,Haloxyfop,L,0.075,
2392,KINNABULLA_S2.1_P1212_R1,2023,7,26,,,,,,,,,,,,,,,,,,"grass weed control, targeting brome grass & ryegrass, 2-4 node",kinnabulla,herbicide,2023-07-26,11.0,10.25,0.0,,,,,,,Clethodim 360,L,0.5,
2393,KINNABULLA_S2.1_P1212_R1,2023,8,2,,,,,,,,,,,,,,,,,,0.5L/ha applied to lentils and vetch (canopy closure) - botrytis and ascochyta,kinnabulla,fungicide,2023-08-02,11.0,27.25,0.0,,,,,,,Aviator Xpro,L,0.5,
2394,KINNABULLA_S2.1_P1212_R1,2023,10,9,,,,,,,,,,,,,,,,,,0.3L/ha applied in pulses to control grubs - podding,kinnabulla,pesticide,2023-10-09,11.0,2.952,0.0,,,,,,,Sumi-alpha flex,L,0.3,faw
2395,KINNABULLA_S2.1_P1212_R1,2023,11,17,,,,,,,,,,,,,,,,,,"3L/ha applied to desiccate for late season weed control, bring all crop types in together for harvest (+0.16% BS1000 = wetting agent)",kinnabulla,herbicide,2023-11-17,11.0,45.0,0.0,,,,,,,Diquat,L,3.0,
2396,KINNABULLA_S2.1_P1212_R1,2023,12,7,lentil,,,,,,,,,,,,,,,,,,kinnabulla,termination,2023-12-07,80.0,0.0,848.9,success,sale,1306.0,,,stubble,,,,
2397,KINNABULLA_S2.1_P1212_R1,2023,12,14,,,,,,,,,,,,,,,,,,0.4L/ha applied overall site knockdown to control summer weeds (+2% Liase =  liquid adjuvant),kinnabulla,herbicide,2023-12-14,11.0,3.38,0.0,,,,,,,Ester,L,0.4,
2398,KINNABULLA_S2.1_P1212_R1,2023,12,14,,,,,,,,,,,,,,,,,,2.5L/ha applied overall site knockdown to control summer weeds,kinnabulla,herbicide,2023-12-14,11.0,11.25,0.0,,,,,,,Glyphosate,L,2.5,
2399,KINNABULLA_S2.1_P1212_R1,2024,1,18,,,,,,,,,,,,,,,,,,"2.5L/ha applied overall site knockdown to control summer weeds (heliotrope and odd thistle), vol. crop (wheat, barley, canola, radish, lentil)",kinnabulla,herbicide,2024-01-18,11.0,11.25,0.0,,,,,,,Glyphosate,L,2.5,
2400,KINNABULLA_S2.1_P1212_R2,2023,5,3,,,,,,,,,,,,,,,,,,0.8L/ha applied at sowing,kinnabulla,herbicide,2023-05-03,11.0,12.0,0.0,,,,,,,Terbyne xtreme,L,0.8,
2401,KINNABULLA_S2.1_P1212_R2,2023,5,3,,,,,,,,,,,,,,,,,,1.1L/ha applied at sowing,kinnabulla,herbicide,2023-05-03,11.0,27.500000000000004,0.0,,,,,,,Ultro,L,1.1,
2402,KINNABULLA_S2.1_P1212_R2,2023,5,23,,,,,,,,,,,,,,,,,,1.5L/ha applied at sowing,kinnabulla,herbicide,2023-05-23,11.0,12.0,0.0,,,,,,,Trifluralin,L,1.5,
2403,KINNABULLA_S2.1_P1212_R2,2023,5,23,,,,,,,,,,,,,,,,,,2L/ha applied at sowing,kinnabulla,herbicide,2023-05-23,11.0,34.0,0.0,,,,,,,Avadex,L,2.0,
2404,KINNABULLA_S2.1_P1212_R2,2023,5,23,,,,,,,,,,,,,,,,,,3L/ha applied at sowing,kinnabulla,herbicide,2023-05-23,11.0,13.5,0.0,,,,,,,Glyphosate 450,L,3.0,
2405,KINNABULLA_S2.1_P1212_R2,2023,5,23,,,,,,,,,,,,,,,,,,"60kg/ha applied at sowing (W, B, L)",kinnabulla,fertiliser,2023-05-23,8.5,38.4,0.0,,,,,,,Granulock SZ,kg,60.0,
2406,KINNABULLA_S2.1_P1212_R2,2023,5,23,lentil,,,gia thunder,,,True,,,sale,120.0,,,30.0,,,On-time,,kinnabulla,sowing,2023-05-23,50.0,0.0,0.0,,,,,,,,,,
2407,KINNABULLA_S2.1_P1212_R2,2023,7,10,,,,,,,,,,,,,,,,,,"0.12L/ha applied to all crop types to control the movement of pests back into pulse crops, could also more intro cereal crops and cause damage, 1-4 node. lucerne flea targeting vetch and lentil.",kinnabulla,pesticide,2023-07-10,11.0,4.32,0.0,,,,,,,Le-mat,L,0.12,insects
2408,KINNABULLA_S2.1_P1212_R2,2023,7,26,,,,,,,,,,,,,,,,,,"0.18L/ha applied to grass weed control, targeting brome grass & ryegrass, 2-4 node (+2% Liase = liquid adjuvant) (+0.5% Uptake = wetting agent)",kinnabulla,herbicide,2023-07-26,11.0,24.3,0.0,,,,,,,Factor,L,0.18,
2409,KINNABULLA_S2.1_P1212_R2,2023,7,26,,,,,,,,,,,,,,,,,,"grass weed control, targeting brome grass & ryegrass, 2-4 node",kinnabulla,herbicide,2023-07-26,11.0,3.3,0.0,,,,,,,Haloxyfop,L,0.075,
2410,KINNABULLA_S2.1_P1212_R2,2023,7,26,,,,,,,,,,,,,,,,,,"grass weed control, targeting brome grass & ryegrass, 2-4 node",kinnabulla,herbicide,2023-07-26,11.0,10.25,0.0,,,,,,,Clethodim 360,L,0.5,
2411,KINNABULLA_S2.1_P1212_R2,2023,8,2,,,,,,,,,,,,,,,,,,0.5L/ha applied to lentils and vetch (canopy closure) - botrytis and ascochyta,kinnabulla,fungicide,2023-08-02,11.0,27.25,0.0,,,,,,,Aviator Xpro,L,0.5,
2412,KINNABULLA_S2.1_P1212_R2,2023,10,9,,,,,,,,,,,,,,,,,,0.3L/ha applied in pulses to control grubs - podding,kinnabulla,pesticide,2023-10-09,11.0,2.952,0.0,,,,,,,Sumi-alpha flex,L,0.3,faw
2413,KINNABULLA_S2.1_P1212_R2,2023,11,17,,,,,,,,,,,,,,,,,,"3L/ha applied to desiccate for late season weed control, bring all crop types in together for harvest (+0.16% BS1000 = wetting agent)",kinnabulla,herbicide,2023-11-17,11.0,45.0,0.0,,,,,,,Diquat,L,3.0,
2414,KINNABULLA_S2.1_P1212_R2,2023,12,7,lentil,,,,,,,,,,,,,,,,,,kinnabulla,termination,2023-12-07,80.0,0.0,900.9,success,sale,1386.0,,,stubble,,,,
2415,KINNABULLA_S2.1_P1212_R2,2023,12,14,,,,,,,,,,,,,,,,,,0.4L/ha applied overall site knockdown to control summer weeds (+2% Liase =  liquid adjuvant),kinnabulla,herbicide,2023-12-14,11.0,3.38,0.0,,,,,,,Ester,L,0.4,
2416,KINNABULLA_S2.1_P1212_R2,2023,12,14,,,,,,,,,,,,,,,,,,2.5L/ha applied overall site knockdown to control summer weeds,kinnabulla,herbicide,2023-12-14,11.0,11.25,0.0,,,,,,,Glyphosate,L,2.5,
2417,KINNABULLA_S2.1_P1212_R2,2024,1,18,,,,,,,,,,,,,,,,,,"2.5L/ha applied overall site knockdown to control summer weeds (heliotrope and odd thistle), vol. crop (wheat, barley, canola, radish, lentil)",kinnabulla,herbicide,2024-01-18,11.0,11.25,0.0,,,,,,,Glyphosate,L,2.5,
2418,KINNABULLA_S2.1_P1212_R3,2023,5,3,,,,,,,,,,,,,,,,,,0.8L/ha applied at sowing,kinnabulla,herbicide,2023-05-03,11.0,12.0,0.0,,,,,,,Terbyne xtreme,L,0.8,
2419,KINNABULLA_S2.1_P1212_R3,2023,5,3,,,,,,,,,,,,,,,,,,1.1L/ha applied at sowing,kinnabulla,herbicide,2023-05-03,11.0,27.500000000000004,0.0,,,,,,,Ultro,L,1.1,
2420,KINNABULLA_S2.1_P1212_R3,2023,5,23,,,,,,,,,,,,,,,,,,1.5L/ha applied at sowing,kinnabulla,herbicide,2023-05-23,11.0,12.0,0.0,,,,,,,Trifluralin,L,1.5,
2421,KINNABULLA_S2.1_P1212_R3,2023,5,23,,,,,,,,,,,,,,,,,,2L/ha applied at sowing,kinnabulla,herbicide,2023-05-23,11.0,34.0,0.0,,,,,,,Avadex,L,2.0,
2422,KINNABULLA_S2.1_P1212_R3,2023,5,23,,,,,,,,,,,,,,,,,,3L/ha applied at sowing,kinnabulla,herbicide,2023-05-23,11.0,13.5,0.0,,,,,,,Glyphosate 450,L,3.0,
2423,KINNABULLA_S2.1_P1212_R3,2023,5,23,,,,,,,,,,,,,,,,,,"60kg/ha applied at sowing (W, B, L)",kinnabulla,fertiliser,2023-05-23,8.5,38.4,0.0,,,,,,,Granulock SZ,kg,60.0,
2424,KINNABULLA_S2.1_P1212_R3,2023,5,23,lentil,,,gia thunder,,,True,,,sale,120.0,,,30.0,,,On-time,,kinnabulla,sowing,2023-05-23,50.0,0.0,0.0,,,,,,,,,,
2425,KINNABULLA_S2.1_P1212_R3,2023,7,10,,,,,,,,,,,,,,,,,,"0.12L/ha applied to all crop types to control the movement of pests back into pulse crops, could also more intro cereal crops and cause damage, 1-4 node. lucerne flea targeting vetch and lentil.",kinnabulla,pesticide,2023-07-10,11.0,4.32,0.0,,,,,,,Le-mat,L,0.12,insects
2426,KINNABULLA_S2.1_P1212_R3,2023,7,26,,,,,,,,,,,,,,,,,,"0.18L/ha applied to grass weed control, targeting brome grass & ryegrass, 2-4 node (+2% Liase = liquid adjuvant) (+0.5% Uptake = wetting agent)",kinnabulla,herbicide,2023-07-26,11.0,24.3,0.0,,,,,,,Factor,L,0.18,
2427,KINNABULLA_S2.1_P1212_R3,2023,7,26,,,,,,,,,,,,,,,,,,"grass weed control, targeting brome grass & ryegrass, 2-4 node",kinnabulla,herbicide,2023-07-26,11.0,3.3,0.0,,,,,,,Haloxyfop,L,0.075,
2428,KINNABULLA_S2.1_P1212_R3,2023,7,26,,,,,,,,,,,,,,,,,,"grass weed control, targeting brome grass & ryegrass, 2-4 node",kinnabulla,herbicide,2023-07-26,11.0,10.25,0.0,,,,,,,Clethodim 360,L,0.5,
2429,KINNABULLA_S2.1_P1212_R3,2023,8,2,,,,,,,,,,,,,,,,,,0.5L/ha applied to lentils and vetch (canopy closure) - botrytis and ascochyta,kinnabulla,fungicide,2023-08-02,11.0,27.25,0.0,,,,,,,Aviator Xpro,L,0.5,
2430,KINNABULLA_S2.1_P1212_R3,2023,10,9,,,,,,,,,,,,,,,,,,0.3L/ha applied in pulses to control grubs - podding,kinnabulla,pesticide,2023-10-09,11.0,2.952,0.0,,,,,,,Sumi-alpha flex,L,0.3,faw
2431,KINNABULLA_S2.1_P1212_R3,2023,11,17,,,,,,,,,,,,,,,,,,"3L/ha applied to desiccate for late season weed control, bring all crop types in together for harvest (+0.16% BS1000 = wetting agent)",kinnabulla,herbicide,2023-11-17,11.0,45.0,0.0,,,,,,,Diquat,L,3.0,
2432,KINNABULLA_S2.1_P1212_R3,2023,12,7,lentil,,,,,,,,,,,,,,,,,,kinnabulla,termination,2023-12-07,80.0,0.0,804.0500000000001,success,sale,1237.0,,,stubble,,,,
2433,KINNABULLA_S2.1_P1212_R3,2023,12,14,,,,,,,,,,,,,,,,,,0.4L/ha applied overall site knockdown to control summer weeds (+2% Liase =  liquid adjuvant),kinnabulla,herbicide,2023-12-14,11.0,3.38,0.0,,,,,,,Ester,L,0.4,
2434,KINNABULLA_S2.1_P1212_R3,2023,12,14,,,,,,,,,,,,,,,,,,2.5L/ha applied overall site knockdown to control summer weeds,kinnabulla,herbicide,2023-12-14,11.0,11.25,0.0,,,,,,,Glyphosate,L,2.5,
2435,KINNABULLA_S2.1_P1212_R3,2024,1,18,,,,,,,,,,,,,,,,,,"2.5L/ha applied overall site knockdown to control summer weeds (heliotrope and odd thistle), vol. crop (wheat, barley, canola, radish, lentil)",kinnabulla,herbicide,2024-01-18,11.0,11.25,0.0,,,,,,,Glyphosate,L,2.5,
2436,KINNABULLA_S2.1_P2121_R1,2023,5,23,,,,,,,,,,,,,,,,,,1.5L/ha applied at sowing,kinnabulla,herbicide,2023-05-23,11.0,12.0,0.0,,,,,,,Trifluralin,L,1.5,
2437,KINNABULLA_S2.1_P2121_R1,2023,5,23,,,,,,,,,,,,,,,,,,2L/ha applied at sowing,kinnabulla,herbicide,2023-05-23,11.0,34.0,0.0,,,,,,,Avadex,L,2.0,
2438,KINNABULLA_S2.1_P2121_R1,2023,5,23,,,,,,,,,,,,,,,,,,3L/ha applied at sowing,kinnabulla,herbicide,2023-05-23,11.0,13.5,0.0,,,,,,,Glyphosate 450,L,3.0,
2439,KINNABULLA_S2.1_P2121_R1,2023,5,23,,,,,,,,,,,,,,,,,,"60kg/ha applied at sowing (W, B, L)",kinnabulla,fertiliser,2023-05-23,8.5,38.4,0.0,,,,,,,Granulock SZ,kg,60.0,
2440,KINNABULLA_S2.1_P2121_R1,2023,5,23,wheat,,,scepter,,,True,,,sale,130.0,,,30.0,,,On-time,,kinnabulla,sowing,2023-05-23,50.0,0.0,0.0,,,,,,,,,,
2441,KINNABULLA_S2.1_P2121_R1,2023,6,21,,,,,,,,,,,,,,,,,,257kg/ha top dressing - Wheat D5,kinnabulla,fertiliser,2023-06-21,8.5,128.5,0.0,,,,,,,Urea,kg,257.0,
2442,KINNABULLA_S2.1_P2121_R1,2023,7,10,,,,,,,,,,,,,,,,,,"0.12L/ha applied to all crop types to control the movement of pests back into pulse crops, could also more intro cereal crops and cause damage, 1-4 node. lucerne flea targeting vetch and lentil.",kinnabulla,pesticide,2023-07-10,11.0,4.32,0.0,,,,,,,Le-mat,L,0.12,insects
2443,KINNABULLA_S2.1_P2121_R1,2023,7,26,,,,,,,,,,,,,,,,,,"0.025L/ha applied to broadleaf weed control, targeting broadleaf weeds and vol lentils, GS13 (+0.5% uptake = wetting agent)
 *note - spray damage in wheat treatments",kinnabulla,herbicide,2023-07-26,11.0,12.25,0.0,,,,,,,Paradigm,L,0.025,
2444,KINNABULLA_S2.1_P2121_R1,2023,7,26,,,,,,,,,,,,,,,,,,"0.5L/ha applied to broadleaf weed control, targeting broadleaf weeds and vol lentils, GS13.
 *note - spray damage in wheat treatments",kinnabulla,herbicide,2023-07-26,11.0,4.07,0.0,,,,,,,MCPA LVE,L,0.5,
2445,KINNABULLA_S2.1_P2121_R1,2023,11,17,,,,,,,,,,,,,,,,,,"3L/ha applied to desiccate for late season weed control, bring all crop types in together for harvest (+0.16% BS1000 = wetting agent)",kinnabulla,herbicide,2023-11-17,11.0,45.0,0.0,,,,,,,Diquat,L,3.0,
2446,KINNABULLA_S2.1_P2121_R1,2023,12,7,wheat,,,,,,,,,,,,,,,,,,kinnabulla,termination,2023-12-07,80.0,0.0,1858.23,success,sale,5631.0,,,stubble,,,,
2447,KINNABULLA_S2.1_P2121_R1,2023,12,14,,,,,,,,,,,,,,,,,,0.4L/ha applied overall site knockdown to control summer weeds (+2% Liase =  liquid adjuvant),kinnabulla,herbicide,2023-12-14,11.0,3.38,0.0,,,,,,,Ester,L,0.4,
2448,KINNABULLA_S2.1_P2121_R1,2023,12,14,,,,,,,,,,,,,,,,,,2.5L/ha applied overall site knockdown to control summer weeds,kinnabulla,herbicide,2023-12-14,11.0,11.25,0.0,,,,,,,Glyphosate,L,2.5,
2449,KINNABULLA_S2.1_P2121_R1,2024,1,18,,,,,,,,,,,,,,,,,,"2.5L/ha applied overall site knockdown to control summer weeds (heliotrope and odd thistle), vol. crop (wheat, barley, canola, radish, lentil)",kinnabulla,herbicide,2024-01-18,11.0,11.25,0.0,,,,,,,Glyphosate,L,2.5,
2450,KINNABULLA_S2.1_P2121_R2,2023,5,23,,,,,,,,,,,,,,,,,,1.5L/ha applied at sowing,kinnabulla,herbicide,2023-05-23,11.0,12.0,0.0,,,,,,,Trifluralin,L,1.5,
2451,KINNABULLA_S2.1_P2121_R2,2023,5,23,,,,,,,,,,,,,,,,,,2L/ha applied at sowing,kinnabulla,herbicide,2023-05-23,11.0,34.0,0.0,,,,,,,Avadex,L,2.0,
2452,KINNABULLA_S2.1_P2121_R2,2023,5,23,,,,,,,,,,,,,,,,,,3L/ha applied at sowing,kinnabulla,herbicide,2023-05-23,11.0,13.5,0.0,,,,,,,Glyphosate 450,L,3.0,
2453,KINNABULLA_S2.1_P2121_R2,2023,5,23,,,,,,,,,,,,,,,,,,"60kg/ha applied at sowing (W, B, L)",kinnabulla,fertiliser,2023-05-23,8.5,38.4,0.0,,,,,,,Granulock SZ,kg,60.0,
2454,KINNABULLA_S2.1_P2121_R2,2023,5,23,wheat,,,scepter,,,True,,,sale,130.0,,,30.0,,,On-time,,kinnabulla,sowing,2023-05-23,50.0,0.0,0.0,,,,,,,,,,
2455,KINNABULLA_S2.1_P2121_R2,2023,6,21,,,,,,,,,,,,,,,,,,257kg/ha top dressing - Wheat D5,kinnabulla,fertiliser,2023-06-21,8.5,128.5,0.0,,,,,,,Urea,kg,257.0,
2456,KINNABULLA_S2.1_P2121_R2,2023,7,10,,,,,,,,,,,,,,,,,,"0.12L/ha applied to all crop types to control the movement of pests back into pulse crops, could also more intro cereal crops and cause damage, 1-4 node. lucerne flea targeting vetch and lentil.",kinnabulla,pesticide,2023-07-10,11.0,4.32,0.0,,,,,,,Le-mat,L,0.12,insects
2457,KINNABULLA_S2.1_P2121_R2,2023,7,26,,,,,,,,,,,,,,,,,,"0.025L/ha applied to broadleaf weed control, targeting broadleaf weeds and vol lentils, GS13 (+0.5% uptake = wetting agent)
 *note - spray damage in wheat treatments",kinnabulla,herbicide,2023-07-26,11.0,12.25,0.0,,,,,,,Paradigm,L,0.025,
2458,KINNABULLA_S2.1_P2121_R2,2023,7,26,,,,,,,,,,,,,,,,,,"0.5L/ha applied to broadleaf weed control, targeting broadleaf weeds and vol lentils, GS13.
 *note - spray damage in wheat treatments",kinnabulla,herbicide,2023-07-26,11.0,4.07,0.0,,,,,,,MCPA LVE,L,0.5,
2459,KINNABULLA_S2.1_P2121_R2,2023,11,17,,,,,,,,,,,,,,,,,,"3L/ha applied to desiccate for late season weed control, bring all crop types in together for harvest (+0.16% BS1000 = wetting agent)",kinnabulla,herbicide,2023-11-17,11.0,45.0,0.0,,,,,,,Diquat,L,3.0,
2460,KINNABULLA_S2.1_P2121_R2,2023,12,7,wheat,,,,,,,,,,,,,,,,,,kinnabulla,termination,2023-12-07,80.0,0.0,1771.1100000000001,success,sale,5367.0,,,stubble,,,,
2461,KINNABULLA_S2.1_P2121_R2,2023,12,14,,,,,,,,,,,,,,,,,,0.4L/ha applied overall site knockdown to control summer weeds (+2% Liase =  liquid adjuvant),kinnabulla,herbicide,2023-12-14,11.0,3.38,0.0,,,,,,,Ester,L,0.4,
2462,KINNABULLA_S2.1_P2121_R2,2023,12,14,,,,,,,,,,,,,,,,,,2.5L/ha applied overall site knockdown to control summer weeds,kinnabulla,herbicide,2023-12-14,11.0,11.25,0.0,,,,,,,Glyphosate,L,2.5,
2463,KINNABULLA_S2.1_P2121_R2,2024,1,18,,,,,,,,,,,,,,,,,,"2.5L/ha applied overall site knockdown to control summer weeds (heliotrope and odd thistle), vol. crop (wheat, barley, canola, radish, lentil)",kinnabulla,herbicide,2024-01-18,11.0,11.25,0.0,,,,,,,Glyphosate,L,2.5,
2464,KINNABULLA_S2.1_P2121_R3,2023,5,23,,,,,,,,,,,,,,,,,,1.5L/ha applied at sowing,kinnabulla,herbicide,2023-05-23,11.0,12.0,0.0,,,,,,,Trifluralin,L,1.5,
2465,KINNABULLA_S2.1_P2121_R3,2023,5,23,,,,,,,,,,,,,,,,,,2L/ha applied at sowing,kinnabulla,herbicide,2023-05-23,11.0,34.0,0.0,,,,,,,Avadex,L,2.0,
2466,KINNABULLA_S2.1_P2121_R3,2023,5,23,,,,,,,,,,,,,,,,,,3L/ha applied at sowing,kinnabulla,herbicide,2023-05-23,11.0,13.5,0.0,,,,,,,Glyphosate 450,L,3.0,
2467,KINNABULLA_S2.1_P2121_R3,2023,5,23,,,,,,,,,,,,,,,,,,"60kg/ha applied at sowing (W, B, L)",kinnabulla,fertiliser,2023-05-23,8.5,38.4,0.0,,,,,,,Granulock SZ,kg,60.0,
2468,KINNABULLA_S2.1_P2121_R3,2023,5,23,wheat,,,scepter,,,True,,,sale,130.0,,,30.0,,,On-time,,kinnabulla,sowing,2023-05-23,50.0,0.0,0.0,,,,,,,,,,
2469,KINNABULLA_S2.1_P2121_R3,2023,6,21,,,,,,,,,,,,,,,,,,257kg/ha top dressing - Wheat D5,kinnabulla,fertiliser,2023-06-21,8.5,128.5,0.0,,,,,,,Urea,kg,257.0,
2470,KINNABULLA_S2.1_P2121_R3,2023,7,10,,,,,,,,,,,,,,,,,,"0.12L/ha applied to all crop types to control the movement of pests back into pulse crops, could also more intro cereal crops and cause damage, 1-4 node. lucerne flea targeting vetch and lentil.",kinnabulla,pesticide,2023-07-10,11.0,4.32,0.0,,,,,,,Le-mat,L,0.12,insects
2471,KINNABULLA_S2.1_P2121_R3,2023,7,26,,,,,,,,,,,,,,,,,,"0.025L/ha applied to broadleaf weed control, targeting broadleaf weeds and vol lentils, GS13 (+0.5% uptake = wetting agent)
 *note - spray damage in wheat treatments",kinnabulla,herbicide,2023-07-26,11.0,12.25,0.0,,,,,,,Paradigm,L,0.025,
2472,KINNABULLA_S2.1_P2121_R3,2023,7,26,,,,,,,,,,,,,,,,,,"0.5L/ha applied to broadleaf weed control, targeting broadleaf weeds and vol lentils, GS13.
 *note - spray damage in wheat treatments",kinnabulla,herbicide,2023-07-26,11.0,4.07,0.0,,,,,,,MCPA LVE,L,0.5,
2473,KINNABULLA_S2.1_P2121_R3,2023,11,17,,,,,,,,,,,,,,,,,,"3L/ha applied to desiccate for late season weed control, bring all crop types in together for harvest (+0.16% BS1000 = wetting agent)",kinnabulla,herbicide,2023-11-17,11.0,45.0,0.0,,,,,,,Diquat,L,3.0,
2474,KINNABULLA_S2.1_P2121_R3,2023,12,7,wheat,,,,,,,,,,,,,,,,,,kinnabulla,termination,2023-12-07,80.0,0.0,1536.48,success,sale,4656.0,,,stubble,,,,
2475,KINNABULLA_S2.1_P2121_R3,2023,12,14,,,,,,,,,,,,,,,,,,0.4L/ha applied overall site knockdown to control summer weeds (+2% Liase =  liquid adjuvant),kinnabulla,herbicide,2023-12-14,11.0,3.38,0.0,,,,,,,Ester,L,0.4,
2476,KINNABULLA_S2.1_P2121_R3,2023,12,14,,,,,,,,,,,,,,,,,,2.5L/ha applied overall site knockdown to control summer weeds,kinnabulla,herbicide,2023-12-14,11.0,11.25,0.0,,,,,,,Glyphosate,L,2.5,
2477,KINNABULLA_S2.1_P2121_R3,2024,1,18,,,,,,,,,,,,,,,,,,"2.5L/ha applied overall site knockdown to control summer weeds (heliotrope and odd thistle), vol. crop (wheat, barley, canola, radish, lentil)",kinnabulla,herbicide,2024-01-18,11.0,11.25,0.0,,,,,,,Glyphosate,L,2.5,
2478,KINNABULLA_S2.2_P1212_R1,2023,5,3,,,,,,,,,,,,,,,,,,0.8L/ha applied at sowing,kinnabulla,herbicide,2023-05-03,11.0,12.0,0.0,,,,,,,Terbyne xtreme,L,0.8,
2479,KINNABULLA_S2.2_P1212_R1,2023,5,3,,,,,,,,,,,,,,,,,,1.1L/ha applied at sowing,kinnabulla,herbicide,2023-05-03,11.0,27.500000000000004,0.0,,,,,,,Ultro,L,1.1,
2480,KINNABULLA_S2.2_P1212_R1,2023,5,23,,,,,,,,,,,,,,,,,,1.5L/ha applied at sowing,kinnabulla,herbicide,2023-05-23,11.0,12.0,0.0,,,,,,,Trifluralin,L,1.5,
2481,KINNABULLA_S2.2_P1212_R1,2023,5,23,,,,,,,,,,,,,,,,,,2L/ha applied at sowing,kinnabulla,herbicide,2023-05-23,11.0,34.0,0.0,,,,,,,Avadex,L,2.0,
2482,KINNABULLA_S2.2_P1212_R1,2023,5,23,,,,,,,,,,,,,,,,,,3L/ha applied at sowing,kinnabulla,herbicide,2023-05-23,11.0,13.5,0.0,,,,,,,Glyphosate 450,L,3.0,
2483,KINNABULLA_S2.2_P1212_R1,2023,5,23,,,,,,,,,,,,,,,,,,"60kg/ha applied at sowing (W, B, L)",kinnabulla,fertiliser,2023-05-23,8.5,38.4,0.0,,,,,,,Granulock SZ,kg,60.0,
2484,KINNABULLA_S2.2_P1212_R1,2023,5,23,lentil,,,gia thunder,,,True,,,sale,120.0,,,30.0,,,On-time,,kinnabulla,sowing,2023-05-23,50.0,0.0,0.0,,,,,,,,,,
2485,KINNABULLA_S2.2_P1212_R1,2023,7,10,,,,,,,,,,,,,,,,,,"0.12L/ha applied to all crop types to control the movement of pests back into pulse crops, could also more intro cereal crops and cause damage, 1-4 node. lucerne flea targeting vetch and lentil.",kinnabulla,pesticide,2023-07-10,11.0,4.32,0.0,,,,,,,Le-mat,L,0.12,insects
2486,KINNABULLA_S2.2_P1212_R1,2023,7,26,,,,,,,,,,,,,,,,,,"0.18L/ha applied to grass weed control, targeting brome grass & ryegrass, 2-4 node (+2% Liase = liquid adjuvant) (+0.5% Uptake = wetting agent)",kinnabulla,herbicide,2023-07-26,11.0,24.3,0.0,,,,,,,Factor,L,0.18,
2487,KINNABULLA_S2.2_P1212_R1,2023,7,26,,,,,,,,,,,,,,,,,,"grass weed control, targeting brome grass & ryegrass, 2-4 node",kinnabulla,herbicide,2023-07-26,11.0,3.3,0.0,,,,,,,Haloxyfop,L,0.075,
2488,KINNABULLA_S2.2_P1212_R1,2023,7,26,,,,,,,,,,,,,,,,,,"grass weed control, targeting brome grass & ryegrass, 2-4 node",kinnabulla,herbicide,2023-07-26,11.0,10.25,0.0,,,,,,,Clethodim 360,L,0.5,
2489,KINNABULLA_S2.2_P1212_R1,2023,8,2,,,,,,,,,,,,,,,,,,0.5L/ha applied to lentils and vetch (canopy closure) - botrytis and ascochyta,kinnabulla,fungicide,2023-08-02,11.0,27.25,0.0,,,,,,,Aviator Xpro,L,0.5,
2490,KINNABULLA_S2.2_P1212_R1,2023,10,9,,,,,,,,,,,,,,,,,,0.3L/ha applied in pulses to control grubs - podding,kinnabulla,pesticide,2023-10-09,11.0,2.952,0.0,,,,,,,Sumi-alpha flex,L,0.3,faw
2491,KINNABULLA_S2.2_P1212_R1,2023,11,17,,,,,,,,,,,,,,,,,,"3L/ha applied to desiccate for late season weed control, bring all crop types in together for harvest (+0.16% BS1000 = wetting agent)",kinnabulla,herbicide,2023-11-17,11.0,45.0,0.0,,,,,,,Diquat,L,3.0,
2492,KINNABULLA_S2.2_P1212_R1,2023,12,7,lentil,,,,,,,,,,,,,,,,,,kinnabulla,termination,2023-12-07,80.0,0.0,723.45,success,sale,1113.0,,,stubble,,,,
2493,KINNABULLA_S2.2_P1212_R1,2023,12,14,,,,,,,,,,,,,,,,,,0.4L/ha applied overall site knockdown to control summer weeds (+2% Liase =  liquid adjuvant),kinnabulla,herbicide,2023-12-14,11.0,3.38,0.0,,,,,,,Ester,L,0.4,
2494,KINNABULLA_S2.2_P1212_R1,2023,12,14,,,,,,,,,,,,,,,,,,2.5L/ha applied overall site knockdown to control summer weeds,kinnabulla,herbicide,2023-12-14,11.0,11.25,0.0,,,,,,,Glyphosate,L,2.5,
2495,KINNABULLA_S2.2_P1212_R1,2024,1,18,,,,,,,,,,,,,,,,,,"2.5L/ha applied overall site knockdown to control summer weeds (heliotrope and odd thistle), vol. crop (wheat, barley, canola, radish, lentil)",kinnabulla,herbicide,2024-01-18,11.0,11.25,0.0,,,,,,,Glyphosate,L,2.5,
2496,KINNABULLA_S2.2_P1212_R2,2023,5,3,,,,,,,,,,,,,,,,,,0.8L/ha applied at sowing,kinnabulla,herbicide,2023-05-03,11.0,12.0,0.0,,,,,,,Terbyne xtreme,L,0.8,
2497,KINNABULLA_S2.2_P1212_R2,2023,5,3,,,,,,,,,,,,,,,,,,1.1L/ha applied at sowing,kinnabulla,herbicide,2023-05-03,11.0,27.500000000000004,0.0,,,,,,,Ultro,L,1.1,
2498,KINNABULLA_S2.2_P1212_R2,2023,5,23,,,,,,,,,,,,,,,,,,1.5L/ha applied at sowing,kinnabulla,herbicide,2023-05-23,11.0,12.0,0.0,,,,,,,Trifluralin,L,1.5,
2499,KINNABULLA_S2.2_P1212_R2,2023,5,23,,,,,,,,,,,,,,,,,,2L/ha applied at sowing,kinnabulla,herbicide,2023-05-23,11.0,34.0,0.0,,,,,,,Avadex,L,2.0,
2500,KINNABULLA_S2.2_P1212_R2,2023,5,23,,,,,,,,,,,,,,,,,,3L/ha applied at sowing,kinnabulla,herbicide,2023-05-23,11.0,13.5,0.0,,,,,,,Glyphosate 450,L,3.0,
2501,KINNABULLA_S2.2_P1212_R2,2023,5,23,,,,,,,,,,,,,,,,,,"60kg/ha applied at sowing (W, B, L)",kinnabulla,fertiliser,2023-05-23,8.5,38.4,0.0,,,,,,,Granulock SZ,kg,60.0,
2502,KINNABULLA_S2.2_P1212_R2,2023,5,23,lentil,,,gia thunder,,,True,,,sale,120.0,,,30.0,,,On-time,,kinnabulla,sowing,2023-05-23,50.0,0.0,0.0,,,,,,,,,,
2503,KINNABULLA_S2.2_P1212_R2,2023,7,10,,,,,,,,,,,,,,,,,,"0.12L/ha applied to all crop types to control the movement of pests back into pulse crops, could also more intro cereal crops and cause damage, 1-4 node. lucerne flea targeting vetch and lentil.",kinnabulla,pesticide,2023-07-10,11.0,4.32,0.0,,,,,,,Le-mat,L,0.12,insects
2504,KINNABULLA_S2.2_P1212_R2,2023,7,26,,,,,,,,,,,,,,,,,,"0.18L/ha applied to grass weed control, targeting brome grass & ryegrass, 2-4 node (+2% Liase = liquid adjuvant) (+0.5% Uptake = wetting agent)",kinnabulla,herbicide,2023-07-26,11.0,24.3,0.0,,,,,,,Factor,L,0.18,
2505,KINNABULLA_S2.2_P1212_R2,2023,7,26,,,,,,,,,,,,,,,,,,"grass weed control, targeting brome grass & ryegrass, 2-4 node",kinnabulla,herbicide,2023-07-26,11.0,3.3,0.0,,,,,,,Haloxyfop,L,0.075,
2506,KINNABULLA_S2.2_P1212_R2,2023,7,26,,,,,,,,,,,,,,,,,,"grass weed control, targeting brome grass & ryegrass, 2-4 node",kinnabulla,herbicide,2023-07-26,11.0,10.25,0.0,,,,,,,Clethodim 360,L,0.5,
2507,KINNABULLA_S2.2_P1212_R2,2023,8,2,,,,,,,,,,,,,,,,,,0.5L/ha applied to lentils and vetch (canopy closure) - botrytis and ascochyta,kinnabulla,fungicide,2023-08-02,11.0,27.25,0.0,,,,,,,Aviator Xpro,L,0.5,
2508,KINNABULLA_S2.2_P1212_R2,2023,10,9,,,,,,,,,,,,,,,,,,0.3L/ha applied in pulses to control grubs - podding,kinnabulla,pesticide,2023-10-09,11.0,2.952,0.0,,,,,,,Sumi-alpha flex,L,0.3,faw
2509,KINNABULLA_S2.2_P1212_R2,2023,11,17,,,,,,,,,,,,,,,,,,"3L/ha applied to desiccate for late season weed control, bring all crop types in together for harvest (+0.16% BS1000 = wetting agent)",kinnabulla,herbicide,2023-11-17,11.0,45.0,0.0,,,,,,,Diquat,L,3.0,
2510,KINNABULLA_S2.2_P1212_R2,2023,12,7,lentil,,,,,,,,,,,,,,,,,,kinnabulla,termination,2023-12-07,80.0,0.0,1118.65,success,sale,1721.0,,,stubble,,,,
2511,KINNABULLA_S2.2_P1212_R2,2023,12,14,,,,,,,,,,,,,,,,,,0.4L/ha applied overall site knockdown to control summer weeds (+2% Liase =  liquid adjuvant),kinnabulla,herbicide,2023-12-14,11.0,3.38,0.0,,,,,,,Ester,L,0.4,
2512,KINNABULLA_S2.2_P1212_R2,2023,12,14,,,,,,,,,,,,,,,,,,2.5L/ha applied overall site knockdown to control summer weeds,kinnabulla,herbicide,2023-12-14,11.0,11.25,0.0,,,,,,,Glyphosate,L,2.5,
2513,KINNABULLA_S2.2_P1212_R2,2024,1,18,,,,,,,,,,,,,,,,,,"2.5L/ha applied overall site knockdown to control summer weeds (heliotrope and odd thistle), vol. crop (wheat, barley, canola, radish, lentil)",kinnabulla,herbicide,2024-01-18,11.0,11.25,0.0,,,,,,,Glyphosate,L,2.5,
2514,KINNABULLA_S2.2_P1212_R3,2023,5,3,,,,,,,,,,,,,,,,,,0.8L/ha applied at sowing,kinnabulla,herbicide,2023-05-03,11.0,12.0,0.0,,,,,,,Terbyne xtreme,L,0.8,
2515,KINNABULLA_S2.2_P1212_R3,2023,5,3,,,,,,,,,,,,,,,,,,1.1L/ha applied at sowing,kinnabulla,herbicide,2023-05-03,11.0,27.500000000000004,0.0,,,,,,,Ultro,L,1.1,
2516,KINNABULLA_S2.2_P1212_R3,2023,5,23,,,,,,,,,,,,,,,,,,1.5L/ha applied at sowing,kinnabulla,herbicide,2023-05-23,11.0,12.0,0.0,,,,,,,Trifluralin,L,1.5,
2517,KINNABULLA_S2.2_P1212_R3,2023,5,23,,,,,,,,,,,,,,,,,,2L/ha applied at sowing,kinnabulla,herbicide,2023-05-23,11.0,34.0,0.0,,,,,,,Avadex,L,2.0,
2518,KINNABULLA_S2.2_P1212_R3,2023,5,23,,,,,,,,,,,,,,,,,,3L/ha applied at sowing,kinnabulla,herbicide,2023-05-23,11.0,13.5,0.0,,,,,,,Glyphosate 450,L,3.0,
2519,KINNABULLA_S2.2_P1212_R3,2023,5,23,,,,,,,,,,,,,,,,,,"60kg/ha applied at sowing (W, B, L)",kinnabulla,fertiliser,2023-05-23,8.5,38.4,0.0,,,,,,,Granulock SZ,kg,60.0,
2520,KINNABULLA_S2.2_P1212_R3,2023,5,23,lentil,,,gia thunder,,,True,,,sale,120.0,,,30.0,,,On-time,,kinnabulla,sowing,2023-05-23,50.0,0.0,0.0,,,,,,,,,,
2521,KINNABULLA_S2.2_P1212_R3,2023,7,10,,,,,,,,,,,,,,,,,,"0.12L/ha applied to all crop types to control the movement of pests back into pulse crops, could also more intro cereal crops and cause damage, 1-4 node. lucerne flea targeting vetch and lentil.",kinnabulla,pesticide,2023-07-10,11.0,4.32,0.0,,,,,,,Le-mat,L,0.12,insects
2522,KINNABULLA_S2.2_P1212_R3,2023,7,26,,,,,,,,,,,,,,,,,,"0.18L/ha applied to grass weed control, targeting brome grass & ryegrass, 2-4 node (+2% Liase = liquid adjuvant) (+0.5% Uptake = wetting agent)",kinnabulla,herbicide,2023-07-26,11.0,24.3,0.0,,,,,,,Factor,L,0.18,
2523,KINNABULLA_S2.2_P1212_R3,2023,7,26,,,,,,,,,,,,,,,,,,"grass weed control, targeting brome grass & ryegrass, 2-4 node",kinnabulla,herbicide,2023-07-26,11.0,3.3,0.0,,,,,,,Haloxyfop,L,0.075,
2524,KINNABULLA_S2.2_P1212_R3,2023,7,26,,,,,,,,,,,,,,,,,,"grass weed control, targeting brome grass & ryegrass, 2-4 node",kinnabulla,herbicide,2023-07-26,11.0,10.25,0.0,,,,,,,Clethodim 360,L,0.5,
2525,KINNABULLA_S2.2_P1212_R3,2023,8,2,,,,,,,,,,,,,,,,,,0.5L/ha applied to lentils and vetch (canopy closure) - botrytis and ascochyta,kinnabulla,fungicide,2023-08-02,11.0,27.25,0.0,,,,,,,Aviator Xpro,L,0.5,
2526,KINNABULLA_S2.2_P1212_R3,2023,10,9,,,,,,,,,,,,,,,,,,0.3L/ha applied in pulses to control grubs - podding,kinnabulla,pesticide,2023-10-09,11.0,2.952,0.0,,,,,,,Sumi-alpha flex,L,0.3,faw
2527,KINNABULLA_S2.2_P1212_R3,2023,11,17,,,,,,,,,,,,,,,,,,"3L/ha applied to desiccate for late season weed control, bring all crop types in together for harvest (+0.16% BS1000 = wetting agent)",kinnabulla,herbicide,2023-11-17,11.0,45.0,0.0,,,,,,,Diquat,L,3.0,
2528,KINNABULLA_S2.2_P1212_R3,2023,12,7,lentil,,,,,,,,,,,,,,,,,,kinnabulla,termination,2023-12-07,80.0,0.0,785.85,success,sale,1209.0,,,stubble,,,,
2529,KINNABULLA_S2.2_P1212_R3,2023,12,14,,,,,,,,,,,,,,,,,,0.4L/ha applied overall site knockdown to control summer weeds (+2% Liase =  liquid adjuvant),kinnabulla,herbicide,2023-12-14,11.0,3.38,0.0,,,,,,,Ester,L,0.4,
2530,KINNABULLA_S2.2_P1212_R3,2023,12,14,,,,,,,,,,,,,,,,,,2.5L/ha applied overall site knockdown to control summer weeds,kinnabulla,herbicide,2023-12-14,11.0,11.25,0.0,,,,,,,Glyphosate,L,2.5,
2531,KINNABULLA_S2.2_P1212_R3,2024,1,18,,,,,,,,,,,,,,,,,,"2.5L/ha applied overall site knockdown to control summer weeds (heliotrope and odd thistle), vol. crop (wheat, barley, canola, radish, lentil)",kinnabulla,herbicide,2024-01-18,11.0,11.25,0.0,,,,,,,Glyphosate,L,2.5,
2532,KINNABULLA_S2.2_P2121_R1,2023,5,23,,,,,,,,,,,,,,,,,,1.5L/ha applied at sowing,kinnabulla,herbicide,2023-05-23,11.0,12.0,0.0,,,,,,,Trifluralin,L,1.5,
2533,KINNABULLA_S2.2_P2121_R1,2023,5,23,,,,,,,,,,,,,,,,,,2L/ha applied at sowing,kinnabulla,herbicide,2023-05-23,11.0,34.0,0.0,,,,,,,Avadex,L,2.0,
2534,KINNABULLA_S2.2_P2121_R1,2023,5,23,,,,,,,,,,,,,,,,,,3L/ha applied at sowing,kinnabulla,herbicide,2023-05-23,11.0,13.5,0.0,,,,,,,Glyphosate 450,L,3.0,
2535,KINNABULLA_S2.2_P2121_R1,2023,5,23,,,,,,,,,,,,,,,,,,"60kg/ha applied at sowing (W, B, L)",kinnabulla,fertiliser,2023-05-23,8.5,38.4,0.0,,,,,,,Granulock SZ,kg,60.0,
2536,KINNABULLA_S2.2_P2121_R1,2023,5,23,wheat,,,scepter,,,True,,,sale,130.0,,,30.0,,,On-time,,kinnabulla,sowing,2023-05-23,50.0,0.0,0.0,,,,,,,,,,
2537,KINNABULLA_S2.2_P2121_R1,2023,6,21,,,,,,,,,,,,,,,,,,341kg/ha top dressing - Wheat D9,kinnabulla,fertiliser,2023-06-21,8.5,170.5,0.0,,,,,,,Urea,kg,341.0,
2538,KINNABULLA_S2.2_P2121_R1,2023,7,10,,,,,,,,,,,,,,,,,,"0.12L/ha applied to all crop types to control the movement of pests back into pulse crops, could also more intro cereal crops and cause damage, 1-4 node. lucerne flea targeting vetch and lentil.",kinnabulla,pesticide,2023-07-10,11.0,4.32,0.0,,,,,,,Le-mat,L,0.12,insects
2539,KINNABULLA_S2.2_P2121_R1,2023,7,26,,,,,,,,,,,,,,,,,,"0.025L/ha applied to broadleaf weed control, targeting broadleaf weeds and vol lentils, GS13 (+0.5% uptake = wetting agent)
 *note - spray damage in wheat treatments",kinnabulla,herbicide,2023-07-26,11.0,12.25,0.0,,,,,,,Paradigm,L,0.025,
2540,KINNABULLA_S2.2_P2121_R1,2023,7,26,,,,,,,,,,,,,,,,,,"0.5L/ha applied to broadleaf weed control, targeting broadleaf weeds and vol lentils, GS13.
 *note - spray damage in wheat treatments",kinnabulla,herbicide,2023-07-26,11.0,4.07,0.0,,,,,,,MCPA LVE,L,0.5,
2541,KINNABULLA_S2.2_P2121_R1,2023,11,17,,,,,,,,,,,,,,,,,,"3L/ha applied to desiccate for late season weed control, bring all crop types in together for harvest (+0.16% BS1000 = wetting agent)",kinnabulla,herbicide,2023-11-17,11.0,45.0,0.0,,,,,,,Diquat,L,3.0,
2542,KINNABULLA_S2.2_P2121_R1,2023,12,7,wheat,,,,,,,,,,,,,,,,,,kinnabulla,termination,2023-12-07,80.0,0.0,1691.5800000000002,success,sale,5126.0,,,stubble,,,,
2543,KINNABULLA_S2.2_P2121_R1,2023,12,14,,,,,,,,,,,,,,,,,,0.4L/ha applied overall site knockdown to control summer weeds (+2% Liase =  liquid adjuvant),kinnabulla,herbicide,2023-12-14,11.0,3.38,0.0,,,,,,,Ester,L,0.4,
2544,KINNABULLA_S2.2_P2121_R1,2023,12,14,,,,,,,,,,,,,,,,,,2.5L/ha applied overall site knockdown to control summer weeds,kinnabulla,herbicide,2023-12-14,11.0,11.25,0.0,,,,,,,Glyphosate,L,2.5,
2545,KINNABULLA_S2.2_P2121_R1,2024,1,18,,,,,,,,,,,,,,,,,,"2.5L/ha applied overall site knockdown to control summer weeds (heliotrope and odd thistle), vol. crop (wheat, barley, canola, radish, lentil)",kinnabulla,herbicide,2024-01-18,11.0,11.25,0.0,,,,,,,Glyphosate,L,2.5,
2546,KINNABULLA_S2.2_P2121_R2,2023,5,23,,,,,,,,,,,,,,,,,,1.5L/ha applied at sowing,kinnabulla,herbicide,2023-05-23,11.0,12.0,0.0,,,,,,,Trifluralin,L,1.5,
2547,KINNABULLA_S2.2_P2121_R2,2023,5,23,,,,,,,,,,,,,,,,,,2L/ha applied at sowing,kinnabulla,herbicide,2023-05-23,11.0,34.0,0.0,,,,,,,Avadex,L,2.0,
2548,KINNABULLA_S2.2_P2121_R2,2023,5,23,,,,,,,,,,,,,,,,,,3L/ha applied at sowing,kinnabulla,herbicide,2023-05-23,11.0,13.5,0.0,,,,,,,Glyphosate 450,L,3.0,
2549,KINNABULLA_S2.2_P2121_R2,2023,5,23,,,,,,,,,,,,,,,,,,"60kg/ha applied at sowing (W, B, L)",kinnabulla,fertiliser,2023-05-23,8.5,38.4,0.0,,,,,,,Granulock SZ,kg,60.0,
2550,KINNABULLA_S2.2_P2121_R2,2023,5,23,wheat,,,scepter,,,True,,,sale,130.0,,,30.0,,,On-time,,kinnabulla,sowing,2023-05-23,50.0,0.0,0.0,,,,,,,,,,
2551,KINNABULLA_S2.2_P2121_R2,2023,6,21,,,,,,,,,,,,,,,,,,341kg/ha top dressing - Wheat D9,kinnabulla,fertiliser,2023-06-21,8.5,170.5,0.0,,,,,,,Urea,kg,341.0,
2552,KINNABULLA_S2.2_P2121_R2,2023,7,10,,,,,,,,,,,,,,,,,,"0.12L/ha applied to all crop types to control the movement of pests back into pulse crops, could also more intro cereal crops and cause damage, 1-4 node. lucerne flea targeting vetch and lentil.",kinnabulla,pesticide,2023-07-10,11.0,4.32,0.0,,,,,,,Le-mat,L,0.12,insects
2553,KINNABULLA_S2.2_P2121_R2,2023,7,26,,,,,,,,,,,,,,,,,,"0.025L/ha applied to broadleaf weed control, targeting broadleaf weeds and vol lentils, GS13 (+0.5% uptake = wetting agent)
 *note - spray damage in wheat treatments",kinnabulla,herbicide,2023-07-26,11.0,12.25,0.0,,,,,,,Paradigm,L,0.025,
2554,KINNABULLA_S2.2_P2121_R2,2023,7,26,,,,,,,,,,,,,,,,,,"0.5L/ha applied to broadleaf weed control, targeting broadleaf weeds and vol lentils, GS13.
 *note - spray damage in wheat treatments",kinnabulla,herbicide,2023-07-26,11.0,4.07,0.0,,,,,,,MCPA LVE,L,0.5,
2555,KINNABULLA_S2.2_P2121_R2,2023,11,17,,,,,,,,,,,,,,,,,,"3L/ha applied to desiccate for late season weed control, bring all crop types in together for harvest (+0.16% BS1000 = wetting agent)",kinnabulla,herbicide,2023-11-17,11.0,45.0,0.0,,,,,,,Diquat,L,3.0,
2556,KINNABULLA_S2.2_P2121_R2,2023,12,7,wheat,,,,,,,,,,,,,,,,,,kinnabulla,termination,2023-12-07,80.0,0.0,1674.42,success,sale,5074.0,,,stubble,,,,
2557,KINNABULLA_S2.2_P2121_R2,2023,12,14,,,,,,,,,,,,,,,,,,0.4L/ha applied overall site knockdown to control summer weeds (+2% Liase =  liquid adjuvant),kinnabulla,herbicide,2023-12-14,11.0,3.38,0.0,,,,,,,Ester,L,0.4,
2558,KINNABULLA_S2.2_P2121_R2,2023,12,14,,,,,,,,,,,,,,,,,,2.5L/ha applied overall site knockdown to control summer weeds,kinnabulla,herbicide,2023-12-14,11.0,11.25,0.0,,,,,,,Glyphosate,L,2.5,
2559,KINNABULLA_S2.2_P2121_R2,2024,1,18,,,,,,,,,,,,,,,,,,"2.5L/ha applied overall site knockdown to control summer weeds (heliotrope and odd thistle), vol. crop (wheat, barley, canola, radish, lentil)",kinnabulla,herbicide,2024-01-18,11.0,11.25,0.0,,,,,,,Glyphosate,L,2.5,
2560,KINNABULLA_S2.2_P2121_R3,2023,5,23,,,,,,,,,,,,,,,,,,1.5L/ha applied at sowing,kinnabulla,herbicide,2023-05-23,11.0,12.0,0.0,,,,,,,Trifluralin,L,1.5,
2561,KINNABULLA_S2.2_P2121_R3,2023,5,23,,,,,,,,,,,,,,,,,,2L/ha applied at sowing,kinnabulla,herbicide,2023-05-23,11.0,34.0,0.0,,,,,,,Avadex,L,2.0,
2562,KINNABULLA_S2.2_P2121_R3,2023,5,23,,,,,,,,,,,,,,,,,,3L/ha applied at sowing,kinnabulla,herbicide,2023-05-23,11.0,13.5,0.0,,,,,,,Glyphosate 450,L,3.0,
2563,KINNABULLA_S2.2_P2121_R3,2023,5,23,,,,,,,,,,,,,,,,,,"60kg/ha applied at sowing (W, B, L)",kinnabulla,fertiliser,2023-05-23,8.5,38.4,0.0,,,,,,,Granulock SZ,kg,60.0,
2564,KINNABULLA_S2.2_P2121_R3,2023,5,23,wheat,,,scepter,,,True,,,sale,130.0,,,30.0,,,On-time,,kinnabulla,sowing,2023-05-23,50.0,0.0,0.0,,,,,,,,,,
2565,KINNABULLA_S2.2_P2121_R3,2023,6,21,,,,,,,,,,,,,,,,,,341kg/ha top dressing - Wheat D9,kinnabulla,fertiliser,2023-06-21,8.5,170.5,0.0,,,,,,,Urea,kg,341.0,
2566,KINNABULLA_S2.2_P2121_R3,2023,7,10,,,,,,,,,,,,,,,,,,"0.12L/ha applied to all crop types to control the movement of pests back into pulse crops, could also more intro cereal crops and cause damage, 1-4 node. lucerne flea targeting vetch and lentil.",kinnabulla,pesticide,2023-07-10,11.0,4.32,0.0,,,,,,,Le-mat,L,0.12,insects
2567,KINNABULLA_S2.2_P2121_R3,2023,7,26,,,,,,,,,,,,,,,,,,"0.025L/ha applied to broadleaf weed control, targeting broadleaf weeds and vol lentils, GS13 (+0.5% uptake = wetting agent)
 *note - spray damage in wheat treatments",kinnabulla,herbicide,2023-07-26,11.0,12.25,0.0,,,,,,,Paradigm,L,0.025,
2568,KINNABULLA_S2.2_P2121_R3,2023,7,26,,,,,,,,,,,,,,,,,,"0.5L/ha applied to broadleaf weed control, targeting broadleaf weeds and vol lentils, GS13.
 *note - spray damage in wheat treatments",kinnabulla,herbicide,2023-07-26,11.0,4.07,0.0,,,,,,,MCPA LVE,L,0.5,
2569,KINNABULLA_S2.2_P2121_R3,2023,11,17,,,,,,,,,,,,,,,,,,"3L/ha applied to desiccate for late season weed control, bring all crop types in together for harvest (+0.16% BS1000 = wetting agent)",kinnabulla,herbicide,2023-11-17,11.0,45.0,0.0,,,,,,,Diquat,L,3.0,
2570,KINNABULLA_S2.2_P2121_R3,2023,12,7,wheat,,,,,,,,,,,,,,,,,,kinnabulla,termination,2023-12-07,80.0,0.0,1501.8300000000002,success,sale,4551.0,,,stubble,,,,
2571,KINNABULLA_S2.2_P2121_R3,2023,12,14,,,,,,,,,,,,,,,,,,0.4L/ha applied overall site knockdown to control summer weeds (+2% Liase =  liquid adjuvant),kinnabulla,herbicide,2023-12-14,11.0,3.38,0.0,,,,,,,Ester,L,0.4,
2572,KINNABULLA_S2.2_P2121_R3,2023,12,14,,,,,,,,,,,,,,,,,,2.5L/ha applied overall site knockdown to control summer weeds,kinnabulla,herbicide,2023-12-14,11.0,11.25,0.0,,,,,,,Glyphosate,L,2.5,
2573,KINNABULLA_S2.2_P2121_R3,2024,1,18,,,,,,,,,,,,,,,,,,"2.5L/ha applied overall site knockdown to control summer weeds (heliotrope and odd thistle), vol. crop (wheat, barley, canola, radish, lentil)",kinnabulla,herbicide,2024-01-18,11.0,11.25,0.0,,,,,,,Glyphosate,L,2.5,
2574,KINNABULLA_S3_P1231_R1,2023,5,3,,,,,,,,,,,,,,,,,,0.8L/ha applied at sowing,kinnabulla,herbicide,2023-05-03,11.0,12.0,0.0,,,,,,,Terbyne xtreme,L,0.8,
2575,KINNABULLA_S3_P1231_R1,2023,5,3,,,,,,,,,,,,,,,,,,1.1L/ha applied at sowing,kinnabulla,herbicide,2023-05-03,11.0,27.500000000000004,0.0,,,,,,,Ultro,L,1.1,
2576,KINNABULLA_S3_P1231_R1,2023,5,23,,,,,,,,,,,,,,,,,,1.5L/ha applied at sowing,kinnabulla,herbicide,2023-05-23,11.0,12.0,0.0,,,,,,,Trifluralin,L,1.5,
2577,KINNABULLA_S3_P1231_R1,2023,5,23,,,,,,,,,,,,,,,,,,2L/ha applied at sowing,kinnabulla,herbicide,2023-05-23,11.0,34.0,0.0,,,,,,,Avadex,L,2.0,
2578,KINNABULLA_S3_P1231_R1,2023,5,23,,,,,,,,,,,,,,,,,,3L/ha applied at sowing,kinnabulla,herbicide,2023-05-23,11.0,13.5,0.0,,,,,,,Glyphosate 450,L,3.0,
2579,KINNABULLA_S3_P1231_R1,2023,5,23,,,,,,,,,,,,,,,,,,"60kg/ha applied at sowing (W, B, L)",kinnabulla,fertiliser,2023-05-23,8.5,38.4,0.0,,,,,,,Granulock SZ,kg,60.0,
2580,KINNABULLA_S3_P1231_R1,2023,5,23,lentil,,,gia thunder,,,True,,,sale,120.0,,,30.0,,,On-time,,kinnabulla,sowing,2023-05-23,50.0,0.0,0.0,,,,,,,,,,
2581,KINNABULLA_S3_P1231_R1,2023,7,10,,,,,,,,,,,,,,,,,,"0.12L/ha applied to all crop types to control the movement of pests back into pulse crops, could also more intro cereal crops and cause damage, 1-4 node. lucerne flea targeting vetch and lentil.",kinnabulla,pesticide,2023-07-10,11.0,4.32,0.0,,,,,,,Le-mat,L,0.12,insects
2582,KINNABULLA_S3_P1231_R1,2023,7,26,,,,,,,,,,,,,,,,,,"0.18L/ha applied to grass weed control, targeting brome grass & ryegrass, 2-4 node (+2% Liase = liquid adjuvant) (+0.5% Uptake = wetting agent)",kinnabulla,herbicide,2023-07-26,11.0,24.3,0.0,,,,,,,Factor,L,0.18,
2583,KINNABULLA_S3_P1231_R1,2023,7,26,,,,,,,,,,,,,,,,,,"grass weed control, targeting brome grass & ryegrass, 2-4 node",kinnabulla,herbicide,2023-07-26,11.0,3.3,0.0,,,,,,,Haloxyfop,L,0.075,
2584,KINNABULLA_S3_P1231_R1,2023,7,26,,,,,,,,,,,,,,,,,,"grass weed control, targeting brome grass & ryegrass, 2-4 node",kinnabulla,herbicide,2023-07-26,11.0,10.25,0.0,,,,,,,Clethodim 360,L,0.5,
2585,KINNABULLA_S3_P1231_R1,2023,8,2,,,,,,,,,,,,,,,,,,0.5L/ha applied to lentils and vetch (canopy closure) - botrytis and ascochyta,kinnabulla,fungicide,2023-08-02,11.0,27.25,0.0,,,,,,,Aviator Xpro,L,0.5,
2586,KINNABULLA_S3_P1231_R1,2023,10,9,,,,,,,,,,,,,,,,,,0.3L/ha applied in pulses to control grubs - podding,kinnabulla,pesticide,2023-10-09,11.0,2.952,0.0,,,,,,,Sumi-alpha flex,L,0.3,faw
2587,KINNABULLA_S3_P1231_R1,2023,11,17,,,,,,,,,,,,,,,,,,"3L/ha applied to desiccate for late season weed control, bring all crop types in together for harvest (+0.16% BS1000 = wetting agent)",kinnabulla,herbicide,2023-11-17,11.0,45.0,0.0,,,,,,,Diquat,L,3.0,
2588,KINNABULLA_S3_P1231_R1,2023,12,7,lentil,,,,,,,,,,,,,,,,,,kinnabulla,termination,2023-12-07,80.0,0.0,815.1,success,sale,1254.0,,,stubble,,,,
2589,KINNABULLA_S3_P1231_R1,2023,12,14,,,,,,,,,,,,,,,,,,0.4L/ha applied overall site knockdown to control summer weeds (+2% Liase =  liquid adjuvant),kinnabulla,herbicide,2023-12-14,11.0,3.38,0.0,,,,,,,Ester,L,0.4,
2590,KINNABULLA_S3_P1231_R1,2023,12,14,,,,,,,,,,,,,,,,,,2.5L/ha applied overall site knockdown to control summer weeds,kinnabulla,herbicide,2023-12-14,11.0,11.25,0.0,,,,,,,Glyphosate,L,2.5,
2591,KINNABULLA_S3_P1231_R1,2024,1,18,,,,,,,,,,,,,,,,,,"2.5L/ha applied overall site knockdown to control summer weeds (heliotrope and odd thistle), vol. crop (wheat, barley, canola, radish, lentil)",kinnabulla,herbicide,2024-01-18,11.0,11.25,0.0,,,,,,,Glyphosate,L,2.5,
2592,KINNABULLA_S3_P1231_R2,2023,5,3,,,,,,,,,,,,,,,,,,0.8L/ha applied at sowing,kinnabulla,herbicide,2023-05-03,11.0,12.0,0.0,,,,,,,Terbyne xtreme,L,0.8,
2593,KINNABULLA_S3_P1231_R2,2023,5,3,,,,,,,,,,,,,,,,,,1.1L/ha applied at sowing,kinnabulla,herbicide,2023-05-03,11.0,27.500000000000004,0.0,,,,,,,Ultro,L,1.1,
2594,KINNABULLA_S3_P1231_R2,2023,5,23,,,,,,,,,,,,,,,,,,1.5L/ha applied at sowing,kinnabulla,herbicide,2023-05-23,11.0,12.0,0.0,,,,,,,Trifluralin,L,1.5,
2595,KINNABULLA_S3_P1231_R2,2023,5,23,,,,,,,,,,,,,,,,,,2L/ha applied at sowing,kinnabulla,herbicide,2023-05-23,11.0,34.0,0.0,,,,,,,Avadex,L,2.0,
2596,KINNABULLA_S3_P1231_R2,2023,5,23,,,,,,,,,,,,,,,,,,3L/ha applied at sowing,kinnabulla,herbicide,2023-05-23,11.0,13.5,0.0,,,,,,,Glyphosate 450,L,3.0,
2597,KINNABULLA_S3_P1231_R2,2023,5,23,,,,,,,,,,,,,,,,,,"60kg/ha applied at sowing (W, B, L)",kinnabulla,fertiliser,2023-05-23,8.5,38.4,0.0,,,,,,,Granulock SZ,kg,60.0,
2598,KINNABULLA_S3_P1231_R2,2023,5,23,lentil,,,gia thunder,,,True,,,sale,120.0,,,30.0,,,On-time,,kinnabulla,sowing,2023-05-23,50.0,0.0,0.0,,,,,,,,,,
2599,KINNABULLA_S3_P1231_R2,2023,7,10,,,,,,,,,,,,,,,,,,"0.12L/ha applied to all crop types to control the movement of pests back into pulse crops, could also more intro cereal crops and cause damage, 1-4 node. lucerne flea targeting vetch and lentil.",kinnabulla,pesticide,2023-07-10,11.0,4.32,0.0,,,,,,,Le-mat,L,0.12,insects
2600,KINNABULLA_S3_P1231_R2,2023,7,26,,,,,,,,,,,,,,,,,,"0.18L/ha applied to grass weed control, targeting brome grass & ryegrass, 2-4 node (+2% Liase = liquid adjuvant) (+0.5% Uptake = wetting agent)",kinnabulla,herbicide,2023-07-26,11.0,24.3,0.0,,,,,,,Factor,L,0.18,
2601,KINNABULLA_S3_P1231_R2,2023,7,26,,,,,,,,,,,,,,,,,,"grass weed control, targeting brome grass & ryegrass, 2-4 node",kinnabulla,herbicide,2023-07-26,11.0,3.3,0.0,,,,,,,Haloxyfop,L,0.075,
2602,KINNABULLA_S3_P1231_R2,2023,7,26,,,,,,,,,,,,,,,,,,"grass weed control, targeting brome grass & ryegrass, 2-4 node",kinnabulla,herbicide,2023-07-26,11.0,10.25,0.0,,,,,,,Clethodim 360,L,0.5,
2603,KINNABULLA_S3_P1231_R2,2023,8,2,,,,,,,,,,,,,,,,,,0.5L/ha applied to lentils and vetch (canopy closure) - botrytis and ascochyta,kinnabulla,fungicide,2023-08-02,11.0,27.25,0.0,,,,,,,Aviator Xpro,L,0.5,
2604,KINNABULLA_S3_P1231_R2,2023,10,9,,,,,,,,,,,,,,,,,,0.3L/ha applied in pulses to control grubs - podding,kinnabulla,pesticide,2023-10-09,11.0,2.952,0.0,,,,,,,Sumi-alpha flex,L,0.3,faw
2605,KINNABULLA_S3_P1231_R2,2023,11,17,,,,,,,,,,,,,,,,,,"3L/ha applied to desiccate for late season weed control, bring all crop types in together for harvest (+0.16% BS1000 = wetting agent)",kinnabulla,herbicide,2023-11-17,11.0,45.0,0.0,,,,,,,Diquat,L,3.0,
2606,KINNABULLA_S3_P1231_R2,2023,12,7,lentil,,,,,,,,,,,,,,,,,,kinnabulla,termination,2023-12-07,80.0,0.0,876.2,success,sale,1348.0,,,stubble,,,,
2607,KINNABULLA_S3_P1231_R2,2023,12,14,,,,,,,,,,,,,,,,,,0.4L/ha applied overall site knockdown to control summer weeds (+2% Liase =  liquid adjuvant),kinnabulla,herbicide,2023-12-14,11.0,3.38,0.0,,,,,,,Ester,L,0.4,
2608,KINNABULLA_S3_P1231_R2,2023,12,14,,,,,,,,,,,,,,,,,,2.5L/ha applied overall site knockdown to control summer weeds,kinnabulla,herbicide,2023-12-14,11.0,11.25,0.0,,,,,,,Glyphosate,L,2.5,
2609,KINNABULLA_S3_P1231_R2,2024,1,18,,,,,,,,,,,,,,,,,,"2.5L/ha applied overall site knockdown to control summer weeds (heliotrope and odd thistle), vol. crop (wheat, barley, canola, radish, lentil)",kinnabulla,herbicide,2024-01-18,11.0,11.25,0.0,,,,,,,Glyphosate,L,2.5,
2610,KINNABULLA_S3_P1231_R3,2023,5,3,,,,,,,,,,,,,,,,,,0.8L/ha applied at sowing,kinnabulla,herbicide,2023-05-03,11.0,12.0,0.0,,,,,,,Terbyne xtreme,L,0.8,
2611,KINNABULLA_S3_P1231_R3,2023,5,3,,,,,,,,,,,,,,,,,,1.1L/ha applied at sowing,kinnabulla,herbicide,2023-05-03,11.0,27.500000000000004,0.0,,,,,,,Ultro,L,1.1,
2612,KINNABULLA_S3_P1231_R3,2023,5,23,,,,,,,,,,,,,,,,,,1.5L/ha applied at sowing,kinnabulla,herbicide,2023-05-23,11.0,12.0,0.0,,,,,,,Trifluralin,L,1.5,
2613,KINNABULLA_S3_P1231_R3,2023,5,23,,,,,,,,,,,,,,,,,,2L/ha applied at sowing,kinnabulla,herbicide,2023-05-23,11.0,34.0,0.0,,,,,,,Avadex,L,2.0,
2614,KINNABULLA_S3_P1231_R3,2023,5,23,,,,,,,,,,,,,,,,,,3L/ha applied at sowing,kinnabulla,herbicide,2023-05-23,11.0,13.5,0.0,,,,,,,Glyphosate 450,L,3.0,
2615,KINNABULLA_S3_P1231_R3,2023,5,23,,,,,,,,,,,,,,,,,,"60kg/ha applied at sowing (W, B, L)",kinnabulla,fertiliser,2023-05-23,8.5,38.4,0.0,,,,,,,Granulock SZ,kg,60.0,
2616,KINNABULLA_S3_P1231_R3,2023,5,23,lentil,,,gia thunder,,,True,,,sale,120.0,,,30.0,,,On-time,,kinnabulla,sowing,2023-05-23,50.0,0.0,0.0,,,,,,,,,,
2617,KINNABULLA_S3_P1231_R3,2023,7,10,,,,,,,,,,,,,,,,,,"0.12L/ha applied to all crop types to control the movement of pests back into pulse crops, could also more intro cereal crops and cause damage, 1-4 node. lucerne flea targeting vetch and lentil.",kinnabulla,pesticide,2023-07-10,11.0,4.32,0.0,,,,,,,Le-mat,L,0.12,insects
2618,KINNABULLA_S3_P1231_R3,2023,7,26,,,,,,,,,,,,,,,,,,"0.18L/ha applied to grass weed control, targeting brome grass & ryegrass, 2-4 node (+2% Liase = liquid adjuvant) (+0.5% Uptake = wetting agent)",kinnabulla,herbicide,2023-07-26,11.0,24.3,0.0,,,,,,,Factor,L,0.18,
2619,KINNABULLA_S3_P1231_R3,2023,7,26,,,,,,,,,,,,,,,,,,"grass weed control, targeting brome grass & ryegrass, 2-4 node",kinnabulla,herbicide,2023-07-26,11.0,3.3,0.0,,,,,,,Haloxyfop,L,0.075,
2620,KINNABULLA_S3_P1231_R3,2023,7,26,,,,,,,,,,,,,,,,,,"grass weed control, targeting brome grass & ryegrass, 2-4 node",kinnabulla,herbicide,2023-07-26,11.0,10.25,0.0,,,,,,,Clethodim 360,L,0.5,
2621,KINNABULLA_S3_P1231_R3,2023,8,2,,,,,,,,,,,,,,,,,,0.5L/ha applied to lentils and vetch (canopy closure) - botrytis and ascochyta,kinnabulla,fungicide,2023-08-02,11.0,27.25,0.0,,,,,,,Aviator Xpro,L,0.5,
2622,KINNABULLA_S3_P1231_R3,2023,10,9,,,,,,,,,,,,,,,,,,0.3L/ha applied in pulses to control grubs - podding,kinnabulla,pesticide,2023-10-09,11.0,2.952,0.0,,,,,,,Sumi-alpha flex,L,0.3,faw
2623,KINNABULLA_S3_P1231_R3,2023,11,17,,,,,,,,,,,,,,,,,,"3L/ha applied to desiccate for late season weed control, bring all crop types in together for harvest (+0.16% BS1000 = wetting agent)",kinnabulla,herbicide,2023-11-17,11.0,45.0,0.0,,,,,,,Diquat,L,3.0,
2624,KINNABULLA_S3_P1231_R3,2023,12,7,lentil,,,,,,,,,,,,,,,,,,kinnabulla,termination,2023-12-07,80.0,0.0,819.0,success,sale,1260.0,,,stubble,,,,
2625,KINNABULLA_S3_P1231_R3,2023,12,14,,,,,,,,,,,,,,,,,,0.4L/ha applied overall site knockdown to control summer weeds (+2% Liase =  liquid adjuvant),kinnabulla,herbicide,2023-12-14,11.0,3.38,0.0,,,,,,,Ester,L,0.4,
2626,KINNABULLA_S3_P1231_R3,2023,12,14,,,,,,,,,,,,,,,,,,2.5L/ha applied overall site knockdown to control summer weeds,kinnabulla,herbicide,2023-12-14,11.0,11.25,0.0,,,,,,,Glyphosate,L,2.5,
2627,KINNABULLA_S3_P1231_R3,2024,1,18,,,,,,,,,,,,,,,,,,"2.5L/ha applied overall site knockdown to control summer weeds (heliotrope and odd thistle), vol. crop (wheat, barley, canola, radish, lentil)",kinnabulla,herbicide,2024-01-18,11.0,11.25,0.0,,,,,,,Glyphosate,L,2.5,
2628,KINNABULLA_S3_P2312_R1,2023,5,3,,,,,,,,,,,,,,,,,,0.8L/ha applied at sowing,kinnabulla,herbicide,2023-05-03,11.0,12.0,0.0,,,,,,,Terbyne xtreme,L,0.8,
2629,KINNABULLA_S3_P2312_R1,2023,5,3,,,,,,,,,,,,,,,,,,1.1L/ha applied at sowing,kinnabulla,herbicide,2023-05-03,11.0,27.500000000000004,0.0,,,,,,,Ultro,L,1.1,
2630,KINNABULLA_S3_P2312_R1,2023,5,23,,,,,,,,,,,,,,,,,,1.5L/ha applied at sowing,kinnabulla,herbicide,2023-05-23,11.0,12.0,0.0,,,,,,,Trifluralin,L,1.5,
2631,KINNABULLA_S3_P2312_R1,2023,5,23,,,,,,,,,,,,,,,,,,2L/ha applied at sowing,kinnabulla,herbicide,2023-05-23,11.0,34.0,0.0,,,,,,,Avadex,L,2.0,
2632,KINNABULLA_S3_P2312_R1,2023,5,23,,,,,,,,,,,,,,,,,,3L/ha applied at sowing,kinnabulla,herbicide,2023-05-23,11.0,13.5,0.0,,,,,,,Glyphosate 450,L,3.0,
2633,KINNABULLA_S3_P2312_R1,2023,5,23,,,,,,,,,,,,,,,,,,"60kg/ha applied at sowing (W, B, L)",kinnabulla,fertiliser,2023-05-23,8.5,38.4,0.0,,,,,,,Granulock SZ,kg,60.0,
2634,KINNABULLA_S3_P2312_R1,2023,5,23,lentil,,,gia thunder,,,True,,,sale,120.0,,,30.0,,,On-time,,kinnabulla,sowing,2023-05-23,50.0,0.0,0.0,,,,,,,,,,
2635,KINNABULLA_S3_P2312_R1,2023,7,10,,,,,,,,,,,,,,,,,,"0.12L/ha applied to all crop types to control the movement of pests back into pulse crops, could also more intro cereal crops and cause damage, 1-4 node. lucerne flea targeting vetch and lentil.",kinnabulla,pesticide,2023-07-10,11.0,4.32,0.0,,,,,,,Le-mat,L,0.12,insects
2636,KINNABULLA_S3_P2312_R1,2023,7,26,,,,,,,,,,,,,,,,,,"0.18L/ha applied to grass weed control, targeting brome grass & ryegrass, 2-4 node (+2% Liase = liquid adjuvant) (+0.5% Uptake = wetting agent)",kinnabulla,herbicide,2023-07-26,11.0,24.3,0.0,,,,,,,Factor,L,0.18,
2637,KINNABULLA_S3_P2312_R1,2023,7,26,,,,,,,,,,,,,,,,,,"grass weed control, targeting brome grass & ryegrass, 2-4 node",kinnabulla,herbicide,2023-07-26,11.0,3.3,0.0,,,,,,,Haloxyfop,L,0.075,
2638,KINNABULLA_S3_P2312_R1,2023,7,26,,,,,,,,,,,,,,,,,,"grass weed control, targeting brome grass & ryegrass, 2-4 node",kinnabulla,herbicide,2023-07-26,11.0,10.25,0.0,,,,,,,Clethodim 360,L,0.5,
2639,KINNABULLA_S3_P2312_R1,2023,8,2,,,,,,,,,,,,,,,,,,0.5L/ha applied to lentils and vetch (canopy closure) - botrytis and ascochyta,kinnabulla,fungicide,2023-08-02,11.0,27.25,0.0,,,,,,,Aviator Xpro,L,0.5,
2640,KINNABULLA_S3_P2312_R1,2023,10,9,,,,,,,,,,,,,,,,,,0.3L/ha applied in pulses to control grubs - podding,kinnabulla,pesticide,2023-10-09,11.0,2.952,0.0,,,,,,,Sumi-alpha flex,L,0.3,faw
2641,KINNABULLA_S3_P2312_R1,2023,11,17,,,,,,,,,,,,,,,,,,"3L/ha applied to desiccate for late season weed control, bring all crop types in together for harvest (+0.16% BS1000 = wetting agent)",kinnabulla,herbicide,2023-11-17,11.0,45.0,0.0,,,,,,,Diquat,L,3.0,
2642,KINNABULLA_S3_P2312_R1,2023,12,7,lentil,,,,,,,,,,,,,,,,,,kinnabulla,termination,2023-12-07,80.0,0.0,1084.8500000000001,success,sale,1669.0,,,stubble,,,,
2643,KINNABULLA_S3_P2312_R1,2023,12,14,,,,,,,,,,,,,,,,,,0.4L/ha applied overall site knockdown to control summer weeds (+2% Liase =  liquid adjuvant),kinnabulla,herbicide,2023-12-14,11.0,3.38,0.0,,,,,,,Ester,L,0.4,
2644,KINNABULLA_S3_P2312_R1,2023,12,14,,,,,,,,,,,,,,,,,,2.5L/ha applied overall site knockdown to control summer weeds,kinnabulla,herbicide,2023-12-14,11.0,11.25,0.0,,,,,,,Glyphosate,L,2.5,
2645,KINNABULLA_S3_P2312_R1,2024,1,18,,,,,,,,,,,,,,,,,,"2.5L/ha applied overall site knockdown to control summer weeds (heliotrope and odd thistle), vol. crop (wheat, barley, canola, radish, lentil)",kinnabulla,herbicide,2024-01-18,11.0,11.25,0.0,,,,,,,Glyphosate,L,2.5,
2646,KINNABULLA_S3_P2312_R2,2023,5,3,,,,,,,,,,,,,,,,,,0.8L/ha applied at sowing,kinnabulla,herbicide,2023-05-03,11.0,12.0,0.0,,,,,,,Terbyne xtreme,L,0.8,
2647,KINNABULLA_S3_P2312_R2,2023,5,3,,,,,,,,,,,,,,,,,,1.1L/ha applied at sowing,kinnabulla,herbicide,2023-05-03,11.0,27.500000000000004,0.0,,,,,,,Ultro,L,1.1,
2648,KINNABULLA_S3_P2312_R2,2023,5,23,,,,,,,,,,,,,,,,,,1.5L/ha applied at sowing,kinnabulla,herbicide,2023-05-23,11.0,12.0,0.0,,,,,,,Trifluralin,L,1.5,
2649,KINNABULLA_S3_P2312_R2,2023,5,23,,,,,,,,,,,,,,,,,,2L/ha applied at sowing,kinnabulla,herbicide,2023-05-23,11.0,34.0,0.0,,,,,,,Avadex,L,2.0,
2650,KINNABULLA_S3_P2312_R2,2023,5,23,,,,,,,,,,,,,,,,,,3L/ha applied at sowing,kinnabulla,herbicide,2023-05-23,11.0,13.5,0.0,,,,,,,Glyphosate 450,L,3.0,
2651,KINNABULLA_S3_P2312_R2,2023,5,23,,,,,,,,,,,,,,,,,,"60kg/ha applied at sowing (W, B, L)",kinnabulla,fertiliser,2023-05-23,8.5,38.4,0.0,,,,,,,Granulock SZ,kg,60.0,
2652,KINNABULLA_S3_P2312_R2,2023,5,23,lentil,,,gia thunder,,,True,,,sale,120.0,,,30.0,,,On-time,,kinnabulla,sowing,2023-05-23,50.0,0.0,0.0,,,,,,,,,,
2653,KINNABULLA_S3_P2312_R2,2023,7,10,,,,,,,,,,,,,,,,,,"0.12L/ha applied to all crop types to control the movement of pests back into pulse crops, could also more intro cereal crops and cause damage, 1-4 node. lucerne flea targeting vetch and lentil.",kinnabulla,pesticide,2023-07-10,11.0,4.32,0.0,,,,,,,Le-mat,L,0.12,insects
2654,KINNABULLA_S3_P2312_R2,2023,7,26,,,,,,,,,,,,,,,,,,"0.18L/ha applied to grass weed control, targeting brome grass & ryegrass, 2-4 node (+2% Liase = liquid adjuvant) (+0.5% Uptake = wetting agent)",kinnabulla,herbicide,2023-07-26,11.0,24.3,0.0,,,,,,,Factor,L,0.18,
2655,KINNABULLA_S3_P2312_R2,2023,7,26,,,,,,,,,,,,,,,,,,"grass weed control, targeting brome grass & ryegrass, 2-4 node",kinnabulla,herbicide,2023-07-26,11.0,3.3,0.0,,,,,,,Haloxyfop,L,0.075,
2656,KINNABULLA_S3_P2312_R2,2023,7,26,,,,,,,,,,,,,,,,,,"grass weed control, targeting brome grass & ryegrass, 2-4 node",kinnabulla,herbicide,2023-07-26,11.0,10.25,0.0,,,,,,,Clethodim 360,L,0.5,
2657,KINNABULLA_S3_P2312_R2,2023,8,2,,,,,,,,,,,,,,,,,,0.5L/ha applied to lentils and vetch (canopy closure) - botrytis and ascochyta,kinnabulla,fungicide,2023-08-02,11.0,27.25,0.0,,,,,,,Aviator Xpro,L,0.5,
2658,KINNABULLA_S3_P2312_R2,2023,10,9,,,,,,,,,,,,,,,,,,0.3L/ha applied in pulses to control grubs - podding,kinnabulla,pesticide,2023-10-09,11.0,2.952,0.0,,,,,,,Sumi-alpha flex,L,0.3,faw
2659,KINNABULLA_S3_P2312_R2,2023,11,17,,,,,,,,,,,,,,,,,,"3L/ha applied to desiccate for late season weed control, bring all crop types in together for harvest (+0.16% BS1000 = wetting agent)",kinnabulla,herbicide,2023-11-17,11.0,45.0,0.0,,,,,,,Diquat,L,3.0,
2660,KINNABULLA_S3_P2312_R2,2023,12,7,lentil,,,,,,,,,,,,,,,,,,kinnabulla,termination,2023-12-07,80.0,0.0,934.7,success,sale,1438.0,,,stubble,,,,
2661,KINNABULLA_S3_P2312_R2,2023,12,14,,,,,,,,,,,,,,,,,,0.4L/ha applied overall site knockdown to control summer weeds (+2% Liase =  liquid adjuvant),kinnabulla,herbicide,2023-12-14,11.0,3.38,0.0,,,,,,,Ester,L,0.4,
2662,KINNABULLA_S3_P2312_R2,2023,12,14,,,,,,,,,,,,,,,,,,2.5L/ha applied overall site knockdown to control summer weeds,kinnabulla,herbicide,2023-12-14,11.0,11.25,0.0,,,,,,,Glyphosate,L,2.5,
2663,KINNABULLA_S3_P2312_R2,2024,1,18,,,,,,,,,,,,,,,,,,"2.5L/ha applied overall site knockdown to control summer weeds (heliotrope and odd thistle), vol. crop (wheat, barley, canola, radish, lentil)",kinnabulla,herbicide,2024-01-18,11.0,11.25,0.0,,,,,,,Glyphosate,L,2.5,
2664,KINNABULLA_S3_P2312_R3,2023,5,3,,,,,,,,,,,,,,,,,,0.8L/ha applied at sowing,kinnabulla,herbicide,2023-05-03,11.0,12.0,0.0,,,,,,,Terbyne xtreme,L,0.8,
2665,KINNABULLA_S3_P2312_R3,2023,5,3,,,,,,,,,,,,,,,,,,1.1L/ha applied at sowing,kinnabulla,herbicide,2023-05-03,11.0,27.500000000000004,0.0,,,,,,,Ultro,L,1.1,
2666,KINNABULLA_S3_P2312_R3,2023,5,23,,,,,,,,,,,,,,,,,,1.5L/ha applied at sowing,kinnabulla,herbicide,2023-05-23,11.0,12.0,0.0,,,,,,,Trifluralin,L,1.5,
2667,KINNABULLA_S3_P2312_R3,2023,5,23,,,,,,,,,,,,,,,,,,2L/ha applied at sowing,kinnabulla,herbicide,2023-05-23,11.0,34.0,0.0,,,,,,,Avadex,L,2.0,
2668,KINNABULLA_S3_P2312_R3,2023,5,23,,,,,,,,,,,,,,,,,,3L/ha applied at sowing,kinnabulla,herbicide,2023-05-23,11.0,13.5,0.0,,,,,,,Glyphosate 450,L,3.0,
2669,KINNABULLA_S3_P2312_R3,2023,5,23,,,,,,,,,,,,,,,,,,"60kg/ha applied at sowing (W, B, L)",kinnabulla,fertiliser,2023-05-23,8.5,38.4,0.0,,,,,,,Granulock SZ,kg,60.0,
2670,KINNABULLA_S3_P2312_R3,2023,5,23,lentil,,,gia thunder,,,True,,,sale,120.0,,,30.0,,,On-time,,kinnabulla,sowing,2023-05-23,50.0,0.0,0.0,,,,,,,,,,
2671,KINNABULLA_S3_P2312_R3,2023,7,10,,,,,,,,,,,,,,,,,,"0.12L/ha applied to all crop types to control the movement of pests back into pulse crops, could also more intro cereal crops and cause damage, 1-4 node. lucerne flea targeting vetch and lentil.",kinnabulla,pesticide,2023-07-10,11.0,4.32,0.0,,,,,,,Le-mat,L,0.12,insects
2672,KINNABULLA_S3_P2312_R3,2023,7,26,,,,,,,,,,,,,,,,,,"0.18L/ha applied to grass weed control, targeting brome grass & ryegrass, 2-4 node (+2% Liase = liquid adjuvant) (+0.5% Uptake = wetting agent)",kinnabulla,herbicide,2023-07-26,11.0,24.3,0.0,,,,,,,Factor,L,0.18,
2673,KINNABULLA_S3_P2312_R3,2023,7,26,,,,,,,,,,,,,,,,,,"grass weed control, targeting brome grass & ryegrass, 2-4 node",kinnabulla,herbicide,2023-07-26,11.0,3.3,0.0,,,,,,,Haloxyfop,L,0.075,
2674,KINNABULLA_S3_P2312_R3,2023,7,26,,,,,,,,,,,,,,,,,,"grass weed control, targeting brome grass & ryegrass, 2-4 node",kinnabulla,herbicide,2023-07-26,11.0,10.25,0.0,,,,,,,Clethodim 360,L,0.5,
2675,KINNABULLA_S3_P2312_R3,2023,8,2,,,,,,,,,,,,,,,,,,0.5L/ha applied to lentils and vetch (canopy closure) - botrytis and ascochyta,kinnabulla,fungicide,2023-08-02,11.0,27.25,0.0,,,,,,,Aviator Xpro,L,0.5,
2676,KINNABULLA_S3_P2312_R3,2023,10,9,,,,,,,,,,,,,,,,,,0.3L/ha applied in pulses to control grubs - podding,kinnabulla,pesticide,2023-10-09,11.0,2.952,0.0,,,,,,,Sumi-alpha flex,L,0.3,faw
2677,KINNABULLA_S3_P2312_R3,2023,11,17,,,,,,,,,,,,,,,,,,"3L/ha applied to desiccate for late season weed control, bring all crop types in together for harvest (+0.16% BS1000 = wetting agent)",kinnabulla,herbicide,2023-11-17,11.0,45.0,0.0,,,,,,,Diquat,L,3.0,
2678,KINNABULLA_S3_P2312_R3,2023,12,7,lentil,,,,,,,,,,,,,,,,,,kinnabulla,termination,2023-12-07,80.0,0.0,850.2,success,sale,1308.0,,,stubble,,,,
2679,KINNABULLA_S3_P2312_R3,2023,12,14,,,,,,,,,,,,,,,,,,0.4L/ha applied overall site knockdown to control summer weeds (+2% Liase =  liquid adjuvant),kinnabulla,herbicide,2023-12-14,11.0,3.38,0.0,,,,,,,Ester,L,0.4,
2680,KINNABULLA_S3_P2312_R3,2023,12,14,,,,,,,,,,,,,,,,,,2.5L/ha applied overall site knockdown to control summer weeds,kinnabulla,herbicide,2023-12-14,11.0,11.25,0.0,,,,,,,Glyphosate,L,2.5,
2681,KINNABULLA_S3_P2312_R3,2024,1,18,,,,,,,,,,,,,,,,,,"2.5L/ha applied overall site knockdown to control summer weeds (heliotrope and odd thistle), vol. crop (wheat, barley, canola, radish, lentil)",kinnabulla,herbicide,2024-01-18,11.0,11.25,0.0,,,,,,,Glyphosate,L,2.5,
2682,KINNABULLA_S3_P3123_R1,2023,5,23,,,,,,,,,,,,,,,,,,1.5L/ha applied at sowing,kinnabulla,herbicide,2023-05-23,11.0,12.0,0.0,,,,,,,Trifluralin,L,1.5,
2683,KINNABULLA_S3_P3123_R1,2023,5,23,,,,,,,,,,,,,,,,,,2L/ha applied at sowing,kinnabulla,herbicide,2023-05-23,11.0,34.0,0.0,,,,,,,Avadex,L,2.0,
2684,KINNABULLA_S3_P3123_R1,2023,5,23,,,,,,,,,,,,,,,,,,3L/ha applied at sowing,kinnabulla,herbicide,2023-05-23,11.0,13.5,0.0,,,,,,,Glyphosate 450,L,3.0,
2685,KINNABULLA_S3_P3123_R1,2023,5,23,,,,,,,,,,,,,,,,,,"60kg/ha applied at sowing (W, B, L)",kinnabulla,fertiliser,2023-05-23,8.5,38.4,0.0,,,,,,,Granulock SZ,kg,60.0,
2686,KINNABULLA_S3_P3123_R1,2023,5,23,wheat,,,scepter,,,True,,,sale,130.0,,,30.0,,,On-time,,kinnabulla,sowing,2023-05-23,50.0,0.0,0.0,,,,,,,,,,
2687,KINNABULLA_S3_P3123_R1,2023,6,21,,,,,,,,,,,,,,,,,,257kg/ha top dressing - Wheat D5,kinnabulla,fertiliser,2023-06-21,8.5,128.5,0.0,,,,,,,Urea,kg,257.0,
2688,KINNABULLA_S3_P3123_R1,2023,7,10,,,,,,,,,,,,,,,,,,"0.12L/ha applied to all crop types to control the movement of pests back into pulse crops, could also more intro cereal crops and cause damage, 1-4 node. lucerne flea targeting vetch and lentil.",kinnabulla,pesticide,2023-07-10,11.0,4.32,0.0,,,,,,,Le-mat,L,0.12,insects
2689,KINNABULLA_S3_P3123_R1,2023,7,26,,,,,,,,,,,,,,,,,,"0.025L/ha applied to broadleaf weed control, targeting broadleaf weeds and vol lentils, GS13 (+0.5% uptake = wetting agent)
 *note - spray damage in wheat treatments",kinnabulla,herbicide,2023-07-26,11.0,12.25,0.0,,,,,,,Paradigm,L,0.025,
2690,KINNABULLA_S3_P3123_R1,2023,7,26,,,,,,,,,,,,,,,,,,"0.5L/ha applied to broadleaf weed control, targeting broadleaf weeds and vol lentils, GS13.
 *note - spray damage in wheat treatments",kinnabulla,herbicide,2023-07-26,11.0,4.07,0.0,,,,,,,MCPA LVE,L,0.5,
2691,KINNABULLA_S3_P3123_R1,2023,11,17,,,,,,,,,,,,,,,,,,"3L/ha applied to desiccate for late season weed control, bring all crop types in together for harvest (+0.16% BS1000 = wetting agent)",kinnabulla,herbicide,2023-11-17,11.0,45.0,0.0,,,,,,,Diquat,L,3.0,
2692,KINNABULLA_S3_P3123_R1,2023,12,7,wheat,,,,,,,,,,,,,,,,,,kinnabulla,termination,2023-12-07,80.0,0.0,1618.3200000000002,success,sale,4904.0,,,stubble,,,,
2693,KINNABULLA_S3_P3123_R1,2023,12,14,,,,,,,,,,,,,,,,,,0.4L/ha applied overall site knockdown to control summer weeds (+2% Liase =  liquid adjuvant),kinnabulla,herbicide,2023-12-14,11.0,3.38,0.0,,,,,,,Ester,L,0.4,
2694,KINNABULLA_S3_P3123_R1,2023,12,14,,,,,,,,,,,,,,,,,,2.5L/ha applied overall site knockdown to control summer weeds,kinnabulla,herbicide,2023-12-14,11.0,11.25,0.0,,,,,,,Glyphosate,L,2.5,
2695,KINNABULLA_S3_P3123_R1,2024,1,18,,,,,,,,,,,,,,,,,,"2.5L/ha applied overall site knockdown to control summer weeds (heliotrope and odd thistle), vol. crop (wheat, barley, canola, radish, lentil)",kinnabulla,herbicide,2024-01-18,11.0,11.25,0.0,,,,,,,Glyphosate,L,2.5,
2696,KINNABULLA_S3_P3123_R2,2023,5,23,,,,,,,,,,,,,,,,,,1.5L/ha applied at sowing,kinnabulla,herbicide,2023-05-23,11.0,12.0,0.0,,,,,,,Trifluralin,L,1.5,
2697,KINNABULLA_S3_P3123_R2,2023,5,23,,,,,,,,,,,,,,,,,,2L/ha applied at sowing,kinnabulla,herbicide,2023-05-23,11.0,34.0,0.0,,,,,,,Avadex,L,2.0,
2698,KINNABULLA_S3_P3123_R2,2023,5,23,,,,,,,,,,,,,,,,,,3L/ha applied at sowing,kinnabulla,herbicide,2023-05-23,11.0,13.5,0.0,,,,,,,Glyphosate 450,L,3.0,
2699,KINNABULLA_S3_P3123_R2,2023,5,23,,,,,,,,,,,,,,,,,,"60kg/ha applied at sowing (W, B, L)",kinnabulla,fertiliser,2023-05-23,8.5,38.4,0.0,,,,,,,Granulock SZ,kg,60.0,
2700,KINNABULLA_S3_P3123_R2,2023,5,23,wheat,,,scepter,,,True,,,sale,130.0,,,30.0,,,On-time,,kinnabulla,sowing,2023-05-23,50.0,0.0,0.0,,,,,,,,,,
2701,KINNABULLA_S3_P3123_R2,2023,6,21,,,,,,,,,,,,,,,,,,257kg/ha top dressing - Wheat D5,kinnabulla,fertiliser,2023-06-21,8.5,128.5,0.0,,,,,,,Urea,kg,257.0,
2702,KINNABULLA_S3_P3123_R2,2023,7,10,,,,,,,,,,,,,,,,,,"0.12L/ha applied to all crop types to control the movement of pests back into pulse crops, could also more intro cereal crops and cause damage, 1-4 node. lucerne flea targeting vetch and lentil.",kinnabulla,pesticide,2023-07-10,11.0,4.32,0.0,,,,,,,Le-mat,L,0.12,insects
2703,KINNABULLA_S3_P3123_R2,2023,7,26,,,,,,,,,,,,,,,,,,"0.025L/ha applied to broadleaf weed control, targeting broadleaf weeds and vol lentils, GS13 (+0.5% uptake = wetting agent)
 *note - spray damage in wheat treatments",kinnabulla,herbicide,2023-07-26,11.0,12.25,0.0,,,,,,,Paradigm,L,0.025,
2704,KINNABULLA_S3_P3123_R2,2023,7,26,,,,,,,,,,,,,,,,,,"0.5L/ha applied to broadleaf weed control, targeting broadleaf weeds and vol lentils, GS13.
 *note - spray damage in wheat treatments",kinnabulla,herbicide,2023-07-26,11.0,4.07,0.0,,,,,,,MCPA LVE,L,0.5,
2705,KINNABULLA_S3_P3123_R2,2023,11,17,,,,,,,,,,,,,,,,,,"3L/ha applied to desiccate for late season weed control, bring all crop types in together for harvest (+0.16% BS1000 = wetting agent)",kinnabulla,herbicide,2023-11-17,11.0,45.0,0.0,,,,,,,Diquat,L,3.0,
2706,KINNABULLA_S3_P3123_R2,2023,12,7,wheat,,,,,,,,,,,,,,,,,,kinnabulla,termination,2023-12-07,80.0,0.0,1534.8300000000002,success,sale,4651.0,,,stubble,,,,
2707,KINNABULLA_S3_P3123_R2,2023,12,14,,,,,,,,,,,,,,,,,,0.4L/ha applied overall site knockdown to control summer weeds (+2% Liase =  liquid adjuvant),kinnabulla,herbicide,2023-12-14,11.0,3.38,0.0,,,,,,,Ester,L,0.4,
2708,KINNABULLA_S3_P3123_R2,2023,12,14,,,,,,,,,,,,,,,,,,2.5L/ha applied overall site knockdown to control summer weeds,kinnabulla,herbicide,2023-12-14,11.0,11.25,0.0,,,,,,,Glyphosate,L,2.5,
2709,KINNABULLA_S3_P3123_R2,2024,1,18,,,,,,,,,,,,,,,,,,"2.5L/ha applied overall site knockdown to control summer weeds (heliotrope and odd thistle), vol. crop (wheat, barley, canola, radish, lentil)",kinnabulla,herbicide,2024-01-18,11.0,11.25,0.0,,,,,,,Glyphosate,L,2.5,
2710,KINNABULLA_S3_P3123_R3,2023,5,23,,,,,,,,,,,,,,,,,,1.5L/ha applied at sowing,kinnabulla,herbicide,2023-05-23,11.0,12.0,0.0,,,,,,,Trifluralin,L,1.5,
2711,KINNABULLA_S3_P3123_R3,2023,5,23,,,,,,,,,,,,,,,,,,2L/ha applied at sowing,kinnabulla,herbicide,2023-05-23,11.0,34.0,0.0,,,,,,,Avadex,L,2.0,
2712,KINNABULLA_S3_P3123_R3,2023,5,23,,,,,,,,,,,,,,,,,,3L/ha applied at sowing,kinnabulla,herbicide,2023-05-23,11.0,13.5,0.0,,,,,,,Glyphosate 450,L,3.0,
2713,KINNABULLA_S3_P3123_R3,2023,5,23,,,,,,,,,,,,,,,,,,"60kg/ha applied at sowing (W, B, L)",kinnabulla,fertiliser,2023-05-23,8.5,38.4,0.0,,,,,,,Granulock SZ,kg,60.0,
2714,KINNABULLA_S3_P3123_R3,2023,5,23,wheat,,,scepter,,,True,,,sale,130.0,,,30.0,,,On-time,,kinnabulla,sowing,2023-05-23,50.0,0.0,0.0,,,,,,,,,,
2715,KINNABULLA_S3_P3123_R3,2023,6,21,,,,,,,,,,,,,,,,,,257kg/ha top dressing - Wheat D5,kinnabulla,fertiliser,2023-06-21,8.5,128.5,0.0,,,,,,,Urea,kg,257.0,
2716,KINNABULLA_S3_P3123_R3,2023,7,10,,,,,,,,,,,,,,,,,,"0.12L/ha applied to all crop types to control the movement of pests back into pulse crops, could also more intro cereal crops and cause damage, 1-4 node. lucerne flea targeting vetch and lentil.",kinnabulla,pesticide,2023-07-10,11.0,4.32,0.0,,,,,,,Le-mat,L,0.12,insects
2717,KINNABULLA_S3_P3123_R3,2023,7,26,,,,,,,,,,,,,,,,,,"0.025L/ha applied to broadleaf weed control, targeting broadleaf weeds and vol lentils, GS13 (+0.5% uptake = wetting agent)
 *note - spray damage in wheat treatments",kinnabulla,herbicide,2023-07-26,11.0,12.25,0.0,,,,,,,Paradigm,L,0.025,
2718,KINNABULLA_S3_P3123_R3,2023,7,26,,,,,,,,,,,,,,,,,,"0.5L/ha applied to broadleaf weed control, targeting broadleaf weeds and vol lentils, GS13.
 *note - spray damage in wheat treatments",kinnabulla,herbicide,2023-07-26,11.0,4.07,0.0,,,,,,,MCPA LVE,L,0.5,
2719,KINNABULLA_S3_P3123_R3,2023,11,17,,,,,,,,,,,,,,,,,,"3L/ha applied to desiccate for late season weed control, bring all crop types in together for harvest (+0.16% BS1000 = wetting agent)",kinnabulla,herbicide,2023-11-17,11.0,45.0,0.0,,,,,,,Diquat,L,3.0,
2720,KINNABULLA_S3_P3123_R3,2023,12,7,wheat,,,,,,,,,,,,,,,,,,kinnabulla,termination,2023-12-07,80.0,0.0,1536.48,success,sale,4656.0,,,stubble,,,,
2721,KINNABULLA_S3_P3123_R3,2023,12,14,,,,,,,,,,,,,,,,,,0.4L/ha applied overall site knockdown to control summer weeds (+2% Liase =  liquid adjuvant),kinnabulla,herbicide,2023-12-14,11.0,3.38,0.0,,,,,,,Ester,L,0.4,
2722,KINNABULLA_S3_P3123_R3,2023,12,14,,,,,,,,,,,,,,,,,,2.5L/ha applied overall site knockdown to control summer weeds,kinnabulla,herbicide,2023-12-14,11.0,11.25,0.0,,,,,,,Glyphosate,L,2.5,
2723,KINNABULLA_S3_P3123_R3,2024,1,18,,,,,,,,,,,,,,,,,,"2.5L/ha applied overall site knockdown to control summer weeds (heliotrope and odd thistle), vol. crop (wheat, barley, canola, radish, lentil)",kinnabulla,herbicide,2024-01-18,11.0,11.25,0.0,,,,,,,Glyphosate,L,2.5,
2724,KINNABULLA_S4_P1234_R1,2023,5,3,,,,,,,,,,,,,,,,,,0.8L/ha applied at sowing,kinnabulla,herbicide,2023-05-03,11.0,12.0,0.0,,,,,,,Terbyne xtreme,L,0.8,
2725,KINNABULLA_S4_P1234_R1,2023,5,3,,,,,,,,,,,,,,,,,,1.1L/ha applied at sowing,kinnabulla,herbicide,2023-05-03,11.0,27.500000000000004,0.0,,,,,,,Ultro,L,1.1,
2726,KINNABULLA_S4_P1234_R1,2023,5,23,,,,,,,,,,,,,,,,,,1.5L/ha applied at sowing,kinnabulla,herbicide,2023-05-23,11.0,12.0,0.0,,,,,,,Trifluralin,L,1.5,
2727,KINNABULLA_S4_P1234_R1,2023,5,23,,,,,,,,,,,,,,,,,,2L/ha applied at sowing,kinnabulla,herbicide,2023-05-23,11.0,34.0,0.0,,,,,,,Avadex,L,2.0,
2728,KINNABULLA_S4_P1234_R1,2023,5,23,,,,,,,,,,,,,,,,,,3L/ha applied at sowing,kinnabulla,herbicide,2023-05-23,11.0,13.5,0.0,,,,,,,Glyphosate 450,L,3.0,
2729,KINNABULLA_S4_P1234_R1,2023,5,23,,,,,,,,,,,,,,,,,,"60kg/ha applied at sowing (W, B, L)",kinnabulla,fertiliser,2023-05-23,8.5,38.4,0.0,,,,,,,Granulock SZ,kg,60.0,
2730,KINNABULLA_S4_P1234_R1,2023,5,23,lentil,,,gia thunder,,,True,,,sale,120.0,,,30.0,,,On-time,,kinnabulla,sowing,2023-05-23,50.0,0.0,0.0,,,,,,,,,,
2731,KINNABULLA_S4_P1234_R1,2023,7,10,,,,,,,,,,,,,,,,,,"0.12L/ha applied to all crop types to control the movement of pests back into pulse crops, could also more intro cereal crops and cause damage, 1-4 node. lucerne flea targeting vetch and lentil.",kinnabulla,pesticide,2023-07-10,11.0,4.32,0.0,,,,,,,Le-mat,L,0.12,insects
2732,KINNABULLA_S4_P1234_R1,2023,7,26,,,,,,,,,,,,,,,,,,"0.18L/ha applied to grass weed control, targeting brome grass & ryegrass, 2-4 node (+2% Liase = liquid adjuvant) (+0.5% Uptake = wetting agent)",kinnabulla,herbicide,2023-07-26,11.0,24.3,0.0,,,,,,,Factor,L,0.18,
2733,KINNABULLA_S4_P1234_R1,2023,7,26,,,,,,,,,,,,,,,,,,"grass weed control, targeting brome grass & ryegrass, 2-4 node",kinnabulla,herbicide,2023-07-26,11.0,3.3,0.0,,,,,,,Haloxyfop,L,0.075,
2734,KINNABULLA_S4_P1234_R1,2023,7,26,,,,,,,,,,,,,,,,,,"grass weed control, targeting brome grass & ryegrass, 2-4 node",kinnabulla,herbicide,2023-07-26,11.0,10.25,0.0,,,,,,,Clethodim 360,L,0.5,
2735,KINNABULLA_S4_P1234_R1,2023,8,2,,,,,,,,,,,,,,,,,,0.5L/ha applied to lentils and vetch (canopy closure) - botrytis and ascochyta,kinnabulla,fungicide,2023-08-02,11.0,27.25,0.0,,,,,,,Aviator Xpro,L,0.5,
2736,KINNABULLA_S4_P1234_R1,2023,10,9,,,,,,,,,,,,,,,,,,0.3L/ha applied in pulses to control grubs - podding,kinnabulla,pesticide,2023-10-09,11.0,2.952,0.0,,,,,,,Sumi-alpha flex,L,0.3,faw
2737,KINNABULLA_S4_P1234_R1,2023,11,17,,,,,,,,,,,,,,,,,,"3L/ha applied to desiccate for late season weed control, bring all crop types in together for harvest (+0.16% BS1000 = wetting agent)",kinnabulla,herbicide,2023-11-17,11.0,45.0,0.0,,,,,,,Diquat,L,3.0,
2738,KINNABULLA_S4_P1234_R1,2023,12,7,lentil,,,,,,,,,,,,,,,,,,kinnabulla,termination,2023-12-07,80.0,0.0,770.9,success,sale,1186.0,,,stubble,,,,
2739,KINNABULLA_S4_P1234_R1,2023,12,14,,,,,,,,,,,,,,,,,,0.4L/ha applied overall site knockdown to control summer weeds (+2% Liase =  liquid adjuvant),kinnabulla,herbicide,2023-12-14,11.0,3.38,0.0,,,,,,,Ester,L,0.4,
2740,KINNABULLA_S4_P1234_R1,2023,12,14,,,,,,,,,,,,,,,,,,2.5L/ha applied overall site knockdown to control summer weeds,kinnabulla,herbicide,2023-12-14,11.0,11.25,0.0,,,,,,,Glyphosate,L,2.5,
2741,KINNABULLA_S4_P1234_R1,2024,1,18,,,,,,,,,,,,,,,,,,"2.5L/ha applied overall site knockdown to control summer weeds (heliotrope and odd thistle), vol. crop (wheat, barley, canola, radish, lentil)",kinnabulla,herbicide,2024-01-18,11.0,11.25,0.0,,,,,,,Glyphosate,L,2.5,
2742,KINNABULLA_S4_P1234_R2,2023,5,3,,,,,,,,,,,,,,,,,,0.8L/ha applied at sowing,kinnabulla,herbicide,2023-05-03,11.0,12.0,0.0,,,,,,,Terbyne xtreme,L,0.8,
2743,KINNABULLA_S4_P1234_R2,2023,5,3,,,,,,,,,,,,,,,,,,1.1L/ha applied at sowing,kinnabulla,herbicide,2023-05-03,11.0,27.500000000000004,0.0,,,,,,,Ultro,L,1.1,
2744,KINNABULLA_S4_P1234_R2,2023,5,23,,,,,,,,,,,,,,,,,,1.5L/ha applied at sowing,kinnabulla,herbicide,2023-05-23,11.0,12.0,0.0,,,,,,,Trifluralin,L,1.5,
2745,KINNABULLA_S4_P1234_R2,2023,5,23,,,,,,,,,,,,,,,,,,2L/ha applied at sowing,kinnabulla,herbicide,2023-05-23,11.0,34.0,0.0,,,,,,,Avadex,L,2.0,
2746,KINNABULLA_S4_P1234_R2,2023,5,23,,,,,,,,,,,,,,,,,,3L/ha applied at sowing,kinnabulla,herbicide,2023-05-23,11.0,13.5,0.0,,,,,,,Glyphosate 450,L,3.0,
2747,KINNABULLA_S4_P1234_R2,2023,5,23,,,,,,,,,,,,,,,,,,"60kg/ha applied at sowing (W, B, L)",kinnabulla,fertiliser,2023-05-23,8.5,38.4,0.0,,,,,,,Granulock SZ,kg,60.0,
2748,KINNABULLA_S4_P1234_R2,2023,5,23,lentil,,,gia thunder,,,True,,,sale,120.0,,,30.0,,,On-time,,kinnabulla,sowing,2023-05-23,50.0,0.0,0.0,,,,,,,,,,
2749,KINNABULLA_S4_P1234_R2,2023,7,10,,,,,,,,,,,,,,,,,,"0.12L/ha applied to all crop types to control the movement of pests back into pulse crops, could also more intro cereal crops and cause damage, 1-4 node. lucerne flea targeting vetch and lentil.",kinnabulla,pesticide,2023-07-10,11.0,4.32,0.0,,,,,,,Le-mat,L,0.12,insects
2750,KINNABULLA_S4_P1234_R2,2023,7,26,,,,,,,,,,,,,,,,,,"0.18L/ha applied to grass weed control, targeting brome grass & ryegrass, 2-4 node (+2% Liase = liquid adjuvant) (+0.5% Uptake = wetting agent)",kinnabulla,herbicide,2023-07-26,11.0,24.3,0.0,,,,,,,Factor,L,0.18,
2751,KINNABULLA_S4_P1234_R2,2023,7,26,,,,,,,,,,,,,,,,,,"grass weed control, targeting brome grass & ryegrass, 2-4 node",kinnabulla,herbicide,2023-07-26,11.0,3.3,0.0,,,,,,,Haloxyfop,L,0.075,
2752,KINNABULLA_S4_P1234_R2,2023,7,26,,,,,,,,,,,,,,,,,,"grass weed control, targeting brome grass & ryegrass, 2-4 node",kinnabulla,herbicide,2023-07-26,11.0,10.25,0.0,,,,,,,Clethodim 360,L,0.5,
2753,KINNABULLA_S4_P1234_R2,2023,8,2,,,,,,,,,,,,,,,,,,0.5L/ha applied to lentils and vetch (canopy closure) - botrytis and ascochyta,kinnabulla,fungicide,2023-08-02,11.0,27.25,0.0,,,,,,,Aviator Xpro,L,0.5,
2754,KINNABULLA_S4_P1234_R2,2023,10,9,,,,,,,,,,,,,,,,,,0.3L/ha applied in pulses to control grubs - podding,kinnabulla,pesticide,2023-10-09,11.0,2.952,0.0,,,,,,,Sumi-alpha flex,L,0.3,faw
2755,KINNABULLA_S4_P1234_R2,2023,11,17,,,,,,,,,,,,,,,,,,"3L/ha applied to desiccate for late season weed control, bring all crop types in together for harvest (+0.16% BS1000 = wetting agent)",kinnabulla,herbicide,2023-11-17,11.0,45.0,0.0,,,,,,,Diquat,L,3.0,
2756,KINNABULLA_S4_P1234_R2,2023,12,7,lentil,,,,,,,,,,,,,,,,,,kinnabulla,termination,2023-12-07,80.0,0.0,940.5500000000001,success,sale,1447.0,,,stubble,,,,
2757,KINNABULLA_S4_P1234_R2,2023,12,14,,,,,,,,,,,,,,,,,,0.4L/ha applied overall site knockdown to control summer weeds (+2% Liase =  liquid adjuvant),kinnabulla,herbicide,2023-12-14,11.0,3.38,0.0,,,,,,,Ester,L,0.4,
2758,KINNABULLA_S4_P1234_R2,2023,12,14,,,,,,,,,,,,,,,,,,2.5L/ha applied overall site knockdown to control summer weeds,kinnabulla,herbicide,2023-12-14,11.0,11.25,0.0,,,,,,,Glyphosate,L,2.5,
2759,KINNABULLA_S4_P1234_R2,2024,1,18,,,,,,,,,,,,,,,,,,"2.5L/ha applied overall site knockdown to control summer weeds (heliotrope and odd thistle), vol. crop (wheat, barley, canola, radish, lentil)",kinnabulla,herbicide,2024-01-18,11.0,11.25,0.0,,,,,,,Glyphosate,L,2.5,
2760,KINNABULLA_S4_P1234_R3,2023,5,3,,,,,,,,,,,,,,,,,,0.8L/ha applied at sowing,kinnabulla,herbicide,2023-05-03,11.0,12.0,0.0,,,,,,,Terbyne xtreme,L,0.8,
2761,KINNABULLA_S4_P1234_R3,2023,5,3,,,,,,,,,,,,,,,,,,1.1L/ha applied at sowing,kinnabulla,herbicide,2023-05-03,11.0,27.500000000000004,0.0,,,,,,,Ultro,L,1.1,
2762,KINNABULLA_S4_P1234_R3,2023,5,23,,,,,,,,,,,,,,,,,,1.5L/ha applied at sowing,kinnabulla,herbicide,2023-05-23,11.0,12.0,0.0,,,,,,,Trifluralin,L,1.5,
2763,KINNABULLA_S4_P1234_R3,2023,5,23,,,,,,,,,,,,,,,,,,2L/ha applied at sowing,kinnabulla,herbicide,2023-05-23,11.0,34.0,0.0,,,,,,,Avadex,L,2.0,
2764,KINNABULLA_S4_P1234_R3,2023,5,23,,,,,,,,,,,,,,,,,,3L/ha applied at sowing,kinnabulla,herbicide,2023-05-23,11.0,13.5,0.0,,,,,,,Glyphosate 450,L,3.0,
2765,KINNABULLA_S4_P1234_R3,2023,5,23,,,,,,,,,,,,,,,,,,"60kg/ha applied at sowing (W, B, L)",kinnabulla,fertiliser,2023-05-23,8.5,38.4,0.0,,,,,,,Granulock SZ,kg,60.0,
2766,KINNABULLA_S4_P1234_R3,2023,5,23,lentil,,,gia thunder,,,True,,,sale,120.0,,,30.0,,,On-time,,kinnabulla,sowing,2023-05-23,50.0,0.0,0.0,,,,,,,,,,
2767,KINNABULLA_S4_P1234_R3,2023,7,10,,,,,,,,,,,,,,,,,,"0.12L/ha applied to all crop types to control the movement of pests back into pulse crops, could also more intro cereal crops and cause damage, 1-4 node. lucerne flea targeting vetch and lentil.",kinnabulla,pesticide,2023-07-10,11.0,4.32,0.0,,,,,,,Le-mat,L,0.12,insects
2768,KINNABULLA_S4_P1234_R3,2023,7,26,,,,,,,,,,,,,,,,,,"0.18L/ha applied to grass weed control, targeting brome grass & ryegrass, 2-4 node (+2% Liase = liquid adjuvant) (+0.5% Uptake = wetting agent)",kinnabulla,herbicide,2023-07-26,11.0,24.3,0.0,,,,,,,Factor,L,0.18,
2769,KINNABULLA_S4_P1234_R3,2023,7,26,,,,,,,,,,,,,,,,,,"grass weed control, targeting brome grass & ryegrass, 2-4 node",kinnabulla,herbicide,2023-07-26,11.0,3.3,0.0,,,,,,,Haloxyfop,L,0.075,
2770,KINNABULLA_S4_P1234_R3,2023,7,26,,,,,,,,,,,,,,,,,,"grass weed control, targeting brome grass & ryegrass, 2-4 node",kinnabulla,herbicide,2023-07-26,11.0,10.25,0.0,,,,,,,Clethodim 360,L,0.5,
2771,KINNABULLA_S4_P1234_R3,2023,8,2,,,,,,,,,,,,,,,,,,0.5L/ha applied to lentils and vetch (canopy closure) - botrytis and ascochyta,kinnabulla,fungicide,2023-08-02,11.0,27.25,0.0,,,,,,,Aviator Xpro,L,0.5,
2772,KINNABULLA_S4_P1234_R3,2023,10,9,,,,,,,,,,,,,,,,,,0.3L/ha applied in pulses to control grubs - podding,kinnabulla,pesticide,2023-10-09,11.0,2.952,0.0,,,,,,,Sumi-alpha flex,L,0.3,faw
2773,KINNABULLA_S4_P1234_R3,2023,11,17,,,,,,,,,,,,,,,,,,"3L/ha applied to desiccate for late season weed control, bring all crop types in together for harvest (+0.16% BS1000 = wetting agent)",kinnabulla,herbicide,2023-11-17,11.0,45.0,0.0,,,,,,,Diquat,L,3.0,
2774,KINNABULLA_S4_P1234_R3,2023,12,7,lentil,,,,,,,,,,,,,,,,,,kinnabulla,termination,2023-12-07,80.0,0.0,895.0500000000001,success,sale,1377.0,,,stubble,,,,
2775,KINNABULLA_S4_P1234_R3,2023,12,14,,,,,,,,,,,,,,,,,,0.4L/ha applied overall site knockdown to control summer weeds (+2% Liase =  liquid adjuvant),kinnabulla,herbicide,2023-12-14,11.0,3.38,0.0,,,,,,,Ester,L,0.4,
2776,KINNABULLA_S4_P1234_R3,2023,12,14,,,,,,,,,,,,,,,,,,2.5L/ha applied overall site knockdown to control summer weeds,kinnabulla,herbicide,2023-12-14,11.0,11.25,0.0,,,,,,,Glyphosate,L,2.5,
2777,KINNABULLA_S4_P1234_R3,2024,1,18,,,,,,,,,,,,,,,,,,"2.5L/ha applied overall site knockdown to control summer weeds (heliotrope and odd thistle), vol. crop (wheat, barley, canola, radish, lentil)",kinnabulla,herbicide,2024-01-18,11.0,11.25,0.0,,,,,,,Glyphosate,L,2.5,
2778,KINNABULLA_S4_P2341_R1,2023,5,3,,,,,,,,,,,,,,,,,,1.5L/ha applied at sowing,kinnabulla,herbicide,2023-05-03,11.0,12.0,0.0,,,,,,,Trifluralin,L,1.5,
2779,KINNABULLA_S4_P2341_R1,2023,5,3,,,,,,,,,,,,,,,,,,1L/ha applied at sowing,kinnabulla,herbicide,2023-05-03,11.0,21.8,0.0,,,,,,,Propyzamide,L,1.0,
2780,KINNABULLA_S4_P2341_R1,2023,5,3,,,,,,,,,,,,,,,,,,1L/ha applied at sowing,kinnabulla,herbicide,2023-05-03,11.0,51.19287671232877,0.0,,,,,,,Pyrinex Super,L,1.0,
2781,KINNABULLA_S4_P2341_R1,2023,5,3,,,,,,,,,,,,,,,,,,2L/ha applied at sowing,kinnabulla,herbicide,2023-05-03,11.0,34.0,0.0,,,,,,,Avadex,L,2.0,
2782,KINNABULLA_S4_P2341_R1,2023,5,3,,,,,,,,,,,,,,,,,,"60kg/ha applied at sowing (C, Vt, TR, TR+Vt)",kinnabulla,fertiliser,2023-05-03,8.5,38.4,0.0,,,,,,,Granulock SZ,kg,60.0,
2783,KINNABULLA_S4_P2341_R1,2023,5,3,canola,,,44y94cl,,,True,,,sale,40.0,,,15.0,,,On-time,,kinnabulla,sowing,2023-05-03,50.0,0.0,0.0,,,,,,,,,,
2784,KINNABULLA_S4_P2341_R1,2023,6,21,,,,,,,,,,,,,,,,,,"487kg/ha top dressing - Canola D5, RC1, RC3",kinnabulla,fertiliser,2023-06-21,8.5,243.5,0.0,,,,,,,Urea,kg,487.0,
2785,KINNABULLA_S4_P2341_R1,2023,7,10,,,,,,,,,,,,,,,,,,"0.12L/ha applied to all crop types to control the movement of pests back into pulse crops, could also more intro cereal crops and cause damage, 1-4 node. lucerne flea targeting vetch and lentil.",kinnabulla,pesticide,2023-07-10,11.0,4.32,0.0,,,,,,,Le-mat,L,0.12,insects
2786,KINNABULLA_S4_P2341_R1,2023,11,17,,,,,,,,,,,,,,,,,,"3L/ha applied to desiccate for late season weed control, bring all crop types in together for harvest (+0.16% BS1000 = wetting agent)",kinnabulla,herbicide,2023-11-17,11.0,45.0,0.0,,,,,,,Diquat,L,3.0,
2787,KINNABULLA_S4_P2341_R1,2023,12,7,canola,,,,,,,,,,,,,,,,,,kinnabulla,termination,2023-12-07,80.0,0.0,1077.926,success,sale,1733.0,,,stubble,,,,
2788,KINNABULLA_S4_P2341_R1,2023,12,14,,,,,,,,,,,,,,,,,,0.4L/ha applied overall site knockdown to control summer weeds (+2% Liase =  liquid adjuvant),kinnabulla,herbicide,2023-12-14,11.0,3.38,0.0,,,,,,,Ester,L,0.4,
2789,KINNABULLA_S4_P2341_R1,2023,12,14,,,,,,,,,,,,,,,,,,2.5L/ha applied overall site knockdown to control summer weeds,kinnabulla,herbicide,2023-12-14,11.0,11.25,0.0,,,,,,,Glyphosate,L,2.5,
2790,KINNABULLA_S4_P2341_R1,2024,1,18,,,,,,,,,,,,,,,,,,"2.5L/ha applied overall site knockdown to control summer weeds (heliotrope and odd thistle), vol. crop (wheat, barley, canola, radish, lentil)",kinnabulla,herbicide,2024-01-18,11.0,11.25,0.0,,,,,,,Glyphosate,L,2.5,
2791,KINNABULLA_S4_P2341_R2,2023,5,3,,,,,,,,,,,,,,,,,,1.5L/ha applied at sowing,kinnabulla,herbicide,2023-05-03,11.0,12.0,0.0,,,,,,,Trifluralin,L,1.5,
2792,KINNABULLA_S4_P2341_R2,2023,5,3,,,,,,,,,,,,,,,,,,1L/ha applied at sowing,kinnabulla,herbicide,2023-05-03,11.0,21.8,0.0,,,,,,,Propyzamide,L,1.0,
2793,KINNABULLA_S4_P2341_R2,2023,5,3,,,,,,,,,,,,,,,,,,1L/ha applied at sowing,kinnabulla,herbicide,2023-05-03,11.0,51.19287671232877,0.0,,,,,,,Pyrinex Super,L,1.0,
2794,KINNABULLA_S4_P2341_R2,2023,5,3,,,,,,,,,,,,,,,,,,2L/ha applied at sowing,kinnabulla,herbicide,2023-05-03,11.0,34.0,0.0,,,,,,,Avadex,L,2.0,
2795,KINNABULLA_S4_P2341_R2,2023,5,3,,,,,,,,,,,,,,,,,,"60kg/ha applied at sowing (C, Vt, TR, TR+Vt)",kinnabulla,fertiliser,2023-05-03,8.5,38.4,0.0,,,,,,,Granulock SZ,kg,60.0,
2796,KINNABULLA_S4_P2341_R2,2023,5,3,canola,,,44y94cl,,,True,,,sale,40.0,,,15.0,,,On-time,,kinnabulla,sowing,2023-05-03,50.0,0.0,0.0,,,,,,,,,,
2797,KINNABULLA_S4_P2341_R2,2023,6,21,,,,,,,,,,,,,,,,,,"487kg/ha top dressing - Canola D5, RC1, RC3",kinnabulla,fertiliser,2023-06-21,8.5,243.5,0.0,,,,,,,Urea,kg,487.0,
2798,KINNABULLA_S4_P2341_R2,2023,7,10,,,,,,,,,,,,,,,,,,"0.12L/ha applied to all crop types to control the movement of pests back into pulse crops, could also more intro cereal crops and cause damage, 1-4 node. lucerne flea targeting vetch and lentil.",kinnabulla,pesticide,2023-07-10,11.0,4.32,0.0,,,,,,,Le-mat,L,0.12,insects
2799,KINNABULLA_S4_P2341_R2,2023,11,17,,,,,,,,,,,,,,,,,,"3L/ha applied to desiccate for late season weed control, bring all crop types in together for harvest (+0.16% BS1000 = wetting agent)",kinnabulla,herbicide,2023-11-17,11.0,45.0,0.0,,,,,,,Diquat,L,3.0,
2800,KINNABULLA_S4_P2341_R2,2023,12,7,canola,,,,,,,,,,,,,,,,,,kinnabulla,termination,2023-12-07,80.0,0.0,974.674,success,sale,1567.0,,,stubble,,,,
2801,KINNABULLA_S4_P2341_R2,2023,12,14,,,,,,,,,,,,,,,,,,0.4L/ha applied overall site knockdown to control summer weeds (+2% Liase =  liquid adjuvant),kinnabulla,herbicide,2023-12-14,11.0,3.38,0.0,,,,,,,Ester,L,0.4,
2802,KINNABULLA_S4_P2341_R2,2023,12,14,,,,,,,,,,,,,,,,,,2.5L/ha applied overall site knockdown to control summer weeds,kinnabulla,herbicide,2023-12-14,11.0,11.25,0.0,,,,,,,Glyphosate,L,2.5,
2803,KINNABULLA_S4_P2341_R2,2024,1,18,,,,,,,,,,,,,,,,,,"2.5L/ha applied overall site knockdown to control summer weeds (heliotrope and odd thistle), vol. crop (wheat, barley, canola, radish, lentil)",kinnabulla,herbicide,2024-01-18,11.0,11.25,0.0,,,,,,,Glyphosate,L,2.5,
2804,KINNABULLA_S4_P2341_R3,2023,5,3,,,,,,,,,,,,,,,,,,1.5L/ha applied at sowing,kinnabulla,herbicide,2023-05-03,11.0,12.0,0.0,,,,,,,Trifluralin,L,1.5,
2805,KINNABULLA_S4_P2341_R3,2023,5,3,,,,,,,,,,,,,,,,,,1L/ha applied at sowing,kinnabulla,herbicide,2023-05-03,11.0,21.8,0.0,,,,,,,Propyzamide,L,1.0,
2806,KINNABULLA_S4_P2341_R3,2023,5,3,,,,,,,,,,,,,,,,,,1L/ha applied at sowing,kinnabulla,herbicide,2023-05-03,11.0,51.19287671232877,0.0,,,,,,,Pyrinex Super,L,1.0,
2807,KINNABULLA_S4_P2341_R3,2023,5,3,,,,,,,,,,,,,,,,,,2L/ha applied at sowing,kinnabulla,herbicide,2023-05-03,11.0,34.0,0.0,,,,,,,Avadex,L,2.0,
2808,KINNABULLA_S4_P2341_R3,2023,5,3,,,,,,,,,,,,,,,,,,"60kg/ha applied at sowing (C, Vt, TR, TR+Vt)",kinnabulla,fertiliser,2023-05-03,8.5,38.4,0.0,,,,,,,Granulock SZ,kg,60.0,
2809,KINNABULLA_S4_P2341_R3,2023,5,3,canola,,,44y94cl,,,True,,,sale,40.0,,,15.0,,,On-time,,kinnabulla,sowing,2023-05-03,50.0,0.0,0.0,,,,,,,,,,
2810,KINNABULLA_S4_P2341_R3,2023,6,21,,,,,,,,,,,,,,,,,,"487kg/ha top dressing - Canola D5, RC1, RC3",kinnabulla,fertiliser,2023-06-21,8.5,243.5,0.0,,,,,,,Urea,kg,487.0,
2811,KINNABULLA_S4_P2341_R3,2023,7,10,,,,,,,,,,,,,,,,,,"0.12L/ha applied to all crop types to control the movement of pests back into pulse crops, could also more intro cereal crops and cause damage, 1-4 node. lucerne flea targeting vetch and lentil.",kinnabulla,pesticide,2023-07-10,11.0,4.32,0.0,,,,,,,Le-mat,L,0.12,insects
2812,KINNABULLA_S4_P2341_R3,2023,11,17,,,,,,,,,,,,,,,,,,"3L/ha applied to desiccate for late season weed control, bring all crop types in together for harvest (+0.16% BS1000 = wetting agent)",kinnabulla,herbicide,2023-11-17,11.0,45.0,0.0,,,,,,,Diquat,L,3.0,
2813,KINNABULLA_S4_P2341_R3,2023,12,7,canola,,,,,,,,,,,,,,,,,,kinnabulla,termination,2023-12-07,80.0,0.0,1000.798,success,sale,1609.0,,,stubble,,,,
2814,KINNABULLA_S4_P2341_R3,2023,12,14,,,,,,,,,,,,,,,,,,0.4L/ha applied overall site knockdown to control summer weeds (+2% Liase =  liquid adjuvant),kinnabulla,herbicide,2023-12-14,11.0,3.38,0.0,,,,,,,Ester,L,0.4,
2815,KINNABULLA_S4_P2341_R3,2023,12,14,,,,,,,,,,,,,,,,,,2.5L/ha applied overall site knockdown to control summer weeds,kinnabulla,herbicide,2023-12-14,11.0,11.25,0.0,,,,,,,Glyphosate,L,2.5,
2816,KINNABULLA_S4_P2341_R3,2024,1,18,,,,,,,,,,,,,,,,,,"2.5L/ha applied overall site knockdown to control summer weeds (heliotrope and odd thistle), vol. crop (wheat, barley, canola, radish, lentil)",kinnabulla,herbicide,2024-01-18,11.0,11.25,0.0,,,,,,,Glyphosate,L,2.5,
2817,KINNABULLA_S4_P3412_R1,2023,5,23,,,,,,,,,,,,,,,,,,1.5L/ha applied at sowing,kinnabulla,herbicide,2023-05-23,11.0,12.0,0.0,,,,,,,Trifluralin,L,1.5,
2818,KINNABULLA_S4_P3412_R1,2023,5,23,,,,,,,,,,,,,,,,,,2L/ha applied at sowing,kinnabulla,herbicide,2023-05-23,11.0,34.0,0.0,,,,,,,Avadex,L,2.0,
2819,KINNABULLA_S4_P3412_R1,2023,5,23,,,,,,,,,,,,,,,,,,3L/ha applied at sowing,kinnabulla,herbicide,2023-05-23,11.0,13.5,0.0,,,,,,,Glyphosate 450,L,3.0,
2820,KINNABULLA_S4_P3412_R1,2023,5,23,,,,,,,,,,,,,,,,,,"60kg/ha applied at sowing (W, B, L)",kinnabulla,fertiliser,2023-05-23,8.5,38.4,0.0,,,,,,,Granulock SZ,kg,60.0,
2821,KINNABULLA_S4_P3412_R1,2023,5,23,wheat,,,scepter,,,True,,,sale,130.0,,,30.0,,,On-time,,kinnabulla,sowing,2023-05-23,50.0,0.0,0.0,,,,,,,,,,
2822,KINNABULLA_S4_P3412_R1,2023,6,21,,,,,,,,,,,,,,,,,,257kg/ha top dressing - Wheat D5,kinnabulla,fertiliser,2023-06-21,8.5,128.5,0.0,,,,,,,Urea,kg,257.0,
2823,KINNABULLA_S4_P3412_R1,2023,7,10,,,,,,,,,,,,,,,,,,"0.12L/ha applied to all crop types to control the movement of pests back into pulse crops, could also more intro cereal crops and cause damage, 1-4 node. lucerne flea targeting vetch and lentil.",kinnabulla,pesticide,2023-07-10,11.0,4.32,0.0,,,,,,,Le-mat,L,0.12,insects
2824,KINNABULLA_S4_P3412_R1,2023,7,26,,,,,,,,,,,,,,,,,,"0.025L/ha applied to broadleaf weed control, targeting broadleaf weeds and vol lentils, GS13 (+0.5% uptake = wetting agent)
 *note - spray damage in wheat treatments",kinnabulla,herbicide,2023-07-26,11.0,12.25,0.0,,,,,,,Paradigm,L,0.025,
2825,KINNABULLA_S4_P3412_R1,2023,7,26,,,,,,,,,,,,,,,,,,"0.5L/ha applied to broadleaf weed control, targeting broadleaf weeds and vol lentils, GS13.
 *note - spray damage in wheat treatments",kinnabulla,herbicide,2023-07-26,11.0,4.07,0.0,,,,,,,MCPA LVE,L,0.5,
2826,KINNABULLA_S4_P3412_R1,2023,11,17,,,,,,,,,,,,,,,,,,"3L/ha applied to desiccate for late season weed control, bring all crop types in together for harvest (+0.16% BS1000 = wetting agent)",kinnabulla,herbicide,2023-11-17,11.0,45.0,0.0,,,,,,,Diquat,L,3.0,
2827,KINNABULLA_S4_P3412_R1,2023,12,7,wheat,,,,,,,,,,,,,,,,,,kinnabulla,termination,2023-12-07,80.0,0.0,1759.5600000000002,success,sale,5332.0,,,stubble,,,,
2828,KINNABULLA_S4_P3412_R1,2023,12,14,,,,,,,,,,,,,,,,,,0.4L/ha applied overall site knockdown to control summer weeds (+2% Liase =  liquid adjuvant),kinnabulla,herbicide,2023-12-14,11.0,3.38,0.0,,,,,,,Ester,L,0.4,
2829,KINNABULLA_S4_P3412_R1,2023,12,14,,,,,,,,,,,,,,,,,,2.5L/ha applied overall site knockdown to control summer weeds,kinnabulla,herbicide,2023-12-14,11.0,11.25,0.0,,,,,,,Glyphosate,L,2.5,
2830,KINNABULLA_S4_P3412_R1,2024,1,18,,,,,,,,,,,,,,,,,,"2.5L/ha applied overall site knockdown to control summer weeds (heliotrope and odd thistle), vol. crop (wheat, barley, canola, radish, lentil)",kinnabulla,herbicide,2024-01-18,11.0,11.25,0.0,,,,,,,Glyphosate,L,2.5,
2831,KINNABULLA_S4_P3412_R2,2023,5,23,,,,,,,,,,,,,,,,,,1.5L/ha applied at sowing,kinnabulla,herbicide,2023-05-23,11.0,12.0,0.0,,,,,,,Trifluralin,L,1.5,
2832,KINNABULLA_S4_P3412_R2,2023,5,23,,,,,,,,,,,,,,,,,,2L/ha applied at sowing,kinnabulla,herbicide,2023-05-23,11.0,34.0,0.0,,,,,,,Avadex,L,2.0,
2833,KINNABULLA_S4_P3412_R2,2023,5,23,,,,,,,,,,,,,,,,,,3L/ha applied at sowing,kinnabulla,herbicide,2023-05-23,11.0,13.5,0.0,,,,,,,Glyphosate 450,L,3.0,
2834,KINNABULLA_S4_P3412_R2,2023,5,23,,,,,,,,,,,,,,,,,,"60kg/ha applied at sowing (W, B, L)",kinnabulla,fertiliser,2023-05-23,8.5,38.4,0.0,,,,,,,Granulock SZ,kg,60.0,
2835,KINNABULLA_S4_P3412_R2,2023,5,23,wheat,,,scepter,,,True,,,sale,130.0,,,30.0,,,On-time,,kinnabulla,sowing,2023-05-23,50.0,0.0,0.0,,,,,,,,,,
2836,KINNABULLA_S4_P3412_R2,2023,6,21,,,,,,,,,,,,,,,,,,257kg/ha top dressing - Wheat D5,kinnabulla,fertiliser,2023-06-21,8.5,128.5,0.0,,,,,,,Urea,kg,257.0,
2837,KINNABULLA_S4_P3412_R2,2023,7,10,,,,,,,,,,,,,,,,,,"0.12L/ha applied to all crop types to control the movement of pests back into pulse crops, could also more intro cereal crops and cause damage, 1-4 node. lucerne flea targeting vetch and lentil.",kinnabulla,pesticide,2023-07-10,11.0,4.32,0.0,,,,,,,Le-mat,L,0.12,insects
2838,KINNABULLA_S4_P3412_R2,2023,7,26,,,,,,,,,,,,,,,,,,"0.025L/ha applied to broadleaf weed control, targeting broadleaf weeds and vol lentils, GS13 (+0.5% uptake = wetting agent)
 *note - spray damage in wheat treatments",kinnabulla,herbicide,2023-07-26,11.0,12.25,0.0,,,,,,,Paradigm,L,0.025,
2839,KINNABULLA_S4_P3412_R2,2023,7,26,,,,,,,,,,,,,,,,,,"0.5L/ha applied to broadleaf weed control, targeting broadleaf weeds and vol lentils, GS13.
 *note - spray damage in wheat treatments",kinnabulla,herbicide,2023-07-26,11.0,4.07,0.0,,,,,,,MCPA LVE,L,0.5,
2840,KINNABULLA_S4_P3412_R2,2023,11,17,,,,,,,,,,,,,,,,,,"3L/ha applied to desiccate for late season weed control, bring all crop types in together for harvest (+0.16% BS1000 = wetting agent)",kinnabulla,herbicide,2023-11-17,11.0,45.0,0.0,,,,,,,Diquat,L,3.0,
2841,KINNABULLA_S4_P3412_R2,2023,12,7,wheat,,,,,,,,,,,,,,,,,,kinnabulla,termination,2023-12-07,80.0,0.0,1649.67,success,sale,4999.0,,,stubble,,,,
2842,KINNABULLA_S4_P3412_R2,2023,12,14,,,,,,,,,,,,,,,,,,0.4L/ha applied overall site knockdown to control summer weeds (+2% Liase =  liquid adjuvant),kinnabulla,herbicide,2023-12-14,11.0,3.38,0.0,,,,,,,Ester,L,0.4,
2843,KINNABULLA_S4_P3412_R2,2023,12,14,,,,,,,,,,,,,,,,,,2.5L/ha applied overall site knockdown to control summer weeds,kinnabulla,herbicide,2023-12-14,11.0,11.25,0.0,,,,,,,Glyphosate,L,2.5,
2844,KINNABULLA_S4_P3412_R2,2024,1,18,,,,,,,,,,,,,,,,,,"2.5L/ha applied overall site knockdown to control summer weeds (heliotrope and odd thistle), vol. crop (wheat, barley, canola, radish, lentil)",kinnabulla,herbicide,2024-01-18,11.0,11.25,0.0,,,,,,,Glyphosate,L,2.5,
2845,KINNABULLA_S4_P3412_R3,2023,5,23,,,,,,,,,,,,,,,,,,1.5L/ha applied at sowing,kinnabulla,herbicide,2023-05-23,11.0,12.0,0.0,,,,,,,Trifluralin,L,1.5,
2846,KINNABULLA_S4_P3412_R3,2023,5,23,,,,,,,,,,,,,,,,,,2L/ha applied at sowing,kinnabulla,herbicide,2023-05-23,11.0,34.0,0.0,,,,,,,Avadex,L,2.0,
2847,KINNABULLA_S4_P3412_R3,2023,5,23,,,,,,,,,,,,,,,,,,3L/ha applied at sowing,kinnabulla,herbicide,2023-05-23,11.0,13.5,0.0,,,,,,,Glyphosate 450,L,3.0,
2848,KINNABULLA_S4_P3412_R3,2023,5,23,,,,,,,,,,,,,,,,,,"60kg/ha applied at sowing (W, B, L)",kinnabulla,fertiliser,2023-05-23,8.5,38.4,0.0,,,,,,,Granulock SZ,kg,60.0,
2849,KINNABULLA_S4_P3412_R3,2023,5,23,wheat,,,scepter,,,True,,,sale,130.0,,,30.0,,,On-time,,kinnabulla,sowing,2023-05-23,50.0,0.0,0.0,,,,,,,,,,
2850,KINNABULLA_S4_P3412_R3,2023,6,21,,,,,,,,,,,,,,,,,,257kg/ha top dressing - Wheat D5,kinnabulla,fertiliser,2023-06-21,8.5,128.5,0.0,,,,,,,Urea,kg,257.0,
2851,KINNABULLA_S4_P3412_R3,2023,7,10,,,,,,,,,,,,,,,,,,"0.12L/ha applied to all crop types to control the movement of pests back into pulse crops, could also more intro cereal crops and cause damage, 1-4 node. lucerne flea targeting vetch and lentil.",kinnabulla,pesticide,2023-07-10,11.0,4.32,0.0,,,,,,,Le-mat,L,0.12,insects
2852,KINNABULLA_S4_P3412_R3,2023,7,26,,,,,,,,,,,,,,,,,,"0.025L/ha applied to broadleaf weed control, targeting broadleaf weeds and vol lentils, GS13 (+0.5% uptake = wetting agent)
 *note - spray damage in wheat treatments",kinnabulla,herbicide,2023-07-26,11.0,12.25,0.0,,,,,,,Paradigm,L,0.025,
2853,KINNABULLA_S4_P3412_R3,2023,7,26,,,,,,,,,,,,,,,,,,"0.5L/ha applied to broadleaf weed control, targeting broadleaf weeds and vol lentils, GS13.
 *note - spray damage in wheat treatments",kinnabulla,herbicide,2023-07-26,11.0,4.07,0.0,,,,,,,MCPA LVE,L,0.5,
2854,KINNABULLA_S4_P3412_R3,2023,11,17,,,,,,,,,,,,,,,,,,"3L/ha applied to desiccate for late season weed control, bring all crop types in together for harvest (+0.16% BS1000 = wetting agent)",kinnabulla,herbicide,2023-11-17,11.0,45.0,0.0,,,,,,,Diquat,L,3.0,
2855,KINNABULLA_S4_P3412_R3,2023,12,7,wheat,,,,,,,,,,,,,,,,,,kinnabulla,termination,2023-12-07,80.0,0.0,1574.76,success,sale,4772.0,,,stubble,,,,
2856,KINNABULLA_S4_P3412_R3,2023,12,14,,,,,,,,,,,,,,,,,,0.4L/ha applied overall site knockdown to control summer weeds (+2% Liase =  liquid adjuvant),kinnabulla,herbicide,2023-12-14,11.0,3.38,0.0,,,,,,,Ester,L,0.4,
2857,KINNABULLA_S4_P3412_R3,2023,12,14,,,,,,,,,,,,,,,,,,2.5L/ha applied overall site knockdown to control summer weeds,kinnabulla,herbicide,2023-12-14,11.0,11.25,0.0,,,,,,,Glyphosate,L,2.5,
2858,KINNABULLA_S4_P3412_R3,2024,1,18,,,,,,,,,,,,,,,,,,"2.5L/ha applied overall site knockdown to control summer weeds (heliotrope and odd thistle), vol. crop (wheat, barley, canola, radish, lentil)",kinnabulla,herbicide,2024-01-18,11.0,11.25,0.0,,,,,,,Glyphosate,L,2.5,
2859,KINNABULLA_S4_P4123_R1,2023,5,23,,,,,,,,,,,,,,,,,,1.5L/ha applied at sowing,kinnabulla,herbicide,2023-05-23,11.0,12.0,0.0,,,,,,,Trifluralin,L,1.5,
2860,KINNABULLA_S4_P4123_R1,2023,5,23,,,,,,,,,,,,,,,,,,2L/ha applied at sowing,kinnabulla,herbicide,2023-05-23,11.0,34.0,0.0,,,,,,,Avadex,L,2.0,
2861,KINNABULLA_S4_P4123_R1,2023,5,23,,,,,,,,,,,,,,,,,,3L/ha applied at sowing,kinnabulla,herbicide,2023-05-23,11.0,13.5,0.0,,,,,,,Glyphosate 450,L,3.0,
2862,KINNABULLA_S4_P4123_R1,2023,5,23,,,,,,,,,,,,,,,,,,"60kg/ha applied at sowing (W, B, L)",kinnabulla,fertiliser,2023-05-23,8.5,38.4,0.0,,,,,,,Granulock SZ,kg,60.0,
2863,KINNABULLA_S4_P4123_R1,2023,5,23,wheat,,,scepter,,,True,,,sale,130.0,,,30.0,,,On-time,,kinnabulla,sowing,2023-05-23,50.0,0.0,0.0,,,,,,,,,,
2864,KINNABULLA_S4_P4123_R1,2023,6,21,,,,,,,,,,,,,,,,,,257kg/ha top dressing - Wheat D5,kinnabulla,fertiliser,2023-06-21,8.5,128.5,0.0,,,,,,,Urea,kg,257.0,
2865,KINNABULLA_S4_P4123_R1,2023,7,10,,,,,,,,,,,,,,,,,,"0.12L/ha applied to all crop types to control the movement of pests back into pulse crops, could also more intro cereal crops and cause damage, 1-4 node. lucerne flea targeting vetch and lentil.",kinnabulla,pesticide,2023-07-10,11.0,4.32,0.0,,,,,,,Le-mat,L,0.12,insects
2866,KINNABULLA_S4_P4123_R1,2023,7,26,,,,,,,,,,,,,,,,,,"0.025L/ha applied to broadleaf weed control, targeting broadleaf weeds and vol lentils, GS13 (+0.5% uptake = wetting agent)
 *note - spray damage in wheat treatments",kinnabulla,herbicide,2023-07-26,11.0,12.25,0.0,,,,,,,Paradigm,L,0.025,
2867,KINNABULLA_S4_P4123_R1,2023,7,26,,,,,,,,,,,,,,,,,,"0.5L/ha applied to broadleaf weed control, targeting broadleaf weeds and vol lentils, GS13.
 *note - spray damage in wheat treatments",kinnabulla,herbicide,2023-07-26,11.0,4.07,0.0,,,,,,,MCPA LVE,L,0.5,
2868,KINNABULLA_S4_P4123_R1,2023,11,17,,,,,,,,,,,,,,,,,,"3L/ha applied to desiccate for late season weed control, bring all crop types in together for harvest (+0.16% BS1000 = wetting agent)",kinnabulla,herbicide,2023-11-17,11.0,45.0,0.0,,,,,,,Diquat,L,3.0,
2869,KINNABULLA_S4_P4123_R1,2023,12,7,wheat,,,,,,,,,,,,,,,,,,kinnabulla,termination,2023-12-07,80.0,0.0,1617.99,success,sale,4903.0,,,stubble,,,,
2870,KINNABULLA_S4_P4123_R1,2023,12,14,,,,,,,,,,,,,,,,,,0.4L/ha applied overall site knockdown to control summer weeds (+2% Liase =  liquid adjuvant),kinnabulla,herbicide,2023-12-14,11.0,3.38,0.0,,,,,,,Ester,L,0.4,
2871,KINNABULLA_S4_P4123_R1,2023,12,14,,,,,,,,,,,,,,,,,,2.5L/ha applied overall site knockdown to control summer weeds,kinnabulla,herbicide,2023-12-14,11.0,11.25,0.0,,,,,,,Glyphosate,L,2.5,
2872,KINNABULLA_S4_P4123_R1,2024,1,18,,,,,,,,,,,,,,,,,,"2.5L/ha applied overall site knockdown to control summer weeds (heliotrope and odd thistle), vol. crop (wheat, barley, canola, radish, lentil)",kinnabulla,herbicide,2024-01-18,11.0,11.25,0.0,,,,,,,Glyphosate,L,2.5,
2873,KINNABULLA_S4_P4123_R2,2023,5,23,,,,,,,,,,,,,,,,,,1.5L/ha applied at sowing,kinnabulla,herbicide,2023-05-23,11.0,12.0,0.0,,,,,,,Trifluralin,L,1.5,
2874,KINNABULLA_S4_P4123_R2,2023,5,23,,,,,,,,,,,,,,,,,,2L/ha applied at sowing,kinnabulla,herbicide,2023-05-23,11.0,34.0,0.0,,,,,,,Avadex,L,2.0,
2875,KINNABULLA_S4_P4123_R2,2023,5,23,,,,,,,,,,,,,,,,,,3L/ha applied at sowing,kinnabulla,herbicide,2023-05-23,11.0,13.5,0.0,,,,,,,Glyphosate 450,L,3.0,
2876,KINNABULLA_S4_P4123_R2,2023,5,23,,,,,,,,,,,,,,,,,,"60kg/ha applied at sowing (W, B, L)",kinnabulla,fertiliser,2023-05-23,8.5,38.4,0.0,,,,,,,Granulock SZ,kg,60.0,
2877,KINNABULLA_S4_P4123_R2,2023,5,23,wheat,,,scepter,,,True,,,sale,130.0,,,30.0,,,On-time,,kinnabulla,sowing,2023-05-23,50.0,0.0,0.0,,,,,,,,,,
2878,KINNABULLA_S4_P4123_R2,2023,6,21,,,,,,,,,,,,,,,,,,257kg/ha top dressing - Wheat D5,kinnabulla,fertiliser,2023-06-21,8.5,128.5,0.0,,,,,,,Urea,kg,257.0,
2879,KINNABULLA_S4_P4123_R2,2023,7,10,,,,,,,,,,,,,,,,,,"0.12L/ha applied to all crop types to control the movement of pests back into pulse crops, could also more intro cereal crops and cause damage, 1-4 node. lucerne flea targeting vetch and lentil.",kinnabulla,pesticide,2023-07-10,11.0,4.32,0.0,,,,,,,Le-mat,L,0.12,insects
2880,KINNABULLA_S4_P4123_R2,2023,7,26,,,,,,,,,,,,,,,,,,"0.025L/ha applied to broadleaf weed control, targeting broadleaf weeds and vol lentils, GS13 (+0.5% uptake = wetting agent)
 *note - spray damage in wheat treatments",kinnabulla,herbicide,2023-07-26,11.0,12.25,0.0,,,,,,,Paradigm,L,0.025,
2881,KINNABULLA_S4_P4123_R2,2023,7,26,,,,,,,,,,,,,,,,,,"0.5L/ha applied to broadleaf weed control, targeting broadleaf weeds and vol lentils, GS13.
 *note - spray damage in wheat treatments",kinnabulla,herbicide,2023-07-26,11.0,4.07,0.0,,,,,,,MCPA LVE,L,0.5,
2882,KINNABULLA_S4_P4123_R2,2023,11,17,,,,,,,,,,,,,,,,,,"3L/ha applied to desiccate for late season weed control, bring all crop types in together for harvest (+0.16% BS1000 = wetting agent)",kinnabulla,herbicide,2023-11-17,11.0,45.0,0.0,,,,,,,Diquat,L,3.0,
2883,KINNABULLA_S4_P4123_R2,2023,12,7,wheat,,,,,,,,,,,,,,,,,,kinnabulla,termination,2023-12-07,80.0,0.0,1607.76,success,sale,4872.0,,,stubble,,,,
2884,KINNABULLA_S4_P4123_R2,2023,12,14,,,,,,,,,,,,,,,,,,0.4L/ha applied overall site knockdown to control summer weeds (+2% Liase =  liquid adjuvant),kinnabulla,herbicide,2023-12-14,11.0,3.38,0.0,,,,,,,Ester,L,0.4,
2885,KINNABULLA_S4_P4123_R2,2023,12,14,,,,,,,,,,,,,,,,,,2.5L/ha applied overall site knockdown to control summer weeds,kinnabulla,herbicide,2023-12-14,11.0,11.25,0.0,,,,,,,Glyphosate,L,2.5,
2886,KINNABULLA_S4_P4123_R2,2024,1,18,,,,,,,,,,,,,,,,,,"2.5L/ha applied overall site knockdown to control summer weeds (heliotrope and odd thistle), vol. crop (wheat, barley, canola, radish, lentil)",kinnabulla,herbicide,2024-01-18,11.0,11.25,0.0,,,,,,,Glyphosate,L,2.5,
2887,KINNABULLA_S4_P4123_R3,2023,5,23,,,,,,,,,,,,,,,,,,1.5L/ha applied at sowing,kinnabulla,herbicide,2023-05-23,11.0,12.0,0.0,,,,,,,Trifluralin,L,1.5,
2888,KINNABULLA_S4_P4123_R3,2023,5,23,,,,,,,,,,,,,,,,,,2L/ha applied at sowing,kinnabulla,herbicide,2023-05-23,11.0,34.0,0.0,,,,,,,Avadex,L,2.0,
2889,KINNABULLA_S4_P4123_R3,2023,5,23,,,,,,,,,,,,,,,,,,3L/ha applied at sowing,kinnabulla,herbicide,2023-05-23,11.0,13.5,0.0,,,,,,,Glyphosate 450,L,3.0,
2890,KINNABULLA_S4_P4123_R3,2023,5,23,,,,,,,,,,,,,,,,,,"60kg/ha applied at sowing (W, B, L)",kinnabulla,fertiliser,2023-05-23,8.5,38.4,0.0,,,,,,,Granulock SZ,kg,60.0,
2891,KINNABULLA_S4_P4123_R3,2023,5,23,wheat,,,scepter,,,True,,,sale,130.0,,,30.0,,,On-time,,kinnabulla,sowing,2023-05-23,50.0,0.0,0.0,,,,,,,,,,
2892,KINNABULLA_S4_P4123_R3,2023,6,21,,,,,,,,,,,,,,,,,,257kg/ha top dressing - Wheat D5,kinnabulla,fertiliser,2023-06-21,8.5,128.5,0.0,,,,,,,Urea,kg,257.0,
2893,KINNABULLA_S4_P4123_R3,2023,7,10,,,,,,,,,,,,,,,,,,"0.12L/ha applied to all crop types to control the movement of pests back into pulse crops, could also more intro cereal crops and cause damage, 1-4 node. lucerne flea targeting vetch and lentil.",kinnabulla,pesticide,2023-07-10,11.0,4.32,0.0,,,,,,,Le-mat,L,0.12,insects
2894,KINNABULLA_S4_P4123_R3,2023,7,26,,,,,,,,,,,,,,,,,,"0.025L/ha applied to broadleaf weed control, targeting broadleaf weeds and vol lentils, GS13 (+0.5% uptake = wetting agent)
 *note - spray damage in wheat treatments",kinnabulla,herbicide,2023-07-26,11.0,12.25,0.0,,,,,,,Paradigm,L,0.025,
2895,KINNABULLA_S4_P4123_R3,2023,7,26,,,,,,,,,,,,,,,,,,"0.5L/ha applied to broadleaf weed control, targeting broadleaf weeds and vol lentils, GS13.
 *note - spray damage in wheat treatments",kinnabulla,herbicide,2023-07-26,11.0,4.07,0.0,,,,,,,MCPA LVE,L,0.5,
2896,KINNABULLA_S4_P4123_R3,2023,11,17,,,,,,,,,,,,,,,,,,"3L/ha applied to desiccate for late season weed control, bring all crop types in together for harvest (+0.16% BS1000 = wetting agent)",kinnabulla,herbicide,2023-11-17,11.0,45.0,0.0,,,,,,,Diquat,L,3.0,
2897,KINNABULLA_S4_P4123_R3,2023,12,7,wheat,,,,,,,,,,,,,,,,,,kinnabulla,termination,2023-12-07,80.0,0.0,1404.15,success,sale,4255.0,,,stubble,,,,
2898,KINNABULLA_S4_P4123_R3,2023,12,14,,,,,,,,,,,,,,,,,,0.4L/ha applied overall site knockdown to control summer weeds (+2% Liase =  liquid adjuvant),kinnabulla,herbicide,2023-12-14,11.0,3.38,0.0,,,,,,,Ester,L,0.4,
2899,KINNABULLA_S4_P4123_R3,2023,12,14,,,,,,,,,,,,,,,,,,2.5L/ha applied overall site knockdown to control summer weeds,kinnabulla,herbicide,2023-12-14,11.0,11.25,0.0,,,,,,,Glyphosate,L,2.5,
2900,KINNABULLA_S4_P4123_R3,2024,1,18,,,,,,,,,,,,,,,,,,"2.5L/ha applied overall site knockdown to control summer weeds (heliotrope and odd thistle), vol. crop (wheat, barley, canola, radish, lentil)",kinnabulla,herbicide,2024-01-18,11.0,11.25,0.0,,,,,,,Glyphosate,L,2.5,
2901,KINNABULLA_S5_P1212_R1,2023,5,3,,,,,,,,,,,,,,,,,,0.8L/ha applied at sowing,kinnabulla,herbicide,2023-05-03,11.0,12.0,0.0,,,,,,,Terbyne xtreme,L,0.8,
2902,KINNABULLA_S5_P1212_R1,2023,5,3,,,,,,,,,,,,,,,,,,1.1L/ha applied at sowing,kinnabulla,herbicide,2023-05-03,11.0,27.500000000000004,0.0,,,,,,,Ultro,L,1.1,
2903,KINNABULLA_S5_P1212_R1,2023,5,23,,,,,,,,,,,,,,,,,,1.5L/ha applied at sowing,kinnabulla,herbicide,2023-05-23,11.0,12.0,0.0,,,,,,,Trifluralin,L,1.5,
2904,KINNABULLA_S5_P1212_R1,2023,5,23,,,,,,,,,,,,,,,,,,2L/ha applied at sowing,kinnabulla,herbicide,2023-05-23,11.0,34.0,0.0,,,,,,,Avadex,L,2.0,
2905,KINNABULLA_S5_P1212_R1,2023,5,23,,,,,,,,,,,,,,,,,,3L/ha applied at sowing,kinnabulla,herbicide,2023-05-23,11.0,13.5,0.0,,,,,,,Glyphosate 450,L,3.0,
2906,KINNABULLA_S5_P1212_R1,2023,5,23,,,,,,,,,,,,,,,,,,"60kg/ha applied at sowing (W, B, L)",kinnabulla,fertiliser,2023-05-23,8.5,38.4,0.0,,,,,,,Granulock SZ,kg,60.0,
2907,KINNABULLA_S5_P1212_R1,2023,5,23,lentil,,,gia thunder,,,True,,,sale,120.0,,,30.0,,,On-time,,kinnabulla,sowing,2023-05-23,50.0,0.0,0.0,,,,,,,,,,
2908,KINNABULLA_S5_P1212_R1,2023,7,10,,,,,,,,,,,,,,,,,,"0.12L/ha applied to all crop types to control the movement of pests back into pulse crops, could also more intro cereal crops and cause damage, 1-4 node. lucerne flea targeting vetch and lentil.",kinnabulla,pesticide,2023-07-10,11.0,4.32,0.0,,,,,,,Le-mat,L,0.12,insects
2909,KINNABULLA_S5_P1212_R1,2023,7,26,,,,,,,,,,,,,,,,,,"0.18L/ha applied to grass weed control, targeting brome grass & ryegrass, 2-4 node (+2% Liase = liquid adjuvant) (+0.5% Uptake = wetting agent)",kinnabulla,herbicide,2023-07-26,11.0,24.3,0.0,,,,,,,Factor,L,0.18,
2910,KINNABULLA_S5_P1212_R1,2023,7,26,,,,,,,,,,,,,,,,,,"grass weed control, targeting brome grass & ryegrass, 2-4 node",kinnabulla,herbicide,2023-07-26,11.0,3.3,0.0,,,,,,,Haloxyfop,L,0.075,
2911,KINNABULLA_S5_P1212_R1,2023,7,26,,,,,,,,,,,,,,,,,,"grass weed control, targeting brome grass & ryegrass, 2-4 node",kinnabulla,herbicide,2023-07-26,11.0,10.25,0.0,,,,,,,Clethodim 360,L,0.5,
2912,KINNABULLA_S5_P1212_R1,2023,8,2,,,,,,,,,,,,,,,,,,0.5L/ha applied to lentils and vetch (canopy closure) - botrytis and ascochyta,kinnabulla,fungicide,2023-08-02,11.0,27.25,0.0,,,,,,,Aviator Xpro,L,0.5,
2913,KINNABULLA_S5_P1212_R1,2023,10,9,,,,,,,,,,,,,,,,,,0.3L/ha applied in pulses to control grubs - podding,kinnabulla,pesticide,2023-10-09,11.0,2.952,0.0,,,,,,,Sumi-alpha flex,L,0.3,faw
2914,KINNABULLA_S5_P1212_R1,2023,11,17,,,,,,,,,,,,,,,,,,"3L/ha applied to desiccate for late season weed control, bring all crop types in together for harvest (+0.16% BS1000 = wetting agent)",kinnabulla,herbicide,2023-11-17,11.0,45.0,0.0,,,,,,,Diquat,L,3.0,
2915,KINNABULLA_S5_P1212_R1,2023,12,7,lentil,,,,,,,,,,,,,,,,,,kinnabulla,termination,2023-12-07,80.0,0.0,812.5,success,sale,1250.0,,,stubble,,,,
2916,KINNABULLA_S5_P1212_R1,2023,12,14,,,,,,,,,,,,,,,,,,0.4L/ha applied overall site knockdown to control summer weeds (+2% Liase =  liquid adjuvant),kinnabulla,herbicide,2023-12-14,11.0,3.38,0.0,,,,,,,Ester,L,0.4,
2917,KINNABULLA_S5_P1212_R1,2023,12,14,,,,,,,,,,,,,,,,,,2.5L/ha applied overall site knockdown to control summer weeds,kinnabulla,herbicide,2023-12-14,11.0,11.25,0.0,,,,,,,Glyphosate,L,2.5,
2918,KINNABULLA_S5_P1212_R1,2024,1,18,,,,,,,,,,,,,,,,,,"2.5L/ha applied overall site knockdown to control summer weeds (heliotrope and odd thistle), vol. crop (wheat, barley, canola, radish, lentil)",kinnabulla,herbicide,2024-01-18,11.0,11.25,0.0,,,,,,,Glyphosate,L,2.5,
2919,KINNABULLA_S5_P1212_R2,2023,5,3,,,,,,,,,,,,,,,,,,0.8L/ha applied at sowing,kinnabulla,herbicide,2023-05-03,11.0,12.0,0.0,,,,,,,Terbyne xtreme,L,0.8,
2920,KINNABULLA_S5_P1212_R2,2023,5,3,,,,,,,,,,,,,,,,,,1.1L/ha applied at sowing,kinnabulla,herbicide,2023-05-03,11.0,27.500000000000004,0.0,,,,,,,Ultro,L,1.1,
2921,KINNABULLA_S5_P1212_R2,2023,5,23,,,,,,,,,,,,,,,,,,1.5L/ha applied at sowing,kinnabulla,herbicide,2023-05-23,11.0,12.0,0.0,,,,,,,Trifluralin,L,1.5,
2922,KINNABULLA_S5_P1212_R2,2023,5,23,,,,,,,,,,,,,,,,,,2L/ha applied at sowing,kinnabulla,herbicide,2023-05-23,11.0,34.0,0.0,,,,,,,Avadex,L,2.0,
2923,KINNABULLA_S5_P1212_R2,2023,5,23,,,,,,,,,,,,,,,,,,3L/ha applied at sowing,kinnabulla,herbicide,2023-05-23,11.0,13.5,0.0,,,,,,,Glyphosate 450,L,3.0,
2924,KINNABULLA_S5_P1212_R2,2023,5,23,,,,,,,,,,,,,,,,,,"60kg/ha applied at sowing (W, B, L)",kinnabulla,fertiliser,2023-05-23,8.5,38.4,0.0,,,,,,,Granulock SZ,kg,60.0,
2925,KINNABULLA_S5_P1212_R2,2023,5,23,lentil,,,gia thunder,,,True,,,sale,120.0,,,30.0,,,On-time,,kinnabulla,sowing,2023-05-23,50.0,0.0,0.0,,,,,,,,,,
2926,KINNABULLA_S5_P1212_R2,2023,7,10,,,,,,,,,,,,,,,,,,"0.12L/ha applied to all crop types to control the movement of pests back into pulse crops, could also more intro cereal crops and cause damage, 1-4 node. lucerne flea targeting vetch and lentil.",kinnabulla,pesticide,2023-07-10,11.0,4.32,0.0,,,,,,,Le-mat,L,0.12,insects
2927,KINNABULLA_S5_P1212_R2,2023,7,26,,,,,,,,,,,,,,,,,,"0.18L/ha applied to grass weed control, targeting brome grass & ryegrass, 2-4 node (+2% Liase = liquid adjuvant) (+0.5% Uptake = wetting agent)",kinnabulla,herbicide,2023-07-26,11.0,24.3,0.0,,,,,,,Factor,L,0.18,
2928,KINNABULLA_S5_P1212_R2,2023,7,26,,,,,,,,,,,,,,,,,,"grass weed control, targeting brome grass & ryegrass, 2-4 node",kinnabulla,herbicide,2023-07-26,11.0,3.3,0.0,,,,,,,Haloxyfop,L,0.075,
2929,KINNABULLA_S5_P1212_R2,2023,7,26,,,,,,,,,,,,,,,,,,"grass weed control, targeting brome grass & ryegrass, 2-4 node",kinnabulla,herbicide,2023-07-26,11.0,10.25,0.0,,,,,,,Clethodim 360,L,0.5,
2930,KINNABULLA_S5_P1212_R2,2023,8,2,,,,,,,,,,,,,,,,,,0.5L/ha applied to lentils and vetch (canopy closure) - botrytis and ascochyta,kinnabulla,fungicide,2023-08-02,11.0,27.25,0.0,,,,,,,Aviator Xpro,L,0.5,
2931,KINNABULLA_S5_P1212_R2,2023,10,9,,,,,,,,,,,,,,,,,,0.3L/ha applied in pulses to control grubs - podding,kinnabulla,pesticide,2023-10-09,11.0,2.952,0.0,,,,,,,Sumi-alpha flex,L,0.3,faw
2932,KINNABULLA_S5_P1212_R2,2023,11,17,,,,,,,,,,,,,,,,,,"3L/ha applied to desiccate for late season weed control, bring all crop types in together for harvest (+0.16% BS1000 = wetting agent)",kinnabulla,herbicide,2023-11-17,11.0,45.0,0.0,,,,,,,Diquat,L,3.0,
2933,KINNABULLA_S5_P1212_R2,2023,12,7,lentil,,,,,,,,,,,,,,,,,,kinnabulla,termination,2023-12-07,80.0,0.0,882.7,success,sale,1358.0,,,stubble,,,,
2934,KINNABULLA_S5_P1212_R2,2023,12,14,,,,,,,,,,,,,,,,,,0.4L/ha applied overall site knockdown to control summer weeds (+2% Liase =  liquid adjuvant),kinnabulla,herbicide,2023-12-14,11.0,3.38,0.0,,,,,,,Ester,L,0.4,
2935,KINNABULLA_S5_P1212_R2,2023,12,14,,,,,,,,,,,,,,,,,,2.5L/ha applied overall site knockdown to control summer weeds,kinnabulla,herbicide,2023-12-14,11.0,11.25,0.0,,,,,,,Glyphosate,L,2.5,
2936,KINNABULLA_S5_P1212_R2,2024,1,18,,,,,,,,,,,,,,,,,,"2.5L/ha applied overall site knockdown to control summer weeds (heliotrope and odd thistle), vol. crop (wheat, barley, canola, radish, lentil)",kinnabulla,herbicide,2024-01-18,11.0,11.25,0.0,,,,,,,Glyphosate,L,2.5,
2937,KINNABULLA_S5_P1212_R3,2023,5,3,,,,,,,,,,,,,,,,,,0.8L/ha applied at sowing,kinnabulla,herbicide,2023-05-03,11.0,12.0,0.0,,,,,,,Terbyne xtreme,L,0.8,
2938,KINNABULLA_S5_P1212_R3,2023,5,3,,,,,,,,,,,,,,,,,,1.1L/ha applied at sowing,kinnabulla,herbicide,2023-05-03,11.0,27.500000000000004,0.0,,,,,,,Ultro,L,1.1,
2939,KINNABULLA_S5_P1212_R3,2023,5,23,,,,,,,,,,,,,,,,,,1.5L/ha applied at sowing,kinnabulla,herbicide,2023-05-23,11.0,12.0,0.0,,,,,,,Trifluralin,L,1.5,
2940,KINNABULLA_S5_P1212_R3,2023,5,23,,,,,,,,,,,,,,,,,,2L/ha applied at sowing,kinnabulla,herbicide,2023-05-23,11.0,34.0,0.0,,,,,,,Avadex,L,2.0,
2941,KINNABULLA_S5_P1212_R3,2023,5,23,,,,,,,,,,,,,,,,,,3L/ha applied at sowing,kinnabulla,herbicide,2023-05-23,11.0,13.5,0.0,,,,,,,Glyphosate 450,L,3.0,
2942,KINNABULLA_S5_P1212_R3,2023,5,23,,,,,,,,,,,,,,,,,,"60kg/ha applied at sowing (W, B, L)",kinnabulla,fertiliser,2023-05-23,8.5,38.4,0.0,,,,,,,Granulock SZ,kg,60.0,
2943,KINNABULLA_S5_P1212_R3,2023,5,23,lentil,,,gia thunder,,,True,,,sale,120.0,,,30.0,,,On-time,,kinnabulla,sowing,2023-05-23,50.0,0.0,0.0,,,,,,,,,,
2944,KINNABULLA_S5_P1212_R3,2023,7,10,,,,,,,,,,,,,,,,,,"0.12L/ha applied to all crop types to control the movement of pests back into pulse crops, could also more intro cereal crops and cause damage, 1-4 node. lucerne flea targeting vetch and lentil.",kinnabulla,pesticide,2023-07-10,11.0,4.32,0.0,,,,,,,Le-mat,L,0.12,insects
2945,KINNABULLA_S5_P1212_R3,2023,7,26,,,,,,,,,,,,,,,,,,"0.18L/ha applied to grass weed control, targeting brome grass & ryegrass, 2-4 node (+2% Liase = liquid adjuvant) (+0.5% Uptake = wetting agent)",kinnabulla,herbicide,2023-07-26,11.0,24.3,0.0,,,,,,,Factor,L,0.18,
2946,KINNABULLA_S5_P1212_R3,2023,7,26,,,,,,,,,,,,,,,,,,"grass weed control, targeting brome grass & ryegrass, 2-4 node",kinnabulla,herbicide,2023-07-26,11.0,3.3,0.0,,,,,,,Haloxyfop,L,0.075,
2947,KINNABULLA_S5_P1212_R3,2023,7,26,,,,,,,,,,,,,,,,,,"grass weed control, targeting brome grass & ryegrass, 2-4 node",kinnabulla,herbicide,2023-07-26,11.0,10.25,0.0,,,,,,,Clethodim 360,L,0.5,
2948,KINNABULLA_S5_P1212_R3,2023,8,2,,,,,,,,,,,,,,,,,,0.5L/ha applied to lentils and vetch (canopy closure) - botrytis and ascochyta,kinnabulla,fungicide,2023-08-02,11.0,27.25,0.0,,,,,,,Aviator Xpro,L,0.5,
2949,KINNABULLA_S5_P1212_R3,2023,10,9,,,,,,,,,,,,,,,,,,0.3L/ha applied in pulses to control grubs - podding,kinnabulla,pesticide,2023-10-09,11.0,2.952,0.0,,,,,,,Sumi-alpha flex,L,0.3,faw
2950,KINNABULLA_S5_P1212_R3,2023,11,17,,,,,,,,,,,,,,,,,,"3L/ha applied to desiccate for late season weed control, bring all crop types in together for harvest (+0.16% BS1000 = wetting agent)",kinnabulla,herbicide,2023-11-17,11.0,45.0,0.0,,,,,,,Diquat,L,3.0,
2951,KINNABULLA_S5_P1212_R3,2023,12,7,lentil,,,,,,,,,,,,,,,,,,kinnabulla,termination,2023-12-07,80.0,0.0,961.35,success,sale,1479.0,,,stubble,,,,
2952,KINNABULLA_S5_P1212_R3,2023,12,14,,,,,,,,,,,,,,,,,,0.4L/ha applied overall site knockdown to control summer weeds (+2% Liase =  liquid adjuvant),kinnabulla,herbicide,2023-12-14,11.0,3.38,0.0,,,,,,,Ester,L,0.4,
2953,KINNABULLA_S5_P1212_R3,2023,12,14,,,,,,,,,,,,,,,,,,2.5L/ha applied overall site knockdown to control summer weeds,kinnabulla,herbicide,2023-12-14,11.0,11.25,0.0,,,,,,,Glyphosate,L,2.5,
2954,KINNABULLA_S5_P1212_R3,2024,1,18,,,,,,,,,,,,,,,,,,"2.5L/ha applied overall site knockdown to control summer weeds (heliotrope and odd thistle), vol. crop (wheat, barley, canola, radish, lentil)",kinnabulla,herbicide,2024-01-18,11.0,11.25,0.0,,,,,,,Glyphosate,L,2.5,
2955,KINNABULLA_S5_P2121_R1,2023,5,23,,,,,,,,,,,,,,,,,,1.5L/ha applied at sowing,kinnabulla,herbicide,2023-05-23,11.0,12.0,0.0,,,,,,,Trifluralin,L,1.5,
2956,KINNABULLA_S5_P2121_R1,2023,5,23,,,,,,,,,,,,,,,,,,2L/ha applied at sowing,kinnabulla,herbicide,2023-05-23,11.0,34.0,0.0,,,,,,,Avadex,L,2.0,
2957,KINNABULLA_S5_P2121_R1,2023,5,23,,,,,,,,,,,,,,,,,,3L/ha applied at sowing,kinnabulla,herbicide,2023-05-23,11.0,13.5,0.0,,,,,,,Glyphosate 450,L,3.0,
2958,KINNABULLA_S5_P2121_R1,2023,5,23,,,,,,,,,,,,,,,,,,"60kg/ha applied at sowing (W, B, L)",kinnabulla,fertiliser,2023-05-23,8.5,38.4,0.0,,,,,,,Granulock SZ,kg,60.0,
2959,KINNABULLA_S5_P2121_R1,2023,5,23,barley,,,maximus,,,True,,,sale,130.0,,,30.0,,,On-time,,kinnabulla,sowing,2023-05-23,50.0,0.0,0.0,,,,,,,,,,
2960,KINNABULLA_S5_P2121_R1,2023,6,21,,,,,,,,,,,,,,,,,,237kg/ha top dressing - Barley D5,kinnabulla,fertiliser,2023-06-21,8.5,118.5,0.0,,,,,,,Urea,kg,237.0,
2961,KINNABULLA_S5_P2121_R1,2023,7,10,,,,,,,,,,,,,,,,,,"0.12L/ha applied to all crop types to control the movement of pests back into pulse crops, could also more intro cereal crops and cause damage, 1-4 node. lucerne flea targeting vetch and lentil.",kinnabulla,pesticide,2023-07-10,11.0,4.32,0.0,,,,,,,Le-mat,L,0.12,insects
2962,KINNABULLA_S5_P2121_R1,2023,7,26,,,,,,,,,,,,,,,,,,"0.025L/ha applied to broadleaf weed control, targeting broadleaf weeds and vol lentils, GS13 (+0.5% uptake = wetting agent)
 *note - spray damage in wheat treatments",kinnabulla,herbicide,2023-07-26,11.0,12.25,0.0,,,,,,,Paradigm,L,0.025,
2963,KINNABULLA_S5_P2121_R1,2023,7,26,,,,,,,,,,,,,,,,,,"0.5L/ha applied to broadleaf weed control, targeting broadleaf weeds and vol lentils, GS13.
 *note - spray damage in wheat treatments",kinnabulla,herbicide,2023-07-26,11.0,4.07,0.0,,,,,,,MCPA LVE,L,0.5,
2964,KINNABULLA_S5_P2121_R1,2023,11,17,,,,,,,,,,,,,,,,,,"3L/ha applied to desiccate for late season weed control, bring all crop types in together for harvest (+0.16% BS1000 = wetting agent)",kinnabulla,herbicide,2023-11-17,11.0,45.0,0.0,,,,,,,Diquat,L,3.0,
2965,KINNABULLA_S5_P2121_R1,2023,12,9,barley,,,,,,,,,,,,,,,,,,kinnabulla,termination,2023-12-09,80.0,0.0,1448.28,success,sale,4860.0,,,stubble,,,,
2966,KINNABULLA_S5_P2121_R1,2023,12,14,,,,,,,,,,,,,,,,,,0.4L/ha applied overall site knockdown to control summer weeds (+2% Liase =  liquid adjuvant),kinnabulla,herbicide,2023-12-14,11.0,3.38,0.0,,,,,,,Ester,L,0.4,
2967,KINNABULLA_S5_P2121_R1,2023,12,14,,,,,,,,,,,,,,,,,,2.5L/ha applied overall site knockdown to control summer weeds,kinnabulla,herbicide,2023-12-14,11.0,11.25,0.0,,,,,,,Glyphosate,L,2.5,
2968,KINNABULLA_S5_P2121_R1,2024,1,18,,,,,,,,,,,,,,,,,,"2.5L/ha applied overall site knockdown to control summer weeds (heliotrope and odd thistle), vol. crop (wheat, barley, canola, radish, lentil)",kinnabulla,herbicide,2024-01-18,11.0,11.25,0.0,,,,,,,Glyphosate,L,2.5,
2969,KINNABULLA_S5_P2121_R2,2023,5,23,,,,,,,,,,,,,,,,,,1.5L/ha applied at sowing,kinnabulla,herbicide,2023-05-23,11.0,12.0,0.0,,,,,,,Trifluralin,L,1.5,
2970,KINNABULLA_S5_P2121_R2,2023,5,23,,,,,,,,,,,,,,,,,,2L/ha applied at sowing,kinnabulla,herbicide,2023-05-23,11.0,34.0,0.0,,,,,,,Avadex,L,2.0,
2971,KINNABULLA_S5_P2121_R2,2023,5,23,,,,,,,,,,,,,,,,,,3L/ha applied at sowing,kinnabulla,herbicide,2023-05-23,11.0,13.5,0.0,,,,,,,Glyphosate 450,L,3.0,
2972,KINNABULLA_S5_P2121_R2,2023,5,23,,,,,,,,,,,,,,,,,,"60kg/ha applied at sowing (W, B, L)",kinnabulla,fertiliser,2023-05-23,8.5,38.4,0.0,,,,,,,Granulock SZ,kg,60.0,
2973,KINNABULLA_S5_P2121_R2,2023,5,23,barley,,,maximus,,,True,,,sale,130.0,,,30.0,,,On-time,,kinnabulla,sowing,2023-05-23,50.0,0.0,0.0,,,,,,,,,,
2974,KINNABULLA_S5_P2121_R2,2023,6,21,,,,,,,,,,,,,,,,,,237kg/ha top dressing - Barley D5,kinnabulla,fertiliser,2023-06-21,8.5,118.5,0.0,,,,,,,Urea,kg,237.0,
2975,KINNABULLA_S5_P2121_R2,2023,7,10,,,,,,,,,,,,,,,,,,"0.12L/ha applied to all crop types to control the movement of pests back into pulse crops, could also more intro cereal crops and cause damage, 1-4 node. lucerne flea targeting vetch and lentil.",kinnabulla,pesticide,2023-07-10,11.0,4.32,0.0,,,,,,,Le-mat,L,0.12,insects
2976,KINNABULLA_S5_P2121_R2,2023,7,26,,,,,,,,,,,,,,,,,,"0.025L/ha applied to broadleaf weed control, targeting broadleaf weeds and vol lentils, GS13 (+0.5% uptake = wetting agent)
 *note - spray damage in wheat treatments",kinnabulla,herbicide,2023-07-26,11.0,12.25,0.0,,,,,,,Paradigm,L,0.025,
2977,KINNABULLA_S5_P2121_R2,2023,7,26,,,,,,,,,,,,,,,,,,"0.5L/ha applied to broadleaf weed control, targeting broadleaf weeds and vol lentils, GS13.
 *note - spray damage in wheat treatments",kinnabulla,herbicide,2023-07-26,11.0,4.07,0.0,,,,,,,MCPA LVE,L,0.5,
2978,KINNABULLA_S5_P2121_R2,2023,11,17,,,,,,,,,,,,,,,,,,"3L/ha applied to desiccate for late season weed control, bring all crop types in together for harvest (+0.16% BS1000 = wetting agent)",kinnabulla,herbicide,2023-11-17,11.0,45.0,0.0,,,,,,,Diquat,L,3.0,
2979,KINNABULLA_S5_P2121_R2,2023,12,9,barley,,,,,,,,,,,,,,,,,,kinnabulla,termination,2023-12-09,80.0,0.0,1351.4299999999998,success,sale,4535.0,,,stubble,,,,
2980,KINNABULLA_S5_P2121_R2,2023,12,14,,,,,,,,,,,,,,,,,,0.4L/ha applied overall site knockdown to control summer weeds (+2% Liase =  liquid adjuvant),kinnabulla,herbicide,2023-12-14,11.0,3.38,0.0,,,,,,,Ester,L,0.4,
2981,KINNABULLA_S5_P2121_R2,2023,12,14,,,,,,,,,,,,,,,,,,2.5L/ha applied overall site knockdown to control summer weeds,kinnabulla,herbicide,2023-12-14,11.0,11.25,0.0,,,,,,,Glyphosate,L,2.5,
2982,KINNABULLA_S5_P2121_R2,2024,1,18,,,,,,,,,,,,,,,,,,"2.5L/ha applied overall site knockdown to control summer weeds (heliotrope and odd thistle), vol. crop (wheat, barley, canola, radish, lentil)",kinnabulla,herbicide,2024-01-18,11.0,11.25,0.0,,,,,,,Glyphosate,L,2.5,
2983,KINNABULLA_S5_P2121_R3,2023,5,23,,,,,,,,,,,,,,,,,,1.5L/ha applied at sowing,kinnabulla,herbicide,2023-05-23,11.0,12.0,0.0,,,,,,,Trifluralin,L,1.5,
2984,KINNABULLA_S5_P2121_R3,2023,5,23,,,,,,,,,,,,,,,,,,2L/ha applied at sowing,kinnabulla,herbicide,2023-05-23,11.0,34.0,0.0,,,,,,,Avadex,L,2.0,
2985,KINNABULLA_S5_P2121_R3,2023,5,23,,,,,,,,,,,,,,,,,,3L/ha applied at sowing,kinnabulla,herbicide,2023-05-23,11.0,13.5,0.0,,,,,,,Glyphosate 450,L,3.0,
2986,KINNABULLA_S5_P2121_R3,2023,5,23,,,,,,,,,,,,,,,,,,"60kg/ha applied at sowing (W, B, L)",kinnabulla,fertiliser,2023-05-23,8.5,38.4,0.0,,,,,,,Granulock SZ,kg,60.0,
2987,KINNABULLA_S5_P2121_R3,2023,5,23,barley,,,maximus,,,True,,,sale,130.0,,,30.0,,,On-time,,kinnabulla,sowing,2023-05-23,50.0,0.0,0.0,,,,,,,,,,
2988,KINNABULLA_S5_P2121_R3,2023,6,21,,,,,,,,,,,,,,,,,,237kg/ha top dressing - Barley D5,kinnabulla,fertiliser,2023-06-21,8.5,118.5,0.0,,,,,,,Urea,kg,237.0,
2989,KINNABULLA_S5_P2121_R3,2023,7,10,,,,,,,,,,,,,,,,,,"0.12L/ha applied to all crop types to control the movement of pests back into pulse crops, could also more intro cereal crops and cause damage, 1-4 node. lucerne flea targeting vetch and lentil.",kinnabulla,pesticide,2023-07-10,11.0,4.32,0.0,,,,,,,Le-mat,L,0.12,insects
2990,KINNABULLA_S5_P2121_R3,2023,7,26,,,,,,,,,,,,,,,,,,"0.025L/ha applied to broadleaf weed control, targeting broadleaf weeds and vol lentils, GS13 (+0.5% uptake = wetting agent)
 *note - spray damage in wheat treatments",kinnabulla,herbicide,2023-07-26,11.0,12.25,0.0,,,,,,,Paradigm,L,0.025,
2991,KINNABULLA_S5_P2121_R3,2023,7,26,,,,,,,,,,,,,,,,,,"0.5L/ha applied to broadleaf weed control, targeting broadleaf weeds and vol lentils, GS13.
 *note - spray damage in wheat treatments",kinnabulla,herbicide,2023-07-26,11.0,4.07,0.0,,,,,,,MCPA LVE,L,0.5,
2992,KINNABULLA_S5_P2121_R3,2023,11,17,,,,,,,,,,,,,,,,,,"3L/ha applied to desiccate for late season weed control, bring all crop types in together for harvest (+0.16% BS1000 = wetting agent)",kinnabulla,herbicide,2023-11-17,11.0,45.0,0.0,,,,,,,Diquat,L,3.0,
2993,KINNABULLA_S5_P2121_R3,2023,12,9,barley,,,,,,,,,,,,,,,,,,kinnabulla,termination,2023-12-09,80.0,0.0,1208.0919999999999,success,sale,4054.0,,,stubble,,,,
2994,KINNABULLA_S5_P2121_R3,2023,12,14,,,,,,,,,,,,,,,,,,0.4L/ha applied overall site knockdown to control summer weeds (+2% Liase =  liquid adjuvant),kinnabulla,herbicide,2023-12-14,11.0,3.38,0.0,,,,,,,Ester,L,0.4,
2995,KINNABULLA_S5_P2121_R3,2023,12,14,,,,,,,,,,,,,,,,,,2.5L/ha applied overall site knockdown to control summer weeds,kinnabulla,herbicide,2023-12-14,11.0,11.25,0.0,,,,,,,Glyphosate,L,2.5,
2996,KINNABULLA_S5_P2121_R3,2024,1,18,,,,,,,,,,,,,,,,,,"2.5L/ha applied overall site knockdown to control summer weeds (heliotrope and odd thistle), vol. crop (wheat, barley, canola, radish, lentil)",kinnabulla,herbicide,2024-01-18,11.0,11.25,0.0,,,,,,,Glyphosate,L,2.5,
2997,KINNABULLA_S6_P1234_R1,2023,5,3,,,,,,,,,,,,,,,,,,0.8L/ha applied at sowing,kinnabulla,herbicide,2023-05-03,11.0,12.0,0.0,,,,,,,Terbyne xtreme,L,0.8,
2998,KINNABULLA_S6_P1234_R1,2023,5,3,,,,,,,,,,,,,,,,,,1.1L/ha applied at sowing,kinnabulla,herbicide,2023-05-03,11.0,27.500000000000004,0.0,,,,,,,Ultro,L,1.1,
2999,KINNABULLA_S6_P1234_R1,2023,5,23,,,,,,,,,,,,,,,,,,1.5L/ha applied at sowing,kinnabulla,herbicide,2023-05-23,11.0,12.0,0.0,,,,,,,Trifluralin,L,1.5,
3000,KINNABULLA_S6_P1234_R1,2023,5,23,,,,,,,,,,,,,,,,,,2L/ha applied at sowing,kinnabulla,herbicide,2023-05-23,11.0,34.0,0.0,,,,,,,Avadex,L,2.0,
3001,KINNABULLA_S6_P1234_R1,2023,5,23,,,,,,,,,,,,,,,,,,3L/ha applied at sowing,kinnabulla,herbicide,2023-05-23,11.0,13.5,0.0,,,,,,,Glyphosate 450,L,3.0,
3002,KINNABULLA_S6_P1234_R1,2023,5,23,,,,,,,,,,,,,,,,,,"60kg/ha applied at sowing (W, B, L)",kinnabulla,fertiliser,2023-05-23,8.5,38.4,0.0,,,,,,,Granulock SZ,kg,60.0,
3003,KINNABULLA_S6_P1234_R1,2023,5,23,lentil,,,gia thunder,,,True,,,sale,120.0,,,30.0,,,On-time,,kinnabulla,sowing,2023-05-23,50.0,0.0,0.0,,,,,,,,,,
3004,KINNABULLA_S6_P1234_R1,2023,7,10,,,,,,,,,,,,,,,,,,"0.12L/ha applied to all crop types to control the movement of pests back into pulse crops, could also more intro cereal crops and cause damage, 1-4 node. lucerne flea targeting vetch and lentil.",kinnabulla,pesticide,2023-07-10,11.0,4.32,0.0,,,,,,,Le-mat,L,0.12,insects
3005,KINNABULLA_S6_P1234_R1,2023,7,26,,,,,,,,,,,,,,,,,,"0.18L/ha applied to grass weed control, targeting brome grass & ryegrass, 2-4 node (+2% Liase = liquid adjuvant) (+0.5% Uptake = wetting agent)",kinnabulla,herbicide,2023-07-26,11.0,24.3,0.0,,,,,,,Factor,L,0.18,
3006,KINNABULLA_S6_P1234_R1,2023,7,26,,,,,,,,,,,,,,,,,,"grass weed control, targeting brome grass & ryegrass, 2-4 node",kinnabulla,herbicide,2023-07-26,11.0,3.3,0.0,,,,,,,Haloxyfop,L,0.075,
3007,KINNABULLA_S6_P1234_R1,2023,7,26,,,,,,,,,,,,,,,,,,"grass weed control, targeting brome grass & ryegrass, 2-4 node",kinnabulla,herbicide,2023-07-26,11.0,10.25,0.0,,,,,,,Clethodim 360,L,0.5,
3008,KINNABULLA_S6_P1234_R1,2023,8,2,,,,,,,,,,,,,,,,,,0.5L/ha applied to lentils and vetch (canopy closure) - botrytis and ascochyta,kinnabulla,fungicide,2023-08-02,11.0,27.25,0.0,,,,,,,Aviator Xpro,L,0.5,
3009,KINNABULLA_S6_P1234_R1,2023,10,9,,,,,,,,,,,,,,,,,,0.3L/ha applied in pulses to control grubs - podding,kinnabulla,pesticide,2023-10-09,11.0,2.952,0.0,,,,,,,Sumi-alpha flex,L,0.3,faw
3010,KINNABULLA_S6_P1234_R1,2023,11,17,,,,,,,,,,,,,,,,,,"3L/ha applied to desiccate for late season weed control, bring all crop types in together for harvest (+0.16% BS1000 = wetting agent)",kinnabulla,herbicide,2023-11-17,11.0,45.0,0.0,,,,,,,Diquat,L,3.0,
3011,KINNABULLA_S6_P1234_R1,2023,12,7,lentil,,,,,,,,,,,,,,,,,,kinnabulla,termination,2023-12-07,80.0,0.0,760.5,success,sale,1170.0,,,stubble,,,,
3012,KINNABULLA_S6_P1234_R1,2023,12,14,,,,,,,,,,,,,,,,,,0.4L/ha applied overall site knockdown to control summer weeds (+2% Liase =  liquid adjuvant),kinnabulla,herbicide,2023-12-14,11.0,3.38,0.0,,,,,,,Ester,L,0.4,
3013,KINNABULLA_S6_P1234_R1,2023,12,14,,,,,,,,,,,,,,,,,,2.5L/ha applied overall site knockdown to control summer weeds,kinnabulla,herbicide,2023-12-14,11.0,11.25,0.0,,,,,,,Glyphosate,L,2.5,
3014,KINNABULLA_S6_P1234_R1,2024,1,18,,,,,,,,,,,,,,,,,,"2.5L/ha applied overall site knockdown to control summer weeds (heliotrope and odd thistle), vol. crop (wheat, barley, canola, radish, lentil)",kinnabulla,herbicide,2024-01-18,11.0,11.25,0.0,,,,,,,Glyphosate,L,2.5,
3015,KINNABULLA_S6_P1234_R2,2023,5,3,,,,,,,,,,,,,,,,,,0.8L/ha applied at sowing,kinnabulla,herbicide,2023-05-03,11.0,12.0,0.0,,,,,,,Terbyne xtreme,L,0.8,
3016,KINNABULLA_S6_P1234_R2,2023,5,3,,,,,,,,,,,,,,,,,,1.1L/ha applied at sowing,kinnabulla,herbicide,2023-05-03,11.0,27.500000000000004,0.0,,,,,,,Ultro,L,1.1,
3017,KINNABULLA_S6_P1234_R2,2023,5,23,,,,,,,,,,,,,,,,,,1.5L/ha applied at sowing,kinnabulla,herbicide,2023-05-23,11.0,12.0,0.0,,,,,,,Trifluralin,L,1.5,
3018,KINNABULLA_S6_P1234_R2,2023,5,23,,,,,,,,,,,,,,,,,,2L/ha applied at sowing,kinnabulla,herbicide,2023-05-23,11.0,34.0,0.0,,,,,,,Avadex,L,2.0,
3019,KINNABULLA_S6_P1234_R2,2023,5,23,,,,,,,,,,,,,,,,,,3L/ha applied at sowing,kinnabulla,herbicide,2023-05-23,11.0,13.5,0.0,,,,,,,Glyphosate 450,L,3.0,
3020,KINNABULLA_S6_P1234_R2,2023,5,23,,,,,,,,,,,,,,,,,,"60kg/ha applied at sowing (W, B, L)",kinnabulla,fertiliser,2023-05-23,8.5,38.4,0.0,,,,,,,Granulock SZ,kg,60.0,
3021,KINNABULLA_S6_P1234_R2,2023,5,23,lentil,,,gia thunder,,,True,,,sale,120.0,,,30.0,,,On-time,,kinnabulla,sowing,2023-05-23,50.0,0.0,0.0,,,,,,,,,,
3022,KINNABULLA_S6_P1234_R2,2023,7,10,,,,,,,,,,,,,,,,,,"0.12L/ha applied to all crop types to control the movement of pests back into pulse crops, could also more intro cereal crops and cause damage, 1-4 node. lucerne flea targeting vetch and lentil.",kinnabulla,pesticide,2023-07-10,11.0,4.32,0.0,,,,,,,Le-mat,L,0.12,insects
3023,KINNABULLA_S6_P1234_R2,2023,7,26,,,,,,,,,,,,,,,,,,"0.18L/ha applied to grass weed control, targeting brome grass & ryegrass, 2-4 node (+2% Liase = liquid adjuvant) (+0.5% Uptake = wetting agent)",kinnabulla,herbicide,2023-07-26,11.0,24.3,0.0,,,,,,,Factor,L,0.18,
3024,KINNABULLA_S6_P1234_R2,2023,7,26,,,,,,,,,,,,,,,,,,"grass weed control, targeting brome grass & ryegrass, 2-4 node",kinnabulla,herbicide,2023-07-26,11.0,3.3,0.0,,,,,,,Haloxyfop,L,0.075,
3025,KINNABULLA_S6_P1234_R2,2023,7,26,,,,,,,,,,,,,,,,,,"grass weed control, targeting brome grass & ryegrass, 2-4 node",kinnabulla,herbicide,2023-07-26,11.0,10.25,0.0,,,,,,,Clethodim 360,L,0.5,
3026,KINNABULLA_S6_P1234_R2,2023,8,2,,,,,,,,,,,,,,,,,,0.5L/ha applied to lentils and vetch (canopy closure) - botrytis and ascochyta,kinnabulla,fungicide,2023-08-02,11.0,27.25,0.0,,,,,,,Aviator Xpro,L,0.5,
3027,KINNABULLA_S6_P1234_R2,2023,10,9,,,,,,,,,,,,,,,,,,0.3L/ha applied in pulses to control grubs - podding,kinnabulla,pesticide,2023-10-09,11.0,2.952,0.0,,,,,,,Sumi-alpha flex,L,0.3,faw
3028,KINNABULLA_S6_P1234_R2,2023,11,17,,,,,,,,,,,,,,,,,,"3L/ha applied to desiccate for late season weed control, bring all crop types in together for harvest (+0.16% BS1000 = wetting agent)",kinnabulla,herbicide,2023-11-17,11.0,45.0,0.0,,,,,,,Diquat,L,3.0,
3029,KINNABULLA_S6_P1234_R2,2023,12,7,lentil,,,,,,,,,,,,,,,,,,kinnabulla,termination,2023-12-07,80.0,0.0,950.3000000000001,success,sale,1462.0,,,stubble,,,,
3030,KINNABULLA_S6_P1234_R2,2023,12,14,,,,,,,,,,,,,,,,,,0.4L/ha applied overall site knockdown to control summer weeds (+2% Liase =  liquid adjuvant),kinnabulla,herbicide,2023-12-14,11.0,3.38,0.0,,,,,,,Ester,L,0.4,
3031,KINNABULLA_S6_P1234_R2,2023,12,14,,,,,,,,,,,,,,,,,,2.5L/ha applied overall site knockdown to control summer weeds,kinnabulla,herbicide,2023-12-14,11.0,11.25,0.0,,,,,,,Glyphosate,L,2.5,
3032,KINNABULLA_S6_P1234_R2,2024,1,18,,,,,,,,,,,,,,,,,,"2.5L/ha applied overall site knockdown to control summer weeds (heliotrope and odd thistle), vol. crop (wheat, barley, canola, radish, lentil)",kinnabulla,herbicide,2024-01-18,11.0,11.25,0.0,,,,,,,Glyphosate,L,2.5,
3033,KINNABULLA_S6_P1234_R3,2023,5,3,,,,,,,,,,,,,,,,,,0.8L/ha applied at sowing,kinnabulla,herbicide,2023-05-03,11.0,12.0,0.0,,,,,,,Terbyne xtreme,L,0.8,
3034,KINNABULLA_S6_P1234_R3,2023,5,3,,,,,,,,,,,,,,,,,,1.1L/ha applied at sowing,kinnabulla,herbicide,2023-05-03,11.0,27.500000000000004,0.0,,,,,,,Ultro,L,1.1,
3035,KINNABULLA_S6_P1234_R3,2023,5,23,,,,,,,,,,,,,,,,,,1.5L/ha applied at sowing,kinnabulla,herbicide,2023-05-23,11.0,12.0,0.0,,,,,,,Trifluralin,L,1.5,
3036,KINNABULLA_S6_P1234_R3,2023,5,23,,,,,,,,,,,,,,,,,,2L/ha applied at sowing,kinnabulla,herbicide,2023-05-23,11.0,34.0,0.0,,,,,,,Avadex,L,2.0,
3037,KINNABULLA_S6_P1234_R3,2023,5,23,,,,,,,,,,,,,,,,,,3L/ha applied at sowing,kinnabulla,herbicide,2023-05-23,11.0,13.5,0.0,,,,,,,Glyphosate 450,L,3.0,
3038,KINNABULLA_S6_P1234_R3,2023,5,23,,,,,,,,,,,,,,,,,,"60kg/ha applied at sowing (W, B, L)",kinnabulla,fertiliser,2023-05-23,8.5,38.4,0.0,,,,,,,Granulock SZ,kg,60.0,
3039,KINNABULLA_S6_P1234_R3,2023,5,23,lentil,,,gia thunder,,,True,,,sale,120.0,,,30.0,,,On-time,,kinnabulla,sowing,2023-05-23,50.0,0.0,0.0,,,,,,,,,,
3040,KINNABULLA_S6_P1234_R3,2023,7,10,,,,,,,,,,,,,,,,,,"0.12L/ha applied to all crop types to control the movement of pests back into pulse crops, could also more intro cereal crops and cause damage, 1-4 node. lucerne flea targeting vetch and lentil.",kinnabulla,pesticide,2023-07-10,11.0,4.32,0.0,,,,,,,Le-mat,L,0.12,insects
3041,KINNABULLA_S6_P1234_R3,2023,7,26,,,,,,,,,,,,,,,,,,"0.18L/ha applied to grass weed control, targeting brome grass & ryegrass, 2-4 node (+2% Liase = liquid adjuvant) (+0.5% Uptake = wetting agent)",kinnabulla,herbicide,2023-07-26,11.0,24.3,0.0,,,,,,,Factor,L,0.18,
3042,KINNABULLA_S6_P1234_R3,2023,7,26,,,,,,,,,,,,,,,,,,"grass weed control, targeting brome grass & ryegrass, 2-4 node",kinnabulla,herbicide,2023-07-26,11.0,3.3,0.0,,,,,,,Haloxyfop,L,0.075,
3043,KINNABULLA_S6_P1234_R3,2023,7,26,,,,,,,,,,,,,,,,,,"grass weed control, targeting brome grass & ryegrass, 2-4 node",kinnabulla,herbicide,2023-07-26,11.0,10.25,0.0,,,,,,,Clethodim 360,L,0.5,
3044,KINNABULLA_S6_P1234_R3,2023,8,2,,,,,,,,,,,,,,,,,,0.5L/ha applied to lentils and vetch (canopy closure) - botrytis and ascochyta,kinnabulla,fungicide,2023-08-02,11.0,27.25,0.0,,,,,,,Aviator Xpro,L,0.5,
3045,KINNABULLA_S6_P1234_R3,2023,10,9,,,,,,,,,,,,,,,,,,0.3L/ha applied in pulses to control grubs - podding,kinnabulla,pesticide,2023-10-09,11.0,2.952,0.0,,,,,,,Sumi-alpha flex,L,0.3,faw
3046,KINNABULLA_S6_P1234_R3,2023,11,17,,,,,,,,,,,,,,,,,,"3L/ha applied to desiccate for late season weed control, bring all crop types in together for harvest (+0.16% BS1000 = wetting agent)",kinnabulla,herbicide,2023-11-17,11.0,45.0,0.0,,,,,,,Diquat,L,3.0,
3047,KINNABULLA_S6_P1234_R3,2023,12,7,lentil,,,,,,,,,,,,,,,,,,kinnabulla,termination,2023-12-07,80.0,0.0,1007.5,success,sale,1550.0,,,stubble,,,,
3048,KINNABULLA_S6_P1234_R3,2023,12,14,,,,,,,,,,,,,,,,,,0.4L/ha applied overall site knockdown to control summer weeds (+2% Liase =  liquid adjuvant),kinnabulla,herbicide,2023-12-14,11.0,3.38,0.0,,,,,,,Ester,L,0.4,
3049,KINNABULLA_S6_P1234_R3,2023,12,14,,,,,,,,,,,,,,,,,,2.5L/ha applied overall site knockdown to control summer weeds,kinnabulla,herbicide,2023-12-14,11.0,11.25,0.0,,,,,,,Glyphosate,L,2.5,
3050,KINNABULLA_S6_P1234_R3,2024,1,18,,,,,,,,,,,,,,,,,,"2.5L/ha applied overall site knockdown to control summer weeds (heliotrope and odd thistle), vol. crop (wheat, barley, canola, radish, lentil)",kinnabulla,herbicide,2024-01-18,11.0,11.25,0.0,,,,,,,Glyphosate,L,2.5,
3051,KINNABULLA_S6_P2341_R1,2023,5,23,,,,,,,,,,,,,,,,,,1.5L/ha applied at sowing,kinnabulla,herbicide,2023-05-23,11.0,12.0,0.0,,,,,,,Trifluralin,L,1.5,
3052,KINNABULLA_S6_P2341_R1,2023,5,23,,,,,,,,,,,,,,,,,,2L/ha applied at sowing,kinnabulla,herbicide,2023-05-23,11.0,34.0,0.0,,,,,,,Avadex,L,2.0,
3053,KINNABULLA_S6_P2341_R1,2023,5,23,,,,,,,,,,,,,,,,,,3L/ha applied at sowing,kinnabulla,herbicide,2023-05-23,11.0,13.5,0.0,,,,,,,Glyphosate 450,L,3.0,
3054,KINNABULLA_S6_P2341_R1,2023,5,23,,,,,,,,,,,,,,,,,,"60kg/ha applied at sowing (W, B, L)",kinnabulla,fertiliser,2023-05-23,8.5,38.4,0.0,,,,,,,Granulock SZ,kg,60.0,
3055,KINNABULLA_S6_P2341_R1,2023,5,23,wheat,,,scepter,,,True,,,sale,130.0,,,30.0,,,On-time,,kinnabulla,sowing,2023-05-23,50.0,0.0,0.0,,,,,,,,,,
3056,KINNABULLA_S6_P2341_R1,2023,6,21,,,,,,,,,,,,,,,,,,257kg/ha top dressing - Wheat D5,kinnabulla,fertiliser,2023-06-21,8.5,128.5,0.0,,,,,,,Urea,kg,257.0,
3057,KINNABULLA_S6_P2341_R1,2023,7,10,,,,,,,,,,,,,,,,,,"0.12L/ha applied to all crop types to control the movement of pests back into pulse crops, could also more intro cereal crops and cause damage, 1-4 node. lucerne flea targeting vetch and lentil.",kinnabulla,pesticide,2023-07-10,11.0,4.32,0.0,,,,,,,Le-mat,L,0.12,insects
3058,KINNABULLA_S6_P2341_R1,2023,7,26,,,,,,,,,,,,,,,,,,"0.025L/ha applied to broadleaf weed control, targeting broadleaf weeds and vol lentils, GS13 (+0.5% uptake = wetting agent)
 *note - spray damage in wheat treatments",kinnabulla,herbicide,2023-07-26,11.0,12.25,0.0,,,,,,,Paradigm,L,0.025,
3059,KINNABULLA_S6_P2341_R1,2023,7,26,,,,,,,,,,,,,,,,,,"0.5L/ha applied to broadleaf weed control, targeting broadleaf weeds and vol lentils, GS13.
 *note - spray damage in wheat treatments",kinnabulla,herbicide,2023-07-26,11.0,4.07,0.0,,,,,,,MCPA LVE,L,0.5,
3060,KINNABULLA_S6_P2341_R1,2023,11,17,,,,,,,,,,,,,,,,,,"3L/ha applied to desiccate for late season weed control, bring all crop types in together for harvest (+0.16% BS1000 = wetting agent)",kinnabulla,herbicide,2023-11-17,11.0,45.0,0.0,,,,,,,Diquat,L,3.0,
3061,KINNABULLA_S6_P2341_R1,2023,12,7,wheat,,,,,,,,,,,,,,,,,,kinnabulla,termination,2023-12-07,80.0,0.0,1869.45,success,sale,5665.0,,,stubble,,,,
3062,KINNABULLA_S6_P2341_R1,2023,12,14,,,,,,,,,,,,,,,,,,0.4L/ha applied overall site knockdown to control summer weeds (+2% Liase =  liquid adjuvant),kinnabulla,herbicide,2023-12-14,11.0,3.38,0.0,,,,,,,Ester,L,0.4,
3063,KINNABULLA_S6_P2341_R1,2023,12,14,,,,,,,,,,,,,,,,,,2.5L/ha applied overall site knockdown to control summer weeds,kinnabulla,herbicide,2023-12-14,11.0,11.25,0.0,,,,,,,Glyphosate,L,2.5,
3064,KINNABULLA_S6_P2341_R1,2024,1,18,,,,,,,,,,,,,,,,,,"2.5L/ha applied overall site knockdown to control summer weeds (heliotrope and odd thistle), vol. crop (wheat, barley, canola, radish, lentil)",kinnabulla,herbicide,2024-01-18,11.0,11.25,0.0,,,,,,,Glyphosate,L,2.5,
3065,KINNABULLA_S6_P2341_R2,2023,5,23,,,,,,,,,,,,,,,,,,1.5L/ha applied at sowing,kinnabulla,herbicide,2023-05-23,11.0,12.0,0.0,,,,,,,Trifluralin,L,1.5,
3066,KINNABULLA_S6_P2341_R2,2023,5,23,,,,,,,,,,,,,,,,,,2L/ha applied at sowing,kinnabulla,herbicide,2023-05-23,11.0,34.0,0.0,,,,,,,Avadex,L,2.0,
3067,KINNABULLA_S6_P2341_R2,2023,5,23,,,,,,,,,,,,,,,,,,3L/ha applied at sowing,kinnabulla,herbicide,2023-05-23,11.0,13.5,0.0,,,,,,,Glyphosate 450,L,3.0,
3068,KINNABULLA_S6_P2341_R2,2023,5,23,,,,,,,,,,,,,,,,,,"60kg/ha applied at sowing (W, B, L)",kinnabulla,fertiliser,2023-05-23,8.5,38.4,0.0,,,,,,,Granulock SZ,kg,60.0,
3069,KINNABULLA_S6_P2341_R2,2023,5,23,wheat,,,scepter,,,True,,,sale,130.0,,,30.0,,,On-time,,kinnabulla,sowing,2023-05-23,50.0,0.0,0.0,,,,,,,,,,
3070,KINNABULLA_S6_P2341_R2,2023,6,21,,,,,,,,,,,,,,,,,,257kg/ha top dressing - Wheat D5,kinnabulla,fertiliser,2023-06-21,8.5,128.5,0.0,,,,,,,Urea,kg,257.0,
3071,KINNABULLA_S6_P2341_R2,2023,7,10,,,,,,,,,,,,,,,,,,"0.12L/ha applied to all crop types to control the movement of pests back into pulse crops, could also more intro cereal crops and cause damage, 1-4 node. lucerne flea targeting vetch and lentil.",kinnabulla,pesticide,2023-07-10,11.0,4.32,0.0,,,,,,,Le-mat,L,0.12,insects
3072,KINNABULLA_S6_P2341_R2,2023,7,26,,,,,,,,,,,,,,,,,,"0.025L/ha applied to broadleaf weed control, targeting broadleaf weeds and vol lentils, GS13 (+0.5% uptake = wetting agent)
 *note - spray damage in wheat treatments",kinnabulla,herbicide,2023-07-26,11.0,12.25,0.0,,,,,,,Paradigm,L,0.025,
3073,KINNABULLA_S6_P2341_R2,2023,7,26,,,,,,,,,,,,,,,,,,"0.5L/ha applied to broadleaf weed control, targeting broadleaf weeds and vol lentils, GS13.
 *note - spray damage in wheat treatments",kinnabulla,herbicide,2023-07-26,11.0,4.07,0.0,,,,,,,MCPA LVE,L,0.5,
3074,KINNABULLA_S6_P2341_R2,2023,11,17,,,,,,,,,,,,,,,,,,"3L/ha applied to desiccate for late season weed control, bring all crop types in together for harvest (+0.16% BS1000 = wetting agent)",kinnabulla,herbicide,2023-11-17,11.0,45.0,0.0,,,,,,,Diquat,L,3.0,
3075,KINNABULLA_S6_P2341_R2,2023,12,7,wheat,,,,,,,,,,,,,,,,,,kinnabulla,termination,2023-12-07,80.0,0.0,1625.5800000000002,success,sale,4926.0,,,stubble,,,,
3076,KINNABULLA_S6_P2341_R2,2023,12,14,,,,,,,,,,,,,,,,,,0.4L/ha applied overall site knockdown to control summer weeds (+2% Liase =  liquid adjuvant),kinnabulla,herbicide,2023-12-14,11.0,3.38,0.0,,,,,,,Ester,L,0.4,
3077,KINNABULLA_S6_P2341_R2,2023,12,14,,,,,,,,,,,,,,,,,,2.5L/ha applied overall site knockdown to control summer weeds,kinnabulla,herbicide,2023-12-14,11.0,11.25,0.0,,,,,,,Glyphosate,L,2.5,
3078,KINNABULLA_S6_P2341_R2,2024,1,18,,,,,,,,,,,,,,,,,,"2.5L/ha applied overall site knockdown to control summer weeds (heliotrope and odd thistle), vol. crop (wheat, barley, canola, radish, lentil)",kinnabulla,herbicide,2024-01-18,11.0,11.25,0.0,,,,,,,Glyphosate,L,2.5,
3079,KINNABULLA_S6_P2341_R3,2023,5,23,,,,,,,,,,,,,,,,,,1.5L/ha applied at sowing,kinnabulla,herbicide,2023-05-23,11.0,12.0,0.0,,,,,,,Trifluralin,L,1.5,
3080,KINNABULLA_S6_P2341_R3,2023,5,23,,,,,,,,,,,,,,,,,,2L/ha applied at sowing,kinnabulla,herbicide,2023-05-23,11.0,34.0,0.0,,,,,,,Avadex,L,2.0,
3081,KINNABULLA_S6_P2341_R3,2023,5,23,,,,,,,,,,,,,,,,,,3L/ha applied at sowing,kinnabulla,herbicide,2023-05-23,11.0,13.5,0.0,,,,,,,Glyphosate 450,L,3.0,
3082,KINNABULLA_S6_P2341_R3,2023,5,23,,,,,,,,,,,,,,,,,,"60kg/ha applied at sowing (W, B, L)",kinnabulla,fertiliser,2023-05-23,8.5,38.4,0.0,,,,,,,Granulock SZ,kg,60.0,
3083,KINNABULLA_S6_P2341_R3,2023,5,23,wheat,,,scepter,,,True,,,sale,130.0,,,30.0,,,On-time,,kinnabulla,sowing,2023-05-23,50.0,0.0,0.0,,,,,,,,,,
3084,KINNABULLA_S6_P2341_R3,2023,6,21,,,,,,,,,,,,,,,,,,257kg/ha top dressing - Wheat D5,kinnabulla,fertiliser,2023-06-21,8.5,128.5,0.0,,,,,,,Urea,kg,257.0,
3085,KINNABULLA_S6_P2341_R3,2023,7,10,,,,,,,,,,,,,,,,,,"0.12L/ha applied to all crop types to control the movement of pests back into pulse crops, could also more intro cereal crops and cause damage, 1-4 node. lucerne flea targeting vetch and lentil.",kinnabulla,pesticide,2023-07-10,11.0,4.32,0.0,,,,,,,Le-mat,L,0.12,insects
3086,KINNABULLA_S6_P2341_R3,2023,7,26,,,,,,,,,,,,,,,,,,"0.025L/ha applied to broadleaf weed control, targeting broadleaf weeds and vol lentils, GS13 (+0.5% uptake = wetting agent)
 *note - spray damage in wheat treatments",kinnabulla,herbicide,2023-07-26,11.0,12.25,0.0,,,,,,,Paradigm,L,0.025,
3087,KINNABULLA_S6_P2341_R3,2023,7,26,,,,,,,,,,,,,,,,,,"0.5L/ha applied to broadleaf weed control, targeting broadleaf weeds and vol lentils, GS13.
 *note - spray damage in wheat treatments",kinnabulla,herbicide,2023-07-26,11.0,4.07,0.0,,,,,,,MCPA LVE,L,0.5,
3088,KINNABULLA_S6_P2341_R3,2023,11,17,,,,,,,,,,,,,,,,,,"3L/ha applied to desiccate for late season weed control, bring all crop types in together for harvest (+0.16% BS1000 = wetting agent)",kinnabulla,herbicide,2023-11-17,11.0,45.0,0.0,,,,,,,Diquat,L,3.0,
3089,KINNABULLA_S6_P2341_R3,2023,12,7,wheat,,,,,,,,,,,,,,,,,,kinnabulla,termination,2023-12-07,80.0,0.0,1552.98,success,sale,4706.0,,,stubble,,,,
3090,KINNABULLA_S6_P2341_R3,2023,12,14,,,,,,,,,,,,,,,,,,0.4L/ha applied overall site knockdown to control summer weeds (+2% Liase =  liquid adjuvant),kinnabulla,herbicide,2023-12-14,11.0,3.38,0.0,,,,,,,Ester,L,0.4,
3091,KINNABULLA_S6_P2341_R3,2023,12,14,,,,,,,,,,,,,,,,,,2.5L/ha applied overall site knockdown to control summer weeds,kinnabulla,herbicide,2023-12-14,11.0,11.25,0.0,,,,,,,Glyphosate,L,2.5,
3092,KINNABULLA_S6_P2341_R3,2024,1,18,,,,,,,,,,,,,,,,,,"2.5L/ha applied overall site knockdown to control summer weeds (heliotrope and odd thistle), vol. crop (wheat, barley, canola, radish, lentil)",kinnabulla,herbicide,2024-01-18,11.0,11.25,0.0,,,,,,,Glyphosate,L,2.5,
3093,KINNABULLA_S6_P3412_R1,2023,5,23,,,,,,,,,,,,,,,,,,1.5L/ha applied at sowing,kinnabulla,herbicide,2023-05-23,11.0,12.0,0.0,,,,,,,Trifluralin,L,1.5,
3094,KINNABULLA_S6_P3412_R1,2023,5,23,,,,,,,,,,,,,,,,,,2L/ha applied at sowing,kinnabulla,herbicide,2023-05-23,11.0,34.0,0.0,,,,,,,Avadex,L,2.0,
3095,KINNABULLA_S6_P3412_R1,2023,5,23,,,,,,,,,,,,,,,,,,3L/ha applied at sowing,kinnabulla,herbicide,2023-05-23,11.0,13.5,0.0,,,,,,,Glyphosate 450,L,3.0,
3096,KINNABULLA_S6_P3412_R1,2023,5,23,,,,,,,,,,,,,,,,,,"60kg/ha applied at sowing (W, B, L)",kinnabulla,fertiliser,2023-05-23,8.5,38.4,0.0,,,,,,,Granulock SZ,kg,60.0,
3097,KINNABULLA_S6_P3412_R1,2023,5,23,wheat,,,scepter,,,True,,,sale,130.0,,,30.0,,,On-time,,kinnabulla,sowing,2023-05-23,50.0,0.0,0.0,,,,,,,,,,
3098,KINNABULLA_S6_P3412_R1,2023,6,21,,,,,,,,,,,,,,,,,,257kg/ha top dressing - Wheat D5,kinnabulla,fertiliser,2023-06-21,8.5,128.5,0.0,,,,,,,Urea,kg,257.0,
3099,KINNABULLA_S6_P3412_R1,2023,7,10,,,,,,,,,,,,,,,,,,"0.12L/ha applied to all crop types to control the movement of pests back into pulse crops, could also more intro cereal crops and cause damage, 1-4 node. lucerne flea targeting vetch and lentil.",kinnabulla,pesticide,2023-07-10,11.0,4.32,0.0,,,,,,,Le-mat,L,0.12,insects
3100,KINNABULLA_S6_P3412_R1,2023,7,26,,,,,,,,,,,,,,,,,,"0.025L/ha applied to broadleaf weed control, targeting broadleaf weeds and vol lentils, GS13 (+0.5% uptake = wetting agent)
 *note - spray damage in wheat treatments",kinnabulla,herbicide,2023-07-26,11.0,12.25,0.0,,,,,,,Paradigm,L,0.025,
3101,KINNABULLA_S6_P3412_R1,2023,7,26,,,,,,,,,,,,,,,,,,"0.5L/ha applied to broadleaf weed control, targeting broadleaf weeds and vol lentils, GS13.
 *note - spray damage in wheat treatments",kinnabulla,herbicide,2023-07-26,11.0,4.07,0.0,,,,,,,MCPA LVE,L,0.5,
3102,KINNABULLA_S6_P3412_R1,2023,11,17,,,,,,,,,,,,,,,,,,"3L/ha applied to desiccate for late season weed control, bring all crop types in together for harvest (+0.16% BS1000 = wetting agent)",kinnabulla,herbicide,2023-11-17,11.0,45.0,0.0,,,,,,,Diquat,L,3.0,
3103,KINNABULLA_S6_P3412_R1,2023,12,7,wheat,,,,,,,,,,,,,,,,,,kinnabulla,termination,2023-12-07,80.0,0.0,1562.5500000000002,success,sale,4735.0,,,stubble,,,,
3104,KINNABULLA_S6_P3412_R1,2023,12,14,,,,,,,,,,,,,,,,,,0.4L/ha applied overall site knockdown to control summer weeds (+2% Liase =  liquid adjuvant),kinnabulla,herbicide,2023-12-14,11.0,3.38,0.0,,,,,,,Ester,L,0.4,
3105,KINNABULLA_S6_P3412_R1,2023,12,14,,,,,,,,,,,,,,,,,,2.5L/ha applied overall site knockdown to control summer weeds,kinnabulla,herbicide,2023-12-14,11.0,11.25,0.0,,,,,,,Glyphosate,L,2.5,
3106,KINNABULLA_S6_P3412_R1,2024,1,18,,,,,,,,,,,,,,,,,,"2.5L/ha applied overall site knockdown to control summer weeds (heliotrope and odd thistle), vol. crop (wheat, barley, canola, radish, lentil)",kinnabulla,herbicide,2024-01-18,11.0,11.25,0.0,,,,,,,Glyphosate,L,2.5,
3107,KINNABULLA_S6_P3412_R2,2023,5,23,,,,,,,,,,,,,,,,,,1.5L/ha applied at sowing,kinnabulla,herbicide,2023-05-23,11.0,12.0,0.0,,,,,,,Trifluralin,L,1.5,
3108,KINNABULLA_S6_P3412_R2,2023,5,23,,,,,,,,,,,,,,,,,,2L/ha applied at sowing,kinnabulla,herbicide,2023-05-23,11.0,34.0,0.0,,,,,,,Avadex,L,2.0,
3109,KINNABULLA_S6_P3412_R2,2023,5,23,,,,,,,,,,,,,,,,,,3L/ha applied at sowing,kinnabulla,herbicide,2023-05-23,11.0,13.5,0.0,,,,,,,Glyphosate 450,L,3.0,
3110,KINNABULLA_S6_P3412_R2,2023,5,23,,,,,,,,,,,,,,,,,,"60kg/ha applied at sowing (W, B, L)",kinnabulla,fertiliser,2023-05-23,8.5,38.4,0.0,,,,,,,Granulock SZ,kg,60.0,
3111,KINNABULLA_S6_P3412_R2,2023,5,23,wheat,,,scepter,,,True,,,sale,130.0,,,30.0,,,On-time,,kinnabulla,sowing,2023-05-23,50.0,0.0,0.0,,,,,,,,,,
3112,KINNABULLA_S6_P3412_R2,2023,6,21,,,,,,,,,,,,,,,,,,257kg/ha top dressing - Wheat D5,kinnabulla,fertiliser,2023-06-21,8.5,128.5,0.0,,,,,,,Urea,kg,257.0,
3113,KINNABULLA_S6_P3412_R2,2023,7,10,,,,,,,,,,,,,,,,,,"0.12L/ha applied to all crop types to control the movement of pests back into pulse crops, could also more intro cereal crops and cause damage, 1-4 node. lucerne flea targeting vetch and lentil.",kinnabulla,pesticide,2023-07-10,11.0,4.32,0.0,,,,,,,Le-mat,L,0.12,insects
3114,KINNABULLA_S6_P3412_R2,2023,7,26,,,,,,,,,,,,,,,,,,"0.025L/ha applied to broadleaf weed control, targeting broadleaf weeds and vol lentils, GS13 (+0.5% uptake = wetting agent)
 *note - spray damage in wheat treatments",kinnabulla,herbicide,2023-07-26,11.0,12.25,0.0,,,,,,,Paradigm,L,0.025,
3115,KINNABULLA_S6_P3412_R2,2023,7,26,,,,,,,,,,,,,,,,,,"0.5L/ha applied to broadleaf weed control, targeting broadleaf weeds and vol lentils, GS13.
 *note - spray damage in wheat treatments",kinnabulla,herbicide,2023-07-26,11.0,4.07,0.0,,,,,,,MCPA LVE,L,0.5,
3116,KINNABULLA_S6_P3412_R2,2023,11,17,,,,,,,,,,,,,,,,,,"3L/ha applied to desiccate for late season weed control, bring all crop types in together for harvest (+0.16% BS1000 = wetting agent)",kinnabulla,herbicide,2023-11-17,11.0,45.0,0.0,,,,,,,Diquat,L,3.0,
3117,KINNABULLA_S6_P3412_R2,2023,12,7,wheat,,,,,,,,,,,,,,,,,,kinnabulla,termination,2023-12-07,80.0,0.0,1643.73,success,sale,4981.0,,,stubble,,,,
3118,KINNABULLA_S6_P3412_R2,2023,12,14,,,,,,,,,,,,,,,,,,0.4L/ha applied overall site knockdown to control summer weeds (+2% Liase =  liquid adjuvant),kinnabulla,herbicide,2023-12-14,11.0,3.38,0.0,,,,,,,Ester,L,0.4,
3119,KINNABULLA_S6_P3412_R2,2023,12,14,,,,,,,,,,,,,,,,,,2.5L/ha applied overall site knockdown to control summer weeds,kinnabulla,herbicide,2023-12-14,11.0,11.25,0.0,,,,,,,Glyphosate,L,2.5,
3120,KINNABULLA_S6_P3412_R2,2024,1,18,,,,,,,,,,,,,,,,,,"2.5L/ha applied overall site knockdown to control summer weeds (heliotrope and odd thistle), vol. crop (wheat, barley, canola, radish, lentil)",kinnabulla,herbicide,2024-01-18,11.0,11.25,0.0,,,,,,,Glyphosate,L,2.5,
3121,KINNABULLA_S6_P3412_R3,2023,5,23,,,,,,,,,,,,,,,,,,1.5L/ha applied at sowing,kinnabulla,herbicide,2023-05-23,11.0,12.0,0.0,,,,,,,Trifluralin,L,1.5,
3122,KINNABULLA_S6_P3412_R3,2023,5,23,,,,,,,,,,,,,,,,,,2L/ha applied at sowing,kinnabulla,herbicide,2023-05-23,11.0,34.0,0.0,,,,,,,Avadex,L,2.0,
3123,KINNABULLA_S6_P3412_R3,2023,5,23,,,,,,,,,,,,,,,,,,3L/ha applied at sowing,kinnabulla,herbicide,2023-05-23,11.0,13.5,0.0,,,,,,,Glyphosate 450,L,3.0,
3124,KINNABULLA_S6_P3412_R3,2023,5,23,,,,,,,,,,,,,,,,,,"60kg/ha applied at sowing (W, B, L)",kinnabulla,fertiliser,2023-05-23,8.5,38.4,0.0,,,,,,,Granulock SZ,kg,60.0,
3125,KINNABULLA_S6_P3412_R3,2023,5,23,wheat,,,scepter,,,True,,,sale,130.0,,,30.0,,,On-time,,kinnabulla,sowing,2023-05-23,50.0,0.0,0.0,,,,,,,,,,
3126,KINNABULLA_S6_P3412_R3,2023,6,21,,,,,,,,,,,,,,,,,,257kg/ha top dressing - Wheat D5,kinnabulla,fertiliser,2023-06-21,8.5,128.5,0.0,,,,,,,Urea,kg,257.0,
3127,KINNABULLA_S6_P3412_R3,2023,7,10,,,,,,,,,,,,,,,,,,"0.12L/ha applied to all crop types to control the movement of pests back into pulse crops, could also more intro cereal crops and cause damage, 1-4 node. lucerne flea targeting vetch and lentil.",kinnabulla,pesticide,2023-07-10,11.0,4.32,0.0,,,,,,,Le-mat,L,0.12,insects
3128,KINNABULLA_S6_P3412_R3,2023,7,26,,,,,,,,,,,,,,,,,,"0.025L/ha applied to broadleaf weed control, targeting broadleaf weeds and vol lentils, GS13 (+0.5% uptake = wetting agent)
 *note - spray damage in wheat treatments",kinnabulla,herbicide,2023-07-26,11.0,12.25,0.0,,,,,,,Paradigm,L,0.025,
3129,KINNABULLA_S6_P3412_R3,2023,7,26,,,,,,,,,,,,,,,,,,"0.5L/ha applied to broadleaf weed control, targeting broadleaf weeds and vol lentils, GS13.
 *note - spray damage in wheat treatments",kinnabulla,herbicide,2023-07-26,11.0,4.07,0.0,,,,,,,MCPA LVE,L,0.5,
3130,KINNABULLA_S6_P3412_R3,2023,11,17,,,,,,,,,,,,,,,,,,"3L/ha applied to desiccate for late season weed control, bring all crop types in together for harvest (+0.16% BS1000 = wetting agent)",kinnabulla,herbicide,2023-11-17,11.0,45.0,0.0,,,,,,,Diquat,L,3.0,
3131,KINNABULLA_S6_P3412_R3,2023,12,7,wheat,,,,,,,,,,,,,,,,,,kinnabulla,termination,2023-12-07,80.0,0.0,1525.92,success,sale,4624.0,,,stubble,,,,
3132,KINNABULLA_S6_P3412_R3,2023,12,14,,,,,,,,,,,,,,,,,,0.4L/ha applied overall site knockdown to control summer weeds (+2% Liase =  liquid adjuvant),kinnabulla,herbicide,2023-12-14,11.0,3.38,0.0,,,,,,,Ester,L,0.4,
3133,KINNABULLA_S6_P3412_R3,2023,12,14,,,,,,,,,,,,,,,,,,2.5L/ha applied overall site knockdown to control summer weeds,kinnabulla,herbicide,2023-12-14,11.0,11.25,0.0,,,,,,,Glyphosate,L,2.5,
3134,KINNABULLA_S6_P3412_R3,2024,1,18,,,,,,,,,,,,,,,,,,"2.5L/ha applied overall site knockdown to control summer weeds (heliotrope and odd thistle), vol. crop (wheat, barley, canola, radish, lentil)",kinnabulla,herbicide,2024-01-18,11.0,11.25,0.0,,,,,,,Glyphosate,L,2.5,
3135,KINNABULLA_S6_P4123_R1,2023,5,23,,,,,,,,,,,,,,,,,,1.5L/ha applied at sowing,kinnabulla,herbicide,2023-05-23,11.0,12.0,0.0,,,,,,,Trifluralin,L,1.5,
3136,KINNABULLA_S6_P4123_R1,2023,5,23,,,,,,,,,,,,,,,,,,2L/ha applied at sowing,kinnabulla,herbicide,2023-05-23,11.0,34.0,0.0,,,,,,,Avadex,L,2.0,
3137,KINNABULLA_S6_P4123_R1,2023,5,23,,,,,,,,,,,,,,,,,,3L/ha applied at sowing,kinnabulla,herbicide,2023-05-23,11.0,13.5,0.0,,,,,,,Glyphosate 450,L,3.0,
3138,KINNABULLA_S6_P4123_R1,2023,5,23,,,,,,,,,,,,,,,,,,"60kg/ha applied at sowing (W, B, L)",kinnabulla,fertiliser,2023-05-23,8.5,38.4,0.0,,,,,,,Granulock SZ,kg,60.0,
3139,KINNABULLA_S6_P4123_R1,2023,5,23,wheat,,,scepter,,,True,,,sale,130.0,,,30.0,,,On-time,,kinnabulla,sowing,2023-05-23,50.0,0.0,0.0,,,,,,,,,,
3140,KINNABULLA_S6_P4123_R1,2023,6,21,,,,,,,,,,,,,,,,,,257kg/ha top dressing - Wheat D5,kinnabulla,fertiliser,2023-06-21,8.5,128.5,0.0,,,,,,,Urea,kg,257.0,
3141,KINNABULLA_S6_P4123_R1,2023,7,10,,,,,,,,,,,,,,,,,,"0.12L/ha applied to all crop types to control the movement of pests back into pulse crops, could also more intro cereal crops and cause damage, 1-4 node. lucerne flea targeting vetch and lentil.",kinnabulla,pesticide,2023-07-10,11.0,4.32,0.0,,,,,,,Le-mat,L,0.12,insects
3142,KINNABULLA_S6_P4123_R1,2023,7,26,,,,,,,,,,,,,,,,,,"0.025L/ha applied to broadleaf weed control, targeting broadleaf weeds and vol lentils, GS13 (+0.5% uptake = wetting agent)
 *note - spray damage in wheat treatments",kinnabulla,herbicide,2023-07-26,11.0,12.25,0.0,,,,,,,Paradigm,L,0.025,
3143,KINNABULLA_S6_P4123_R1,2023,7,26,,,,,,,,,,,,,,,,,,"0.5L/ha applied to broadleaf weed control, targeting broadleaf weeds and vol lentils, GS13.
 *note - spray damage in wheat treatments",kinnabulla,herbicide,2023-07-26,11.0,4.07,0.0,,,,,,,MCPA LVE,L,0.5,
3144,KINNABULLA_S6_P4123_R1,2023,11,17,,,,,,,,,,,,,,,,,,"3L/ha applied to desiccate for late season weed control, bring all crop types in together for harvest (+0.16% BS1000 = wetting agent)",kinnabulla,herbicide,2023-11-17,11.0,45.0,0.0,,,,,,,Diquat,L,3.0,
3145,KINNABULLA_S6_P4123_R1,2023,12,7,wheat,,,,,,,,,,,,,,,,,,kinnabulla,termination,2023-12-07,80.0,0.0,1905.75,success,sale,5775.0,,,stubble,,,,
3146,KINNABULLA_S6_P4123_R1,2023,12,14,,,,,,,,,,,,,,,,,,0.4L/ha applied overall site knockdown to control summer weeds (+2% Liase =  liquid adjuvant),kinnabulla,herbicide,2023-12-14,11.0,3.38,0.0,,,,,,,Ester,L,0.4,
3147,KINNABULLA_S6_P4123_R1,2023,12,14,,,,,,,,,,,,,,,,,,2.5L/ha applied overall site knockdown to control summer weeds,kinnabulla,herbicide,2023-12-14,11.0,11.25,0.0,,,,,,,Glyphosate,L,2.5,
3148,KINNABULLA_S6_P4123_R1,2024,1,18,,,,,,,,,,,,,,,,,,"2.5L/ha applied overall site knockdown to control summer weeds (heliotrope and odd thistle), vol. crop (wheat, barley, canola, radish, lentil)",kinnabulla,herbicide,2024-01-18,11.0,11.25,0.0,,,,,,,Glyphosate,L,2.5,
3149,KINNABULLA_S6_P4123_R2,2023,5,23,,,,,,,,,,,,,,,,,,1.5L/ha applied at sowing,kinnabulla,herbicide,2023-05-23,11.0,12.0,0.0,,,,,,,Trifluralin,L,1.5,
3150,KINNABULLA_S6_P4123_R2,2023,5,23,,,,,,,,,,,,,,,,,,2L/ha applied at sowing,kinnabulla,herbicide,2023-05-23,11.0,34.0,0.0,,,,,,,Avadex,L,2.0,
3151,KINNABULLA_S6_P4123_R2,2023,5,23,,,,,,,,,,,,,,,,,,3L/ha applied at sowing,kinnabulla,herbicide,2023-05-23,11.0,13.5,0.0,,,,,,,Glyphosate 450,L,3.0,
3152,KINNABULLA_S6_P4123_R2,2023,5,23,,,,,,,,,,,,,,,,,,"60kg/ha applied at sowing (W, B, L)",kinnabulla,fertiliser,2023-05-23,8.5,38.4,0.0,,,,,,,Granulock SZ,kg,60.0,
3153,KINNABULLA_S6_P4123_R2,2023,5,23,wheat,,,scepter,,,True,,,sale,130.0,,,30.0,,,On-time,,kinnabulla,sowing,2023-05-23,50.0,0.0,0.0,,,,,,,,,,
3154,KINNABULLA_S6_P4123_R2,2023,6,21,,,,,,,,,,,,,,,,,,257kg/ha top dressing - Wheat D5,kinnabulla,fertiliser,2023-06-21,8.5,128.5,0.0,,,,,,,Urea,kg,257.0,
3155,KINNABULLA_S6_P4123_R2,2023,7,10,,,,,,,,,,,,,,,,,,"0.12L/ha applied to all crop types to control the movement of pests back into pulse crops, could also more intro cereal crops and cause damage, 1-4 node. lucerne flea targeting vetch and lentil.",kinnabulla,pesticide,2023-07-10,11.0,4.32,0.0,,,,,,,Le-mat,L,0.12,insects
3156,KINNABULLA_S6_P4123_R2,2023,7,26,,,,,,,,,,,,,,,,,,"0.025L/ha applied to broadleaf weed control, targeting broadleaf weeds and vol lentils, GS13 (+0.5% uptake = wetting agent)
 *note - spray damage in wheat treatments",kinnabulla,herbicide,2023-07-26,11.0,12.25,0.0,,,,,,,Paradigm,L,0.025,
3157,KINNABULLA_S6_P4123_R2,2023,7,26,,,,,,,,,,,,,,,,,,"0.5L/ha applied to broadleaf weed control, targeting broadleaf weeds and vol lentils, GS13.
 *note - spray damage in wheat treatments",kinnabulla,herbicide,2023-07-26,11.0,4.07,0.0,,,,,,,MCPA LVE,L,0.5,
3158,KINNABULLA_S6_P4123_R2,2023,11,17,,,,,,,,,,,,,,,,,,"3L/ha applied to desiccate for late season weed control, bring all crop types in together for harvest (+0.16% BS1000 = wetting agent)",kinnabulla,herbicide,2023-11-17,11.0,45.0,0.0,,,,,,,Diquat,L,3.0,
3159,KINNABULLA_S6_P4123_R2,2023,12,7,wheat,,,,,,,,,,,,,,,,,,kinnabulla,termination,2023-12-07,80.0,0.0,1749.66,success,sale,5302.0,,,stubble,,,,
3160,KINNABULLA_S6_P4123_R2,2023,12,14,,,,,,,,,,,,,,,,,,0.4L/ha applied overall site knockdown to control summer weeds (+2% Liase =  liquid adjuvant),kinnabulla,herbicide,2023-12-14,11.0,3.38,0.0,,,,,,,Ester,L,0.4,
3161,KINNABULLA_S6_P4123_R2,2023,12,14,,,,,,,,,,,,,,,,,,2.5L/ha applied overall site knockdown to control summer weeds,kinnabulla,herbicide,2023-12-14,11.0,11.25,0.0,,,,,,,Glyphosate,L,2.5,
3162,KINNABULLA_S6_P4123_R2,2024,1,18,,,,,,,,,,,,,,,,,,"2.5L/ha applied overall site knockdown to control summer weeds (heliotrope and odd thistle), vol. crop (wheat, barley, canola, radish, lentil)",kinnabulla,herbicide,2024-01-18,11.0,11.25,0.0,,,,,,,Glyphosate,L,2.5,
3163,KINNABULLA_S6_P4123_R3,2023,5,23,,,,,,,,,,,,,,,,,,1.5L/ha applied at sowing,kinnabulla,herbicide,2023-05-23,11.0,12.0,0.0,,,,,,,Trifluralin,L,1.5,
3164,KINNABULLA_S6_P4123_R3,2023,5,23,,,,,,,,,,,,,,,,,,2L/ha applied at sowing,kinnabulla,herbicide,2023-05-23,11.0,34.0,0.0,,,,,,,Avadex,L,2.0,
3165,KINNABULLA_S6_P4123_R3,2023,5,23,,,,,,,,,,,,,,,,,,3L/ha applied at sowing,kinnabulla,herbicide,2023-05-23,11.0,13.5,0.0,,,,,,,Glyphosate 450,L,3.0,
3166,KINNABULLA_S6_P4123_R3,2023,5,23,,,,,,,,,,,,,,,,,,"60kg/ha applied at sowing (W, B, L)",kinnabulla,fertiliser,2023-05-23,8.5,38.4,0.0,,,,,,,Granulock SZ,kg,60.0,
3167,KINNABULLA_S6_P4123_R3,2023,5,23,wheat,,,scepter,,,True,,,sale,130.0,,,30.0,,,On-time,,kinnabulla,sowing,2023-05-23,50.0,0.0,0.0,,,,,,,,,,
3168,KINNABULLA_S6_P4123_R3,2023,6,21,,,,,,,,,,,,,,,,,,257kg/ha top dressing - Wheat D5,kinnabulla,fertiliser,2023-06-21,8.5,128.5,0.0,,,,,,,Urea,kg,257.0,
3169,KINNABULLA_S6_P4123_R3,2023,7,10,,,,,,,,,,,,,,,,,,"0.12L/ha applied to all crop types to control the movement of pests back into pulse crops, could also more intro cereal crops and cause damage, 1-4 node. lucerne flea targeting vetch and lentil.",kinnabulla,pesticide,2023-07-10,11.0,4.32,0.0,,,,,,,Le-mat,L,0.12,insects
3170,KINNABULLA_S6_P4123_R3,2023,7,26,,,,,,,,,,,,,,,,,,"0.025L/ha applied to broadleaf weed control, targeting broadleaf weeds and vol lentils, GS13 (+0.5% uptake = wetting agent)
 *note - spray damage in wheat treatments",kinnabulla,herbicide,2023-07-26,11.0,12.25,0.0,,,,,,,Paradigm,L,0.025,
3171,KINNABULLA_S6_P4123_R3,2023,7,26,,,,,,,,,,,,,,,,,,"0.5L/ha applied to broadleaf weed control, targeting broadleaf weeds and vol lentils, GS13.
 *note - spray damage in wheat treatments",kinnabulla,herbicide,2023-07-26,11.0,4.07,0.0,,,,,,,MCPA LVE,L,0.5,
3172,KINNABULLA_S6_P4123_R3,2023,11,17,,,,,,,,,,,,,,,,,,"3L/ha applied to desiccate for late season weed control, bring all crop types in together for harvest (+0.16% BS1000 = wetting agent)",kinnabulla,herbicide,2023-11-17,11.0,45.0,0.0,,,,,,,Diquat,L,3.0,
3173,KINNABULLA_S6_P4123_R3,2023,12,7,wheat,,,,,,,,,,,,,,,,,,kinnabulla,termination,2023-12-07,80.0,0.0,1459.5900000000001,success,sale,4423.0,,,stubble,,,,
3174,KINNABULLA_S6_P4123_R3,2023,12,14,,,,,,,,,,,,,,,,,,0.4L/ha applied overall site knockdown to control summer weeds (+2% Liase =  liquid adjuvant),kinnabulla,herbicide,2023-12-14,11.0,3.38,0.0,,,,,,,Ester,L,0.4,
3175,KINNABULLA_S6_P4123_R3,2023,12,14,,,,,,,,,,,,,,,,,,2.5L/ha applied overall site knockdown to control summer weeds,kinnabulla,herbicide,2023-12-14,11.0,11.25,0.0,,,,,,,Glyphosate,L,2.5,
3176,KINNABULLA_S6_P4123_R3,2024,1,18,,,,,,,,,,,,,,,,,,"2.5L/ha applied overall site knockdown to control summer weeds (heliotrope and odd thistle), vol. crop (wheat, barley, canola, radish, lentil)",kinnabulla,herbicide,2024-01-18,11.0,11.25,0.0,,,,,,,Glyphosate,L,2.5,
3177,KINNABULLA_S7_P1111_R1,2023,5,23,,,,,,,,,,,,,,,,,,1.5L/ha applied at sowing,kinnabulla,herbicide,2023-05-23,11.0,12.0,0.0,,,,,,,Trifluralin,L,1.5,
3178,KINNABULLA_S7_P1111_R1,2023,5,23,,,,,,,,,,,,,,,,,,2L/ha applied at sowing,kinnabulla,herbicide,2023-05-23,11.0,34.0,0.0,,,,,,,Avadex,L,2.0,
3179,KINNABULLA_S7_P1111_R1,2023,5,23,,,,,,,,,,,,,,,,,,3L/ha applied at sowing,kinnabulla,herbicide,2023-05-23,11.0,13.5,0.0,,,,,,,Glyphosate 450,L,3.0,
3180,KINNABULLA_S7_P1111_R1,2023,5,23,,,,,,,,,,,,,,,,,,"60kg/ha applied at sowing (W, B, L)",kinnabulla,fertiliser,2023-05-23,8.5,38.4,0.0,,,,,,,Granulock SZ,kg,60.0,
3181,KINNABULLA_S7_P1111_R1,2023,5,23,wheat,,,scepter,,,True,,,sale,130.0,,,30.0,,,On-time,,kinnabulla,sowing,2023-05-23,50.0,0.0,0.0,,,,,,,,,,
3182,KINNABULLA_S7_P1111_R1,2023,6,21,,,,,,,,,,,,,,,,,,257kg/ha top dressing - Wheat D5,kinnabulla,fertiliser,2023-06-21,8.5,128.5,0.0,,,,,,,Urea,kg,257.0,
3183,KINNABULLA_S7_P1111_R1,2023,7,10,,,,,,,,,,,,,,,,,,"0.12L/ha applied to all crop types to control the movement of pests back into pulse crops, could also more intro cereal crops and cause damage, 1-4 node. lucerne flea targeting vetch and lentil.",kinnabulla,pesticide,2023-07-10,11.0,4.32,0.0,,,,,,,Le-mat,L,0.12,insects
3184,KINNABULLA_S7_P1111_R1,2023,7,26,,,,,,,,,,,,,,,,,,"0.025L/ha applied to broadleaf weed control, targeting broadleaf weeds and vol lentils, GS13 (+0.5% uptake = wetting agent)
 *note - spray damage in wheat treatments",kinnabulla,herbicide,2023-07-26,11.0,12.25,0.0,,,,,,,Paradigm,L,0.025,
3185,KINNABULLA_S7_P1111_R1,2023,7,26,,,,,,,,,,,,,,,,,,"0.5L/ha applied to broadleaf weed control, targeting broadleaf weeds and vol lentils, GS13.
 *note - spray damage in wheat treatments",kinnabulla,herbicide,2023-07-26,11.0,4.07,0.0,,,,,,,MCPA LVE,L,0.5,
3186,KINNABULLA_S7_P1111_R1,2023,11,17,,,,,,,,,,,,,,,,,,"3L/ha applied to desiccate for late season weed control, bring all crop types in together for harvest (+0.16% BS1000 = wetting agent)",kinnabulla,herbicide,2023-11-17,11.0,45.0,0.0,,,,,,,Diquat,L,3.0,
3187,KINNABULLA_S7_P1111_R1,2023,12,7,wheat,,,,,,,,,,,,,,,,,,kinnabulla,termination,2023-12-07,80.0,0.0,1764.18,success,sale,5346.0,,,stubble,,,,
3188,KINNABULLA_S7_P1111_R1,2023,12,14,,,,,,,,,,,,,,,,,,0.4L/ha applied overall site knockdown to control summer weeds (+2% Liase =  liquid adjuvant),kinnabulla,herbicide,2023-12-14,11.0,3.38,0.0,,,,,,,Ester,L,0.4,
3189,KINNABULLA_S7_P1111_R1,2023,12,14,,,,,,,,,,,,,,,,,,2.5L/ha applied overall site knockdown to control summer weeds,kinnabulla,herbicide,2023-12-14,11.0,11.25,0.0,,,,,,,Glyphosate,L,2.5,
3190,KINNABULLA_S7_P1111_R1,2024,1,18,,,,,,,,,,,,,,,,,,"2.5L/ha applied overall site knockdown to control summer weeds (heliotrope and odd thistle), vol. crop (wheat, barley, canola, radish, lentil)",kinnabulla,herbicide,2024-01-18,11.0,11.25,0.0,,,,,,,Glyphosate,L,2.5,
3191,KINNABULLA_S7_P1111_R2,2023,5,23,,,,,,,,,,,,,,,,,,1.5L/ha applied at sowing,kinnabulla,herbicide,2023-05-23,11.0,12.0,0.0,,,,,,,Trifluralin,L,1.5,
3192,KINNABULLA_S7_P1111_R2,2023,5,23,,,,,,,,,,,,,,,,,,2L/ha applied at sowing,kinnabulla,herbicide,2023-05-23,11.0,34.0,0.0,,,,,,,Avadex,L,2.0,
3193,KINNABULLA_S7_P1111_R2,2023,5,23,,,,,,,,,,,,,,,,,,3L/ha applied at sowing,kinnabulla,herbicide,2023-05-23,11.0,13.5,0.0,,,,,,,Glyphosate 450,L,3.0,
3194,KINNABULLA_S7_P1111_R2,2023,5,23,,,,,,,,,,,,,,,,,,"60kg/ha applied at sowing (W, B, L)",kinnabulla,fertiliser,2023-05-23,8.5,38.4,0.0,,,,,,,Granulock SZ,kg,60.0,
3195,KINNABULLA_S7_P1111_R2,2023,5,23,wheat,,,scepter,,,True,,,sale,130.0,,,30.0,,,On-time,,kinnabulla,sowing,2023-05-23,50.0,0.0,0.0,,,,,,,,,,
3196,KINNABULLA_S7_P1111_R2,2023,6,21,,,,,,,,,,,,,,,,,,257kg/ha top dressing - Wheat D5,kinnabulla,fertiliser,2023-06-21,8.5,128.5,0.0,,,,,,,Urea,kg,257.0,
3197,KINNABULLA_S7_P1111_R2,2023,7,10,,,,,,,,,,,,,,,,,,"0.12L/ha applied to all crop types to control the movement of pests back into pulse crops, could also more intro cereal crops and cause damage, 1-4 node. lucerne flea targeting vetch and lentil.",kinnabulla,pesticide,2023-07-10,11.0,4.32,0.0,,,,,,,Le-mat,L,0.12,insects
3198,KINNABULLA_S7_P1111_R2,2023,7,26,,,,,,,,,,,,,,,,,,"0.025L/ha applied to broadleaf weed control, targeting broadleaf weeds and vol lentils, GS13 (+0.5% uptake = wetting agent)
 *note - spray damage in wheat treatments",kinnabulla,herbicide,2023-07-26,11.0,12.25,0.0,,,,,,,Paradigm,L,0.025,
3199,KINNABULLA_S7_P1111_R2,2023,7,26,,,,,,,,,,,,,,,,,,"0.5L/ha applied to broadleaf weed control, targeting broadleaf weeds and vol lentils, GS13.
 *note - spray damage in wheat treatments",kinnabulla,herbicide,2023-07-26,11.0,4.07,0.0,,,,,,,MCPA LVE,L,0.5,
3200,KINNABULLA_S7_P1111_R2,2023,11,17,,,,,,,,,,,,,,,,,,"3L/ha applied to desiccate for late season weed control, bring all crop types in together for harvest (+0.16% BS1000 = wetting agent)",kinnabulla,herbicide,2023-11-17,11.0,45.0,0.0,,,,,,,Diquat,L,3.0,
3201,KINNABULLA_S7_P1111_R2,2023,12,7,wheat,,,,,,,,,,,,,,,,,,kinnabulla,termination,2023-12-07,80.0,0.0,1886.2800000000002,success,sale,5716.0,,,stubble,,,,
3202,KINNABULLA_S7_P1111_R2,2023,12,14,,,,,,,,,,,,,,,,,,0.4L/ha applied overall site knockdown to control summer weeds (+2% Liase =  liquid adjuvant),kinnabulla,herbicide,2023-12-14,11.0,3.38,0.0,,,,,,,Ester,L,0.4,
3203,KINNABULLA_S7_P1111_R2,2023,12,14,,,,,,,,,,,,,,,,,,2.5L/ha applied overall site knockdown to control summer weeds,kinnabulla,herbicide,2023-12-14,11.0,11.25,0.0,,,,,,,Glyphosate,L,2.5,
3204,KINNABULLA_S7_P1111_R2,2024,1,18,,,,,,,,,,,,,,,,,,"2.5L/ha applied overall site knockdown to control summer weeds (heliotrope and odd thistle), vol. crop (wheat, barley, canola, radish, lentil)",kinnabulla,herbicide,2024-01-18,11.0,11.25,0.0,,,,,,,Glyphosate,L,2.5,
3205,KINNABULLA_S7_P1111_R3,2023,5,23,,,,,,,,,,,,,,,,,,1.5L/ha applied at sowing,kinnabulla,herbicide,2023-05-23,11.0,12.0,0.0,,,,,,,Trifluralin,L,1.5,
3206,KINNABULLA_S7_P1111_R3,2023,5,23,,,,,,,,,,,,,,,,,,2L/ha applied at sowing,kinnabulla,herbicide,2023-05-23,11.0,34.0,0.0,,,,,,,Avadex,L,2.0,
3207,KINNABULLA_S7_P1111_R3,2023,5,23,,,,,,,,,,,,,,,,,,3L/ha applied at sowing,kinnabulla,herbicide,2023-05-23,11.0,13.5,0.0,,,,,,,Glyphosate 450,L,3.0,
3208,KINNABULLA_S7_P1111_R3,2023,5,23,,,,,,,,,,,,,,,,,,"60kg/ha applied at sowing (W, B, L)",kinnabulla,fertiliser,2023-05-23,8.5,38.4,0.0,,,,,,,Granulock SZ,kg,60.0,
3209,KINNABULLA_S7_P1111_R3,2023,5,23,wheat,,,scepter,,,True,,,sale,130.0,,,30.0,,,On-time,,kinnabulla,sowing,2023-05-23,50.0,0.0,0.0,,,,,,,,,,
3210,KINNABULLA_S7_P1111_R3,2023,6,21,,,,,,,,,,,,,,,,,,257kg/ha top dressing - Wheat D5,kinnabulla,fertiliser,2023-06-21,8.5,128.5,0.0,,,,,,,Urea,kg,257.0,
3211,KINNABULLA_S7_P1111_R3,2023,7,10,,,,,,,,,,,,,,,,,,"0.12L/ha applied to all crop types to control the movement of pests back into pulse crops, could also more intro cereal crops and cause damage, 1-4 node. lucerne flea targeting vetch and lentil.",kinnabulla,pesticide,2023-07-10,11.0,4.32,0.0,,,,,,,Le-mat,L,0.12,insects
3212,KINNABULLA_S7_P1111_R3,2023,7,26,,,,,,,,,,,,,,,,,,"0.025L/ha applied to broadleaf weed control, targeting broadleaf weeds and vol lentils, GS13 (+0.5% uptake = wetting agent)
 *note - spray damage in wheat treatments",kinnabulla,herbicide,2023-07-26,11.0,12.25,0.0,,,,,,,Paradigm,L,0.025,
3213,KINNABULLA_S7_P1111_R3,2023,7,26,,,,,,,,,,,,,,,,,,"0.5L/ha applied to broadleaf weed control, targeting broadleaf weeds and vol lentils, GS13.
 *note - spray damage in wheat treatments",kinnabulla,herbicide,2023-07-26,11.0,4.07,0.0,,,,,,,MCPA LVE,L,0.5,
3214,KINNABULLA_S7_P1111_R3,2023,11,17,,,,,,,,,,,,,,,,,,"3L/ha applied to desiccate for late season weed control, bring all crop types in together for harvest (+0.16% BS1000 = wetting agent)",kinnabulla,herbicide,2023-11-17,11.0,45.0,0.0,,,,,,,Diquat,L,3.0,
3215,KINNABULLA_S7_P1111_R3,2023,12,7,wheat,,,,,,,,,,,,,,,,,,kinnabulla,termination,2023-12-07,80.0,0.0,1617.66,success,sale,4902.0,,,stubble,,,,
3216,KINNABULLA_S7_P1111_R3,2023,12,14,,,,,,,,,,,,,,,,,,0.4L/ha applied overall site knockdown to control summer weeds (+2% Liase =  liquid adjuvant),kinnabulla,herbicide,2023-12-14,11.0,3.38,0.0,,,,,,,Ester,L,0.4,
3217,KINNABULLA_S7_P1111_R3,2023,12,14,,,,,,,,,,,,,,,,,,2.5L/ha applied overall site knockdown to control summer weeds,kinnabulla,herbicide,2023-12-14,11.0,11.25,0.0,,,,,,,Glyphosate,L,2.5,
3218,KINNABULLA_S7_P1111_R3,2024,1,18,,,,,,,,,,,,,,,,,,"2.5L/ha applied overall site knockdown to control summer weeds (heliotrope and odd thistle), vol. crop (wheat, barley, canola, radish, lentil)",kinnabulla,herbicide,2024-01-18,11.0,11.25,0.0,,,,,,,Glyphosate,L,2.5,
3219,KINNABULLA_S7_P1111_R4,2023,5,23,,,,,,,,,,,,,,,,,,1.5L/ha applied at sowing,kinnabulla,herbicide,2023-05-23,11.0,12.0,0.0,,,,,,,Trifluralin,L,1.5,
3220,KINNABULLA_S7_P1111_R4,2023,5,23,,,,,,,,,,,,,,,,,,2L/ha applied at sowing,kinnabulla,herbicide,2023-05-23,11.0,34.0,0.0,,,,,,,Avadex,L,2.0,
3221,KINNABULLA_S7_P1111_R4,2023,5,23,,,,,,,,,,,,,,,,,,3L/ha applied at sowing,kinnabulla,herbicide,2023-05-23,11.0,13.5,0.0,,,,,,,Glyphosate 450,L,3.0,
3222,KINNABULLA_S7_P1111_R4,2023,5,23,,,,,,,,,,,,,,,,,,"60kg/ha applied at sowing (W, B, L)",kinnabulla,fertiliser,2023-05-23,8.5,38.4,0.0,,,,,,,Granulock SZ,kg,60.0,
3223,KINNABULLA_S7_P1111_R4,2023,5,23,wheat,,,scepter,,,True,,,sale,130.0,,,30.0,,,On-time,,kinnabulla,sowing,2023-05-23,50.0,0.0,0.0,,,,,,,,,,
3224,KINNABULLA_S7_P1111_R4,2023,6,21,,,,,,,,,,,,,,,,,,257kg/ha top dressing - Wheat D5,kinnabulla,fertiliser,2023-06-21,8.5,128.5,0.0,,,,,,,Urea,kg,257.0,
3225,KINNABULLA_S7_P1111_R4,2023,7,10,,,,,,,,,,,,,,,,,,"0.12L/ha applied to all crop types to control the movement of pests back into pulse crops, could also more intro cereal crops and cause damage, 1-4 node. lucerne flea targeting vetch and lentil.",kinnabulla,pesticide,2023-07-10,11.0,4.32,0.0,,,,,,,Le-mat,L,0.12,insects
3226,KINNABULLA_S7_P1111_R4,2023,7,26,,,,,,,,,,,,,,,,,,"0.025L/ha applied to broadleaf weed control, targeting broadleaf weeds and vol lentils, GS13 (+0.5% uptake = wetting agent)
 *note - spray damage in wheat treatments",kinnabulla,herbicide,2023-07-26,11.0,12.25,0.0,,,,,,,Paradigm,L,0.025,
3227,KINNABULLA_S7_P1111_R4,2023,7,26,,,,,,,,,,,,,,,,,,"0.5L/ha applied to broadleaf weed control, targeting broadleaf weeds and vol lentils, GS13.
 *note - spray damage in wheat treatments",kinnabulla,herbicide,2023-07-26,11.0,4.07,0.0,,,,,,,MCPA LVE,L,0.5,
3228,KINNABULLA_S7_P1111_R4,2023,11,17,,,,,,,,,,,,,,,,,,"3L/ha applied to desiccate for late season weed control, bring all crop types in together for harvest (+0.16% BS1000 = wetting agent)",kinnabulla,herbicide,2023-11-17,11.0,45.0,0.0,,,,,,,Diquat,L,3.0,
3229,KINNABULLA_S7_P1111_R4,2023,12,7,wheat,,,,,,,,,,,,,,,,,,kinnabulla,termination,2023-12-07,80.0,0.0,1725.5700000000002,success,sale,5229.0,,,stubble,,,,
3230,KINNABULLA_S7_P1111_R4,2023,12,14,,,,,,,,,,,,,,,,,,0.4L/ha applied overall site knockdown to control summer weeds (+2% Liase =  liquid adjuvant),kinnabulla,herbicide,2023-12-14,11.0,3.38,0.0,,,,,,,Ester,L,0.4,
3231,KINNABULLA_S7_P1111_R4,2023,12,14,,,,,,,,,,,,,,,,,,2.5L/ha applied overall site knockdown to control summer weeds,kinnabulla,herbicide,2023-12-14,11.0,11.25,0.0,,,,,,,Glyphosate,L,2.5,
3232,KINNABULLA_S7_P1111_R4,2024,1,18,,,,,,,,,,,,,,,,,,"2.5L/ha applied overall site knockdown to control summer weeds (heliotrope and odd thistle), vol. crop (wheat, barley, canola, radish, lentil)",kinnabulla,herbicide,2024-01-18,11.0,11.25,0.0,,,,,,,Glyphosate,L,2.5,
3233,KINNABULLA_S7_P1111_R5,2023,5,23,,,,,,,,,,,,,,,,,,1.5L/ha applied at sowing,kinnabulla,herbicide,2023-05-23,11.0,12.0,0.0,,,,,,,Trifluralin,L,1.5,
3234,KINNABULLA_S7_P1111_R5,2023,5,23,,,,,,,,,,,,,,,,,,2L/ha applied at sowing,kinnabulla,herbicide,2023-05-23,11.0,34.0,0.0,,,,,,,Avadex,L,2.0,
3235,KINNABULLA_S7_P1111_R5,2023,5,23,,,,,,,,,,,,,,,,,,3L/ha applied at sowing,kinnabulla,herbicide,2023-05-23,11.0,13.5,0.0,,,,,,,Glyphosate 450,L,3.0,
3236,KINNABULLA_S7_P1111_R5,2023,5,23,,,,,,,,,,,,,,,,,,"60kg/ha applied at sowing (W, B, L)",kinnabulla,fertiliser,2023-05-23,8.5,38.4,0.0,,,,,,,Granulock SZ,kg,60.0,
3237,KINNABULLA_S7_P1111_R5,2023,5,23,wheat,,,scepter,,,True,,,sale,130.0,,,30.0,,,On-time,,kinnabulla,sowing,2023-05-23,50.0,0.0,0.0,,,,,,,,,,
3238,KINNABULLA_S7_P1111_R5,2023,6,21,,,,,,,,,,,,,,,,,,257kg/ha top dressing - Wheat D5,kinnabulla,fertiliser,2023-06-21,8.5,128.5,0.0,,,,,,,Urea,kg,257.0,
3239,KINNABULLA_S7_P1111_R5,2023,7,10,,,,,,,,,,,,,,,,,,"0.12L/ha applied to all crop types to control the movement of pests back into pulse crops, could also more intro cereal crops and cause damage, 1-4 node. lucerne flea targeting vetch and lentil.",kinnabulla,pesticide,2023-07-10,11.0,4.32,0.0,,,,,,,Le-mat,L,0.12,insects
3240,KINNABULLA_S7_P1111_R5,2023,7,26,,,,,,,,,,,,,,,,,,"0.025L/ha applied to broadleaf weed control, targeting broadleaf weeds and vol lentils, GS13 (+0.5% uptake = wetting agent)
 *note - spray damage in wheat treatments",kinnabulla,herbicide,2023-07-26,11.0,12.25,0.0,,,,,,,Paradigm,L,0.025,
3241,KINNABULLA_S7_P1111_R5,2023,7,26,,,,,,,,,,,,,,,,,,"0.5L/ha applied to broadleaf weed control, targeting broadleaf weeds and vol lentils, GS13.
 *note - spray damage in wheat treatments",kinnabulla,herbicide,2023-07-26,11.0,4.07,0.0,,,,,,,MCPA LVE,L,0.5,
3242,KINNABULLA_S7_P1111_R5,2023,11,17,,,,,,,,,,,,,,,,,,"3L/ha applied to desiccate for late season weed control, bring all crop types in together for harvest (+0.16% BS1000 = wetting agent)",kinnabulla,herbicide,2023-11-17,11.0,45.0,0.0,,,,,,,Diquat,L,3.0,
3243,KINNABULLA_S7_P1111_R5,2023,12,7,wheat,,,,,,,,,,,,,,,,,,kinnabulla,termination,2023-12-07,80.0,0.0,1663.8600000000001,success,sale,5042.0,,,stubble,,,,
3244,KINNABULLA_S7_P1111_R5,2023,12,14,,,,,,,,,,,,,,,,,,0.4L/ha applied overall site knockdown to control summer weeds (+2% Liase =  liquid adjuvant),kinnabulla,herbicide,2023-12-14,11.0,3.38,0.0,,,,,,,Ester,L,0.4,
3245,KINNABULLA_S7_P1111_R5,2023,12,14,,,,,,,,,,,,,,,,,,2.5L/ha applied overall site knockdown to control summer weeds,kinnabulla,herbicide,2023-12-14,11.0,11.25,0.0,,,,,,,Glyphosate,L,2.5,
3246,KINNABULLA_S7_P1111_R5,2024,1,18,,,,,,,,,,,,,,,,,,"2.5L/ha applied overall site knockdown to control summer weeds (heliotrope and odd thistle), vol. crop (wheat, barley, canola, radish, lentil)",kinnabulla,herbicide,2024-01-18,11.0,11.25,0.0,,,,,,,Glyphosate,L,2.5,
3247,KINNABULLA_S7_P1111_R6,2023,5,23,,,,,,,,,,,,,,,,,,1.5L/ha applied at sowing,kinnabulla,herbicide,2023-05-23,11.0,12.0,0.0,,,,,,,Trifluralin,L,1.5,
3248,KINNABULLA_S7_P1111_R6,2023,5,23,,,,,,,,,,,,,,,,,,2L/ha applied at sowing,kinnabulla,herbicide,2023-05-23,11.0,34.0,0.0,,,,,,,Avadex,L,2.0,
3249,KINNABULLA_S7_P1111_R6,2023,5,23,,,,,,,,,,,,,,,,,,3L/ha applied at sowing,kinnabulla,herbicide,2023-05-23,11.0,13.5,0.0,,,,,,,Glyphosate 450,L,3.0,
3250,KINNABULLA_S7_P1111_R6,2023,5,23,,,,,,,,,,,,,,,,,,"60kg/ha applied at sowing (W, B, L)",kinnabulla,fertiliser,2023-05-23,8.5,38.4,0.0,,,,,,,Granulock SZ,kg,60.0,
3251,KINNABULLA_S7_P1111_R6,2023,5,23,wheat,,,scepter,,,True,,,sale,130.0,,,30.0,,,On-time,,kinnabulla,sowing,2023-05-23,50.0,0.0,0.0,,,,,,,,,,
3252,KINNABULLA_S7_P1111_R6,2023,6,21,,,,,,,,,,,,,,,,,,257kg/ha top dressing - Wheat D5,kinnabulla,fertiliser,2023-06-21,8.5,128.5,0.0,,,,,,,Urea,kg,257.0,
3253,KINNABULLA_S7_P1111_R6,2023,7,10,,,,,,,,,,,,,,,,,,"0.12L/ha applied to all crop types to control the movement of pests back into pulse crops, could also more intro cereal crops and cause damage, 1-4 node. lucerne flea targeting vetch and lentil.",kinnabulla,pesticide,2023-07-10,11.0,4.32,0.0,,,,,,,Le-mat,L,0.12,insects
3254,KINNABULLA_S7_P1111_R6,2023,7,26,,,,,,,,,,,,,,,,,,"0.025L/ha applied to broadleaf weed control, targeting broadleaf weeds and vol lentils, GS13 (+0.5% uptake = wetting agent)
 *note - spray damage in wheat treatments",kinnabulla,herbicide,2023-07-26,11.0,12.25,0.0,,,,,,,Paradigm,L,0.025,
3255,KINNABULLA_S7_P1111_R6,2023,7,26,,,,,,,,,,,,,,,,,,"0.5L/ha applied to broadleaf weed control, targeting broadleaf weeds and vol lentils, GS13.
 *note - spray damage in wheat treatments",kinnabulla,herbicide,2023-07-26,11.0,4.07,0.0,,,,,,,MCPA LVE,L,0.5,
3256,KINNABULLA_S7_P1111_R6,2023,11,17,,,,,,,,,,,,,,,,,,"3L/ha applied to desiccate for late season weed control, bring all crop types in together for harvest (+0.16% BS1000 = wetting agent)",kinnabulla,herbicide,2023-11-17,11.0,45.0,0.0,,,,,,,Diquat,L,3.0,
3257,KINNABULLA_S7_P1111_R6,2023,12,7,wheat,,,,,,,,,,,,,,,,,,kinnabulla,termination,2023-12-07,80.0,0.0,1650.0,success,sale,5000.0,,,stubble,,,,
3258,KINNABULLA_S7_P1111_R6,2023,12,14,,,,,,,,,,,,,,,,,,0.4L/ha applied overall site knockdown to control summer weeds (+2% Liase =  liquid adjuvant),kinnabulla,herbicide,2023-12-14,11.0,3.38,0.0,,,,,,,Ester,L,0.4,
3259,KINNABULLA_S7_P1111_R6,2023,12,14,,,,,,,,,,,,,,,,,,2.5L/ha applied overall site knockdown to control summer weeds,kinnabulla,herbicide,2023-12-14,11.0,11.25,0.0,,,,,,,Glyphosate,L,2.5,
3260,KINNABULLA_S7_P1111_R6,2024,1,18,,,,,,,,,,,,,,,,,,"2.5L/ha applied overall site knockdown to control summer weeds (heliotrope and odd thistle), vol. crop (wheat, barley, canola, radish, lentil)",kinnabulla,herbicide,2024-01-18,11.0,11.25,0.0,,,,,,,Glyphosate,L,2.5,
3261,KINNABULLA_S8_P1231_R1,2023,7,10,,,,,,,,,,,,,,,,,,"0.12L/ha applied to all crop types to control the movement of pests back into pulse crops, could also more intro cereal crops and cause damage, 1-4 node. lucerne flea targeting vetch and lentil.",kinnabulla,pesticide,2023-07-10,11.0,4.32,0.0,,,,,,,Le-mat,L,0.12,insects
3262,KINNABULLA_S8_P1231_R1,2023,7,26,,,,,,,,,,,,,,,,,,0.04L/ha applied targeting all weeds and vol lentils ,kinnabulla,herbicide,2023-07-26,11.0,12.0,0.0,,,,,,,Terrador,L,0.04,
3263,KINNABULLA_S8_P1231_R1,2023,7,26,,,,,,,,,,,,,,,,,,2.5L/ha applied targeting all weeds and vol lentils (+1% Hasten = spray adjuvant),kinnabulla,herbicide,2023-07-26,11.0,11.25,0.0,,,,,,,Glyphosate,L,2.5,
3264,KINNABULLA_S8_P1231_R1,2023,10,27,,,,,,,,,,,,,,,,,,3L/ha applied to control a late flush of milk thistle/prickly lettuce,kinnabulla,herbicide,2023-10-27,11.0,13.5,0.0,,,,,,,Glyphosate,L,3.0,
3265,KINNABULLA_S8_P1231_R1,2023,11,17,,,,,,,,,,,,,,,,,,"3L/ha applied to desiccate for late season weed control, bring all crop types in together for harvest (+0.16% BS1000 = wetting agent)",kinnabulla,herbicide,2023-11-17,11.0,45.0,0.0,,,,,,,Diquat,L,3.0,
3266,KINNABULLA_S8_P1231_R1,2023,12,14,,,,,,,,,,,,,,,,,,0.4L/ha applied overall site knockdown to control summer weeds (+2% Liase =  liquid adjuvant),kinnabulla,herbicide,2023-12-14,11.0,3.38,0.0,,,,,,,Ester,L,0.4,
3267,KINNABULLA_S8_P1231_R1,2023,12,14,,,,,,,,,,,,,,,,,,2.5L/ha applied overall site knockdown to control summer weeds,kinnabulla,herbicide,2023-12-14,11.0,11.25,0.0,,,,,,,Glyphosate,L,2.5,
3268,KINNABULLA_S8_P1231_R1,2024,1,18,,,,,,,,,,,,,,,,,,"2.5L/ha applied overall site knockdown to control summer weeds (heliotrope and odd thistle), vol. crop (wheat, barley, canola, radish, lentil)",kinnabulla,herbicide,2024-01-18,11.0,11.25,0.0,,,,,,,Glyphosate,L,2.5,
3269,KINNABULLA_S8_P1231_R2,2023,7,10,,,,,,,,,,,,,,,,,,"0.12L/ha applied to all crop types to control the movement of pests back into pulse crops, could also more intro cereal crops and cause damage, 1-4 node. lucerne flea targeting vetch and lentil.",kinnabulla,pesticide,2023-07-10,11.0,4.32,0.0,,,,,,,Le-mat,L,0.12,insects
3270,KINNABULLA_S8_P1231_R2,2023,7,26,,,,,,,,,,,,,,,,,,0.04L/ha applied targeting all weeds and vol lentils ,kinnabulla,herbicide,2023-07-26,11.0,12.0,0.0,,,,,,,Terrador,L,0.04,
3271,KINNABULLA_S8_P1231_R2,2023,7,26,,,,,,,,,,,,,,,,,,2.5L/ha applied targeting all weeds and vol lentils (+1% Hasten = spray adjuvant),kinnabulla,herbicide,2023-07-26,11.0,11.25,0.0,,,,,,,Glyphosate,L,2.5,
3272,KINNABULLA_S8_P1231_R2,2023,10,27,,,,,,,,,,,,,,,,,,3L/ha applied to control a late flush of milk thistle/prickly lettuce,kinnabulla,herbicide,2023-10-27,11.0,13.5,0.0,,,,,,,Glyphosate,L,3.0,
3273,KINNABULLA_S8_P1231_R2,2023,11,17,,,,,,,,,,,,,,,,,,"3L/ha applied to desiccate for late season weed control, bring all crop types in together for harvest (+0.16% BS1000 = wetting agent)",kinnabulla,herbicide,2023-11-17,11.0,45.0,0.0,,,,,,,Diquat,L,3.0,
3274,KINNABULLA_S8_P1231_R2,2023,12,14,,,,,,,,,,,,,,,,,,0.4L/ha applied overall site knockdown to control summer weeds (+2% Liase =  liquid adjuvant),kinnabulla,herbicide,2023-12-14,11.0,3.38,0.0,,,,,,,Ester,L,0.4,
3275,KINNABULLA_S8_P1231_R2,2023,12,14,,,,,,,,,,,,,,,,,,2.5L/ha applied overall site knockdown to control summer weeds,kinnabulla,herbicide,2023-12-14,11.0,11.25,0.0,,,,,,,Glyphosate,L,2.5,
3276,KINNABULLA_S8_P1231_R2,2024,1,18,,,,,,,,,,,,,,,,,,"2.5L/ha applied overall site knockdown to control summer weeds (heliotrope and odd thistle), vol. crop (wheat, barley, canola, radish, lentil)",kinnabulla,herbicide,2024-01-18,11.0,11.25,0.0,,,,,,,Glyphosate,L,2.5,
3277,KINNABULLA_S8_P1231_R3,2023,7,10,,,,,,,,,,,,,,,,,,"0.12L/ha applied to all crop types to control the movement of pests back into pulse crops, could also more intro cereal crops and cause damage, 1-4 node. lucerne flea targeting vetch and lentil.",kinnabulla,pesticide,2023-07-10,11.0,4.32,0.0,,,,,,,Le-mat,L,0.12,insects
3278,KINNABULLA_S8_P1231_R3,2023,7,26,,,,,,,,,,,,,,,,,,0.04L/ha applied targeting all weeds and vol lentils ,kinnabulla,herbicide,2023-07-26,11.0,12.0,0.0,,,,,,,Terrador,L,0.04,
3279,KINNABULLA_S8_P1231_R3,2023,7,26,,,,,,,,,,,,,,,,,,2.5L/ha applied targeting all weeds and vol lentils (+1% Hasten = spray adjuvant),kinnabulla,herbicide,2023-07-26,11.0,11.25,0.0,,,,,,,Glyphosate,L,2.5,
3280,KINNABULLA_S8_P1231_R3,2023,10,27,,,,,,,,,,,,,,,,,,3L/ha applied to control a late flush of milk thistle/prickly lettuce,kinnabulla,herbicide,2023-10-27,11.0,13.5,0.0,,,,,,,Glyphosate,L,3.0,
3281,KINNABULLA_S8_P1231_R3,2023,11,17,,,,,,,,,,,,,,,,,,"3L/ha applied to desiccate for late season weed control, bring all crop types in together for harvest (+0.16% BS1000 = wetting agent)",kinnabulla,herbicide,2023-11-17,11.0,45.0,0.0,,,,,,,Diquat,L,3.0,
3282,KINNABULLA_S8_P1231_R3,2023,12,14,,,,,,,,,,,,,,,,,,0.4L/ha applied overall site knockdown to control summer weeds (+2% Liase =  liquid adjuvant),kinnabulla,herbicide,2023-12-14,11.0,3.38,0.0,,,,,,,Ester,L,0.4,
3283,KINNABULLA_S8_P1231_R3,2023,12,14,,,,,,,,,,,,,,,,,,2.5L/ha applied overall site knockdown to control summer weeds,kinnabulla,herbicide,2023-12-14,11.0,11.25,0.0,,,,,,,Glyphosate,L,2.5,
3284,KINNABULLA_S8_P1231_R3,2024,1,18,,,,,,,,,,,,,,,,,,"2.5L/ha applied overall site knockdown to control summer weeds (heliotrope and odd thistle), vol. crop (wheat, barley, canola, radish, lentil)",kinnabulla,herbicide,2024-01-18,11.0,11.25,0.0,,,,,,,Glyphosate,L,2.5,
3285,KINNABULLA_S8_P2312_R1,2023,5,23,,,,,,,,,,,,,,,,,,1.5L/ha applied at sowing,kinnabulla,herbicide,2023-05-23,11.0,12.0,0.0,,,,,,,Trifluralin,L,1.5,
3286,KINNABULLA_S8_P2312_R1,2023,5,23,,,,,,,,,,,,,,,,,,2L/ha applied at sowing,kinnabulla,herbicide,2023-05-23,11.0,34.0,0.0,,,,,,,Avadex,L,2.0,
3287,KINNABULLA_S8_P2312_R1,2023,5,23,,,,,,,,,,,,,,,,,,3L/ha applied at sowing,kinnabulla,herbicide,2023-05-23,11.0,13.5,0.0,,,,,,,Glyphosate 450,L,3.0,
3288,KINNABULLA_S8_P2312_R1,2023,5,23,,,,,,,,,,,,,,,,,,"60kg/ha applied at sowing (W, B, L)",kinnabulla,fertiliser,2023-05-23,8.5,38.4,0.0,,,,,,,Granulock SZ,kg,60.0,
3289,KINNABULLA_S8_P2312_R1,2023,5,23,wheat,,,scepter,,,True,,,sale,130.0,,,30.0,,,On-time,,kinnabulla,sowing,2023-05-23,50.0,0.0,0.0,,,,,,,,,,
3290,KINNABULLA_S8_P2312_R1,2023,6,21,,,,,,,,,,,,,,,,,,257kg/ha top dressing - Wheat D5,kinnabulla,fertiliser,2023-06-21,8.5,128.5,0.0,,,,,,,Urea,kg,257.0,
3291,KINNABULLA_S8_P2312_R1,2023,7,10,,,,,,,,,,,,,,,,,,"0.12L/ha applied to all crop types to control the movement of pests back into pulse crops, could also more intro cereal crops and cause damage, 1-4 node. lucerne flea targeting vetch and lentil.",kinnabulla,pesticide,2023-07-10,11.0,4.32,0.0,,,,,,,Le-mat,L,0.12,insects
3292,KINNABULLA_S8_P2312_R1,2023,7,26,,,,,,,,,,,,,,,,,,"0.025L/ha applied to broadleaf weed control, targeting broadleaf weeds and vol lentils, GS13 (+0.5% uptake = wetting agent)
 *note - spray damage in wheat treatments",kinnabulla,herbicide,2023-07-26,11.0,12.25,0.0,,,,,,,Paradigm,L,0.025,
3293,KINNABULLA_S8_P2312_R1,2023,7,26,,,,,,,,,,,,,,,,,,"0.5L/ha applied to broadleaf weed control, targeting broadleaf weeds and vol lentils, GS13.
 *note - spray damage in wheat treatments",kinnabulla,herbicide,2023-07-26,11.0,4.07,0.0,,,,,,,MCPA LVE,L,0.5,
3294,KINNABULLA_S8_P2312_R1,2023,11,17,,,,,,,,,,,,,,,,,,"3L/ha applied to desiccate for late season weed control, bring all crop types in together for harvest (+0.16% BS1000 = wetting agent)",kinnabulla,herbicide,2023-11-17,11.0,45.0,0.0,,,,,,,Diquat,L,3.0,
3295,KINNABULLA_S8_P2312_R1,2023,12,7,wheat,,,,,,,,,,,,,,,,,,kinnabulla,termination,2023-12-07,80.0,0.0,1714.3500000000001,success,sale,5195.0,,,stubble,,,,
3296,KINNABULLA_S8_P2312_R1,2023,12,14,,,,,,,,,,,,,,,,,,0.4L/ha applied overall site knockdown to control summer weeds (+2% Liase =  liquid adjuvant),kinnabulla,herbicide,2023-12-14,11.0,3.38,0.0,,,,,,,Ester,L,0.4,
3297,KINNABULLA_S8_P2312_R1,2023,12,14,,,,,,,,,,,,,,,,,,2.5L/ha applied overall site knockdown to control summer weeds,kinnabulla,herbicide,2023-12-14,11.0,11.25,0.0,,,,,,,Glyphosate,L,2.5,
3298,KINNABULLA_S8_P2312_R1,2024,1,18,,,,,,,,,,,,,,,,,,"2.5L/ha applied overall site knockdown to control summer weeds (heliotrope and odd thistle), vol. crop (wheat, barley, canola, radish, lentil)",kinnabulla,herbicide,2024-01-18,11.0,11.25,0.0,,,,,,,Glyphosate,L,2.5,
3299,KINNABULLA_S8_P2312_R2,2023,5,23,,,,,,,,,,,,,,,,,,1.5L/ha applied at sowing,kinnabulla,herbicide,2023-05-23,11.0,12.0,0.0,,,,,,,Trifluralin,L,1.5,
3300,KINNABULLA_S8_P2312_R2,2023,5,23,,,,,,,,,,,,,,,,,,2L/ha applied at sowing,kinnabulla,herbicide,2023-05-23,11.0,34.0,0.0,,,,,,,Avadex,L,2.0,
3301,KINNABULLA_S8_P2312_R2,2023,5,23,,,,,,,,,,,,,,,,,,3L/ha applied at sowing,kinnabulla,herbicide,2023-05-23,11.0,13.5,0.0,,,,,,,Glyphosate 450,L,3.0,
3302,KINNABULLA_S8_P2312_R2,2023,5,23,,,,,,,,,,,,,,,,,,"60kg/ha applied at sowing (W, B, L)",kinnabulla,fertiliser,2023-05-23,8.5,38.4,0.0,,,,,,,Granulock SZ,kg,60.0,
3303,KINNABULLA_S8_P2312_R2,2023,5,23,wheat,,,scepter,,,True,,,sale,130.0,,,30.0,,,On-time,,kinnabulla,sowing,2023-05-23,50.0,0.0,0.0,,,,,,,,,,
3304,KINNABULLA_S8_P2312_R2,2023,6,21,,,,,,,,,,,,,,,,,,257kg/ha top dressing - Wheat D5,kinnabulla,fertiliser,2023-06-21,8.5,128.5,0.0,,,,,,,Urea,kg,257.0,
3305,KINNABULLA_S8_P2312_R2,2023,7,10,,,,,,,,,,,,,,,,,,"0.12L/ha applied to all crop types to control the movement of pests back into pulse crops, could also more intro cereal crops and cause damage, 1-4 node. lucerne flea targeting vetch and lentil.",kinnabulla,pesticide,2023-07-10,11.0,4.32,0.0,,,,,,,Le-mat,L,0.12,insects
3306,KINNABULLA_S8_P2312_R2,2023,7,26,,,,,,,,,,,,,,,,,,"0.025L/ha applied to broadleaf weed control, targeting broadleaf weeds and vol lentils, GS13 (+0.5% uptake = wetting agent)
 *note - spray damage in wheat treatments",kinnabulla,herbicide,2023-07-26,11.0,12.25,0.0,,,,,,,Paradigm,L,0.025,
3307,KINNABULLA_S8_P2312_R2,2023,7,26,,,,,,,,,,,,,,,,,,"0.5L/ha applied to broadleaf weed control, targeting broadleaf weeds and vol lentils, GS13.
 *note - spray damage in wheat treatments",kinnabulla,herbicide,2023-07-26,11.0,4.07,0.0,,,,,,,MCPA LVE,L,0.5,
3308,KINNABULLA_S8_P2312_R2,2023,11,17,,,,,,,,,,,,,,,,,,"3L/ha applied to desiccate for late season weed control, bring all crop types in together for harvest (+0.16% BS1000 = wetting agent)",kinnabulla,herbicide,2023-11-17,11.0,45.0,0.0,,,,,,,Diquat,L,3.0,
3309,KINNABULLA_S8_P2312_R2,2023,12,7,wheat,,,,,,,,,,,,,,,,,,kinnabulla,termination,2023-12-07,80.0,0.0,1646.3700000000001,success,sale,4989.0,,,stubble,,,,
3310,KINNABULLA_S8_P2312_R2,2023,12,14,,,,,,,,,,,,,,,,,,0.4L/ha applied overall site knockdown to control summer weeds (+2% Liase =  liquid adjuvant),kinnabulla,herbicide,2023-12-14,11.0,3.38,0.0,,,,,,,Ester,L,0.4,
3311,KINNABULLA_S8_P2312_R2,2023,12,14,,,,,,,,,,,,,,,,,,2.5L/ha applied overall site knockdown to control summer weeds,kinnabulla,herbicide,2023-12-14,11.0,11.25,0.0,,,,,,,Glyphosate,L,2.5,
3312,KINNABULLA_S8_P2312_R2,2024,1,18,,,,,,,,,,,,,,,,,,"2.5L/ha applied overall site knockdown to control summer weeds (heliotrope and odd thistle), vol. crop (wheat, barley, canola, radish, lentil)",kinnabulla,herbicide,2024-01-18,11.0,11.25,0.0,,,,,,,Glyphosate,L,2.5,
3313,KINNABULLA_S8_P2312_R3,2023,5,23,,,,,,,,,,,,,,,,,,1.5L/ha applied at sowing,kinnabulla,herbicide,2023-05-23,11.0,12.0,0.0,,,,,,,Trifluralin,L,1.5,
3314,KINNABULLA_S8_P2312_R3,2023,5,23,,,,,,,,,,,,,,,,,,2L/ha applied at sowing,kinnabulla,herbicide,2023-05-23,11.0,34.0,0.0,,,,,,,Avadex,L,2.0,
3315,KINNABULLA_S8_P2312_R3,2023,5,23,,,,,,,,,,,,,,,,,,3L/ha applied at sowing,kinnabulla,herbicide,2023-05-23,11.0,13.5,0.0,,,,,,,Glyphosate 450,L,3.0,
3316,KINNABULLA_S8_P2312_R3,2023,5,23,,,,,,,,,,,,,,,,,,"60kg/ha applied at sowing (W, B, L)",kinnabulla,fertiliser,2023-05-23,8.5,38.4,0.0,,,,,,,Granulock SZ,kg,60.0,
3317,KINNABULLA_S8_P2312_R3,2023,5,23,wheat,,,scepter,,,True,,,sale,130.0,,,30.0,,,On-time,,kinnabulla,sowing,2023-05-23,50.0,0.0,0.0,,,,,,,,,,
3318,KINNABULLA_S8_P2312_R3,2023,6,21,,,,,,,,,,,,,,,,,,257kg/ha top dressing - Wheat D5,kinnabulla,fertiliser,2023-06-21,8.5,128.5,0.0,,,,,,,Urea,kg,257.0,
3319,KINNABULLA_S8_P2312_R3,2023,7,10,,,,,,,,,,,,,,,,,,"0.12L/ha applied to all crop types to control the movement of pests back into pulse crops, could also more intro cereal crops and cause damage, 1-4 node. lucerne flea targeting vetch and lentil.",kinnabulla,pesticide,2023-07-10,11.0,4.32,0.0,,,,,,,Le-mat,L,0.12,insects
3320,KINNABULLA_S8_P2312_R3,2023,7,26,,,,,,,,,,,,,,,,,,"0.025L/ha applied to broadleaf weed control, targeting broadleaf weeds and vol lentils, GS13 (+0.5% uptake = wetting agent)
 *note - spray damage in wheat treatments",kinnabulla,herbicide,2023-07-26,11.0,12.25,0.0,,,,,,,Paradigm,L,0.025,
3321,KINNABULLA_S8_P2312_R3,2023,7,26,,,,,,,,,,,,,,,,,,"0.5L/ha applied to broadleaf weed control, targeting broadleaf weeds and vol lentils, GS13.
 *note - spray damage in wheat treatments",kinnabulla,herbicide,2023-07-26,11.0,4.07,0.0,,,,,,,MCPA LVE,L,0.5,
3322,KINNABULLA_S8_P2312_R3,2023,11,17,,,,,,,,,,,,,,,,,,"3L/ha applied to desiccate for late season weed control, bring all crop types in together for harvest (+0.16% BS1000 = wetting agent)",kinnabulla,herbicide,2023-11-17,11.0,45.0,0.0,,,,,,,Diquat,L,3.0,
3323,KINNABULLA_S8_P2312_R3,2023,12,7,wheat,,,,,,,,,,,,,,,,,,kinnabulla,termination,2023-12-07,80.0,0.0,1445.0700000000002,success,sale,4379.0,,,stubble,,,,
3324,KINNABULLA_S8_P2312_R3,2023,12,14,,,,,,,,,,,,,,,,,,0.4L/ha applied overall site knockdown to control summer weeds (+2% Liase =  liquid adjuvant),kinnabulla,herbicide,2023-12-14,11.0,3.38,0.0,,,,,,,Ester,L,0.4,
3325,KINNABULLA_S8_P2312_R3,2023,12,14,,,,,,,,,,,,,,,,,,2.5L/ha applied overall site knockdown to control summer weeds,kinnabulla,herbicide,2023-12-14,11.0,11.25,0.0,,,,,,,Glyphosate,L,2.5,
3326,KINNABULLA_S8_P2312_R3,2024,1,18,,,,,,,,,,,,,,,,,,"2.5L/ha applied overall site knockdown to control summer weeds (heliotrope and odd thistle), vol. crop (wheat, barley, canola, radish, lentil)",kinnabulla,herbicide,2024-01-18,11.0,11.25,0.0,,,,,,,Glyphosate,L,2.5,
3327,KINNABULLA_S8_P3123_R1,2023,5,23,,,,,,,,,,,,,,,,,,1.5L/ha applied at sowing,kinnabulla,herbicide,2023-05-23,11.0,12.0,0.0,,,,,,,Trifluralin,L,1.5,
3328,KINNABULLA_S8_P3123_R1,2023,5,23,,,,,,,,,,,,,,,,,,2L/ha applied at sowing,kinnabulla,herbicide,2023-05-23,11.0,34.0,0.0,,,,,,,Avadex,L,2.0,
3329,KINNABULLA_S8_P3123_R1,2023,5,23,,,,,,,,,,,,,,,,,,3L/ha applied at sowing,kinnabulla,herbicide,2023-05-23,11.0,13.5,0.0,,,,,,,Glyphosate 450,L,3.0,
3330,KINNABULLA_S8_P3123_R1,2023,5,23,,,,,,,,,,,,,,,,,,"60kg/ha applied at sowing (W, B, L)",kinnabulla,fertiliser,2023-05-23,8.5,38.4,0.0,,,,,,,Granulock SZ,kg,60.0,
3331,KINNABULLA_S8_P3123_R1,2023,5,23,wheat,,,scepter,,,True,,,sale,130.0,,,30.0,,,On-time,,kinnabulla,sowing,2023-05-23,50.0,0.0,0.0,,,,,,,,,,
3332,KINNABULLA_S8_P3123_R1,2023,6,21,,,,,,,,,,,,,,,,,,257kg/ha top dressing - Wheat D5,kinnabulla,fertiliser,2023-06-21,8.5,128.5,0.0,,,,,,,Urea,kg,257.0,
3333,KINNABULLA_S8_P3123_R1,2023,7,10,,,,,,,,,,,,,,,,,,"0.12L/ha applied to all crop types to control the movement of pests back into pulse crops, could also more intro cereal crops and cause damage, 1-4 node. lucerne flea targeting vetch and lentil.",kinnabulla,pesticide,2023-07-10,11.0,4.32,0.0,,,,,,,Le-mat,L,0.12,insects
3334,KINNABULLA_S8_P3123_R1,2023,7,26,,,,,,,,,,,,,,,,,,"0.025L/ha applied to broadleaf weed control, targeting broadleaf weeds and vol lentils, GS13 (+0.5% uptake = wetting agent)
 *note - spray damage in wheat treatments",kinnabulla,herbicide,2023-07-26,11.0,12.25,0.0,,,,,,,Paradigm,L,0.025,
3335,KINNABULLA_S8_P3123_R1,2023,7,26,,,,,,,,,,,,,,,,,,"0.5L/ha applied to broadleaf weed control, targeting broadleaf weeds and vol lentils, GS13.
 *note - spray damage in wheat treatments",kinnabulla,herbicide,2023-07-26,11.0,4.07,0.0,,,,,,,MCPA LVE,L,0.5,
3336,KINNABULLA_S8_P3123_R1,2023,11,17,,,,,,,,,,,,,,,,,,"3L/ha applied to desiccate for late season weed control, bring all crop types in together for harvest (+0.16% BS1000 = wetting agent)",kinnabulla,herbicide,2023-11-17,11.0,45.0,0.0,,,,,,,Diquat,L,3.0,
3337,KINNABULLA_S8_P3123_R1,2023,12,7,wheat,,,,,,,,,,,,,,,,,,kinnabulla,termination,2023-12-07,80.0,0.0,1639.77,success,sale,4969.0,,,stubble,,,,
3338,KINNABULLA_S8_P3123_R1,2023,12,14,,,,,,,,,,,,,,,,,,0.4L/ha applied overall site knockdown to control summer weeds (+2% Liase =  liquid adjuvant),kinnabulla,herbicide,2023-12-14,11.0,3.38,0.0,,,,,,,Ester,L,0.4,
3339,KINNABULLA_S8_P3123_R1,2023,12,14,,,,,,,,,,,,,,,,,,2.5L/ha applied overall site knockdown to control summer weeds,kinnabulla,herbicide,2023-12-14,11.0,11.25,0.0,,,,,,,Glyphosate,L,2.5,
3340,KINNABULLA_S8_P3123_R1,2024,1,18,,,,,,,,,,,,,,,,,,"2.5L/ha applied overall site knockdown to control summer weeds (heliotrope and odd thistle), vol. crop (wheat, barley, canola, radish, lentil)",kinnabulla,herbicide,2024-01-18,11.0,11.25,0.0,,,,,,,Glyphosate,L,2.5,
3341,KINNABULLA_S8_P3123_R2,2023,5,23,,,,,,,,,,,,,,,,,,1.5L/ha applied at sowing,kinnabulla,herbicide,2023-05-23,11.0,12.0,0.0,,,,,,,Trifluralin,L,1.5,
3342,KINNABULLA_S8_P3123_R2,2023,5,23,,,,,,,,,,,,,,,,,,2L/ha applied at sowing,kinnabulla,herbicide,2023-05-23,11.0,34.0,0.0,,,,,,,Avadex,L,2.0,
3343,KINNABULLA_S8_P3123_R2,2023,5,23,,,,,,,,,,,,,,,,,,3L/ha applied at sowing,kinnabulla,herbicide,2023-05-23,11.0,13.5,0.0,,,,,,,Glyphosate 450,L,3.0,
3344,KINNABULLA_S8_P3123_R2,2023,5,23,,,,,,,,,,,,,,,,,,"60kg/ha applied at sowing (W, B, L)",kinnabulla,fertiliser,2023-05-23,8.5,38.4,0.0,,,,,,,Granulock SZ,kg,60.0,
3345,KINNABULLA_S8_P3123_R2,2023,5,23,wheat,,,scepter,,,True,,,sale,130.0,,,30.0,,,On-time,,kinnabulla,sowing,2023-05-23,50.0,0.0,0.0,,,,,,,,,,
3346,KINNABULLA_S8_P3123_R2,2023,6,21,,,,,,,,,,,,,,,,,,257kg/ha top dressing - Wheat D5,kinnabulla,fertiliser,2023-06-21,8.5,128.5,0.0,,,,,,,Urea,kg,257.0,
3347,KINNABULLA_S8_P3123_R2,2023,7,10,,,,,,,,,,,,,,,,,,"0.12L/ha applied to all crop types to control the movement of pests back into pulse crops, could also more intro cereal crops and cause damage, 1-4 node. lucerne flea targeting vetch and lentil.",kinnabulla,pesticide,2023-07-10,11.0,4.32,0.0,,,,,,,Le-mat,L,0.12,insects
3348,KINNABULLA_S8_P3123_R2,2023,7,26,,,,,,,,,,,,,,,,,,"0.025L/ha applied to broadleaf weed control, targeting broadleaf weeds and vol lentils, GS13 (+0.5% uptake = wetting agent)
 *note - spray damage in wheat treatments",kinnabulla,herbicide,2023-07-26,11.0,12.25,0.0,,,,,,,Paradigm,L,0.025,
3349,KINNABULLA_S8_P3123_R2,2023,7,26,,,,,,,,,,,,,,,,,,"0.5L/ha applied to broadleaf weed control, targeting broadleaf weeds and vol lentils, GS13.
 *note - spray damage in wheat treatments",kinnabulla,herbicide,2023-07-26,11.0,4.07,0.0,,,,,,,MCPA LVE,L,0.5,
3350,KINNABULLA_S8_P3123_R2,2023,11,17,,,,,,,,,,,,,,,,,,"3L/ha applied to desiccate for late season weed control, bring all crop types in together for harvest (+0.16% BS1000 = wetting agent)",kinnabulla,herbicide,2023-11-17,11.0,45.0,0.0,,,,,,,Diquat,L,3.0,
3351,KINNABULLA_S8_P3123_R2,2023,12,7,wheat,,,,,,,,,,,,,,,,,,kinnabulla,termination,2023-12-07,80.0,0.0,1645.0500000000002,success,sale,4985.0,,,stubble,,,,
3352,KINNABULLA_S8_P3123_R2,2023,12,14,,,,,,,,,,,,,,,,,,0.4L/ha applied overall site knockdown to control summer weeds (+2% Liase =  liquid adjuvant),kinnabulla,herbicide,2023-12-14,11.0,3.38,0.0,,,,,,,Ester,L,0.4,
3353,KINNABULLA_S8_P3123_R2,2023,12,14,,,,,,,,,,,,,,,,,,2.5L/ha applied overall site knockdown to control summer weeds,kinnabulla,herbicide,2023-12-14,11.0,11.25,0.0,,,,,,,Glyphosate,L,2.5,
3354,KINNABULLA_S8_P3123_R2,2024,1,18,,,,,,,,,,,,,,,,,,"2.5L/ha applied overall site knockdown to control summer weeds (heliotrope and odd thistle), vol. crop (wheat, barley, canola, radish, lentil)",kinnabulla,herbicide,2024-01-18,11.0,11.25,0.0,,,,,,,Glyphosate,L,2.5,
3355,KINNABULLA_S8_P3123_R3,2023,5,23,,,,,,,,,,,,,,,,,,1.5L/ha applied at sowing,kinnabulla,herbicide,2023-05-23,11.0,12.0,0.0,,,,,,,Trifluralin,L,1.5,
3356,KINNABULLA_S8_P3123_R3,2023,5,23,,,,,,,,,,,,,,,,,,2L/ha applied at sowing,kinnabulla,herbicide,2023-05-23,11.0,34.0,0.0,,,,,,,Avadex,L,2.0,
3357,KINNABULLA_S8_P3123_R3,2023,5,23,,,,,,,,,,,,,,,,,,3L/ha applied at sowing,kinnabulla,herbicide,2023-05-23,11.0,13.5,0.0,,,,,,,Glyphosate 450,L,3.0,
3358,KINNABULLA_S8_P3123_R3,2023,5,23,,,,,,,,,,,,,,,,,,"60kg/ha applied at sowing (W, B, L)",kinnabulla,fertiliser,2023-05-23,8.5,38.4,0.0,,,,,,,Granulock SZ,kg,60.0,
3359,KINNABULLA_S8_P3123_R3,2023,5,23,wheat,,,scepter,,,True,,,sale,130.0,,,30.0,,,On-time,,kinnabulla,sowing,2023-05-23,50.0,0.0,0.0,,,,,,,,,,
3360,KINNABULLA_S8_P3123_R3,2023,6,21,,,,,,,,,,,,,,,,,,257kg/ha top dressing - Wheat D5,kinnabulla,fertiliser,2023-06-21,8.5,128.5,0.0,,,,,,,Urea,kg,257.0,
3361,KINNABULLA_S8_P3123_R3,2023,7,10,,,,,,,,,,,,,,,,,,"0.12L/ha applied to all crop types to control the movement of pests back into pulse crops, could also more intro cereal crops and cause damage, 1-4 node. lucerne flea targeting vetch and lentil.",kinnabulla,pesticide,2023-07-10,11.0,4.32,0.0,,,,,,,Le-mat,L,0.12,insects
3362,KINNABULLA_S8_P3123_R3,2023,7,26,,,,,,,,,,,,,,,,,,"0.025L/ha applied to broadleaf weed control, targeting broadleaf weeds and vol lentils, GS13 (+0.5% uptake = wetting agent)
 *note - spray damage in wheat treatments",kinnabulla,herbicide,2023-07-26,11.0,12.25,0.0,,,,,,,Paradigm,L,0.025,
3363,KINNABULLA_S8_P3123_R3,2023,7,26,,,,,,,,,,,,,,,,,,"0.5L/ha applied to broadleaf weed control, targeting broadleaf weeds and vol lentils, GS13.
 *note - spray damage in wheat treatments",kinnabulla,herbicide,2023-07-26,11.0,4.07,0.0,,,,,,,MCPA LVE,L,0.5,
3364,KINNABULLA_S8_P3123_R3,2023,11,17,,,,,,,,,,,,,,,,,,"3L/ha applied to desiccate for late season weed control, bring all crop types in together for harvest (+0.16% BS1000 = wetting agent)",kinnabulla,herbicide,2023-11-17,11.0,45.0,0.0,,,,,,,Diquat,L,3.0,
3365,KINNABULLA_S8_P3123_R3,2023,12,7,wheat,,,,,,,,,,,,,,,,,,kinnabulla,termination,2023-12-07,80.0,0.0,1666.8300000000002,success,sale,5051.0,,,stubble,,,,
3366,KINNABULLA_S8_P3123_R3,2023,12,14,,,,,,,,,,,,,,,,,,0.4L/ha applied overall site knockdown to control summer weeds (+2% Liase =  liquid adjuvant),kinnabulla,herbicide,2023-12-14,11.0,3.38,0.0,,,,,,,Ester,L,0.4,
3367,KINNABULLA_S8_P3123_R3,2023,12,14,,,,,,,,,,,,,,,,,,2.5L/ha applied overall site knockdown to control summer weeds,kinnabulla,herbicide,2023-12-14,11.0,11.25,0.0,,,,,,,Glyphosate,L,2.5,
3368,KINNABULLA_S8_P3123_R3,2024,1,18,,,,,,,,,,,,,,,,,,"2.5L/ha applied overall site knockdown to control summer weeds (heliotrope and odd thistle), vol. crop (wheat, barley, canola, radish, lentil)",kinnabulla,herbicide,2024-01-18,11.0,11.25,0.0,,,,,,,Glyphosate,L,2.5,
3369,KINNABULLA_S9.1_P1231_R1,2023,5,3,,,,,,,,,,,,,,,,,,0.8L/ha applied at sowing,kinnabulla,herbicide,2023-05-03,11.0,9.600000000000001,0.0,,,,,,,Simazine,L,0.8,
3370,KINNABULLA_S9.1_P1231_R1,2023,5,3,,,,,,,,,,,,,,,,,,1.5L/ha applied at sowing,kinnabulla,herbicide,2023-05-03,11.0,12.0,0.0,,,,,,,Trifluralin,L,1.5,
3371,KINNABULLA_S9.1_P1231_R1,2023,5,3,,,,,,,,,,,,,,,,,,1L/ha applied at sowing,kinnabulla,herbicide,2023-05-03,11.0,21.8,0.0,,,,,,,Propyzamide,L,1.0,
3372,KINNABULLA_S9.1_P1231_R1,2023,5,3,,,,,,,,,,,,,,,,,,2L/ha applied at sowing,kinnabulla,herbicide,2023-05-03,11.0,34.0,0.0,,,,,,,Avadex,L,2.0,
3373,KINNABULLA_S9.1_P1231_R1,2023,5,3,,,,,,,,,,,,,,,,,,"60kg/ha applied at sowing (C, Vt, TR, TR+Vt)",kinnabulla,fertiliser,2023-05-03,8.5,38.4,0.0,,,,,,,Granulock SZ,kg,60.0,
3374,KINNABULLA_S9.1_P1231_R1,2023,5,3,vetch,,,morava,,,True,,,soilManagement,60.0,,,30.0,,,On-time,,kinnabulla,sowing,2023-05-03,50.0,0.0,0.0,,,,,,,,,,
3375,KINNABULLA_S9.1_P1231_R1,2023,7,10,,,,,,,,,,,,,,,,,,"0.12L/ha applied to all crop types to control the movement of pests back into pulse crops, could also more intro cereal crops and cause damage, 1-4 node. lucerne flea targeting vetch and lentil.",kinnabulla,pesticide,2023-07-10,11.0,4.32,0.0,,,,,,,Le-mat,L,0.12,insects
3376,KINNABULLA_S9.1_P1231_R1,2023,7,26,,,,,,,,,,,,,,,,,,"0.18L/ha applied to grass weed control, targeting brome grass & ryegrass, 2-4 node (+2% Liase = liquid adjuvant) (+0.5% Uptake = wetting agent)",kinnabulla,herbicide,2023-07-26,11.0,24.3,0.0,,,,,,,Factor,L,0.18,
3377,KINNABULLA_S9.1_P1231_R1,2023,7,26,,,,,,,,,,,,,,,,,,"grass weed control, targeting brome grass & ryegrass, 2-4 node",kinnabulla,herbicide,2023-07-26,11.0,3.3,0.0,,,,,,,Haloxyfop,L,0.075,
3378,KINNABULLA_S9.1_P1231_R1,2023,7,26,,,,,,,,,,,,,,,,,,"grass weed control, targeting brome grass & ryegrass, 2-4 node",kinnabulla,herbicide,2023-07-26,11.0,10.25,0.0,,,,,,,Clethodim 360,L,0.5,
3379,KINNABULLA_S9.1_P1231_R1,2023,8,2,,,,,,,,,,,,,,,,,,0.5L/ha applied to lentils and vetch (canopy closure) - botrytis and ascochyta,kinnabulla,fungicide,2023-08-02,11.0,27.25,0.0,,,,,,,Aviator Xpro,L,0.5,
3380,KINNABULLA_S9.1_P1231_R1,2023,9,11,,,,,,,,,,,,,,,,,,"0.03L/ha applied early vetch, tillage radish, vetch & tillage radish termination, flowering",kinnabulla,herbicide,2023-09-11,11.0,9.0,0.0,,,,,,,Terrador,L,0.03,
3381,KINNABULLA_S9.1_P1231_R1,2023,9,11,,,,,,,,,,,,,,,,,,"2L/ha applied early vetch, tillage radish, vetch & tillage radish termination, flowering (+1% Hasten = spray adjuvant)",kinnabulla,herbicide,2023-09-11,11.0,9.0,0.0,,,,,,,Glyphosate,L,2.0,
3382,KINNABULLA_S9.1_P1231_R1,2023,9,26,,,,,,,,,,,,,,,,,,"0.03L/ha applied late vetch termination, flat pod, double knock early vetch",kinnabulla,herbicide,2023-09-26,11.0,9.0,0.0,,,,,,,Terrador,L,0.03,
3383,KINNABULLA_S9.1_P1231_R1,2023,9,26,,,,,,,,,,,,,,,,,,"2L/ha applied late vetch termination, flat pod, double knock early vetch (+1% Hasten = spray adjuvant)",kinnabulla,herbicide,2023-09-26,11.0,9.0,0.0,,,,,,,Glyphosate,L,2.0,
3384,KINNABULLA_S9.1_P1231_R1,2023,11,17,,,,,,,,,,,,,,,,,,"3L/ha applied to desiccate for late season weed control, bring all crop types in together for harvest (+0.16% BS1000 = wetting agent)",kinnabulla,herbicide,2023-11-17,11.0,45.0,0.0,,,,,,,Diquat,L,3.0,
3385,KINNABULLA_S9.1_P1231_R1,2023,12,7,vetch,,,,,,,,,,,,,,,,,,kinnabulla,termination,2023-12-07,80.0,0.0,0.0,success,soilManagement,1911.0,,,stubble,,,,
3386,KINNABULLA_S9.1_P1231_R1,2023,12,14,,,,,,,,,,,,,,,,,,0.4L/ha applied overall site knockdown to control summer weeds (+2% Liase =  liquid adjuvant),kinnabulla,herbicide,2023-12-14,11.0,3.38,0.0,,,,,,,Ester,L,0.4,
3387,KINNABULLA_S9.1_P1231_R1,2023,12,14,,,,,,,,,,,,,,,,,,2.5L/ha applied overall site knockdown to control summer weeds,kinnabulla,herbicide,2023-12-14,11.0,11.25,0.0,,,,,,,Glyphosate,L,2.5,
3388,KINNABULLA_S9.1_P1231_R1,2024,1,18,,,,,,,,,,,,,,,,,,"2.5L/ha applied overall site knockdown to control summer weeds (heliotrope and odd thistle), vol. crop (wheat, barley, canola, radish, lentil)",kinnabulla,herbicide,2024-01-18,11.0,11.25,0.0,,,,,,,Glyphosate,L,2.5,
3389,KINNABULLA_S9.1_P1231_R2,2023,5,3,,,,,,,,,,,,,,,,,,0.8L/ha applied at sowing,kinnabulla,herbicide,2023-05-03,11.0,9.600000000000001,0.0,,,,,,,Simazine,L,0.8,
3390,KINNABULLA_S9.1_P1231_R2,2023,5,3,,,,,,,,,,,,,,,,,,1.5L/ha applied at sowing,kinnabulla,herbicide,2023-05-03,11.0,12.0,0.0,,,,,,,Trifluralin,L,1.5,
3391,KINNABULLA_S9.1_P1231_R2,2023,5,3,,,,,,,,,,,,,,,,,,1L/ha applied at sowing,kinnabulla,herbicide,2023-05-03,11.0,21.8,0.0,,,,,,,Propyzamide,L,1.0,
3392,KINNABULLA_S9.1_P1231_R2,2023,5,3,,,,,,,,,,,,,,,,,,2L/ha applied at sowing,kinnabulla,herbicide,2023-05-03,11.0,34.0,0.0,,,,,,,Avadex,L,2.0,
3393,KINNABULLA_S9.1_P1231_R2,2023,5,3,,,,,,,,,,,,,,,,,,"60kg/ha applied at sowing (C, Vt, TR, TR+Vt)",kinnabulla,fertiliser,2023-05-03,8.5,38.4,0.0,,,,,,,Granulock SZ,kg,60.0,
3394,KINNABULLA_S9.1_P1231_R2,2023,5,3,vetch,,,morava,,,True,,,soilManagement,60.0,,,30.0,,,On-time,,kinnabulla,sowing,2023-05-03,50.0,0.0,0.0,,,,,,,,,,
3395,KINNABULLA_S9.1_P1231_R2,2023,7,10,,,,,,,,,,,,,,,,,,"0.12L/ha applied to all crop types to control the movement of pests back into pulse crops, could also more intro cereal crops and cause damage, 1-4 node. lucerne flea targeting vetch and lentil.",kinnabulla,pesticide,2023-07-10,11.0,4.32,0.0,,,,,,,Le-mat,L,0.12,insects
3396,KINNABULLA_S9.1_P1231_R2,2023,7,26,,,,,,,,,,,,,,,,,,"0.18L/ha applied to grass weed control, targeting brome grass & ryegrass, 2-4 node (+2% Liase = liquid adjuvant) (+0.5% Uptake = wetting agent)",kinnabulla,herbicide,2023-07-26,11.0,24.3,0.0,,,,,,,Factor,L,0.18,
3397,KINNABULLA_S9.1_P1231_R2,2023,7,26,,,,,,,,,,,,,,,,,,"grass weed control, targeting brome grass & ryegrass, 2-4 node",kinnabulla,herbicide,2023-07-26,11.0,3.3,0.0,,,,,,,Haloxyfop,L,0.075,
3398,KINNABULLA_S9.1_P1231_R2,2023,7,26,,,,,,,,,,,,,,,,,,"grass weed control, targeting brome grass & ryegrass, 2-4 node",kinnabulla,herbicide,2023-07-26,11.0,10.25,0.0,,,,,,,Clethodim 360,L,0.5,
3399,KINNABULLA_S9.1_P1231_R2,2023,8,2,,,,,,,,,,,,,,,,,,0.5L/ha applied to lentils and vetch (canopy closure) - botrytis and ascochyta,kinnabulla,fungicide,2023-08-02,11.0,27.25,0.0,,,,,,,Aviator Xpro,L,0.5,
3400,KINNABULLA_S9.1_P1231_R2,2023,9,11,,,,,,,,,,,,,,,,,,"0.03L/ha applied early vetch, tillage radish, vetch & tillage radish termination, flowering",kinnabulla,herbicide,2023-09-11,11.0,9.0,0.0,,,,,,,Terrador,L,0.03,
3401,KINNABULLA_S9.1_P1231_R2,2023,9,11,,,,,,,,,,,,,,,,,,"2L/ha applied early vetch, tillage radish, vetch & tillage radish termination, flowering (+1% Hasten = spray adjuvant)",kinnabulla,herbicide,2023-09-11,11.0,9.0,0.0,,,,,,,Glyphosate,L,2.0,
3402,KINNABULLA_S9.1_P1231_R2,2023,9,26,,,,,,,,,,,,,,,,,,"0.03L/ha applied late vetch termination, flat pod, double knock early vetch",kinnabulla,herbicide,2023-09-26,11.0,9.0,0.0,,,,,,,Terrador,L,0.03,
3403,KINNABULLA_S9.1_P1231_R2,2023,9,26,,,,,,,,,,,,,,,,,,"2L/ha applied late vetch termination, flat pod, double knock early vetch (+1% Hasten = spray adjuvant)",kinnabulla,herbicide,2023-09-26,11.0,9.0,0.0,,,,,,,Glyphosate,L,2.0,
3404,KINNABULLA_S9.1_P1231_R2,2023,11,17,,,,,,,,,,,,,,,,,,"3L/ha applied to desiccate for late season weed control, bring all crop types in together for harvest (+0.16% BS1000 = wetting agent)",kinnabulla,herbicide,2023-11-17,11.0,45.0,0.0,,,,,,,Diquat,L,3.0,
3405,KINNABULLA_S9.1_P1231_R2,2023,12,7,vetch,,,,,,,,,,,,,,,,,,kinnabulla,termination,2023-12-07,80.0,0.0,0.0,success,soilManagement,4347.0,,,stubble,,,,
3406,KINNABULLA_S9.1_P1231_R2,2023,12,14,,,,,,,,,,,,,,,,,,0.4L/ha applied overall site knockdown to control summer weeds (+2% Liase =  liquid adjuvant),kinnabulla,herbicide,2023-12-14,11.0,3.38,0.0,,,,,,,Ester,L,0.4,
3407,KINNABULLA_S9.1_P1231_R2,2023,12,14,,,,,,,,,,,,,,,,,,2.5L/ha applied overall site knockdown to control summer weeds,kinnabulla,herbicide,2023-12-14,11.0,11.25,0.0,,,,,,,Glyphosate,L,2.5,
3408,KINNABULLA_S9.1_P1231_R2,2024,1,18,,,,,,,,,,,,,,,,,,"2.5L/ha applied overall site knockdown to control summer weeds (heliotrope and odd thistle), vol. crop (wheat, barley, canola, radish, lentil)",kinnabulla,herbicide,2024-01-18,11.0,11.25,0.0,,,,,,,Glyphosate,L,2.5,
3409,KINNABULLA_S9.1_P1231_R3,2023,5,3,,,,,,,,,,,,,,,,,,0.8L/ha applied at sowing,kinnabulla,herbicide,2023-05-03,11.0,9.600000000000001,0.0,,,,,,,Simazine,L,0.8,
3410,KINNABULLA_S9.1_P1231_R3,2023,5,3,,,,,,,,,,,,,,,,,,1.5L/ha applied at sowing,kinnabulla,herbicide,2023-05-03,11.0,12.0,0.0,,,,,,,Trifluralin,L,1.5,
3411,KINNABULLA_S9.1_P1231_R3,2023,5,3,,,,,,,,,,,,,,,,,,1L/ha applied at sowing,kinnabulla,herbicide,2023-05-03,11.0,21.8,0.0,,,,,,,Propyzamide,L,1.0,
3412,KINNABULLA_S9.1_P1231_R3,2023,5,3,,,,,,,,,,,,,,,,,,2L/ha applied at sowing,kinnabulla,herbicide,2023-05-03,11.0,34.0,0.0,,,,,,,Avadex,L,2.0,
3413,KINNABULLA_S9.1_P1231_R3,2023,5,3,,,,,,,,,,,,,,,,,,"60kg/ha applied at sowing (C, Vt, TR, TR+Vt)",kinnabulla,fertiliser,2023-05-03,8.5,38.4,0.0,,,,,,,Granulock SZ,kg,60.0,
3414,KINNABULLA_S9.1_P1231_R3,2023,5,3,vetch,,,morava,,,True,,,soilManagement,60.0,,,30.0,,,On-time,,kinnabulla,sowing,2023-05-03,50.0,0.0,0.0,,,,,,,,,,
3415,KINNABULLA_S9.1_P1231_R3,2023,7,10,,,,,,,,,,,,,,,,,,"0.12L/ha applied to all crop types to control the movement of pests back into pulse crops, could also more intro cereal crops and cause damage, 1-4 node. lucerne flea targeting vetch and lentil.",kinnabulla,pesticide,2023-07-10,11.0,4.32,0.0,,,,,,,Le-mat,L,0.12,insects
3416,KINNABULLA_S9.1_P1231_R3,2023,7,26,,,,,,,,,,,,,,,,,,"0.18L/ha applied to grass weed control, targeting brome grass & ryegrass, 2-4 node (+2% Liase = liquid adjuvant) (+0.5% Uptake = wetting agent)",kinnabulla,herbicide,2023-07-26,11.0,24.3,0.0,,,,,,,Factor,L,0.18,
3417,KINNABULLA_S9.1_P1231_R3,2023,7,26,,,,,,,,,,,,,,,,,,"grass weed control, targeting brome grass & ryegrass, 2-4 node",kinnabulla,herbicide,2023-07-26,11.0,3.3,0.0,,,,,,,Haloxyfop,L,0.075,
3418,KINNABULLA_S9.1_P1231_R3,2023,7,26,,,,,,,,,,,,,,,,,,"grass weed control, targeting brome grass & ryegrass, 2-4 node",kinnabulla,herbicide,2023-07-26,11.0,10.25,0.0,,,,,,,Clethodim 360,L,0.5,
3419,KINNABULLA_S9.1_P1231_R3,2023,8,2,,,,,,,,,,,,,,,,,,0.5L/ha applied to lentils and vetch (canopy closure) - botrytis and ascochyta,kinnabulla,fungicide,2023-08-02,11.0,27.25,0.0,,,,,,,Aviator Xpro,L,0.5,
3420,KINNABULLA_S9.1_P1231_R3,2023,9,11,,,,,,,,,,,,,,,,,,"0.03L/ha applied early vetch, tillage radish, vetch & tillage radish termination, flowering",kinnabulla,herbicide,2023-09-11,11.0,9.0,0.0,,,,,,,Terrador,L,0.03,
3421,KINNABULLA_S9.1_P1231_R3,2023,9,11,,,,,,,,,,,,,,,,,,"2L/ha applied early vetch, tillage radish, vetch & tillage radish termination, flowering (+1% Hasten = spray adjuvant)",kinnabulla,herbicide,2023-09-11,11.0,9.0,0.0,,,,,,,Glyphosate,L,2.0,
3422,KINNABULLA_S9.1_P1231_R3,2023,9,26,,,,,,,,,,,,,,,,,,"0.03L/ha applied late vetch termination, flat pod, double knock early vetch",kinnabulla,herbicide,2023-09-26,11.0,9.0,0.0,,,,,,,Terrador,L,0.03,
3423,KINNABULLA_S9.1_P1231_R3,2023,9,26,,,,,,,,,,,,,,,,,,"2L/ha applied late vetch termination, flat pod, double knock early vetch (+1% Hasten = spray adjuvant)",kinnabulla,herbicide,2023-09-26,11.0,9.0,0.0,,,,,,,Glyphosate,L,2.0,
3424,KINNABULLA_S9.1_P1231_R3,2023,11,17,,,,,,,,,,,,,,,,,,"3L/ha applied to desiccate for late season weed control, bring all crop types in together for harvest (+0.16% BS1000 = wetting agent)",kinnabulla,herbicide,2023-11-17,11.0,45.0,0.0,,,,,,,Diquat,L,3.0,
3425,KINNABULLA_S9.1_P1231_R3,2023,12,7,vetch,,,,,,,,,,,,,,,,,,kinnabulla,termination,2023-12-07,80.0,0.0,0.0,success,soilManagement,2381.0,,,stubble,,,,
3426,KINNABULLA_S9.1_P1231_R3,2023,12,14,,,,,,,,,,,,,,,,,,0.4L/ha applied overall site knockdown to control summer weeds (+2% Liase =  liquid adjuvant),kinnabulla,herbicide,2023-12-14,11.0,3.38,0.0,,,,,,,Ester,L,0.4,
3427,KINNABULLA_S9.1_P1231_R3,2023,12,14,,,,,,,,,,,,,,,,,,2.5L/ha applied overall site knockdown to control summer weeds,kinnabulla,herbicide,2023-12-14,11.0,11.25,0.0,,,,,,,Glyphosate,L,2.5,
3428,KINNABULLA_S9.1_P1231_R3,2024,1,18,,,,,,,,,,,,,,,,,,"2.5L/ha applied overall site knockdown to control summer weeds (heliotrope and odd thistle), vol. crop (wheat, barley, canola, radish, lentil)",kinnabulla,herbicide,2024-01-18,11.0,11.25,0.0,,,,,,,Glyphosate,L,2.5,
3429,KINNABULLA_S9.1_P2312_R1,2023,5,23,,,,,,,,,,,,,,,,,,1.5L/ha applied at sowing,kinnabulla,herbicide,2023-05-23,11.0,12.0,0.0,,,,,,,Trifluralin,L,1.5,
3430,KINNABULLA_S9.1_P2312_R1,2023,5,23,,,,,,,,,,,,,,,,,,2L/ha applied at sowing,kinnabulla,herbicide,2023-05-23,11.0,34.0,0.0,,,,,,,Avadex,L,2.0,
3431,KINNABULLA_S9.1_P2312_R1,2023,5,23,,,,,,,,,,,,,,,,,,3L/ha applied at sowing,kinnabulla,herbicide,2023-05-23,11.0,13.5,0.0,,,,,,,Glyphosate 450,L,3.0,
3432,KINNABULLA_S9.1_P2312_R1,2023,5,23,,,,,,,,,,,,,,,,,,"60kg/ha applied at sowing (W, B, L)",kinnabulla,fertiliser,2023-05-23,8.5,38.4,0.0,,,,,,,Granulock SZ,kg,60.0,
3433,KINNABULLA_S9.1_P2312_R1,2023,5,23,wheat,,,scepter,,,True,,,sale,130.0,,,30.0,,,On-time,,kinnabulla,sowing,2023-05-23,50.0,0.0,0.0,,,,,,,,,,
3434,KINNABULLA_S9.1_P2312_R1,2023,7,10,,,,,,,,,,,,,,,,,,"0.12L/ha applied to all crop types to control the movement of pests back into pulse crops, could also more intro cereal crops and cause damage, 1-4 node. lucerne flea targeting vetch and lentil.",kinnabulla,pesticide,2023-07-10,11.0,4.32,0.0,,,,,,,Le-mat,L,0.12,insects
3435,KINNABULLA_S9.1_P2312_R1,2023,7,26,,,,,,,,,,,,,,,,,,"0.025L/ha applied to broadleaf weed control, targeting broadleaf weeds and vol lentils, GS13 (+0.5% uptake = wetting agent)
 *note - spray damage in wheat treatments",kinnabulla,herbicide,2023-07-26,11.0,12.25,0.0,,,,,,,Paradigm,L,0.025,
3436,KINNABULLA_S9.1_P2312_R1,2023,7,26,,,,,,,,,,,,,,,,,,"0.5L/ha applied to broadleaf weed control, targeting broadleaf weeds and vol lentils, GS13.
 *note - spray damage in wheat treatments",kinnabulla,herbicide,2023-07-26,11.0,4.07,0.0,,,,,,,MCPA LVE,L,0.5,
3437,KINNABULLA_S9.1_P2312_R1,2023,11,17,,,,,,,,,,,,,,,,,,"3L/ha applied to desiccate for late season weed control, bring all crop types in together for harvest (+0.16% BS1000 = wetting agent)",kinnabulla,herbicide,2023-11-17,11.0,45.0,0.0,,,,,,,Diquat,L,3.0,
3438,KINNABULLA_S9.1_P2312_R1,2023,12,7,wheat,,,,,,,,,,,,,,,,,,kinnabulla,termination,2023-12-07,80.0,0.0,1815.3300000000002,success,sale,5501.0,,,stubble,,,,
3439,KINNABULLA_S9.1_P2312_R1,2023,12,14,,,,,,,,,,,,,,,,,,0.4L/ha applied overall site knockdown to control summer weeds (+2% Liase =  liquid adjuvant),kinnabulla,herbicide,2023-12-14,11.0,3.38,0.0,,,,,,,Ester,L,0.4,
3440,KINNABULLA_S9.1_P2312_R1,2023,12,14,,,,,,,,,,,,,,,,,,2.5L/ha applied overall site knockdown to control summer weeds,kinnabulla,herbicide,2023-12-14,11.0,11.25,0.0,,,,,,,Glyphosate,L,2.5,
3441,KINNABULLA_S9.1_P2312_R1,2024,1,18,,,,,,,,,,,,,,,,,,"2.5L/ha applied overall site knockdown to control summer weeds (heliotrope and odd thistle), vol. crop (wheat, barley, canola, radish, lentil)",kinnabulla,herbicide,2024-01-18,11.0,11.25,0.0,,,,,,,Glyphosate,L,2.5,
3442,KINNABULLA_S9.1_P2312_R2,2023,5,23,,,,,,,,,,,,,,,,,,1.5L/ha applied at sowing,kinnabulla,herbicide,2023-05-23,11.0,12.0,0.0,,,,,,,Trifluralin,L,1.5,
3443,KINNABULLA_S9.1_P2312_R2,2023,5,23,,,,,,,,,,,,,,,,,,2L/ha applied at sowing,kinnabulla,herbicide,2023-05-23,11.0,34.0,0.0,,,,,,,Avadex,L,2.0,
3444,KINNABULLA_S9.1_P2312_R2,2023,5,23,,,,,,,,,,,,,,,,,,3L/ha applied at sowing,kinnabulla,herbicide,2023-05-23,11.0,13.5,0.0,,,,,,,Glyphosate 450,L,3.0,
3445,KINNABULLA_S9.1_P2312_R2,2023,5,23,,,,,,,,,,,,,,,,,,"60kg/ha applied at sowing (W, B, L)",kinnabulla,fertiliser,2023-05-23,8.5,38.4,0.0,,,,,,,Granulock SZ,kg,60.0,
3446,KINNABULLA_S9.1_P2312_R2,2023,5,23,wheat,,,scepter,,,True,,,sale,130.0,,,30.0,,,On-time,,kinnabulla,sowing,2023-05-23,50.0,0.0,0.0,,,,,,,,,,
3447,KINNABULLA_S9.1_P2312_R2,2023,7,10,,,,,,,,,,,,,,,,,,"0.12L/ha applied to all crop types to control the movement of pests back into pulse crops, could also more intro cereal crops and cause damage, 1-4 node. lucerne flea targeting vetch and lentil.",kinnabulla,pesticide,2023-07-10,11.0,4.32,0.0,,,,,,,Le-mat,L,0.12,insects
3448,KINNABULLA_S9.1_P2312_R2,2023,7,26,,,,,,,,,,,,,,,,,,"0.025L/ha applied to broadleaf weed control, targeting broadleaf weeds and vol lentils, GS13 (+0.5% uptake = wetting agent)
 *note - spray damage in wheat treatments",kinnabulla,herbicide,2023-07-26,11.0,12.25,0.0,,,,,,,Paradigm,L,0.025,
3449,KINNABULLA_S9.1_P2312_R2,2023,7,26,,,,,,,,,,,,,,,,,,"0.5L/ha applied to broadleaf weed control, targeting broadleaf weeds and vol lentils, GS13.
 *note - spray damage in wheat treatments",kinnabulla,herbicide,2023-07-26,11.0,4.07,0.0,,,,,,,MCPA LVE,L,0.5,
3450,KINNABULLA_S9.1_P2312_R2,2023,11,17,,,,,,,,,,,,,,,,,,"3L/ha applied to desiccate for late season weed control, bring all crop types in together for harvest (+0.16% BS1000 = wetting agent)",kinnabulla,herbicide,2023-11-17,11.0,45.0,0.0,,,,,,,Diquat,L,3.0,
3451,KINNABULLA_S9.1_P2312_R2,2023,12,7,wheat,,,,,,,,,,,,,,,,,,kinnabulla,termination,2023-12-07,80.0,0.0,1689.93,success,sale,5121.0,,,stubble,,,,
3452,KINNABULLA_S9.1_P2312_R2,2023,12,14,,,,,,,,,,,,,,,,,,0.4L/ha applied overall site knockdown to control summer weeds (+2% Liase =  liquid adjuvant),kinnabulla,herbicide,2023-12-14,11.0,3.38,0.0,,,,,,,Ester,L,0.4,
3453,KINNABULLA_S9.1_P2312_R2,2023,12,14,,,,,,,,,,,,,,,,,,2.5L/ha applied overall site knockdown to control summer weeds,kinnabulla,herbicide,2023-12-14,11.0,11.25,0.0,,,,,,,Glyphosate,L,2.5,
3454,KINNABULLA_S9.1_P2312_R2,2024,1,18,,,,,,,,,,,,,,,,,,"2.5L/ha applied overall site knockdown to control summer weeds (heliotrope and odd thistle), vol. crop (wheat, barley, canola, radish, lentil)",kinnabulla,herbicide,2024-01-18,11.0,11.25,0.0,,,,,,,Glyphosate,L,2.5,
3455,KINNABULLA_S9.1_P2312_R3,2023,5,23,,,,,,,,,,,,,,,,,,1.5L/ha applied at sowing,kinnabulla,herbicide,2023-05-23,11.0,12.0,0.0,,,,,,,Trifluralin,L,1.5,
3456,KINNABULLA_S9.1_P2312_R3,2023,5,23,,,,,,,,,,,,,,,,,,2L/ha applied at sowing,kinnabulla,herbicide,2023-05-23,11.0,34.0,0.0,,,,,,,Avadex,L,2.0,
3457,KINNABULLA_S9.1_P2312_R3,2023,5,23,,,,,,,,,,,,,,,,,,3L/ha applied at sowing,kinnabulla,herbicide,2023-05-23,11.0,13.5,0.0,,,,,,,Glyphosate 450,L,3.0,
3458,KINNABULLA_S9.1_P2312_R3,2023,5,23,,,,,,,,,,,,,,,,,,"60kg/ha applied at sowing (W, B, L)",kinnabulla,fertiliser,2023-05-23,8.5,38.4,0.0,,,,,,,Granulock SZ,kg,60.0,
3459,KINNABULLA_S9.1_P2312_R3,2023,5,23,wheat,,,scepter,,,True,,,sale,130.0,,,30.0,,,On-time,,kinnabulla,sowing,2023-05-23,50.0,0.0,0.0,,,,,,,,,,
3460,KINNABULLA_S9.1_P2312_R3,2023,7,10,,,,,,,,,,,,,,,,,,"0.12L/ha applied to all crop types to control the movement of pests back into pulse crops, could also more intro cereal crops and cause damage, 1-4 node. lucerne flea targeting vetch and lentil.",kinnabulla,pesticide,2023-07-10,11.0,4.32,0.0,,,,,,,Le-mat,L,0.12,insects
3461,KINNABULLA_S9.1_P2312_R3,2023,7,26,,,,,,,,,,,,,,,,,,"0.025L/ha applied to broadleaf weed control, targeting broadleaf weeds and vol lentils, GS13 (+0.5% uptake = wetting agent)
 *note - spray damage in wheat treatments",kinnabulla,herbicide,2023-07-26,11.0,12.25,0.0,,,,,,,Paradigm,L,0.025,
3462,KINNABULLA_S9.1_P2312_R3,2023,7,26,,,,,,,,,,,,,,,,,,"0.5L/ha applied to broadleaf weed control, targeting broadleaf weeds and vol lentils, GS13.
 *note - spray damage in wheat treatments",kinnabulla,herbicide,2023-07-26,11.0,4.07,0.0,,,,,,,MCPA LVE,L,0.5,
3463,KINNABULLA_S9.1_P2312_R3,2023,11,17,,,,,,,,,,,,,,,,,,"3L/ha applied to desiccate for late season weed control, bring all crop types in together for harvest (+0.16% BS1000 = wetting agent)",kinnabulla,herbicide,2023-11-17,11.0,45.0,0.0,,,,,,,Diquat,L,3.0,
3464,KINNABULLA_S9.1_P2312_R3,2023,12,7,wheat,,,,,,,,,,,,,,,,,,kinnabulla,termination,2023-12-07,80.0,0.0,1602.48,success,sale,4856.0,,,stubble,,,,
3465,KINNABULLA_S9.1_P2312_R3,2023,12,14,,,,,,,,,,,,,,,,,,0.4L/ha applied overall site knockdown to control summer weeds (+2% Liase =  liquid adjuvant),kinnabulla,herbicide,2023-12-14,11.0,3.38,0.0,,,,,,,Ester,L,0.4,
3466,KINNABULLA_S9.1_P2312_R3,2023,12,14,,,,,,,,,,,,,,,,,,2.5L/ha applied overall site knockdown to control summer weeds,kinnabulla,herbicide,2023-12-14,11.0,11.25,0.0,,,,,,,Glyphosate,L,2.5,
3467,KINNABULLA_S9.1_P2312_R3,2024,1,18,,,,,,,,,,,,,,,,,,"2.5L/ha applied overall site knockdown to control summer weeds (heliotrope and odd thistle), vol. crop (wheat, barley, canola, radish, lentil)",kinnabulla,herbicide,2024-01-18,11.0,11.25,0.0,,,,,,,Glyphosate,L,2.5,
3468,KINNABULLA_S9.1_P3123_R1,2023,5,23,,,,,,,,,,,,,,,,,,1.5L/ha applied at sowing,kinnabulla,herbicide,2023-05-23,11.0,12.0,0.0,,,,,,,Trifluralin,L,1.5,
3469,KINNABULLA_S9.1_P3123_R1,2023,5,23,,,,,,,,,,,,,,,,,,2L/ha applied at sowing,kinnabulla,herbicide,2023-05-23,11.0,34.0,0.0,,,,,,,Avadex,L,2.0,
3470,KINNABULLA_S9.1_P3123_R1,2023,5,23,,,,,,,,,,,,,,,,,,3L/ha applied at sowing,kinnabulla,herbicide,2023-05-23,11.0,13.5,0.0,,,,,,,Glyphosate 450,L,3.0,
3471,KINNABULLA_S9.1_P3123_R1,2023,5,23,,,,,,,,,,,,,,,,,,"60kg/ha applied at sowing (W, B, L)",kinnabulla,fertiliser,2023-05-23,8.5,38.4,0.0,,,,,,,Granulock SZ,kg,60.0,
3472,KINNABULLA_S9.1_P3123_R1,2023,5,23,wheat,,,scepter,,,True,,,sale,130.0,,,30.0,,,On-time,,kinnabulla,sowing,2023-05-23,50.0,0.0,0.0,,,,,,,,,,
3473,KINNABULLA_S9.1_P3123_R1,2023,7,10,,,,,,,,,,,,,,,,,,"0.12L/ha applied to all crop types to control the movement of pests back into pulse crops, could also more intro cereal crops and cause damage, 1-4 node. lucerne flea targeting vetch and lentil.",kinnabulla,pesticide,2023-07-10,11.0,4.32,0.0,,,,,,,Le-mat,L,0.12,insects
3474,KINNABULLA_S9.1_P3123_R1,2023,7,26,,,,,,,,,,,,,,,,,,"0.025L/ha applied to broadleaf weed control, targeting broadleaf weeds and vol lentils, GS13 (+0.5% uptake = wetting agent)
 *note - spray damage in wheat treatments",kinnabulla,herbicide,2023-07-26,11.0,12.25,0.0,,,,,,,Paradigm,L,0.025,
3475,KINNABULLA_S9.1_P3123_R1,2023,7,26,,,,,,,,,,,,,,,,,,"0.5L/ha applied to broadleaf weed control, targeting broadleaf weeds and vol lentils, GS13.
 *note - spray damage in wheat treatments",kinnabulla,herbicide,2023-07-26,11.0,4.07,0.0,,,,,,,MCPA LVE,L,0.5,
3476,KINNABULLA_S9.1_P3123_R1,2023,11,17,,,,,,,,,,,,,,,,,,"3L/ha applied to desiccate for late season weed control, bring all crop types in together for harvest (+0.16% BS1000 = wetting agent)",kinnabulla,herbicide,2023-11-17,11.0,45.0,0.0,,,,,,,Diquat,L,3.0,
3477,KINNABULLA_S9.1_P3123_R1,2023,12,7,wheat,,,,,,,,,,,,,,,,,,kinnabulla,termination,2023-12-07,80.0,0.0,1641.75,success,sale,4975.0,,,stubble,,,,
3478,KINNABULLA_S9.1_P3123_R1,2023,12,14,,,,,,,,,,,,,,,,,,0.4L/ha applied overall site knockdown to control summer weeds (+2% Liase =  liquid adjuvant),kinnabulla,herbicide,2023-12-14,11.0,3.38,0.0,,,,,,,Ester,L,0.4,
3479,KINNABULLA_S9.1_P3123_R1,2023,12,14,,,,,,,,,,,,,,,,,,2.5L/ha applied overall site knockdown to control summer weeds,kinnabulla,herbicide,2023-12-14,11.0,11.25,0.0,,,,,,,Glyphosate,L,2.5,
3480,KINNABULLA_S9.1_P3123_R1,2024,1,18,,,,,,,,,,,,,,,,,,"2.5L/ha applied overall site knockdown to control summer weeds (heliotrope and odd thistle), vol. crop (wheat, barley, canola, radish, lentil)",kinnabulla,herbicide,2024-01-18,11.0,11.25,0.0,,,,,,,Glyphosate,L,2.5,
3481,KINNABULLA_S9.1_P3123_R2,2023,5,23,,,,,,,,,,,,,,,,,,1.5L/ha applied at sowing,kinnabulla,herbicide,2023-05-23,11.0,12.0,0.0,,,,,,,Trifluralin,L,1.5,
3482,KINNABULLA_S9.1_P3123_R2,2023,5,23,,,,,,,,,,,,,,,,,,2L/ha applied at sowing,kinnabulla,herbicide,2023-05-23,11.0,34.0,0.0,,,,,,,Avadex,L,2.0,
3483,KINNABULLA_S9.1_P3123_R2,2023,5,23,,,,,,,,,,,,,,,,,,3L/ha applied at sowing,kinnabulla,herbicide,2023-05-23,11.0,13.5,0.0,,,,,,,Glyphosate 450,L,3.0,
3484,KINNABULLA_S9.1_P3123_R2,2023,5,23,,,,,,,,,,,,,,,,,,"60kg/ha applied at sowing (W, B, L)",kinnabulla,fertiliser,2023-05-23,8.5,38.4,0.0,,,,,,,Granulock SZ,kg,60.0,
3485,KINNABULLA_S9.1_P3123_R2,2023,5,23,wheat,,,scepter,,,True,,,sale,130.0,,,30.0,,,On-time,,kinnabulla,sowing,2023-05-23,50.0,0.0,0.0,,,,,,,,,,
3486,KINNABULLA_S9.1_P3123_R2,2023,7,10,,,,,,,,,,,,,,,,,,"0.12L/ha applied to all crop types to control the movement of pests back into pulse crops, could also more intro cereal crops and cause damage, 1-4 node. lucerne flea targeting vetch and lentil.",kinnabulla,pesticide,2023-07-10,11.0,4.32,0.0,,,,,,,Le-mat,L,0.12,insects
3487,KINNABULLA_S9.1_P3123_R2,2023,7,26,,,,,,,,,,,,,,,,,,"0.025L/ha applied to broadleaf weed control, targeting broadleaf weeds and vol lentils, GS13 (+0.5% uptake = wetting agent)
 *note - spray damage in wheat treatments",kinnabulla,herbicide,2023-07-26,11.0,12.25,0.0,,,,,,,Paradigm,L,0.025,
3488,KINNABULLA_S9.1_P3123_R2,2023,7,26,,,,,,,,,,,,,,,,,,"0.5L/ha applied to broadleaf weed control, targeting broadleaf weeds and vol lentils, GS13.
 *note - spray damage in wheat treatments",kinnabulla,herbicide,2023-07-26,11.0,4.07,0.0,,,,,,,MCPA LVE,L,0.5,
3489,KINNABULLA_S9.1_P3123_R2,2023,11,17,,,,,,,,,,,,,,,,,,"3L/ha applied to desiccate for late season weed control, bring all crop types in together for harvest (+0.16% BS1000 = wetting agent)",kinnabulla,herbicide,2023-11-17,11.0,45.0,0.0,,,,,,,Diquat,L,3.0,
3490,KINNABULLA_S9.1_P3123_R2,2023,12,7,wheat,,,,,,,,,,,,,,,,,,kinnabulla,termination,2023-12-07,80.0,0.0,1677.72,success,sale,5084.0,,,stubble,,,,
3491,KINNABULLA_S9.1_P3123_R2,2023,12,14,,,,,,,,,,,,,,,,,,0.4L/ha applied overall site knockdown to control summer weeds (+2% Liase =  liquid adjuvant),kinnabulla,herbicide,2023-12-14,11.0,3.38,0.0,,,,,,,Ester,L,0.4,
3492,KINNABULLA_S9.1_P3123_R2,2023,12,14,,,,,,,,,,,,,,,,,,2.5L/ha applied overall site knockdown to control summer weeds,kinnabulla,herbicide,2023-12-14,11.0,11.25,0.0,,,,,,,Glyphosate,L,2.5,
3493,KINNABULLA_S9.1_P3123_R2,2024,1,18,,,,,,,,,,,,,,,,,,"2.5L/ha applied overall site knockdown to control summer weeds (heliotrope and odd thistle), vol. crop (wheat, barley, canola, radish, lentil)",kinnabulla,herbicide,2024-01-18,11.0,11.25,0.0,,,,,,,Glyphosate,L,2.5,
3494,KINNABULLA_S9.1_P3123_R3,2023,5,23,,,,,,,,,,,,,,,,,,1.5L/ha applied at sowing,kinnabulla,herbicide,2023-05-23,11.0,12.0,0.0,,,,,,,Trifluralin,L,1.5,
3495,KINNABULLA_S9.1_P3123_R3,2023,5,23,,,,,,,,,,,,,,,,,,2L/ha applied at sowing,kinnabulla,herbicide,2023-05-23,11.0,34.0,0.0,,,,,,,Avadex,L,2.0,
3496,KINNABULLA_S9.1_P3123_R3,2023,5,23,,,,,,,,,,,,,,,,,,3L/ha applied at sowing,kinnabulla,herbicide,2023-05-23,11.0,13.5,0.0,,,,,,,Glyphosate 450,L,3.0,
3497,KINNABULLA_S9.1_P3123_R3,2023,5,23,,,,,,,,,,,,,,,,,,"60kg/ha applied at sowing (W, B, L)",kinnabulla,fertiliser,2023-05-23,8.5,38.4,0.0,,,,,,,Granulock SZ,kg,60.0,
3498,KINNABULLA_S9.1_P3123_R3,2023,5,23,wheat,,,scepter,,,True,,,sale,130.0,,,30.0,,,On-time,,kinnabulla,sowing,2023-05-23,50.0,0.0,0.0,,,,,,,,,,
3499,KINNABULLA_S9.1_P3123_R3,2023,7,10,,,,,,,,,,,,,,,,,,"0.12L/ha applied to all crop types to control the movement of pests back into pulse crops, could also more intro cereal crops and cause damage, 1-4 node. lucerne flea targeting vetch and lentil.",kinnabulla,pesticide,2023-07-10,11.0,4.32,0.0,,,,,,,Le-mat,L,0.12,insects
3500,KINNABULLA_S9.1_P3123_R3,2023,7,26,,,,,,,,,,,,,,,,,,"0.025L/ha applied to broadleaf weed control, targeting broadleaf weeds and vol lentils, GS13 (+0.5% uptake = wetting agent)
 *note - spray damage in wheat treatments",kinnabulla,herbicide,2023-07-26,11.0,12.25,0.0,,,,,,,Paradigm,L,0.025,
3501,KINNABULLA_S9.1_P3123_R3,2023,7,26,,,,,,,,,,,,,,,,,,"0.5L/ha applied to broadleaf weed control, targeting broadleaf weeds and vol lentils, GS13.
 *note - spray damage in wheat treatments",kinnabulla,herbicide,2023-07-26,11.0,4.07,0.0,,,,,,,MCPA LVE,L,0.5,
3502,KINNABULLA_S9.1_P3123_R3,2023,11,17,,,,,,,,,,,,,,,,,,"3L/ha applied to desiccate for late season weed control, bring all crop types in together for harvest (+0.16% BS1000 = wetting agent)",kinnabulla,herbicide,2023-11-17,11.0,45.0,0.0,,,,,,,Diquat,L,3.0,
3503,KINNABULLA_S9.1_P3123_R3,2023,12,7,wheat,,,,,,,,,,,,,,,,,,kinnabulla,termination,2023-12-07,80.0,0.0,1589.28,success,sale,4816.0,,,stubble,,,,
3504,KINNABULLA_S9.1_P3123_R3,2023,12,14,,,,,,,,,,,,,,,,,,0.4L/ha applied overall site knockdown to control summer weeds (+2% Liase =  liquid adjuvant),kinnabulla,herbicide,2023-12-14,11.0,3.38,0.0,,,,,,,Ester,L,0.4,
3505,KINNABULLA_S9.1_P3123_R3,2023,12,14,,,,,,,,,,,,,,,,,,2.5L/ha applied overall site knockdown to control summer weeds,kinnabulla,herbicide,2023-12-14,11.0,11.25,0.0,,,,,,,Glyphosate,L,2.5,
3506,KINNABULLA_S9.1_P3123_R3,2024,1,18,,,,,,,,,,,,,,,,,,"2.5L/ha applied overall site knockdown to control summer weeds (heliotrope and odd thistle), vol. crop (wheat, barley, canola, radish, lentil)",kinnabulla,herbicide,2024-01-18,11.0,11.25,0.0,,,,,,,Glyphosate,L,2.5,
3507,KINNABULLA_S9.2_P1231_R1,2023,5,3,,,,,,,,,,,,,,,,,,0.8L/ha applied at sowing,kinnabulla,herbicide,2023-05-03,11.0,9.600000000000001,0.0,,,,,,,Simazine,L,0.8,
3508,KINNABULLA_S9.2_P1231_R1,2023,5,3,,,,,,,,,,,,,,,,,,1.5L/ha applied at sowing,kinnabulla,herbicide,2023-05-03,11.0,12.0,0.0,,,,,,,Trifluralin,L,1.5,
3509,KINNABULLA_S9.2_P1231_R1,2023,5,3,,,,,,,,,,,,,,,,,,1L/ha applied at sowing,kinnabulla,herbicide,2023-05-03,11.0,21.8,0.0,,,,,,,Propyzamide,L,1.0,
3510,KINNABULLA_S9.2_P1231_R1,2023,5,3,,,,,,,,,,,,,,,,,,2L/ha applied at sowing,kinnabulla,herbicide,2023-05-03,11.0,34.0,0.0,,,,,,,Avadex,L,2.0,
3511,KINNABULLA_S9.2_P1231_R1,2023,5,3,,,,,,,,,,,,,,,,,,"60kg/ha applied at sowing (C, Vt, TR, TR+Vt)",kinnabulla,fertiliser,2023-05-03,8.5,38.4,0.0,,,,,,,Granulock SZ,kg,60.0,
3512,KINNABULLA_S9.2_P1231_R1,2023,5,3,vetch,,,morava,,,True,,,soilManagement,60.0,,,30.0,,,On-time,,kinnabulla,sowing,2023-05-03,50.0,0.0,0.0,,,,,,,,,,
3513,KINNABULLA_S9.2_P1231_R1,2023,7,10,,,,,,,,,,,,,,,,,,"0.12L/ha applied to all crop types to control the movement of pests back into pulse crops, could also more intro cereal crops and cause damage, 1-4 node. lucerne flea targeting vetch and lentil.",kinnabulla,pesticide,2023-07-10,11.0,4.32,0.0,,,,,,,Le-mat,L,0.12,insects
3514,KINNABULLA_S9.2_P1231_R1,2023,7,26,,,,,,,,,,,,,,,,,,"0.18L/ha applied to grass weed control, targeting brome grass & ryegrass, 2-4 node (+2% Liase = liquid adjuvant) (+0.5% Uptake = wetting agent)",kinnabulla,herbicide,2023-07-26,11.0,24.3,0.0,,,,,,,Factor,L,0.18,
3515,KINNABULLA_S9.2_P1231_R1,2023,7,26,,,,,,,,,,,,,,,,,,"grass weed control, targeting brome grass & ryegrass, 2-4 node",kinnabulla,herbicide,2023-07-26,11.0,3.3,0.0,,,,,,,Haloxyfop,L,0.075,
3516,KINNABULLA_S9.2_P1231_R1,2023,7,26,,,,,,,,,,,,,,,,,,"grass weed control, targeting brome grass & ryegrass, 2-4 node",kinnabulla,herbicide,2023-07-26,11.0,10.25,0.0,,,,,,,Clethodim 360,L,0.5,
3517,KINNABULLA_S9.2_P1231_R1,2023,8,2,,,,,,,,,,,,,,,,,,0.5L/ha applied to lentils and vetch (canopy closure) - botrytis and ascochyta,kinnabulla,fungicide,2023-08-02,11.0,27.25,0.0,,,,,,,Aviator Xpro,L,0.5,
3518,KINNABULLA_S9.2_P1231_R1,2023,9,26,,,,,,,,,,,,,,,,,,"0.03L/ha applied late vetch termination, flat pod, double knock early vetch",kinnabulla,herbicide,2023-09-26,11.0,9.0,0.0,,,,,,,Terrador,L,0.03,
3519,KINNABULLA_S9.2_P1231_R1,2023,9,26,,,,,,,,,,,,,,,,,,"2L/ha applied late vetch termination, flat pod, double knock early vetch (+1% Hasten = spray adjuvant)",kinnabulla,herbicide,2023-09-26,11.0,9.0,0.0,,,,,,,Glyphosate,L,2.0,
3520,KINNABULLA_S9.2_P1231_R1,2023,11,17,,,,,,,,,,,,,,,,,,"3L/ha applied to desiccate for late season weed control, bring all crop types in together for harvest (+0.16% BS1000 = wetting agent)",kinnabulla,herbicide,2023-11-17,11.0,45.0,0.0,,,,,,,Diquat,L,3.0,
3521,KINNABULLA_S9.2_P1231_R1,2023,12,7,vetch,,,,,,,,,,,,,,,,,,kinnabulla,termination,2023-12-07,80.0,0.0,0.0,success,soilManagement,2601.0,,,stubble,,,,
3522,KINNABULLA_S9.2_P1231_R1,2023,12,14,,,,,,,,,,,,,,,,,,0.4L/ha applied overall site knockdown to control summer weeds (+2% Liase =  liquid adjuvant),kinnabulla,herbicide,2023-12-14,11.0,3.38,0.0,,,,,,,Ester,L,0.4,
3523,KINNABULLA_S9.2_P1231_R1,2023,12,14,,,,,,,,,,,,,,,,,,2.5L/ha applied overall site knockdown to control summer weeds,kinnabulla,herbicide,2023-12-14,11.0,11.25,0.0,,,,,,,Glyphosate,L,2.5,
3524,KINNABULLA_S9.2_P1231_R1,2024,1,18,,,,,,,,,,,,,,,,,,"2.5L/ha applied overall site knockdown to control summer weeds (heliotrope and odd thistle), vol. crop (wheat, barley, canola, radish, lentil)",kinnabulla,herbicide,2024-01-18,11.0,11.25,0.0,,,,,,,Glyphosate,L,2.5,
3525,KINNABULLA_S9.2_P1231_R2,2023,5,3,,,,,,,,,,,,,,,,,,0.8L/ha applied at sowing,kinnabulla,herbicide,2023-05-03,11.0,9.600000000000001,0.0,,,,,,,Simazine,L,0.8,
3526,KINNABULLA_S9.2_P1231_R2,2023,5,3,,,,,,,,,,,,,,,,,,1.5L/ha applied at sowing,kinnabulla,herbicide,2023-05-03,11.0,12.0,0.0,,,,,,,Trifluralin,L,1.5,
3527,KINNABULLA_S9.2_P1231_R2,2023,5,3,,,,,,,,,,,,,,,,,,1L/ha applied at sowing,kinnabulla,herbicide,2023-05-03,11.0,21.8,0.0,,,,,,,Propyzamide,L,1.0,
3528,KINNABULLA_S9.2_P1231_R2,2023,5,3,,,,,,,,,,,,,,,,,,2L/ha applied at sowing,kinnabulla,herbicide,2023-05-03,11.0,34.0,0.0,,,,,,,Avadex,L,2.0,
3529,KINNABULLA_S9.2_P1231_R2,2023,5,3,,,,,,,,,,,,,,,,,,"60kg/ha applied at sowing (C, Vt, TR, TR+Vt)",kinnabulla,fertiliser,2023-05-03,8.5,38.4,0.0,,,,,,,Granulock SZ,kg,60.0,
3530,KINNABULLA_S9.2_P1231_R2,2023,5,3,vetch,,,morava,,,True,,,soilManagement,60.0,,,30.0,,,On-time,,kinnabulla,sowing,2023-05-03,50.0,0.0,0.0,,,,,,,,,,
3531,KINNABULLA_S9.2_P1231_R2,2023,7,10,,,,,,,,,,,,,,,,,,"0.12L/ha applied to all crop types to control the movement of pests back into pulse crops, could also more intro cereal crops and cause damage, 1-4 node. lucerne flea targeting vetch and lentil.",kinnabulla,pesticide,2023-07-10,11.0,4.32,0.0,,,,,,,Le-mat,L,0.12,insects
3532,KINNABULLA_S9.2_P1231_R2,2023,7,26,,,,,,,,,,,,,,,,,,"0.18L/ha applied to grass weed control, targeting brome grass & ryegrass, 2-4 node (+2% Liase = liquid adjuvant) (+0.5% Uptake = wetting agent)",kinnabulla,herbicide,2023-07-26,11.0,24.3,0.0,,,,,,,Factor,L,0.18,
3533,KINNABULLA_S9.2_P1231_R2,2023,7,26,,,,,,,,,,,,,,,,,,"grass weed control, targeting brome grass & ryegrass, 2-4 node",kinnabulla,herbicide,2023-07-26,11.0,3.3,0.0,,,,,,,Haloxyfop,L,0.075,
3534,KINNABULLA_S9.2_P1231_R2,2023,7,26,,,,,,,,,,,,,,,,,,"grass weed control, targeting brome grass & ryegrass, 2-4 node",kinnabulla,herbicide,2023-07-26,11.0,10.25,0.0,,,,,,,Clethodim 360,L,0.5,
3535,KINNABULLA_S9.2_P1231_R2,2023,8,2,,,,,,,,,,,,,,,,,,0.5L/ha applied to lentils and vetch (canopy closure) - botrytis and ascochyta,kinnabulla,fungicide,2023-08-02,11.0,27.25,0.0,,,,,,,Aviator Xpro,L,0.5,
3536,KINNABULLA_S9.2_P1231_R2,2023,9,26,,,,,,,,,,,,,,,,,,"0.03L/ha applied late vetch termination, flat pod, double knock early vetch",kinnabulla,herbicide,2023-09-26,11.0,9.0,0.0,,,,,,,Terrador,L,0.03,
3537,KINNABULLA_S9.2_P1231_R2,2023,9,26,,,,,,,,,,,,,,,,,,"2L/ha applied late vetch termination, flat pod, double knock early vetch (+1% Hasten = spray adjuvant)",kinnabulla,herbicide,2023-09-26,11.0,9.0,0.0,,,,,,,Glyphosate,L,2.0,
3538,KINNABULLA_S9.2_P1231_R2,2023,11,17,,,,,,,,,,,,,,,,,,"3L/ha applied to desiccate for late season weed control, bring all crop types in together for harvest (+0.16% BS1000 = wetting agent)",kinnabulla,herbicide,2023-11-17,11.0,45.0,0.0,,,,,,,Diquat,L,3.0,
3539,KINNABULLA_S9.2_P1231_R2,2023,12,7,vetch,,,,,,,,,,,,,,,,,,kinnabulla,termination,2023-12-07,80.0,0.0,0.0,success,soilManagement,3551.0,,,stubble,,,,
3540,KINNABULLA_S9.2_P1231_R2,2023,12,14,,,,,,,,,,,,,,,,,,0.4L/ha applied overall site knockdown to control summer weeds (+2% Liase =  liquid adjuvant),kinnabulla,herbicide,2023-12-14,11.0,3.38,0.0,,,,,,,Ester,L,0.4,
3541,KINNABULLA_S9.2_P1231_R2,2023,12,14,,,,,,,,,,,,,,,,,,2.5L/ha applied overall site knockdown to control summer weeds,kinnabulla,herbicide,2023-12-14,11.0,11.25,0.0,,,,,,,Glyphosate,L,2.5,
3542,KINNABULLA_S9.2_P1231_R2,2024,1,18,,,,,,,,,,,,,,,,,,"2.5L/ha applied overall site knockdown to control summer weeds (heliotrope and odd thistle), vol. crop (wheat, barley, canola, radish, lentil)",kinnabulla,herbicide,2024-01-18,11.0,11.25,0.0,,,,,,,Glyphosate,L,2.5,
3543,KINNABULLA_S9.2_P1231_R3,2023,5,3,,,,,,,,,,,,,,,,,,0.8L/ha applied at sowing,kinnabulla,herbicide,2023-05-03,11.0,9.600000000000001,0.0,,,,,,,Simazine,L,0.8,
3544,KINNABULLA_S9.2_P1231_R3,2023,5,3,,,,,,,,,,,,,,,,,,1.5L/ha applied at sowing,kinnabulla,herbicide,2023-05-03,11.0,12.0,0.0,,,,,,,Trifluralin,L,1.5,
3545,KINNABULLA_S9.2_P1231_R3,2023,5,3,,,,,,,,,,,,,,,,,,1L/ha applied at sowing,kinnabulla,herbicide,2023-05-03,11.0,21.8,0.0,,,,,,,Propyzamide,L,1.0,
3546,KINNABULLA_S9.2_P1231_R3,2023,5,3,,,,,,,,,,,,,,,,,,2L/ha applied at sowing,kinnabulla,herbicide,2023-05-03,11.0,34.0,0.0,,,,,,,Avadex,L,2.0,
3547,KINNABULLA_S9.2_P1231_R3,2023,5,3,,,,,,,,,,,,,,,,,,"60kg/ha applied at sowing (C, Vt, TR, TR+Vt)",kinnabulla,fertiliser,2023-05-03,8.5,38.4,0.0,,,,,,,Granulock SZ,kg,60.0,
3548,KINNABULLA_S9.2_P1231_R3,2023,5,3,vetch,,,morava,,,True,,,soilManagement,60.0,,,30.0,,,On-time,,kinnabulla,sowing,2023-05-03,50.0,0.0,0.0,,,,,,,,,,
3549,KINNABULLA_S9.2_P1231_R3,2023,7,10,,,,,,,,,,,,,,,,,,"0.12L/ha applied to all crop types to control the movement of pests back into pulse crops, could also more intro cereal crops and cause damage, 1-4 node. lucerne flea targeting vetch and lentil.",kinnabulla,pesticide,2023-07-10,11.0,4.32,0.0,,,,,,,Le-mat,L,0.12,insects
3550,KINNABULLA_S9.2_P1231_R3,2023,7,26,,,,,,,,,,,,,,,,,,"0.18L/ha applied to grass weed control, targeting brome grass & ryegrass, 2-4 node (+2% Liase = liquid adjuvant) (+0.5% Uptake = wetting agent)",kinnabulla,herbicide,2023-07-26,11.0,24.3,0.0,,,,,,,Factor,L,0.18,
3551,KINNABULLA_S9.2_P1231_R3,2023,7,26,,,,,,,,,,,,,,,,,,"grass weed control, targeting brome grass & ryegrass, 2-4 node",kinnabulla,herbicide,2023-07-26,11.0,3.3,0.0,,,,,,,Haloxyfop,L,0.075,
3552,KINNABULLA_S9.2_P1231_R3,2023,7,26,,,,,,,,,,,,,,,,,,"grass weed control, targeting brome grass & ryegrass, 2-4 node",kinnabulla,herbicide,2023-07-26,11.0,10.25,0.0,,,,,,,Clethodim 360,L,0.5,
3553,KINNABULLA_S9.2_P1231_R3,2023,8,2,,,,,,,,,,,,,,,,,,0.5L/ha applied to lentils and vetch (canopy closure) - botrytis and ascochyta,kinnabulla,fungicide,2023-08-02,11.0,27.25,0.0,,,,,,,Aviator Xpro,L,0.5,
3554,KINNABULLA_S9.2_P1231_R3,2023,9,26,,,,,,,,,,,,,,,,,,"0.03L/ha applied late vetch termination, flat pod, double knock early vetch",kinnabulla,herbicide,2023-09-26,11.0,9.0,0.0,,,,,,,Terrador,L,0.03,
3555,KINNABULLA_S9.2_P1231_R3,2023,9,26,,,,,,,,,,,,,,,,,,"2L/ha applied late vetch termination, flat pod, double knock early vetch (+1% Hasten = spray adjuvant)",kinnabulla,herbicide,2023-09-26,11.0,9.0,0.0,,,,,,,Glyphosate,L,2.0,
3556,KINNABULLA_S9.2_P1231_R3,2023,11,17,,,,,,,,,,,,,,,,,,"3L/ha applied to desiccate for late season weed control, bring all crop types in together for harvest (+0.16% BS1000 = wetting agent)",kinnabulla,herbicide,2023-11-17,11.0,45.0,0.0,,,,,,,Diquat,L,3.0,
3557,KINNABULLA_S9.2_P1231_R3,2023,12,7,vetch,,,,,,,,,,,,,,,,,,kinnabulla,termination,2023-12-07,80.0,0.0,0.0,success,soilManagement,2706.0,,,stubble,,,,
3558,KINNABULLA_S9.2_P1231_R3,2023,12,14,,,,,,,,,,,,,,,,,,0.4L/ha applied overall site knockdown to control summer weeds (+2% Liase =  liquid adjuvant),kinnabulla,herbicide,2023-12-14,11.0,3.38,0.0,,,,,,,Ester,L,0.4,
3559,KINNABULLA_S9.2_P1231_R3,2023,12,14,,,,,,,,,,,,,,,,,,2.5L/ha applied overall site knockdown to control summer weeds,kinnabulla,herbicide,2023-12-14,11.0,11.25,0.0,,,,,,,Glyphosate,L,2.5,
3560,KINNABULLA_S9.2_P1231_R3,2024,1,18,,,,,,,,,,,,,,,,,,"2.5L/ha applied overall site knockdown to control summer weeds (heliotrope and odd thistle), vol. crop (wheat, barley, canola, radish, lentil)",kinnabulla,herbicide,2024-01-18,11.0,11.25,0.0,,,,,,,Glyphosate,L,2.5,
3561,KINNABULLA_S9.2_P2312_R1,2023,5,23,,,,,,,,,,,,,,,,,,1.5L/ha applied at sowing,kinnabulla,herbicide,2023-05-23,11.0,12.0,0.0,,,,,,,Trifluralin,L,1.5,
3562,KINNABULLA_S9.2_P2312_R1,2023,5,23,,,,,,,,,,,,,,,,,,2L/ha applied at sowing,kinnabulla,herbicide,2023-05-23,11.0,34.0,0.0,,,,,,,Avadex,L,2.0,
3563,KINNABULLA_S9.2_P2312_R1,2023,5,23,,,,,,,,,,,,,,,,,,3L/ha applied at sowing,kinnabulla,herbicide,2023-05-23,11.0,13.5,0.0,,,,,,,Glyphosate 450,L,3.0,
3564,KINNABULLA_S9.2_P2312_R1,2023,5,23,,,,,,,,,,,,,,,,,,"60kg/ha applied at sowing (W, B, L)",kinnabulla,fertiliser,2023-05-23,8.5,38.4,0.0,,,,,,,Granulock SZ,kg,60.0,
3565,KINNABULLA_S9.2_P2312_R1,2023,5,23,wheat,,,scepter,,,True,,,sale,130.0,,,30.0,,,On-time,,kinnabulla,sowing,2023-05-23,50.0,0.0,0.0,,,,,,,,,,
3566,KINNABULLA_S9.2_P2312_R1,2023,7,10,,,,,,,,,,,,,,,,,,"0.12L/ha applied to all crop types to control the movement of pests back into pulse crops, could also more intro cereal crops and cause damage, 1-4 node. lucerne flea targeting vetch and lentil.",kinnabulla,pesticide,2023-07-10,11.0,4.32,0.0,,,,,,,Le-mat,L,0.12,insects
3567,KINNABULLA_S9.2_P2312_R1,2023,7,26,,,,,,,,,,,,,,,,,,"0.025L/ha applied to broadleaf weed control, targeting broadleaf weeds and vol lentils, GS13 (+0.5% uptake = wetting agent)
 *note - spray damage in wheat treatments",kinnabulla,herbicide,2023-07-26,11.0,12.25,0.0,,,,,,,Paradigm,L,0.025,
3568,KINNABULLA_S9.2_P2312_R1,2023,7,26,,,,,,,,,,,,,,,,,,"0.5L/ha applied to broadleaf weed control, targeting broadleaf weeds and vol lentils, GS13.
 *note - spray damage in wheat treatments",kinnabulla,herbicide,2023-07-26,11.0,4.07,0.0,,,,,,,MCPA LVE,L,0.5,
3569,KINNABULLA_S9.2_P2312_R1,2023,11,17,,,,,,,,,,,,,,,,,,"3L/ha applied to desiccate for late season weed control, bring all crop types in together for harvest (+0.16% BS1000 = wetting agent)",kinnabulla,herbicide,2023-11-17,11.0,45.0,0.0,,,,,,,Diquat,L,3.0,
3570,KINNABULLA_S9.2_P2312_R1,2023,12,7,wheat,,,,,,,,,,,,,,,,,,kinnabulla,termination,2023-12-07,80.0,0.0,1782.99,success,sale,5403.0,,,stubble,,,,
3571,KINNABULLA_S9.2_P2312_R1,2023,12,14,,,,,,,,,,,,,,,,,,0.4L/ha applied overall site knockdown to control summer weeds (+2% Liase =  liquid adjuvant),kinnabulla,herbicide,2023-12-14,11.0,3.38,0.0,,,,,,,Ester,L,0.4,
3572,KINNABULLA_S9.2_P2312_R1,2023,12,14,,,,,,,,,,,,,,,,,,2.5L/ha applied overall site knockdown to control summer weeds,kinnabulla,herbicide,2023-12-14,11.0,11.25,0.0,,,,,,,Glyphosate,L,2.5,
3573,KINNABULLA_S9.2_P2312_R1,2024,1,18,,,,,,,,,,,,,,,,,,"2.5L/ha applied overall site knockdown to control summer weeds (heliotrope and odd thistle), vol. crop (wheat, barley, canola, radish, lentil)",kinnabulla,herbicide,2024-01-18,11.0,11.25,0.0,,,,,,,Glyphosate,L,2.5,
3574,KINNABULLA_S9.2_P2312_R2,2023,5,23,,,,,,,,,,,,,,,,,,1.5L/ha applied at sowing,kinnabulla,herbicide,2023-05-23,11.0,12.0,0.0,,,,,,,Trifluralin,L,1.5,
3575,KINNABULLA_S9.2_P2312_R2,2023,5,23,,,,,,,,,,,,,,,,,,2L/ha applied at sowing,kinnabulla,herbicide,2023-05-23,11.0,34.0,0.0,,,,,,,Avadex,L,2.0,
3576,KINNABULLA_S9.2_P2312_R2,2023,5,23,,,,,,,,,,,,,,,,,,3L/ha applied at sowing,kinnabulla,herbicide,2023-05-23,11.0,13.5,0.0,,,,,,,Glyphosate 450,L,3.0,
3577,KINNABULLA_S9.2_P2312_R2,2023,5,23,,,,,,,,,,,,,,,,,,"60kg/ha applied at sowing (W, B, L)",kinnabulla,fertiliser,2023-05-23,8.5,38.4,0.0,,,,,,,Granulock SZ,kg,60.0,
3578,KINNABULLA_S9.2_P2312_R2,2023,5,23,wheat,,,scepter,,,True,,,sale,130.0,,,30.0,,,On-time,,kinnabulla,sowing,2023-05-23,50.0,0.0,0.0,,,,,,,,,,
3579,KINNABULLA_S9.2_P2312_R2,2023,7,10,,,,,,,,,,,,,,,,,,"0.12L/ha applied to all crop types to control the movement of pests back into pulse crops, could also more intro cereal crops and cause damage, 1-4 node. lucerne flea targeting vetch and lentil.",kinnabulla,pesticide,2023-07-10,11.0,4.32,0.0,,,,,,,Le-mat,L,0.12,insects
3580,KINNABULLA_S9.2_P2312_R2,2023,7,26,,,,,,,,,,,,,,,,,,"0.025L/ha applied to broadleaf weed control, targeting broadleaf weeds and vol lentils, GS13 (+0.5% uptake = wetting agent)
 *note - spray damage in wheat treatments",kinnabulla,herbicide,2023-07-26,11.0,12.25,0.0,,,,,,,Paradigm,L,0.025,
3581,KINNABULLA_S9.2_P2312_R2,2023,7,26,,,,,,,,,,,,,,,,,,"0.5L/ha applied to broadleaf weed control, targeting broadleaf weeds and vol lentils, GS13.
 *note - spray damage in wheat treatments",kinnabulla,herbicide,2023-07-26,11.0,4.07,0.0,,,,,,,MCPA LVE,L,0.5,
3582,KINNABULLA_S9.2_P2312_R2,2023,11,17,,,,,,,,,,,,,,,,,,"3L/ha applied to desiccate for late season weed control, bring all crop types in together for harvest (+0.16% BS1000 = wetting agent)",kinnabulla,herbicide,2023-11-17,11.0,45.0,0.0,,,,,,,Diquat,L,3.0,
3583,KINNABULLA_S9.2_P2312_R2,2023,12,7,wheat,,,,,,,,,,,,,,,,,,kinnabulla,termination,2023-12-07,80.0,0.0,1689.93,success,sale,5121.0,,,stubble,,,,
3584,KINNABULLA_S9.2_P2312_R2,2023,12,14,,,,,,,,,,,,,,,,,,0.4L/ha applied overall site knockdown to control summer weeds (+2% Liase =  liquid adjuvant),kinnabulla,herbicide,2023-12-14,11.0,3.38,0.0,,,,,,,Ester,L,0.4,
3585,KINNABULLA_S9.2_P2312_R2,2023,12,14,,,,,,,,,,,,,,,,,,2.5L/ha applied overall site knockdown to control summer weeds,kinnabulla,herbicide,2023-12-14,11.0,11.25,0.0,,,,,,,Glyphosate,L,2.5,
3586,KINNABULLA_S9.2_P2312_R2,2024,1,18,,,,,,,,,,,,,,,,,,"2.5L/ha applied overall site knockdown to control summer weeds (heliotrope and odd thistle), vol. crop (wheat, barley, canola, radish, lentil)",kinnabulla,herbicide,2024-01-18,11.0,11.25,0.0,,,,,,,Glyphosate,L,2.5,
3587,KINNABULLA_S9.2_P2312_R3,2023,5,23,,,,,,,,,,,,,,,,,,1.5L/ha applied at sowing,kinnabulla,herbicide,2023-05-23,11.0,12.0,0.0,,,,,,,Trifluralin,L,1.5,
3588,KINNABULLA_S9.2_P2312_R3,2023,5,23,,,,,,,,,,,,,,,,,,2L/ha applied at sowing,kinnabulla,herbicide,2023-05-23,11.0,34.0,0.0,,,,,,,Avadex,L,2.0,
3589,KINNABULLA_S9.2_P2312_R3,2023,5,23,,,,,,,,,,,,,,,,,,3L/ha applied at sowing,kinnabulla,herbicide,2023-05-23,11.0,13.5,0.0,,,,,,,Glyphosate 450,L,3.0,
3590,KINNABULLA_S9.2_P2312_R3,2023,5,23,,,,,,,,,,,,,,,,,,"60kg/ha applied at sowing (W, B, L)",kinnabulla,fertiliser,2023-05-23,8.5,38.4,0.0,,,,,,,Granulock SZ,kg,60.0,
3591,KINNABULLA_S9.2_P2312_R3,2023,5,23,wheat,,,scepter,,,True,,,sale,130.0,,,30.0,,,On-time,,kinnabulla,sowing,2023-05-23,50.0,0.0,0.0,,,,,,,,,,
3592,KINNABULLA_S9.2_P2312_R3,2023,7,10,,,,,,,,,,,,,,,,,,"0.12L/ha applied to all crop types to control the movement of pests back into pulse crops, could also more intro cereal crops and cause damage, 1-4 node. lucerne flea targeting vetch and lentil.",kinnabulla,pesticide,2023-07-10,11.0,4.32,0.0,,,,,,,Le-mat,L,0.12,insects
3593,KINNABULLA_S9.2_P2312_R3,2023,7,26,,,,,,,,,,,,,,,,,,"0.025L/ha applied to broadleaf weed control, targeting broadleaf weeds and vol lentils, GS13 (+0.5% uptake = wetting agent)
 *note - spray damage in wheat treatments",kinnabulla,herbicide,2023-07-26,11.0,12.25,0.0,,,,,,,Paradigm,L,0.025,
3594,KINNABULLA_S9.2_P2312_R3,2023,7,26,,,,,,,,,,,,,,,,,,"0.5L/ha applied to broadleaf weed control, targeting broadleaf weeds and vol lentils, GS13.
 *note - spray damage in wheat treatments",kinnabulla,herbicide,2023-07-26,11.0,4.07,0.0,,,,,,,MCPA LVE,L,0.5,
3595,KINNABULLA_S9.2_P2312_R3,2023,11,17,,,,,,,,,,,,,,,,,,"3L/ha applied to desiccate for late season weed control, bring all crop types in together for harvest (+0.16% BS1000 = wetting agent)",kinnabulla,herbicide,2023-11-17,11.0,45.0,0.0,,,,,,,Diquat,L,3.0,
3596,KINNABULLA_S9.2_P2312_R3,2023,12,7,wheat,,,,,,,,,,,,,,,,,,kinnabulla,termination,2023-12-07,80.0,0.0,1679.0400000000002,success,sale,5088.0,,,stubble,,,,
3597,KINNABULLA_S9.2_P2312_R3,2023,12,14,,,,,,,,,,,,,,,,,,0.4L/ha applied overall site knockdown to control summer weeds (+2% Liase =  liquid adjuvant),kinnabulla,herbicide,2023-12-14,11.0,3.38,0.0,,,,,,,Ester,L,0.4,
3598,KINNABULLA_S9.2_P2312_R3,2023,12,14,,,,,,,,,,,,,,,,,,2.5L/ha applied overall site knockdown to control summer weeds,kinnabulla,herbicide,2023-12-14,11.0,11.25,0.0,,,,,,,Glyphosate,L,2.5,
3599,KINNABULLA_S9.2_P2312_R3,2024,1,18,,,,,,,,,,,,,,,,,,"2.5L/ha applied overall site knockdown to control summer weeds (heliotrope and odd thistle), vol. crop (wheat, barley, canola, radish, lentil)",kinnabulla,herbicide,2024-01-18,11.0,11.25,0.0,,,,,,,Glyphosate,L,2.5,
3600,KINNABULLA_S9.2_P3123_R1,2023,5,23,,,,,,,,,,,,,,,,,,1.5L/ha applied at sowing,kinnabulla,herbicide,2023-05-23,11.0,12.0,0.0,,,,,,,Trifluralin,L,1.5,
3601,KINNABULLA_S9.2_P3123_R1,2023,5,23,,,,,,,,,,,,,,,,,,2L/ha applied at sowing,kinnabulla,herbicide,2023-05-23,11.0,34.0,0.0,,,,,,,Avadex,L,2.0,
3602,KINNABULLA_S9.2_P3123_R1,2023,5,23,,,,,,,,,,,,,,,,,,3L/ha applied at sowing,kinnabulla,herbicide,2023-05-23,11.0,13.5,0.0,,,,,,,Glyphosate 450,L,3.0,
3603,KINNABULLA_S9.2_P3123_R1,2023,5,23,,,,,,,,,,,,,,,,,,"60kg/ha applied at sowing (W, B, L)",kinnabulla,fertiliser,2023-05-23,8.5,38.4,0.0,,,,,,,Granulock SZ,kg,60.0,
3604,KINNABULLA_S9.2_P3123_R1,2023,5,23,wheat,,,scepter,,,True,,,sale,130.0,,,30.0,,,On-time,,kinnabulla,sowing,2023-05-23,50.0,0.0,0.0,,,,,,,,,,
3605,KINNABULLA_S9.2_P3123_R1,2023,7,10,,,,,,,,,,,,,,,,,,"0.12L/ha applied to all crop types to control the movement of pests back into pulse crops, could also more intro cereal crops and cause damage, 1-4 node. lucerne flea targeting vetch and lentil.",kinnabulla,pesticide,2023-07-10,11.0,4.32,0.0,,,,,,,Le-mat,L,0.12,insects
3606,KINNABULLA_S9.2_P3123_R1,2023,7,26,,,,,,,,,,,,,,,,,,"0.025L/ha applied to broadleaf weed control, targeting broadleaf weeds and vol lentils, GS13 (+0.5% uptake = wetting agent)
 *note - spray damage in wheat treatments",kinnabulla,herbicide,2023-07-26,11.0,12.25,0.0,,,,,,,Paradigm,L,0.025,
3607,KINNABULLA_S9.2_P3123_R1,2023,7,26,,,,,,,,,,,,,,,,,,"0.5L/ha applied to broadleaf weed control, targeting broadleaf weeds and vol lentils, GS13.
 *note - spray damage in wheat treatments",kinnabulla,herbicide,2023-07-26,11.0,4.07,0.0,,,,,,,MCPA LVE,L,0.5,
3608,KINNABULLA_S9.2_P3123_R1,2023,11,17,,,,,,,,,,,,,,,,,,"3L/ha applied to desiccate for late season weed control, bring all crop types in together for harvest (+0.16% BS1000 = wetting agent)",kinnabulla,herbicide,2023-11-17,11.0,45.0,0.0,,,,,,,Diquat,L,3.0,
3609,KINNABULLA_S9.2_P3123_R1,2023,12,7,wheat,,,,,,,,,,,,,,,,,,kinnabulla,termination,2023-12-07,80.0,0.0,1900.8000000000002,success,sale,5760.0,,,stubble,,,,
3610,KINNABULLA_S9.2_P3123_R1,2023,12,14,,,,,,,,,,,,,,,,,,0.4L/ha applied overall site knockdown to control summer weeds (+2% Liase =  liquid adjuvant),kinnabulla,herbicide,2023-12-14,11.0,3.38,0.0,,,,,,,Ester,L,0.4,
3611,KINNABULLA_S9.2_P3123_R1,2023,12,14,,,,,,,,,,,,,,,,,,2.5L/ha applied overall site knockdown to control summer weeds,kinnabulla,herbicide,2023-12-14,11.0,11.25,0.0,,,,,,,Glyphosate,L,2.5,
3612,KINNABULLA_S9.2_P3123_R1,2024,1,18,,,,,,,,,,,,,,,,,,"2.5L/ha applied overall site knockdown to control summer weeds (heliotrope and odd thistle), vol. crop (wheat, barley, canola, radish, lentil)",kinnabulla,herbicide,2024-01-18,11.0,11.25,0.0,,,,,,,Glyphosate,L,2.5,
3613,KINNABULLA_S9.2_P3123_R2,2023,5,23,,,,,,,,,,,,,,,,,,1.5L/ha applied at sowing,kinnabulla,herbicide,2023-05-23,11.0,12.0,0.0,,,,,,,Trifluralin,L,1.5,
3614,KINNABULLA_S9.2_P3123_R2,2023,5,23,,,,,,,,,,,,,,,,,,2L/ha applied at sowing,kinnabulla,herbicide,2023-05-23,11.0,34.0,0.0,,,,,,,Avadex,L,2.0,
3615,KINNABULLA_S9.2_P3123_R2,2023,5,23,,,,,,,,,,,,,,,,,,3L/ha applied at sowing,kinnabulla,herbicide,2023-05-23,11.0,13.5,0.0,,,,,,,Glyphosate 450,L,3.0,
3616,KINNABULLA_S9.2_P3123_R2,2023,5,23,,,,,,,,,,,,,,,,,,"60kg/ha applied at sowing (W, B, L)",kinnabulla,fertiliser,2023-05-23,8.5,38.4,0.0,,,,,,,Granulock SZ,kg,60.0,
3617,KINNABULLA_S9.2_P3123_R2,2023,5,23,wheat,,,scepter,,,True,,,sale,130.0,,,30.0,,,On-time,,kinnabulla,sowing,2023-05-23,50.0,0.0,0.0,,,,,,,,,,
3618,KINNABULLA_S9.2_P3123_R2,2023,7,10,,,,,,,,,,,,,,,,,,"0.12L/ha applied to all crop types to control the movement of pests back into pulse crops, could also more intro cereal crops and cause damage, 1-4 node. lucerne flea targeting vetch and lentil.",kinnabulla,pesticide,2023-07-10,11.0,4.32,0.0,,,,,,,Le-mat,L,0.12,insects
3619,KINNABULLA_S9.2_P3123_R2,2023,7,26,,,,,,,,,,,,,,,,,,"0.025L/ha applied to broadleaf weed control, targeting broadleaf weeds and vol lentils, GS13 (+0.5% uptake = wetting agent)
 *note - spray damage in wheat treatments",kinnabulla,herbicide,2023-07-26,11.0,12.25,0.0,,,,,,,Paradigm,L,0.025,
3620,KINNABULLA_S9.2_P3123_R2,2023,7,26,,,,,,,,,,,,,,,,,,"0.5L/ha applied to broadleaf weed control, targeting broadleaf weeds and vol lentils, GS13.
 *note - spray damage in wheat treatments",kinnabulla,herbicide,2023-07-26,11.0,4.07,0.0,,,,,,,MCPA LVE,L,0.5,
3621,KINNABULLA_S9.2_P3123_R2,2023,11,17,,,,,,,,,,,,,,,,,,"3L/ha applied to desiccate for late season weed control, bring all crop types in together for harvest (+0.16% BS1000 = wetting agent)",kinnabulla,herbicide,2023-11-17,11.0,45.0,0.0,,,,,,,Diquat,L,3.0,
3622,KINNABULLA_S9.2_P3123_R2,2023,12,7,wheat,,,,,,,,,,,,,,,,,,kinnabulla,termination,2023-12-07,80.0,0.0,1648.3500000000001,success,sale,4995.0,,,stubble,,,,
3623,KINNABULLA_S9.2_P3123_R2,2023,12,14,,,,,,,,,,,,,,,,,,0.4L/ha applied overall site knockdown to control summer weeds (+2% Liase =  liquid adjuvant),kinnabulla,herbicide,2023-12-14,11.0,3.38,0.0,,,,,,,Ester,L,0.4,
3624,KINNABULLA_S9.2_P3123_R2,2023,12,14,,,,,,,,,,,,,,,,,,2.5L/ha applied overall site knockdown to control summer weeds,kinnabulla,herbicide,2023-12-14,11.0,11.25,0.0,,,,,,,Glyphosate,L,2.5,
3625,KINNABULLA_S9.2_P3123_R2,2024,1,18,,,,,,,,,,,,,,,,,,"2.5L/ha applied overall site knockdown to control summer weeds (heliotrope and odd thistle), vol. crop (wheat, barley, canola, radish, lentil)",kinnabulla,herbicide,2024-01-18,11.0,11.25,0.0,,,,,,,Glyphosate,L,2.5,
3626,KINNABULLA_S9.2_P3123_R3,2023,5,23,,,,,,,,,,,,,,,,,,1.5L/ha applied at sowing,kinnabulla,herbicide,2023-05-23,11.0,12.0,0.0,,,,,,,Trifluralin,L,1.5,
3627,KINNABULLA_S9.2_P3123_R3,2023,5,23,,,,,,,,,,,,,,,,,,2L/ha applied at sowing,kinnabulla,herbicide,2023-05-23,11.0,34.0,0.0,,,,,,,Avadex,L,2.0,
3628,KINNABULLA_S9.2_P3123_R3,2023,5,23,,,,,,,,,,,,,,,,,,3L/ha applied at sowing,kinnabulla,herbicide,2023-05-23,11.0,13.5,0.0,,,,,,,Glyphosate 450,L,3.0,
3629,KINNABULLA_S9.2_P3123_R3,2023,5,23,,,,,,,,,,,,,,,,,,"60kg/ha applied at sowing (W, B, L)",kinnabulla,fertiliser,2023-05-23,8.5,38.4,0.0,,,,,,,Granulock SZ,kg,60.0,
3630,KINNABULLA_S9.2_P3123_R3,2023,5,23,wheat,,,scepter,,,True,,,sale,130.0,,,30.0,,,On-time,,kinnabulla,sowing,2023-05-23,50.0,0.0,0.0,,,,,,,,,,
3631,KINNABULLA_S9.2_P3123_R3,2023,7,10,,,,,,,,,,,,,,,,,,"0.12L/ha applied to all crop types to control the movement of pests back into pulse crops, could also more intro cereal crops and cause damage, 1-4 node. lucerne flea targeting vetch and lentil.",kinnabulla,pesticide,2023-07-10,11.0,4.32,0.0,,,,,,,Le-mat,L,0.12,insects
3632,KINNABULLA_S9.2_P3123_R3,2023,7,26,,,,,,,,,,,,,,,,,,"0.025L/ha applied to broadleaf weed control, targeting broadleaf weeds and vol lentils, GS13 (+0.5% uptake = wetting agent)
 *note - spray damage in wheat treatments",kinnabulla,herbicide,2023-07-26,11.0,12.25,0.0,,,,,,,Paradigm,L,0.025,
3633,KINNABULLA_S9.2_P3123_R3,2023,7,26,,,,,,,,,,,,,,,,,,"0.5L/ha applied to broadleaf weed control, targeting broadleaf weeds and vol lentils, GS13.
 *note - spray damage in wheat treatments",kinnabulla,herbicide,2023-07-26,11.0,4.07,0.0,,,,,,,MCPA LVE,L,0.5,
3634,KINNABULLA_S9.2_P3123_R3,2023,11,17,,,,,,,,,,,,,,,,,,"3L/ha applied to desiccate for late season weed control, bring all crop types in together for harvest (+0.16% BS1000 = wetting agent)",kinnabulla,herbicide,2023-11-17,11.0,45.0,0.0,,,,,,,Diquat,L,3.0,
3635,KINNABULLA_S9.2_P3123_R3,2023,12,7,wheat,,,,,,,,,,,,,,,,,,kinnabulla,termination,2023-12-07,80.0,0.0,1585.65,success,sale,4805.0,,,stubble,,,,
3636,KINNABULLA_S9.2_P3123_R3,2023,12,14,,,,,,,,,,,,,,,,,,0.4L/ha applied overall site knockdown to control summer weeds (+2% Liase =  liquid adjuvant),kinnabulla,herbicide,2023-12-14,11.0,3.38,0.0,,,,,,,Ester,L,0.4,
3637,KINNABULLA_S9.2_P3123_R3,2023,12,14,,,,,,,,,,,,,,,,,,2.5L/ha applied overall site knockdown to control summer weeds,kinnabulla,herbicide,2023-12-14,11.0,11.25,0.0,,,,,,,Glyphosate,L,2.5,
3638,KINNABULLA_S9.2_P3123_R3,2024,1,18,,,,,,,,,,,,,,,,,,"2.5L/ha applied overall site knockdown to control summer weeds (heliotrope and odd thistle), vol. crop (wheat, barley, canola, radish, lentil)",kinnabulla,herbicide,2024-01-18,11.0,11.25,0.0,,,,,,,Glyphosate,L,2.5,
3639,ROSEWORTHY_S1.1_P1231_R1,2023,4,15,,,,,,,,,,,,,,,,,,2L/ha applied as Knockdown - Whole site,roseworthy,herbicide,2023-04-15,11.0,24.0,0.0,,,,,,,Crucial,L,2.0,
3640,ROSEWORTHY_S1.1_P1231_R1,2023,5,10,,,,,,,,,,,,,,,,,,2L/ha applied as Knockdown - Whole site,roseworthy,herbicide,2023-05-10,11.0,9.9,0.0,,,,,,,Paraquat,L,2.0,
3641,ROSEWORTHY_S1.1_P1231_R1,2023,5,15,,,,,,,,,,,,,,,,,,1.5kg/ha applied pre-sowing,roseworthy,pesticide,2023-05-15,11.0,112.5,0.0,,,,,,,MouseOff,kg,1.5,mice
3642,ROSEWORTHY_S1.1_P1231_R1,2023,5,23,,,,,,,,,,,,,,,,,,1.1kg/ha applied pre-sowing,roseworthy,herbicide,2023-05-23,11.0,27.500000000000004,0.0,,,,,,,Edge 900DF,kg,1.1,
3643,ROSEWORTHY_S1.1_P1231_R1,2023,5,24,,,,,,,,,,,,,,,,,,"110kg/ha applied pre-sowing, banded below seed",roseworthy,fertiliser,2023-05-24,8.5,63.24999999999999,0.0,,,,,,,DAP,kg,110.0,
3644,ROSEWORTHY_S1.1_P1231_R1,2023,5,24,,,,,,,,,,,,,,,,,,1L/ha applied as pre-sowing - Whole site,roseworthy,herbicide,2023-05-24,11.0,13.5,0.0,,,,,,,Chlorpyriphos,L,1.0,
3645,ROSEWORTHY_S1.1_P1231_R1,2023,5,24,,,,,,,,,,,,,,,,,,2L/ha applied as pre-sowing - Whole site,roseworthy,herbicide,2023-05-24,11.0,24.0,0.0,,,,,,,Crucial,L,2.0,
3646,ROSEWORTHY_S1.1_P1231_R1,2023,5,24,lentil,,,hurricane xt,,,True,,,sale,121.0,,,31.0,,,On-time,,roseworthy,sowing,2023-05-24,50.0,0.0,0.0,,,,,,,,,,
3647,ROSEWORTHY_S1.1_P1231_R1,2023,6,1,,,,,,,,,,,,,,,,,,0.05L/ha applied before establishment - whole site,roseworthy,pesticide,2023-06-01,11.0,6.75,0.0,,,,,,,Albatross,L,0.05,insects
3648,ROSEWORTHY_S1.1_P1231_R1,2023,6,2,,,,,,,,,,,,,,,,,,1.5kg/ha applied before estableshment,roseworthy,pesticide,2023-06-02,11.0,112.5,0.0,,,,,,,MouseOff,kg,1.5,mice
3649,ROSEWORTHY_S1.1_P1231_R1,2023,7,11,,,,,,,,,,,,,,,,,,0.5L/ha+1%wv applied at ~4-5 nodes (mix = Grasidim + Hasten),roseworthy,herbicide,2023-07-11,11.0,15.0,0.0,,,,,,,Grasidim,L,0.5,
3650,ROSEWORTHY_S1.1_P1231_R1,2023,7,24,,,,,,,,,,,,,,,,,,1.5kg/ha applied at early growth development,roseworthy,pesticide,2023-07-24,11.0,112.5,0.0,,,,,,,MouseOff,kg,1.5,mice
3651,ROSEWORTHY_S1.1_P1231_R1,2023,7,25,,,,,,,,,,,,,,,,,,0.3L/ha applied at Z-30 stage (cereal) / pre-canopy close (pulse) - whole site,roseworthy,fungicide,2023-07-25,11.0,16.349999999999998,0.0,,,,,,,Aviator Xpro,L,0.3,
3652,ROSEWORTHY_S1.1_P1231_R1,2023,7,26,,,,,,,,,,,,,,,,,,0.75L/ha+0.5wv applied at pre-canopy close for pulse (mix = Intercept + Hasten),roseworthy,herbicide,2023-07-26,11.0,206.25,0.0,,,,,,,Intercept ,L,0.75,
3653,ROSEWORTHY_S1.1_P1231_R1,2023,9,5,,,,,,,,,,,,,,,,,,1.6kg/ha applied at Flowering stage - pulse and intercrop plots,roseworthy,fungicide,2023-09-05,11.0,40.0,0.0,,,,,,,Echo900 ,kg,1.6,
3654,ROSEWORTHY_S1.1_P1231_R1,2023,9,22,,,,,,,,,,,,,,,,,,"0.03L/ha applied post-flowering/maturity - whole site (Protect the pods target pulse/canola, but went whole site)",roseworthy,pesticide,2023-09-22,11.0,2.8794,0.0,,,,,,,Trojan,L,0.03,insects
3655,ROSEWORTHY_S1.1_P1231_R1,2023,11,7,lentil,,,,,,,,,,,,,,,,,,roseworthy,termination,2023-11-07,80.0,0.0,1288.95,success,sale,1983.0,,,stubble,,,,
3656,ROSEWORTHY_S1.1_P1231_R1,2023,12,19,,,,,,,,,,,,,,,,,,2L/ha+3L/ha+1% applied as post-harvest - Whole site (mix = 2 L/ha + 3 L/ha AMS 1% water volume / Banjo 1% wv),roseworthy,herbicide,2023-12-19,11.0,24.0,0.0,,,,,,,Crucial,L,2.0,
3657,ROSEWORTHY_S1.1_P1231_R1,2023,12,19,,,,,,,,,,,,,,,,,,2L/ha+3L/ha+1% applied as post-harvest - Whole site (mix = 2 L/ha + 3 L/ha AMS 1% water volume / Banjo 1% wv),roseworthy,herbicide,2023-12-19,11.0,60.0,0.0,,,,,,,Gluphosinate,L,3.0,
3658,ROSEWORTHY_S1.1_P1231_R2,2023,4,15,,,,,,,,,,,,,,,,,,2L/ha applied as Knockdown - Whole site,roseworthy,herbicide,2023-04-15,11.0,24.0,0.0,,,,,,,Crucial,L,2.0,
3659,ROSEWORTHY_S1.1_P1231_R2,2023,5,10,,,,,,,,,,,,,,,,,,2L/ha applied as Knockdown - Whole site,roseworthy,herbicide,2023-05-10,11.0,9.9,0.0,,,,,,,Paraquat,L,2.0,
3660,ROSEWORTHY_S1.1_P1231_R2,2023,5,15,,,,,,,,,,,,,,,,,,1.5kg/ha applied pre-sowing,roseworthy,pesticide,2023-05-15,11.0,112.5,0.0,,,,,,,MouseOff,kg,1.5,mice
3661,ROSEWORTHY_S1.1_P1231_R2,2023,5,23,,,,,,,,,,,,,,,,,,1.1kg/ha applied pre-sowing,roseworthy,herbicide,2023-05-23,11.0,27.500000000000004,0.0,,,,,,,Edge 900DF,kg,1.1,
3662,ROSEWORTHY_S1.1_P1231_R2,2023,5,24,,,,,,,,,,,,,,,,,,"110kg/ha applied pre-sowing, banded below seed",roseworthy,fertiliser,2023-05-24,8.5,63.24999999999999,0.0,,,,,,,DAP,kg,110.0,
3663,ROSEWORTHY_S1.1_P1231_R2,2023,5,24,,,,,,,,,,,,,,,,,,1L/ha applied as pre-sowing - Whole site,roseworthy,herbicide,2023-05-24,11.0,13.5,0.0,,,,,,,Chlorpyriphos,L,1.0,
3664,ROSEWORTHY_S1.1_P1231_R2,2023,5,24,,,,,,,,,,,,,,,,,,2L/ha applied as pre-sowing - Whole site,roseworthy,herbicide,2023-05-24,11.0,24.0,0.0,,,,,,,Crucial,L,2.0,
3665,ROSEWORTHY_S1.1_P1231_R2,2023,5,24,lentil,,,hurricane xt,,,True,,,sale,124.0,,,34.0,,,On-time,,roseworthy,sowing,2023-05-24,50.0,0.0,0.0,,,,,,,,,,
3666,ROSEWORTHY_S1.1_P1231_R2,2023,6,1,,,,,,,,,,,,,,,,,,0.05L/ha applied before establishment - whole site,roseworthy,pesticide,2023-06-01,11.0,6.75,0.0,,,,,,,Albatross,L,0.05,insects
3667,ROSEWORTHY_S1.1_P1231_R2,2023,6,2,,,,,,,,,,,,,,,,,,1.5kg/ha applied before estableshment,roseworthy,pesticide,2023-06-02,11.0,112.5,0.0,,,,,,,MouseOff,kg,1.5,mice
3668,ROSEWORTHY_S1.1_P1231_R2,2023,7,11,,,,,,,,,,,,,,,,,,0.5L/ha+1%wv applied at ~4-5 nodes (mix = Grasidim + Hasten),roseworthy,herbicide,2023-07-11,11.0,15.0,0.0,,,,,,,Grasidim,L,0.5,
3669,ROSEWORTHY_S1.1_P1231_R2,2023,7,24,,,,,,,,,,,,,,,,,,1.5kg/ha applied at early growth development,roseworthy,pesticide,2023-07-24,11.0,112.5,0.0,,,,,,,MouseOff,kg,1.5,mice
3670,ROSEWORTHY_S1.1_P1231_R2,2023,7,25,,,,,,,,,,,,,,,,,,0.3L/ha applied at Z-30 stage (cereal) / pre-canopy close (pulse) - whole site,roseworthy,fungicide,2023-07-25,11.0,16.349999999999998,0.0,,,,,,,Aviator Xpro,L,0.3,
3671,ROSEWORTHY_S1.1_P1231_R2,2023,7,26,,,,,,,,,,,,,,,,,,0.75L/ha+0.5wv applied at pre-canopy close for pulse (mix = Intercept + Hasten),roseworthy,herbicide,2023-07-26,11.0,206.25,0.0,,,,,,,Intercept ,L,0.75,
3672,ROSEWORTHY_S1.1_P1231_R2,2023,9,5,,,,,,,,,,,,,,,,,,1.6kg/ha applied at Flowering stage - pulse and intercrop plots,roseworthy,fungicide,2023-09-05,11.0,40.0,0.0,,,,,,,Echo900 ,kg,1.6,
3673,ROSEWORTHY_S1.1_P1231_R2,2023,9,22,,,,,,,,,,,,,,,,,,"0.03L/ha applied post-flowering/maturity - whole site (Protect the pods target pulse/canola, but went whole site)",roseworthy,pesticide,2023-09-22,11.0,2.8794,0.0,,,,,,,Trojan,L,0.03,insects
3674,ROSEWORTHY_S1.1_P1231_R2,2023,11,7,lentil,,,,,,,,,,,,,,,,,,roseworthy,termination,2023-11-07,80.0,0.0,726.7,success,sale,1118.0,,,stubble,,,,
3675,ROSEWORTHY_S1.1_P1231_R2,2023,12,19,,,,,,,,,,,,,,,,,,2L/ha+3L/ha+1% applied as post-harvest - Whole site (mix = 2 L/ha + 3 L/ha AMS 1% water volume / Banjo 1% wv),roseworthy,herbicide,2023-12-19,11.0,24.0,0.0,,,,,,,Crucial,L,2.0,
3676,ROSEWORTHY_S1.1_P1231_R2,2023,12,19,,,,,,,,,,,,,,,,,,2L/ha+3L/ha+1% applied as post-harvest - Whole site (mix = 2 L/ha + 3 L/ha AMS 1% water volume / Banjo 1% wv),roseworthy,herbicide,2023-12-19,11.0,60.0,0.0,,,,,,,Gluphosinate,L,3.0,
3677,ROSEWORTHY_S1.1_P1231_R3,2023,4,15,,,,,,,,,,,,,,,,,,2L/ha applied as Knockdown - Whole site,roseworthy,herbicide,2023-04-15,11.0,24.0,0.0,,,,,,,Crucial,L,2.0,
3678,ROSEWORTHY_S1.1_P1231_R3,2023,5,10,,,,,,,,,,,,,,,,,,2L/ha applied as Knockdown - Whole site,roseworthy,herbicide,2023-05-10,11.0,9.9,0.0,,,,,,,Paraquat,L,2.0,
3679,ROSEWORTHY_S1.1_P1231_R3,2023,5,15,,,,,,,,,,,,,,,,,,1.5kg/ha applied pre-sowing,roseworthy,pesticide,2023-05-15,11.0,112.5,0.0,,,,,,,MouseOff,kg,1.5,mice
3680,ROSEWORTHY_S1.1_P1231_R3,2023,5,23,,,,,,,,,,,,,,,,,,1.1kg/ha applied pre-sowing,roseworthy,herbicide,2023-05-23,11.0,27.500000000000004,0.0,,,,,,,Edge 900DF,kg,1.1,
3681,ROSEWORTHY_S1.1_P1231_R3,2023,5,24,,,,,,,,,,,,,,,,,,"110kg/ha applied pre-sowing, banded below seed",roseworthy,fertiliser,2023-05-24,8.5,63.24999999999999,0.0,,,,,,,DAP,kg,110.0,
3682,ROSEWORTHY_S1.1_P1231_R3,2023,5,24,,,,,,,,,,,,,,,,,,1L/ha applied as pre-sowing - Whole site,roseworthy,herbicide,2023-05-24,11.0,13.5,0.0,,,,,,,Chlorpyriphos,L,1.0,
3683,ROSEWORTHY_S1.1_P1231_R3,2023,5,24,,,,,,,,,,,,,,,,,,2L/ha applied as pre-sowing - Whole site,roseworthy,herbicide,2023-05-24,11.0,24.0,0.0,,,,,,,Crucial,L,2.0,
3684,ROSEWORTHY_S1.1_P1231_R3,2023,5,24,lentil,,,hurricane xt,,,True,,,sale,126.0,,,36.0,,,On-time,,roseworthy,sowing,2023-05-24,50.0,0.0,0.0,,,,,,,,,,
3685,ROSEWORTHY_S1.1_P1231_R3,2023,6,1,,,,,,,,,,,,,,,,,,0.05L/ha applied before establishment - whole site,roseworthy,pesticide,2023-06-01,11.0,6.75,0.0,,,,,,,Albatross,L,0.05,insects
3686,ROSEWORTHY_S1.1_P1231_R3,2023,6,2,,,,,,,,,,,,,,,,,,1.5kg/ha applied before estableshment,roseworthy,pesticide,2023-06-02,11.0,112.5,0.0,,,,,,,MouseOff,kg,1.5,mice
3687,ROSEWORTHY_S1.1_P1231_R3,2023,7,11,,,,,,,,,,,,,,,,,,0.5L/ha+1%wv applied at ~4-5 nodes (mix = Grasidim + Hasten),roseworthy,herbicide,2023-07-11,11.0,15.0,0.0,,,,,,,Grasidim,L,0.5,
3688,ROSEWORTHY_S1.1_P1231_R3,2023,7,24,,,,,,,,,,,,,,,,,,1.5kg/ha applied at early growth development,roseworthy,pesticide,2023-07-24,11.0,112.5,0.0,,,,,,,MouseOff,kg,1.5,mice
3689,ROSEWORTHY_S1.1_P1231_R3,2023,7,25,,,,,,,,,,,,,,,,,,0.3L/ha applied at Z-30 stage (cereal) / pre-canopy close (pulse) - whole site,roseworthy,fungicide,2023-07-25,11.0,16.349999999999998,0.0,,,,,,,Aviator Xpro,L,0.3,
3690,ROSEWORTHY_S1.1_P1231_R3,2023,7,26,,,,,,,,,,,,,,,,,,0.75L/ha+0.5wv applied at pre-canopy close for pulse (mix = Intercept + Hasten),roseworthy,herbicide,2023-07-26,11.0,206.25,0.0,,,,,,,Intercept ,L,0.75,
3691,ROSEWORTHY_S1.1_P1231_R3,2023,9,5,,,,,,,,,,,,,,,,,,1.6kg/ha applied at Flowering stage - pulse and intercrop plots,roseworthy,fungicide,2023-09-05,11.0,40.0,0.0,,,,,,,Echo900 ,kg,1.6,
3692,ROSEWORTHY_S1.1_P1231_R3,2023,9,22,,,,,,,,,,,,,,,,,,"0.03L/ha applied post-flowering/maturity - whole site (Protect the pods target pulse/canola, but went whole site)",roseworthy,pesticide,2023-09-22,11.0,2.8794,0.0,,,,,,,Trojan,L,0.03,insects
3693,ROSEWORTHY_S1.1_P1231_R3,2023,11,7,lentil,,,,,,,,,,,,,,,,,,roseworthy,termination,2023-11-07,80.0,0.0,1169.3500000000001,success,sale,1799.0,,,stubble,,,,
3694,ROSEWORTHY_S1.1_P1231_R3,2023,12,19,,,,,,,,,,,,,,,,,,2L/ha+3L/ha+1% applied as post-harvest - Whole site (mix = 2 L/ha + 3 L/ha AMS 1% water volume / Banjo 1% wv),roseworthy,herbicide,2023-12-19,11.0,24.0,0.0,,,,,,,Crucial,L,2.0,
3695,ROSEWORTHY_S1.1_P1231_R3,2023,12,19,,,,,,,,,,,,,,,,,,2L/ha+3L/ha+1% applied as post-harvest - Whole site (mix = 2 L/ha + 3 L/ha AMS 1% water volume / Banjo 1% wv),roseworthy,herbicide,2023-12-19,11.0,60.0,0.0,,,,,,,Gluphosinate,L,3.0,
3696,ROSEWORTHY_S1.1_P2312_R1,2023,4,15,,,,,,,,,,,,,,,,,,2L/ha applied as Knockdown - Whole site,roseworthy,herbicide,2023-04-15,11.0,24.0,0.0,,,,,,,Crucial,L,2.0,
3697,ROSEWORTHY_S1.1_P2312_R1,2023,5,10,,,,,,,,,,,,,,,,,,2L/ha applied as Knockdown - Whole site,roseworthy,herbicide,2023-05-10,11.0,9.9,0.0,,,,,,,Paraquat,L,2.0,
3698,ROSEWORTHY_S1.1_P2312_R1,2023,5,15,,,,,,,,,,,,,,,,,,1.5kg/ha applied pre-sowing,roseworthy,pesticide,2023-05-15,11.0,112.5,0.0,,,,,,,MouseOff,kg,1.5,mice
3699,ROSEWORTHY_S1.1_P2312_R1,2023,5,23,,,,,,,,,,,,,,,,,,1.25L/ha applied pre-sowing,roseworthy,herbicide,2023-05-23,11.0,12.5,0.0,,,,,,,Overwatch,L,1.25,
3700,ROSEWORTHY_S1.1_P2312_R1,2023,5,24,,,,,,,,,,,,,,,,,,"110kg/ha applied pre-sowing, banded below seed",roseworthy,fertiliser,2023-05-24,8.5,63.24999999999999,0.0,,,,,,,DAP,kg,110.0,
3701,ROSEWORTHY_S1.1_P2312_R1,2023,5,24,,,,,,,,,,,,,,,,,,1L/ha applied as pre-sowing - Whole site,roseworthy,herbicide,2023-05-24,11.0,13.5,0.0,,,,,,,Chlorpyriphos,L,1.0,
3702,ROSEWORTHY_S1.1_P2312_R1,2023,5,24,,,,,,,,,,,,,,,,,,2L/ha applied as pre-sowing - Whole site,roseworthy,herbicide,2023-05-24,11.0,24.0,0.0,,,,,,,Crucial,L,2.0,
3703,ROSEWORTHY_S1.1_P2312_R1,2023,5,24,wheat,,,calibre,,,True,,,sale,202.0,,,32.0,,,On-time,,roseworthy,sowing,2023-05-24,50.0,0.0,0.0,,,,,,,,,,
3704,ROSEWORTHY_S1.1_P2312_R1,2023,6,1,,,,,,,,,,,,,,,,,,0.05L/ha applied before establishment - whole site,roseworthy,pesticide,2023-06-01,11.0,6.75,0.0,,,,,,,Albatross,L,0.05,insects
3705,ROSEWORTHY_S1.1_P2312_R1,2023,6,2,,,,,,,,,,,,,,,,,,1.5kg/ha applied before estableshment,roseworthy,pesticide,2023-06-02,11.0,112.5,0.0,,,,,,,MouseOff,kg,1.5,mice
3706,ROSEWORTHY_S1.1_P2312_R1,2023,7,24,,,,,,,,,,,,,,,,,,1.5kg/ha applied at early growth development,roseworthy,pesticide,2023-07-24,11.0,112.5,0.0,,,,,,,MouseOff,kg,1.5,mice
3707,ROSEWORTHY_S1.1_P2312_R1,2023,7,25,,,,,,,,,,,,,,,,,,0.3L/ha applied at Z-30 stage (cereal) / pre-canopy close (pulse) - whole site,roseworthy,fungicide,2023-07-25,11.0,16.349999999999998,0.0,,,,,,,Aviator Xpro,L,0.3,
3708,ROSEWORTHY_S1.1_P2312_R1,2023,7,26,,,,,,,,,,,,,,,,,,0.025kg/ha+0.42L/ha+0.1L/ha+0.5% wv applied at Z-30 stage (mix = Paradigma + LVE Agritone + Archer + Uptake),roseworthy,herbicide,2023-07-26,11.0,1.4500000000000002,0.0,,,,,,,Archer,L,0.1,
3709,ROSEWORTHY_S1.1_P2312_R1,2023,7,26,,,,,,,,,,,,,,,,,,0.025kg/ha+0.42L/ha+0.1L/ha+0.5% wv applied at Z-30 stage (mix = Paradigma + LVE Agritone + Archer + Uptake),roseworthy,herbicide,2023-07-26,11.0,3.36,0.0,,,,,,,LVA Agritone,L,0.42,
3710,ROSEWORTHY_S1.1_P2312_R1,2023,7,26,,,,,,,,,,,,,,,,,,0.025kg/ha+0.42L/ha+0.1L/ha+0.5% wv applied at Z-30 stage (mix = Paradigma + LVE Agritone + Archer + Uptake),roseworthy,herbicide,2023-07-26,11.0,12.25,0.0,,,,,,,Paradigm,kg,0.025,
3711,ROSEWORTHY_S1.1_P2312_R1,2023,7,27,,,,,,,,,,,,,,,,,,100kg/ha topdressing,roseworthy,fertiliser,2023-07-27,8.5,50.0,0.0,,,,,,,Urea,kg,100.0,
3712,ROSEWORTHY_S1.1_P2312_R1,2023,9,5,,,,,,,,,,,,,,,,,,1L/ha applied at Flag leave stage - all cereal crops (single),roseworthy,fungicide,2023-09-05,11.0,14.5,0.0,,,,,,,TazerXpert,L,1.0,
3713,ROSEWORTHY_S1.1_P2312_R1,2023,9,22,,,,,,,,,,,,,,,,,,"0.03L/ha applied post-flowering/maturity - whole site (Protect the pods target pulse/canola, but went whole site)",roseworthy,pesticide,2023-09-22,11.0,2.8794,0.0,,,,,,,Trojan,L,0.03,insects
3714,ROSEWORTHY_S1.1_P2312_R1,2023,11,7,wheat,,,,,,,,,,,,,,,,,,roseworthy,termination,2023-11-07,80.0,0.0,1657.5900000000001,success,sale,5023.0,,,stubble,,,,
3715,ROSEWORTHY_S1.1_P2312_R1,2023,12,19,,,,,,,,,,,,,,,,,,2L/ha+3L/ha+1% applied as post-harvest - Whole site (mix = 2 L/ha + 3 L/ha AMS 1% water volume / Banjo 1% wv),roseworthy,herbicide,2023-12-19,11.0,24.0,0.0,,,,,,,Crucial,L,2.0,
3716,ROSEWORTHY_S1.1_P2312_R1,2023,12,19,,,,,,,,,,,,,,,,,,2L/ha+3L/ha+1% applied as post-harvest - Whole site (mix = 2 L/ha + 3 L/ha AMS 1% water volume / Banjo 1% wv),roseworthy,herbicide,2023-12-19,11.0,60.0,0.0,,,,,,,Gluphosinate,L,3.0,
3717,ROSEWORTHY_S1.1_P2312_R2,2023,4,15,,,,,,,,,,,,,,,,,,2L/ha applied as Knockdown - Whole site,roseworthy,herbicide,2023-04-15,11.0,24.0,0.0,,,,,,,Crucial,L,2.0,
3718,ROSEWORTHY_S1.1_P2312_R2,2023,5,10,,,,,,,,,,,,,,,,,,2L/ha applied as Knockdown - Whole site,roseworthy,herbicide,2023-05-10,11.0,9.9,0.0,,,,,,,Paraquat,L,2.0,
3719,ROSEWORTHY_S1.1_P2312_R2,2023,5,15,,,,,,,,,,,,,,,,,,1.5kg/ha applied pre-sowing,roseworthy,pesticide,2023-05-15,11.0,112.5,0.0,,,,,,,MouseOff,kg,1.5,mice
3720,ROSEWORTHY_S1.1_P2312_R2,2023,5,23,,,,,,,,,,,,,,,,,,1.25L/ha applied pre-sowing,roseworthy,herbicide,2023-05-23,11.0,12.5,0.0,,,,,,,Overwatch,L,1.25,
3721,ROSEWORTHY_S1.1_P2312_R2,2023,5,24,,,,,,,,,,,,,,,,,,"110kg/ha applied pre-sowing, banded below seed",roseworthy,fertiliser,2023-05-24,8.5,63.24999999999999,0.0,,,,,,,DAP,kg,110.0,
3722,ROSEWORTHY_S1.1_P2312_R2,2023,5,24,,,,,,,,,,,,,,,,,,1L/ha applied as pre-sowing - Whole site,roseworthy,herbicide,2023-05-24,11.0,13.5,0.0,,,,,,,Chlorpyriphos,L,1.0,
3723,ROSEWORTHY_S1.1_P2312_R2,2023,5,24,,,,,,,,,,,,,,,,,,2L/ha applied as pre-sowing - Whole site,roseworthy,herbicide,2023-05-24,11.0,24.0,0.0,,,,,,,Crucial,L,2.0,
3724,ROSEWORTHY_S1.1_P2312_R2,2023,5,24,wheat,,,calibre,,,True,,,sale,204.0,,,34.0,,,On-time,,roseworthy,sowing,2023-05-24,50.0,0.0,0.0,,,,,,,,,,
3725,ROSEWORTHY_S1.1_P2312_R2,2023,6,1,,,,,,,,,,,,,,,,,,0.05L/ha applied before establishment - whole site,roseworthy,pesticide,2023-06-01,11.0,6.75,0.0,,,,,,,Albatross,L,0.05,insects
3726,ROSEWORTHY_S1.1_P2312_R2,2023,6,2,,,,,,,,,,,,,,,,,,1.5kg/ha applied before estableshment,roseworthy,pesticide,2023-06-02,11.0,112.5,0.0,,,,,,,MouseOff,kg,1.5,mice
3727,ROSEWORTHY_S1.1_P2312_R2,2023,7,24,,,,,,,,,,,,,,,,,,1.5kg/ha applied at early growth development,roseworthy,pesticide,2023-07-24,11.0,112.5,0.0,,,,,,,MouseOff,kg,1.5,mice
3728,ROSEWORTHY_S1.1_P2312_R2,2023,7,25,,,,,,,,,,,,,,,,,,0.3L/ha applied at Z-30 stage (cereal) / pre-canopy close (pulse) - whole site,roseworthy,fungicide,2023-07-25,11.0,16.349999999999998,0.0,,,,,,,Aviator Xpro,L,0.3,
3729,ROSEWORTHY_S1.1_P2312_R2,2023,7,26,,,,,,,,,,,,,,,,,,0.025kg/ha+0.42L/ha+0.1L/ha+0.5% wv applied at Z-30 stage (mix = Paradigma + LVE Agritone + Archer + Uptake),roseworthy,herbicide,2023-07-26,11.0,1.4500000000000002,0.0,,,,,,,Archer,L,0.1,
3730,ROSEWORTHY_S1.1_P2312_R2,2023,7,26,,,,,,,,,,,,,,,,,,0.025kg/ha+0.42L/ha+0.1L/ha+0.5% wv applied at Z-30 stage (mix = Paradigma + LVE Agritone + Archer + Uptake),roseworthy,herbicide,2023-07-26,11.0,3.36,0.0,,,,,,,LVA Agritone,L,0.42,
3731,ROSEWORTHY_S1.1_P2312_R2,2023,7,26,,,,,,,,,,,,,,,,,,0.025kg/ha+0.42L/ha+0.1L/ha+0.5% wv applied at Z-30 stage (mix = Paradigma + LVE Agritone + Archer + Uptake),roseworthy,herbicide,2023-07-26,11.0,12.25,0.0,,,,,,,Paradigm,kg,0.025,
3732,ROSEWORTHY_S1.1_P2312_R2,2023,7,27,,,,,,,,,,,,,,,,,,100kg/ha topdressing,roseworthy,fertiliser,2023-07-27,8.5,50.0,0.0,,,,,,,Urea,kg,100.0,
3733,ROSEWORTHY_S1.1_P2312_R2,2023,9,5,,,,,,,,,,,,,,,,,,1L/ha applied at Flag leave stage - all cereal crops (single),roseworthy,fungicide,2023-09-05,11.0,14.5,0.0,,,,,,,TazerXpert,L,1.0,
3734,ROSEWORTHY_S1.1_P2312_R2,2023,9,22,,,,,,,,,,,,,,,,,,"0.03L/ha applied post-flowering/maturity - whole site (Protect the pods target pulse/canola, but went whole site)",roseworthy,pesticide,2023-09-22,11.0,2.8794,0.0,,,,,,,Trojan,L,0.03,insects
3735,ROSEWORTHY_S1.1_P2312_R2,2023,11,7,wheat,,,,,,,,,,,,,,,,,,roseworthy,termination,2023-11-07,80.0,0.0,1684.3200000000002,success,sale,5104.0,,,stubble,,,,
3736,ROSEWORTHY_S1.1_P2312_R2,2023,12,19,,,,,,,,,,,,,,,,,,2L/ha+3L/ha+1% applied as post-harvest - Whole site (mix = 2 L/ha + 3 L/ha AMS 1% water volume / Banjo 1% wv),roseworthy,herbicide,2023-12-19,11.0,24.0,0.0,,,,,,,Crucial,L,2.0,
3737,ROSEWORTHY_S1.1_P2312_R2,2023,12,19,,,,,,,,,,,,,,,,,,2L/ha+3L/ha+1% applied as post-harvest - Whole site (mix = 2 L/ha + 3 L/ha AMS 1% water volume / Banjo 1% wv),roseworthy,herbicide,2023-12-19,11.0,60.0,0.0,,,,,,,Gluphosinate,L,3.0,
3738,ROSEWORTHY_S1.1_P2312_R3,2023,4,15,,,,,,,,,,,,,,,,,,2L/ha applied as Knockdown - Whole site,roseworthy,herbicide,2023-04-15,11.0,24.0,0.0,,,,,,,Crucial,L,2.0,
3739,ROSEWORTHY_S1.1_P2312_R3,2023,5,10,,,,,,,,,,,,,,,,,,2L/ha applied as Knockdown - Whole site,roseworthy,herbicide,2023-05-10,11.0,9.9,0.0,,,,,,,Paraquat,L,2.0,
3740,ROSEWORTHY_S1.1_P2312_R3,2023,5,15,,,,,,,,,,,,,,,,,,1.5kg/ha applied pre-sowing,roseworthy,pesticide,2023-05-15,11.0,112.5,0.0,,,,,,,MouseOff,kg,1.5,mice
3741,ROSEWORTHY_S1.1_P2312_R3,2023,5,23,,,,,,,,,,,,,,,,,,1.25L/ha applied pre-sowing,roseworthy,herbicide,2023-05-23,11.0,12.5,0.0,,,,,,,Overwatch,L,1.25,
3742,ROSEWORTHY_S1.1_P2312_R3,2023,5,24,,,,,,,,,,,,,,,,,,"110kg/ha applied pre-sowing, banded below seed",roseworthy,fertiliser,2023-05-24,8.5,63.24999999999999,0.0,,,,,,,DAP,kg,110.0,
3743,ROSEWORTHY_S1.1_P2312_R3,2023,5,24,,,,,,,,,,,,,,,,,,1L/ha applied as pre-sowing - Whole site,roseworthy,herbicide,2023-05-24,11.0,13.5,0.0,,,,,,,Chlorpyriphos,L,1.0,
3744,ROSEWORTHY_S1.1_P2312_R3,2023,5,24,,,,,,,,,,,,,,,,,,2L/ha applied as pre-sowing - Whole site,roseworthy,herbicide,2023-05-24,11.0,24.0,0.0,,,,,,,Crucial,L,2.0,
3745,ROSEWORTHY_S1.1_P2312_R3,2023,5,24,wheat,,,calibre,,,True,,,sale,208.0,,,38.0,,,On-time,,roseworthy,sowing,2023-05-24,50.0,0.0,0.0,,,,,,,,,,
3746,ROSEWORTHY_S1.1_P2312_R3,2023,6,1,,,,,,,,,,,,,,,,,,0.05L/ha applied before establishment - whole site,roseworthy,pesticide,2023-06-01,11.0,6.75,0.0,,,,,,,Albatross,L,0.05,insects
3747,ROSEWORTHY_S1.1_P2312_R3,2023,6,2,,,,,,,,,,,,,,,,,,1.5kg/ha applied before estableshment,roseworthy,pesticide,2023-06-02,11.0,112.5,0.0,,,,,,,MouseOff,kg,1.5,mice
3748,ROSEWORTHY_S1.1_P2312_R3,2023,7,24,,,,,,,,,,,,,,,,,,1.5kg/ha applied at early growth development,roseworthy,pesticide,2023-07-24,11.0,112.5,0.0,,,,,,,MouseOff,kg,1.5,mice
3749,ROSEWORTHY_S1.1_P2312_R3,2023,7,25,,,,,,,,,,,,,,,,,,0.3L/ha applied at Z-30 stage (cereal) / pre-canopy close (pulse) - whole site,roseworthy,fungicide,2023-07-25,11.0,16.349999999999998,0.0,,,,,,,Aviator Xpro,L,0.3,
3750,ROSEWORTHY_S1.1_P2312_R3,2023,7,26,,,,,,,,,,,,,,,,,,0.025kg/ha+0.42L/ha+0.1L/ha+0.5% wv applied at Z-30 stage (mix = Paradigma + LVE Agritone + Archer + Uptake),roseworthy,herbicide,2023-07-26,11.0,1.4500000000000002,0.0,,,,,,,Archer,L,0.1,
3751,ROSEWORTHY_S1.1_P2312_R3,2023,7,26,,,,,,,,,,,,,,,,,,0.025kg/ha+0.42L/ha+0.1L/ha+0.5% wv applied at Z-30 stage (mix = Paradigma + LVE Agritone + Archer + Uptake),roseworthy,herbicide,2023-07-26,11.0,3.36,0.0,,,,,,,LVA Agritone,L,0.42,
3752,ROSEWORTHY_S1.1_P2312_R3,2023,7,26,,,,,,,,,,,,,,,,,,0.025kg/ha+0.42L/ha+0.1L/ha+0.5% wv applied at Z-30 stage (mix = Paradigma + LVE Agritone + Archer + Uptake),roseworthy,herbicide,2023-07-26,11.0,12.25,0.0,,,,,,,Paradigm,kg,0.025,
3753,ROSEWORTHY_S1.1_P2312_R3,2023,7,27,,,,,,,,,,,,,,,,,,100kg/ha topdressing,roseworthy,fertiliser,2023-07-27,8.5,50.0,0.0,,,,,,,Urea,kg,100.0,
3754,ROSEWORTHY_S1.1_P2312_R3,2023,9,5,,,,,,,,,,,,,,,,,,1L/ha applied at Flag leave stage - all cereal crops (single),roseworthy,fungicide,2023-09-05,11.0,14.5,0.0,,,,,,,TazerXpert,L,1.0,
3755,ROSEWORTHY_S1.1_P2312_R3,2023,9,22,,,,,,,,,,,,,,,,,,"0.03L/ha applied post-flowering/maturity - whole site (Protect the pods target pulse/canola, but went whole site)",roseworthy,pesticide,2023-09-22,11.0,2.8794,0.0,,,,,,,Trojan,L,0.03,insects
3756,ROSEWORTHY_S1.1_P2312_R3,2023,11,7,wheat,,,,,,,,,,,,,,,,,,roseworthy,termination,2023-11-07,80.0,0.0,1537.47,success,sale,4659.0,,,stubble,,,,
3757,ROSEWORTHY_S1.1_P2312_R3,2023,12,19,,,,,,,,,,,,,,,,,,2L/ha+3L/ha+1% applied as post-harvest - Whole site (mix = 2 L/ha + 3 L/ha AMS 1% water volume / Banjo 1% wv),roseworthy,herbicide,2023-12-19,11.0,24.0,0.0,,,,,,,Crucial,L,2.0,
3758,ROSEWORTHY_S1.1_P2312_R3,2023,12,19,,,,,,,,,,,,,,,,,,2L/ha+3L/ha+1% applied as post-harvest - Whole site (mix = 2 L/ha + 3 L/ha AMS 1% water volume / Banjo 1% wv),roseworthy,herbicide,2023-12-19,11.0,60.0,0.0,,,,,,,Gluphosinate,L,3.0,
3759,ROSEWORTHY_S1.1_P3123_R1,2023,4,15,,,,,,,,,,,,,,,,,,2L/ha applied as Knockdown - Whole site,roseworthy,herbicide,2023-04-15,11.0,24.0,0.0,,,,,,,Crucial,L,2.0,
3760,ROSEWORTHY_S1.1_P3123_R1,2023,5,10,,,,,,,,,,,,,,,,,,2L/ha applied as Knockdown - Whole site,roseworthy,herbicide,2023-05-10,11.0,9.9,0.0,,,,,,,Paraquat,L,2.0,
3761,ROSEWORTHY_S1.1_P3123_R1,2023,5,15,,,,,,,,,,,,,,,,,,1.5kg/ha applied pre-sowing,roseworthy,pesticide,2023-05-15,11.0,112.5,0.0,,,,,,,MouseOff,kg,1.5,mice
3762,ROSEWORTHY_S1.1_P3123_R1,2023,5,23,,,,,,,,,,,,,,,,,,1.25L/ha applied pre-sowing,roseworthy,herbicide,2023-05-23,11.0,12.5,0.0,,,,,,,Overwatch,L,1.25,
3763,ROSEWORTHY_S1.1_P3123_R1,2023,5,24,,,,,,,,,,,,,,,,,,"110kg/ha applied pre-sowing, banded below seed",roseworthy,fertiliser,2023-05-24,8.5,63.24999999999999,0.0,,,,,,,DAP,kg,110.0,
3764,ROSEWORTHY_S1.1_P3123_R1,2023,5,24,,,,,,,,,,,,,,,,,,1L/ha applied as pre-sowing - Whole site,roseworthy,herbicide,2023-05-24,11.0,13.5,0.0,,,,,,,Chlorpyriphos,L,1.0,
3765,ROSEWORTHY_S1.1_P3123_R1,2023,5,24,,,,,,,,,,,,,,,,,,2L/ha applied as pre-sowing - Whole site,roseworthy,herbicide,2023-05-24,11.0,24.0,0.0,,,,,,,Crucial,L,2.0,
3766,ROSEWORTHY_S1.1_P3123_R1,2023,5,24,barley,,,compass,,,True,,,sale,180.0,,,30.0,,,On-time,,roseworthy,sowing,2023-05-24,50.0,0.0,0.0,,,,,,,,,,
3767,ROSEWORTHY_S1.1_P3123_R1,2023,6,1,,,,,,,,,,,,,,,,,,0.05L/ha applied before establishment - whole site,roseworthy,pesticide,2023-06-01,11.0,6.75,0.0,,,,,,,Albatross,L,0.05,insects
3768,ROSEWORTHY_S1.1_P3123_R1,2023,6,2,,,,,,,,,,,,,,,,,,1.5kg/ha applied before estableshment,roseworthy,pesticide,2023-06-02,11.0,112.5,0.0,,,,,,,MouseOff,kg,1.5,mice
3769,ROSEWORTHY_S1.1_P3123_R1,2023,7,24,,,,,,,,,,,,,,,,,,1.5kg/ha applied at early growth development,roseworthy,pesticide,2023-07-24,11.0,112.5,0.0,,,,,,,MouseOff,kg,1.5,mice
3770,ROSEWORTHY_S1.1_P3123_R1,2023,7,25,,,,,,,,,,,,,,,,,,0.3L/ha applied at Z-30 stage (cereal) / pre-canopy close (pulse) - whole site,roseworthy,fungicide,2023-07-25,11.0,16.349999999999998,0.0,,,,,,,Aviator Xpro,L,0.3,
3771,ROSEWORTHY_S1.1_P3123_R1,2023,7,26,,,,,,,,,,,,,,,,,,0.025kg/ha+0.42L/ha+0.1L/ha+0.5% wv applied at Z-30 stage (mix = Paradigma + LVE Agritone + Archer + Uptake),roseworthy,herbicide,2023-07-26,11.0,1.4500000000000002,0.0,,,,,,,Archer,L,0.1,
3772,ROSEWORTHY_S1.1_P3123_R1,2023,7,26,,,,,,,,,,,,,,,,,,0.025kg/ha+0.42L/ha+0.1L/ha+0.5% wv applied at Z-30 stage (mix = Paradigma + LVE Agritone + Archer + Uptake),roseworthy,herbicide,2023-07-26,11.0,3.36,0.0,,,,,,,LVA Agritone,L,0.42,
3773,ROSEWORTHY_S1.1_P3123_R1,2023,7,26,,,,,,,,,,,,,,,,,,0.025kg/ha+0.42L/ha+0.1L/ha+0.5% wv applied at Z-30 stage (mix = Paradigma + LVE Agritone + Archer + Uptake),roseworthy,herbicide,2023-07-26,11.0,12.25,0.0,,,,,,,Paradigm,kg,0.025,
3774,ROSEWORTHY_S1.1_P3123_R1,2023,7,27,,,,,,,,,,,,,,,,,,100kg/ha topdressing,roseworthy,fertiliser,2023-07-27,8.5,50.0,0.0,,,,,,,Urea,kg,100.0,
3775,ROSEWORTHY_S1.1_P3123_R1,2023,9,5,,,,,,,,,,,,,,,,,,1L/ha applied at Flag leave stage - all cereal crops (single),roseworthy,fungicide,2023-09-05,11.0,14.5,0.0,,,,,,,TazerXpert,L,1.0,
3776,ROSEWORTHY_S1.1_P3123_R1,2023,9,22,,,,,,,,,,,,,,,,,,"0.03L/ha applied post-flowering/maturity - whole site (Protect the pods target pulse/canola, but went whole site)",roseworthy,pesticide,2023-09-22,11.0,2.8794,0.0,,,,,,,Trojan,L,0.03,insects
3777,ROSEWORTHY_S1.1_P3123_R1,2023,11,7,barley,,,,,,,,,,,,,,,,,,roseworthy,termination,2023-11-07,80.0,0.0,1567.48,success,sale,5260.0,,,stubble,,,,
3778,ROSEWORTHY_S1.1_P3123_R1,2023,12,19,,,,,,,,,,,,,,,,,,2L/ha+3L/ha+1% applied as post-harvest - Whole site (mix = 2 L/ha + 3 L/ha AMS 1% water volume / Banjo 1% wv),roseworthy,herbicide,2023-12-19,11.0,24.0,0.0,,,,,,,Crucial,L,2.0,
3779,ROSEWORTHY_S1.1_P3123_R1,2023,12,19,,,,,,,,,,,,,,,,,,2L/ha+3L/ha+1% applied as post-harvest - Whole site (mix = 2 L/ha + 3 L/ha AMS 1% water volume / Banjo 1% wv),roseworthy,herbicide,2023-12-19,11.0,60.0,0.0,,,,,,,Gluphosinate,L,3.0,
3780,ROSEWORTHY_S1.1_P3123_R2,2023,4,15,,,,,,,,,,,,,,,,,,2L/ha applied as Knockdown - Whole site,roseworthy,herbicide,2023-04-15,11.0,24.0,0.0,,,,,,,Crucial,L,2.0,
3781,ROSEWORTHY_S1.1_P3123_R2,2023,5,10,,,,,,,,,,,,,,,,,,2L/ha applied as Knockdown - Whole site,roseworthy,herbicide,2023-05-10,11.0,9.9,0.0,,,,,,,Paraquat,L,2.0,
3782,ROSEWORTHY_S1.1_P3123_R2,2023,5,15,,,,,,,,,,,,,,,,,,1.5kg/ha applied pre-sowing,roseworthy,pesticide,2023-05-15,11.0,112.5,0.0,,,,,,,MouseOff,kg,1.5,mice
3783,ROSEWORTHY_S1.1_P3123_R2,2023,5,23,,,,,,,,,,,,,,,,,,1.25L/ha applied pre-sowing,roseworthy,herbicide,2023-05-23,11.0,12.5,0.0,,,,,,,Overwatch,L,1.25,
3784,ROSEWORTHY_S1.1_P3123_R2,2023,5,24,,,,,,,,,,,,,,,,,,"110kg/ha applied pre-sowing, banded below seed",roseworthy,fertiliser,2023-05-24,8.5,63.24999999999999,0.0,,,,,,,DAP,kg,110.0,
3785,ROSEWORTHY_S1.1_P3123_R2,2023,5,24,,,,,,,,,,,,,,,,,,1L/ha applied as pre-sowing - Whole site,roseworthy,herbicide,2023-05-24,11.0,13.5,0.0,,,,,,,Chlorpyriphos,L,1.0,
3786,ROSEWORTHY_S1.1_P3123_R2,2023,5,24,,,,,,,,,,,,,,,,,,2L/ha applied as pre-sowing - Whole site,roseworthy,herbicide,2023-05-24,11.0,24.0,0.0,,,,,,,Crucial,L,2.0,
3787,ROSEWORTHY_S1.1_P3123_R2,2023,5,24,barley,,,compass,,,True,,,sale,182.0,,,32.0,,,On-time,,roseworthy,sowing,2023-05-24,50.0,0.0,0.0,,,,,,,,,,
3788,ROSEWORTHY_S1.1_P3123_R2,2023,6,1,,,,,,,,,,,,,,,,,,0.05L/ha applied before establishment - whole site,roseworthy,pesticide,2023-06-01,11.0,6.75,0.0,,,,,,,Albatross,L,0.05,insects
3789,ROSEWORTHY_S1.1_P3123_R2,2023,6,2,,,,,,,,,,,,,,,,,,1.5kg/ha applied before estableshment,roseworthy,pesticide,2023-06-02,11.0,112.5,0.0,,,,,,,MouseOff,kg,1.5,mice
3790,ROSEWORTHY_S1.1_P3123_R2,2023,7,24,,,,,,,,,,,,,,,,,,1.5kg/ha applied at early growth development,roseworthy,pesticide,2023-07-24,11.0,112.5,0.0,,,,,,,MouseOff,kg,1.5,mice
3791,ROSEWORTHY_S1.1_P3123_R2,2023,7,25,,,,,,,,,,,,,,,,,,0.3L/ha applied at Z-30 stage (cereal) / pre-canopy close (pulse) - whole site,roseworthy,fungicide,2023-07-25,11.0,16.349999999999998,0.0,,,,,,,Aviator Xpro,L,0.3,
3792,ROSEWORTHY_S1.1_P3123_R2,2023,7,26,,,,,,,,,,,,,,,,,,0.025kg/ha+0.42L/ha+0.1L/ha+0.5% wv applied at Z-30 stage (mix = Paradigma + LVE Agritone + Archer + Uptake),roseworthy,herbicide,2023-07-26,11.0,1.4500000000000002,0.0,,,,,,,Archer,L,0.1,
3793,ROSEWORTHY_S1.1_P3123_R2,2023,7,26,,,,,,,,,,,,,,,,,,0.025kg/ha+0.42L/ha+0.1L/ha+0.5% wv applied at Z-30 stage (mix = Paradigma + LVE Agritone + Archer + Uptake),roseworthy,herbicide,2023-07-26,11.0,3.36,0.0,,,,,,,LVA Agritone,L,0.42,
3794,ROSEWORTHY_S1.1_P3123_R2,2023,7,26,,,,,,,,,,,,,,,,,,0.025kg/ha+0.42L/ha+0.1L/ha+0.5% wv applied at Z-30 stage (mix = Paradigma + LVE Agritone + Archer + Uptake),roseworthy,herbicide,2023-07-26,11.0,12.25,0.0,,,,,,,Paradigm,kg,0.025,
3795,ROSEWORTHY_S1.1_P3123_R2,2023,7,27,,,,,,,,,,,,,,,,,,100kg/ha topdressing,roseworthy,fertiliser,2023-07-27,8.5,50.0,0.0,,,,,,,Urea,kg,100.0,
3796,ROSEWORTHY_S1.1_P3123_R2,2023,9,5,,,,,,,,,,,,,,,,,,1L/ha applied at Flag leave stage - all cereal crops (single),roseworthy,fungicide,2023-09-05,11.0,14.5,0.0,,,,,,,TazerXpert,L,1.0,
3797,ROSEWORTHY_S1.1_P3123_R2,2023,9,22,,,,,,,,,,,,,,,,,,"0.03L/ha applied post-flowering/maturity - whole site (Protect the pods target pulse/canola, but went whole site)",roseworthy,pesticide,2023-09-22,11.0,2.8794,0.0,,,,,,,Trojan,L,0.03,insects
3798,ROSEWORTHY_S1.1_P3123_R2,2023,11,7,barley,,,,,,,,,,,,,,,,,,roseworthy,termination,2023-11-07,80.0,0.0,1623.206,success,sale,5447.0,,,stubble,,,,
3799,ROSEWORTHY_S1.1_P3123_R2,2023,12,19,,,,,,,,,,,,,,,,,,2L/ha+3L/ha+1% applied as post-harvest - Whole site (mix = 2 L/ha + 3 L/ha AMS 1% water volume / Banjo 1% wv),roseworthy,herbicide,2023-12-19,11.0,24.0,0.0,,,,,,,Crucial,L,2.0,
3800,ROSEWORTHY_S1.1_P3123_R2,2023,12,19,,,,,,,,,,,,,,,,,,2L/ha+3L/ha+1% applied as post-harvest - Whole site (mix = 2 L/ha + 3 L/ha AMS 1% water volume / Banjo 1% wv),roseworthy,herbicide,2023-12-19,11.0,60.0,0.0,,,,,,,Gluphosinate,L,3.0,
3801,ROSEWORTHY_S1.1_P3123_R3,2023,4,15,,,,,,,,,,,,,,,,,,2L/ha applied as Knockdown - Whole site,roseworthy,herbicide,2023-04-15,11.0,24.0,0.0,,,,,,,Crucial,L,2.0,
3802,ROSEWORTHY_S1.1_P3123_R3,2023,5,10,,,,,,,,,,,,,,,,,,2L/ha applied as Knockdown - Whole site,roseworthy,herbicide,2023-05-10,11.0,9.9,0.0,,,,,,,Paraquat,L,2.0,
3803,ROSEWORTHY_S1.1_P3123_R3,2023,5,15,,,,,,,,,,,,,,,,,,1.5kg/ha applied pre-sowing,roseworthy,pesticide,2023-05-15,11.0,112.5,0.0,,,,,,,MouseOff,kg,1.5,mice
3804,ROSEWORTHY_S1.1_P3123_R3,2023,5,23,,,,,,,,,,,,,,,,,,1.25L/ha applied pre-sowing,roseworthy,herbicide,2023-05-23,11.0,12.5,0.0,,,,,,,Overwatch,L,1.25,
3805,ROSEWORTHY_S1.1_P3123_R3,2023,5,24,,,,,,,,,,,,,,,,,,"110kg/ha applied pre-sowing, banded below seed",roseworthy,fertiliser,2023-05-24,8.5,63.24999999999999,0.0,,,,,,,DAP,kg,110.0,
3806,ROSEWORTHY_S1.1_P3123_R3,2023,5,24,,,,,,,,,,,,,,,,,,1L/ha applied as pre-sowing - Whole site,roseworthy,herbicide,2023-05-24,11.0,13.5,0.0,,,,,,,Chlorpyriphos,L,1.0,
3807,ROSEWORTHY_S1.1_P3123_R3,2023,5,24,,,,,,,,,,,,,,,,,,2L/ha applied as pre-sowing - Whole site,roseworthy,herbicide,2023-05-24,11.0,24.0,0.0,,,,,,,Crucial,L,2.0,
3808,ROSEWORTHY_S1.1_P3123_R3,2023,5,24,barley,,,compass,,,True,,,sale,185.0,,,35.0,,,On-time,,roseworthy,sowing,2023-05-24,50.0,0.0,0.0,,,,,,,,,,
3809,ROSEWORTHY_S1.1_P3123_R3,2023,6,1,,,,,,,,,,,,,,,,,,0.05L/ha applied before establishment - whole site,roseworthy,pesticide,2023-06-01,11.0,6.75,0.0,,,,,,,Albatross,L,0.05,insects
3810,ROSEWORTHY_S1.1_P3123_R3,2023,6,2,,,,,,,,,,,,,,,,,,1.5kg/ha applied before estableshment,roseworthy,pesticide,2023-06-02,11.0,112.5,0.0,,,,,,,MouseOff,kg,1.5,mice
3811,ROSEWORTHY_S1.1_P3123_R3,2023,7,24,,,,,,,,,,,,,,,,,,1.5kg/ha applied at early growth development,roseworthy,pesticide,2023-07-24,11.0,112.5,0.0,,,,,,,MouseOff,kg,1.5,mice
3812,ROSEWORTHY_S1.1_P3123_R3,2023,7,25,,,,,,,,,,,,,,,,,,0.3L/ha applied at Z-30 stage (cereal) / pre-canopy close (pulse) - whole site,roseworthy,fungicide,2023-07-25,11.0,16.349999999999998,0.0,,,,,,,Aviator Xpro,L,0.3,
3813,ROSEWORTHY_S1.1_P3123_R3,2023,7,26,,,,,,,,,,,,,,,,,,0.025kg/ha+0.42L/ha+0.1L/ha+0.5% wv applied at Z-30 stage (mix = Paradigma + LVE Agritone + Archer + Uptake),roseworthy,herbicide,2023-07-26,11.0,1.4500000000000002,0.0,,,,,,,Archer,L,0.1,
3814,ROSEWORTHY_S1.1_P3123_R3,2023,7,26,,,,,,,,,,,,,,,,,,0.025kg/ha+0.42L/ha+0.1L/ha+0.5% wv applied at Z-30 stage (mix = Paradigma + LVE Agritone + Archer + Uptake),roseworthy,herbicide,2023-07-26,11.0,3.36,0.0,,,,,,,LVA Agritone,L,0.42,
3815,ROSEWORTHY_S1.1_P3123_R3,2023,7,26,,,,,,,,,,,,,,,,,,0.025kg/ha+0.42L/ha+0.1L/ha+0.5% wv applied at Z-30 stage (mix = Paradigma + LVE Agritone + Archer + Uptake),roseworthy,herbicide,2023-07-26,11.0,12.25,0.0,,,,,,,Paradigm,kg,0.025,
3816,ROSEWORTHY_S1.1_P3123_R3,2023,7,27,,,,,,,,,,,,,,,,,,100kg/ha topdressing,roseworthy,fertiliser,2023-07-27,8.5,50.0,0.0,,,,,,,Urea,kg,100.0,
3817,ROSEWORTHY_S1.1_P3123_R3,2023,9,5,,,,,,,,,,,,,,,,,,1L/ha applied at Flag leave stage - all cereal crops (single),roseworthy,fungicide,2023-09-05,11.0,14.5,0.0,,,,,,,TazerXpert,L,1.0,
3818,ROSEWORTHY_S1.1_P3123_R3,2023,9,22,,,,,,,,,,,,,,,,,,"0.03L/ha applied post-flowering/maturity - whole site (Protect the pods target pulse/canola, but went whole site)",roseworthy,pesticide,2023-09-22,11.0,2.8794,0.0,,,,,,,Trojan,L,0.03,insects
3819,ROSEWORTHY_S1.1_P3123_R3,2023,11,7,barley,,,,,,,,,,,,,,,,,,roseworthy,termination,2023-11-07,80.0,0.0,1405.666,success,sale,4717.0,,,stubble,,,,
3820,ROSEWORTHY_S1.1_P3123_R3,2023,12,19,,,,,,,,,,,,,,,,,,2L/ha+3L/ha+1% applied as post-harvest - Whole site (mix = 2 L/ha + 3 L/ha AMS 1% water volume / Banjo 1% wv),roseworthy,herbicide,2023-12-19,11.0,24.0,0.0,,,,,,,Crucial,L,2.0,
3821,ROSEWORTHY_S1.1_P3123_R3,2023,12,19,,,,,,,,,,,,,,,,,,2L/ha+3L/ha+1% applied as post-harvest - Whole site (mix = 2 L/ha + 3 L/ha AMS 1% water volume / Banjo 1% wv),roseworthy,herbicide,2023-12-19,11.0,60.0,0.0,,,,,,,Gluphosinate,L,3.0,
3822,ROSEWORTHY_S1.2_P1231_R1,2023,4,15,,,,,,,,,,,,,,,,,,2L/ha applied as Knockdown - Whole site,roseworthy,herbicide,2023-04-15,11.0,24.0,0.0,,,,,,,Crucial,L,2.0,
3823,ROSEWORTHY_S1.2_P1231_R1,2023,5,10,,,,,,,,,,,,,,,,,,2L/ha applied as Knockdown - Whole site,roseworthy,herbicide,2023-05-10,11.0,9.9,0.0,,,,,,,Paraquat,L,2.0,
3824,ROSEWORTHY_S1.2_P1231_R1,2023,5,15,,,,,,,,,,,,,,,,,,1.5kg/ha applied pre-sowing,roseworthy,pesticide,2023-05-15,11.0,112.5,0.0,,,,,,,MouseOff,kg,1.5,mice
3825,ROSEWORTHY_S1.2_P1231_R1,2023,5,23,,,,,,,,,,,,,,,,,,1.1kg/ha applied pre-sowing,roseworthy,herbicide,2023-05-23,11.0,27.500000000000004,0.0,,,,,,,Edge 900DF,kg,1.1,
3826,ROSEWORTHY_S1.2_P1231_R1,2023,5,24,,,,,,,,,,,,,,,,,,"110kg/ha applied pre-sowing, banded below seed",roseworthy,fertiliser,2023-05-24,8.5,63.24999999999999,0.0,,,,,,,DAP,kg,110.0,
3827,ROSEWORTHY_S1.2_P1231_R1,2023,5,24,,,,,,,,,,,,,,,,,,1L/ha applied as pre-sowing - Whole site,roseworthy,herbicide,2023-05-24,11.0,13.5,0.0,,,,,,,Chlorpyriphos,L,1.0,
3828,ROSEWORTHY_S1.2_P1231_R1,2023,5,24,,,,,,,,,,,,,,,,,,2L/ha applied as pre-sowing - Whole site,roseworthy,herbicide,2023-05-24,11.0,24.0,0.0,,,,,,,Crucial,L,2.0,
3829,ROSEWORTHY_S1.2_P1231_R1,2023,5,24,lentil,,,hurricane xt,,,True,,,sale,122.0,,,32.0,,,On-time,,roseworthy,sowing,2023-05-24,50.0,0.0,0.0,,,,,,,,,,
3830,ROSEWORTHY_S1.2_P1231_R1,2023,6,1,,,,,,,,,,,,,,,,,,0.05L/ha applied before establishment - whole site,roseworthy,pesticide,2023-06-01,11.0,6.75,0.0,,,,,,,Albatross,L,0.05,insects
3831,ROSEWORTHY_S1.2_P1231_R1,2023,6,2,,,,,,,,,,,,,,,,,,1.5kg/ha applied before estableshment,roseworthy,pesticide,2023-06-02,11.0,112.5,0.0,,,,,,,MouseOff,kg,1.5,mice
3832,ROSEWORTHY_S1.2_P1231_R1,2023,7,11,,,,,,,,,,,,,,,,,,0.5L/ha+1%wv applied at ~4-5 nodes (mix = Grasidim + Hasten),roseworthy,herbicide,2023-07-11,11.0,15.0,0.0,,,,,,,Grasidim,L,0.5,
3833,ROSEWORTHY_S1.2_P1231_R1,2023,7,24,,,,,,,,,,,,,,,,,,1.5kg/ha applied at early growth development,roseworthy,pesticide,2023-07-24,11.0,112.5,0.0,,,,,,,MouseOff,kg,1.5,mice
3834,ROSEWORTHY_S1.2_P1231_R1,2023,7,25,,,,,,,,,,,,,,,,,,0.3L/ha applied at Z-30 stage (cereal) / pre-canopy close (pulse) - whole site,roseworthy,fungicide,2023-07-25,11.0,16.349999999999998,0.0,,,,,,,Aviator Xpro,L,0.3,
3835,ROSEWORTHY_S1.2_P1231_R1,2023,7,26,,,,,,,,,,,,,,,,,,0.75L/ha+0.5wv applied at pre-canopy close for pulse (mix = Intercept + Hasten),roseworthy,herbicide,2023-07-26,11.0,206.25,0.0,,,,,,,Intercept ,L,0.75,
3836,ROSEWORTHY_S1.2_P1231_R1,2023,9,5,,,,,,,,,,,,,,,,,,1.6kg/ha applied at Flowering stage - pulse and intercrop plots,roseworthy,fungicide,2023-09-05,11.0,40.0,0.0,,,,,,,Echo900 ,kg,1.6,
3837,ROSEWORTHY_S1.2_P1231_R1,2023,9,22,,,,,,,,,,,,,,,,,,"0.03L/ha applied post-flowering/maturity - whole site (Protect the pods target pulse/canola, but went whole site)",roseworthy,pesticide,2023-09-22,11.0,2.8794,0.0,,,,,,,Trojan,L,0.03,insects
3838,ROSEWORTHY_S1.2_P1231_R1,2023,11,7,lentil,,,,,,,,,,,,,,,,,,roseworthy,termination,2023-11-07,80.0,0.0,1053.65,success,sale,1621.0,,,stubble,,,,
3839,ROSEWORTHY_S1.2_P1231_R1,2023,12,19,,,,,,,,,,,,,,,,,,2L/ha+3L/ha+1% applied as post-harvest - Whole site (mix = 2 L/ha + 3 L/ha AMS 1% water volume / Banjo 1% wv),roseworthy,herbicide,2023-12-19,11.0,24.0,0.0,,,,,,,Crucial,L,2.0,
3840,ROSEWORTHY_S1.2_P1231_R1,2023,12,19,,,,,,,,,,,,,,,,,,2L/ha+3L/ha+1% applied as post-harvest - Whole site (mix = 2 L/ha + 3 L/ha AMS 1% water volume / Banjo 1% wv),roseworthy,herbicide,2023-12-19,11.0,60.0,0.0,,,,,,,Gluphosinate,L,3.0,
3841,ROSEWORTHY_S1.2_P1231_R2,2023,4,15,,,,,,,,,,,,,,,,,,2L/ha applied as Knockdown - Whole site,roseworthy,herbicide,2023-04-15,11.0,24.0,0.0,,,,,,,Crucial,L,2.0,
3842,ROSEWORTHY_S1.2_P1231_R2,2023,5,10,,,,,,,,,,,,,,,,,,2L/ha applied as Knockdown - Whole site,roseworthy,herbicide,2023-05-10,11.0,9.9,0.0,,,,,,,Paraquat,L,2.0,
3843,ROSEWORTHY_S1.2_P1231_R2,2023,5,15,,,,,,,,,,,,,,,,,,1.5kg/ha applied pre-sowing,roseworthy,pesticide,2023-05-15,11.0,112.5,0.0,,,,,,,MouseOff,kg,1.5,mice
3844,ROSEWORTHY_S1.2_P1231_R2,2023,5,23,,,,,,,,,,,,,,,,,,1.1kg/ha applied pre-sowing,roseworthy,herbicide,2023-05-23,11.0,27.500000000000004,0.0,,,,,,,Edge 900DF,kg,1.1,
3845,ROSEWORTHY_S1.2_P1231_R2,2023,5,24,,,,,,,,,,,,,,,,,,"110kg/ha applied pre-sowing, banded below seed",roseworthy,fertiliser,2023-05-24,8.5,63.24999999999999,0.0,,,,,,,DAP,kg,110.0,
3846,ROSEWORTHY_S1.2_P1231_R2,2023,5,24,,,,,,,,,,,,,,,,,,1L/ha applied as pre-sowing - Whole site,roseworthy,herbicide,2023-05-24,11.0,13.5,0.0,,,,,,,Chlorpyriphos,L,1.0,
3847,ROSEWORTHY_S1.2_P1231_R2,2023,5,24,,,,,,,,,,,,,,,,,,2L/ha applied as pre-sowing - Whole site,roseworthy,herbicide,2023-05-24,11.0,24.0,0.0,,,,,,,Crucial,L,2.0,
3848,ROSEWORTHY_S1.2_P1231_R2,2023,5,24,lentil,,,hurricane xt,,,True,,,sale,125.0,,,35.0,,,On-time,,roseworthy,sowing,2023-05-24,50.0,0.0,0.0,,,,,,,,,,
3849,ROSEWORTHY_S1.2_P1231_R2,2023,6,1,,,,,,,,,,,,,,,,,,0.05L/ha applied before establishment - whole site,roseworthy,pesticide,2023-06-01,11.0,6.75,0.0,,,,,,,Albatross,L,0.05,insects
3850,ROSEWORTHY_S1.2_P1231_R2,2023,6,2,,,,,,,,,,,,,,,,,,1.5kg/ha applied before estableshment,roseworthy,pesticide,2023-06-02,11.0,112.5,0.0,,,,,,,MouseOff,kg,1.5,mice
3851,ROSEWORTHY_S1.2_P1231_R2,2023,7,11,,,,,,,,,,,,,,,,,,0.5L/ha+1%wv applied at ~4-5 nodes (mix = Grasidim + Hasten),roseworthy,herbicide,2023-07-11,11.0,15.0,0.0,,,,,,,Grasidim,L,0.5,
3852,ROSEWORTHY_S1.2_P1231_R2,2023,7,24,,,,,,,,,,,,,,,,,,1.5kg/ha applied at early growth development,roseworthy,pesticide,2023-07-24,11.0,112.5,0.0,,,,,,,MouseOff,kg,1.5,mice
3853,ROSEWORTHY_S1.2_P1231_R2,2023,7,25,,,,,,,,,,,,,,,,,,0.3L/ha applied at Z-30 stage (cereal) / pre-canopy close (pulse) - whole site,roseworthy,fungicide,2023-07-25,11.0,16.349999999999998,0.0,,,,,,,Aviator Xpro,L,0.3,
3854,ROSEWORTHY_S1.2_P1231_R2,2023,7,26,,,,,,,,,,,,,,,,,,0.75L/ha+0.5wv applied at pre-canopy close for pulse (mix = Intercept + Hasten),roseworthy,herbicide,2023-07-26,11.0,206.25,0.0,,,,,,,Intercept ,L,0.75,
3855,ROSEWORTHY_S1.2_P1231_R2,2023,9,5,,,,,,,,,,,,,,,,,,1.6kg/ha applied at Flowering stage - pulse and intercrop plots,roseworthy,fungicide,2023-09-05,11.0,40.0,0.0,,,,,,,Echo900 ,kg,1.6,
3856,ROSEWORTHY_S1.2_P1231_R2,2023,9,22,,,,,,,,,,,,,,,,,,"0.03L/ha applied post-flowering/maturity - whole site (Protect the pods target pulse/canola, but went whole site)",roseworthy,pesticide,2023-09-22,11.0,2.8794,0.0,,,,,,,Trojan,L,0.03,insects
3857,ROSEWORTHY_S1.2_P1231_R2,2023,11,7,lentil,,,,,,,,,,,,,,,,,,roseworthy,termination,2023-11-07,80.0,0.0,988.65,success,sale,1521.0,,,stubble,,,,
3858,ROSEWORTHY_S1.2_P1231_R2,2023,12,19,,,,,,,,,,,,,,,,,,2L/ha+3L/ha+1% applied as post-harvest - Whole site (mix = 2 L/ha + 3 L/ha AMS 1% water volume / Banjo 1% wv),roseworthy,herbicide,2023-12-19,11.0,24.0,0.0,,,,,,,Crucial,L,2.0,
3859,ROSEWORTHY_S1.2_P1231_R2,2023,12,19,,,,,,,,,,,,,,,,,,2L/ha+3L/ha+1% applied as post-harvest - Whole site (mix = 2 L/ha + 3 L/ha AMS 1% water volume / Banjo 1% wv),roseworthy,herbicide,2023-12-19,11.0,60.0,0.0,,,,,,,Gluphosinate,L,3.0,
3860,ROSEWORTHY_S1.2_P1231_R3,2023,4,15,,,,,,,,,,,,,,,,,,2L/ha applied as Knockdown - Whole site,roseworthy,herbicide,2023-04-15,11.0,24.0,0.0,,,,,,,Crucial,L,2.0,
3861,ROSEWORTHY_S1.2_P1231_R3,2023,5,10,,,,,,,,,,,,,,,,,,2L/ha applied as Knockdown - Whole site,roseworthy,herbicide,2023-05-10,11.0,9.9,0.0,,,,,,,Paraquat,L,2.0,
3862,ROSEWORTHY_S1.2_P1231_R3,2023,5,15,,,,,,,,,,,,,,,,,,1.5kg/ha applied pre-sowing,roseworthy,pesticide,2023-05-15,11.0,112.5,0.0,,,,,,,MouseOff,kg,1.5,mice
3863,ROSEWORTHY_S1.2_P1231_R3,2023,5,23,,,,,,,,,,,,,,,,,,1.1kg/ha applied pre-sowing,roseworthy,herbicide,2023-05-23,11.0,27.500000000000004,0.0,,,,,,,Edge 900DF,kg,1.1,
3864,ROSEWORTHY_S1.2_P1231_R3,2023,5,24,,,,,,,,,,,,,,,,,,"110kg/ha applied pre-sowing, banded below seed",roseworthy,fertiliser,2023-05-24,8.5,63.24999999999999,0.0,,,,,,,DAP,kg,110.0,
3865,ROSEWORTHY_S1.2_P1231_R3,2023,5,24,,,,,,,,,,,,,,,,,,1L/ha applied as pre-sowing - Whole site,roseworthy,herbicide,2023-05-24,11.0,13.5,0.0,,,,,,,Chlorpyriphos,L,1.0,
3866,ROSEWORTHY_S1.2_P1231_R3,2023,5,24,,,,,,,,,,,,,,,,,,2L/ha applied as pre-sowing - Whole site,roseworthy,herbicide,2023-05-24,11.0,24.0,0.0,,,,,,,Crucial,L,2.0,
3867,ROSEWORTHY_S1.2_P1231_R3,2023,5,24,lentil,,,hurricane xt,,,True,,,sale,128.0,,,38.0,,,On-time,,roseworthy,sowing,2023-05-24,50.0,0.0,0.0,,,,,,,,,,
3868,ROSEWORTHY_S1.2_P1231_R3,2023,6,1,,,,,,,,,,,,,,,,,,0.05L/ha applied before establishment - whole site,roseworthy,pesticide,2023-06-01,11.0,6.75,0.0,,,,,,,Albatross,L,0.05,insects
3869,ROSEWORTHY_S1.2_P1231_R3,2023,6,2,,,,,,,,,,,,,,,,,,1.5kg/ha applied before estableshment,roseworthy,pesticide,2023-06-02,11.0,112.5,0.0,,,,,,,MouseOff,kg,1.5,mice
3870,ROSEWORTHY_S1.2_P1231_R3,2023,7,11,,,,,,,,,,,,,,,,,,0.5L/ha+1%wv applied at ~4-5 nodes (mix = Grasidim + Hasten),roseworthy,herbicide,2023-07-11,11.0,15.0,0.0,,,,,,,Grasidim,L,0.5,
3871,ROSEWORTHY_S1.2_P1231_R3,2023,7,24,,,,,,,,,,,,,,,,,,1.5kg/ha applied at early growth development,roseworthy,pesticide,2023-07-24,11.0,112.5,0.0,,,,,,,MouseOff,kg,1.5,mice
3872,ROSEWORTHY_S1.2_P1231_R3,2023,7,25,,,,,,,,,,,,,,,,,,0.3L/ha applied at Z-30 stage (cereal) / pre-canopy close (pulse) - whole site,roseworthy,fungicide,2023-07-25,11.0,16.349999999999998,0.0,,,,,,,Aviator Xpro,L,0.3,
3873,ROSEWORTHY_S1.2_P1231_R3,2023,7,26,,,,,,,,,,,,,,,,,,0.75L/ha+0.5wv applied at pre-canopy close for pulse (mix = Intercept + Hasten),roseworthy,herbicide,2023-07-26,11.0,206.25,0.0,,,,,,,Intercept ,L,0.75,
3874,ROSEWORTHY_S1.2_P1231_R3,2023,9,5,,,,,,,,,,,,,,,,,,1.6kg/ha applied at Flowering stage - pulse and intercrop plots,roseworthy,fungicide,2023-09-05,11.0,40.0,0.0,,,,,,,Echo900 ,kg,1.6,
3875,ROSEWORTHY_S1.2_P1231_R3,2023,9,22,,,,,,,,,,,,,,,,,,"0.03L/ha applied post-flowering/maturity - whole site (Protect the pods target pulse/canola, but went whole site)",roseworthy,pesticide,2023-09-22,11.0,2.8794,0.0,,,,,,,Trojan,L,0.03,insects
3876,ROSEWORTHY_S1.2_P1231_R3,2023,11,7,lentil,,,,,,,,,,,,,,,,,,roseworthy,termination,2023-11-07,80.0,0.0,961.35,success,sale,1479.0,,,stubble,,,,
3877,ROSEWORTHY_S1.2_P1231_R3,2023,12,19,,,,,,,,,,,,,,,,,,2L/ha+3L/ha+1% applied as post-harvest - Whole site (mix = 2 L/ha + 3 L/ha AMS 1% water volume / Banjo 1% wv),roseworthy,herbicide,2023-12-19,11.0,24.0,0.0,,,,,,,Crucial,L,2.0,
3878,ROSEWORTHY_S1.2_P1231_R3,2023,12,19,,,,,,,,,,,,,,,,,,2L/ha+3L/ha+1% applied as post-harvest - Whole site (mix = 2 L/ha + 3 L/ha AMS 1% water volume / Banjo 1% wv),roseworthy,herbicide,2023-12-19,11.0,60.0,0.0,,,,,,,Gluphosinate,L,3.0,
3879,ROSEWORTHY_S1.2_P2312_R1,2023,4,15,,,,,,,,,,,,,,,,,,2L/ha applied as Knockdown - Whole site,roseworthy,herbicide,2023-04-15,11.0,24.0,0.0,,,,,,,Crucial,L,2.0,
3880,ROSEWORTHY_S1.2_P2312_R1,2023,5,10,,,,,,,,,,,,,,,,,,2L/ha applied as Knockdown - Whole site,roseworthy,herbicide,2023-05-10,11.0,9.9,0.0,,,,,,,Paraquat,L,2.0,
3881,ROSEWORTHY_S1.2_P2312_R1,2023,5,15,,,,,,,,,,,,,,,,,,1.5kg/ha applied pre-sowing,roseworthy,pesticide,2023-05-15,11.0,112.5,0.0,,,,,,,MouseOff,kg,1.5,mice
3882,ROSEWORTHY_S1.2_P2312_R1,2023,5,23,,,,,,,,,,,,,,,,,,1.25L/ha applied pre-sowing,roseworthy,herbicide,2023-05-23,11.0,12.5,0.0,,,,,,,Overwatch,L,1.25,
3883,ROSEWORTHY_S1.2_P2312_R1,2023,5,24,,,,,,,,,,,,,,,,,,"110kg/ha applied pre-sowing, banded below seed",roseworthy,fertiliser,2023-05-24,8.5,63.24999999999999,0.0,,,,,,,DAP,kg,110.0,
3884,ROSEWORTHY_S1.2_P2312_R1,2023,5,24,,,,,,,,,,,,,,,,,,1L/ha applied as pre-sowing - Whole site,roseworthy,herbicide,2023-05-24,11.0,13.5,0.0,,,,,,,Chlorpyriphos,L,1.0,
3885,ROSEWORTHY_S1.2_P2312_R1,2023,5,24,,,,,,,,,,,,,,,,,,2L/ha applied as pre-sowing - Whole site,roseworthy,herbicide,2023-05-24,11.0,24.0,0.0,,,,,,,Crucial,L,2.0,
3886,ROSEWORTHY_S1.2_P2312_R1,2023,5,24,wheat,,,calibre,,,True,,,sale,200.0,,,30.0,,,On-time,,roseworthy,sowing,2023-05-24,50.0,0.0,0.0,,,,,,,,,,
3887,ROSEWORTHY_S1.2_P2312_R1,2023,6,1,,,,,,,,,,,,,,,,,,0.05L/ha applied before establishment - whole site,roseworthy,pesticide,2023-06-01,11.0,6.75,0.0,,,,,,,Albatross,L,0.05,insects
3888,ROSEWORTHY_S1.2_P2312_R1,2023,6,2,,,,,,,,,,,,,,,,,,1.5kg/ha applied before estableshment,roseworthy,pesticide,2023-06-02,11.0,112.5,0.0,,,,,,,MouseOff,kg,1.5,mice
3889,ROSEWORTHY_S1.2_P2312_R1,2023,7,24,,,,,,,,,,,,,,,,,,1.5kg/ha applied at early growth development,roseworthy,pesticide,2023-07-24,11.0,112.5,0.0,,,,,,,MouseOff,kg,1.5,mice
3890,ROSEWORTHY_S1.2_P2312_R1,2023,7,25,,,,,,,,,,,,,,,,,,0.3L/ha applied at Z-30 stage (cereal) / pre-canopy close (pulse) - whole site,roseworthy,fungicide,2023-07-25,11.0,16.349999999999998,0.0,,,,,,,Aviator Xpro,L,0.3,
3891,ROSEWORTHY_S1.2_P2312_R1,2023,7,26,,,,,,,,,,,,,,,,,,0.025kg/ha+0.42L/ha+0.1L/ha+0.5% wv applied at Z-30 stage (mix = Paradigma + LVE Agritone + Archer + Uptake),roseworthy,herbicide,2023-07-26,11.0,1.4500000000000002,0.0,,,,,,,Archer,L,0.1,
3892,ROSEWORTHY_S1.2_P2312_R1,2023,7,26,,,,,,,,,,,,,,,,,,0.025kg/ha+0.42L/ha+0.1L/ha+0.5% wv applied at Z-30 stage (mix = Paradigma + LVE Agritone + Archer + Uptake),roseworthy,herbicide,2023-07-26,11.0,3.36,0.0,,,,,,,LVA Agritone,L,0.42,
3893,ROSEWORTHY_S1.2_P2312_R1,2023,7,26,,,,,,,,,,,,,,,,,,0.025kg/ha+0.42L/ha+0.1L/ha+0.5% wv applied at Z-30 stage (mix = Paradigma + LVE Agritone + Archer + Uptake),roseworthy,herbicide,2023-07-26,11.0,12.25,0.0,,,,,,,Paradigm,kg,0.025,
3894,ROSEWORTHY_S1.2_P2312_R1,2023,7,27,,,,,,,,,,,,,,,,,,100kg/ha topdressing,roseworthy,fertiliser,2023-07-27,8.5,50.0,0.0,,,,,,,Urea,kg,100.0,
3895,ROSEWORTHY_S1.2_P2312_R1,2023,9,5,,,,,,,,,,,,,,,,,,1L/ha applied at Flag leave stage - all cereal crops (single),roseworthy,fungicide,2023-09-05,11.0,14.5,0.0,,,,,,,TazerXpert,L,1.0,
3896,ROSEWORTHY_S1.2_P2312_R1,2023,9,22,,,,,,,,,,,,,,,,,,"0.03L/ha applied post-flowering/maturity - whole site (Protect the pods target pulse/canola, but went whole site)",roseworthy,pesticide,2023-09-22,11.0,2.8794,0.0,,,,,,,Trojan,L,0.03,insects
3897,ROSEWORTHY_S1.2_P2312_R1,2023,11,7,wheat,,,,,,,,,,,,,,,,,,roseworthy,termination,2023-11-07,80.0,0.0,1844.7,success,sale,5590.0,,,stubble,,,,
3898,ROSEWORTHY_S1.2_P2312_R1,2023,12,19,,,,,,,,,,,,,,,,,,2L/ha+3L/ha+1% applied as post-harvest - Whole site (mix = 2 L/ha + 3 L/ha AMS 1% water volume / Banjo 1% wv),roseworthy,herbicide,2023-12-19,11.0,24.0,0.0,,,,,,,Crucial,L,2.0,
3899,ROSEWORTHY_S1.2_P2312_R1,2023,12,19,,,,,,,,,,,,,,,,,,2L/ha+3L/ha+1% applied as post-harvest - Whole site (mix = 2 L/ha + 3 L/ha AMS 1% water volume / Banjo 1% wv),roseworthy,herbicide,2023-12-19,11.0,60.0,0.0,,,,,,,Gluphosinate,L,3.0,
3900,ROSEWORTHY_S1.2_P2312_R2,2023,4,15,,,,,,,,,,,,,,,,,,2L/ha applied as Knockdown - Whole site,roseworthy,herbicide,2023-04-15,11.0,24.0,0.0,,,,,,,Crucial,L,2.0,
3901,ROSEWORTHY_S1.2_P2312_R2,2023,5,10,,,,,,,,,,,,,,,,,,2L/ha applied as Knockdown - Whole site,roseworthy,herbicide,2023-05-10,11.0,9.9,0.0,,,,,,,Paraquat,L,2.0,
3902,ROSEWORTHY_S1.2_P2312_R2,2023,5,15,,,,,,,,,,,,,,,,,,1.5kg/ha applied pre-sowing,roseworthy,pesticide,2023-05-15,11.0,112.5,0.0,,,,,,,MouseOff,kg,1.5,mice
3903,ROSEWORTHY_S1.2_P2312_R2,2023,5,23,,,,,,,,,,,,,,,,,,1.25L/ha applied pre-sowing,roseworthy,herbicide,2023-05-23,11.0,12.5,0.0,,,,,,,Overwatch,L,1.25,
3904,ROSEWORTHY_S1.2_P2312_R2,2023,5,24,,,,,,,,,,,,,,,,,,"110kg/ha applied pre-sowing, banded below seed",roseworthy,fertiliser,2023-05-24,8.5,63.24999999999999,0.0,,,,,,,DAP,kg,110.0,
3905,ROSEWORTHY_S1.2_P2312_R2,2023,5,24,,,,,,,,,,,,,,,,,,1L/ha applied as pre-sowing - Whole site,roseworthy,herbicide,2023-05-24,11.0,13.5,0.0,,,,,,,Chlorpyriphos,L,1.0,
3906,ROSEWORTHY_S1.2_P2312_R2,2023,5,24,,,,,,,,,,,,,,,,,,2L/ha applied as pre-sowing - Whole site,roseworthy,herbicide,2023-05-24,11.0,24.0,0.0,,,,,,,Crucial,L,2.0,
3907,ROSEWORTHY_S1.2_P2312_R2,2023,5,24,wheat,,,calibre,,,True,,,sale,203.0,,,33.0,,,On-time,,roseworthy,sowing,2023-05-24,50.0,0.0,0.0,,,,,,,,,,
3908,ROSEWORTHY_S1.2_P2312_R2,2023,6,1,,,,,,,,,,,,,,,,,,0.05L/ha applied before establishment - whole site,roseworthy,pesticide,2023-06-01,11.0,6.75,0.0,,,,,,,Albatross,L,0.05,insects
3909,ROSEWORTHY_S1.2_P2312_R2,2023,6,2,,,,,,,,,,,,,,,,,,1.5kg/ha applied before estableshment,roseworthy,pesticide,2023-06-02,11.0,112.5,0.0,,,,,,,MouseOff,kg,1.5,mice
3910,ROSEWORTHY_S1.2_P2312_R2,2023,7,24,,,,,,,,,,,,,,,,,,1.5kg/ha applied at early growth development,roseworthy,pesticide,2023-07-24,11.0,112.5,0.0,,,,,,,MouseOff,kg,1.5,mice
3911,ROSEWORTHY_S1.2_P2312_R2,2023,7,25,,,,,,,,,,,,,,,,,,0.3L/ha applied at Z-30 stage (cereal) / pre-canopy close (pulse) - whole site,roseworthy,fungicide,2023-07-25,11.0,16.349999999999998,0.0,,,,,,,Aviator Xpro,L,0.3,
3912,ROSEWORTHY_S1.2_P2312_R2,2023,7,26,,,,,,,,,,,,,,,,,,0.025kg/ha+0.42L/ha+0.1L/ha+0.5% wv applied at Z-30 stage (mix = Paradigma + LVE Agritone + Archer + Uptake),roseworthy,herbicide,2023-07-26,11.0,1.4500000000000002,0.0,,,,,,,Archer,L,0.1,
3913,ROSEWORTHY_S1.2_P2312_R2,2023,7,26,,,,,,,,,,,,,,,,,,0.025kg/ha+0.42L/ha+0.1L/ha+0.5% wv applied at Z-30 stage (mix = Paradigma + LVE Agritone + Archer + Uptake),roseworthy,herbicide,2023-07-26,11.0,3.36,0.0,,,,,,,LVA Agritone,L,0.42,
3914,ROSEWORTHY_S1.2_P2312_R2,2023,7,26,,,,,,,,,,,,,,,,,,0.025kg/ha+0.42L/ha+0.1L/ha+0.5% wv applied at Z-30 stage (mix = Paradigma + LVE Agritone + Archer + Uptake),roseworthy,herbicide,2023-07-26,11.0,12.25,0.0,,,,,,,Paradigm,kg,0.025,
3915,ROSEWORTHY_S1.2_P2312_R2,2023,7,27,,,,,,,,,,,,,,,,,,100kg/ha topdressing,roseworthy,fertiliser,2023-07-27,8.5,50.0,0.0,,,,,,,Urea,kg,100.0,
3916,ROSEWORTHY_S1.2_P2312_R2,2023,9,5,,,,,,,,,,,,,,,,,,1L/ha applied at Flag leave stage - all cereal crops (single),roseworthy,fungicide,2023-09-05,11.0,14.5,0.0,,,,,,,TazerXpert,L,1.0,
3917,ROSEWORTHY_S1.2_P2312_R2,2023,9,22,,,,,,,,,,,,,,,,,,"0.03L/ha applied post-flowering/maturity - whole site (Protect the pods target pulse/canola, but went whole site)",roseworthy,pesticide,2023-09-22,11.0,2.8794,0.0,,,,,,,Trojan,L,0.03,insects
3918,ROSEWORTHY_S1.2_P2312_R2,2023,11,7,wheat,,,,,,,,,,,,,,,,,,roseworthy,termination,2023-11-07,80.0,0.0,1852.2900000000002,success,sale,5613.0,,,stubble,,,,
3919,ROSEWORTHY_S1.2_P2312_R2,2023,12,19,,,,,,,,,,,,,,,,,,2L/ha+3L/ha+1% applied as post-harvest - Whole site (mix = 2 L/ha + 3 L/ha AMS 1% water volume / Banjo 1% wv),roseworthy,herbicide,2023-12-19,11.0,24.0,0.0,,,,,,,Crucial,L,2.0,
3920,ROSEWORTHY_S1.2_P2312_R2,2023,12,19,,,,,,,,,,,,,,,,,,2L/ha+3L/ha+1% applied as post-harvest - Whole site (mix = 2 L/ha + 3 L/ha AMS 1% water volume / Banjo 1% wv),roseworthy,herbicide,2023-12-19,11.0,60.0,0.0,,,,,,,Gluphosinate,L,3.0,
3921,ROSEWORTHY_S1.2_P2312_R3,2023,4,15,,,,,,,,,,,,,,,,,,2L/ha applied as Knockdown - Whole site,roseworthy,herbicide,2023-04-15,11.0,24.0,0.0,,,,,,,Crucial,L,2.0,
3922,ROSEWORTHY_S1.2_P2312_R3,2023,5,10,,,,,,,,,,,,,,,,,,2L/ha applied as Knockdown - Whole site,roseworthy,herbicide,2023-05-10,11.0,9.9,0.0,,,,,,,Paraquat,L,2.0,
3923,ROSEWORTHY_S1.2_P2312_R3,2023,5,15,,,,,,,,,,,,,,,,,,1.5kg/ha applied pre-sowing,roseworthy,pesticide,2023-05-15,11.0,112.5,0.0,,,,,,,MouseOff,kg,1.5,mice
3924,ROSEWORTHY_S1.2_P2312_R3,2023,5,23,,,,,,,,,,,,,,,,,,1.25L/ha applied pre-sowing,roseworthy,herbicide,2023-05-23,11.0,12.5,0.0,,,,,,,Overwatch,L,1.25,
3925,ROSEWORTHY_S1.2_P2312_R3,2023,5,24,,,,,,,,,,,,,,,,,,"110kg/ha applied pre-sowing, banded below seed",roseworthy,fertiliser,2023-05-24,8.5,63.24999999999999,0.0,,,,,,,DAP,kg,110.0,
3926,ROSEWORTHY_S1.2_P2312_R3,2023,5,24,,,,,,,,,,,,,,,,,,1L/ha applied as pre-sowing - Whole site,roseworthy,herbicide,2023-05-24,11.0,13.5,0.0,,,,,,,Chlorpyriphos,L,1.0,
3927,ROSEWORTHY_S1.2_P2312_R3,2023,5,24,,,,,,,,,,,,,,,,,,2L/ha applied as pre-sowing - Whole site,roseworthy,herbicide,2023-05-24,11.0,24.0,0.0,,,,,,,Crucial,L,2.0,
3928,ROSEWORTHY_S1.2_P2312_R3,2023,5,24,wheat,,,calibre,,,True,,,sale,207.0,,,37.0,,,On-time,,roseworthy,sowing,2023-05-24,50.0,0.0,0.0,,,,,,,,,,
3929,ROSEWORTHY_S1.2_P2312_R3,2023,6,1,,,,,,,,,,,,,,,,,,0.05L/ha applied before establishment - whole site,roseworthy,pesticide,2023-06-01,11.0,6.75,0.0,,,,,,,Albatross,L,0.05,insects
3930,ROSEWORTHY_S1.2_P2312_R3,2023,6,2,,,,,,,,,,,,,,,,,,1.5kg/ha applied before estableshment,roseworthy,pesticide,2023-06-02,11.0,112.5,0.0,,,,,,,MouseOff,kg,1.5,mice
3931,ROSEWORTHY_S1.2_P2312_R3,2023,7,24,,,,,,,,,,,,,,,,,,1.5kg/ha applied at early growth development,roseworthy,pesticide,2023-07-24,11.0,112.5,0.0,,,,,,,MouseOff,kg,1.5,mice
3932,ROSEWORTHY_S1.2_P2312_R3,2023,7,25,,,,,,,,,,,,,,,,,,0.3L/ha applied at Z-30 stage (cereal) / pre-canopy close (pulse) - whole site,roseworthy,fungicide,2023-07-25,11.0,16.349999999999998,0.0,,,,,,,Aviator Xpro,L,0.3,
3933,ROSEWORTHY_S1.2_P2312_R3,2023,7,26,,,,,,,,,,,,,,,,,,0.025kg/ha+0.42L/ha+0.1L/ha+0.5% wv applied at Z-30 stage (mix = Paradigma + LVE Agritone + Archer + Uptake),roseworthy,herbicide,2023-07-26,11.0,1.4500000000000002,0.0,,,,,,,Archer,L,0.1,
3934,ROSEWORTHY_S1.2_P2312_R3,2023,7,26,,,,,,,,,,,,,,,,,,0.025kg/ha+0.42L/ha+0.1L/ha+0.5% wv applied at Z-30 stage (mix = Paradigma + LVE Agritone + Archer + Uptake),roseworthy,herbicide,2023-07-26,11.0,3.36,0.0,,,,,,,LVA Agritone,L,0.42,
3935,ROSEWORTHY_S1.2_P2312_R3,2023,7,26,,,,,,,,,,,,,,,,,,0.025kg/ha+0.42L/ha+0.1L/ha+0.5% wv applied at Z-30 stage (mix = Paradigma + LVE Agritone + Archer + Uptake),roseworthy,herbicide,2023-07-26,11.0,12.25,0.0,,,,,,,Paradigm,kg,0.025,
3936,ROSEWORTHY_S1.2_P2312_R3,2023,7,27,,,,,,,,,,,,,,,,,,100kg/ha topdressing,roseworthy,fertiliser,2023-07-27,8.5,50.0,0.0,,,,,,,Urea,kg,100.0,
3937,ROSEWORTHY_S1.2_P2312_R3,2023,9,5,,,,,,,,,,,,,,,,,,1L/ha applied at Flag leave stage - all cereal crops (single),roseworthy,fungicide,2023-09-05,11.0,14.5,0.0,,,,,,,TazerXpert,L,1.0,
3938,ROSEWORTHY_S1.2_P2312_R3,2023,9,22,,,,,,,,,,,,,,,,,,"0.03L/ha applied post-flowering/maturity - whole site (Protect the pods target pulse/canola, but went whole site)",roseworthy,pesticide,2023-09-22,11.0,2.8794,0.0,,,,,,,Trojan,L,0.03,insects
3939,ROSEWORTHY_S1.2_P2312_R3,2023,11,7,wheat,,,,,,,,,,,,,,,,,,roseworthy,termination,2023-11-07,80.0,0.0,1238.8200000000002,success,sale,3754.0,,,stubble,,,,
3940,ROSEWORTHY_S1.2_P2312_R3,2023,12,19,,,,,,,,,,,,,,,,,,2L/ha+3L/ha+1% applied as post-harvest - Whole site (mix = 2 L/ha + 3 L/ha AMS 1% water volume / Banjo 1% wv),roseworthy,herbicide,2023-12-19,11.0,24.0,0.0,,,,,,,Crucial,L,2.0,
3941,ROSEWORTHY_S1.2_P2312_R3,2023,12,19,,,,,,,,,,,,,,,,,,2L/ha+3L/ha+1% applied as post-harvest - Whole site (mix = 2 L/ha + 3 L/ha AMS 1% water volume / Banjo 1% wv),roseworthy,herbicide,2023-12-19,11.0,60.0,0.0,,,,,,,Gluphosinate,L,3.0,
3942,ROSEWORTHY_S1.2_P3123_R1,2023,4,15,,,,,,,,,,,,,,,,,,2L/ha applied as Knockdown - Whole site,roseworthy,herbicide,2023-04-15,11.0,24.0,0.0,,,,,,,Crucial,L,2.0,
3943,ROSEWORTHY_S1.2_P3123_R1,2023,5,10,,,,,,,,,,,,,,,,,,2L/ha applied as Knockdown - Whole site,roseworthy,herbicide,2023-05-10,11.0,9.9,0.0,,,,,,,Paraquat,L,2.0,
3944,ROSEWORTHY_S1.2_P3123_R1,2023,5,15,,,,,,,,,,,,,,,,,,1.5kg/ha applied pre-sowing,roseworthy,pesticide,2023-05-15,11.0,112.5,0.0,,,,,,,MouseOff,kg,1.5,mice
3945,ROSEWORTHY_S1.2_P3123_R1,2023,5,23,,,,,,,,,,,,,,,,,,1.25L/ha applied pre-sowing,roseworthy,herbicide,2023-05-23,11.0,12.5,0.0,,,,,,,Overwatch,L,1.25,
3946,ROSEWORTHY_S1.2_P3123_R1,2023,5,24,,,,,,,,,,,,,,,,,,"110kg/ha applied pre-sowing, banded below seed",roseworthy,fertiliser,2023-05-24,8.5,63.24999999999999,0.0,,,,,,,DAP,kg,110.0,
3947,ROSEWORTHY_S1.2_P3123_R1,2023,5,24,,,,,,,,,,,,,,,,,,1L/ha applied as pre-sowing - Whole site,roseworthy,herbicide,2023-05-24,11.0,13.5,0.0,,,,,,,Chlorpyriphos,L,1.0,
3948,ROSEWORTHY_S1.2_P3123_R1,2023,5,24,,,,,,,,,,,,,,,,,,2L/ha applied as pre-sowing - Whole site,roseworthy,herbicide,2023-05-24,11.0,24.0,0.0,,,,,,,Crucial,L,2.0,
3949,ROSEWORTHY_S1.2_P3123_R1,2023,5,24,barley,,,compass,,,True,,,sale,181.0,,,31.0,,,On-time,,roseworthy,sowing,2023-05-24,50.0,0.0,0.0,,,,,,,,,,
3950,ROSEWORTHY_S1.2_P3123_R1,2023,6,1,,,,,,,,,,,,,,,,,,0.05L/ha applied before establishment - whole site,roseworthy,pesticide,2023-06-01,11.0,6.75,0.0,,,,,,,Albatross,L,0.05,insects
3951,ROSEWORTHY_S1.2_P3123_R1,2023,6,2,,,,,,,,,,,,,,,,,,1.5kg/ha applied before estableshment,roseworthy,pesticide,2023-06-02,11.0,112.5,0.0,,,,,,,MouseOff,kg,1.5,mice
3952,ROSEWORTHY_S1.2_P3123_R1,2023,7,24,,,,,,,,,,,,,,,,,,1.5kg/ha applied at early growth development,roseworthy,pesticide,2023-07-24,11.0,112.5,0.0,,,,,,,MouseOff,kg,1.5,mice
3953,ROSEWORTHY_S1.2_P3123_R1,2023,7,25,,,,,,,,,,,,,,,,,,0.3L/ha applied at Z-30 stage (cereal) / pre-canopy close (pulse) - whole site,roseworthy,fungicide,2023-07-25,11.0,16.349999999999998,0.0,,,,,,,Aviator Xpro,L,0.3,
3954,ROSEWORTHY_S1.2_P3123_R1,2023,7,26,,,,,,,,,,,,,,,,,,0.025kg/ha+0.42L/ha+0.1L/ha+0.5% wv applied at Z-30 stage (mix = Paradigma + LVE Agritone + Archer + Uptake),roseworthy,herbicide,2023-07-26,11.0,1.4500000000000002,0.0,,,,,,,Archer,L,0.1,
3955,ROSEWORTHY_S1.2_P3123_R1,2023,7,26,,,,,,,,,,,,,,,,,,0.025kg/ha+0.42L/ha+0.1L/ha+0.5% wv applied at Z-30 stage (mix = Paradigma + LVE Agritone + Archer + Uptake),roseworthy,herbicide,2023-07-26,11.0,3.36,0.0,,,,,,,LVA Agritone,L,0.42,
3956,ROSEWORTHY_S1.2_P3123_R1,2023,7,26,,,,,,,,,,,,,,,,,,0.025kg/ha+0.42L/ha+0.1L/ha+0.5% wv applied at Z-30 stage (mix = Paradigma + LVE Agritone + Archer + Uptake),roseworthy,herbicide,2023-07-26,11.0,12.25,0.0,,,,,,,Paradigm,kg,0.025,
3957,ROSEWORTHY_S1.2_P3123_R1,2023,7,27,,,,,,,,,,,,,,,,,,100kg/ha topdressing,roseworthy,fertiliser,2023-07-27,8.5,50.0,0.0,,,,,,,Urea,kg,100.0,
3958,ROSEWORTHY_S1.2_P3123_R1,2023,9,5,,,,,,,,,,,,,,,,,,1L/ha applied at Flag leave stage - all cereal crops (single),roseworthy,fungicide,2023-09-05,11.0,14.5,0.0,,,,,,,TazerXpert,L,1.0,
3959,ROSEWORTHY_S1.2_P3123_R1,2023,9,22,,,,,,,,,,,,,,,,,,"0.03L/ha applied post-flowering/maturity - whole site (Protect the pods target pulse/canola, but went whole site)",roseworthy,pesticide,2023-09-22,11.0,2.8794,0.0,,,,,,,Trojan,L,0.03,insects
3960,ROSEWORTHY_S1.2_P3123_R1,2023,11,7,barley,,,,,,,,,,,,,,,,,,roseworthy,termination,2023-11-07,80.0,0.0,1510.562,success,sale,5069.0,,,stubble,,,,
3961,ROSEWORTHY_S1.2_P3123_R1,2023,12,19,,,,,,,,,,,,,,,,,,2L/ha+3L/ha+1% applied as post-harvest - Whole site (mix = 2 L/ha + 3 L/ha AMS 1% water volume / Banjo 1% wv),roseworthy,herbicide,2023-12-19,11.0,24.0,0.0,,,,,,,Crucial,L,2.0,
3962,ROSEWORTHY_S1.2_P3123_R1,2023,12,19,,,,,,,,,,,,,,,,,,2L/ha+3L/ha+1% applied as post-harvest - Whole site (mix = 2 L/ha + 3 L/ha AMS 1% water volume / Banjo 1% wv),roseworthy,herbicide,2023-12-19,11.0,60.0,0.0,,,,,,,Gluphosinate,L,3.0,
3963,ROSEWORTHY_S1.2_P3123_R2,2023,4,15,,,,,,,,,,,,,,,,,,2L/ha applied as Knockdown - Whole site,roseworthy,herbicide,2023-04-15,11.0,24.0,0.0,,,,,,,Crucial,L,2.0,
3964,ROSEWORTHY_S1.2_P3123_R2,2023,5,10,,,,,,,,,,,,,,,,,,2L/ha applied as Knockdown - Whole site,roseworthy,herbicide,2023-05-10,11.0,9.9,0.0,,,,,,,Paraquat,L,2.0,
3965,ROSEWORTHY_S1.2_P3123_R2,2023,5,15,,,,,,,,,,,,,,,,,,1.5kg/ha applied pre-sowing,roseworthy,pesticide,2023-05-15,11.0,112.5,0.0,,,,,,,MouseOff,kg,1.5,mice
3966,ROSEWORTHY_S1.2_P3123_R2,2023,5,23,,,,,,,,,,,,,,,,,,1.25L/ha applied pre-sowing,roseworthy,herbicide,2023-05-23,11.0,12.5,0.0,,,,,,,Overwatch,L,1.25,
3967,ROSEWORTHY_S1.2_P3123_R2,2023,5,24,,,,,,,,,,,,,,,,,,"110kg/ha applied pre-sowing, banded below seed",roseworthy,fertiliser,2023-05-24,8.5,63.24999999999999,0.0,,,,,,,DAP,kg,110.0,
3968,ROSEWORTHY_S1.2_P3123_R2,2023,5,24,,,,,,,,,,,,,,,,,,1L/ha applied as pre-sowing - Whole site,roseworthy,herbicide,2023-05-24,11.0,13.5,0.0,,,,,,,Chlorpyriphos,L,1.0,
3969,ROSEWORTHY_S1.2_P3123_R2,2023,5,24,,,,,,,,,,,,,,,,,,2L/ha applied as pre-sowing - Whole site,roseworthy,herbicide,2023-05-24,11.0,24.0,0.0,,,,,,,Crucial,L,2.0,
3970,ROSEWORTHY_S1.2_P3123_R2,2023,5,24,barley,,,compass,,,True,,,sale,183.0,,,33.0,,,On-time,,roseworthy,sowing,2023-05-24,50.0,0.0,0.0,,,,,,,,,,
3971,ROSEWORTHY_S1.2_P3123_R2,2023,6,1,,,,,,,,,,,,,,,,,,0.05L/ha applied before establishment - whole site,roseworthy,pesticide,2023-06-01,11.0,6.75,0.0,,,,,,,Albatross,L,0.05,insects
3972,ROSEWORTHY_S1.2_P3123_R2,2023,6,2,,,,,,,,,,,,,,,,,,1.5kg/ha applied before estableshment,roseworthy,pesticide,2023-06-02,11.0,112.5,0.0,,,,,,,MouseOff,kg,1.5,mice
3973,ROSEWORTHY_S1.2_P3123_R2,2023,7,24,,,,,,,,,,,,,,,,,,1.5kg/ha applied at early growth development,roseworthy,pesticide,2023-07-24,11.0,112.5,0.0,,,,,,,MouseOff,kg,1.5,mice
3974,ROSEWORTHY_S1.2_P3123_R2,2023,7,25,,,,,,,,,,,,,,,,,,0.3L/ha applied at Z-30 stage (cereal) / pre-canopy close (pulse) - whole site,roseworthy,fungicide,2023-07-25,11.0,16.349999999999998,0.0,,,,,,,Aviator Xpro,L,0.3,
3975,ROSEWORTHY_S1.2_P3123_R2,2023,7,26,,,,,,,,,,,,,,,,,,0.025kg/ha+0.42L/ha+0.1L/ha+0.5% wv applied at Z-30 stage (mix = Paradigma + LVE Agritone + Archer + Uptake),roseworthy,herbicide,2023-07-26,11.0,1.4500000000000002,0.0,,,,,,,Archer,L,0.1,
3976,ROSEWORTHY_S1.2_P3123_R2,2023,7,26,,,,,,,,,,,,,,,,,,0.025kg/ha+0.42L/ha+0.1L/ha+0.5% wv applied at Z-30 stage (mix = Paradigma + LVE Agritone + Archer + Uptake),roseworthy,herbicide,2023-07-26,11.0,3.36,0.0,,,,,,,LVA Agritone,L,0.42,
3977,ROSEWORTHY_S1.2_P3123_R2,2023,7,26,,,,,,,,,,,,,,,,,,0.025kg/ha+0.42L/ha+0.1L/ha+0.5% wv applied at Z-30 stage (mix = Paradigma + LVE Agritone + Archer + Uptake),roseworthy,herbicide,2023-07-26,11.0,12.25,0.0,,,,,,,Paradigm,kg,0.025,
3978,ROSEWORTHY_S1.2_P3123_R2,2023,7,27,,,,,,,,,,,,,,,,,,100kg/ha topdressing,roseworthy,fertiliser,2023-07-27,8.5,50.0,0.0,,,,,,,Urea,kg,100.0,
3979,ROSEWORTHY_S1.2_P3123_R2,2023,9,5,,,,,,,,,,,,,,,,,,1L/ha applied at Flag leave stage - all cereal crops (single),roseworthy,fungicide,2023-09-05,11.0,14.5,0.0,,,,,,,TazerXpert,L,1.0,
3980,ROSEWORTHY_S1.2_P3123_R2,2023,9,22,,,,,,,,,,,,,,,,,,"0.03L/ha applied post-flowering/maturity - whole site (Protect the pods target pulse/canola, but went whole site)",roseworthy,pesticide,2023-09-22,11.0,2.8794,0.0,,,,,,,Trojan,L,0.03,insects
3981,ROSEWORTHY_S1.2_P3123_R2,2023,11,7,barley,,,,,,,,,,,,,,,,,,roseworthy,termination,2023-11-07,80.0,0.0,1532.018,success,sale,5141.0,,,stubble,,,,
3982,ROSEWORTHY_S1.2_P3123_R2,2023,12,19,,,,,,,,,,,,,,,,,,2L/ha+3L/ha+1% applied as post-harvest - Whole site (mix = 2 L/ha + 3 L/ha AMS 1% water volume / Banjo 1% wv),roseworthy,herbicide,2023-12-19,11.0,24.0,0.0,,,,,,,Crucial,L,2.0,
3983,ROSEWORTHY_S1.2_P3123_R2,2023,12,19,,,,,,,,,,,,,,,,,,2L/ha+3L/ha+1% applied as post-harvest - Whole site (mix = 2 L/ha + 3 L/ha AMS 1% water volume / Banjo 1% wv),roseworthy,herbicide,2023-12-19,11.0,60.0,0.0,,,,,,,Gluphosinate,L,3.0,
3984,ROSEWORTHY_S1.2_P3123_R3,2023,4,15,,,,,,,,,,,,,,,,,,2L/ha applied as Knockdown - Whole site,roseworthy,herbicide,2023-04-15,11.0,24.0,0.0,,,,,,,Crucial,L,2.0,
3985,ROSEWORTHY_S1.2_P3123_R3,2023,5,10,,,,,,,,,,,,,,,,,,2L/ha applied as Knockdown - Whole site,roseworthy,herbicide,2023-05-10,11.0,9.9,0.0,,,,,,,Paraquat,L,2.0,
3986,ROSEWORTHY_S1.2_P3123_R3,2023,5,15,,,,,,,,,,,,,,,,,,1.5kg/ha applied pre-sowing,roseworthy,pesticide,2023-05-15,11.0,112.5,0.0,,,,,,,MouseOff,kg,1.5,mice
3987,ROSEWORTHY_S1.2_P3123_R3,2023,5,23,,,,,,,,,,,,,,,,,,1.25L/ha applied pre-sowing,roseworthy,herbicide,2023-05-23,11.0,12.5,0.0,,,,,,,Overwatch,L,1.25,
3988,ROSEWORTHY_S1.2_P3123_R3,2023,5,24,,,,,,,,,,,,,,,,,,"110kg/ha applied pre-sowing, banded below seed",roseworthy,fertiliser,2023-05-24,8.5,63.24999999999999,0.0,,,,,,,DAP,kg,110.0,
3989,ROSEWORTHY_S1.2_P3123_R3,2023,5,24,,,,,,,,,,,,,,,,,,1L/ha applied as pre-sowing - Whole site,roseworthy,herbicide,2023-05-24,11.0,13.5,0.0,,,,,,,Chlorpyriphos,L,1.0,
3990,ROSEWORTHY_S1.2_P3123_R3,2023,5,24,,,,,,,,,,,,,,,,,,2L/ha applied as pre-sowing - Whole site,roseworthy,herbicide,2023-05-24,11.0,24.0,0.0,,,,,,,Crucial,L,2.0,
3991,ROSEWORTHY_S1.2_P3123_R3,2023,5,24,barley,,,compass,,,True,,,sale,184.0,,,34.0,,,On-time,,roseworthy,sowing,2023-05-24,50.0,0.0,0.0,,,,,,,,,,
3992,ROSEWORTHY_S1.2_P3123_R3,2023,6,1,,,,,,,,,,,,,,,,,,0.05L/ha applied before establishment - whole site,roseworthy,pesticide,2023-06-01,11.0,6.75,0.0,,,,,,,Albatross,L,0.05,insects
3993,ROSEWORTHY_S1.2_P3123_R3,2023,6,2,,,,,,,,,,,,,,,,,,1.5kg/ha applied before estableshment,roseworthy,pesticide,2023-06-02,11.0,112.5,0.0,,,,,,,MouseOff,kg,1.5,mice
3994,ROSEWORTHY_S1.2_P3123_R3,2023,7,24,,,,,,,,,,,,,,,,,,1.5kg/ha applied at early growth development,roseworthy,pesticide,2023-07-24,11.0,112.5,0.0,,,,,,,MouseOff,kg,1.5,mice
3995,ROSEWORTHY_S1.2_P3123_R3,2023,7,25,,,,,,,,,,,,,,,,,,0.3L/ha applied at Z-30 stage (cereal) / pre-canopy close (pulse) - whole site,roseworthy,fungicide,2023-07-25,11.0,16.349999999999998,0.0,,,,,,,Aviator Xpro,L,0.3,
3996,ROSEWORTHY_S1.2_P3123_R3,2023,7,26,,,,,,,,,,,,,,,,,,0.025kg/ha+0.42L/ha+0.1L/ha+0.5% wv applied at Z-30 stage (mix = Paradigma + LVE Agritone + Archer + Uptake),roseworthy,herbicide,2023-07-26,11.0,1.4500000000000002,0.0,,,,,,,Archer,L,0.1,
3997,ROSEWORTHY_S1.2_P3123_R3,2023,7,26,,,,,,,,,,,,,,,,,,0.025kg/ha+0.42L/ha+0.1L/ha+0.5% wv applied at Z-30 stage (mix = Paradigma + LVE Agritone + Archer + Uptake),roseworthy,herbicide,2023-07-26,11.0,3.36,0.0,,,,,,,LVA Agritone,L,0.42,
3998,ROSEWORTHY_S1.2_P3123_R3,2023,7,26,,,,,,,,,,,,,,,,,,0.025kg/ha+0.42L/ha+0.1L/ha+0.5% wv applied at Z-30 stage (mix = Paradigma + LVE Agritone + Archer + Uptake),roseworthy,herbicide,2023-07-26,11.0,12.25,0.0,,,,,,,Paradigm,kg,0.025,
3999,ROSEWORTHY_S1.2_P3123_R3,2023,7,27,,,,,,,,,,,,,,,,,,100kg/ha topdressing,roseworthy,fertiliser,2023-07-27,8.5,50.0,0.0,,,,,,,Urea,kg,100.0,
4000,ROSEWORTHY_S1.2_P3123_R3,2023,9,5,,,,,,,,,,,,,,,,,,1L/ha applied at Flag leave stage - all cereal crops (single),roseworthy,fungicide,2023-09-05,11.0,14.5,0.0,,,,,,,TazerXpert,L,1.0,
4001,ROSEWORTHY_S1.2_P3123_R3,2023,9,22,,,,,,,,,,,,,,,,,,"0.03L/ha applied post-flowering/maturity - whole site (Protect the pods target pulse/canola, but went whole site)",roseworthy,pesticide,2023-09-22,11.0,2.8794,0.0,,,,,,,Trojan,L,0.03,insects
4002,ROSEWORTHY_S1.2_P3123_R3,2023,11,7,barley,,,,,,,,,,,,,,,,,,roseworthy,termination,2023-11-07,80.0,0.0,1564.5,success,sale,5250.0,,,stubble,,,,
4003,ROSEWORTHY_S1.2_P3123_R3,2023,12,19,,,,,,,,,,,,,,,,,,2L/ha+3L/ha+1% applied as post-harvest - Whole site (mix = 2 L/ha + 3 L/ha AMS 1% water volume / Banjo 1% wv),roseworthy,herbicide,2023-12-19,11.0,24.0,0.0,,,,,,,Crucial,L,2.0,
4004,ROSEWORTHY_S1.2_P3123_R3,2023,12,19,,,,,,,,,,,,,,,,,,2L/ha+3L/ha+1% applied as post-harvest - Whole site (mix = 2 L/ha + 3 L/ha AMS 1% water volume / Banjo 1% wv),roseworthy,herbicide,2023-12-19,11.0,60.0,0.0,,,,,,,Gluphosinate,L,3.0,
4005,ROSEWORTHY_S2_P1212_R1,2023,4,15,,,,,,,,,,,,,,,,,,2L/ha applied as Knockdown - Whole site,roseworthy,herbicide,2023-04-15,11.0,24.0,0.0,,,,,,,Crucial,L,2.0,
4006,ROSEWORTHY_S2_P1212_R1,2023,5,10,,,,,,,,,,,,,,,,,,2L/ha applied as Knockdown - Whole site,roseworthy,herbicide,2023-05-10,11.0,9.9,0.0,,,,,,,Paraquat,L,2.0,
4007,ROSEWORTHY_S2_P1212_R1,2023,5,15,,,,,,,,,,,,,,,,,,1.5kg/ha applied pre-sowing,roseworthy,pesticide,2023-05-15,11.0,112.5,0.0,,,,,,,MouseOff,kg,1.5,mice
4008,ROSEWORTHY_S2_P1212_R1,2023,5,23,,,,,,,,,,,,,,,,,,1.1kg/ha applied pre-sowing,roseworthy,herbicide,2023-05-23,11.0,27.500000000000004,0.0,,,,,,,Edge 900DF,kg,1.1,
4009,ROSEWORTHY_S2_P1212_R1,2023,5,24,,,,,,,,,,,,,,,,,,"110kg/ha applied pre-sowing, banded below seed",roseworthy,fertiliser,2023-05-24,8.5,63.24999999999999,0.0,,,,,,,DAP,kg,110.0,
4010,ROSEWORTHY_S2_P1212_R1,2023,5,24,,,,,,,,,,,,,,,,,,1L/ha applied as pre-sowing - Whole site,roseworthy,herbicide,2023-05-24,11.0,13.5,0.0,,,,,,,Chlorpyriphos,L,1.0,
4011,ROSEWORTHY_S2_P1212_R1,2023,5,24,,,,,,,,,,,,,,,,,,2L/ha applied as pre-sowing - Whole site,roseworthy,herbicide,2023-05-24,11.0,24.0,0.0,,,,,,,Crucial,L,2.0,
4012,ROSEWORTHY_S2_P1212_R1,2023,5,24,lentil,,,hurricane xt,,,True,,,sale,120.0,,,30.0,,,On-time,,roseworthy,sowing,2023-05-24,50.0,0.0,0.0,,,,,,,,,,
4013,ROSEWORTHY_S2_P1212_R1,2023,6,1,,,,,,,,,,,,,,,,,,0.05L/ha applied before establishment - whole site,roseworthy,pesticide,2023-06-01,11.0,6.75,0.0,,,,,,,Albatross,L,0.05,insects
4014,ROSEWORTHY_S2_P1212_R1,2023,6,2,,,,,,,,,,,,,,,,,,1.5kg/ha applied before estableshment,roseworthy,pesticide,2023-06-02,11.0,112.5,0.0,,,,,,,MouseOff,kg,1.5,mice
4015,ROSEWORTHY_S2_P1212_R1,2023,7,11,,,,,,,,,,,,,,,,,,0.5L/ha+1%wv applied at ~4-5 nodes (mix = Grasidim + Hasten),roseworthy,herbicide,2023-07-11,11.0,15.0,0.0,,,,,,,Grasidim,L,0.5,
4016,ROSEWORTHY_S2_P1212_R1,2023,7,24,,,,,,,,,,,,,,,,,,1.5kg/ha applied at early growth development,roseworthy,pesticide,2023-07-24,11.0,112.5,0.0,,,,,,,MouseOff,kg,1.5,mice
4017,ROSEWORTHY_S2_P1212_R1,2023,7,25,,,,,,,,,,,,,,,,,,0.3L/ha applied at Z-30 stage (cereal) / pre-canopy close (pulse) - whole site,roseworthy,fungicide,2023-07-25,11.0,16.349999999999998,0.0,,,,,,,Aviator Xpro,L,0.3,
4018,ROSEWORTHY_S2_P1212_R1,2023,7,26,,,,,,,,,,,,,,,,,,0.75L/ha+0.5wv applied at pre-canopy close for pulse (mix = Intercept + Hasten),roseworthy,herbicide,2023-07-26,11.0,206.25,0.0,,,,,,,Intercept ,L,0.75,
4019,ROSEWORTHY_S2_P1212_R1,2023,9,5,,,,,,,,,,,,,,,,,,1.6kg/ha applied at Flowering stage - pulse and intercrop plots,roseworthy,fungicide,2023-09-05,11.0,40.0,0.0,,,,,,,Echo900 ,kg,1.6,
4020,ROSEWORTHY_S2_P1212_R1,2023,9,22,,,,,,,,,,,,,,,,,,"0.03L/ha applied post-flowering/maturity - whole site (Protect the pods target pulse/canola, but went whole site)",roseworthy,pesticide,2023-09-22,11.0,2.8794,0.0,,,,,,,Trojan,L,0.03,insects
4021,ROSEWORTHY_S2_P1212_R1,2023,11,7,lentil,,,,,,,,,,,,,,,,,,roseworthy,termination,2023-11-07,80.0,0.0,1319.5,success,sale,2030.0,,,stubble,,,,
4022,ROSEWORTHY_S2_P1212_R1,2023,12,19,,,,,,,,,,,,,,,,,,2L/ha+3L/ha+1% applied as post-harvest - Whole site (mix = 2 L/ha + 3 L/ha AMS 1% water volume / Banjo 1% wv),roseworthy,herbicide,2023-12-19,11.0,24.0,0.0,,,,,,,Crucial,L,2.0,
4023,ROSEWORTHY_S2_P1212_R1,2023,12,19,,,,,,,,,,,,,,,,,,2L/ha+3L/ha+1% applied as post-harvest - Whole site (mix = 2 L/ha + 3 L/ha AMS 1% water volume / Banjo 1% wv),roseworthy,herbicide,2023-12-19,11.0,60.0,0.0,,,,,,,Gluphosinate,L,3.0,
4024,ROSEWORTHY_S2_P1212_R2,2023,4,15,,,,,,,,,,,,,,,,,,2L/ha applied as Knockdown - Whole site,roseworthy,herbicide,2023-04-15,11.0,24.0,0.0,,,,,,,Crucial,L,2.0,
4025,ROSEWORTHY_S2_P1212_R2,2023,5,10,,,,,,,,,,,,,,,,,,2L/ha applied as Knockdown - Whole site,roseworthy,herbicide,2023-05-10,11.0,9.9,0.0,,,,,,,Paraquat,L,2.0,
4026,ROSEWORTHY_S2_P1212_R2,2023,5,15,,,,,,,,,,,,,,,,,,1.5kg/ha applied pre-sowing,roseworthy,pesticide,2023-05-15,11.0,112.5,0.0,,,,,,,MouseOff,kg,1.5,mice
4027,ROSEWORTHY_S2_P1212_R2,2023,5,23,,,,,,,,,,,,,,,,,,1.1kg/ha applied pre-sowing,roseworthy,herbicide,2023-05-23,11.0,27.500000000000004,0.0,,,,,,,Edge 900DF,kg,1.1,
4028,ROSEWORTHY_S2_P1212_R2,2023,5,24,,,,,,,,,,,,,,,,,,"110kg/ha applied pre-sowing, banded below seed",roseworthy,fertiliser,2023-05-24,8.5,63.24999999999999,0.0,,,,,,,DAP,kg,110.0,
4029,ROSEWORTHY_S2_P1212_R2,2023,5,24,,,,,,,,,,,,,,,,,,1L/ha applied as pre-sowing - Whole site,roseworthy,herbicide,2023-05-24,11.0,13.5,0.0,,,,,,,Chlorpyriphos,L,1.0,
4030,ROSEWORTHY_S2_P1212_R2,2023,5,24,,,,,,,,,,,,,,,,,,2L/ha applied as pre-sowing - Whole site,roseworthy,herbicide,2023-05-24,11.0,24.0,0.0,,,,,,,Crucial,L,2.0,
4031,ROSEWORTHY_S2_P1212_R2,2023,5,24,lentil,,,hurricane xt,,,True,,,sale,123.0,,,33.0,,,On-time,,roseworthy,sowing,2023-05-24,50.0,0.0,0.0,,,,,,,,,,
4032,ROSEWORTHY_S2_P1212_R2,2023,6,1,,,,,,,,,,,,,,,,,,0.05L/ha applied before establishment - whole site,roseworthy,pesticide,2023-06-01,11.0,6.75,0.0,,,,,,,Albatross,L,0.05,insects
4033,ROSEWORTHY_S2_P1212_R2,2023,6,2,,,,,,,,,,,,,,,,,,1.5kg/ha applied before estableshment,roseworthy,pesticide,2023-06-02,11.0,112.5,0.0,,,,,,,MouseOff,kg,1.5,mice
4034,ROSEWORTHY_S2_P1212_R2,2023,7,11,,,,,,,,,,,,,,,,,,0.5L/ha+1%wv applied at ~4-5 nodes (mix = Grasidim + Hasten),roseworthy,herbicide,2023-07-11,11.0,15.0,0.0,,,,,,,Grasidim,L,0.5,
4035,ROSEWORTHY_S2_P1212_R2,2023,7,24,,,,,,,,,,,,,,,,,,1.5kg/ha applied at early growth development,roseworthy,pesticide,2023-07-24,11.0,112.5,0.0,,,,,,,MouseOff,kg,1.5,mice
4036,ROSEWORTHY_S2_P1212_R2,2023,7,25,,,,,,,,,,,,,,,,,,0.3L/ha applied at Z-30 stage (cereal) / pre-canopy close (pulse) - whole site,roseworthy,fungicide,2023-07-25,11.0,16.349999999999998,0.0,,,,,,,Aviator Xpro,L,0.3,
4037,ROSEWORTHY_S2_P1212_R2,2023,7,26,,,,,,,,,,,,,,,,,,0.75L/ha+0.5wv applied at pre-canopy close for pulse (mix = Intercept + Hasten),roseworthy,herbicide,2023-07-26,11.0,206.25,0.0,,,,,,,Intercept ,L,0.75,
4038,ROSEWORTHY_S2_P1212_R2,2023,9,5,,,,,,,,,,,,,,,,,,1.6kg/ha applied at Flowering stage - pulse and intercrop plots,roseworthy,fungicide,2023-09-05,11.0,40.0,0.0,,,,,,,Echo900 ,kg,1.6,
4039,ROSEWORTHY_S2_P1212_R2,2023,9,22,,,,,,,,,,,,,,,,,,"0.03L/ha applied post-flowering/maturity - whole site (Protect the pods target pulse/canola, but went whole site)",roseworthy,pesticide,2023-09-22,11.0,2.8794,0.0,,,,,,,Trojan,L,0.03,insects
4040,ROSEWORTHY_S2_P1212_R2,2023,11,7,lentil,,,,,,,,,,,,,,,,,,roseworthy,termination,2023-11-07,80.0,0.0,949.0,success,sale,1460.0,,,stubble,,,,
4041,ROSEWORTHY_S2_P1212_R2,2023,12,19,,,,,,,,,,,,,,,,,,2L/ha+3L/ha+1% applied as post-harvest - Whole site (mix = 2 L/ha + 3 L/ha AMS 1% water volume / Banjo 1% wv),roseworthy,herbicide,2023-12-19,11.0,24.0,0.0,,,,,,,Crucial,L,2.0,
4042,ROSEWORTHY_S2_P1212_R2,2023,12,19,,,,,,,,,,,,,,,,,,2L/ha+3L/ha+1% applied as post-harvest - Whole site (mix = 2 L/ha + 3 L/ha AMS 1% water volume / Banjo 1% wv),roseworthy,herbicide,2023-12-19,11.0,60.0,0.0,,,,,,,Gluphosinate,L,3.0,
4043,ROSEWORTHY_S2_P1212_R3,2023,4,15,,,,,,,,,,,,,,,,,,2L/ha applied as Knockdown - Whole site,roseworthy,herbicide,2023-04-15,11.0,24.0,0.0,,,,,,,Crucial,L,2.0,
4044,ROSEWORTHY_S2_P1212_R3,2023,5,10,,,,,,,,,,,,,,,,,,2L/ha applied as Knockdown - Whole site,roseworthy,herbicide,2023-05-10,11.0,9.9,0.0,,,,,,,Paraquat,L,2.0,
4045,ROSEWORTHY_S2_P1212_R3,2023,5,15,,,,,,,,,,,,,,,,,,1.5kg/ha applied pre-sowing,roseworthy,pesticide,2023-05-15,11.0,112.5,0.0,,,,,,,MouseOff,kg,1.5,mice
4046,ROSEWORTHY_S2_P1212_R3,2023,5,23,,,,,,,,,,,,,,,,,,1.1kg/ha applied pre-sowing,roseworthy,herbicide,2023-05-23,11.0,27.500000000000004,0.0,,,,,,,Edge 900DF,kg,1.1,
4047,ROSEWORTHY_S2_P1212_R3,2023,5,24,,,,,,,,,,,,,,,,,,"110kg/ha applied pre-sowing, banded below seed",roseworthy,fertiliser,2023-05-24,8.5,63.24999999999999,0.0,,,,,,,DAP,kg,110.0,
4048,ROSEWORTHY_S2_P1212_R3,2023,5,24,,,,,,,,,,,,,,,,,,1L/ha applied as pre-sowing - Whole site,roseworthy,herbicide,2023-05-24,11.0,13.5,0.0,,,,,,,Chlorpyriphos,L,1.0,
4049,ROSEWORTHY_S2_P1212_R3,2023,5,24,,,,,,,,,,,,,,,,,,2L/ha applied as pre-sowing - Whole site,roseworthy,herbicide,2023-05-24,11.0,24.0,0.0,,,,,,,Crucial,L,2.0,
4050,ROSEWORTHY_S2_P1212_R3,2023,5,24,lentil,,,hurricane xt,,,True,,,sale,127.0,,,37.0,,,On-time,,roseworthy,sowing,2023-05-24,50.0,0.0,0.0,,,,,,,,,,
4051,ROSEWORTHY_S2_P1212_R3,2023,6,1,,,,,,,,,,,,,,,,,,0.05L/ha applied before establishment - whole site,roseworthy,pesticide,2023-06-01,11.0,6.75,0.0,,,,,,,Albatross,L,0.05,insects
4052,ROSEWORTHY_S2_P1212_R3,2023,6,2,,,,,,,,,,,,,,,,,,1.5kg/ha applied before estableshment,roseworthy,pesticide,2023-06-02,11.0,112.5,0.0,,,,,,,MouseOff,kg,1.5,mice
4053,ROSEWORTHY_S2_P1212_R3,2023,7,11,,,,,,,,,,,,,,,,,,0.5L/ha+1%wv applied at ~4-5 nodes (mix = Grasidim + Hasten),roseworthy,herbicide,2023-07-11,11.0,15.0,0.0,,,,,,,Grasidim,L,0.5,
4054,ROSEWORTHY_S2_P1212_R3,2023,7,24,,,,,,,,,,,,,,,,,,1.5kg/ha applied at early growth development,roseworthy,pesticide,2023-07-24,11.0,112.5,0.0,,,,,,,MouseOff,kg,1.5,mice
4055,ROSEWORTHY_S2_P1212_R3,2023,7,25,,,,,,,,,,,,,,,,,,0.3L/ha applied at Z-30 stage (cereal) / pre-canopy close (pulse) - whole site,roseworthy,fungicide,2023-07-25,11.0,16.349999999999998,0.0,,,,,,,Aviator Xpro,L,0.3,
4056,ROSEWORTHY_S2_P1212_R3,2023,7,26,,,,,,,,,,,,,,,,,,0.75L/ha+0.5wv applied at pre-canopy close for pulse (mix = Intercept + Hasten),roseworthy,herbicide,2023-07-26,11.0,206.25,0.0,,,,,,,Intercept ,L,0.75,
4057,ROSEWORTHY_S2_P1212_R3,2023,9,5,,,,,,,,,,,,,,,,,,1.6kg/ha applied at Flowering stage - pulse and intercrop plots,roseworthy,fungicide,2023-09-05,11.0,40.0,0.0,,,,,,,Echo900 ,kg,1.6,
4058,ROSEWORTHY_S2_P1212_R3,2023,9,22,,,,,,,,,,,,,,,,,,"0.03L/ha applied post-flowering/maturity - whole site (Protect the pods target pulse/canola, but went whole site)",roseworthy,pesticide,2023-09-22,11.0,2.8794,0.0,,,,,,,Trojan,L,0.03,insects
4059,ROSEWORTHY_S2_P1212_R3,2023,11,7,lentil,,,,,,,,,,,,,,,,,,roseworthy,termination,2023-11-07,80.0,0.0,1021.8000000000001,success,sale,1572.0,,,stubble,,,,
4060,ROSEWORTHY_S2_P1212_R3,2023,12,19,,,,,,,,,,,,,,,,,,2L/ha+3L/ha+1% applied as post-harvest - Whole site (mix = 2 L/ha + 3 L/ha AMS 1% water volume / Banjo 1% wv),roseworthy,herbicide,2023-12-19,11.0,24.0,0.0,,,,,,,Crucial,L,2.0,
4061,ROSEWORTHY_S2_P1212_R3,2023,12,19,,,,,,,,,,,,,,,,,,2L/ha+3L/ha+1% applied as post-harvest - Whole site (mix = 2 L/ha + 3 L/ha AMS 1% water volume / Banjo 1% wv),roseworthy,herbicide,2023-12-19,11.0,60.0,0.0,,,,,,,Gluphosinate,L,3.0,
4062,ROSEWORTHY_S2_P2121_R1,2023,4,15,,,,,,,,,,,,,,,,,,2L/ha applied as Knockdown - Whole site,roseworthy,herbicide,2023-04-15,11.0,24.0,0.0,,,,,,,Crucial,L,2.0,
4063,ROSEWORTHY_S2_P2121_R1,2023,5,10,,,,,,,,,,,,,,,,,,2L/ha applied as Knockdown - Whole site,roseworthy,herbicide,2023-05-10,11.0,9.9,0.0,,,,,,,Paraquat,L,2.0,
4064,ROSEWORTHY_S2_P2121_R1,2023,5,15,,,,,,,,,,,,,,,,,,1.5kg/ha applied pre-sowing,roseworthy,pesticide,2023-05-15,11.0,112.5,0.0,,,,,,,MouseOff,kg,1.5,mice
4065,ROSEWORTHY_S2_P2121_R1,2023,5,23,,,,,,,,,,,,,,,,,,1.25L/ha applied pre-sowing,roseworthy,herbicide,2023-05-23,11.0,12.5,0.0,,,,,,,Overwatch,L,1.25,
4066,ROSEWORTHY_S2_P2121_R1,2023,5,24,,,,,,,,,,,,,,,,,,"110kg/ha applied pre-sowing, banded below seed",roseworthy,fertiliser,2023-05-24,8.5,63.24999999999999,0.0,,,,,,,DAP,kg,110.0,
4067,ROSEWORTHY_S2_P2121_R1,2023,5,24,,,,,,,,,,,,,,,,,,1L/ha applied as pre-sowing - Whole site,roseworthy,herbicide,2023-05-24,11.0,13.5,0.0,,,,,,,Chlorpyriphos,L,1.0,
4068,ROSEWORTHY_S2_P2121_R1,2023,5,24,,,,,,,,,,,,,,,,,,2L/ha applied as pre-sowing - Whole site,roseworthy,herbicide,2023-05-24,11.0,24.0,0.0,,,,,,,Crucial,L,2.0,
4069,ROSEWORTHY_S2_P2121_R1,2023,5,24,durum,,,bittali,,,True,,,sale,202.0,,,32.0,,,On-time,,roseworthy,sowing,2023-05-24,50.0,0.0,0.0,,,,,,,,,,
4070,ROSEWORTHY_S2_P2121_R1,2023,6,1,,,,,,,,,,,,,,,,,,0.05L/ha applied before establishment - whole site,roseworthy,pesticide,2023-06-01,11.0,6.75,0.0,,,,,,,Albatross,L,0.05,insects
4071,ROSEWORTHY_S2_P2121_R1,2023,6,2,,,,,,,,,,,,,,,,,,1.5kg/ha applied before estableshment,roseworthy,pesticide,2023-06-02,11.0,112.5,0.0,,,,,,,MouseOff,kg,1.5,mice
4072,ROSEWORTHY_S2_P2121_R1,2023,7,24,,,,,,,,,,,,,,,,,,1.5kg/ha applied at early growth development,roseworthy,pesticide,2023-07-24,11.0,112.5,0.0,,,,,,,MouseOff,kg,1.5,mice
4073,ROSEWORTHY_S2_P2121_R1,2023,7,25,,,,,,,,,,,,,,,,,,0.3L/ha applied at Z-30 stage (cereal) / pre-canopy close (pulse) - whole site,roseworthy,fungicide,2023-07-25,11.0,16.349999999999998,0.0,,,,,,,Aviator Xpro,L,0.3,
4074,ROSEWORTHY_S2_P2121_R1,2023,7,26,,,,,,,,,,,,,,,,,,0.025kg/ha+0.42L/ha+0.1L/ha+0.5% wv applied at Z-30 stage (mix = Paradigma + LVE Agritone + Archer + Uptake),roseworthy,herbicide,2023-07-26,11.0,1.4500000000000002,0.0,,,,,,,Archer,L,0.1,
4075,ROSEWORTHY_S2_P2121_R1,2023,7,26,,,,,,,,,,,,,,,,,,0.025kg/ha+0.42L/ha+0.1L/ha+0.5% wv applied at Z-30 stage (mix = Paradigma + LVE Agritone + Archer + Uptake),roseworthy,herbicide,2023-07-26,11.0,3.36,0.0,,,,,,,LVA Agritone,L,0.42,
4076,ROSEWORTHY_S2_P2121_R1,2023,7,26,,,,,,,,,,,,,,,,,,0.025kg/ha+0.42L/ha+0.1L/ha+0.5% wv applied at Z-30 stage (mix = Paradigma + LVE Agritone + Archer + Uptake),roseworthy,herbicide,2023-07-26,11.0,12.25,0.0,,,,,,,Paradigm,kg,0.025,
4077,ROSEWORTHY_S2_P2121_R1,2023,7,27,,,,,,,,,,,,,,,,,,100kg/ha topdressing,roseworthy,fertiliser,2023-07-27,8.5,50.0,0.0,,,,,,,Urea,kg,100.0,
4078,ROSEWORTHY_S2_P2121_R1,2023,9,5,,,,,,,,,,,,,,,,,,1L/ha applied at Flag leave stage - all cereal crops (single),roseworthy,fungicide,2023-09-05,11.0,14.5,0.0,,,,,,,TazerXpert,L,1.0,
4079,ROSEWORTHY_S2_P2121_R1,2023,9,22,,,,,,,,,,,,,,,,,,"0.03L/ha applied post-flowering/maturity - whole site (Protect the pods target pulse/canola, but went whole site)",roseworthy,pesticide,2023-09-22,11.0,2.8794,0.0,,,,,,,Trojan,L,0.03,insects
4080,ROSEWORTHY_S2_P2121_R1,2023,11,7,durum,,,,,,,,,,,,,,,,,,roseworthy,termination,2023-11-07,80.0,0.0,1452.632,success,sale,3394.0,,,stubble,,,,
4081,ROSEWORTHY_S2_P2121_R1,2023,12,19,,,,,,,,,,,,,,,,,,2L/ha+3L/ha+1% applied as post-harvest - Whole site (mix = 2 L/ha + 3 L/ha AMS 1% water volume / Banjo 1% wv),roseworthy,herbicide,2023-12-19,11.0,24.0,0.0,,,,,,,Crucial,L,2.0,
4082,ROSEWORTHY_S2_P2121_R1,2023,12,19,,,,,,,,,,,,,,,,,,2L/ha+3L/ha+1% applied as post-harvest - Whole site (mix = 2 L/ha + 3 L/ha AMS 1% water volume / Banjo 1% wv),roseworthy,herbicide,2023-12-19,11.0,60.0,0.0,,,,,,,Gluphosinate,L,3.0,
4083,ROSEWORTHY_S2_P2121_R2,2023,4,15,,,,,,,,,,,,,,,,,,2L/ha applied as Knockdown - Whole site,roseworthy,herbicide,2023-04-15,11.0,24.0,0.0,,,,,,,Crucial,L,2.0,
4084,ROSEWORTHY_S2_P2121_R2,2023,5,10,,,,,,,,,,,,,,,,,,2L/ha applied as Knockdown - Whole site,roseworthy,herbicide,2023-05-10,11.0,9.9,0.0,,,,,,,Paraquat,L,2.0,
4085,ROSEWORTHY_S2_P2121_R2,2023,5,15,,,,,,,,,,,,,,,,,,1.5kg/ha applied pre-sowing,roseworthy,pesticide,2023-05-15,11.0,112.5,0.0,,,,,,,MouseOff,kg,1.5,mice
4086,ROSEWORTHY_S2_P2121_R2,2023,5,23,,,,,,,,,,,,,,,,,,1.25L/ha applied pre-sowing,roseworthy,herbicide,2023-05-23,11.0,12.5,0.0,,,,,,,Overwatch,L,1.25,
4087,ROSEWORTHY_S2_P2121_R2,2023,5,24,,,,,,,,,,,,,,,,,,"110kg/ha applied pre-sowing, banded below seed",roseworthy,fertiliser,2023-05-24,8.5,63.24999999999999,0.0,,,,,,,DAP,kg,110.0,
4088,ROSEWORTHY_S2_P2121_R2,2023,5,24,,,,,,,,,,,,,,,,,,1L/ha applied as pre-sowing - Whole site,roseworthy,herbicide,2023-05-24,11.0,13.5,0.0,,,,,,,Chlorpyriphos,L,1.0,
4089,ROSEWORTHY_S2_P2121_R2,2023,5,24,,,,,,,,,,,,,,,,,,2L/ha applied as pre-sowing - Whole site,roseworthy,herbicide,2023-05-24,11.0,24.0,0.0,,,,,,,Crucial,L,2.0,
4090,ROSEWORTHY_S2_P2121_R2,2023,5,24,durum,,,bittali,,,True,,,sale,203.0,,,33.0,,,On-time,,roseworthy,sowing,2023-05-24,50.0,0.0,0.0,,,,,,,,,,
4091,ROSEWORTHY_S2_P2121_R2,2023,6,1,,,,,,,,,,,,,,,,,,0.05L/ha applied before establishment - whole site,roseworthy,pesticide,2023-06-01,11.0,6.75,0.0,,,,,,,Albatross,L,0.05,insects
4092,ROSEWORTHY_S2_P2121_R2,2023,6,2,,,,,,,,,,,,,,,,,,1.5kg/ha applied before estableshment,roseworthy,pesticide,2023-06-02,11.0,112.5,0.0,,,,,,,MouseOff,kg,1.5,mice
4093,ROSEWORTHY_S2_P2121_R2,2023,7,24,,,,,,,,,,,,,,,,,,1.5kg/ha applied at early growth development,roseworthy,pesticide,2023-07-24,11.0,112.5,0.0,,,,,,,MouseOff,kg,1.5,mice
4094,ROSEWORTHY_S2_P2121_R2,2023,7,25,,,,,,,,,,,,,,,,,,0.3L/ha applied at Z-30 stage (cereal) / pre-canopy close (pulse) - whole site,roseworthy,fungicide,2023-07-25,11.0,16.349999999999998,0.0,,,,,,,Aviator Xpro,L,0.3,
4095,ROSEWORTHY_S2_P2121_R2,2023,7,26,,,,,,,,,,,,,,,,,,0.025kg/ha+0.42L/ha+0.1L/ha+0.5% wv applied at Z-30 stage (mix = Paradigma + LVE Agritone + Archer + Uptake),roseworthy,herbicide,2023-07-26,11.0,1.4500000000000002,0.0,,,,,,,Archer,L,0.1,
4096,ROSEWORTHY_S2_P2121_R2,2023,7,26,,,,,,,,,,,,,,,,,,0.025kg/ha+0.42L/ha+0.1L/ha+0.5% wv applied at Z-30 stage (mix = Paradigma + LVE Agritone + Archer + Uptake),roseworthy,herbicide,2023-07-26,11.0,3.36,0.0,,,,,,,LVA Agritone,L,0.42,
4097,ROSEWORTHY_S2_P2121_R2,2023,7,26,,,,,,,,,,,,,,,,,,0.025kg/ha+0.42L/ha+0.1L/ha+0.5% wv applied at Z-30 stage (mix = Paradigma + LVE Agritone + Archer + Uptake),roseworthy,herbicide,2023-07-26,11.0,12.25,0.0,,,,,,,Paradigm,kg,0.025,
4098,ROSEWORTHY_S2_P2121_R2,2023,7,27,,,,,,,,,,,,,,,,,,100kg/ha topdressing,roseworthy,fertiliser,2023-07-27,8.5,50.0,0.0,,,,,,,Urea,kg,100.0,
4099,ROSEWORTHY_S2_P2121_R2,2023,9,5,,,,,,,,,,,,,,,,,,1L/ha applied at Flag leave stage - all cereal crops (single),roseworthy,fungicide,2023-09-05,11.0,14.5,0.0,,,,,,,TazerXpert,L,1.0,
4100,ROSEWORTHY_S2_P2121_R2,2023,9,22,,,,,,,,,,,,,,,,,,"0.03L/ha applied post-flowering/maturity - whole site (Protect the pods target pulse/canola, but went whole site)",roseworthy,pesticide,2023-09-22,11.0,2.8794,0.0,,,,,,,Trojan,L,0.03,insects
4101,ROSEWORTHY_S2_P2121_R2,2023,11,7,durum,,,,,,,,,,,,,,,,,,roseworthy,termination,2023-11-07,80.0,0.0,1550.216,success,sale,3622.0,,,stubble,,,,
4102,ROSEWORTHY_S2_P2121_R2,2023,12,19,,,,,,,,,,,,,,,,,,2L/ha+3L/ha+1% applied as post-harvest - Whole site (mix = 2 L/ha + 3 L/ha AMS 1% water volume / Banjo 1% wv),roseworthy,herbicide,2023-12-19,11.0,24.0,0.0,,,,,,,Crucial,L,2.0,
4103,ROSEWORTHY_S2_P2121_R2,2023,12,19,,,,,,,,,,,,,,,,,,2L/ha+3L/ha+1% applied as post-harvest - Whole site (mix = 2 L/ha + 3 L/ha AMS 1% water volume / Banjo 1% wv),roseworthy,herbicide,2023-12-19,11.0,60.0,0.0,,,,,,,Gluphosinate,L,3.0,
4104,ROSEWORTHY_S2_P2121_R3,2023,4,15,,,,,,,,,,,,,,,,,,2L/ha applied as Knockdown - Whole site,roseworthy,herbicide,2023-04-15,11.0,24.0,0.0,,,,,,,Crucial,L,2.0,
4105,ROSEWORTHY_S2_P2121_R3,2023,5,10,,,,,,,,,,,,,,,,,,2L/ha applied as Knockdown - Whole site,roseworthy,herbicide,2023-05-10,11.0,9.9,0.0,,,,,,,Paraquat,L,2.0,
4106,ROSEWORTHY_S2_P2121_R3,2023,5,15,,,,,,,,,,,,,,,,,,1.5kg/ha applied pre-sowing,roseworthy,pesticide,2023-05-15,11.0,112.5,0.0,,,,,,,MouseOff,kg,1.5,mice
4107,ROSEWORTHY_S2_P2121_R3,2023,5,23,,,,,,,,,,,,,,,,,,1.25L/ha applied pre-sowing,roseworthy,herbicide,2023-05-23,11.0,12.5,0.0,,,,,,,Overwatch,L,1.25,
4108,ROSEWORTHY_S2_P2121_R3,2023,5,24,,,,,,,,,,,,,,,,,,"110kg/ha applied pre-sowing, banded below seed",roseworthy,fertiliser,2023-05-24,8.5,63.24999999999999,0.0,,,,,,,DAP,kg,110.0,
4109,ROSEWORTHY_S2_P2121_R3,2023,5,24,,,,,,,,,,,,,,,,,,1L/ha applied as pre-sowing - Whole site,roseworthy,herbicide,2023-05-24,11.0,13.5,0.0,,,,,,,Chlorpyriphos,L,1.0,
4110,ROSEWORTHY_S2_P2121_R3,2023,5,24,,,,,,,,,,,,,,,,,,2L/ha applied as pre-sowing - Whole site,roseworthy,herbicide,2023-05-24,11.0,24.0,0.0,,,,,,,Crucial,L,2.0,
4111,ROSEWORTHY_S2_P2121_R3,2023,5,24,durum,,,bittali,,,True,,,sale,208.0,,,38.0,,,On-time,,roseworthy,sowing,2023-05-24,50.0,0.0,0.0,,,,,,,,,,
4112,ROSEWORTHY_S2_P2121_R3,2023,6,1,,,,,,,,,,,,,,,,,,0.05L/ha applied before establishment - whole site,roseworthy,pesticide,2023-06-01,11.0,6.75,0.0,,,,,,,Albatross,L,0.05,insects
4113,ROSEWORTHY_S2_P2121_R3,2023,6,2,,,,,,,,,,,,,,,,,,1.5kg/ha applied before estableshment,roseworthy,pesticide,2023-06-02,11.0,112.5,0.0,,,,,,,MouseOff,kg,1.5,mice
4114,ROSEWORTHY_S2_P2121_R3,2023,7,24,,,,,,,,,,,,,,,,,,1.5kg/ha applied at early growth development,roseworthy,pesticide,2023-07-24,11.0,112.5,0.0,,,,,,,MouseOff,kg,1.5,mice
4115,ROSEWORTHY_S2_P2121_R3,2023,7,25,,,,,,,,,,,,,,,,,,0.3L/ha applied at Z-30 stage (cereal) / pre-canopy close (pulse) - whole site,roseworthy,fungicide,2023-07-25,11.0,16.349999999999998,0.0,,,,,,,Aviator Xpro,L,0.3,
4116,ROSEWORTHY_S2_P2121_R3,2023,7,26,,,,,,,,,,,,,,,,,,0.025kg/ha+0.42L/ha+0.1L/ha+0.5% wv applied at Z-30 stage (mix = Paradigma + LVE Agritone + Archer + Uptake),roseworthy,herbicide,2023-07-26,11.0,1.4500000000000002,0.0,,,,,,,Archer,L,0.1,
4117,ROSEWORTHY_S2_P2121_R3,2023,7,26,,,,,,,,,,,,,,,,,,0.025kg/ha+0.42L/ha+0.1L/ha+0.5% wv applied at Z-30 stage (mix = Paradigma + LVE Agritone + Archer + Uptake),roseworthy,herbicide,2023-07-26,11.0,3.36,0.0,,,,,,,LVA Agritone,L,0.42,
4118,ROSEWORTHY_S2_P2121_R3,2023,7,26,,,,,,,,,,,,,,,,,,0.025kg/ha+0.42L/ha+0.1L/ha+0.5% wv applied at Z-30 stage (mix = Paradigma + LVE Agritone + Archer + Uptake),roseworthy,herbicide,2023-07-26,11.0,12.25,0.0,,,,,,,Paradigm,kg,0.025,
4119,ROSEWORTHY_S2_P2121_R3,2023,7,27,,,,,,,,,,,,,,,,,,100kg/ha topdressing,roseworthy,fertiliser,2023-07-27,8.5,50.0,0.0,,,,,,,Urea,kg,100.0,
4120,ROSEWORTHY_S2_P2121_R3,2023,9,5,,,,,,,,,,,,,,,,,,1L/ha applied at Flag leave stage - all cereal crops (single),roseworthy,fungicide,2023-09-05,11.0,14.5,0.0,,,,,,,TazerXpert,L,1.0,
4121,ROSEWORTHY_S2_P2121_R3,2023,9,22,,,,,,,,,,,,,,,,,,"0.03L/ha applied post-flowering/maturity - whole site (Protect the pods target pulse/canola, but went whole site)",roseworthy,pesticide,2023-09-22,11.0,2.8794,0.0,,,,,,,Trojan,L,0.03,insects
4122,ROSEWORTHY_S2_P2121_R3,2023,11,7,durum,,,,,,,,,,,,,,,,,,roseworthy,termination,2023-11-07,80.0,0.0,1078.132,success,sale,2519.0,,,stubble,,,,
4123,ROSEWORTHY_S2_P2121_R3,2023,12,19,,,,,,,,,,,,,,,,,,2L/ha+3L/ha+1% applied as post-harvest - Whole site (mix = 2 L/ha + 3 L/ha AMS 1% water volume / Banjo 1% wv),roseworthy,herbicide,2023-12-19,11.0,24.0,0.0,,,,,,,Crucial,L,2.0,
4124,ROSEWORTHY_S2_P2121_R3,2023,12,19,,,,,,,,,,,,,,,,,,2L/ha+3L/ha+1% applied as post-harvest - Whole site (mix = 2 L/ha + 3 L/ha AMS 1% water volume / Banjo 1% wv),roseworthy,herbicide,2023-12-19,11.0,60.0,0.0,,,,,,,Gluphosinate,L,3.0,
4125,ROSEWORTHY_S3_P1212_R1,2023,4,15,,,,,,,,,,,,,,,,,,2L/ha applied as Knockdown - Whole site,roseworthy,herbicide,2023-04-15,11.0,24.0,0.0,,,,,,,Crucial,L,2.0,
4126,ROSEWORTHY_S3_P1212_R1,2023,5,10,,,,,,,,,,,,,,,,,,2L/ha applied as Knockdown - Whole site,roseworthy,herbicide,2023-05-10,11.0,9.9,0.0,,,,,,,Paraquat,L,2.0,
4127,ROSEWORTHY_S3_P1212_R1,2023,5,15,,,,,,,,,,,,,,,,,,1.5kg/ha applied pre-sowing,roseworthy,pesticide,2023-05-15,11.0,112.5,0.0,,,,,,,MouseOff,kg,1.5,mice
4128,ROSEWORTHY_S3_P1212_R1,2023,5,24,,,,,,,,,,,,,,,,,,"110kg/ha applied pre-sowing, banded below seed",roseworthy,fertiliser,2023-05-24,8.5,63.24999999999999,0.0,,,,,,,DAP,kg,110.0,
4129,ROSEWORTHY_S3_P1212_R1,2023,5,24,,,,,,,,,,,,,,,,,,1L/ha applied as pre-sowing - Whole site,roseworthy,herbicide,2023-05-24,11.0,13.5,0.0,,,,,,,Chlorpyriphos,L,1.0,
4130,ROSEWORTHY_S3_P1212_R1,2023,5,24,,,,,,,,,,,,,,,,,,2L/ha applied as pre-sowing - Whole site,roseworthy,herbicide,2023-05-24,11.0,24.0,0.0,,,,,,,Crucial,L,2.0,
4131,ROSEWORTHY_S3_P1212_R1,2023,5,24,vetch,,,timok,,,True,,,soilManagement,120.0,,,30.0,,,On-time,,roseworthy,sowing,2023-05-24,50.0,0.0,0.0,,,,,,,,,,
4132,ROSEWORTHY_S3_P1212_R1,2023,6,1,,,,,,,,,,,,,,,,,,0.05L/ha applied before establishment - whole site,roseworthy,pesticide,2023-06-01,11.0,6.75,0.0,,,,,,,Albatross,L,0.05,insects
4133,ROSEWORTHY_S3_P1212_R1,2023,6,2,,,,,,,,,,,,,,,,,,1.5kg/ha applied before estableshment,roseworthy,pesticide,2023-06-02,11.0,112.5,0.0,,,,,,,MouseOff,kg,1.5,mice
4134,ROSEWORTHY_S3_P1212_R1,2023,7,11,,,,,,,,,,,,,,,,,,0.5L/ha+1%wv applied at ~5 nodes (mix = Grasidim + Hasten),roseworthy,herbicide,2023-07-11,11.0,15.0,0.0,,,,,,,Grasidim,L,0.5,
4135,ROSEWORTHY_S3_P1212_R1,2023,7,24,,,,,,,,,,,,,,,,,,1.5kg/ha applied at early growth development,roseworthy,pesticide,2023-07-24,11.0,112.5,0.0,,,,,,,MouseOff,kg,1.5,mice
4136,ROSEWORTHY_S3_P1212_R1,2023,7,25,,,,,,,,,,,,,,,,,,0.3L/ha applied at Z-30 stage (cereal) / pre-canopy close (pulse) - whole site,roseworthy,fungicide,2023-07-25,11.0,16.349999999999998,0.0,,,,,,,Aviator Xpro,L,0.3,
4137,ROSEWORTHY_S3_P1212_R1,2023,9,5,,,,,,,,,,,,,,,,,,1.6kg/ha applied at Flowering stage - pulse and intercrop plots,roseworthy,fungicide,2023-09-05,11.0,40.0,0.0,,,,,,,Echo900 ,kg,1.6,
4138,ROSEWORTHY_S3_P1212_R1,2023,9,22,,,,,,,,,,,,,,,,,,"0.03L/ha applied post-flowering/maturity - whole site (Protect the pods target pulse/canola, but went whole site)",roseworthy,pesticide,2023-09-22,11.0,2.8794,0.0,,,,,,,Trojan,L,0.03,insects
4139,ROSEWORTHY_S3_P1212_R1,2023,9,22,,,,,,,,,,,,,,,,,,1.8L/ha+0.15L/ha applied at post-flowering/maturity stage (mix = Crucial + Archer(300)),roseworthy,herbicide,2023-09-22,11.0,2.175,0.0,,,,,,,Archer 300,L,0.15,
4140,ROSEWORTHY_S3_P1212_R1,2023,9,22,,,,,,,,,,,,,,,,,,1.8L/ha+0.15L/ha applied at post-flowering/maturity stage (mix = Crucial + Archer(300)),roseworthy,herbicide,2023-09-22,11.0,21.6,0.0,,,,,,,Crucial,L,1.8,
4141,ROSEWORTHY_S3_P1212_R1,2023,11,7,vetch,,,,,,,,,,,,,,,,,,roseworthy,termination,2023-11-07,80.0,0.0,0.0,success,mulch,5090.0,,,stubble,,,,
4142,ROSEWORTHY_S3_P1212_R1,2023,12,19,,,,,,,,,,,,,,,,,,2L/ha+3L/ha+1% applied as post-harvest - Whole site (mix = 2 L/ha + 3 L/ha AMS 1% water volume / Banjo 1% wv),roseworthy,herbicide,2023-12-19,11.0,24.0,0.0,,,,,,,Crucial,L,2.0,
4143,ROSEWORTHY_S3_P1212_R1,2023,12,19,,,,,,,,,,,,,,,,,,2L/ha+3L/ha+1% applied as post-harvest - Whole site (mix = 2 L/ha + 3 L/ha AMS 1% water volume / Banjo 1% wv),roseworthy,herbicide,2023-12-19,11.0,60.0,0.0,,,,,,,Gluphosinate,L,3.0,
4144,ROSEWORTHY_S3_P1212_R2,2023,4,15,,,,,,,,,,,,,,,,,,2L/ha applied as Knockdown - Whole site,roseworthy,herbicide,2023-04-15,11.0,24.0,0.0,,,,,,,Crucial,L,2.0,
4145,ROSEWORTHY_S3_P1212_R2,2023,5,10,,,,,,,,,,,,,,,,,,2L/ha applied as Knockdown - Whole site,roseworthy,herbicide,2023-05-10,11.0,9.9,0.0,,,,,,,Paraquat,L,2.0,
4146,ROSEWORTHY_S3_P1212_R2,2023,5,15,,,,,,,,,,,,,,,,,,1.5kg/ha applied pre-sowing,roseworthy,pesticide,2023-05-15,11.0,112.5,0.0,,,,,,,MouseOff,kg,1.5,mice
4147,ROSEWORTHY_S3_P1212_R2,2023,5,24,,,,,,,,,,,,,,,,,,"110kg/ha applied pre-sowing, banded below seed",roseworthy,fertiliser,2023-05-24,8.5,63.24999999999999,0.0,,,,,,,DAP,kg,110.0,
4148,ROSEWORTHY_S3_P1212_R2,2023,5,24,,,,,,,,,,,,,,,,,,1L/ha applied as pre-sowing - Whole site,roseworthy,herbicide,2023-05-24,11.0,13.5,0.0,,,,,,,Chlorpyriphos,L,1.0,
4149,ROSEWORTHY_S3_P1212_R2,2023,5,24,,,,,,,,,,,,,,,,,,2L/ha applied as pre-sowing - Whole site,roseworthy,herbicide,2023-05-24,11.0,24.0,0.0,,,,,,,Crucial,L,2.0,
4150,ROSEWORTHY_S3_P1212_R2,2023,5,24,vetch,,,timok,,,True,,,soilManagement,121.0,,,31.0,,,On-time,,roseworthy,sowing,2023-05-24,50.0,0.0,0.0,,,,,,,,,,
4151,ROSEWORTHY_S3_P1212_R2,2023,6,1,,,,,,,,,,,,,,,,,,0.05L/ha applied before establishment - whole site,roseworthy,pesticide,2023-06-01,11.0,6.75,0.0,,,,,,,Albatross,L,0.05,insects
4152,ROSEWORTHY_S3_P1212_R2,2023,6,2,,,,,,,,,,,,,,,,,,1.5kg/ha applied before estableshment,roseworthy,pesticide,2023-06-02,11.0,112.5,0.0,,,,,,,MouseOff,kg,1.5,mice
4153,ROSEWORTHY_S3_P1212_R2,2023,7,11,,,,,,,,,,,,,,,,,,0.5L/ha+1%wv applied at ~5 nodes (mix = Grasidim + Hasten),roseworthy,herbicide,2023-07-11,11.0,15.0,0.0,,,,,,,Grasidim,L,0.5,
4154,ROSEWORTHY_S3_P1212_R2,2023,7,24,,,,,,,,,,,,,,,,,,1.5kg/ha applied at early growth development,roseworthy,pesticide,2023-07-24,11.0,112.5,0.0,,,,,,,MouseOff,kg,1.5,mice
4155,ROSEWORTHY_S3_P1212_R2,2023,7,25,,,,,,,,,,,,,,,,,,0.3L/ha applied at Z-30 stage (cereal) / pre-canopy close (pulse) - whole site,roseworthy,fungicide,2023-07-25,11.0,16.349999999999998,0.0,,,,,,,Aviator Xpro,L,0.3,
4156,ROSEWORTHY_S3_P1212_R2,2023,9,5,,,,,,,,,,,,,,,,,,1.6kg/ha applied at Flowering stage - pulse and intercrop plots,roseworthy,fungicide,2023-09-05,11.0,40.0,0.0,,,,,,,Echo900 ,kg,1.6,
4157,ROSEWORTHY_S3_P1212_R2,2023,9,22,,,,,,,,,,,,,,,,,,"0.03L/ha applied post-flowering/maturity - whole site (Protect the pods target pulse/canola, but went whole site)",roseworthy,pesticide,2023-09-22,11.0,2.8794,0.0,,,,,,,Trojan,L,0.03,insects
4158,ROSEWORTHY_S3_P1212_R2,2023,9,22,,,,,,,,,,,,,,,,,,1.8L/ha+0.15L/ha applied at post-flowering/maturity stage (mix = Crucial + Archer(300)),roseworthy,herbicide,2023-09-22,11.0,2.175,0.0,,,,,,,Archer 300,L,0.15,
4159,ROSEWORTHY_S3_P1212_R2,2023,9,22,,,,,,,,,,,,,,,,,,1.8L/ha+0.15L/ha applied at post-flowering/maturity stage (mix = Crucial + Archer(300)),roseworthy,herbicide,2023-09-22,11.0,21.6,0.0,,,,,,,Crucial,L,1.8,
4160,ROSEWORTHY_S3_P1212_R2,2023,11,7,vetch,,,,,,,,,,,,,,,,,,roseworthy,termination,2023-11-07,80.0,0.0,0.0,success,mulch,5710.0,,,stubble,,,,
4161,ROSEWORTHY_S3_P1212_R2,2023,12,19,,,,,,,,,,,,,,,,,,2L/ha+3L/ha+1% applied as post-harvest - Whole site (mix = 2 L/ha + 3 L/ha AMS 1% water volume / Banjo 1% wv),roseworthy,herbicide,2023-12-19,11.0,24.0,0.0,,,,,,,Crucial,L,2.0,
4162,ROSEWORTHY_S3_P1212_R2,2023,12,19,,,,,,,,,,,,,,,,,,2L/ha+3L/ha+1% applied as post-harvest - Whole site (mix = 2 L/ha + 3 L/ha AMS 1% water volume / Banjo 1% wv),roseworthy,herbicide,2023-12-19,11.0,60.0,0.0,,,,,,,Gluphosinate,L,3.0,
4163,ROSEWORTHY_S3_P1212_R3,2023,4,15,,,,,,,,,,,,,,,,,,2L/ha applied as Knockdown - Whole site,roseworthy,herbicide,2023-04-15,11.0,24.0,0.0,,,,,,,Crucial,L,2.0,
4164,ROSEWORTHY_S3_P1212_R3,2023,5,10,,,,,,,,,,,,,,,,,,2L/ha applied as Knockdown - Whole site,roseworthy,herbicide,2023-05-10,11.0,9.9,0.0,,,,,,,Paraquat,L,2.0,
4165,ROSEWORTHY_S3_P1212_R3,2023,5,15,,,,,,,,,,,,,,,,,,1.5kg/ha applied pre-sowing,roseworthy,pesticide,2023-05-15,11.0,112.5,0.0,,,,,,,MouseOff,kg,1.5,mice
4166,ROSEWORTHY_S3_P1212_R3,2023,5,24,,,,,,,,,,,,,,,,,,"110kg/ha applied pre-sowing, banded below seed",roseworthy,fertiliser,2023-05-24,8.5,63.24999999999999,0.0,,,,,,,DAP,kg,110.0,
4167,ROSEWORTHY_S3_P1212_R3,2023,5,24,,,,,,,,,,,,,,,,,,1L/ha applied as pre-sowing - Whole site,roseworthy,herbicide,2023-05-24,11.0,13.5,0.0,,,,,,,Chlorpyriphos,L,1.0,
4168,ROSEWORTHY_S3_P1212_R3,2023,5,24,,,,,,,,,,,,,,,,,,2L/ha applied as pre-sowing - Whole site,roseworthy,herbicide,2023-05-24,11.0,24.0,0.0,,,,,,,Crucial,L,2.0,
4169,ROSEWORTHY_S3_P1212_R3,2023,5,24,vetch,,,timok,,,True,,,soilManagement,122.0,,,32.0,,,On-time,,roseworthy,sowing,2023-05-24,50.0,0.0,0.0,,,,,,,,,,
4170,ROSEWORTHY_S3_P1212_R3,2023,6,1,,,,,,,,,,,,,,,,,,0.05L/ha applied before establishment - whole site,roseworthy,pesticide,2023-06-01,11.0,6.75,0.0,,,,,,,Albatross,L,0.05,insects
4171,ROSEWORTHY_S3_P1212_R3,2023,6,2,,,,,,,,,,,,,,,,,,1.5kg/ha applied before estableshment,roseworthy,pesticide,2023-06-02,11.0,112.5,0.0,,,,,,,MouseOff,kg,1.5,mice
4172,ROSEWORTHY_S3_P1212_R3,2023,7,11,,,,,,,,,,,,,,,,,,0.5L/ha+1%wv applied at ~5 nodes (mix = Grasidim + Hasten),roseworthy,herbicide,2023-07-11,11.0,15.0,0.0,,,,,,,Grasidim,L,0.5,
4173,ROSEWORTHY_S3_P1212_R3,2023,7,24,,,,,,,,,,,,,,,,,,1.5kg/ha applied at early growth development,roseworthy,pesticide,2023-07-24,11.0,112.5,0.0,,,,,,,MouseOff,kg,1.5,mice
4174,ROSEWORTHY_S3_P1212_R3,2023,7,25,,,,,,,,,,,,,,,,,,0.3L/ha applied at Z-30 stage (cereal) / pre-canopy close (pulse) - whole site,roseworthy,fungicide,2023-07-25,11.0,16.349999999999998,0.0,,,,,,,Aviator Xpro,L,0.3,
4175,ROSEWORTHY_S3_P1212_R3,2023,9,5,,,,,,,,,,,,,,,,,,1.6kg/ha applied at Flowering stage - pulse and intercrop plots,roseworthy,fungicide,2023-09-05,11.0,40.0,0.0,,,,,,,Echo900 ,kg,1.6,
4176,ROSEWORTHY_S3_P1212_R3,2023,9,22,,,,,,,,,,,,,,,,,,"0.03L/ha applied post-flowering/maturity - whole site (Protect the pods target pulse/canola, but went whole site)",roseworthy,pesticide,2023-09-22,11.0,2.8794,0.0,,,,,,,Trojan,L,0.03,insects
4177,ROSEWORTHY_S3_P1212_R3,2023,9,22,,,,,,,,,,,,,,,,,,1.8L/ha+0.15L/ha applied at post-flowering/maturity stage (mix = Crucial + Archer(300)),roseworthy,herbicide,2023-09-22,11.0,2.175,0.0,,,,,,,Archer 300,L,0.15,
4178,ROSEWORTHY_S3_P1212_R3,2023,9,22,,,,,,,,,,,,,,,,,,1.8L/ha+0.15L/ha applied at post-flowering/maturity stage (mix = Crucial + Archer(300)),roseworthy,herbicide,2023-09-22,11.0,21.6,0.0,,,,,,,Crucial,L,1.8,
4179,ROSEWORTHY_S3_P1212_R3,2023,11,7,vetch,,,,,,,,,,,,,,,,,,roseworthy,termination,2023-11-07,80.0,0.0,0.0,success,mulch,6330.0,,,stubble,,,,
4180,ROSEWORTHY_S3_P1212_R3,2023,12,19,,,,,,,,,,,,,,,,,,2L/ha+3L/ha+1% applied as post-harvest - Whole site (mix = 2 L/ha + 3 L/ha AMS 1% water volume / Banjo 1% wv),roseworthy,herbicide,2023-12-19,11.0,24.0,0.0,,,,,,,Crucial,L,2.0,
4181,ROSEWORTHY_S3_P1212_R3,2023,12,19,,,,,,,,,,,,,,,,,,2L/ha+3L/ha+1% applied as post-harvest - Whole site (mix = 2 L/ha + 3 L/ha AMS 1% water volume / Banjo 1% wv),roseworthy,herbicide,2023-12-19,11.0,60.0,0.0,,,,,,,Gluphosinate,L,3.0,
4182,ROSEWORTHY_S3_P2121_R1,2023,4,15,,,,,,,,,,,,,,,,,,2L/ha applied as Knockdown - Whole site,roseworthy,herbicide,2023-04-15,11.0,24.0,0.0,,,,,,,Crucial,L,2.0,
4183,ROSEWORTHY_S3_P2121_R1,2023,5,10,,,,,,,,,,,,,,,,,,2L/ha applied as Knockdown - Whole site,roseworthy,herbicide,2023-05-10,11.0,9.9,0.0,,,,,,,Paraquat,L,2.0,
4184,ROSEWORTHY_S3_P2121_R1,2023,5,15,,,,,,,,,,,,,,,,,,1.5kg/ha applied pre-sowing,roseworthy,pesticide,2023-05-15,11.0,112.5,0.0,,,,,,,MouseOff,kg,1.5,mice
4185,ROSEWORTHY_S3_P2121_R1,2023,5,23,,,,,,,,,,,,,,,,,,1.25L/ha applied pre-sowing,roseworthy,herbicide,2023-05-23,11.0,12.5,0.0,,,,,,,Overwatch,L,1.25,
4186,ROSEWORTHY_S3_P2121_R1,2023,5,24,,,,,,,,,,,,,,,,,,"110kg/ha applied pre-sowing, banded below seed",roseworthy,fertiliser,2023-05-24,8.5,63.24999999999999,0.0,,,,,,,DAP,kg,110.0,
4187,ROSEWORTHY_S3_P2121_R1,2023,5,24,,,,,,,,,,,,,,,,,,1L/ha applied as pre-sowing - Whole site,roseworthy,herbicide,2023-05-24,11.0,13.5,0.0,,,,,,,Chlorpyriphos,L,1.0,
4188,ROSEWORTHY_S3_P2121_R1,2023,5,24,,,,,,,,,,,,,,,,,,2L/ha applied as pre-sowing - Whole site,roseworthy,herbicide,2023-05-24,11.0,24.0,0.0,,,,,,,Crucial,L,2.0,
4189,ROSEWORTHY_S3_P2121_R1,2023,5,24,durum,,,bittali,,,True,,,sale,201.0,,,31.0,,,On-time,,roseworthy,sowing,2023-05-24,50.0,0.0,0.0,,,,,,,,,,
4190,ROSEWORTHY_S3_P2121_R1,2023,6,1,,,,,,,,,,,,,,,,,,0.05L/ha applied before establishment - whole site,roseworthy,pesticide,2023-06-01,11.0,6.75,0.0,,,,,,,Albatross,L,0.05,insects
4191,ROSEWORTHY_S3_P2121_R1,2023,6,2,,,,,,,,,,,,,,,,,,1.5kg/ha applied before estableshment,roseworthy,pesticide,2023-06-02,11.0,112.5,0.0,,,,,,,MouseOff,kg,1.5,mice
4192,ROSEWORTHY_S3_P2121_R1,2023,7,24,,,,,,,,,,,,,,,,,,1.5kg/ha applied at early growth development,roseworthy,pesticide,2023-07-24,11.0,112.5,0.0,,,,,,,MouseOff,kg,1.5,mice
4193,ROSEWORTHY_S3_P2121_R1,2023,7,25,,,,,,,,,,,,,,,,,,0.3L/ha applied at Z-30 stage (cereal) / pre-canopy close (pulse) - whole site,roseworthy,fungicide,2023-07-25,11.0,16.349999999999998,0.0,,,,,,,Aviator Xpro,L,0.3,
4194,ROSEWORTHY_S3_P2121_R1,2023,7,26,,,,,,,,,,,,,,,,,,0.025kg/ha+0.42L/ha+0.1L/ha+0.5% wv applied at Z-30 stage (mix = Paradigma + LVE Agritone + Archer + Uptake),roseworthy,herbicide,2023-07-26,11.0,1.4500000000000002,0.0,,,,,,,Archer,L,0.1,
4195,ROSEWORTHY_S3_P2121_R1,2023,7,26,,,,,,,,,,,,,,,,,,0.025kg/ha+0.42L/ha+0.1L/ha+0.5% wv applied at Z-30 stage (mix = Paradigma + LVE Agritone + Archer + Uptake),roseworthy,herbicide,2023-07-26,11.0,3.36,0.0,,,,,,,LVA Agritone,L,0.42,
4196,ROSEWORTHY_S3_P2121_R1,2023,7,26,,,,,,,,,,,,,,,,,,0.025kg/ha+0.42L/ha+0.1L/ha+0.5% wv applied at Z-30 stage (mix = Paradigma + LVE Agritone + Archer + Uptake),roseworthy,herbicide,2023-07-26,11.0,12.25,0.0,,,,,,,Paradigm,kg,0.025,
4197,ROSEWORTHY_S3_P2121_R1,2023,7,27,,,,,,,,,,,,,,,,,,100kg/ha topdressing,roseworthy,fertiliser,2023-07-27,8.5,50.0,0.0,,,,,,,Urea,kg,100.0,
4198,ROSEWORTHY_S3_P2121_R1,2023,9,5,,,,,,,,,,,,,,,,,,1L/ha applied at Flag leave stage - all cereal crops (single),roseworthy,fungicide,2023-09-05,11.0,14.5,0.0,,,,,,,TazerXpert,L,1.0,
4199,ROSEWORTHY_S3_P2121_R1,2023,9,22,,,,,,,,,,,,,,,,,,"0.03L/ha applied post-flowering/maturity - whole site (Protect the pods target pulse/canola, but went whole site)",roseworthy,pesticide,2023-09-22,11.0,2.8794,0.0,,,,,,,Trojan,L,0.03,insects
4200,ROSEWORTHY_S3_P2121_R1,2023,11,7,durum,,,,,,,,,,,,,,,,,,roseworthy,termination,2023-11-07,80.0,0.0,1574.184,success,sale,3678.0,,,stubble,,,,
4201,ROSEWORTHY_S3_P2121_R1,2023,12,19,,,,,,,,,,,,,,,,,,2L/ha+3L/ha+1% applied as post-harvest - Whole site (mix = 2 L/ha + 3 L/ha AMS 1% water volume / Banjo 1% wv),roseworthy,herbicide,2023-12-19,11.0,24.0,0.0,,,,,,,Crucial,L,2.0,
4202,ROSEWORTHY_S3_P2121_R1,2023,12,19,,,,,,,,,,,,,,,,,,2L/ha+3L/ha+1% applied as post-harvest - Whole site (mix = 2 L/ha + 3 L/ha AMS 1% water volume / Banjo 1% wv),roseworthy,herbicide,2023-12-19,11.0,60.0,0.0,,,,,,,Gluphosinate,L,3.0,
4203,ROSEWORTHY_S3_P2121_R2,2023,4,15,,,,,,,,,,,,,,,,,,2L/ha applied as Knockdown - Whole site,roseworthy,herbicide,2023-04-15,11.0,24.0,0.0,,,,,,,Crucial,L,2.0,
4204,ROSEWORTHY_S3_P2121_R2,2023,5,10,,,,,,,,,,,,,,,,,,2L/ha applied as Knockdown - Whole site,roseworthy,herbicide,2023-05-10,11.0,9.9,0.0,,,,,,,Paraquat,L,2.0,
4205,ROSEWORTHY_S3_P2121_R2,2023,5,15,,,,,,,,,,,,,,,,,,1.5kg/ha applied pre-sowing,roseworthy,pesticide,2023-05-15,11.0,112.5,0.0,,,,,,,MouseOff,kg,1.5,mice
4206,ROSEWORTHY_S3_P2121_R2,2023,5,23,,,,,,,,,,,,,,,,,,1.25L/ha applied pre-sowing,roseworthy,herbicide,2023-05-23,11.0,12.5,0.0,,,,,,,Overwatch,L,1.25,
4207,ROSEWORTHY_S3_P2121_R2,2023,5,24,,,,,,,,,,,,,,,,,,"110kg/ha applied pre-sowing, banded below seed",roseworthy,fertiliser,2023-05-24,8.5,63.24999999999999,0.0,,,,,,,DAP,kg,110.0,
4208,ROSEWORTHY_S3_P2121_R2,2023,5,24,,,,,,,,,,,,,,,,,,1L/ha applied as pre-sowing - Whole site,roseworthy,herbicide,2023-05-24,11.0,13.5,0.0,,,,,,,Chlorpyriphos,L,1.0,
4209,ROSEWORTHY_S3_P2121_R2,2023,5,24,,,,,,,,,,,,,,,,,,2L/ha applied as pre-sowing - Whole site,roseworthy,herbicide,2023-05-24,11.0,24.0,0.0,,,,,,,Crucial,L,2.0,
4210,ROSEWORTHY_S3_P2121_R2,2023,5,24,durum,,,bittali,,,True,,,sale,205.0,,,35.0,,,On-time,,roseworthy,sowing,2023-05-24,50.0,0.0,0.0,,,,,,,,,,
4211,ROSEWORTHY_S3_P2121_R2,2023,6,1,,,,,,,,,,,,,,,,,,0.05L/ha applied before establishment - whole site,roseworthy,pesticide,2023-06-01,11.0,6.75,0.0,,,,,,,Albatross,L,0.05,insects
4212,ROSEWORTHY_S3_P2121_R2,2023,6,2,,,,,,,,,,,,,,,,,,1.5kg/ha applied before estableshment,roseworthy,pesticide,2023-06-02,11.0,112.5,0.0,,,,,,,MouseOff,kg,1.5,mice
4213,ROSEWORTHY_S3_P2121_R2,2023,7,24,,,,,,,,,,,,,,,,,,1.5kg/ha applied at early growth development,roseworthy,pesticide,2023-07-24,11.0,112.5,0.0,,,,,,,MouseOff,kg,1.5,mice
4214,ROSEWORTHY_S3_P2121_R2,2023,7,25,,,,,,,,,,,,,,,,,,0.3L/ha applied at Z-30 stage (cereal) / pre-canopy close (pulse) - whole site,roseworthy,fungicide,2023-07-25,11.0,16.349999999999998,0.0,,,,,,,Aviator Xpro,L,0.3,
4215,ROSEWORTHY_S3_P2121_R2,2023,7,26,,,,,,,,,,,,,,,,,,0.025kg/ha+0.42L/ha+0.1L/ha+0.5% wv applied at Z-30 stage (mix = Paradigma + LVE Agritone + Archer + Uptake),roseworthy,herbicide,2023-07-26,11.0,1.4500000000000002,0.0,,,,,,,Archer,L,0.1,
4216,ROSEWORTHY_S3_P2121_R2,2023,7,26,,,,,,,,,,,,,,,,,,0.025kg/ha+0.42L/ha+0.1L/ha+0.5% wv applied at Z-30 stage (mix = Paradigma + LVE Agritone + Archer + Uptake),roseworthy,herbicide,2023-07-26,11.0,3.36,0.0,,,,,,,LVA Agritone,L,0.42,
4217,ROSEWORTHY_S3_P2121_R2,2023,7,26,,,,,,,,,,,,,,,,,,0.025kg/ha+0.42L/ha+0.1L/ha+0.5% wv applied at Z-30 stage (mix = Paradigma + LVE Agritone + Archer + Uptake),roseworthy,herbicide,2023-07-26,11.0,12.25,0.0,,,,,,,Paradigm,kg,0.025,
4218,ROSEWORTHY_S3_P2121_R2,2023,7,27,,,,,,,,,,,,,,,,,,100kg/ha topdressing,roseworthy,fertiliser,2023-07-27,8.5,50.0,0.0,,,,,,,Urea,kg,100.0,
4219,ROSEWORTHY_S3_P2121_R2,2023,9,5,,,,,,,,,,,,,,,,,,1L/ha applied at Flag leave stage - all cereal crops (single),roseworthy,fungicide,2023-09-05,11.0,14.5,0.0,,,,,,,TazerXpert,L,1.0,
4220,ROSEWORTHY_S3_P2121_R2,2023,9,22,,,,,,,,,,,,,,,,,,"0.03L/ha applied post-flowering/maturity - whole site (Protect the pods target pulse/canola, but went whole site)",roseworthy,pesticide,2023-09-22,11.0,2.8794,0.0,,,,,,,Trojan,L,0.03,insects
4221,ROSEWORTHY_S3_P2121_R2,2023,11,7,durum,,,,,,,,,,,,,,,,,,roseworthy,termination,2023-11-07,80.0,0.0,1771.492,success,sale,4139.0,,,stubble,,,,
4222,ROSEWORTHY_S3_P2121_R2,2023,12,19,,,,,,,,,,,,,,,,,,2L/ha+3L/ha+1% applied as post-harvest - Whole site (mix = 2 L/ha + 3 L/ha AMS 1% water volume / Banjo 1% wv),roseworthy,herbicide,2023-12-19,11.0,24.0,0.0,,,,,,,Crucial,L,2.0,
4223,ROSEWORTHY_S3_P2121_R2,2023,12,19,,,,,,,,,,,,,,,,,,2L/ha+3L/ha+1% applied as post-harvest - Whole site (mix = 2 L/ha + 3 L/ha AMS 1% water volume / Banjo 1% wv),roseworthy,herbicide,2023-12-19,11.0,60.0,0.0,,,,,,,Gluphosinate,L,3.0,
4224,ROSEWORTHY_S3_P2121_R3,2023,4,15,,,,,,,,,,,,,,,,,,2L/ha applied as Knockdown - Whole site,roseworthy,herbicide,2023-04-15,11.0,24.0,0.0,,,,,,,Crucial,L,2.0,
4225,ROSEWORTHY_S3_P2121_R3,2023,5,10,,,,,,,,,,,,,,,,,,2L/ha applied as Knockdown - Whole site,roseworthy,herbicide,2023-05-10,11.0,9.9,0.0,,,,,,,Paraquat,L,2.0,
4226,ROSEWORTHY_S3_P2121_R3,2023,5,15,,,,,,,,,,,,,,,,,,1.5kg/ha applied pre-sowing,roseworthy,pesticide,2023-05-15,11.0,112.5,0.0,,,,,,,MouseOff,kg,1.5,mice
4227,ROSEWORTHY_S3_P2121_R3,2023,5,23,,,,,,,,,,,,,,,,,,1.25L/ha applied pre-sowing,roseworthy,herbicide,2023-05-23,11.0,12.5,0.0,,,,,,,Overwatch,L,1.25,
4228,ROSEWORTHY_S3_P2121_R3,2023,5,24,,,,,,,,,,,,,,,,,,"110kg/ha applied pre-sowing, banded below seed",roseworthy,fertiliser,2023-05-24,8.5,63.24999999999999,0.0,,,,,,,DAP,kg,110.0,
4229,ROSEWORTHY_S3_P2121_R3,2023,5,24,,,,,,,,,,,,,,,,,,1L/ha applied as pre-sowing - Whole site,roseworthy,herbicide,2023-05-24,11.0,13.5,0.0,,,,,,,Chlorpyriphos,L,1.0,
4230,ROSEWORTHY_S3_P2121_R3,2023,5,24,,,,,,,,,,,,,,,,,,2L/ha applied as pre-sowing - Whole site,roseworthy,herbicide,2023-05-24,11.0,24.0,0.0,,,,,,,Crucial,L,2.0,
4231,ROSEWORTHY_S3_P2121_R3,2023,5,24,durum,,,bittali,,,True,,,sale,207.0,,,37.0,,,On-time,,roseworthy,sowing,2023-05-24,50.0,0.0,0.0,,,,,,,,,,
4232,ROSEWORTHY_S3_P2121_R3,2023,6,1,,,,,,,,,,,,,,,,,,0.05L/ha applied before establishment - whole site,roseworthy,pesticide,2023-06-01,11.0,6.75,0.0,,,,,,,Albatross,L,0.05,insects
4233,ROSEWORTHY_S3_P2121_R3,2023,6,2,,,,,,,,,,,,,,,,,,1.5kg/ha applied before estableshment,roseworthy,pesticide,2023-06-02,11.0,112.5,0.0,,,,,,,MouseOff,kg,1.5,mice
4234,ROSEWORTHY_S3_P2121_R3,2023,7,24,,,,,,,,,,,,,,,,,,1.5kg/ha applied at early growth development,roseworthy,pesticide,2023-07-24,11.0,112.5,0.0,,,,,,,MouseOff,kg,1.5,mice
4235,ROSEWORTHY_S3_P2121_R3,2023,7,25,,,,,,,,,,,,,,,,,,0.3L/ha applied at Z-30 stage (cereal) / pre-canopy close (pulse) - whole site,roseworthy,fungicide,2023-07-25,11.0,16.349999999999998,0.0,,,,,,,Aviator Xpro,L,0.3,
4236,ROSEWORTHY_S3_P2121_R3,2023,7,26,,,,,,,,,,,,,,,,,,0.025kg/ha+0.42L/ha+0.1L/ha+0.5% wv applied at Z-30 stage (mix = Paradigma + LVE Agritone + Archer + Uptake),roseworthy,herbicide,2023-07-26,11.0,1.4500000000000002,0.0,,,,,,,Archer,L,0.1,
4237,ROSEWORTHY_S3_P2121_R3,2023,7,26,,,,,,,,,,,,,,,,,,0.025kg/ha+0.42L/ha+0.1L/ha+0.5% wv applied at Z-30 stage (mix = Paradigma + LVE Agritone + Archer + Uptake),roseworthy,herbicide,2023-07-26,11.0,3.36,0.0,,,,,,,LVA Agritone,L,0.42,
4238,ROSEWORTHY_S3_P2121_R3,2023,7,26,,,,,,,,,,,,,,,,,,0.025kg/ha+0.42L/ha+0.1L/ha+0.5% wv applied at Z-30 stage (mix = Paradigma + LVE Agritone + Archer + Uptake),roseworthy,herbicide,2023-07-26,11.0,12.25,0.0,,,,,,,Paradigm,kg,0.025,
4239,ROSEWORTHY_S3_P2121_R3,2023,7,27,,,,,,,,,,,,,,,,,,100kg/ha topdressing,roseworthy,fertiliser,2023-07-27,8.5,50.0,0.0,,,,,,,Urea,kg,100.0,
4240,ROSEWORTHY_S3_P2121_R3,2023,9,5,,,,,,,,,,,,,,,,,,1L/ha applied at Flag leave stage - all cereal crops (single),roseworthy,fungicide,2023-09-05,11.0,14.5,0.0,,,,,,,TazerXpert,L,1.0,
4241,ROSEWORTHY_S3_P2121_R3,2023,9,22,,,,,,,,,,,,,,,,,,"0.03L/ha applied post-flowering/maturity - whole site (Protect the pods target pulse/canola, but went whole site)",roseworthy,pesticide,2023-09-22,11.0,2.8794,0.0,,,,,,,Trojan,L,0.03,insects
4242,ROSEWORTHY_S3_P2121_R3,2023,11,7,durum,,,,,,,,,,,,,,,,,,roseworthy,termination,2023-11-07,80.0,0.0,971.56,success,sale,2270.0,,,stubble,,,,
4243,ROSEWORTHY_S3_P2121_R3,2023,12,19,,,,,,,,,,,,,,,,,,2L/ha+3L/ha+1% applied as post-harvest - Whole site (mix = 2 L/ha + 3 L/ha AMS 1% water volume / Banjo 1% wv),roseworthy,herbicide,2023-12-19,11.0,24.0,0.0,,,,,,,Crucial,L,2.0,
4244,ROSEWORTHY_S3_P2121_R3,2023,12,19,,,,,,,,,,,,,,,,,,2L/ha+3L/ha+1% applied as post-harvest - Whole site (mix = 2 L/ha + 3 L/ha AMS 1% water volume / Banjo 1% wv),roseworthy,herbicide,2023-12-19,11.0,60.0,0.0,,,,,,,Gluphosinate,L,3.0,
4245,ROSEWORTHY_S4_P1231_R1,2023,4,15,,,,,,,,,,,,,,,,,,2L/ha applied as Knockdown - Whole site,roseworthy,herbicide,2023-04-15,11.0,24.0,0.0,,,,,,,Crucial,L,2.0,
4246,ROSEWORTHY_S4_P1231_R1,2023,5,10,,,,,,,,,,,,,,,,,,2L/ha applied as Knockdown - Whole site,roseworthy,herbicide,2023-05-10,11.0,9.9,0.0,,,,,,,Paraquat,L,2.0,
4247,ROSEWORTHY_S4_P1231_R1,2023,5,15,,,,,,,,,,,,,,,,,,1.5kg/ha applied pre-sowing,roseworthy,pesticide,2023-05-15,11.0,112.5,0.0,,,,,,,MouseOff,kg,1.5,mice
4248,ROSEWORTHY_S4_P1231_R1,2023,5,23,,,,,,,,,,,,,,,,,,0.56kg/ha applied at pre-sowing,roseworthy,herbicide,2023-05-23,11.0,14.000000000000002,0.0,,,,,,,Edge 900DF,kg,0.56,
4249,ROSEWORTHY_S4_P1231_R1,2023,5,24,,,,,,,,,,,,,,,,,,"110kg/ha applied pre-sowing, banded below seed",roseworthy,fertiliser,2023-05-24,8.5,63.24999999999999,0.0,,,,,,,DAP,kg,110.0,
4250,ROSEWORTHY_S4_P1231_R1,2023,5,24,,,,,,,,,,,,,,,,,,1L/ha applied as pre-sowing - Whole site,roseworthy,herbicide,2023-05-24,11.0,13.5,0.0,,,,,,,Chlorpyriphos,L,1.0,
4251,ROSEWORTHY_S4_P1231_R1,2023,5,24,,,,,,,,,,,,,,,,,,2L/ha applied as pre-sowing - Whole site,roseworthy,herbicide,2023-05-24,11.0,24.0,0.0,,,,,,,Crucial,L,2.0,
4252,ROSEWORTHY_S4_P1231_R1,2023,5,24,canola,fieldpea,,py520tc,wharton,,True,True,,sale,30.0,49.5,,30.0,30.0,,On-time,,roseworthy,sowing,2023-05-24,50.0,0.0,0.0,,,,,,,,,,
4253,ROSEWORTHY_S4_P1231_R1,2023,6,1,,,,,,,,,,,,,,,,,,0.05L/ha applied before establishment - whole site,roseworthy,pesticide,2023-06-01,11.0,6.75,0.0,,,,,,,Albatross,L,0.05,insects
4254,ROSEWORTHY_S4_P1231_R1,2023,6,2,,,,,,,,,,,,,,,,,,1.5kg/ha applied before estableshment,roseworthy,pesticide,2023-06-02,11.0,112.5,0.0,,,,,,,MouseOff,kg,1.5,mice
4255,ROSEWORTHY_S4_P1231_R1,2023,7,3,,,,,,,,,,,,,,,,,,0.045kg/ha+0.2%wv applied peas at 3-4 nodes (mix = Raptor + Activator),roseworthy,herbicide,2023-07-03,11.0,12.15,0.0,,,,,,,Raptor,kg,0.045,
4256,ROSEWORTHY_S4_P1231_R1,2023,7,11,,,,,,,,,,,,,,,,,,0.5L/ha+1%wv applied canola at ~4 leaves and peas at ~4 nodes (mix = Grasidim + Hasten),roseworthy,herbicide,2023-07-11,11.0,15.0,0.0,,,,,,,Grasidim,L,0.5,
4257,ROSEWORTHY_S4_P1231_R1,2023,7,24,,,,,,,,,,,,,,,,,,1.5kg/ha applied at early growth development,roseworthy,pesticide,2023-07-24,11.0,112.5,0.0,,,,,,,MouseOff,kg,1.5,mice
4258,ROSEWORTHY_S4_P1231_R1,2023,7,25,,,,,,,,,,,,,,,,,,0.3L/ha applied at Z-30 stage (cereal) / pre-canopy close (pulse) - whole site,roseworthy,fungicide,2023-07-25,11.0,16.349999999999998,0.0,,,,,,,Aviator Xpro,L,0.3,
4259,ROSEWORTHY_S4_P1231_R1,2023,9,5,,,,,,,,,,,,,,,,,,1.6kg/ha applied at Flowering stage - pulse and intercrop plots,roseworthy,fungicide,2023-09-05,11.0,40.0,0.0,,,,,,,Echo900 ,kg,1.6,
4260,ROSEWORTHY_S4_P1231_R1,2023,9,22,,,,,,,,,,,,,,,,,,"0.03L/ha applied post-flowering/maturity - whole site (Protect the pods target pulse/canola, but went whole site)",roseworthy,pesticide,2023-09-22,11.0,2.8794,0.0,,,,,,,Trojan,L,0.03,insects
4261,ROSEWORTHY_S4_P1231_R1,2023,11,7,canola,fieldpea,,,,,,,,,,,,,,,,,roseworthy,termination,2023-11-07,80.0,0.0,1245.4720000000002,success,sale,951.0,1450.0,,stubble,,,,
4262,ROSEWORTHY_S4_P1231_R1,2023,12,19,,,,,,,,,,,,,,,,,,2L/ha+3L/ha+1% applied as post-harvest - Whole site (mix = 2 L/ha + 3 L/ha AMS 1% water volume / Banjo 1% wv),roseworthy,herbicide,2023-12-19,11.0,24.0,0.0,,,,,,,Crucial,L,2.0,
4263,ROSEWORTHY_S4_P1231_R1,2023,12,19,,,,,,,,,,,,,,,,,,2L/ha+3L/ha+1% applied as post-harvest - Whole site (mix = 2 L/ha + 3 L/ha AMS 1% water volume / Banjo 1% wv),roseworthy,herbicide,2023-12-19,11.0,60.0,0.0,,,,,,,Gluphosinate,L,3.0,
4264,ROSEWORTHY_S4_P1231_R2,2023,4,15,,,,,,,,,,,,,,,,,,2L/ha applied as Knockdown - Whole site,roseworthy,herbicide,2023-04-15,11.0,24.0,0.0,,,,,,,Crucial,L,2.0,
4265,ROSEWORTHY_S4_P1231_R2,2023,5,10,,,,,,,,,,,,,,,,,,2L/ha applied as Knockdown - Whole site,roseworthy,herbicide,2023-05-10,11.0,9.9,0.0,,,,,,,Paraquat,L,2.0,
4266,ROSEWORTHY_S4_P1231_R2,2023,5,15,,,,,,,,,,,,,,,,,,1.5kg/ha applied pre-sowing,roseworthy,pesticide,2023-05-15,11.0,112.5,0.0,,,,,,,MouseOff,kg,1.5,mice
4267,ROSEWORTHY_S4_P1231_R2,2023,5,23,,,,,,,,,,,,,,,,,,0.56kg/ha applied at pre-sowing,roseworthy,herbicide,2023-05-23,11.0,14.000000000000002,0.0,,,,,,,Edge 900DF,kg,0.56,
4268,ROSEWORTHY_S4_P1231_R2,2023,5,24,,,,,,,,,,,,,,,,,,"110kg/ha applied pre-sowing, banded below seed",roseworthy,fertiliser,2023-05-24,8.5,63.24999999999999,0.0,,,,,,,DAP,kg,110.0,
4269,ROSEWORTHY_S4_P1231_R2,2023,5,24,,,,,,,,,,,,,,,,,,1L/ha applied as pre-sowing - Whole site,roseworthy,herbicide,2023-05-24,11.0,13.5,0.0,,,,,,,Chlorpyriphos,L,1.0,
4270,ROSEWORTHY_S4_P1231_R2,2023,5,24,,,,,,,,,,,,,,,,,,2L/ha applied as pre-sowing - Whole site,roseworthy,herbicide,2023-05-24,11.0,24.0,0.0,,,,,,,Crucial,L,2.0,
4271,ROSEWORTHY_S4_P1231_R2,2023,5,24,canola,fieldpea,,py520tc,wharton,,True,True,,sale,30.0,49.5,,30.0,30.0,,On-time,,roseworthy,sowing,2023-05-24,50.0,0.0,0.0,,,,,,,,,,
4272,ROSEWORTHY_S4_P1231_R2,2023,6,1,,,,,,,,,,,,,,,,,,0.05L/ha applied before establishment - whole site,roseworthy,pesticide,2023-06-01,11.0,6.75,0.0,,,,,,,Albatross,L,0.05,insects
4273,ROSEWORTHY_S4_P1231_R2,2023,6,2,,,,,,,,,,,,,,,,,,1.5kg/ha applied before estableshment,roseworthy,pesticide,2023-06-02,11.0,112.5,0.0,,,,,,,MouseOff,kg,1.5,mice
4274,ROSEWORTHY_S4_P1231_R2,2023,7,3,,,,,,,,,,,,,,,,,,0.045kg/ha+0.2%wv applied peas at 3-4 nodes (mix = Raptor + Activator),roseworthy,herbicide,2023-07-03,11.0,12.15,0.0,,,,,,,Raptor,kg,0.045,
4275,ROSEWORTHY_S4_P1231_R2,2023,7,11,,,,,,,,,,,,,,,,,,0.5L/ha+1%wv applied canola at ~4 leaves and peas at ~4 nodes (mix = Grasidim + Hasten),roseworthy,herbicide,2023-07-11,11.0,15.0,0.0,,,,,,,Grasidim,L,0.5,
4276,ROSEWORTHY_S4_P1231_R2,2023,7,24,,,,,,,,,,,,,,,,,,1.5kg/ha applied at early growth development,roseworthy,pesticide,2023-07-24,11.0,112.5,0.0,,,,,,,MouseOff,kg,1.5,mice
4277,ROSEWORTHY_S4_P1231_R2,2023,7,25,,,,,,,,,,,,,,,,,,0.3L/ha applied at Z-30 stage (cereal) / pre-canopy close (pulse) - whole site,roseworthy,fungicide,2023-07-25,11.0,16.349999999999998,0.0,,,,,,,Aviator Xpro,L,0.3,
4278,ROSEWORTHY_S4_P1231_R2,2023,9,5,,,,,,,,,,,,,,,,,,1.6kg/ha applied at Flowering stage - pulse and intercrop plots,roseworthy,fungicide,2023-09-05,11.0,40.0,0.0,,,,,,,Echo900 ,kg,1.6,
4279,ROSEWORTHY_S4_P1231_R2,2023,9,22,,,,,,,,,,,,,,,,,,"0.03L/ha applied post-flowering/maturity - whole site (Protect the pods target pulse/canola, but went whole site)",roseworthy,pesticide,2023-09-22,11.0,2.8794,0.0,,,,,,,Trojan,L,0.03,insects
4280,ROSEWORTHY_S4_P1231_R2,2023,11,7,canola,fieldpea,,,,,,,,,,,,,,,,,roseworthy,termination,2023-11-07,80.0,0.0,1151.472,success,sale,578.0,1756.0,,stubble,,,,
4281,ROSEWORTHY_S4_P1231_R2,2023,12,19,,,,,,,,,,,,,,,,,,2L/ha+3L/ha+1% applied as post-harvest - Whole site (mix = 2 L/ha + 3 L/ha AMS 1% water volume / Banjo 1% wv),roseworthy,herbicide,2023-12-19,11.0,24.0,0.0,,,,,,,Crucial,L,2.0,
4282,ROSEWORTHY_S4_P1231_R2,2023,12,19,,,,,,,,,,,,,,,,,,2L/ha+3L/ha+1% applied as post-harvest - Whole site (mix = 2 L/ha + 3 L/ha AMS 1% water volume / Banjo 1% wv),roseworthy,herbicide,2023-12-19,11.0,60.0,0.0,,,,,,,Gluphosinate,L,3.0,
4283,ROSEWORTHY_S4_P1231_R3,2023,4,15,,,,,,,,,,,,,,,,,,2L/ha applied as Knockdown - Whole site,roseworthy,herbicide,2023-04-15,11.0,24.0,0.0,,,,,,,Crucial,L,2.0,
4284,ROSEWORTHY_S4_P1231_R3,2023,5,10,,,,,,,,,,,,,,,,,,2L/ha applied as Knockdown - Whole site,roseworthy,herbicide,2023-05-10,11.0,9.9,0.0,,,,,,,Paraquat,L,2.0,
4285,ROSEWORTHY_S4_P1231_R3,2023,5,15,,,,,,,,,,,,,,,,,,1.5kg/ha applied pre-sowing,roseworthy,pesticide,2023-05-15,11.0,112.5,0.0,,,,,,,MouseOff,kg,1.5,mice
4286,ROSEWORTHY_S4_P1231_R3,2023,5,23,,,,,,,,,,,,,,,,,,0.56kg/ha applied at pre-sowing,roseworthy,herbicide,2023-05-23,11.0,14.000000000000002,0.0,,,,,,,Edge 900DF,kg,0.56,
4287,ROSEWORTHY_S4_P1231_R3,2023,5,24,,,,,,,,,,,,,,,,,,"110kg/ha applied pre-sowing, banded below seed",roseworthy,fertiliser,2023-05-24,8.5,63.24999999999999,0.0,,,,,,,DAP,kg,110.0,
4288,ROSEWORTHY_S4_P1231_R3,2023,5,24,,,,,,,,,,,,,,,,,,1L/ha applied as pre-sowing - Whole site,roseworthy,herbicide,2023-05-24,11.0,13.5,0.0,,,,,,,Chlorpyriphos,L,1.0,
4289,ROSEWORTHY_S4_P1231_R3,2023,5,24,,,,,,,,,,,,,,,,,,2L/ha applied as pre-sowing - Whole site,roseworthy,herbicide,2023-05-24,11.0,24.0,0.0,,,,,,,Crucial,L,2.0,
4290,ROSEWORTHY_S4_P1231_R3,2023,5,24,canola,fieldpea,,py520tc,wharton,,True,True,,sale,30.0,49.5,,30.0,30.0,,On-time,,roseworthy,sowing,2023-05-24,50.0,0.0,0.0,,,,,,,,,,
4291,ROSEWORTHY_S4_P1231_R3,2023,6,1,,,,,,,,,,,,,,,,,,0.05L/ha applied before establishment - whole site,roseworthy,pesticide,2023-06-01,11.0,6.75,0.0,,,,,,,Albatross,L,0.05,insects
4292,ROSEWORTHY_S4_P1231_R3,2023,6,2,,,,,,,,,,,,,,,,,,1.5kg/ha applied before estableshment,roseworthy,pesticide,2023-06-02,11.0,112.5,0.0,,,,,,,MouseOff,kg,1.5,mice
4293,ROSEWORTHY_S4_P1231_R3,2023,7,3,,,,,,,,,,,,,,,,,,0.045kg/ha+0.2%wv applied peas at 3-4 nodes (mix = Raptor + Activator),roseworthy,herbicide,2023-07-03,11.0,12.15,0.0,,,,,,,Raptor,kg,0.045,
4294,ROSEWORTHY_S4_P1231_R3,2023,7,11,,,,,,,,,,,,,,,,,,0.5L/ha+1%wv applied canola at ~4 leaves and peas at ~4 nodes (mix = Grasidim + Hasten),roseworthy,herbicide,2023-07-11,11.0,15.0,0.0,,,,,,,Grasidim,L,0.5,
4295,ROSEWORTHY_S4_P1231_R3,2023,7,24,,,,,,,,,,,,,,,,,,1.5kg/ha applied at early growth development,roseworthy,pesticide,2023-07-24,11.0,112.5,0.0,,,,,,,MouseOff,kg,1.5,mice
4296,ROSEWORTHY_S4_P1231_R3,2023,7,25,,,,,,,,,,,,,,,,,,0.3L/ha applied at Z-30 stage (cereal) / pre-canopy close (pulse) - whole site,roseworthy,fungicide,2023-07-25,11.0,16.349999999999998,0.0,,,,,,,Aviator Xpro,L,0.3,
4297,ROSEWORTHY_S4_P1231_R3,2023,9,5,,,,,,,,,,,,,,,,,,1.6kg/ha applied at Flowering stage - pulse and intercrop plots,roseworthy,fungicide,2023-09-05,11.0,40.0,0.0,,,,,,,Echo900 ,kg,1.6,
4298,ROSEWORTHY_S4_P1231_R3,2023,9,22,,,,,,,,,,,,,,,,,,"0.03L/ha applied post-flowering/maturity - whole site (Protect the pods target pulse/canola, but went whole site)",roseworthy,pesticide,2023-09-22,11.0,2.8794,0.0,,,,,,,Trojan,L,0.03,insects
4299,ROSEWORTHY_S4_P1231_R3,2023,11,7,canola,fieldpea,,,,,,,,,,,,,,,,,roseworthy,termination,2023-11-07,80.0,0.0,1240.0610000000001,success,sale,711.0,1769.0,,stubble,,,,
4300,ROSEWORTHY_S4_P1231_R3,2023,12,19,,,,,,,,,,,,,,,,,,2L/ha+3L/ha+1% applied as post-harvest - Whole site (mix = 2 L/ha + 3 L/ha AMS 1% water volume / Banjo 1% wv),roseworthy,herbicide,2023-12-19,11.0,24.0,0.0,,,,,,,Crucial,L,2.0,
4301,ROSEWORTHY_S4_P1231_R3,2023,12,19,,,,,,,,,,,,,,,,,,2L/ha+3L/ha+1% applied as post-harvest - Whole site (mix = 2 L/ha + 3 L/ha AMS 1% water volume / Banjo 1% wv),roseworthy,herbicide,2023-12-19,11.0,60.0,0.0,,,,,,,Gluphosinate,L,3.0,
4302,ROSEWORTHY_S4_P2312_R1,2023,4,15,,,,,,,,,,,,,,,,,,2L/ha applied as Knockdown - Whole site,roseworthy,herbicide,2023-04-15,11.0,24.0,0.0,,,,,,,Crucial,L,2.0,
4303,ROSEWORTHY_S4_P2312_R1,2023,5,10,,,,,,,,,,,,,,,,,,2L/ha applied as Knockdown - Whole site,roseworthy,herbicide,2023-05-10,11.0,9.9,0.0,,,,,,,Paraquat,L,2.0,
4304,ROSEWORTHY_S4_P2312_R1,2023,5,15,,,,,,,,,,,,,,,,,,1.5kg/ha applied pre-sowing,roseworthy,pesticide,2023-05-15,11.0,112.5,0.0,,,,,,,MouseOff,kg,1.5,mice
4305,ROSEWORTHY_S4_P2312_R1,2023,5,23,,,,,,,,,,,,,,,,,,0.21L/ha applied at pre-sowing,roseworthy,herbicide,2023-05-23,11.0,72.07199999999999,0.0,,,,,,,Sakura Flow,L,0.21,
4306,ROSEWORTHY_S4_P2312_R1,2023,5,24,,,,,,,,,,,,,,,,,,"110kg/ha applied pre-sowing, banded below seed",roseworthy,fertiliser,2023-05-24,8.5,63.24999999999999,0.0,,,,,,,DAP,kg,110.0,
4307,ROSEWORTHY_S4_P2312_R1,2023,5,24,,,,,,,,,,,,,,,,,,1L/ha applied as pre-sowing - Whole site,roseworthy,herbicide,2023-05-24,11.0,13.5,0.0,,,,,,,Chlorpyriphos,L,1.0,
4308,ROSEWORTHY_S4_P2312_R1,2023,5,24,,,,,,,,,,,,,,,,,,2L/ha applied as pre-sowing - Whole site,roseworthy,herbicide,2023-05-24,11.0,24.0,0.0,,,,,,,Crucial,L,2.0,
4309,ROSEWORTHY_S4_P2312_R1,2023,5,24,wheat,lentil,,hammer cl,hurricane xt,,True,True,,sale,120.0,108.0,,30.0,30.0,,On-time,,roseworthy,sowing,2023-05-24,50.0,0.0,0.0,,,,,,,,,,
4310,ROSEWORTHY_S4_P2312_R1,2023,6,1,,,,,,,,,,,,,,,,,,0.05L/ha applied before establishment - whole site,roseworthy,pesticide,2023-06-01,11.0,6.75,0.0,,,,,,,Albatross,L,0.05,insects
4311,ROSEWORTHY_S4_P2312_R1,2023,6,2,,,,,,,,,,,,,,,,,,1.5kg/ha applied before estableshment,roseworthy,pesticide,2023-06-02,11.0,112.5,0.0,,,,,,,MouseOff,kg,1.5,mice
4312,ROSEWORTHY_S4_P2312_R1,2023,7,24,,,,,,,,,,,,,,,,,,1.5kg/ha applied at early growth development,roseworthy,pesticide,2023-07-24,11.0,112.5,0.0,,,,,,,MouseOff,kg,1.5,mice
4313,ROSEWORTHY_S4_P2312_R1,2023,7,25,,,,,,,,,,,,,,,,,,0.3L/ha applied at Z-30 stage (cereal) / pre-canopy close (pulse) - whole site,roseworthy,fungicide,2023-07-25,11.0,16.349999999999998,0.0,,,,,,,Aviator Xpro,L,0.3,
4314,ROSEWORTHY_S4_P2312_R1,2023,7,26,,,,,,,,,,,,,,,,,,0.75L/ha+0.5%wv applied at Zadocks 30 stage / pre-canopy close for pulse (mix = Intercept + Hasten),roseworthy,herbicide,2023-07-26,11.0,206.25,0.0,,,,,,,Intercept ,L,0.75,
4315,ROSEWORTHY_S4_P2312_R1,2023,9,5,,,,,,,,,,,,,,,,,,1.6kg/ha applied at Flowering stage - pulse and intercrop plots,roseworthy,fungicide,2023-09-05,11.0,40.0,0.0,,,,,,,Echo900 ,kg,1.6,
4316,ROSEWORTHY_S4_P2312_R1,2023,9,22,,,,,,,,,,,,,,,,,,"0.03L/ha applied post-flowering/maturity - whole site (Protect the pods target pulse/canola, but went whole site)",roseworthy,pesticide,2023-09-22,11.0,2.8794,0.0,,,,,,,Trojan,L,0.03,insects
4317,ROSEWORTHY_S4_P2312_R1,2023,11,7,wheat,lentil,,,,,,,,,,,,,,,,,roseworthy,termination,2023-11-07,80.0,0.0,1398.38,success,sale,3361.0,445.0,,stubble,,,,
4318,ROSEWORTHY_S4_P2312_R1,2023,12,19,,,,,,,,,,,,,,,,,,2L/ha+3L/ha+1% applied as post-harvest - Whole site (mix = 2 L/ha + 3 L/ha AMS 1% water volume / Banjo 1% wv),roseworthy,herbicide,2023-12-19,11.0,24.0,0.0,,,,,,,Crucial,L,2.0,
4319,ROSEWORTHY_S4_P2312_R1,2023,12,19,,,,,,,,,,,,,,,,,,2L/ha+3L/ha+1% applied as post-harvest - Whole site (mix = 2 L/ha + 3 L/ha AMS 1% water volume / Banjo 1% wv),roseworthy,herbicide,2023-12-19,11.0,60.0,0.0,,,,,,,Gluphosinate,L,3.0,
4320,ROSEWORTHY_S4_P2312_R2,2023,4,15,,,,,,,,,,,,,,,,,,2L/ha applied as Knockdown - Whole site,roseworthy,herbicide,2023-04-15,11.0,24.0,0.0,,,,,,,Crucial,L,2.0,
4321,ROSEWORTHY_S4_P2312_R2,2023,5,10,,,,,,,,,,,,,,,,,,2L/ha applied as Knockdown - Whole site,roseworthy,herbicide,2023-05-10,11.0,9.9,0.0,,,,,,,Paraquat,L,2.0,
4322,ROSEWORTHY_S4_P2312_R2,2023,5,15,,,,,,,,,,,,,,,,,,1.5kg/ha applied pre-sowing,roseworthy,pesticide,2023-05-15,11.0,112.5,0.0,,,,,,,MouseOff,kg,1.5,mice
4323,ROSEWORTHY_S4_P2312_R2,2023,5,23,,,,,,,,,,,,,,,,,,0.21L/ha applied at pre-sowing,roseworthy,herbicide,2023-05-23,11.0,72.07199999999999,0.0,,,,,,,Sakura Flow,L,0.21,
4324,ROSEWORTHY_S4_P2312_R2,2023,5,24,,,,,,,,,,,,,,,,,,"110kg/ha applied pre-sowing, banded below seed",roseworthy,fertiliser,2023-05-24,8.5,63.24999999999999,0.0,,,,,,,DAP,kg,110.0,
4325,ROSEWORTHY_S4_P2312_R2,2023,5,24,,,,,,,,,,,,,,,,,,1L/ha applied as pre-sowing - Whole site,roseworthy,herbicide,2023-05-24,11.0,13.5,0.0,,,,,,,Chlorpyriphos,L,1.0,
4326,ROSEWORTHY_S4_P2312_R2,2023,5,24,,,,,,,,,,,,,,,,,,2L/ha applied as pre-sowing - Whole site,roseworthy,herbicide,2023-05-24,11.0,24.0,0.0,,,,,,,Crucial,L,2.0,
4327,ROSEWORTHY_S4_P2312_R2,2023,5,24,wheat,lentil,,hammer cl,hurricane xt,,True,True,,sale,120.0,108.0,,30.0,30.0,,On-time,,roseworthy,sowing,2023-05-24,50.0,0.0,0.0,,,,,,,,,,
4328,ROSEWORTHY_S4_P2312_R2,2023,6,1,,,,,,,,,,,,,,,,,,0.05L/ha applied before establishment - whole site,roseworthy,pesticide,2023-06-01,11.0,6.75,0.0,,,,,,,Albatross,L,0.05,insects
4329,ROSEWORTHY_S4_P2312_R2,2023,6,2,,,,,,,,,,,,,,,,,,1.5kg/ha applied before estableshment,roseworthy,pesticide,2023-06-02,11.0,112.5,0.0,,,,,,,MouseOff,kg,1.5,mice
4330,ROSEWORTHY_S4_P2312_R2,2023,7,24,,,,,,,,,,,,,,,,,,1.5kg/ha applied at early growth development,roseworthy,pesticide,2023-07-24,11.0,112.5,0.0,,,,,,,MouseOff,kg,1.5,mice
4331,ROSEWORTHY_S4_P2312_R2,2023,7,25,,,,,,,,,,,,,,,,,,0.3L/ha applied at Z-30 stage (cereal) / pre-canopy close (pulse) - whole site,roseworthy,fungicide,2023-07-25,11.0,16.349999999999998,0.0,,,,,,,Aviator Xpro,L,0.3,
4332,ROSEWORTHY_S4_P2312_R2,2023,7,26,,,,,,,,,,,,,,,,,,0.75L/ha+0.5%wv applied at Zadocks 30 stage / pre-canopy close for pulse (mix = Intercept + Hasten),roseworthy,herbicide,2023-07-26,11.0,206.25,0.0,,,,,,,Intercept ,L,0.75,
4333,ROSEWORTHY_S4_P2312_R2,2023,9,5,,,,,,,,,,,,,,,,,,1.6kg/ha applied at Flowering stage - pulse and intercrop plots,roseworthy,fungicide,2023-09-05,11.0,40.0,0.0,,,,,,,Echo900 ,kg,1.6,
4334,ROSEWORTHY_S4_P2312_R2,2023,9,22,,,,,,,,,,,,,,,,,,"0.03L/ha applied post-flowering/maturity - whole site (Protect the pods target pulse/canola, but went whole site)",roseworthy,pesticide,2023-09-22,11.0,2.8794,0.0,,,,,,,Trojan,L,0.03,insects
4335,ROSEWORTHY_S4_P2312_R2,2023,11,7,wheat,lentil,,,,,,,,,,,,,,,,,roseworthy,termination,2023-11-07,80.0,0.0,1381.5700000000002,success,sale,3184.0,509.0,,stubble,,,,
4336,ROSEWORTHY_S4_P2312_R2,2023,12,19,,,,,,,,,,,,,,,,,,2L/ha+3L/ha+1% applied as post-harvest - Whole site (mix = 2 L/ha + 3 L/ha AMS 1% water volume / Banjo 1% wv),roseworthy,herbicide,2023-12-19,11.0,24.0,0.0,,,,,,,Crucial,L,2.0,
4337,ROSEWORTHY_S4_P2312_R2,2023,12,19,,,,,,,,,,,,,,,,,,2L/ha+3L/ha+1% applied as post-harvest - Whole site (mix = 2 L/ha + 3 L/ha AMS 1% water volume / Banjo 1% wv),roseworthy,herbicide,2023-12-19,11.0,60.0,0.0,,,,,,,Gluphosinate,L,3.0,
4338,ROSEWORTHY_S4_P2312_R3,2023,4,15,,,,,,,,,,,,,,,,,,2L/ha applied as Knockdown - Whole site,roseworthy,herbicide,2023-04-15,11.0,24.0,0.0,,,,,,,Crucial,L,2.0,
4339,ROSEWORTHY_S4_P2312_R3,2023,5,10,,,,,,,,,,,,,,,,,,2L/ha applied as Knockdown - Whole site,roseworthy,herbicide,2023-05-10,11.0,9.9,0.0,,,,,,,Paraquat,L,2.0,
4340,ROSEWORTHY_S4_P2312_R3,2023,5,15,,,,,,,,,,,,,,,,,,1.5kg/ha applied pre-sowing,roseworthy,pesticide,2023-05-15,11.0,112.5,0.0,,,,,,,MouseOff,kg,1.5,mice
4341,ROSEWORTHY_S4_P2312_R3,2023,5,23,,,,,,,,,,,,,,,,,,0.21L/ha applied at pre-sowing,roseworthy,herbicide,2023-05-23,11.0,72.07199999999999,0.0,,,,,,,Sakura Flow,L,0.21,
4342,ROSEWORTHY_S4_P2312_R3,2023,5,24,,,,,,,,,,,,,,,,,,"110kg/ha applied pre-sowing, banded below seed",roseworthy,fertiliser,2023-05-24,8.5,63.24999999999999,0.0,,,,,,,DAP,kg,110.0,
4343,ROSEWORTHY_S4_P2312_R3,2023,5,24,,,,,,,,,,,,,,,,,,1L/ha applied as pre-sowing - Whole site,roseworthy,herbicide,2023-05-24,11.0,13.5,0.0,,,,,,,Chlorpyriphos,L,1.0,
4344,ROSEWORTHY_S4_P2312_R3,2023,5,24,,,,,,,,,,,,,,,,,,2L/ha applied as pre-sowing - Whole site,roseworthy,herbicide,2023-05-24,11.0,24.0,0.0,,,,,,,Crucial,L,2.0,
4345,ROSEWORTHY_S4_P2312_R3,2023,5,24,wheat,lentil,,hammer cl,hurricane xt,,True,True,,sale,120.0,108.0,,30.0,30.0,,On-time,,roseworthy,sowing,2023-05-24,50.0,0.0,0.0,,,,,,,,,,
4346,ROSEWORTHY_S4_P2312_R3,2023,6,1,,,,,,,,,,,,,,,,,,0.05L/ha applied before establishment - whole site,roseworthy,pesticide,2023-06-01,11.0,6.75,0.0,,,,,,,Albatross,L,0.05,insects
4347,ROSEWORTHY_S4_P2312_R3,2023,6,2,,,,,,,,,,,,,,,,,,1.5kg/ha applied before estableshment,roseworthy,pesticide,2023-06-02,11.0,112.5,0.0,,,,,,,MouseOff,kg,1.5,mice
4348,ROSEWORTHY_S4_P2312_R3,2023,7,24,,,,,,,,,,,,,,,,,,1.5kg/ha applied at early growth development,roseworthy,pesticide,2023-07-24,11.0,112.5,0.0,,,,,,,MouseOff,kg,1.5,mice
4349,ROSEWORTHY_S4_P2312_R3,2023,7,25,,,,,,,,,,,,,,,,,,0.3L/ha applied at Z-30 stage (cereal) / pre-canopy close (pulse) - whole site,roseworthy,fungicide,2023-07-25,11.0,16.349999999999998,0.0,,,,,,,Aviator Xpro,L,0.3,
4350,ROSEWORTHY_S4_P2312_R3,2023,7,26,,,,,,,,,,,,,,,,,,0.75L/ha+0.5%wv applied at Zadocks 30 stage / pre-canopy close for pulse (mix = Intercept + Hasten),roseworthy,herbicide,2023-07-26,11.0,206.25,0.0,,,,,,,Intercept ,L,0.75,
4351,ROSEWORTHY_S4_P2312_R3,2023,9,5,,,,,,,,,,,,,,,,,,1.6kg/ha applied at Flowering stage - pulse and intercrop plots,roseworthy,fungicide,2023-09-05,11.0,40.0,0.0,,,,,,,Echo900 ,kg,1.6,
4352,ROSEWORTHY_S4_P2312_R3,2023,9,22,,,,,,,,,,,,,,,,,,"0.03L/ha applied post-flowering/maturity - whole site (Protect the pods target pulse/canola, but went whole site)",roseworthy,pesticide,2023-09-22,11.0,2.8794,0.0,,,,,,,Trojan,L,0.03,insects
4353,ROSEWORTHY_S4_P2312_R3,2023,11,7,wheat,lentil,,,,,,,,,,,,,,,,,roseworthy,termination,2023-11-07,80.0,0.0,1490.72,success,sale,3499.0,517.0,,stubble,,,,
4354,ROSEWORTHY_S4_P2312_R3,2023,12,19,,,,,,,,,,,,,,,,,,2L/ha+3L/ha+1% applied as post-harvest - Whole site (mix = 2 L/ha + 3 L/ha AMS 1% water volume / Banjo 1% wv),roseworthy,herbicide,2023-12-19,11.0,24.0,0.0,,,,,,,Crucial,L,2.0,
4355,ROSEWORTHY_S4_P2312_R3,2023,12,19,,,,,,,,,,,,,,,,,,2L/ha+3L/ha+1% applied as post-harvest - Whole site (mix = 2 L/ha + 3 L/ha AMS 1% water volume / Banjo 1% wv),roseworthy,herbicide,2023-12-19,11.0,60.0,0.0,,,,,,,Gluphosinate,L,3.0,
4356,ROSEWORTHY_S4_P3123_R1,2023,4,15,,,,,,,,,,,,,,,,,,2L/ha applied as Knockdown - Whole site,roseworthy,herbicide,2023-04-15,11.0,24.0,0.0,,,,,,,Crucial,L,2.0,
4357,ROSEWORTHY_S4_P3123_R1,2023,5,10,,,,,,,,,,,,,,,,,,2L/ha applied as Knockdown - Whole site,roseworthy,herbicide,2023-05-10,11.0,9.9,0.0,,,,,,,Paraquat,L,2.0,
4358,ROSEWORTHY_S4_P3123_R1,2023,5,15,,,,,,,,,,,,,,,,,,1.5kg/ha applied pre-sowing,roseworthy,pesticide,2023-05-15,11.0,112.5,0.0,,,,,,,MouseOff,kg,1.5,mice
4359,ROSEWORTHY_S4_P3123_R1,2023,5,23,,,,,,,,,,,,,,,,,,1.25L/ha applied pre-sowing,roseworthy,herbicide,2023-05-23,11.0,12.5,0.0,,,,,,,Overwatch,L,1.25,
4360,ROSEWORTHY_S4_P3123_R1,2023,5,24,,,,,,,,,,,,,,,,,,"110kg/ha applied pre-sowing, banded below seed",roseworthy,fertiliser,2023-05-24,8.5,63.24999999999999,0.0,,,,,,,DAP,kg,110.0,
4361,ROSEWORTHY_S4_P3123_R1,2023,5,24,,,,,,,,,,,,,,,,,,1L/ha applied as pre-sowing - Whole site,roseworthy,herbicide,2023-05-24,11.0,13.5,0.0,,,,,,,Chlorpyriphos,L,1.0,
4362,ROSEWORTHY_S4_P3123_R1,2023,5,24,,,,,,,,,,,,,,,,,,2L/ha applied as pre-sowing - Whole site,roseworthy,herbicide,2023-05-24,11.0,24.0,0.0,,,,,,,Crucial,L,2.0,
4363,ROSEWORTHY_S4_P3123_R1,2023,5,24,barley,fababean,,titan ax,bendoc,,True,True,,sale,110.0,27.0,,30.0,30.0,,On-time,,roseworthy,sowing,2023-05-24,50.0,0.0,0.0,,,,,,,,,,
4364,ROSEWORTHY_S4_P3123_R1,2023,6,1,,,,,,,,,,,,,,,,,,0.05L/ha applied before establishment - whole site,roseworthy,pesticide,2023-06-01,11.0,6.75,0.0,,,,,,,Albatross,L,0.05,insects
4365,ROSEWORTHY_S4_P3123_R1,2023,6,2,,,,,,,,,,,,,,,,,,1.5kg/ha applied before estableshment,roseworthy,pesticide,2023-06-02,11.0,112.5,0.0,,,,,,,MouseOff,kg,1.5,mice
4366,ROSEWORTHY_S4_P3123_R1,2023,7,11,,,,,,,,,,,,,,,,,,0.38L/ha+0.2%wv applied at Zadocks 22 stage (mix = 0.38 L/ha + 0.2% wv Leopard (QPE 99 g/L) + Activator),roseworthy,herbicide,2023-07-11,11.0,7.98,0.0,,,,,,,Leopard,L,0.38,
4367,ROSEWORTHY_S4_P3123_R1,2023,7,24,,,,,,,,,,,,,,,,,,1.5kg/ha applied at early growth development,roseworthy,pesticide,2023-07-24,11.0,112.5,0.0,,,,,,,MouseOff,kg,1.5,mice
4368,ROSEWORTHY_S4_P3123_R1,2023,7,25,,,,,,,,,,,,,,,,,,0.3L/ha applied at Z-30 stage (cereal) / pre-canopy close (pulse) - whole site,roseworthy,fungicide,2023-07-25,11.0,16.349999999999998,0.0,,,,,,,Aviator Xpro,L,0.3,
4369,ROSEWORTHY_S4_P3123_R1,2023,9,5,,,,,,,,,,,,,,,,,,1.6kg/ha applied at Flowering stage - pulse and intercrop plots,roseworthy,fungicide,2023-09-05,11.0,40.0,0.0,,,,,,,Echo900 ,kg,1.6,
4370,ROSEWORTHY_S4_P3123_R1,2023,9,22,,,,,,,,,,,,,,,,,,"0.03L/ha applied post-flowering/maturity - whole site (Protect the pods target pulse/canola, but went whole site)",roseworthy,pesticide,2023-09-22,11.0,2.8794,0.0,,,,,,,Trojan,L,0.03,insects
4371,ROSEWORTHY_S4_P3123_R1,2023,11,7,barley,fababean,,,,,,,,,,,,,,,,,roseworthy,termination,2023-11-07,80.0,0.0,1395.464,success,sale,3668.0,560.0,,stubble,,,,
4372,ROSEWORTHY_S4_P3123_R1,2023,12,19,,,,,,,,,,,,,,,,,,2L/ha+3L/ha+1% applied as post-harvest - Whole site (mix = 2 L/ha + 3 L/ha AMS 1% water volume / Banjo 1% wv),roseworthy,herbicide,2023-12-19,11.0,24.0,0.0,,,,,,,Crucial,L,2.0,
4373,ROSEWORTHY_S4_P3123_R1,2023,12,19,,,,,,,,,,,,,,,,,,2L/ha+3L/ha+1% applied as post-harvest - Whole site (mix = 2 L/ha + 3 L/ha AMS 1% water volume / Banjo 1% wv),roseworthy,herbicide,2023-12-19,11.0,60.0,0.0,,,,,,,Gluphosinate,L,3.0,
4374,ROSEWORTHY_S4_P3123_R2,2023,4,15,,,,,,,,,,,,,,,,,,2L/ha applied as Knockdown - Whole site,roseworthy,herbicide,2023-04-15,11.0,24.0,0.0,,,,,,,Crucial,L,2.0,
4375,ROSEWORTHY_S4_P3123_R2,2023,5,10,,,,,,,,,,,,,,,,,,2L/ha applied as Knockdown - Whole site,roseworthy,herbicide,2023-05-10,11.0,9.9,0.0,,,,,,,Paraquat,L,2.0,
4376,ROSEWORTHY_S4_P3123_R2,2023,5,15,,,,,,,,,,,,,,,,,,1.5kg/ha applied pre-sowing,roseworthy,pesticide,2023-05-15,11.0,112.5,0.0,,,,,,,MouseOff,kg,1.5,mice
4377,ROSEWORTHY_S4_P3123_R2,2023,5,23,,,,,,,,,,,,,,,,,,1.25L/ha applied pre-sowing,roseworthy,herbicide,2023-05-23,11.0,12.5,0.0,,,,,,,Overwatch,L,1.25,
4378,ROSEWORTHY_S4_P3123_R2,2023,5,24,,,,,,,,,,,,,,,,,,"110kg/ha applied pre-sowing, banded below seed",roseworthy,fertiliser,2023-05-24,8.5,63.24999999999999,0.0,,,,,,,DAP,kg,110.0,
4379,ROSEWORTHY_S4_P3123_R2,2023,5,24,,,,,,,,,,,,,,,,,,1L/ha applied as pre-sowing - Whole site,roseworthy,herbicide,2023-05-24,11.0,13.5,0.0,,,,,,,Chlorpyriphos,L,1.0,
4380,ROSEWORTHY_S4_P3123_R2,2023,5,24,,,,,,,,,,,,,,,,,,2L/ha applied as pre-sowing - Whole site,roseworthy,herbicide,2023-05-24,11.0,24.0,0.0,,,,,,,Crucial,L,2.0,
4381,ROSEWORTHY_S4_P3123_R2,2023,5,24,barley,fababean,,titan ax,bendoc,,True,True,,sale,110.0,27.0,,30.0,30.0,,On-time,,roseworthy,sowing,2023-05-24,50.0,0.0,0.0,,,,,,,,,,
4382,ROSEWORTHY_S4_P3123_R2,2023,6,1,,,,,,,,,,,,,,,,,,0.05L/ha applied before establishment - whole site,roseworthy,pesticide,2023-06-01,11.0,6.75,0.0,,,,,,,Albatross,L,0.05,insects
4383,ROSEWORTHY_S4_P3123_R2,2023,6,2,,,,,,,,,,,,,,,,,,1.5kg/ha applied before estableshment,roseworthy,pesticide,2023-06-02,11.0,112.5,0.0,,,,,,,MouseOff,kg,1.5,mice
4384,ROSEWORTHY_S4_P3123_R2,2023,7,11,,,,,,,,,,,,,,,,,,0.38L/ha+0.2%wv applied at Zadocks 22 stage (mix = 0.38 L/ha + 0.2% wv Leopard (QPE 99 g/L) + Activator),roseworthy,herbicide,2023-07-11,11.0,7.98,0.0,,,,,,,Leopard,L,0.38,
4385,ROSEWORTHY_S4_P3123_R2,2023,7,24,,,,,,,,,,,,,,,,,,1.5kg/ha applied at early growth development,roseworthy,pesticide,2023-07-24,11.0,112.5,0.0,,,,,,,MouseOff,kg,1.5,mice
4386,ROSEWORTHY_S4_P3123_R2,2023,7,25,,,,,,,,,,,,,,,,,,0.3L/ha applied at Z-30 stage (cereal) / pre-canopy close (pulse) - whole site,roseworthy,fungicide,2023-07-25,11.0,16.349999999999998,0.0,,,,,,,Aviator Xpro,L,0.3,
4387,ROSEWORTHY_S4_P3123_R2,2023,9,5,,,,,,,,,,,,,,,,,,1.6kg/ha applied at Flowering stage - pulse and intercrop plots,roseworthy,fungicide,2023-09-05,11.0,40.0,0.0,,,,,,,Echo900 ,kg,1.6,
4388,ROSEWORTHY_S4_P3123_R2,2023,9,22,,,,,,,,,,,,,,,,,,"0.03L/ha applied post-flowering/maturity - whole site (Protect the pods target pulse/canola, but went whole site)",roseworthy,pesticide,2023-09-22,11.0,2.8794,0.0,,,,,,,Trojan,L,0.03,insects
4389,ROSEWORTHY_S4_P3123_R2,2023,11,7,barley,fababean,,,,,,,,,,,,,,,,,roseworthy,termination,2023-11-07,80.0,0.0,1436.9699999999998,success,sale,3945.0,484.0,,stubble,,,,
4390,ROSEWORTHY_S4_P3123_R2,2023,12,19,,,,,,,,,,,,,,,,,,2L/ha+3L/ha+1% applied as post-harvest - Whole site (mix = 2 L/ha + 3 L/ha AMS 1% water volume / Banjo 1% wv),roseworthy,herbicide,2023-12-19,11.0,24.0,0.0,,,,,,,Crucial,L,2.0,
4391,ROSEWORTHY_S4_P3123_R2,2023,12,19,,,,,,,,,,,,,,,,,,2L/ha+3L/ha+1% applied as post-harvest - Whole site (mix = 2 L/ha + 3 L/ha AMS 1% water volume / Banjo 1% wv),roseworthy,herbicide,2023-12-19,11.0,60.0,0.0,,,,,,,Gluphosinate,L,3.0,
4392,ROSEWORTHY_S4_P3123_R3,2023,4,15,,,,,,,,,,,,,,,,,,2L/ha applied as Knockdown - Whole site,roseworthy,herbicide,2023-04-15,11.0,24.0,0.0,,,,,,,Crucial,L,2.0,
4393,ROSEWORTHY_S4_P3123_R3,2023,5,10,,,,,,,,,,,,,,,,,,2L/ha applied as Knockdown - Whole site,roseworthy,herbicide,2023-05-10,11.0,9.9,0.0,,,,,,,Paraquat,L,2.0,
4394,ROSEWORTHY_S4_P3123_R3,2023,5,15,,,,,,,,,,,,,,,,,,1.5kg/ha applied pre-sowing,roseworthy,pesticide,2023-05-15,11.0,112.5,0.0,,,,,,,MouseOff,kg,1.5,mice
4395,ROSEWORTHY_S4_P3123_R3,2023,5,23,,,,,,,,,,,,,,,,,,1.25L/ha applied pre-sowing,roseworthy,herbicide,2023-05-23,11.0,12.5,0.0,,,,,,,Overwatch,L,1.25,
4396,ROSEWORTHY_S4_P3123_R3,2023,5,24,,,,,,,,,,,,,,,,,,"110kg/ha applied pre-sowing, banded below seed",roseworthy,fertiliser,2023-05-24,8.5,63.24999999999999,0.0,,,,,,,DAP,kg,110.0,
4397,ROSEWORTHY_S4_P3123_R3,2023,5,24,,,,,,,,,,,,,,,,,,1L/ha applied as pre-sowing - Whole site,roseworthy,herbicide,2023-05-24,11.0,13.5,0.0,,,,,,,Chlorpyriphos,L,1.0,
4398,ROSEWORTHY_S4_P3123_R3,2023,5,24,,,,,,,,,,,,,,,,,,2L/ha applied as pre-sowing - Whole site,roseworthy,herbicide,2023-05-24,11.0,24.0,0.0,,,,,,,Crucial,L,2.0,
4399,ROSEWORTHY_S4_P3123_R3,2023,5,24,barley,fababean,,titan ax,bendoc,,True,True,,sale,110.0,27.0,,30.0,30.0,,On-time,,roseworthy,sowing,2023-05-24,50.0,0.0,0.0,,,,,,,,,,
4400,ROSEWORTHY_S4_P3123_R3,2023,6,1,,,,,,,,,,,,,,,,,,0.05L/ha applied before establishment - whole site,roseworthy,pesticide,2023-06-01,11.0,6.75,0.0,,,,,,,Albatross,L,0.05,insects
4401,ROSEWORTHY_S4_P3123_R3,2023,6,2,,,,,,,,,,,,,,,,,,1.5kg/ha applied before estableshment,roseworthy,pesticide,2023-06-02,11.0,112.5,0.0,,,,,,,MouseOff,kg,1.5,mice
4402,ROSEWORTHY_S4_P3123_R3,2023,7,11,,,,,,,,,,,,,,,,,,0.38L/ha+0.2%wv applied at Zadocks 22 stage (mix = 0.38 L/ha + 0.2% wv Leopard (QPE 99 g/L) + Activator),roseworthy,herbicide,2023-07-11,11.0,7.98,0.0,,,,,,,Leopard,L,0.38,
4403,ROSEWORTHY_S4_P3123_R3,2023,7,24,,,,,,,,,,,,,,,,,,1.5kg/ha applied at early growth development,roseworthy,pesticide,2023-07-24,11.0,112.5,0.0,,,,,,,MouseOff,kg,1.5,mice
4404,ROSEWORTHY_S4_P3123_R3,2023,7,25,,,,,,,,,,,,,,,,,,0.3L/ha applied at Z-30 stage (cereal) / pre-canopy close (pulse) - whole site,roseworthy,fungicide,2023-07-25,11.0,16.349999999999998,0.0,,,,,,,Aviator Xpro,L,0.3,
4405,ROSEWORTHY_S4_P3123_R3,2023,9,5,,,,,,,,,,,,,,,,,,1.6kg/ha applied at Flowering stage - pulse and intercrop plots,roseworthy,fungicide,2023-09-05,11.0,40.0,0.0,,,,,,,Echo900 ,kg,1.6,
4406,ROSEWORTHY_S4_P3123_R3,2023,9,22,,,,,,,,,,,,,,,,,,"0.03L/ha applied post-flowering/maturity - whole site (Protect the pods target pulse/canola, but went whole site)",roseworthy,pesticide,2023-09-22,11.0,2.8794,0.0,,,,,,,Trojan,L,0.03,insects
4407,ROSEWORTHY_S4_P3123_R3,2023,11,7,barley,fababean,,,,,,,,,,,,,,,,,roseworthy,termination,2023-11-07,80.0,0.0,1381.474,success,sale,3853.0,432.0,,stubble,,,,
4408,ROSEWORTHY_S4_P3123_R3,2023,12,19,,,,,,,,,,,,,,,,,,2L/ha+3L/ha+1% applied as post-harvest - Whole site (mix = 2 L/ha + 3 L/ha AMS 1% water volume / Banjo 1% wv),roseworthy,herbicide,2023-12-19,11.0,24.0,0.0,,,,,,,Crucial,L,2.0,
4409,ROSEWORTHY_S4_P3123_R3,2023,12,19,,,,,,,,,,,,,,,,,,2L/ha+3L/ha+1% applied as post-harvest - Whole site (mix = 2 L/ha + 3 L/ha AMS 1% water volume / Banjo 1% wv),roseworthy,herbicide,2023-12-19,11.0,60.0,0.0,,,,,,,Gluphosinate,L,3.0,
4410,ROSEWORTHY_S5_P0000_R1,2023,4,15,,,,,,,,,,,,,,,,,,2L/ha applied as Knockdown - Whole site,roseworthy,herbicide,2023-04-15,11.0,24.0,0.0,,,,,,,Crucial,L,2.0,
4411,ROSEWORTHY_S5_P0000_R1,2023,5,10,,,,,,,,,,,,,,,,,,2L/ha applied as Knockdown - Whole site,roseworthy,herbicide,2023-05-10,11.0,9.9,0.0,,,,,,,Paraquat,L,2.0,
4412,ROSEWORTHY_S5_P0000_R1,2023,5,15,,,,,,,,,,,,,,,,,,1.5kg/ha applied pre-sowing,roseworthy,pesticide,2023-05-15,11.0,112.5,0.0,,,,,,,MouseOff,kg,1.5,mice
4413,ROSEWORTHY_S5_P0000_R1,2023,5,23,,,,,,,,,,,,,,,,,,0.56kg/ha applied at pre-sowing,roseworthy,herbicide,2023-05-23,11.0,14.000000000000002,0.0,,,,,,,Edge 900DF,kg,0.56,
4414,ROSEWORTHY_S5_P0000_R1,2023,5,24,,,,,,,,,,,,,,,,,,"110kg/ha applied pre-sowing, banded below seed",roseworthy,fertiliser,2023-05-24,8.5,63.24999999999999,0.0,,,,,,,DAP,kg,110.0,
4415,ROSEWORTHY_S5_P0000_R1,2023,5,24,,,,,,,,,,,,,,,,,,1L/ha applied as pre-sowing - Whole site,roseworthy,herbicide,2023-05-24,11.0,13.5,0.0,,,,,,,Chlorpyriphos,L,1.0,
4416,ROSEWORTHY_S5_P0000_R1,2023,5,24,,,,,,,,,,,,,,,,,,2L/ha applied as pre-sowing - Whole site,roseworthy,herbicide,2023-05-24,11.0,24.0,0.0,,,,,,,Crucial,L,2.0,
4417,ROSEWORTHY_S5_P0000_R1,2023,5,24,canola,,,raptor tf,,,True,,,sale,50.0,,,15.0,,,On-time,,roseworthy,sowing,2023-05-24,50.0,0.0,0.0,,,,,,,,,,
4418,ROSEWORTHY_S5_P0000_R1,2023,6,1,,,,,,,,,,,,,,,,,,0.05L/ha applied before establishment - whole site,roseworthy,pesticide,2023-06-01,11.0,6.75,0.0,,,,,,,Albatross,L,0.05,insects
4419,ROSEWORTHY_S5_P0000_R1,2023,6,2,,,,,,,,,,,,,,,,,,1.5kg/ha applied before estableshment,roseworthy,pesticide,2023-06-02,11.0,112.5,0.0,,,,,,,MouseOff,kg,1.5,mice
4420,ROSEWORTHY_S5_P0000_R1,2023,7,6,,,,,,,,,,,,,,,,,,100kg/ha topdressing at 4-6 leaves,roseworthy,fertiliser,2023-07-06,8.5,50.0,0.0,,,,,,,Urea,kg,100.0,
4421,ROSEWORTHY_S5_P0000_R1,2023,7,11,,,,,,,,,,,,,,,,,,0.5L/ha+1.5L/ha+1%wv applied at 5-6 leaves stage (mix = Grasidim + Crucial + Hasten),roseworthy,herbicide,2023-07-11,11.0,15.0,0.0,,,,,,,Grasidim,L,0.5,
4422,ROSEWORTHY_S5_P0000_R1,2023,7,11,,,,,,,,,,,,,,,,,,0.5L/ha+1.5L/ha+1%wv applied at 5-6 leaves stage (mix = Grasidim + Crucial + Hasten),roseworthy,herbicide,2023-07-11,11.0,18.0,0.0,,,,,,,Crucial,L,1.5,
4423,ROSEWORTHY_S5_P0000_R1,2023,7,24,,,,,,,,,,,,,,,,,,1.5kg/ha applied at early growth development,roseworthy,pesticide,2023-07-24,11.0,112.5,0.0,,,,,,,MouseOff,kg,1.5,mice
4424,ROSEWORTHY_S5_P0000_R1,2023,7,25,,,,,,,,,,,,,,,,,,0.3L/ha applied at Z-30 stage (cereal) / pre-canopy close (pulse) - whole site,roseworthy,fungicide,2023-07-25,11.0,16.349999999999998,0.0,,,,,,,Aviator Xpro,L,0.3,
4425,ROSEWORTHY_S5_P0000_R1,2023,7,27,,,,,,,,,,,,,,,,,,100kg/ha topdressing,roseworthy,fertiliser,2023-07-27,8.5,50.0,0.0,,,,,,,Urea,kg,100.0,
4426,ROSEWORTHY_S5_P0000_R1,2023,8,9,,,,,,,,,,,,,,,,,,100kg/ha topdressing,roseworthy,fertiliser,2023-08-09,8.5,50.0,0.0,,,,,,,Urea,kg,100.0,
4427,ROSEWORTHY_S5_P0000_R1,2023,9,22,,,,,,,,,,,,,,,,,,"0.03L/ha applied post-flowering/maturity - whole site (Protect the pods target pulse/canola, but went whole site)",roseworthy,pesticide,2023-09-22,11.0,2.8794,0.0,,,,,,,Trojan,L,0.03,insects
4428,ROSEWORTHY_S5_P0000_R1,2023,11,7,canola,,,,,,,,,,,,,,,,,,roseworthy,termination,2023-11-07,80.0,0.0,1263.282,success,sale,2031.0,,,stubble,,,,
4429,ROSEWORTHY_S5_P0000_R1,2023,12,19,,,,,,,,,,,,,,,,,,2L/ha+3L/ha+1% applied as post-harvest - Whole site (mix = 2 L/ha + 3 L/ha AMS 1% water volume / Banjo 1% wv),roseworthy,herbicide,2023-12-19,11.0,24.0,0.0,,,,,,,Crucial,L,2.0,
4430,ROSEWORTHY_S5_P0000_R1,2023,12,19,,,,,,,,,,,,,,,,,,2L/ha+3L/ha+1% applied as post-harvest - Whole site (mix = 2 L/ha + 3 L/ha AMS 1% water volume / Banjo 1% wv),roseworthy,herbicide,2023-12-19,11.0,60.0,0.0,,,,,,,Gluphosinate,L,3.0,
4431,ROSEWORTHY_S5_P0000_R2,2023,4,15,,,,,,,,,,,,,,,,,,2L/ha applied as Knockdown - Whole site,roseworthy,herbicide,2023-04-15,11.0,24.0,0.0,,,,,,,Crucial,L,2.0,
4432,ROSEWORTHY_S5_P0000_R2,2023,5,10,,,,,,,,,,,,,,,,,,2L/ha applied as Knockdown - Whole site,roseworthy,herbicide,2023-05-10,11.0,9.9,0.0,,,,,,,Paraquat,L,2.0,
4433,ROSEWORTHY_S5_P0000_R2,2023,5,15,,,,,,,,,,,,,,,,,,1.5kg/ha applied pre-sowing,roseworthy,pesticide,2023-05-15,11.0,112.5,0.0,,,,,,,MouseOff,kg,1.5,mice
4434,ROSEWORTHY_S5_P0000_R2,2023,5,23,,,,,,,,,,,,,,,,,,0.56kg/ha applied at pre-sowing,roseworthy,herbicide,2023-05-23,11.0,14.000000000000002,0.0,,,,,,,Edge 900DF,kg,0.56,
4435,ROSEWORTHY_S5_P0000_R2,2023,5,24,,,,,,,,,,,,,,,,,,"110kg/ha applied pre-sowing, banded below seed",roseworthy,fertiliser,2023-05-24,8.5,63.24999999999999,0.0,,,,,,,DAP,kg,110.0,
4436,ROSEWORTHY_S5_P0000_R2,2023,5,24,,,,,,,,,,,,,,,,,,1L/ha applied as pre-sowing - Whole site,roseworthy,herbicide,2023-05-24,11.0,13.5,0.0,,,,,,,Chlorpyriphos,L,1.0,
4437,ROSEWORTHY_S5_P0000_R2,2023,5,24,,,,,,,,,,,,,,,,,,2L/ha applied as pre-sowing - Whole site,roseworthy,herbicide,2023-05-24,11.0,24.0,0.0,,,,,,,Crucial,L,2.0,
4438,ROSEWORTHY_S5_P0000_R2,2023,5,24,canola,,,raptor tf,,,True,,,sale,51.0,,,16.0,,,On-time,,roseworthy,sowing,2023-05-24,50.0,0.0,0.0,,,,,,,,,,
4439,ROSEWORTHY_S5_P0000_R2,2023,6,1,,,,,,,,,,,,,,,,,,0.05L/ha applied before establishment - whole site,roseworthy,pesticide,2023-06-01,11.0,6.75,0.0,,,,,,,Albatross,L,0.05,insects
4440,ROSEWORTHY_S5_P0000_R2,2023,6,2,,,,,,,,,,,,,,,,,,1.5kg/ha applied before estableshment,roseworthy,pesticide,2023-06-02,11.0,112.5,0.0,,,,,,,MouseOff,kg,1.5,mice
4441,ROSEWORTHY_S5_P0000_R2,2023,7,6,,,,,,,,,,,,,,,,,,100kg/ha topdressing at 4-6 leaves,roseworthy,fertiliser,2023-07-06,8.5,50.0,0.0,,,,,,,Urea,kg,100.0,
4442,ROSEWORTHY_S5_P0000_R2,2023,7,11,,,,,,,,,,,,,,,,,,0.5L/ha+1.5L/ha+1%wv applied at 5-6 leaves stage (mix = Grasidim + Crucial + Hasten),roseworthy,herbicide,2023-07-11,11.0,15.0,0.0,,,,,,,Grasidim,L,0.5,
4443,ROSEWORTHY_S5_P0000_R2,2023,7,11,,,,,,,,,,,,,,,,,,0.5L/ha+1.5L/ha+1%wv applied at 5-6 leaves stage (mix = Grasidim + Crucial + Hasten),roseworthy,herbicide,2023-07-11,11.0,18.0,0.0,,,,,,,Crucial,L,1.5,
4444,ROSEWORTHY_S5_P0000_R2,2023,7,24,,,,,,,,,,,,,,,,,,1.5kg/ha applied at early growth development,roseworthy,pesticide,2023-07-24,11.0,112.5,0.0,,,,,,,MouseOff,kg,1.5,mice
4445,ROSEWORTHY_S5_P0000_R2,2023,7,25,,,,,,,,,,,,,,,,,,0.3L/ha applied at Z-30 stage (cereal) / pre-canopy close (pulse) - whole site,roseworthy,fungicide,2023-07-25,11.0,16.349999999999998,0.0,,,,,,,Aviator Xpro,L,0.3,
4446,ROSEWORTHY_S5_P0000_R2,2023,7,27,,,,,,,,,,,,,,,,,,100kg/ha topdressing,roseworthy,fertiliser,2023-07-27,8.5,50.0,0.0,,,,,,,Urea,kg,100.0,
4447,ROSEWORTHY_S5_P0000_R2,2023,8,9,,,,,,,,,,,,,,,,,,100kg/ha topdressing,roseworthy,fertiliser,2023-08-09,8.5,50.0,0.0,,,,,,,Urea,kg,100.0,
4448,ROSEWORTHY_S5_P0000_R2,2023,9,22,,,,,,,,,,,,,,,,,,"0.03L/ha applied post-flowering/maturity - whole site (Protect the pods target pulse/canola, but went whole site)",roseworthy,pesticide,2023-09-22,11.0,2.8794,0.0,,,,,,,Trojan,L,0.03,insects
4449,ROSEWORTHY_S5_P0000_R2,2023,11,7,canola,,,,,,,,,,,,,,,,,,roseworthy,termination,2023-11-07,80.0,0.0,1300.602,success,sale,2091.0,,,stubble,,,,
4450,ROSEWORTHY_S5_P0000_R2,2023,12,19,,,,,,,,,,,,,,,,,,2L/ha+3L/ha+1% applied as post-harvest - Whole site (mix = 2 L/ha + 3 L/ha AMS 1% water volume / Banjo 1% wv),roseworthy,herbicide,2023-12-19,11.0,24.0,0.0,,,,,,,Crucial,L,2.0,
4451,ROSEWORTHY_S5_P0000_R2,2023,12,19,,,,,,,,,,,,,,,,,,2L/ha+3L/ha+1% applied as post-harvest - Whole site (mix = 2 L/ha + 3 L/ha AMS 1% water volume / Banjo 1% wv),roseworthy,herbicide,2023-12-19,11.0,60.0,0.0,,,,,,,Gluphosinate,L,3.0,
4452,ROSEWORTHY_S5_P0000_R3,2023,4,15,,,,,,,,,,,,,,,,,,2L/ha applied as Knockdown - Whole site,roseworthy,herbicide,2023-04-15,11.0,24.0,0.0,,,,,,,Crucial,L,2.0,
4453,ROSEWORTHY_S5_P0000_R3,2023,5,10,,,,,,,,,,,,,,,,,,2L/ha applied as Knockdown - Whole site,roseworthy,herbicide,2023-05-10,11.0,9.9,0.0,,,,,,,Paraquat,L,2.0,
4454,ROSEWORTHY_S5_P0000_R3,2023,5,15,,,,,,,,,,,,,,,,,,1.5kg/ha applied pre-sowing,roseworthy,pesticide,2023-05-15,11.0,112.5,0.0,,,,,,,MouseOff,kg,1.5,mice
4455,ROSEWORTHY_S5_P0000_R3,2023,5,23,,,,,,,,,,,,,,,,,,0.56kg/ha applied at pre-sowing,roseworthy,herbicide,2023-05-23,11.0,14.000000000000002,0.0,,,,,,,Edge 900DF,kg,0.56,
4456,ROSEWORTHY_S5_P0000_R3,2023,5,24,,,,,,,,,,,,,,,,,,"110kg/ha applied pre-sowing, banded below seed",roseworthy,fertiliser,2023-05-24,8.5,63.24999999999999,0.0,,,,,,,DAP,kg,110.0,
4457,ROSEWORTHY_S5_P0000_R3,2023,5,24,,,,,,,,,,,,,,,,,,1L/ha applied as pre-sowing - Whole site,roseworthy,herbicide,2023-05-24,11.0,13.5,0.0,,,,,,,Chlorpyriphos,L,1.0,
4458,ROSEWORTHY_S5_P0000_R3,2023,5,24,,,,,,,,,,,,,,,,,,2L/ha applied as pre-sowing - Whole site,roseworthy,herbicide,2023-05-24,11.0,24.0,0.0,,,,,,,Crucial,L,2.0,
4459,ROSEWORTHY_S5_P0000_R3,2023,5,24,canola,,,raptor tf,,,True,,,sale,52.0,,,17.0,,,On-time,,roseworthy,sowing,2023-05-24,50.0,0.0,0.0,,,,,,,,,,
4460,ROSEWORTHY_S5_P0000_R3,2023,6,1,,,,,,,,,,,,,,,,,,0.05L/ha applied before establishment - whole site,roseworthy,pesticide,2023-06-01,11.0,6.75,0.0,,,,,,,Albatross,L,0.05,insects
4461,ROSEWORTHY_S5_P0000_R3,2023,6,2,,,,,,,,,,,,,,,,,,1.5kg/ha applied before estableshment,roseworthy,pesticide,2023-06-02,11.0,112.5,0.0,,,,,,,MouseOff,kg,1.5,mice
4462,ROSEWORTHY_S5_P0000_R3,2023,7,6,,,,,,,,,,,,,,,,,,100kg/ha topdressing at 4-6 leaves,roseworthy,fertiliser,2023-07-06,8.5,50.0,0.0,,,,,,,Urea,kg,100.0,
4463,ROSEWORTHY_S5_P0000_R3,2023,7,11,,,,,,,,,,,,,,,,,,0.5L/ha+1.5L/ha+1%wv applied at 5-6 leaves stage (mix = Grasidim + Crucial + Hasten),roseworthy,herbicide,2023-07-11,11.0,15.0,0.0,,,,,,,Grasidim,L,0.5,
4464,ROSEWORTHY_S5_P0000_R3,2023,7,11,,,,,,,,,,,,,,,,,,0.5L/ha+1.5L/ha+1%wv applied at 5-6 leaves stage (mix = Grasidim + Crucial + Hasten),roseworthy,herbicide,2023-07-11,11.0,18.0,0.0,,,,,,,Crucial,L,1.5,
4465,ROSEWORTHY_S5_P0000_R3,2023,7,24,,,,,,,,,,,,,,,,,,1.5kg/ha applied at early growth development,roseworthy,pesticide,2023-07-24,11.0,112.5,0.0,,,,,,,MouseOff,kg,1.5,mice
4466,ROSEWORTHY_S5_P0000_R3,2023,7,25,,,,,,,,,,,,,,,,,,0.3L/ha applied at Z-30 stage (cereal) / pre-canopy close (pulse) - whole site,roseworthy,fungicide,2023-07-25,11.0,16.349999999999998,0.0,,,,,,,Aviator Xpro,L,0.3,
4467,ROSEWORTHY_S5_P0000_R3,2023,7,27,,,,,,,,,,,,,,,,,,100kg/ha topdressing,roseworthy,fertiliser,2023-07-27,8.5,50.0,0.0,,,,,,,Urea,kg,100.0,
4468,ROSEWORTHY_S5_P0000_R3,2023,8,9,,,,,,,,,,,,,,,,,,100kg/ha topdressing,roseworthy,fertiliser,2023-08-09,8.5,50.0,0.0,,,,,,,Urea,kg,100.0,
4469,ROSEWORTHY_S5_P0000_R3,2023,9,22,,,,,,,,,,,,,,,,,,"0.03L/ha applied post-flowering/maturity - whole site (Protect the pods target pulse/canola, but went whole site)",roseworthy,pesticide,2023-09-22,11.0,2.8794,0.0,,,,,,,Trojan,L,0.03,insects
4470,ROSEWORTHY_S5_P0000_R3,2023,11,7,canola,,,,,,,,,,,,,,,,,,roseworthy,termination,2023-11-07,80.0,0.0,987.114,success,sale,1587.0,,,stubble,,,,
4471,ROSEWORTHY_S5_P0000_R3,2023,12,19,,,,,,,,,,,,,,,,,,2L/ha+3L/ha+1% applied as post-harvest - Whole site (mix = 2 L/ha + 3 L/ha AMS 1% water volume / Banjo 1% wv),roseworthy,herbicide,2023-12-19,11.0,24.0,0.0,,,,,,,Crucial,L,2.0,
4472,ROSEWORTHY_S5_P0000_R3,2023,12,19,,,,,,,,,,,,,,,,,,2L/ha+3L/ha+1% applied as post-harvest - Whole site (mix = 2 L/ha + 3 L/ha AMS 1% water volume / Banjo 1% wv),roseworthy,herbicide,2023-12-19,11.0,60.0,0.0,,,,,,,Gluphosinate,L,3.0,
4473,ROSEWORTHY_S6_P0000_R1,2023,4,15,,,,,,,,,,,,,,,,,,2L/ha applied as Knockdown - Whole site,roseworthy,herbicide,2023-04-15,11.0,24.0,0.0,,,,,,,Crucial,L,2.0,
4474,ROSEWORTHY_S6_P0000_R1,2023,5,10,,,,,,,,,,,,,,,,,,2L/ha applied as Knockdown - Whole site,roseworthy,herbicide,2023-05-10,11.0,9.9,0.0,,,,,,,Paraquat,L,2.0,
4475,ROSEWORTHY_S6_P0000_R1,2023,5,15,,,,,,,,,,,,,,,,,,1.5kg/ha applied pre-sowing,roseworthy,pesticide,2023-05-15,11.0,112.5,0.0,,,,,,,MouseOff,kg,1.5,mice
4476,ROSEWORTHY_S6_P0000_R1,2023,5,23,,,,,,,,,,,,,,,,,,1.25L/ha applied pre-sowing,roseworthy,herbicide,2023-05-23,11.0,12.5,0.0,,,,,,,Overwatch,L,1.25,
4477,ROSEWORTHY_S6_P0000_R1,2023,5,24,,,,,,,,,,,,,,,,,,"110kg/ha applied pre-sowing, banded below seed",roseworthy,fertiliser,2023-05-24,8.5,63.24999999999999,0.0,,,,,,,DAP,kg,110.0,
4478,ROSEWORTHY_S6_P0000_R1,2023,5,24,,,,,,,,,,,,,,,,,,1L/ha applied as pre-sowing - Whole site,roseworthy,herbicide,2023-05-24,11.0,13.5,0.0,,,,,,,Chlorpyriphos,L,1.0,
4479,ROSEWORTHY_S6_P0000_R1,2023,5,24,,,,,,,,,,,,,,,,,,2L/ha applied as pre-sowing - Whole site,roseworthy,herbicide,2023-05-24,11.0,24.0,0.0,,,,,,,Crucial,L,2.0,
4480,ROSEWORTHY_S6_P0000_R1,2023,5,24,wheat,,,calibre,,,True,,,sale,201.0,,,31.0,,,On-time,,roseworthy,sowing,2023-05-24,50.0,0.0,0.0,,,,,,,,,,
4481,ROSEWORTHY_S6_P0000_R1,2023,6,1,,,,,,,,,,,,,,,,,,0.05L/ha applied before establishment - whole site,roseworthy,pesticide,2023-06-01,11.0,6.75,0.0,,,,,,,Albatross,L,0.05,insects
4482,ROSEWORTHY_S6_P0000_R1,2023,6,2,,,,,,,,,,,,,,,,,,1.5kg/ha applied before estableshment,roseworthy,pesticide,2023-06-02,11.0,112.5,0.0,,,,,,,MouseOff,kg,1.5,mice
4483,ROSEWORTHY_S6_P0000_R1,2023,7,24,,,,,,,,,,,,,,,,,,1.5kg/ha applied at early growth development,roseworthy,pesticide,2023-07-24,11.0,112.5,0.0,,,,,,,MouseOff,kg,1.5,mice
4484,ROSEWORTHY_S6_P0000_R1,2023,7,25,,,,,,,,,,,,,,,,,,0.3L/ha applied at Z-30 stage (cereal) / pre-canopy close (pulse) - whole site,roseworthy,fungicide,2023-07-25,11.0,16.349999999999998,0.0,,,,,,,Aviator Xpro,L,0.3,
4485,ROSEWORTHY_S6_P0000_R1,2023,7,26,,,,,,,,,,,,,,,,,,0.025kg/ha+0.42L/ha+0.1L/ha+0.5% wv applied at Z-30 stage (mix = Paradigma + LVE Agritone + Archer + Uptake),roseworthy,herbicide,2023-07-26,11.0,1.4500000000000002,0.0,,,,,,,Archer,L,0.1,
4486,ROSEWORTHY_S6_P0000_R1,2023,7,26,,,,,,,,,,,,,,,,,,0.025kg/ha+0.42L/ha+0.1L/ha+0.5% wv applied at Z-30 stage (mix = Paradigma + LVE Agritone + Archer + Uptake),roseworthy,herbicide,2023-07-26,11.0,3.36,0.0,,,,,,,LVA Agritone,L,0.42,
4487,ROSEWORTHY_S6_P0000_R1,2023,7,26,,,,,,,,,,,,,,,,,,0.025kg/ha+0.42L/ha+0.1L/ha+0.5% wv applied at Z-30 stage (mix = Paradigma + LVE Agritone + Archer + Uptake),roseworthy,herbicide,2023-07-26,11.0,12.25,0.0,,,,,,,Paradigm,kg,0.025,
4488,ROSEWORTHY_S6_P0000_R1,2023,7,27,,,,,,,,,,,,,,,,,,100kg/ha topdressing,roseworthy,fertiliser,2023-07-27,8.5,50.0,0.0,,,,,,,Urea,kg,100.0,
4489,ROSEWORTHY_S6_P0000_R1,2023,9,5,,,,,,,,,,,,,,,,,,1L/ha applied at Flag leave stage - all cereal crops (single),roseworthy,fungicide,2023-09-05,11.0,14.5,0.0,,,,,,,TazerXpert,L,1.0,
4490,ROSEWORTHY_S6_P0000_R1,2023,9,22,,,,,,,,,,,,,,,,,,"0.03L/ha applied post-flowering/maturity - whole site (Protect the pods target pulse/canola, but went whole site)",roseworthy,pesticide,2023-09-22,11.0,2.8794,0.0,,,,,,,Trojan,L,0.03,insects
4491,ROSEWORTHY_S6_P0000_R1,2023,11,7,wheat,,,,,,,,,,,,,,,,,,roseworthy,termination,2023-11-07,80.0,0.0,1949.64,success,sale,5908.0,,,stubble,,,,
4492,ROSEWORTHY_S6_P0000_R1,2023,12,19,,,,,,,,,,,,,,,,,,2L/ha+3L/ha+1% applied as post-harvest - Whole site (mix = 2 L/ha + 3 L/ha AMS 1% water volume / Banjo 1% wv),roseworthy,herbicide,2023-12-19,11.0,24.0,0.0,,,,,,,Crucial,L,2.0,
4493,ROSEWORTHY_S6_P0000_R1,2023,12,19,,,,,,,,,,,,,,,,,,2L/ha+3L/ha+1% applied as post-harvest - Whole site (mix = 2 L/ha + 3 L/ha AMS 1% water volume / Banjo 1% wv),roseworthy,herbicide,2023-12-19,11.0,60.0,0.0,,,,,,,Gluphosinate,L,3.0,
4494,ROSEWORTHY_S6_P0000_R2,2023,4,15,,,,,,,,,,,,,,,,,,2L/ha applied as Knockdown - Whole site,roseworthy,herbicide,2023-04-15,11.0,24.0,0.0,,,,,,,Crucial,L,2.0,
4495,ROSEWORTHY_S6_P0000_R2,2023,5,10,,,,,,,,,,,,,,,,,,2L/ha applied as Knockdown - Whole site,roseworthy,herbicide,2023-05-10,11.0,9.9,0.0,,,,,,,Paraquat,L,2.0,
4496,ROSEWORTHY_S6_P0000_R2,2023,5,15,,,,,,,,,,,,,,,,,,1.5kg/ha applied pre-sowing,roseworthy,pesticide,2023-05-15,11.0,112.5,0.0,,,,,,,MouseOff,kg,1.5,mice
4497,ROSEWORTHY_S6_P0000_R2,2023,5,23,,,,,,,,,,,,,,,,,,1.25L/ha applied pre-sowing,roseworthy,herbicide,2023-05-23,11.0,12.5,0.0,,,,,,,Overwatch,L,1.25,
4498,ROSEWORTHY_S6_P0000_R2,2023,5,24,,,,,,,,,,,,,,,,,,"110kg/ha applied pre-sowing, banded below seed",roseworthy,fertiliser,2023-05-24,8.5,63.24999999999999,0.0,,,,,,,DAP,kg,110.0,
4499,ROSEWORTHY_S6_P0000_R2,2023,5,24,,,,,,,,,,,,,,,,,,1L/ha applied as pre-sowing - Whole site,roseworthy,herbicide,2023-05-24,11.0,13.5,0.0,,,,,,,Chlorpyriphos,L,1.0,
4500,ROSEWORTHY_S6_P0000_R2,2023,5,24,,,,,,,,,,,,,,,,,,2L/ha applied as pre-sowing - Whole site,roseworthy,herbicide,2023-05-24,11.0,24.0,0.0,,,,,,,Crucial,L,2.0,
4501,ROSEWORTHY_S6_P0000_R2,2023,5,24,wheat,,,calibre,,,True,,,sale,205.0,,,35.0,,,On-time,,roseworthy,sowing,2023-05-24,50.0,0.0,0.0,,,,,,,,,,
4502,ROSEWORTHY_S6_P0000_R2,2023,6,1,,,,,,,,,,,,,,,,,,0.05L/ha applied before establishment - whole site,roseworthy,pesticide,2023-06-01,11.0,6.75,0.0,,,,,,,Albatross,L,0.05,insects
4503,ROSEWORTHY_S6_P0000_R2,2023,6,2,,,,,,,,,,,,,,,,,,1.5kg/ha applied before estableshment,roseworthy,pesticide,2023-06-02,11.0,112.5,0.0,,,,,,,MouseOff,kg,1.5,mice
4504,ROSEWORTHY_S6_P0000_R2,2023,7,24,,,,,,,,,,,,,,,,,,1.5kg/ha applied at early growth development,roseworthy,pesticide,2023-07-24,11.0,112.5,0.0,,,,,,,MouseOff,kg,1.5,mice
4505,ROSEWORTHY_S6_P0000_R2,2023,7,25,,,,,,,,,,,,,,,,,,0.3L/ha applied at Z-30 stage (cereal) / pre-canopy close (pulse) - whole site,roseworthy,fungicide,2023-07-25,11.0,16.349999999999998,0.0,,,,,,,Aviator Xpro,L,0.3,
4506,ROSEWORTHY_S6_P0000_R2,2023,7,26,,,,,,,,,,,,,,,,,,0.025kg/ha+0.42L/ha+0.1L/ha+0.5% wv applied at Z-30 stage (mix = Paradigma + LVE Agritone + Archer + Uptake),roseworthy,herbicide,2023-07-26,11.0,1.4500000000000002,0.0,,,,,,,Archer,L,0.1,
4507,ROSEWORTHY_S6_P0000_R2,2023,7,26,,,,,,,,,,,,,,,,,,0.025kg/ha+0.42L/ha+0.1L/ha+0.5% wv applied at Z-30 stage (mix = Paradigma + LVE Agritone + Archer + Uptake),roseworthy,herbicide,2023-07-26,11.0,3.36,0.0,,,,,,,LVA Agritone,L,0.42,
4508,ROSEWORTHY_S6_P0000_R2,2023,7,26,,,,,,,,,,,,,,,,,,0.025kg/ha+0.42L/ha+0.1L/ha+0.5% wv applied at Z-30 stage (mix = Paradigma + LVE Agritone + Archer + Uptake),roseworthy,herbicide,2023-07-26,11.0,12.25,0.0,,,,,,,Paradigm,kg,0.025,
4509,ROSEWORTHY_S6_P0000_R2,2023,7,27,,,,,,,,,,,,,,,,,,100kg/ha topdressing,roseworthy,fertiliser,2023-07-27,8.5,50.0,0.0,,,,,,,Urea,kg,100.0,
4510,ROSEWORTHY_S6_P0000_R2,2023,9,5,,,,,,,,,,,,,,,,,,1L/ha applied at Flag leave stage - all cereal crops (single),roseworthy,fungicide,2023-09-05,11.0,14.5,0.0,,,,,,,TazerXpert,L,1.0,
4511,ROSEWORTHY_S6_P0000_R2,2023,9,22,,,,,,,,,,,,,,,,,,"0.03L/ha applied post-flowering/maturity - whole site (Protect the pods target pulse/canola, but went whole site)",roseworthy,pesticide,2023-09-22,11.0,2.8794,0.0,,,,,,,Trojan,L,0.03,insects
4512,ROSEWORTHY_S6_P0000_R2,2023,11,7,wheat,,,,,,,,,,,,,,,,,,roseworthy,termination,2023-11-07,80.0,0.0,1750.98,success,sale,5306.0,,,stubble,,,,
4513,ROSEWORTHY_S6_P0000_R2,2023,12,19,,,,,,,,,,,,,,,,,,2L/ha+3L/ha+1% applied as post-harvest - Whole site (mix = 2 L/ha + 3 L/ha AMS 1% water volume / Banjo 1% wv),roseworthy,herbicide,2023-12-19,11.0,24.0,0.0,,,,,,,Crucial,L,2.0,
4514,ROSEWORTHY_S6_P0000_R2,2023,12,19,,,,,,,,,,,,,,,,,,2L/ha+3L/ha+1% applied as post-harvest - Whole site (mix = 2 L/ha + 3 L/ha AMS 1% water volume / Banjo 1% wv),roseworthy,herbicide,2023-12-19,11.0,60.0,0.0,,,,,,,Gluphosinate,L,3.0,
4515,ROSEWORTHY_S6_P0000_R3,2023,4,15,,,,,,,,,,,,,,,,,,2L/ha applied as Knockdown - Whole site,roseworthy,herbicide,2023-04-15,11.0,24.0,0.0,,,,,,,Crucial,L,2.0,
4516,ROSEWORTHY_S6_P0000_R3,2023,5,10,,,,,,,,,,,,,,,,,,2L/ha applied as Knockdown - Whole site,roseworthy,herbicide,2023-05-10,11.0,9.9,0.0,,,,,,,Paraquat,L,2.0,
4517,ROSEWORTHY_S6_P0000_R3,2023,5,15,,,,,,,,,,,,,,,,,,1.5kg/ha applied pre-sowing,roseworthy,pesticide,2023-05-15,11.0,112.5,0.0,,,,,,,MouseOff,kg,1.5,mice
4518,ROSEWORTHY_S6_P0000_R3,2023,5,23,,,,,,,,,,,,,,,,,,1.25L/ha applied pre-sowing,roseworthy,herbicide,2023-05-23,11.0,12.5,0.0,,,,,,,Overwatch,L,1.25,
4519,ROSEWORTHY_S6_P0000_R3,2023,5,24,,,,,,,,,,,,,,,,,,"110kg/ha applied pre-sowing, banded below seed",roseworthy,fertiliser,2023-05-24,8.5,63.24999999999999,0.0,,,,,,,DAP,kg,110.0,
4520,ROSEWORTHY_S6_P0000_R3,2023,5,24,,,,,,,,,,,,,,,,,,1L/ha applied as pre-sowing - Whole site,roseworthy,herbicide,2023-05-24,11.0,13.5,0.0,,,,,,,Chlorpyriphos,L,1.0,
4521,ROSEWORTHY_S6_P0000_R3,2023,5,24,,,,,,,,,,,,,,,,,,2L/ha applied as pre-sowing - Whole site,roseworthy,herbicide,2023-05-24,11.0,24.0,0.0,,,,,,,Crucial,L,2.0,
4522,ROSEWORTHY_S6_P0000_R3,2023,5,24,wheat,,,calibre,,,True,,,sale,206.0,,,36.0,,,On-time,,roseworthy,sowing,2023-05-24,50.0,0.0,0.0,,,,,,,,,,
4523,ROSEWORTHY_S6_P0000_R3,2023,6,1,,,,,,,,,,,,,,,,,,0.05L/ha applied before establishment - whole site,roseworthy,pesticide,2023-06-01,11.0,6.75,0.0,,,,,,,Albatross,L,0.05,insects
4524,ROSEWORTHY_S6_P0000_R3,2023,6,2,,,,,,,,,,,,,,,,,,1.5kg/ha applied before estableshment,roseworthy,pesticide,2023-06-02,11.0,112.5,0.0,,,,,,,MouseOff,kg,1.5,mice
4525,ROSEWORTHY_S6_P0000_R3,2023,7,24,,,,,,,,,,,,,,,,,,1.5kg/ha applied at early growth development,roseworthy,pesticide,2023-07-24,11.0,112.5,0.0,,,,,,,MouseOff,kg,1.5,mice
4526,ROSEWORTHY_S6_P0000_R3,2023,7,25,,,,,,,,,,,,,,,,,,0.3L/ha applied at Z-30 stage (cereal) / pre-canopy close (pulse) - whole site,roseworthy,fungicide,2023-07-25,11.0,16.349999999999998,0.0,,,,,,,Aviator Xpro,L,0.3,
4527,ROSEWORTHY_S6_P0000_R3,2023,7,26,,,,,,,,,,,,,,,,,,0.025kg/ha+0.42L/ha+0.1L/ha+0.5% wv applied at Z-30 stage (mix = Paradigma + LVE Agritone + Archer + Uptake),roseworthy,herbicide,2023-07-26,11.0,1.4500000000000002,0.0,,,,,,,Archer,L,0.1,
4528,ROSEWORTHY_S6_P0000_R3,2023,7,26,,,,,,,,,,,,,,,,,,0.025kg/ha+0.42L/ha+0.1L/ha+0.5% wv applied at Z-30 stage (mix = Paradigma + LVE Agritone + Archer + Uptake),roseworthy,herbicide,2023-07-26,11.0,3.36,0.0,,,,,,,LVA Agritone,L,0.42,
4529,ROSEWORTHY_S6_P0000_R3,2023,7,26,,,,,,,,,,,,,,,,,,0.025kg/ha+0.42L/ha+0.1L/ha+0.5% wv applied at Z-30 stage (mix = Paradigma + LVE Agritone + Archer + Uptake),roseworthy,herbicide,2023-07-26,11.0,12.25,0.0,,,,,,,Paradigm,kg,0.025,
4530,ROSEWORTHY_S6_P0000_R3,2023,7,27,,,,,,,,,,,,,,,,,,100kg/ha topdressing,roseworthy,fertiliser,2023-07-27,8.5,50.0,0.0,,,,,,,Urea,kg,100.0,
4531,ROSEWORTHY_S6_P0000_R3,2023,9,5,,,,,,,,,,,,,,,,,,1L/ha applied at Flag leave stage - all cereal crops (single),roseworthy,fungicide,2023-09-05,11.0,14.5,0.0,,,,,,,TazerXpert,L,1.0,
4532,ROSEWORTHY_S6_P0000_R3,2023,9,22,,,,,,,,,,,,,,,,,,"0.03L/ha applied post-flowering/maturity - whole site (Protect the pods target pulse/canola, but went whole site)",roseworthy,pesticide,2023-09-22,11.0,2.8794,0.0,,,,,,,Trojan,L,0.03,insects
4533,ROSEWORTHY_S6_P0000_R3,2023,11,7,wheat,,,,,,,,,,,,,,,,,,roseworthy,termination,2023-11-07,80.0,0.0,1152.69,success,sale,3493.0,,,stubble,,,,
4534,ROSEWORTHY_S6_P0000_R3,2023,12,19,,,,,,,,,,,,,,,,,,2L/ha+3L/ha+1% applied as post-harvest - Whole site (mix = 2 L/ha + 3 L/ha AMS 1% water volume / Banjo 1% wv),roseworthy,herbicide,2023-12-19,11.0,24.0,0.0,,,,,,,Crucial,L,2.0,
4535,ROSEWORTHY_S6_P0000_R3,2023,12,19,,,,,,,,,,,,,,,,,,2L/ha+3L/ha+1% applied as post-harvest - Whole site (mix = 2 L/ha + 3 L/ha AMS 1% water volume / Banjo 1% wv),roseworthy,herbicide,2023-12-19,11.0,60.0,0.0,,,,,,,Gluphosinate,L,3.0,
4536,ROSEWORTHY_S7_P0000_R1,2023,4,15,,,,,,,,,,,,,,,,,,2L/ha applied as Knockdown - Whole site,roseworthy,herbicide,2023-04-15,11.0,24.0,0.0,,,,,,,Crucial,L,2.0,
4537,ROSEWORTHY_S7_P0000_R1,2023,5,10,,,,,,,,,,,,,,,,,,2L/ha applied as Knockdown - Whole site,roseworthy,herbicide,2023-05-10,11.0,9.9,0.0,,,,,,,Paraquat,L,2.0,
4538,ROSEWORTHY_S7_P0000_R1,2023,5,15,,,,,,,,,,,,,,,,,,1.5kg/ha applied pre-sowing,roseworthy,pesticide,2023-05-15,11.0,112.5,0.0,,,,,,,MouseOff,kg,1.5,mice
4539,ROSEWORTHY_S7_P0000_R1,2023,5,22,,,,,,,,,,,,,,,,,,"3330kg/ha applied pre-sowing as organic treatment, broadcast on top of soil",roseworthy,fertiliser,2023-05-22,8.5,6266.04,0.0,,,,,,,Dynamic lifter,kg,3333.0,
4540,ROSEWORTHY_S7_P0000_R1,2023,5,23,,,,,,,,,,,,,,,,,,1.25L/ha applied pre-sowing,roseworthy,herbicide,2023-05-23,11.0,12.5,0.0,,,,,,,Overwatch,L,1.25,
4541,ROSEWORTHY_S7_P0000_R1,2023,5,24,,,,,,,,,,,,,,,,,,"110kg/ha applied pre-sowing, banded below seed",roseworthy,fertiliser,2023-05-24,8.5,63.24999999999999,0.0,,,,,,,DAP,kg,110.0,
4542,ROSEWORTHY_S7_P0000_R1,2023,5,24,,,,,,,,,,,,,,,,,,1L/ha applied as pre-sowing - Whole site,roseworthy,herbicide,2023-05-24,11.0,13.5,0.0,,,,,,,Chlorpyriphos,L,1.0,
4543,ROSEWORTHY_S7_P0000_R1,2023,5,24,,,,,,,,,,,,,,,,,,2L/ha applied as pre-sowing - Whole site,roseworthy,herbicide,2023-05-24,11.0,24.0,0.0,,,,,,,Crucial,L,2.0,
4544,ROSEWORTHY_S7_P0000_R1,2023,5,24,durum,,,bittali,,,True,,,sale,200.0,,,30.0,,,On-time,,roseworthy,sowing,2023-05-24,50.0,0.0,0.0,,,,,,,,,,
4545,ROSEWORTHY_S7_P0000_R1,2023,6,1,,,,,,,,,,,,,,,,,,0.05L/ha applied before establishment - whole site,roseworthy,pesticide,2023-06-01,11.0,6.75,0.0,,,,,,,Albatross,L,0.05,insects
4546,ROSEWORTHY_S7_P0000_R1,2023,6,2,,,,,,,,,,,,,,,,,,1.5kg/ha applied before estableshment,roseworthy,pesticide,2023-06-02,11.0,112.5,0.0,,,,,,,MouseOff,kg,1.5,mice
4547,ROSEWORTHY_S7_P0000_R1,2023,7,24,,,,,,,,,,,,,,,,,,1.5kg/ha applied at early growth development,roseworthy,pesticide,2023-07-24,11.0,112.5,0.0,,,,,,,MouseOff,kg,1.5,mice
4548,ROSEWORTHY_S7_P0000_R1,2023,7,25,,,,,,,,,,,,,,,,,,0.3L/ha applied at Z-30 stage (cereal) / pre-canopy close (pulse) - whole site,roseworthy,fungicide,2023-07-25,11.0,16.349999999999998,0.0,,,,,,,Aviator Xpro,L,0.3,
4549,ROSEWORTHY_S7_P0000_R1,2023,7,26,,,,,,,,,,,,,,,,,,0.025kg/ha+0.42L/ha+0.1L/ha+0.5% wv applied at Z-30 stage (mix = Paradigma + LVE Agritone + Archer + Uptake),roseworthy,herbicide,2023-07-26,11.0,1.4500000000000002,0.0,,,,,,,Archer,L,0.1,
4550,ROSEWORTHY_S7_P0000_R1,2023,7,26,,,,,,,,,,,,,,,,,,0.025kg/ha+0.42L/ha+0.1L/ha+0.5% wv applied at Z-30 stage (mix = Paradigma + LVE Agritone + Archer + Uptake),roseworthy,herbicide,2023-07-26,11.0,3.36,0.0,,,,,,,LVA Agritone,L,0.42,
4551,ROSEWORTHY_S7_P0000_R1,2023,7,26,,,,,,,,,,,,,,,,,,0.025kg/ha+0.42L/ha+0.1L/ha+0.5% wv applied at Z-30 stage (mix = Paradigma + LVE Agritone + Archer + Uptake),roseworthy,herbicide,2023-07-26,11.0,12.25,0.0,,,,,,,Paradigm,kg,0.025,
4552,ROSEWORTHY_S7_P0000_R1,2023,9,5,,,,,,,,,,,,,,,,,,1L/ha applied at Flag leave stage - all cereal crops (single),roseworthy,fungicide,2023-09-05,11.0,14.5,0.0,,,,,,,TazerXpert,L,1.0,
4553,ROSEWORTHY_S7_P0000_R1,2023,9,22,,,,,,,,,,,,,,,,,,"0.03L/ha applied post-flowering/maturity - whole site (Protect the pods target pulse/canola, but went whole site)",roseworthy,pesticide,2023-09-22,11.0,2.8794,0.0,,,,,,,Trojan,L,0.03,insects
4554,ROSEWORTHY_S7_P0000_R1,2023,11,7,durum,,,,,,,,,,,,,,,,,,roseworthy,termination,2023-11-07,80.0,0.0,1407.264,success,sale,3288.0,,,stubble,,,,
4555,ROSEWORTHY_S7_P0000_R1,2023,12,19,,,,,,,,,,,,,,,,,,2L/ha+3L/ha+1% applied as post-harvest - Whole site (mix = 2 L/ha + 3 L/ha AMS 1% water volume / Banjo 1% wv),roseworthy,herbicide,2023-12-19,11.0,24.0,0.0,,,,,,,Crucial,L,2.0,
4556,ROSEWORTHY_S7_P0000_R1,2023,12,19,,,,,,,,,,,,,,,,,,2L/ha+3L/ha+1% applied as post-harvest - Whole site (mix = 2 L/ha + 3 L/ha AMS 1% water volume / Banjo 1% wv),roseworthy,herbicide,2023-12-19,11.0,60.0,0.0,,,,,,,Gluphosinate,L,3.0,
4557,ROSEWORTHY_S7_P0000_R2,2023,4,15,,,,,,,,,,,,,,,,,,2L/ha applied as Knockdown - Whole site,roseworthy,herbicide,2023-04-15,11.0,24.0,0.0,,,,,,,Crucial,L,2.0,
4558,ROSEWORTHY_S7_P0000_R2,2023,5,10,,,,,,,,,,,,,,,,,,2L/ha applied as Knockdown - Whole site,roseworthy,herbicide,2023-05-10,11.0,9.9,0.0,,,,,,,Paraquat,L,2.0,
4559,ROSEWORTHY_S7_P0000_R2,2023,5,15,,,,,,,,,,,,,,,,,,1.5kg/ha applied pre-sowing,roseworthy,pesticide,2023-05-15,11.0,112.5,0.0,,,,,,,MouseOff,kg,1.5,mice
4560,ROSEWORTHY_S7_P0000_R2,2023,5,22,,,,,,,,,,,,,,,,,,"3330kg/ha applied pre-sowing as organic treatment, broadcast on top of soil",roseworthy,fertiliser,2023-05-22,8.5,6266.04,0.0,,,,,,,Dynamic lifter,kg,3333.0,
4561,ROSEWORTHY_S7_P0000_R2,2023,5,23,,,,,,,,,,,,,,,,,,1.25L/ha applied pre-sowing,roseworthy,herbicide,2023-05-23,11.0,12.5,0.0,,,,,,,Overwatch,L,1.25,
4562,ROSEWORTHY_S7_P0000_R2,2023,5,24,,,,,,,,,,,,,,,,,,"110kg/ha applied pre-sowing, banded below seed",roseworthy,fertiliser,2023-05-24,8.5,63.24999999999999,0.0,,,,,,,DAP,kg,110.0,
4563,ROSEWORTHY_S7_P0000_R2,2023,5,24,,,,,,,,,,,,,,,,,,1L/ha applied as pre-sowing - Whole site,roseworthy,herbicide,2023-05-24,11.0,13.5,0.0,,,,,,,Chlorpyriphos,L,1.0,
4564,ROSEWORTHY_S7_P0000_R2,2023,5,24,,,,,,,,,,,,,,,,,,2L/ha applied as pre-sowing - Whole site,roseworthy,herbicide,2023-05-24,11.0,24.0,0.0,,,,,,,Crucial,L,2.0,
4565,ROSEWORTHY_S7_P0000_R2,2023,5,24,durum,,,bittali,,,True,,,sale,204.0,,,34.0,,,On-time,,roseworthy,sowing,2023-05-24,50.0,0.0,0.0,,,,,,,,,,
4566,ROSEWORTHY_S7_P0000_R2,2023,6,1,,,,,,,,,,,,,,,,,,0.05L/ha applied before establishment - whole site,roseworthy,pesticide,2023-06-01,11.0,6.75,0.0,,,,,,,Albatross,L,0.05,insects
4567,ROSEWORTHY_S7_P0000_R2,2023,6,2,,,,,,,,,,,,,,,,,,1.5kg/ha applied before estableshment,roseworthy,pesticide,2023-06-02,11.0,112.5,0.0,,,,,,,MouseOff,kg,1.5,mice
4568,ROSEWORTHY_S7_P0000_R2,2023,7,24,,,,,,,,,,,,,,,,,,1.5kg/ha applied at early growth development,roseworthy,pesticide,2023-07-24,11.0,112.5,0.0,,,,,,,MouseOff,kg,1.5,mice
4569,ROSEWORTHY_S7_P0000_R2,2023,7,25,,,,,,,,,,,,,,,,,,0.3L/ha applied at Z-30 stage (cereal) / pre-canopy close (pulse) - whole site,roseworthy,fungicide,2023-07-25,11.0,16.349999999999998,0.0,,,,,,,Aviator Xpro,L,0.3,
4570,ROSEWORTHY_S7_P0000_R2,2023,7,26,,,,,,,,,,,,,,,,,,0.025kg/ha+0.42L/ha+0.1L/ha+0.5% wv applied at Z-30 stage (mix = Paradigma + LVE Agritone + Archer + Uptake),roseworthy,herbicide,2023-07-26,11.0,1.4500000000000002,0.0,,,,,,,Archer,L,0.1,
4571,ROSEWORTHY_S7_P0000_R2,2023,7,26,,,,,,,,,,,,,,,,,,0.025kg/ha+0.42L/ha+0.1L/ha+0.5% wv applied at Z-30 stage (mix = Paradigma + LVE Agritone + Archer + Uptake),roseworthy,herbicide,2023-07-26,11.0,3.36,0.0,,,,,,,LVA Agritone,L,0.42,
4572,ROSEWORTHY_S7_P0000_R2,2023,7,26,,,,,,,,,,,,,,,,,,0.025kg/ha+0.42L/ha+0.1L/ha+0.5% wv applied at Z-30 stage (mix = Paradigma + LVE Agritone + Archer + Uptake),roseworthy,herbicide,2023-07-26,11.0,12.25,0.0,,,,,,,Paradigm,kg,0.025,
4573,ROSEWORTHY_S7_P0000_R2,2023,9,5,,,,,,,,,,,,,,,,,,1L/ha applied at Flag leave stage - all cereal crops (single),roseworthy,fungicide,2023-09-05,11.0,14.5,0.0,,,,,,,TazerXpert,L,1.0,
4574,ROSEWORTHY_S7_P0000_R2,2023,9,22,,,,,,,,,,,,,,,,,,"0.03L/ha applied post-flowering/maturity - whole site (Protect the pods target pulse/canola, but went whole site)",roseworthy,pesticide,2023-09-22,11.0,2.8794,0.0,,,,,,,Trojan,L,0.03,insects
4575,ROSEWORTHY_S7_P0000_R2,2023,11,7,durum,,,,,,,,,,,,,,,,,,roseworthy,termination,2023-11-07,80.0,0.0,1530.1,success,sale,3575.0,,,stubble,,,,
4576,ROSEWORTHY_S7_P0000_R2,2023,12,19,,,,,,,,,,,,,,,,,,2L/ha+3L/ha+1% applied as post-harvest - Whole site (mix = 2 L/ha + 3 L/ha AMS 1% water volume / Banjo 1% wv),roseworthy,herbicide,2023-12-19,11.0,24.0,0.0,,,,,,,Crucial,L,2.0,
4577,ROSEWORTHY_S7_P0000_R2,2023,12,19,,,,,,,,,,,,,,,,,,2L/ha+3L/ha+1% applied as post-harvest - Whole site (mix = 2 L/ha + 3 L/ha AMS 1% water volume / Banjo 1% wv),roseworthy,herbicide,2023-12-19,11.0,60.0,0.0,,,,,,,Gluphosinate,L,3.0,
4578,ROSEWORTHY_S7_P0000_R3,2023,4,15,,,,,,,,,,,,,,,,,,2L/ha applied as Knockdown - Whole site,roseworthy,herbicide,2023-04-15,11.0,24.0,0.0,,,,,,,Crucial,L,2.0,
4579,ROSEWORTHY_S7_P0000_R3,2023,5,10,,,,,,,,,,,,,,,,,,2L/ha applied as Knockdown - Whole site,roseworthy,herbicide,2023-05-10,11.0,9.9,0.0,,,,,,,Paraquat,L,2.0,
4580,ROSEWORTHY_S7_P0000_R3,2023,5,15,,,,,,,,,,,,,,,,,,1.5kg/ha applied pre-sowing,roseworthy,pesticide,2023-05-15,11.0,112.5,0.0,,,,,,,MouseOff,kg,1.5,mice
4581,ROSEWORTHY_S7_P0000_R3,2023,5,22,,,,,,,,,,,,,,,,,,"3330kg/ha applied pre-sowing as organic treatment, broadcast on top of soil",roseworthy,fertiliser,2023-05-22,8.5,6266.04,0.0,,,,,,,Dynamic lifter,kg,3333.0,
4582,ROSEWORTHY_S7_P0000_R3,2023,5,23,,,,,,,,,,,,,,,,,,1.25L/ha applied pre-sowing,roseworthy,herbicide,2023-05-23,11.0,12.5,0.0,,,,,,,Overwatch,L,1.25,
4583,ROSEWORTHY_S7_P0000_R3,2023,5,24,,,,,,,,,,,,,,,,,,"110kg/ha applied pre-sowing, banded below seed",roseworthy,fertiliser,2023-05-24,8.5,63.24999999999999,0.0,,,,,,,DAP,kg,110.0,
4584,ROSEWORTHY_S7_P0000_R3,2023,5,24,,,,,,,,,,,,,,,,,,1L/ha applied as pre-sowing - Whole site,roseworthy,herbicide,2023-05-24,11.0,13.5,0.0,,,,,,,Chlorpyriphos,L,1.0,
4585,ROSEWORTHY_S7_P0000_R3,2023,5,24,,,,,,,,,,,,,,,,,,2L/ha applied as pre-sowing - Whole site,roseworthy,herbicide,2023-05-24,11.0,24.0,0.0,,,,,,,Crucial,L,2.0,
4586,ROSEWORTHY_S7_P0000_R3,2023,5,24,durum,,,bittali,,,True,,,sale,206.0,,,36.0,,,On-time,,roseworthy,sowing,2023-05-24,50.0,0.0,0.0,,,,,,,,,,
4587,ROSEWORTHY_S7_P0000_R3,2023,6,1,,,,,,,,,,,,,,,,,,0.05L/ha applied before establishment - whole site,roseworthy,pesticide,2023-06-01,11.0,6.75,0.0,,,,,,,Albatross,L,0.05,insects
4588,ROSEWORTHY_S7_P0000_R3,2023,6,2,,,,,,,,,,,,,,,,,,1.5kg/ha applied before estableshment,roseworthy,pesticide,2023-06-02,11.0,112.5,0.0,,,,,,,MouseOff,kg,1.5,mice
4589,ROSEWORTHY_S7_P0000_R3,2023,7,24,,,,,,,,,,,,,,,,,,1.5kg/ha applied at early growth development,roseworthy,pesticide,2023-07-24,11.0,112.5,0.0,,,,,,,MouseOff,kg,1.5,mice
4590,ROSEWORTHY_S7_P0000_R3,2023,7,25,,,,,,,,,,,,,,,,,,0.3L/ha applied at Z-30 stage (cereal) / pre-canopy close (pulse) - whole site,roseworthy,fungicide,2023-07-25,11.0,16.349999999999998,0.0,,,,,,,Aviator Xpro,L,0.3,
4591,ROSEWORTHY_S7_P0000_R3,2023,7,26,,,,,,,,,,,,,,,,,,0.025kg/ha+0.42L/ha+0.1L/ha+0.5% wv applied at Z-30 stage (mix = Paradigma + LVE Agritone + Archer + Uptake),roseworthy,herbicide,2023-07-26,11.0,1.4500000000000002,0.0,,,,,,,Archer,L,0.1,
4592,ROSEWORTHY_S7_P0000_R3,2023,7,26,,,,,,,,,,,,,,,,,,0.025kg/ha+0.42L/ha+0.1L/ha+0.5% wv applied at Z-30 stage (mix = Paradigma + LVE Agritone + Archer + Uptake),roseworthy,herbicide,2023-07-26,11.0,3.36,0.0,,,,,,,LVA Agritone,L,0.42,
4593,ROSEWORTHY_S7_P0000_R3,2023,7,26,,,,,,,,,,,,,,,,,,0.025kg/ha+0.42L/ha+0.1L/ha+0.5% wv applied at Z-30 stage (mix = Paradigma + LVE Agritone + Archer + Uptake),roseworthy,herbicide,2023-07-26,11.0,12.25,0.0,,,,,,,Paradigm,kg,0.025,
4594,ROSEWORTHY_S7_P0000_R3,2023,9,5,,,,,,,,,,,,,,,,,,1L/ha applied at Flag leave stage - all cereal crops (single),roseworthy,fungicide,2023-09-05,11.0,14.5,0.0,,,,,,,TazerXpert,L,1.0,
4595,ROSEWORTHY_S7_P0000_R3,2023,9,22,,,,,,,,,,,,,,,,,,"0.03L/ha applied post-flowering/maturity - whole site (Protect the pods target pulse/canola, but went whole site)",roseworthy,pesticide,2023-09-22,11.0,2.8794,0.0,,,,,,,Trojan,L,0.03,insects
4596,ROSEWORTHY_S7_P0000_R3,2023,11,7,durum,,,,,,,,,,,,,,,,,,roseworthy,termination,2023-11-07,80.0,0.0,1796.316,success,sale,4197.0,,,stubble,,,,
4597,ROSEWORTHY_S7_P0000_R3,2023,12,19,,,,,,,,,,,,,,,,,,2L/ha+3L/ha+1% applied as post-harvest - Whole site (mix = 2 L/ha + 3 L/ha AMS 1% water volume / Banjo 1% wv),roseworthy,herbicide,2023-12-19,11.0,24.0,0.0,,,,,,,Crucial,L,2.0,
4598,ROSEWORTHY_S7_P0000_R3,2023,12,19,,,,,,,,,,,,,,,,,,2L/ha+3L/ha+1% applied as post-harvest - Whole site (mix = 2 L/ha + 3 L/ha AMS 1% water volume / Banjo 1% wv),roseworthy,herbicide,2023-12-19,11.0,60.0,0.0,,,,,,,Gluphosinate,L,3.0,
