PLOT_ID,DATE,STATE,CROP1,CROP2,CROP3
APPILA_S1_P1231_R1,1/01/2023,FALLOW,,,
APPILA_S1_P1231_R2,1/01/2023,FALLOW,,,
APPILA_S1_P1231_R3,1/01/2023,FALLOW,,,
APPILA_S1_P2312_R1,1/01/2023,FALLOW,,,
APPILA_S1_P2312_R2,1/01/2023,FALLOW,,,
APPILA_S1_P2312_R3,1/01/2023,FALLOW,,,
APPILA_S1_P3123_R1,1/01/2023,FALLOW,,,
APPILA_S1_P3123_R2,1/01/2023,FALLOW,,,
APPILA_S1_P3123_R3,1/01/2023,FALLOW,,,
APPILA_S2_P1212_R1,1/01/2023,FALLOW,,,
APPILA_S2_P1212_R2,1/01/2023,FALLOW,,,
APPILA_S2_P1212_R3,1/01/2023,FALLOW,,,
APPILA_S2_P2121_R1,1/01/2023,FALLOW,,,
APPILA_S2_P2121_R2,1/01/2023,FALLOW,,,
APPILA_S2_P2121_R3,1/01/2023,FALLOW,,,
APPILA_S3_P1234_R1,1/01/2023,FALLOW,,,
APPILA_S3_P1234_R2,1/01/2023,FALLOW,,,
APPILA_S3_P1234_R3,1/01/2023,FALLOW,,,
APPILA_S3_P2341_R1,1/01/2023,FALLOW,,,
APPILA_S3_P2341_R2,1/01/2023,FALLOW,,,
APPILA_S3_P2341_R3,1/01/2023,FALLOW,,,
APPILA_S3_P3412_R1,1/01/2023,FALLOW,,,
APPILA_S3_P3412_R2,1/01/2023,FALLOW,,,
APPILA_S3_P3412_R3,1/01/2023,FALLOW,,,
APPILA_S3_P4123_R1,1/01/2023,FALLOW,,,
APPILA_S3_P4123_R2,1/01/2023,FALLOW,,,
APPILA_S3_P4123_R3,1/01/2023,FALLOW,,,
APPILA_S4_P1231_R1,1/01/2023,FALLOW,,,
APPILA_S4_P1231_R2,1/01/2023,FALLOW,,,
APPILA_S4_P1231_R3,1/01/2023,FALLOW,,,
APPILA_S4_P2312_R1,1/01/2023,FALLOW,,,
APPILA_S4_P2312_R2,1/01/2023,FALLOW,,,
APPILA_S4_P2312_R3,1/01/2023,FALLOW,,,
APPILA_S4_P3123_R1,1/01/2023,FALLOW,,,
APPILA_S4_P3123_R2,1/01/2023,FALLOW,,,
APPILA_S4_P3123_R3,1/01/2023,FALLOW,,,
APPILA_S5_P0000_R1,1/01/2023,FALLOW,,,
APPILA_S5_P0000_R2,1/01/2023,FALLOW,,,
APPILA_S5_P0000_R3,1/01/2023,FALLOW,,,
APPILA_S6_P0000_R1,1/01/2023,FALLOW,,,
APPILA_S6_P0000_R2,1/01/2023,FALLOW,,,
APPILA_S6_P0000_R3,1/01/2023,FALLOW,,,
EDILLILIE_S1.1_P2121_R1,1/01/2023,FALLOW,,,
EDILLILIE_S1.1_P1212_R1,1/01/2023,FALLOW,,,
EDILLILIE_S1.1_P1212_R2,1/01/2023,FALLOW,,,
EDILLILIE_S1.1_P1212_R3,1/01/2023,FALLOW,,,
EDILLILIE_S1.1_P2121_R2,1/01/2023,FALLOW,,,
EDILLILIE_S1.1_P2121_R3,1/01/2023,FALLOW,,,
EDILLILIE_S1.2_P1212_R1,1/01/2023,FALLOW,,,
EDILLILIE_S1.2_P1212_R2,1/01/2023,FALLOW,,,
EDILLILIE_S1.2_P1212_R3,1/01/2023,FALLOW,,,
EDILLILIE_S1.2_P2121_R1,1/01/2023,FALLOW,,,
EDILLILIE_S1.2_P2121_R2,1/01/2023,FALLOW,,,
EDILLILIE_S1.2_P2121_R3,1/01/2023,FALLOW,,,
EDILLILIE_S1.3_P1212_R1,1/01/2023,FALLOW,,,
EDILLILIE_S1.3_P1212_R2,1/01/2023,FALLOW,,,
EDILLILIE_S1.3_P1212_R3,1/01/2023,FALLOW,,,
EDILLILIE_S1.3_P2121_R1,1/01/2023,FALLOW,,,
EDILLILIE_S1.3_P2121_R2,1/01/2023,FALLOW,,,
EDILLILIE_S1.3_P2121_R3,1/01/2023,FALLOW,,,
EDILLILIE_S2.1_P1234_R1,1/01/2023,FALLOW,,,
EDILLILIE_S2.1_P1234_R2,1/01/2023,FALLOW,,,
EDILLILIE_S2.1_P1234_R3,1/01/2023,FALLOW,,,
EDILLILIE_S2.1_P2341_R1,1/01/2023,FALLOW,,,
EDILLILIE_S2.1_P2341_R2,1/01/2023,FALLOW,,,
EDILLILIE_S2.1_P2341_R3,1/01/2023,FALLOW,,,
EDILLILIE_S2.1_P3412_R1,1/01/2023,FALLOW,,,
EDILLILIE_S2.1_P3412_R2,1/01/2023,FALLOW,,,
EDILLILIE_S2.1_P3412_R3,1/01/2023,FALLOW,,,
EDILLILIE_S2.1_P4123_R1,1/01/2023,FALLOW,,,
EDILLILIE_S2.1_P4123_R2,1/01/2023,FALLOW,,,
EDILLILIE_S2.1_P4123_R3,1/01/2023,FALLOW,,,
EDILLILIE_S2.2_P2341_R1,1/01/2023,FALLOW,,,
EDILLILIE_S2.2_P1234_R1,1/01/2023,FALLOW,,,
EDILLILIE_S2.2_P1234_R2,1/01/2023,FALLOW,,,
EDILLILIE_S2.2_P1234_R3,1/01/2023,FALLOW,,,
EDILLILIE_S2.2_P2341_R2,1/01/2023,FALLOW,,,
EDILLILIE_S2.2_P2341_R3,1/01/2023,FALLOW,,,
EDILLILIE_S2.2_P3412_R1,1/01/2023,FALLOW,,,
EDILLILIE_S2.2_P3412_R2,1/01/2023,FALLOW,,,
EDILLILIE_S2.2_P3412_R3,1/01/2023,FALLOW,,,
EDILLILIE_S2.2_P4123_R1,1/01/2023,FALLOW,,,
EDILLILIE_S2.2_P4123_R2,1/01/2023,FALLOW,,,
EDILLILIE_S2.2_P4123_R3,1/01/2023,FALLOW,,,
EDILLILIE_S3_P1234_R1,1/01/2023,FALLOW,,,
EDILLILIE_S3_P1234_R2,1/01/2023,FALLOW,,,
EDILLILIE_S3_P1234_R3,1/01/2023,FALLOW,,,
EDILLILIE_S3_P2341_R1,1/01/2023,FALLOW,,,
EDILLILIE_S3_P2341_R2,1/01/2023,FALLOW,,,
EDILLILIE_S3_P2341_R3,1/01/2023,FALLOW,,,
EDILLILIE_S3_P3412_R1,1/01/2023,FALLOW,,,
EDILLILIE_S3_P3412_R2,1/01/2023,FALLOW,,,
EDILLILIE_S3_P3412_R3,1/01/2023,FALLOW,,,
EDILLILIE_S3_P4123_R1,1/01/2023,FALLOW,,,
EDILLILIE_S3_P4123_R2,1/01/2023,FALLOW,,,
EDILLILIE_S3_P4123_R3,1/01/2023,FALLOW,,,
EDILLILIE_S1.2_P2121_R1,1/01/2023,FALLOW,,,
EDILLILIE_S2.2_P2341_R1,1/01/2023,FALLOW,,,
EDILLILIE_S1.2_P1212_R1,1/01/2023,FALLOW,,,
EDILLILIE_S1.1_P2121_R1,1/01/2023,FALLOW,,,
EDILLILIE_S1.2_P1212_R2,1/01/2023,FALLOW,,,
EDILLILIE_S1.2_P2121_R2,1/01/2023,FALLOW,,,
EDILLILIE_S1.2_P1212_R3,1/01/2023,FALLOW,,,
EDILLILIE_S1.2_P2121_R3,1/01/2023,FALLOW,,,
HART_S1.1_P1231_R1,1/01/2023,FALLOW,,,
HART_S1.1_P1231_R2,1/01/2023,FALLOW,,,
HART_S1.1_P1231_R3,1/01/2023,FALLOW,,,
HART_S1.1_P2312_R1,1/01/2023,FALLOW,,,
HART_S1.1_P2312_R2,1/01/2023,FALLOW,,,
HART_S1.1_P2312_R3,1/01/2023,FALLOW,,,
HART_S1.1_P3123_R1,1/01/2023,FALLOW,,,
HART_S1.1_P3123_R2,1/01/2023,FALLOW,,,
HART_S1.1_P3123_R3,1/01/2023,FALLOW,,,
HART_S1.2_P1231_R1,1/01/2023,FALLOW,,,
HART_S1.2_P1231_R2,1/01/2023,FALLOW,,,
HART_S1.2_P1231_R3,1/01/2023,FALLOW,,,
HART_S1.2_P2312_R1,1/01/2023,FALLOW,,,
HART_S1.2_P2312_R2,1/01/2023,FALLOW,,,
HART_S1.2_P2312_R3,1/01/2023,FALLOW,,,
HART_S1.2_P3123_R1,1/01/2023,FALLOW,,,
HART_S1.2_P3123_R2,1/01/2023,FALLOW,,,
HART_S1.2_P3123_R3,1/01/2023,FALLOW,,,
HART_S1.3_P1231_R1,1/01/2023,FALLOW,,,
HART_S1.3_P1231_R2,1/01/2023,FALLOW,,,
HART_S1.3_P1231_R3,1/01/2023,FALLOW,,,
HART_S1.3_P2312_R1,1/01/2023,FALLOW,,,
HART_S1.3_P2312_R2,1/01/2023,FALLOW,,,
HART_S1.3_P2312_R3,1/01/2023,FALLOW,,,
HART_S1.3_P3123_R1,1/01/2023,FALLOW,,,
HART_S1.3_P3123_R2,1/01/2023,FALLOW,,,
HART_S1.3_P3123_R3,1/01/2023,FALLOW,,,
HART_S10.1_P1231_R1,1/01/2023,FALLOW,,,
HART_S10.1_P1231_R2,1/01/2023,FALLOW,,,
HART_S10.1_P1231_R3,1/01/2023,FALLOW,,,
HART_S10.1_P2312_R1,1/01/2023,FALLOW,,,
HART_S10.1_P2312_R2,1/01/2023,FALLOW,,,
HART_S10.1_P2312_R3,1/01/2023,FALLOW,,,
HART_S10.1_P3123_R1,1/01/2023,FALLOW,,,
HART_S10.1_P3123_R2,1/01/2023,FALLOW,,,
HART_S10.1_P3123_R3,1/01/2023,FALLOW,,,
HART_S10.2_P1231_R1,1/01/2023,FALLOW,,,
HART_S10.2_P1231_R2,1/01/2023,FALLOW,,,
HART_S10.2_P1231_R3,1/01/2023,FALLOW,,,
HART_S10.2_P2312_R1,1/01/2023,FALLOW,,,
HART_S10.2_P2312_R2,1/01/2023,FALLOW,,,
HART_S10.2_P2312_R3,1/01/2023,FALLOW,,,
HART_S10.2_P3123_R1,1/01/2023,FALLOW,,,
HART_S10.2_P3123_R2,1/01/2023,FALLOW,,,
HART_S10.2_P3123_R3,1/01/2023,FALLOW,,,
HART_S10.3_P1231_R1,1/01/2023,FALLOW,,,
HART_S10.3_P1231_R2,1/01/2023,FALLOW,,,
HART_S10.3_P1231_R3,1/01/2023,FALLOW,,,
HART_S10.3_P2312_R1,1/01/2023,FALLOW,,,
HART_S10.3_P2312_R2,1/01/2023,FALLOW,,,
HART_S10.3_P2312_R3,1/01/2023,FALLOW,,,
HART_S10.3_P3123_R1,1/01/2023,FALLOW,,,
HART_S10.3_P3123_R2,1/01/2023,FALLOW,,,
HART_S10.3_P3123_R3,1/01/2023,FALLOW,,,
HART_S2.1_P0000_R1,1/01/2023,FALLOW,,,
HART_S2.1_P0000_R2,1/01/2023,FALLOW,,,
HART_S2.1_P0000_R3,1/01/2023,FALLOW,,,
HART_S2.2_P0000_R1,1/01/2023,FALLOW,,,
HART_S2.2_P0000_R2,1/01/2023,FALLOW,,,
HART_S2.2_P0000_R3,1/01/2023,FALLOW,,,
HART_S2.3_P0000_R1,1/01/2023,FALLOW,,,
HART_S2.3_P0000_R2,1/01/2023,FALLOW,,,
HART_S2.3_P0000_R3,1/01/2023,FALLOW,,,
HART_S3_P1234_R1,1/01/2023,FALLOW,,,
HART_S3_P1234_R2,1/01/2023,FALLOW,,,
HART_S3_P1234_R3,1/01/2023,FALLOW,,,
HART_S3_P2341_R1,1/01/2023,FALLOW,,,
HART_S3_P2341_R2,1/01/2023,FALLOW,,,
HART_S3_P2341_R3,1/01/2023,FALLOW,,,
HART_S3_P3412_R1,1/01/2023,FALLOW,,,
HART_S3_P3412_R2,1/01/2023,FALLOW,,,
HART_S3_P3412_R3,1/01/2023,FALLOW,,,
HART_S3_P4123_R1,1/01/2023,FALLOW,,,
HART_S3_P4123_R2,1/01/2023,FALLOW,,,
HART_S3_P4123_R3,1/01/2023,FALLOW,,,
HART_S4.1_P1234_R1,1/01/2023,FALLOW,,,
HART_S4.1_P1234_R2,1/01/2023,FALLOW,,,
HART_S4.1_P1234_R3,1/01/2023,FALLOW,,,
HART_S4.1_P2341_R1,1/01/2023,FALLOW,,,
HART_S4.1_P2341_R2,1/01/2023,FALLOW,,,
HART_S4.1_P2341_R3,1/01/2023,FALLOW,,,
HART_S4.1_P3412_R1,1/01/2023,FALLOW,,,
HART_S4.1_P3412_R2,1/01/2023,FALLOW,,,
HART_S4.1_P3412_R3,1/01/2023,FALLOW,,,
HART_S4.1_P4123_R1,1/01/2023,FALLOW,,,
HART_S4.1_P4123_R2,1/01/2023,FALLOW,,,
HART_S4.1_P4123_R3,1/01/2023,FALLOW,,,
HART_S4.2_P1234_R1,1/01/2023,FALLOW,,,
HART_S4.2_P1234_R2,1/01/2023,FALLOW,,,
HART_S4.2_P1234_R3,1/01/2023,FALLOW,,,
HART_S4.2_P2341_R1,1/01/2023,FALLOW,,,
HART_S4.2_P2341_R2,1/01/2023,FALLOW,,,
HART_S4.2_P2341_R3,1/01/2023,FALLOW,,,
HART_S4.2_P3412_R1,1/01/2023,FALLOW,,,
HART_S4.2_P3412_R2,1/01/2023,FALLOW,,,
HART_S4.2_P3412_R3,1/01/2023,FALLOW,,,
HART_S4.2_P4123_R1,1/01/2023,FALLOW,,,
HART_S4.2_P4123_R2,1/01/2023,FALLOW,,,
HART_S4.2_P4123_R3,1/01/2023,FALLOW,,,
HART_S4.3_P1234_R1,1/01/2023,FALLOW,,,
HART_S4.3_P1234_R2,1/01/2023,FALLOW,,,
HART_S4.3_P1234_R3,1/01/2023,FALLOW,,,
HART_S4.3_P2341_R1,1/01/2023,FALLOW,,,
HART_S4.3_P2341_R2,1/01/2023,FALLOW,,,
HART_S4.3_P2341_R3,1/01/2023,FALLOW,,,
HART_S4.3_P3412_R1,1/01/2023,FALLOW,,,
HART_S4.3_P3412_R2,1/01/2023,FALLOW,,,
HART_S4.3_P3412_R3,1/01/2023,FALLOW,,,
HART_S4.3_P4123_R1,1/01/2023,FALLOW,,,
HART_S4.3_P4123_R2,1/01/2023,FALLOW,,,
HART_S4.3_P4123_R3,1/01/2023,FALLOW,,,
HART_S5_P0000_R1,1/01/2023,FALLOW,,,
HART_S5_P0000_R2,1/01/2023,FALLOW,,,
HART_S5_P0000_R3,1/01/2023,FALLOW,,,
HART_S5_P0000_R4,1/01/2023,FALLOW,,,
HART_S5_P0000_R5,1/01/2023,FALLOW,,,
HART_S5_P0000_R6,1/01/2023,FALLOW,,,
HART_S5_P0000_R7,1/01/2023,FALLOW,,,
HART_S5_P0000_R8,1/01/2023,FALLOW,,,
HART_S5_P0000_R9,1/01/2023,FALLOW,,,
HART_S6_P1234_R1,1/01/2023,FALLOW,,,
HART_S6_P1234_R2,1/01/2023,FALLOW,,,
HART_S6_P1234_R3,1/01/2023,FALLOW,,,
HART_S6_P2341_R1,1/01/2023,FALLOW,,,
HART_S6_P2341_R2,1/01/2023,FALLOW,,,
HART_S6_P2341_R3,1/01/2023,FALLOW,,,
HART_S6_P3412_R1,1/01/2023,FALLOW,,,
HART_S6_P3412_R2,1/01/2023,FALLOW,,,
HART_S6_P3412_R3,1/01/2023,FALLOW,,,
HART_S6_P4123_R1,1/01/2023,FALLOW,,,
HART_S6_P4123_R2,1/01/2023,FALLOW,,,
HART_S6_P4123_R3,1/01/2023,FALLOW,,,
HART_S7_P1234_R1,1/01/2023,FALLOW,,,
HART_S7_P1234_R2,1/01/2023,FALLOW,,,
HART_S7_P1234_R3,1/01/2023,FALLOW,,,
HART_S7_P2341_R1,1/01/2023,FALLOW,,,
HART_S7_P2341_R2,1/01/2023,FALLOW,,,
HART_S7_P2341_R3,1/01/2023,FALLOW,,,
HART_S7_P3412_R1,1/01/2023,FALLOW,,,
HART_S7_P3412_R2,1/01/2023,FALLOW,,,
HART_S7_P3412_R3,1/01/2023,FALLOW,,,
HART_S7_P4123_R1,1/01/2023,FALLOW,,,
HART_S7_P4123_R2,1/01/2023,FALLOW,,,
HART_S7_P4123_R3,1/01/2023,FALLOW,,,
HART_S8_P1234_R1,1/01/2023,FALLOW,,,
HART_S8_P1234_R2,1/01/2023,FALLOW,,,
HART_S8_P1234_R3,1/01/2023,FALLOW,,,
HART_S8_P2341_R1,1/01/2023,FALLOW,,,
HART_S8_P2341_R2,1/01/2023,FALLOW,,,
HART_S8_P2341_R3,1/01/2023,FALLOW,,,
HART_S8_P3412_R1,1/01/2023,FALLOW,,,
HART_S8_P3412_R2,1/01/2023,FALLOW,,,
HART_S8_P3412_R3,1/01/2023,FALLOW,,,
HART_S8_P4123_R1,1/01/2023,FALLOW,,,
HART_S8_P4123_R2,1/01/2023,FALLOW,,,
HART_S8_P4123_R3,1/01/2023,FALLOW,,,
HART_S9_P1234_R1,1/01/2023,FALLOW,,,
HART_S9_P1234_R2,1/01/2023,FALLOW,,,
HART_S9_P1234_R3,1/01/2023,FALLOW,,,
HART_S9_P2341_R1,1/01/2023,FALLOW,,,
HART_S9_P2341_R2,1/01/2023,FALLOW,,,
HART_S9_P2341_R3,1/01/2023,FALLOW,,,
HART_S9_P3412_R1,1/01/2023,FALLOW,,,
HART_S9_P3412_R2,1/01/2023,FALLOW,,,
HART_S9_P3412_R3,1/01/2023,FALLOW,,,
HART_S9_P4123_R1,1/01/2023,FALLOW,,,
HART_S9_P4123_R2,1/01/2023,FALLOW,,,
HART_S9_P4123_R3,1/01/2023,FALLOW,,,
KINNABULLA_S1.1_P1231_R1,1/01/2023,FALLOW,,,
KINNABULLA_S1.1_P1231_R2,1/01/2023,FALLOW,,,
KINNABULLA_S1.1_P1231_R3,1/01/2023,FALLOW,,,
KINNABULLA_S1.1_P2312_R1,1/01/2023,FALLOW,,,
KINNABULLA_S1.1_P2312_R2,1/01/2023,FALLOW,,,
KINNABULLA_S1.1_P2312_R3,1/01/2023,FALLOW,,,
KINNABULLA_S1.1_P3123_R1,1/01/2023,FALLOW,,,
KINNABULLA_S1.1_P3123_R2,1/01/2023,FALLOW,,,
KINNABULLA_S1.1_P3123_R3,1/01/2023,FALLOW,,,
KINNABULLA_S1.2_P1231_R1,1/01/2023,FALLOW,,,
KINNABULLA_S1.2_P1231_R2,1/01/2023,FALLOW,,,
KINNABULLA_S1.2_P1231_R3,1/01/2023,FALLOW,,,
KINNABULLA_S1.2_P2312_R1,1/01/2023,FALLOW,,,
KINNABULLA_S1.2_P2312_R2,1/01/2023,FALLOW,,,
KINNABULLA_S1.2_P2312_R3,1/01/2023,FALLOW,,,
KINNABULLA_S1.2_P3123_R1,1/01/2023,FALLOW,,,
KINNABULLA_S1.2_P3123_R2,1/01/2023,FALLOW,,,
KINNABULLA_S1.2_P3123_R3,1/01/2023,FALLOW,,,
KINNABULLA_S1.3_P1231_R1,1/01/2023,FALLOW,,,
KINNABULLA_S1.3_P1231_R2,1/01/2023,FALLOW,,,
KINNABULLA_S1.3_P1231_R3,1/01/2023,FALLOW,,,
KINNABULLA_S1.3_P2312_R1,1/01/2023,FALLOW,,,
KINNABULLA_S1.3_P2312_R2,1/01/2023,FALLOW,,,
KINNABULLA_S1.3_P2312_R3,1/01/2023,FALLOW,,,
KINNABULLA_S1.3_P3123_R1,1/01/2023,FALLOW,,,
KINNABULLA_S1.3_P3123_R2,1/01/2023,FALLOW,,,
KINNABULLA_S1.3_P3123_R3,1/01/2023,FALLOW,,,
KINNABULLA_S10_P1231_R1,1/01/2023,FALLOW,,,
KINNABULLA_S10_P1231_R2,1/01/2023,FALLOW,,,
KINNABULLA_S10_P1231_R3,1/01/2023,FALLOW,,,
KINNABULLA_S10_P2312_R1,1/01/2023,FALLOW,,,
KINNABULLA_S10_P2312_R2,1/01/2023,FALLOW,,,
KINNABULLA_S10_P2312_R3,1/01/2023,FALLOW,,,
KINNABULLA_S10_P3123_R1,1/01/2023,FALLOW,,,
KINNABULLA_S10_P3123_R2,1/01/2023,FALLOW,,,
KINNABULLA_S10_P3123_R3,1/01/2023,FALLOW,,,
KINNABULLA_S11_P1231_R1,1/01/2023,FALLOW,,,
KINNABULLA_S11_P1231_R2,1/01/2023,FALLOW,,,
KINNABULLA_S11_P1231_R3,1/01/2023,FALLOW,,,
KINNABULLA_S11_P2312_R1,1/01/2023,FALLOW,,,
KINNABULLA_S11_P2312_R2,1/01/2023,FALLOW,,,
KINNABULLA_S11_P2312_R3,1/01/2023,FALLOW,,,
KINNABULLA_S11_P3123_R1,1/01/2023,FALLOW,,,
KINNABULLA_S11_P3123_R2,1/01/2023,FALLOW,,,
KINNABULLA_S11_P3123_R3,1/01/2023,FALLOW,,,
KINNABULLA_S12_P0000_R1,1/01/2023,FALLOW,,,
KINNABULLA_S12_P0000_R2,1/01/2023,FALLOW,,,
KINNABULLA_S12_P0000_R3,1/01/2023,FALLOW,,,
KINNABULLA_S12_P0000_R4,1/01/2023,FALLOW,,,
KINNABULLA_S12_P0000_R5,1/01/2023,FALLOW,,,
KINNABULLA_S12_P0000_R6,1/01/2023,FALLOW,,,
KINNABULLA_S12_P0000_R7,1/01/2023,FALLOW,,,
KINNABULLA_S12_P0000_R8,1/01/2023,FALLOW,,,
KINNABULLA_S12_P0000_R9,1/01/2023,FALLOW,,,
KINNABULLA_S13_P0000_R1,1/01/2023,FALLOW,,,
KINNABULLA_S13_P0000_R2,1/01/2023,FALLOW,,,
KINNABULLA_S13_P0000_R3,1/01/2023,FALLOW,,,
KINNABULLA_S13_P0000_R4,1/01/2023,FALLOW,,,
KINNABULLA_S13_P0000_R5,1/01/2023,FALLOW,,,
KINNABULLA_S13_P0000_R6,1/01/2023,FALLOW,,,
KINNABULLA_S13_P0000_R7,1/01/2023,FALLOW,,,
KINNABULLA_S13_P0000_R8,1/01/2023,FALLOW,,,
KINNABULLA_S13_P0000_R9,1/01/2023,FALLOW,,,
KINNABULLA_S14_P0000_R1,1/01/2023,FALLOW,,,
KINNABULLA_S14_P0000_R2,1/01/2023,FALLOW,,,
KINNABULLA_S14_P0000_R3,1/01/2023,FALLOW,,,
KINNABULLA_S14_P0000_R4,1/01/2023,FALLOW,,,
KINNABULLA_S14_P0000_R5,1/01/2023,FALLOW,,,
KINNABULLA_S14_P0000_R6,1/01/2023,FALLOW,,,
KINNABULLA_S14_P0000_R7,1/01/2023,FALLOW,,,
KINNABULLA_S14_P0000_R8,1/01/2023,FALLOW,,,
KINNABULLA_S14_P0000_R9,1/01/2023,FALLOW,,,
KINNABULLA_S2.1_P1212_R1,1/01/2023,FALLOW,,,
KINNABULLA_S2.1_P1212_R2,1/01/2023,FALLOW,,,
KINNABULLA_S2.1_P1212_R3,1/01/2023,FALLOW,,,
KINNABULLA_S2.1_P2121_R1,1/01/2023,FALLOW,,,
KINNABULLA_S2.1_P2121_R2,1/01/2023,FALLOW,,,
KINNABULLA_S2.1_P2121_R3,1/01/2023,FALLOW,,,
KINNABULLA_S2.2_P1212_R1,1/01/2023,FALLOW,,,
KINNABULLA_S2.2_P1212_R2,1/01/2023,FALLOW,,,
KINNABULLA_S2.2_P1212_R3,1/01/2023,FALLOW,,,
KINNABULLA_S2.2_P2121_R1,1/01/2023,FALLOW,,,
KINNABULLA_S2.2_P2121_R2,1/01/2023,FALLOW,,,
KINNABULLA_S2.2_P2121_R3,1/01/2023,FALLOW,,,
KINNABULLA_S3_P1231_R1,1/01/2023,FALLOW,,,
KINNABULLA_S3_P1231_R2,1/01/2023,FALLOW,,,
KINNABULLA_S3_P1231_R3,1/01/2023,FALLOW,,,
KINNABULLA_S3_P2312_R1,1/01/2023,FALLOW,,,
KINNABULLA_S3_P2312_R2,1/01/2023,FALLOW,,,
KINNABULLA_S3_P2312_R3,1/01/2023,FALLOW,,,
KINNABULLA_S3_P3123_R1,1/01/2023,FALLOW,,,
KINNABULLA_S3_P3123_R2,1/01/2023,FALLOW,,,
KINNABULLA_S3_P3123_R3,1/01/2023,FALLOW,,,
KINNABULLA_S4_P1234_R1,1/01/2023,FALLOW,,,
KINNABULLA_S4_P1234_R2,1/01/2023,FALLOW,,,
KINNABULLA_S4_P1234_R3,1/01/2023,FALLOW,,,
KINNABULLA_S4_P2341_R1,1/01/2023,FALLOW,,,
KINNABULLA_S4_P2341_R2,1/01/2023,FALLOW,,,
KINNABULLA_S4_P2341_R3,1/01/2023,FALLOW,,,
KINNABULLA_S4_P3412_R1,1/01/2023,FALLOW,,,
KINNABULLA_S4_P3412_R2,1/01/2023,FALLOW,,,
KINNABULLA_S4_P3412_R3,1/01/2023,FALLOW,,,
KINNABULLA_S4_P4123_R1,1/01/2023,FALLOW,,,
KINNABULLA_S4_P4123_R2,1/01/2023,FALLOW,,,
KINNABULLA_S4_P4123_R3,1/01/2023,FALLOW,,,
KINNABULLA_S5_P1212_R1,1/01/2023,FALLOW,,,
KINNABULLA_S5_P1212_R2,1/01/2023,FALLOW,,,
KINNABULLA_S5_P1212_R3,1/01/2023,FALLOW,,,
KINNABULLA_S5_P2121_R1,1/01/2023,FALLOW,,,
KINNABULLA_S5_P2121_R2,1/01/2023,FALLOW,,,
KINNABULLA_S5_P2121_R3,1/01/2023,FALLOW,,,
KINNABULLA_S6_P1234_R1,1/01/2023,FALLOW,,,
KINNABULLA_S6_P1234_R2,1/01/2023,FALLOW,,,
KINNABULLA_S6_P1234_R3,1/01/2023,FALLOW,,,
KINNABULLA_S6_P2341_R1,1/01/2023,FALLOW,,,
KINNABULLA_S6_P2341_R2,1/01/2023,FALLOW,,,
KINNABULLA_S6_P2341_R3,1/01/2023,FALLOW,,,
KINNABULLA_S6_P3412_R1,1/01/2023,FALLOW,,,
KINNABULLA_S6_P3412_R2,1/01/2023,FALLOW,,,
KINNABULLA_S6_P3412_R3,1/01/2023,FALLOW,,,
KINNABULLA_S6_P4123_R1,1/01/2023,FALLOW,,,
KINNABULLA_S6_P4123_R2,1/01/2023,FALLOW,,,
KINNABULLA_S6_P4123_R3,1/01/2023,FALLOW,,,
KINNABULLA_S7_P1111_R1,1/01/2023,FALLOW,,,
KINNABULLA_S7_P1111_R2,1/01/2023,FALLOW,,,
KINNABULLA_S7_P1111_R3,1/01/2023,FALLOW,,,
KINNABULLA_S7_P1111_R4,1/01/2023,FALLOW,,,
KINNABULLA_S7_P1111_R5,1/01/2023,FALLOW,,,
KINNABULLA_S7_P1111_R6,1/01/2023,FALLOW,,,
KINNABULLA_S8_P1231_R1,1/01/2023,FALLOW,,,
KINNABULLA_S8_P1231_R2,1/01/2023,FALLOW,,,
KINNABULLA_S8_P1231_R3,1/01/2023,FALLOW,,,
KINNABULLA_S8_P2312_R1,1/01/2023,FALLOW,,,
KINNABULLA_S8_P2312_R2,1/01/2023,FALLOW,,,
KINNABULLA_S8_P2312_R3,1/01/2023,FALLOW,,,
KINNABULLA_S8_P3123_R1,1/01/2023,FALLOW,,,
KINNABULLA_S8_P3123_R2,1/01/2023,FALLOW,,,
KINNABULLA_S8_P3123_R3,1/01/2023,FALLOW,,,
KINNABULLA_S9.1_P1231_R1,1/01/2023,FALLOW,,,
KINNABULLA_S9.1_P1231_R2,1/01/2023,FALLOW,,,
KINNABULLA_S9.1_P1231_R3,1/01/2023,FALLOW,,,
KINNABULLA_S9.1_P2312_R1,1/01/2023,FALLOW,,,
KINNABULLA_S9.1_P2312_R2,1/01/2023,FALLOW,,,
KINNABULLA_S9.1_P2312_R3,1/01/2023,FALLOW,,,
KINNABULLA_S9.1_P3123_R1,1/01/2023,FALLOW,,,
KINNABULLA_S9.1_P3123_R2,1/01/2023,FALLOW,,,
KINNABULLA_S9.1_P3123_R3,1/01/2023,FALLOW,,,
KINNABULLA_S9.2_P1231_R1,1/01/2023,FALLOW,,,
KINNABULLA_S9.2_P1231_R2,1/01/2023,FALLOW,,,
KINNABULLA_S9.2_P1231_R3,1/01/2023,FALLOW,,,
KINNABULLA_S9.2_P2312_R1,1/01/2023,FALLOW,,,
KINNABULLA_S9.2_P2312_R2,1/01/2023,FALLOW,,,
KINNABULLA_S9.2_P2312_R3,1/01/2023,FALLOW,,,
KINNABULLA_S9.2_P3123_R1,1/01/2023,FALLOW,,,
KINNABULLA_S9.2_P3123_R2,1/01/2023,FALLOW,,,
KINNABULLA_S9.2_P3123_R3,1/01/2023,FALLOW,,,
MANANG_S1.1_P1231_R1,1/01/2023,FALLOW,,,
MANANG_S1.1_P1231_R2,1/01/2023,FALLOW,,,
MANANG_S1.1_P1231_R3,1/01/2023,FALLOW,,,
MANANG_S1.1_P2312_R1,1/01/2023,FALLOW,,,
MANANG_S1.1_P2312_R2,1/01/2023,FALLOW,,,
MANANG_S1.1_P2312_R3,1/01/2023,FALLOW,,,
MANANG_S1.1_P3123_R1,1/01/2023,FALLOW,,,
MANANG_S1.1_P3123_R2,1/01/2023,FALLOW,,,
MANANG_S1.1_P3123_R3,1/01/2023,FALLOW,,,
MANANG_S1.2_P1231_R1,1/01/2023,FALLOW,,,
MANANG_S1.2_P1231_R2,1/01/2023,FALLOW,,,
MANANG_S1.2_P1231_R3,1/01/2023,FALLOW,,,
MANANG_S1.2_P2312_R1,1/01/2023,FALLOW,,,
MANANG_S1.2_P2312_R2,1/01/2023,FALLOW,,,
MANANG_S1.2_P2312_R3,1/01/2023,FALLOW,,,
MANANG_S1.2_P3123_R1,1/01/2023,FALLOW,,,
MANANG_S1.2_P3123_R2,1/01/2023,FALLOW,,,
MANANG_S1.2_P3123_R3,1/01/2023,FALLOW,,,
MANANG_S1.3_P1231_R1,1/01/2023,FALLOW,,,
MANANG_S1.3_P1231_R2,1/01/2023,FALLOW,,,
MANANG_S1.3_P1231_R3,1/01/2023,FALLOW,,,
MANANG_S1.3_P2312_R1,1/01/2023,FALLOW,,,
MANANG_S1.3_P2312_R2,1/01/2023,FALLOW,,,
MANANG_S1.3_P2312_R3,1/01/2023,FALLOW,,,
MANANG_S1.3_P3123_R1,1/01/2023,FALLOW,,,
MANANG_S1.3_P3123_R2,1/01/2023,FALLOW,,,
MANANG_S1.3_P3123_R3,1/01/2023,FALLOW,,,
MANANG_S10.1_P1231_R1,1/01/2023,FALLOW,,,
MANANG_S10.1_P1231_R2,1/01/2023,FALLOW,,,
MANANG_S10.1_P1231_R3,1/01/2023,FALLOW,,,
MANANG_S10.1_P2312_R1,1/01/2023,FALLOW,,,
MANANG_S10.1_P2312_R2,1/01/2023,FALLOW,,,
MANANG_S10.1_P2312_R3,1/01/2023,FALLOW,,,
MANANG_S10.1_P3123_R1,1/01/2023,FALLOW,,,
MANANG_S10.1_P3123_R2,1/01/2023,FALLOW,,,
MANANG_S10.1_P3123_R3,1/01/2023,FALLOW,,,
MANANG_S10.2_P1231_R1,1/01/2023,FALLOW,,,
MANANG_S10.2_P1231_R2,1/01/2023,FALLOW,,,
MANANG_S10.2_P1231_R3,1/01/2023,FALLOW,,,
MANANG_S10.2_P2312_R1,1/01/2023,FALLOW,,,
MANANG_S10.2_P2312_R2,1/01/2023,FALLOW,,,
MANANG_S10.2_P2312_R3,1/01/2023,FALLOW,,,
MANANG_S10.2_P3123_R1,1/01/2023,FALLOW,,,
MANANG_S10.2_P3123_R2,1/01/2023,FALLOW,,,
MANANG_S10.2_P3123_R3,1/01/2023,FALLOW,,,
MANANG_S11_P1212_R1,1/01/2023,FALLOW,,,
MANANG_S11_P1212_R2,1/01/2023,FALLOW,,,
MANANG_S11_P1212_R3,1/01/2023,FALLOW,,,
MANANG_S11_P2121_R1,1/01/2023,FALLOW,,,
MANANG_S11_P2121_R2,1/01/2023,FALLOW,,,
MANANG_S11_P2121_R3,1/01/2023,FALLOW,,,
MANANG_S12_P0000_R1,1/01/2023,FALLOW,,,
MANANG_S12_P0000_R2,1/01/2023,FALLOW,,,
MANANG_S12_P0000_R3,1/01/2023,FALLOW,,,
MANANG_S12_P0000_R4,1/01/2023,FALLOW,,,
MANANG_S12_P0000_R5,1/01/2023,FALLOW,,,
MANANG_S12_P0000_R6,1/01/2023,FALLOW,,,
MANANG_S12_P0000_R7,1/01/2023,FALLOW,,,
MANANG_S12_P0000_R8,1/01/2023,FALLOW,,,
MANANG_S12_P0000_R9,1/01/2023,FALLOW,,,
MANANG_S13_P0000_R1,1/01/2023,FALLOW,,,
MANANG_S13_P0000_R2,1/01/2023,FALLOW,,,
MANANG_S13_P0000_R3,1/01/2023,FALLOW,,,
MANANG_S13_P0000_R4,1/01/2023,FALLOW,,,
MANANG_S13_P0000_R5,1/01/2023,FALLOW,,,
MANANG_S13_P0000_R6,1/01/2023,FALLOW,,,
MANANG_S13_P0000_R7,1/01/2023,FALLOW,,,
MANANG_S13_P0000_R8,1/01/2023,FALLOW,,,
MANANG_S13_P0000_R9,1/01/2023,FALLOW,,,
MANANG_S2_P1212_R1,1/01/2023,FALLOW,,,
MANANG_S2_P1212_R2,1/01/2023,FALLOW,,,
MANANG_S2_P1212_R3,1/01/2023,FALLOW,,,
MANANG_S2_P2121_R1,1/01/2023,FALLOW,,,
MANANG_S2_P2121_R2,1/01/2023,FALLOW,,,
MANANG_S2_P2121_R3,1/01/2023,FALLOW,,,
MANANG_S3_P1231_R1,1/01/2023,FALLOW,,,
MANANG_S3_P1231_R2,1/01/2023,FALLOW,,,
MANANG_S3_P1231_R3,1/01/2023,FALLOW,,,
MANANG_S3_P2312_R1,1/01/2023,FALLOW,,,
MANANG_S3_P2312_R2,1/01/2023,FALLOW,,,
MANANG_S3_P2312_R3,1/01/2023,FALLOW,,,
MANANG_S3_P3123_R1,1/01/2023,FALLOW,,,
MANANG_S3_P3123_R2,1/01/2023,FALLOW,,,
MANANG_S3_P3123_R3,1/01/2023,FALLOW,,,
MANANG_S4_P1234_R1,1/01/2023,FALLOW,,,
MANANG_S4_P1234_R2,1/01/2023,FALLOW,,,
MANANG_S4_P1234_R3,1/01/2023,FALLOW,,,
MANANG_S4_P2341_R1,1/01/2023,FALLOW,,,
MANANG_S4_P2341_R2,1/01/2023,FALLOW,,,
MANANG_S4_P2341_R3,1/01/2023,FALLOW,,,
MANANG_S4_P3412_R1,1/01/2023,FALLOW,,,
MANANG_S4_P3412_R2,1/01/2023,FALLOW,,,
MANANG_S4_P3412_R3,1/01/2023,FALLOW,,,
MANANG_S4_P4123_R1,1/01/2023,FALLOW,,,
MANANG_S4_P4123_R2,1/01/2023,FALLOW,,,
MANANG_S4_P4123_R3,1/01/2023,FALLOW,,,
MANANG_S5_P1234_R1,1/01/2023,FALLOW,,,
MANANG_S5_P1234_R2,1/01/2023,FALLOW,,,
MANANG_S5_P1234_R3,1/01/2023,FALLOW,,,
MANANG_S5_P2341_R1,1/01/2023,FALLOW,,,
MANANG_S5_P2341_R2,1/01/2023,FALLOW,,,
MANANG_S5_P2341_R3,1/01/2023,FALLOW,,,
MANANG_S5_P3412_R1,1/01/2023,FALLOW,,,
MANANG_S5_P3412_R2,1/01/2023,FALLOW,,,
MANANG_S5_P3412_R3,1/01/2023,FALLOW,,,
MANANG_S5_P4123_R1,1/01/2023,FALLOW,,,
MANANG_S5_P4123_R2,1/01/2023,FALLOW,,,
MANANG_S5_P4123_R3,1/01/2023,FALLOW,,,
MANANG_S6_P1111_R1,1/01/2023,FALLOW,,,
MANANG_S6_P1111_R2,1/01/2023,FALLOW,,,
MANANG_S6_P1111_R3,1/01/2023,FALLOW,,,
MANANG_S6_P1111_R4,1/01/2023,FALLOW,,,
MANANG_S6_P1111_R5,1/01/2023,FALLOW,,,
MANANG_S6_P1111_R6,1/01/2023,FALLOW,,,
MANANG_S7_P1231_R1,1/01/2023,FALLOW,,,
MANANG_S7_P1231_R2,1/01/2023,FALLOW,,,
MANANG_S7_P1231_R3,1/01/2023,FALLOW,,,
MANANG_S7_P2312_R1,1/01/2023,FALLOW,,,
MANANG_S7_P2312_R2,1/01/2023,FALLOW,,,
MANANG_S7_P2312_R3,1/01/2023,FALLOW,,,
MANANG_S7_P3123_R1,1/01/2023,FALLOW,,,
MANANG_S7_P3123_R2,1/01/2023,FALLOW,,,
MANANG_S7_P3123_R3,1/01/2023,FALLOW,,,
MANANG_S8.1_P1231_R1,1/01/2023,FALLOW,,,
MANANG_S8.1_P1231_R2,1/01/2023,FALLOW,,,
MANANG_S8.1_P1231_R3,1/01/2023,FALLOW,,,
MANANG_S8.1_P2312_R1,1/01/2023,FALLOW,,,
MANANG_S8.1_P2312_R2,1/01/2023,FALLOW,,,
MANANG_S8.1_P2312_R3,1/01/2023,FALLOW,,,
MANANG_S8.1_P3123_R1,1/01/2023,FALLOW,,,
MANANG_S8.1_P3123_R2,1/01/2023,FALLOW,,,
MANANG_S8.1_P3123_R3,1/01/2023,FALLOW,,,
MANANG_S8.2_P1231_R1,1/01/2023,FALLOW,,,
MANANG_S8.2_P1231_R2,1/01/2023,FALLOW,,,
MANANG_S8.2_P1231_R3,1/01/2023,FALLOW,,,
MANANG_S8.2_P2312_R1,1/01/2023,FALLOW,,,
MANANG_S8.2_P2312_R2,1/01/2023,FALLOW,,,
MANANG_S8.2_P2312_R3,1/01/2023,FALLOW,,,
MANANG_S8.2_P3123_R1,1/01/2023,FALLOW,,,
MANANG_S8.2_P3123_R2,1/01/2023,FALLOW,,,
MANANG_S8.2_P3123_R3,1/01/2023,FALLOW,,,
MANANG_S9_P1231_R1,1/01/2023,FALLOW,,,
MANANG_S9_P1231_R2,1/01/2023,FALLOW,,,
MANANG_S9_P1231_R3,1/01/2023,FALLOW,,,
MANANG_S9_P2312_R1,1/01/2023,FALLOW,,,
MANANG_S9_P2312_R2,1/01/2023,FALLOW,,,
MANANG_S9_P2312_R3,1/01/2023,FALLOW,,,
MANANG_S9_P3123_R1,1/01/2023,FALLOW,,,
MANANG_S9_P3123_R2,1/01/2023,FALLOW,,,
MANANG_S9_P3123_R3,1/01/2023,FALLOW,,,
ROSEWORTHY_S1.1_P1231_R1,1/01/2023,FALLOW,,,
ROSEWORTHY_S1.1_P1231_R2,1/01/2023,FALLOW,,,
ROSEWORTHY_S1.1_P1231_R3,1/01/2023,FALLOW,,,
ROSEWORTHY_S1.1_P2312_R1,1/01/2023,FALLOW,,,
ROSEWORTHY_S1.1_P2312_R2,1/01/2023,FALLOW,,,
ROSEWORTHY_S1.1_P2312_R3,1/01/2023,FALLOW,,,
ROSEWORTHY_S1.1_P3123_R1,1/01/2023,FALLOW,,,
ROSEWORTHY_S1.1_P3123_R2,1/01/2023,FALLOW,,,
ROSEWORTHY_S1.1_P3123_R3,1/01/2023,FALLOW,,,
ROSEWORTHY_S1.2_P1231_R1,1/01/2023,FALLOW,,,
ROSEWORTHY_S1.2_P1231_R2,1/01/2023,FALLOW,,,
ROSEWORTHY_S1.2_P1231_R3,1/01/2023,FALLOW,,,
ROSEWORTHY_S1.2_P2312_R1,1/01/2023,FALLOW,,,
ROSEWORTHY_S1.2_P2312_R2,1/01/2023,FALLOW,,,
ROSEWORTHY_S1.2_P2312_R3,1/01/2023,FALLOW,,,
ROSEWORTHY_S1.2_P3123_R1,1/01/2023,FALLOW,,,
ROSEWORTHY_S1.2_P3123_R2,1/01/2023,FALLOW,,,
ROSEWORTHY_S1.2_P3123_R3,1/01/2023,FALLOW,,,
ROSEWORTHY_S2_P1212_R1,1/01/2023,FALLOW,,,
ROSEWORTHY_S2_P1212_R2,1/01/2023,FALLOW,,,
ROSEWORTHY_S2_P1212_R3,1/01/2023,FALLOW,,,
ROSEWORTHY_S2_P2121_R1,1/01/2023,FALLOW,,,
ROSEWORTHY_S2_P2121_R2,1/01/2023,FALLOW,,,
ROSEWORTHY_S2_P2121_R3,1/01/2023,FALLOW,,,
ROSEWORTHY_S3_P1212_R1,1/01/2023,FALLOW,,,
ROSEWORTHY_S3_P1212_R2,1/01/2023,FALLOW,,,
ROSEWORTHY_S3_P1212_R3,1/01/2023,FALLOW,,,
ROSEWORTHY_S3_P2121_R1,1/01/2023,FALLOW,,,
ROSEWORTHY_S3_P2121_R2,1/01/2023,FALLOW,,,
ROSEWORTHY_S3_P2121_R3,1/01/2023,FALLOW,,,
ROSEWORTHY_S4_P1231_R1,1/01/2023,FALLOW,,,
ROSEWORTHY_S4_P1231_R2,1/01/2023,FALLOW,,,
ROSEWORTHY_S4_P1231_R3,1/01/2023,FALLOW,,,
ROSEWORTHY_S4_P2312_R1,1/01/2023,FALLOW,,,
ROSEWORTHY_S4_P2312_R2,1/01/2023,FALLOW,,,
ROSEWORTHY_S4_P2312_R3,1/01/2023,FALLOW,,,
ROSEWORTHY_S4_P3123_R1,1/01/2023,FALLOW,,,
ROSEWORTHY_S4_P3123_R2,1/01/2023,FALLOW,,,
ROSEWORTHY_S4_P3123_R3,1/01/2023,FALLOW,,,
ROSEWORTHY_S5_P0000_R1,1/01/2023,FALLOW,,,
ROSEWORTHY_S5_P0000_R2,1/01/2023,FALLOW,,,
ROSEWORTHY_S5_P0000_R3,1/01/2023,FALLOW,,,
ROSEWORTHY_S6_P0000_R1,1/01/2023,FALLOW,,,
ROSEWORTHY_S6_P0000_R2,1/01/2023,FALLOW,,,
ROSEWORTHY_S6_P0000_R3,1/01/2023,FALLOW,,,
ROSEWORTHY_S7_P0000_R1,1/01/2023,FALLOW,,,
ROSEWORTHY_S7_P0000_R2,1/01/2023,FALLOW,,,
ROSEWORTHY_S7_P0000_R3,1/01/2023,FALLOW,,,
ROSEWORTHY_S8_P0121_R1,1/01/2024,FALLOW,,,
ROSEWORTHY_S8_P0212_R2,1/01/2024,FALLOW,,,
ROSEWORTHY_S8_P0121_R3,1/01/2024,FALLOW,,,
ROSEWORTHY_S8_P0212_R1,1/01/2024,FALLOW,,,
ROSEWORTHY_S8_P0121_R2,1/01/2024,FALLOW,,,
ROSEWORTHY_S8_P0212_R3,1/01/2024,FALLOW,,,
STREATHAM_S1.1_P1212_R1,1/01/2023,FALLOW,,,
STREATHAM_S1.1_P1212_R2,1/01/2023,FALLOW,,,
STREATHAM_S1.1_P1212_R3,1/01/2023,FALLOW,,,
STREATHAM_S1.1_P2121_R1,1/01/2023,FALLOW,,,
STREATHAM_S1.1_P2121_R2,1/01/2023,FALLOW,,,
STREATHAM_S1.1_P2121_R3,1/01/2023,FALLOW,,,
STREATHAM_S1.2_P1212_R1,1/01/2023,FALLOW,,,
STREATHAM_S1.2_P1212_R2,1/01/2023,FALLOW,,,
STREATHAM_S1.2_P1212_R3,1/01/2023,FALLOW,,,
STREATHAM_S1.2_P2121_R1,1/01/2023,FALLOW,,,
STREATHAM_S1.2_P2121_R2,1/01/2023,FALLOW,,,
STREATHAM_S1.2_P2121_R3,1/01/2023,FALLOW,,,
STREATHAM_S1.3_P1212_R1,1/01/2023,FALLOW,,,
STREATHAM_S1.3_P1212_R2,1/01/2023,FALLOW,,,
STREATHAM_S1.3_P1212_R3,1/01/2023,FALLOW,,,
STREATHAM_S1.3_P2121_R1,1/01/2023,FALLOW,,,
STREATHAM_S1.3_P2121_R2,1/01/2023,FALLOW,,,
STREATHAM_S1.3_P2121_R3,1/01/2023,FALLOW,,,
STREATHAM_S1.4_P1212_R1,1/01/2023,FALLOW,,,
STREATHAM_S1.4_P1212_R2,1/01/2023,FALLOW,,,
STREATHAM_S1.4_P1212_R3,1/01/2023,FALLOW,,,
STREATHAM_S1.4_P2121_R1,1/01/2023,FALLOW,,,
STREATHAM_S1.4_P2121_R2,1/01/2023,FALLOW,,,
STREATHAM_S1.4_P2121_R3,1/01/2023,FALLOW,,,
STREATHAM_S10_P1212_R1,1/01/2023,FALLOW,,,
STREATHAM_S10_P1212_R2,1/01/2023,FALLOW,,,
STREATHAM_S10_P1212_R3,1/01/2023,FALLOW,,,
STREATHAM_S10_P2121_R1,1/01/2023,FALLOW,,,
STREATHAM_S10_P2121_R2,1/01/2023,FALLOW,,,
STREATHAM_S10_P2121_R3,1/01/2023,FALLOW,,,
STREATHAM_S11_P0000_R1,1/01/2023,FALLOW,,,
STREATHAM_S11_P0000_R2,1/01/2023,FALLOW,,,
STREATHAM_S11_P0000_R3,1/01/2023,FALLOW,,,
STREATHAM_S11_P0000_R4,1/01/2023,FALLOW,,,
STREATHAM_S11_P0000_R5,1/01/2023,FALLOW,,,
STREATHAM_S11_P0000_R6,1/01/2023,FALLOW,,,
STREATHAM_S11_P0000_R7,1/01/2023,FALLOW,,,
STREATHAM_S11_P0000_R8,1/01/2023,FALLOW,,,
STREATHAM_S11_P0000_R9,1/01/2023,FALLOW,,,
STREATHAM_S12_P0000_R1,1/01/2023,FALLOW,,,
STREATHAM_S12_P0000_R2,1/01/2023,FALLOW,,,
STREATHAM_S12_P0000_R3,1/01/2023,FALLOW,,,
STREATHAM_S12_P0000_R4,1/01/2023,FALLOW,,,
STREATHAM_S12_P0000_R5,1/01/2023,FALLOW,,,
STREATHAM_S12_P0000_R6,1/01/2023,FALLOW,,,
STREATHAM_S12_P0000_R7,1/01/2023,FALLOW,,,
STREATHAM_S12_P0000_R8,1/01/2023,FALLOW,,,
STREATHAM_S12_P0000_R9,1/01/2023,FALLOW,,,
STREATHAM_S13_P0000_R1,1/01/2023,FALLOW,,,
STREATHAM_S13_P0000_R2,1/01/2023,FALLOW,,,
STREATHAM_S13_P0000_R3,1/01/2023,FALLOW,,,
STREATHAM_S13_P0000_R4,1/01/2023,FALLOW,,,
STREATHAM_S13_P0000_R5,1/01/2023,FALLOW,,,
STREATHAM_S13_P0000_R6,1/01/2023,FALLOW,,,
STREATHAM_S13_P0000_R7,1/01/2023,FALLOW,,,
STREATHAM_S13_P0000_R8,1/01/2023,FALLOW,,,
STREATHAM_S13_P0000_R9,1/01/2023,FALLOW,,,
STREATHAM_S2.1_P1234_R1,1/01/2023,FALLOW,,,
STREATHAM_S2.1_P1234_R2,1/01/2023,FALLOW,,,
STREATHAM_S2.1_P1234_R3,1/01/2023,FALLOW,,,
STREATHAM_S2.1_P2341_R1,1/01/2023,FALLOW,,,
STREATHAM_S2.1_P2341_R2,1/01/2023,FALLOW,,,
STREATHAM_S2.1_P2341_R3,1/01/2023,FALLOW,,,
STREATHAM_S2.1_P3412_R1,1/01/2023,FALLOW,,,
STREATHAM_S2.1_P3412_R2,1/01/2023,FALLOW,,,
STREATHAM_S2.1_P3412_R3,1/01/2023,FALLOW,,,
STREATHAM_S2.1_P4123_R1,1/01/2023,FALLOW,,,
STREATHAM_S2.1_P4123_R2,1/01/2023,FALLOW,,,
STREATHAM_S2.1_P4123_R3,1/01/2023,FALLOW,,,
STREATHAM_S2.2_P1234_R1,1/01/2023,FALLOW,,,
STREATHAM_S2.2_P1234_R2,1/01/2023,FALLOW,,,
STREATHAM_S2.2_P1234_R3,1/01/2023,FALLOW,,,
STREATHAM_S2.2_P2341_R1,1/01/2023,FALLOW,,,
STREATHAM_S2.2_P2341_R2,1/01/2023,FALLOW,,,
STREATHAM_S2.2_P2341_R3,1/01/2023,FALLOW,,,
STREATHAM_S2.2_P3412_R1,1/01/2023,FALLOW,,,
STREATHAM_S2.2_P3412_R2,1/01/2023,FALLOW,,,
STREATHAM_S2.2_P3412_R3,1/01/2023,FALLOW,,,
STREATHAM_S2.2_P4123_R1,1/01/2023,FALLOW,,,
STREATHAM_S2.2_P4123_R2,1/01/2023,FALLOW,,,
STREATHAM_S2.2_P4123_R3,1/01/2023,FALLOW,,,
STREATHAM_S2.3_P1234_R1,1/01/2023,FALLOW,,,
STREATHAM_S2.3_P1234_R2,1/01/2023,FALLOW,,,
STREATHAM_S2.3_P1234_R3,1/01/2023,FALLOW,,,
STREATHAM_S2.3_P2341_R1,1/01/2023,FALLOW,,,
STREATHAM_S2.3_P2341_R2,1/01/2023,FALLOW,,,
STREATHAM_S2.3_P2341_R3,1/01/2023,FALLOW,,,
STREATHAM_S2.3_P3412_R1,1/01/2023,FALLOW,,,
STREATHAM_S2.3_P3412_R2,1/01/2023,FALLOW,,,
STREATHAM_S2.3_P3412_R3,1/01/2023,FALLOW,,,
STREATHAM_S2.3_P4123_R1,1/01/2023,FALLOW,,,
STREATHAM_S2.3_P4123_R2,1/01/2023,FALLOW,,,
STREATHAM_S2.3_P4123_R3,1/01/2023,FALLOW,,,
STREATHAM_S2.4_P1234_R1,1/01/2023,FALLOW,,,
STREATHAM_S2.4_P1234_R2,1/01/2023,FALLOW,,,
STREATHAM_S2.4_P1234_R3,1/01/2023,FALLOW,,,
STREATHAM_S2.4_P2341_R1,1/01/2023,FALLOW,,,
STREATHAM_S2.4_P2341_R2,1/01/2023,FALLOW,,,
STREATHAM_S2.4_P2341_R3,1/01/2023,FALLOW,,,
STREATHAM_S2.4_P3412_R1,1/01/2023,FALLOW,,,
STREATHAM_S2.4_P3412_R2,1/01/2023,FALLOW,,,
STREATHAM_S2.4_P3412_R3,1/01/2023,FALLOW,,,
STREATHAM_S2.4_P4123_R1,1/01/2023,FALLOW,,,
STREATHAM_S2.4_P4123_R2,1/01/2023,FALLOW,,,
STREATHAM_S2.4_P4123_R3,1/01/2023,FALLOW,,,
STREATHAM_S3_P1234_R1,1/01/2023,FALLOW,,,
STREATHAM_S3_P1234_R2,1/01/2023,FALLOW,,,
STREATHAM_S3_P1234_R3,1/01/2023,FALLOW,,,
STREATHAM_S3_P2341_R1,1/01/2023,FALLOW,,,
STREATHAM_S3_P2341_R2,1/01/2023,FALLOW,,,
STREATHAM_S3_P2341_R3,1/01/2023,FALLOW,,,
STREATHAM_S3_P3412_R1,1/01/2023,FALLOW,,,
STREATHAM_S3_P3412_R2,1/01/2023,FALLOW,,,
STREATHAM_S3_P3412_R3,1/01/2023,FALLOW,,,
STREATHAM_S3_P4123_R1,1/01/2023,FALLOW,,,
STREATHAM_S3_P4123_R2,1/01/2023,FALLOW,,,
STREATHAM_S3_P4123_R3,1/01/2023,FALLOW,,,
STREATHAM_S4_P1231_R1,1/01/2023,FALLOW,,,
STREATHAM_S4_P1231_R2,1/01/2023,FALLOW,,,
STREATHAM_S4_P1231_R3,1/01/2023,FALLOW,,,
STREATHAM_S4_P2312_R1,1/01/2023,FALLOW,,,
STREATHAM_S4_P2312_R2,1/01/2023,FALLOW,,,
STREATHAM_S4_P2312_R3,1/01/2023,FALLOW,,,
STREATHAM_S4_P3123_R1,1/01/2023,FALLOW,,,
STREATHAM_S4_P3123_R2,1/01/2023,FALLOW,,,
STREATHAM_S4_P3123_R3,1/01/2023,FALLOW,,,
STREATHAM_S5_P1231_R1,1/01/2023,FALLOW,,,
STREATHAM_S5_P1231_R2,1/01/2023,FALLOW,,,
STREATHAM_S5_P1231_R3,1/01/2023,FALLOW,,,
STREATHAM_S5_P2312_R1,1/01/2023,FALLOW,,,
STREATHAM_S5_P2312_R2,1/01/2023,FALLOW,,,
STREATHAM_S5_P2312_R3,1/01/2023,FALLOW,,,
STREATHAM_S5_P3123_R1,1/01/2023,FALLOW,,,
STREATHAM_S5_P3123_R2,1/01/2023,FALLOW,,,
STREATHAM_S5_P3123_R3,1/01/2023,FALLOW,,,
STREATHAM_S6.1_P1231_R1,1/01/2023,FALLOW,,,
STREATHAM_S6.1_P1231_R2,1/01/2023,FALLOW,,,
STREATHAM_S6.1_P1231_R3,1/01/2023,FALLOW,,,
STREATHAM_S6.1_P2312_R1,1/01/2023,FALLOW,,,
STREATHAM_S6.1_P2312_R2,1/01/2023,FALLOW,,,
STREATHAM_S6.1_P2312_R3,1/01/2023,FALLOW,,,
STREATHAM_S6.1_P3123_R1,1/01/2023,FALLOW,,,
STREATHAM_S6.1_P3123_R2,1/01/2023,FALLOW,,,
STREATHAM_S6.1_P3123_R3,1/01/2023,FALLOW,,,
STREATHAM_S6.2_P1231_R1,1/01/2023,FALLOW,,,
STREATHAM_S6.2_P1231_R2,1/01/2023,FALLOW,,,
STREATHAM_S6.2_P1231_R3,1/01/2023,FALLOW,,,
STREATHAM_S6.2_P2312_R1,1/01/2023,FALLOW,,,
STREATHAM_S6.2_P2312_R2,1/01/2023,FALLOW,,,
STREATHAM_S6.2_P2312_R3,1/01/2023,FALLOW,,,
STREATHAM_S6.2_P3123_R1,1/01/2023,FALLOW,,,
STREATHAM_S6.2_P3123_R2,1/01/2023,FALLOW,,,
STREATHAM_S6.2_P3123_R3,1/01/2023,FALLOW,,,
STREATHAM_S7_P1234_R1,1/01/2023,FALLOW,,,
STREATHAM_S7_P1234_R2,1/01/2023,FALLOW,,,
STREATHAM_S7_P1234_R3,1/01/2023,FALLOW,,,
STREATHAM_S7_P2341_R1,1/01/2023,FALLOW,,,
STREATHAM_S7_P2341_R2,1/01/2023,FALLOW,,,
STREATHAM_S7_P2341_R3,1/01/2023,FALLOW,,,
STREATHAM_S7_P3412_R1,1/01/2023,FALLOW,,,
STREATHAM_S7_P3412_R2,1/01/2023,FALLOW,,,
STREATHAM_S7_P3412_R3,1/01/2023,FALLOW,,,
STREATHAM_S7_P4123_R1,1/01/2023,FALLOW,,,
STREATHAM_S7_P4123_R2,1/01/2023,FALLOW,,,
STREATHAM_S7_P4123_R3,1/01/2023,FALLOW,,,
STREATHAM_S8_P1231_R1,1/01/2023,FALLOW,,,
STREATHAM_S8_P1231_R2,1/01/2023,FALLOW,,,
STREATHAM_S8_P1231_R3,1/01/2023,FALLOW,,,
STREATHAM_S8_P2312_R1,1/01/2023,FALLOW,,,
STREATHAM_S8_P2312_R2,1/01/2023,FALLOW,,,
STREATHAM_S8_P2312_R3,1/01/2023,FALLOW,,,
STREATHAM_S8_P3123_R1,1/01/2023,FALLOW,,,
STREATHAM_S8_P3123_R2,1/01/2023,FALLOW,,,
STREATHAM_S8_P3123_R3,1/01/2023,FALLOW,,,
STREATHAM_S9.1_P1212_R1,1/01/2023,FALLOW,,,
STREATHAM_S9.1_P1212_R2,1/01/2023,FALLOW,,,
STREATHAM_S9.1_P1212_R3,1/01/2023,FALLOW,,,
STREATHAM_S9.1_P2121_R1,1/01/2023,FALLOW,,,
STREATHAM_S9.1_P2121_R2,1/01/2023,FALLOW,,,
STREATHAM_S9.1_P2121_R3,1/01/2023,FALLOW,,,
STREATHAM_S9.2_P1212_R1,1/01/2023,FALLOW,,,
STREATHAM_S9.2_P1212_R2,1/01/2023,FALLOW,,,
STREATHAM_S9.2_P1212_R3,1/01/2023,FALLOW,,,
STREATHAM_S9.2_P2121_R1,1/01/2023,FALLOW,,,
STREATHAM_S9.2_P2121_R2,1/01/2023,FALLOW,,,
STREATHAM_S9.2_P2121_R3,1/01/2023,FALLOW,,,
STREATHAM_S9.3_P1212_R1,1/01/2023,FALLOW,,,
STREATHAM_S9.3_P1212_R2,1/01/2023,FALLOW,,,
STREATHAM_S9.3_P1212_R3,1/01/2023,FALLOW,,,
STREATHAM_S9.3_P2121_R1,1/01/2023,FALLOW,,,
STREATHAM_S9.3_P2121_R2,1/01/2023,FALLOW,,,
STREATHAM_S9.3_P2121_R3,1/01/2023,FALLOW,,,
WALLUP_S1_P1231_R1,1/01/2023,FALLOW,,,
WALLUP_S1_P1231_R2,1/01/2023,FALLOW,,,
WALLUP_S1_P1231_R3,1/01/2023,FALLOW,,,
WALLUP_S1_P2312_R1,1/01/2023,FALLOW,,,
WALLUP_S1_P2312_R2,1/01/2023,FALLOW,,,
WALLUP_S1_P2312_R3,1/01/2023,FALLOW,,,
WALLUP_S1_P3123_R1,1/01/2023,FALLOW,,,
WALLUP_S1_P3123_R2,1/01/2023,FALLOW,,,
WALLUP_S1_P3123_R3,1/01/2023,FALLOW,,,
WALLUP_S2_P1234_R1,1/01/2023,FALLOW,,,
WALLUP_S2_P1234_R2,1/01/2023,FALLOW,,,
WALLUP_S2_P1234_R3,1/01/2023,FALLOW,,,
WALLUP_S2_P2341_R1,1/01/2023,FALLOW,,,
WALLUP_S2_P2341_R2,1/01/2023,FALLOW,,,
WALLUP_S2_P2341_R3,1/01/2023,FALLOW,,,
WALLUP_S2_P3412_R1,1/01/2023,FALLOW,,,
WALLUP_S2_P3412_R2,1/01/2023,FALLOW,,,
WALLUP_S2_P3412_R3,1/01/2023,FALLOW,,,
WALLUP_S2_P4123_R1,1/01/2023,FALLOW,,,
WALLUP_S2_P4123_R2,1/01/2023,FALLOW,,,
WALLUP_S2_P4123_R3,1/01/2023,FALLOW,,,
WALLUP_S3_P1234_R1,1/01/2023,FALLOW,,,
WALLUP_S3_P1234_R2,1/01/2023,FALLOW,,,
WALLUP_S3_P1234_R3,1/01/2023,FALLOW,,,
WALLUP_S3_P2341_R1,1/01/2023,FALLOW,,,
WALLUP_S3_P2341_R2,1/01/2023,FALLOW,,,
WALLUP_S3_P2341_R3,1/01/2023,FALLOW,,,
WALLUP_S3_P3412_R1,1/01/2023,FALLOW,,,
WALLUP_S3_P3412_R2,1/01/2023,FALLOW,,,
WALLUP_S3_P3412_R3,1/01/2023,FALLOW,,,
WALLUP_S3_P4123_R1,1/01/2023,FALLOW,,,
WALLUP_S3_P4123_R2,1/01/2023,FALLOW,,,
WALLUP_S3_P4123_R3,1/01/2023,FALLOW,,,
WALLUP_S4_P1231_R1,1/01/2023,FALLOW,,,
WALLUP_S4_P1231_R2,1/01/2023,FALLOW,,,
WALLUP_S4_P1231_R3,1/01/2023,FALLOW,,,
WALLUP_S4_P2312_R1,1/01/2023,FALLOW,,,
WALLUP_S4_P2312_R2,1/01/2023,FALLOW,,,
WALLUP_S4_P2312_R3,1/01/2023,FALLOW,,,
WALLUP_S4_P3123_R1,1/01/2023,FALLOW,,,
WALLUP_S4_P3123_R2,1/01/2023,FALLOW,,,
WALLUP_S4_P3123_R3,1/01/2023,FALLOW,,,
WALLUP_S5_P0000_R1,1/01/2023,FALLOW,,,
WALLUP_S5_P0000_R2,1/01/2023,FALLOW,,,
WALLUP_S5_P0000_R3,1/01/2023,FALLOW,,,
WALLUP_S6_P0000_R1,1/01/2023,FALLOW,,,
WALLUP_S6_P0000_R2,1/01/2023,FALLOW,,,
WALLUP_S6_P0000_R3,1/01/2023,FALLOW,,,
WARRAMBINE_S1_P1212_R1,1/01/2023,FALLOW,,,
WARRAMBINE_S1_P1212_R2,1/01/2023,FALLOW,,,
WARRAMBINE_S1_P1212_R3,1/01/2023,FALLOW,,,
WARRAMBINE_S1_P2121_R1,1/01/2023,FALLOW,,,
WARRAMBINE_S1_P2121_R2,1/01/2023,FALLOW,,,
WARRAMBINE_S1_P2121_R3,1/01/2023,FALLOW,,,
WARRAMBINE_S2_P1231_R1,1/01/2023,FALLOW,,,
WARRAMBINE_S2_P1231_R2,1/01/2023,FALLOW,,,
WARRAMBINE_S2_P1231_R3,1/01/2023,FALLOW,,,
WARRAMBINE_S2_P2312_R1,1/01/2023,FALLOW,,,
WARRAMBINE_S2_P2312_R2,1/01/2023,FALLOW,,,
WARRAMBINE_S2_P2312_R3,1/01/2023,FALLOW,,,
WARRAMBINE_S2_P3123_R1,1/01/2023,FALLOW,,,
WARRAMBINE_S2_P3123_R2,1/01/2023,FALLOW,,,
WARRAMBINE_S2_P3123_R3,1/01/2023,FALLOW,,,
WARRAMBINE_S3_P1231_R1,1/01/2023,FALLOW,,,
WARRAMBINE_S3_P1231_R2,1/01/2023,FALLOW,,,
WARRAMBINE_S3_P1231_R3,1/01/2023,FALLOW,,,
WARRAMBINE_S3_P2312_R1,1/01/2023,FALLOW,,,
WARRAMBINE_S3_P2312_R2,1/01/2023,FALLOW,,,
WARRAMBINE_S3_P2312_R3,1/01/2023,FALLOW,,,
WARRAMBINE_S3_P3123_R1,1/01/2023,FALLOW,,,
WARRAMBINE_S3_P3123_R2,1/01/2023,FALLOW,,,
WARRAMBINE_S3_P3123_R3,1/01/2023,FALLOW,,,
WARRAMBINE_S4_P1231_R1,1/01/2023,FALLOW,,,
WARRAMBINE_S4_P1231_R2,1/01/2023,FALLOW,,,
WARRAMBINE_S4_P1231_R3,1/01/2023,FALLOW,,,
WARRAMBINE_S4_P2312_R1,1/01/2023,FALLOW,,,
WARRAMBINE_S4_P2312_R2,1/01/2023,FALLOW,,,
WARRAMBINE_S4_P2312_R3,1/01/2023,FALLOW,,,
WARRAMBINE_S4_P3123_R1,1/01/2023,FALLOW,,,
WARRAMBINE_S4_P3123_R2,1/01/2023,FALLOW,,,
WARRAMBINE_S4_P3123_R3,1/01/2023,FALLOW,,,
WARRAMBINE_S5_P1231_R1,1/01/2023,FALLOW,,,
WARRAMBINE_S5_P1231_R2,1/01/2023,FALLOW,,,
WARRAMBINE_S5_P1231_R3,1/01/2023,FALLOW,,,
WARRAMBINE_S5_P2312_R1,1/01/2023,FALLOW,,,
WARRAMBINE_S5_P2312_R2,1/01/2023,FALLOW,,,
WARRAMBINE_S5_P2312_R3,1/01/2023,FALLOW,,,
WARRAMBINE_S5_P3123_R1,1/01/2023,FALLOW,,,
WARRAMBINE_S5_P3123_R2,1/01/2023,FALLOW,,,
WARRAMBINE_S5_P3123_R3,1/01/2023,FALLOW,,,
WARRAMBINE_S6_P0000_R1,1/01/2023,FALLOW,,,
WARRAMBINE_S6_P0000_R2,1/01/2023,FALLOW,,,
WARRAMBINE_S6_P0000_R3,1/01/2023,FALLOW,,,
WARRAMBINE_S7_P0000_R1,1/01/2023,FALLOW,,,
WARRAMBINE_S7_P0000_R2,1/01/2023,FALLOW,,,
WARRAMBINE_S7_P0000_R3,1/01/2023,FALLOW,,,
APPILA_S5_P0000_R1,2023-05-31,CROP,wheat,,
APPILA_S5_P0000_R2,2023-05-31,CROP,wheat,,
APPILA_S5_P0000_R3,2023-05-31,CROP,wheat,,
APPILA_S1_P2312_R1,2023-05-31,CROP,wheat,,
APPILA_S1_P2312_R2,2023-05-31,CROP,wheat,,
APPILA_S1_P2312_R3,2023-05-31,CROP,wheat,,
APPILA_S2_P2121_R1,2023-05-31,CROP,wheat,,
APPILA_S2_P2121_R2,2023-05-31,CROP,wheat,,
APPILA_S2_P2121_R3,2023-05-31,CROP,wheat,,
APPILA_S3_P4123_R1,2023-05-31,CROP,wheat,,
APPILA_S3_P3412_R1,2023-05-31,CROP,wheat,,
APPILA_S3_P4123_R2,2023-05-31,CROP,wheat,,
APPILA_S3_P3412_R2,2023-05-31,CROP,wheat,,
APPILA_S3_P4123_R3,2023-05-31,CROP,wheat,,
APPILA_S3_P3412_R3,2023-05-31,CROP,wheat,,
APPILA_S4_P3123_R1,2023-05-31,CROP,wheat,,
APPILA_S4_P2312_R1,2023-05-31,CROP,wheat,,
APPILA_S4_P3123_R2,2023-05-31,CROP,wheat,,
APPILA_S4_P2312_R2,2023-05-31,CROP,wheat,,
APPILA_S4_P3123_R3,2023-05-31,CROP,wheat,,
APPILA_S4_P2312_R3,2023-05-31,CROP,wheat,,
APPILA_S1_P3123_R1,2023-05-31,CROP,barley,,
APPILA_S1_P3123_R2,2023-05-31,CROP,barley,,
APPILA_S1_P3123_R3,2023-05-31,CROP,barley,,
APPILA_S3_P2341_R1,2023-05-31,CROP,canola,,
APPILA_S3_P2341_R2,2023-05-31,CROP,canola,,
APPILA_S3_P2341_R3,2023-05-31,CROP,canola,,
APPILA_S6_P0000_R1,2023-05-31,CROP,canola,,
APPILA_S6_P0000_R2,2023-05-31,CROP,canola,,
APPILA_S6_P0000_R3,2023-05-31,CROP,canola,,
APPILA_S3_P1234_R1,2023-05-31,CROP,lentil,,
APPILA_S2_P1212_R1,2023-05-31,CROP,lentil,,
APPILA_S2_P1212_R2,2023-05-31,CROP,lentil,,
APPILA_S3_P1234_R2,2023-05-31,CROP,lentil,,
APPILA_S2_P1212_R3,2023-05-31,CROP,lentil,,
APPILA_S3_P1234_R3,2023-05-31,CROP,lentil,,
APPILA_S1_P1231_R1,2023-05-31,CROP,vetch,,
APPILA_S1_P1231_R2,2023-05-31,CROP,vetch,,
APPILA_S1_P1231_R3,2023-05-31,CROP,vetch,,
APPILA_S4_P1231_R1,2023-05-31,CROP,vetch,oat,
APPILA_S4_P1231_R2,2023-05-31,CROP,vetch,oat,
APPILA_S4_P1231_R3,2023-05-31,CROP,vetch,oat,
APPILA_S1_P1231_R1,2023-11-11,FALLOW,vetch,,
APPILA_S1_P1231_R2,2023-11-11,FALLOW,vetch,,
APPILA_S1_P1231_R3,2023-11-11,FALLOW,vetch,,
APPILA_S1_P2312_R1,2023-11-11,FALLOW,wheat,,
APPILA_S1_P2312_R2,2023-11-11,FALLOW,wheat,,
APPILA_S1_P2312_R3,2023-11-11,FALLOW,wheat,,
APPILA_S1_P3123_R1,2023-11-11,FALLOW,barley,,
APPILA_S1_P3123_R2,2023-11-11,FALLOW,barley,,
APPILA_S1_P3123_R3,2023-11-11,FALLOW,barley,,
APPILA_S2_P1212_R1,2023-11-11,FALLOW,lentil,,
APPILA_S2_P1212_R2,2023-11-11,FALLOW,lentil,,
APPILA_S2_P1212_R3,2023-11-11,FALLOW,lentil,,
APPILA_S2_P2121_R1,2023-11-11,FALLOW,wheat,,
APPILA_S2_P2121_R2,2023-11-11,FALLOW,wheat,,
APPILA_S2_P2121_R3,2023-11-11,FALLOW,wheat,,
APPILA_S3_P1234_R1,2023-11-11,FALLOW,lentil,,
APPILA_S3_P1234_R2,2023-11-11,FALLOW,lentil,,
APPILA_S3_P1234_R3,2023-11-11,FALLOW,lentil,,
APPILA_S3_P2341_R1,2023-11-11,FALLOW,canola,,
APPILA_S3_P2341_R2,2023-11-11,FALLOW,canola,,
APPILA_S3_P2341_R3,2023-11-11,FALLOW,canola,,
APPILA_S3_P3412_R1,2023-11-11,FALLOW,wheat,,
APPILA_S3_P3412_R2,2023-11-11,FALLOW,wheat,,
APPILA_S3_P3412_R3,2023-11-11,FALLOW,wheat,,
APPILA_S3_P4123_R1,2023-11-11,FALLOW,wheat,,
APPILA_S3_P4123_R2,2023-11-11,FALLOW,wheat,,
APPILA_S3_P4123_R3,2023-11-11,FALLOW,wheat,,
APPILA_S4_P1231_R1,2023-11-11,FALLOW,vetch,oat,
APPILA_S4_P1231_R2,2023-11-11,FALLOW,vetch,oat,
APPILA_S4_P1231_R3,2023-11-11,FALLOW,vetch,oat,
APPILA_S4_P2312_R1,2023-11-11,FALLOW,wheat,,
APPILA_S4_P2312_R2,2023-11-11,FALLOW,wheat,,
APPILA_S4_P2312_R3,2023-11-11,FALLOW,wheat,,
APPILA_S4_P3123_R1,2023-11-11,FALLOW,wheat,,
APPILA_S4_P3123_R2,2023-11-11,FALLOW,wheat,,
APPILA_S4_P3123_R3,2023-11-11,FALLOW,wheat,,
APPILA_S5_P0000_R1,2023-11-11,FALLOW,wheat,,
APPILA_S5_P0000_R2,2023-11-11,FALLOW,wheat,,
APPILA_S5_P0000_R3,2023-11-11,FALLOW,wheat,,
APPILA_S6_P0000_R1,2023-11-11,FALLOW,canola,,
APPILA_S6_P0000_R2,2023-11-11,FALLOW,canola,,
APPILA_S6_P0000_R3,2023-11-11,FALLOW,canola,,
KINNABULLA_S1.1_P1231_R1,2023-05-23,CROP,lentil,,
KINNABULLA_S1.1_P1231_R2,2023-05-23,CROP,lentil,,
KINNABULLA_S1.1_P1231_R3,2023-05-23,CROP,lentil,,
KINNABULLA_S1.1_P2312_R1,2023-05-23,CROP,wheat,,
KINNABULLA_S1.1_P2312_R2,2023-05-23,CROP,wheat,,
KINNABULLA_S1.1_P2312_R3,2023-05-23,CROP,wheat,,
KINNABULLA_S1.1_P3123_R1,2023-05-23,CROP,wheat,,
KINNABULLA_S1.1_P3123_R2,2023-05-23,CROP,wheat,,
KINNABULLA_S1.1_P3123_R3,2023-05-23,CROP,wheat,,
KINNABULLA_S1.2_P1231_R1,2023-05-23,CROP,lentil,,
KINNABULLA_S1.2_P1231_R2,2023-05-23,CROP,lentil,,
KINNABULLA_S1.2_P1231_R3,2023-05-23,CROP,lentil,,
KINNABULLA_S1.2_P2312_R1,2023-05-23,CROP,wheat,,
KINNABULLA_S1.2_P2312_R2,2023-05-23,CROP,wheat,,
KINNABULLA_S1.2_P2312_R3,2023-05-23,CROP,wheat,,
KINNABULLA_S1.2_P3123_R1,2023-05-23,CROP,wheat,,
KINNABULLA_S1.2_P3123_R2,2023-05-23,CROP,wheat,,
KINNABULLA_S1.2_P3123_R3,2023-05-23,CROP,wheat,,
KINNABULLA_S1.3_P1231_R1,2023-05-23,CROP,lentil,,
KINNABULLA_S1.3_P1231_R2,2023-05-23,CROP,lentil,,
KINNABULLA_S1.3_P1231_R3,2023-05-23,CROP,lentil,,
KINNABULLA_S1.3_P2312_R1,2023-05-23,CROP,wheat,,
KINNABULLA_S1.3_P2312_R2,2023-05-23,CROP,wheat,,
KINNABULLA_S1.3_P2312_R3,2023-05-23,CROP,wheat,,
KINNABULLA_S1.3_P3123_R1,2023-05-23,CROP,wheat,,
KINNABULLA_S1.3_P3123_R2,2023-05-23,CROP,wheat,,
KINNABULLA_S1.3_P3123_R3,2023-05-23,CROP,wheat,,
KINNABULLA_S10_P1231_R1,2023-05-03,CROP,pasture,,
KINNABULLA_S10_P1231_R2,2023-05-03,CROP,pasture,,
KINNABULLA_S10_P1231_R3,2023-05-03,CROP,pasture,,
KINNABULLA_S10_P2312_R1,2023-05-23,CROP,wheat,,
KINNABULLA_S10_P2312_R2,2023-05-23,CROP,wheat,,
KINNABULLA_S10_P2312_R3,2023-05-23,CROP,wheat,,
KINNABULLA_S10_P3123_R1,2023-05-23,CROP,wheat,,
KINNABULLA_S10_P3123_R2,2023-05-23,CROP,wheat,,
KINNABULLA_S10_P3123_R3,2023-05-23,CROP,wheat,,
KINNABULLA_S11_P1231_R1,2023-05-03,CROP,pasture,vetch,
KINNABULLA_S11_P1231_R2,2023-05-03,CROP,pasture,vetch,
KINNABULLA_S11_P1231_R3,2023-05-03,CROP,pasture,vetch,
KINNABULLA_S11_P2312_R1,2023-05-23,CROP,wheat,,
KINNABULLA_S11_P2312_R2,2023-05-23,CROP,wheat,,
KINNABULLA_S11_P2312_R3,2023-05-23,CROP,wheat,,
KINNABULLA_S11_P3123_R1,2023-05-23,CROP,wheat,,
KINNABULLA_S11_P3123_R2,2023-05-23,CROP,wheat,,
KINNABULLA_S11_P3123_R3,2023-05-23,CROP,wheat,,
KINNABULLA_S12_P0000_R1,2023-05-03,CROP,canola,,
KINNABULLA_S12_P0000_R2,2023-05-03,CROP,canola,,
KINNABULLA_S12_P0000_R3,2023-05-03,CROP,canola,,
KINNABULLA_S12_P0000_R4,2023-05-03,CROP,canola,,
KINNABULLA_S12_P0000_R5,2023-05-03,CROP,canola,,
KINNABULLA_S12_P0000_R6,2023-05-03,CROP,canola,,
KINNABULLA_S12_P0000_R7,2023-05-03,CROP,canola,,
KINNABULLA_S12_P0000_R8,2023-05-03,CROP,canola,,
KINNABULLA_S12_P0000_R9,2023-05-03,CROP,canola,,
KINNABULLA_S13_P0000_R1,2023-05-03,CROP,canola,,
KINNABULLA_S13_P0000_R2,2023-05-03,CROP,canola,,
KINNABULLA_S13_P0000_R3,2023-05-03,CROP,canola,,
KINNABULLA_S13_P0000_R4,2023-05-03,CROP,canola,,
KINNABULLA_S13_P0000_R5,2023-05-03,CROP,canola,,
KINNABULLA_S13_P0000_R6,2023-05-03,CROP,canola,,
KINNABULLA_S13_P0000_R7,2023-05-03,CROP,canola,,
KINNABULLA_S13_P0000_R8,2023-05-03,CROP,canola,,
KINNABULLA_S13_P0000_R9,2023-05-03,CROP,canola,,
KINNABULLA_S14_P0000_R1,2023-05-03,CROP,canola,,
KINNABULLA_S14_P0000_R2,2023-05-03,CROP,canola,,
KINNABULLA_S14_P0000_R3,2023-05-03,CROP,canola,,
KINNABULLA_S14_P0000_R4,2023-05-03,CROP,canola,,
KINNABULLA_S14_P0000_R5,2023-05-03,CROP,canola,,
KINNABULLA_S14_P0000_R6,2023-05-03,CROP,canola,,
KINNABULLA_S14_P0000_R7,2023-05-03,CROP,canola,,
KINNABULLA_S14_P0000_R8,2023-05-03,CROP,canola,,
KINNABULLA_S14_P0000_R9,2023-05-03,CROP,canola,,
KINNABULLA_S2.1_P1212_R1,2023-05-23,CROP,lentil,,
KINNABULLA_S2.1_P1212_R2,2023-05-23,CROP,lentil,,
KINNABULLA_S2.1_P1212_R3,2023-05-23,CROP,lentil,,
KINNABULLA_S2.1_P2121_R1,2023-05-23,CROP,wheat,,
KINNABULLA_S2.1_P2121_R2,2023-05-23,CROP,wheat,,
KINNABULLA_S2.1_P2121_R3,2023-05-23,CROP,wheat,,
KINNABULLA_S2.2_P1212_R1,2023-05-23,CROP,lentil,,
KINNABULLA_S2.2_P1212_R2,2023-05-23,CROP,lentil,,
KINNABULLA_S2.2_P1212_R3,2023-05-23,CROP,lentil,,
KINNABULLA_S2.2_P2121_R1,2023-05-23,CROP,wheat,,
KINNABULLA_S2.2_P2121_R2,2023-05-23,CROP,wheat,,
KINNABULLA_S2.2_P2121_R3,2023-05-23,CROP,wheat,,
KINNABULLA_S3_P1231_R1,2023-05-23,CROP,lentil,,
KINNABULLA_S3_P1231_R2,2023-05-23,CROP,lentil,,
KINNABULLA_S3_P1231_R3,2023-05-23,CROP,lentil,,
KINNABULLA_S3_P2312_R1,2023-05-23,CROP,lentil,,
KINNABULLA_S3_P2312_R2,2023-05-23,CROP,lentil,,
KINNABULLA_S3_P2312_R3,2023-05-23,CROP,lentil,,
KINNABULLA_S3_P3123_R1,2023-05-23,CROP,wheat,,
KINNABULLA_S3_P3123_R2,2023-05-23,CROP,wheat,,
KINNABULLA_S3_P3123_R3,2023-05-23,CROP,wheat,,
KINNABULLA_S4_P1234_R1,2023-05-23,CROP,lentil,,
KINNABULLA_S4_P1234_R2,2023-05-23,CROP,lentil,,
KINNABULLA_S4_P1234_R3,2023-05-23,CROP,lentil,,
KINNABULLA_S4_P2341_R1,2023-05-03,CROP,canola,,
KINNABULLA_S4_P2341_R2,2023-05-03,CROP,canola,,
KINNABULLA_S4_P2341_R3,2023-05-03,CROP,canola,,
KINNABULLA_S4_P3412_R1,2023-05-23,CROP,wheat,,
KINNABULLA_S4_P3412_R2,2023-05-23,CROP,wheat,,
KINNABULLA_S4_P3412_R3,2023-05-23,CROP,wheat,,
KINNABULLA_S4_P4123_R1,2023-05-23,CROP,wheat,,
KINNABULLA_S4_P4123_R2,2023-05-23,CROP,wheat,,
KINNABULLA_S4_P4123_R3,2023-05-23,CROP,wheat,,
KINNABULLA_S5_P1212_R1,2023-05-23,CROP,lentil,,
KINNABULLA_S5_P1212_R2,2023-05-23,CROP,lentil,,
KINNABULLA_S5_P1212_R3,2023-05-23,CROP,lentil,,
KINNABULLA_S5_P2121_R1,2023-05-23,CROP,barley,,
KINNABULLA_S5_P2121_R2,2023-05-23,CROP,barley,,
KINNABULLA_S5_P2121_R3,2023-05-23,CROP,barley,,
KINNABULLA_S6_P1234_R1,2023-05-23,CROP,lentil,,
KINNABULLA_S6_P1234_R2,2023-05-23,CROP,lentil,,
KINNABULLA_S6_P1234_R3,2023-05-23,CROP,lentil,,
KINNABULLA_S6_P2341_R1,2023-05-23,CROP,wheat,,
KINNABULLA_S6_P2341_R2,2023-05-23,CROP,wheat,,
KINNABULLA_S6_P2341_R3,2023-05-23,CROP,wheat,,
KINNABULLA_S6_P3412_R1,2023-05-23,CROP,wheat,,
KINNABULLA_S6_P3412_R2,2023-05-23,CROP,wheat,,
KINNABULLA_S6_P3412_R3,2023-05-23,CROP,wheat,,
KINNABULLA_S6_P4123_R1,2023-05-23,CROP,wheat,,
KINNABULLA_S6_P4123_R2,2023-05-23,CROP,wheat,,
KINNABULLA_S6_P4123_R3,2023-05-23,CROP,wheat,,
KINNABULLA_S7_P1111_R1,2023-05-23,CROP,wheat,,
KINNABULLA_S7_P1111_R2,2023-05-23,CROP,wheat,,
KINNABULLA_S7_P1111_R3,2023-05-23,CROP,wheat,,
KINNABULLA_S7_P1111_R4,2023-05-23,CROP,wheat,,
KINNABULLA_S7_P1111_R5,2023-05-23,CROP,wheat,,
KINNABULLA_S7_P1111_R6,2023-05-23,CROP,wheat,,
KINNABULLA_S8_P2312_R1,2023-05-23,CROP,wheat,,
KINNABULLA_S8_P2312_R2,2023-05-23,CROP,wheat,,
KINNABULLA_S8_P2312_R3,2023-05-23,CROP,wheat,,
KINNABULLA_S8_P3123_R1,2023-05-23,CROP,wheat,,
KINNABULLA_S8_P3123_R2,2023-05-23,CROP,wheat,,
KINNABULLA_S8_P3123_R3,2023-05-23,CROP,wheat,,
KINNABULLA_S9.1_P1231_R1,2023-05-03,CROP,vetch,,
KINNABULLA_S9.1_P1231_R2,2023-05-03,CROP,vetch,,
KINNABULLA_S9.1_P1231_R3,2023-05-03,CROP,vetch,,
KINNABULLA_S9.1_P2312_R1,2023-05-23,CROP,wheat,,
KINNABULLA_S9.1_P2312_R2,2023-05-23,CROP,wheat,,
KINNABULLA_S9.1_P2312_R3,2023-05-23,CROP,wheat,,
KINNABULLA_S9.1_P3123_R1,2023-05-23,CROP,wheat,,
KINNABULLA_S9.1_P3123_R2,2023-05-23,CROP,wheat,,
KINNABULLA_S9.1_P3123_R3,2023-05-23,CROP,wheat,,
KINNABULLA_S9.2_P1231_R1,2023-05-03,CROP,vetch,,
KINNABULLA_S9.2_P1231_R2,2023-05-03,CROP,vetch,,
KINNABULLA_S9.2_P1231_R3,2023-05-03,CROP,vetch,,
KINNABULLA_S9.2_P2312_R1,2023-05-23,CROP,wheat,,
KINNABULLA_S9.2_P2312_R2,2023-05-23,CROP,wheat,,
KINNABULLA_S9.2_P2312_R3,2023-05-23,CROP,wheat,,
KINNABULLA_S9.2_P3123_R1,2023-05-23,CROP,wheat,,
KINNABULLA_S9.2_P3123_R2,2023-05-23,CROP,wheat,,
KINNABULLA_S9.2_P3123_R3,2023-05-23,CROP,wheat,,
KINNABULLA_S1.1_P1231_R1,2023-12-07,FALLOW,lentil,,
KINNABULLA_S1.1_P1231_R2,2023-12-07,FALLOW,lentil,,
KINNABULLA_S1.1_P1231_R3,2023-12-07,FALLOW,lentil,,
KINNABULLA_S1.1_P2312_R1,2023-12-07,FALLOW,wheat,,
KINNABULLA_S1.1_P2312_R2,2023-12-07,FALLOW,wheat,,
KINNABULLA_S1.1_P2312_R3,2023-12-07,FALLOW,wheat,,
KINNABULLA_S1.1_P3123_R1,2023-12-07,FALLOW,wheat,,
KINNABULLA_S1.1_P3123_R2,2023-12-07,FALLOW,wheat,,
KINNABULLA_S1.1_P3123_R3,2023-12-07,FALLOW,wheat,,
KINNABULLA_S1.2_P1231_R1,2023-12-07,FALLOW,lentil,,
KINNABULLA_S1.2_P1231_R2,2023-12-07,FALLOW,lentil,,
KINNABULLA_S1.2_P1231_R3,2023-12-07,FALLOW,lentil,,
KINNABULLA_S1.2_P2312_R1,2023-12-07,FALLOW,wheat,,
KINNABULLA_S1.2_P2312_R2,2023-12-07,FALLOW,wheat,,
KINNABULLA_S1.2_P2312_R3,2023-12-07,FALLOW,wheat,,
KINNABULLA_S1.2_P3123_R1,2023-12-07,FALLOW,wheat,,
KINNABULLA_S1.2_P3123_R2,2023-12-07,FALLOW,wheat,,
KINNABULLA_S1.2_P3123_R3,2023-12-07,FALLOW,wheat,,
KINNABULLA_S1.3_P1231_R1,2023-12-07,FALLOW,lentil,,
KINNABULLA_S1.3_P1231_R2,2023-12-07,FALLOW,lentil,,
KINNABULLA_S1.3_P1231_R3,2023-12-07,FALLOW,lentil,,
KINNABULLA_S1.3_P2312_R1,2023-12-07,FALLOW,wheat,,
KINNABULLA_S1.3_P2312_R2,2023-12-07,FALLOW,wheat,,
KINNABULLA_S1.3_P2312_R3,2023-12-07,FALLOW,wheat,,
KINNABULLA_S1.3_P3123_R1,2023-12-07,FALLOW,wheat,,
KINNABULLA_S1.3_P3123_R2,2023-12-07,FALLOW,wheat,,
KINNABULLA_S1.3_P3123_R3,2023-12-07,FALLOW,wheat,,
KINNABULLA_S10_P1231_R1,2023-12-07,FALLOW,pasture,,
KINNABULLA_S10_P1231_R2,2023-12-07,FALLOW,pasture,,
KINNABULLA_S10_P1231_R3,2023-12-07,FALLOW,pasture,,
KINNABULLA_S10_P2312_R1,2023-12-07,FALLOW,wheat,,
KINNABULLA_S10_P2312_R2,2023-12-07,FALLOW,wheat,,
KINNABULLA_S10_P2312_R3,2023-12-07,FALLOW,wheat,,
KINNABULLA_S10_P3123_R1,2023-12-07,FALLOW,wheat,,
KINNABULLA_S10_P3123_R2,2023-12-07,FALLOW,wheat,,
KINNABULLA_S10_P3123_R3,2023-12-07,FALLOW,wheat,,
KINNABULLA_S11_P1231_R1,2023-12-07,FALLOW,vetch,pasture,
KINNABULLA_S11_P1231_R2,2023-12-07,FALLOW,vetch,pasture,
KINNABULLA_S11_P1231_R3,2023-12-07,FALLOW,vetch,pasture,
KINNABULLA_S11_P2312_R1,2023-12-07,FALLOW,wheat,,
KINNABULLA_S11_P2312_R2,2023-12-07,FALLOW,wheat,,
KINNABULLA_S11_P2312_R3,2023-12-07,FALLOW,wheat,,
KINNABULLA_S11_P3123_R1,2023-12-07,FALLOW,wheat,,
KINNABULLA_S11_P3123_R2,2023-12-07,FALLOW,wheat,,
KINNABULLA_S11_P3123_R3,2023-12-07,FALLOW,wheat,,
KINNABULLA_S12_P0000_R1,2023-12-07,FALLOW,canola,,
KINNABULLA_S12_P0000_R2,2023-12-07,FALLOW,canola,,
KINNABULLA_S12_P0000_R3,2023-12-07,FALLOW,canola,,
KINNABULLA_S12_P0000_R4,2023-12-07,FALLOW,canola,,
KINNABULLA_S12_P0000_R5,2023-12-07,FALLOW,canola,,
KINNABULLA_S12_P0000_R6,2023-12-07,FALLOW,canola,,
KINNABULLA_S12_P0000_R7,2023-12-07,FALLOW,canola,,
KINNABULLA_S12_P0000_R8,2023-12-07,FALLOW,canola,,
KINNABULLA_S12_P0000_R9,2023-12-07,FALLOW,canola,,
KINNABULLA_S13_P0000_R1,2023-12-07,FALLOW,canola,,
KINNABULLA_S13_P0000_R2,2023-12-07,FALLOW,canola,,
KINNABULLA_S13_P0000_R3,2023-12-07,FALLOW,canola,,
KINNABULLA_S13_P0000_R4,2023-12-07,FALLOW,canola,,
KINNABULLA_S13_P0000_R5,2023-12-07,FALLOW,canola,,
KINNABULLA_S13_P0000_R6,2023-12-07,FALLOW,canola,,
KINNABULLA_S13_P0000_R7,2023-12-07,FALLOW,canola,,
KINNABULLA_S13_P0000_R8,2023-12-07,FALLOW,canola,,
KINNABULLA_S13_P0000_R9,2023-12-07,FALLOW,canola,,
KINNABULLA_S14_P0000_R1,2023-12-07,FALLOW,canola,,
KINNABULLA_S14_P0000_R2,2023-12-07,FALLOW,canola,,
KINNABULLA_S14_P0000_R3,2023-12-07,FALLOW,canola,,
KINNABULLA_S14_P0000_R4,2023-12-07,FALLOW,canola,,
KINNABULLA_S14_P0000_R5,2023-12-07,FALLOW,canola,,
KINNABULLA_S14_P0000_R6,2023-12-07,FALLOW,canola,,
KINNABULLA_S14_P0000_R7,2023-12-07,FALLOW,canola,,
KINNABULLA_S14_P0000_R8,2023-12-07,FALLOW,canola,,
KINNABULLA_S14_P0000_R9,2023-12-07,FALLOW,canola,,
KINNABULLA_S2.1_P1212_R1,2023-12-07,FALLOW,lentil,,
KINNABULLA_S2.1_P1212_R2,2023-12-07,FALLOW,lentil,,
KINNABULLA_S2.1_P1212_R3,2023-12-07,FALLOW,lentil,,
KINNABULLA_S2.1_P2121_R1,2023-12-07,FALLOW,wheat,,
KINNABULLA_S2.1_P2121_R2,2023-12-07,FALLOW,wheat,,
KINNABULLA_S2.1_P2121_R3,2023-12-07,FALLOW,wheat,,
KINNABULLA_S2.2_P1212_R1,2023-12-07,FALLOW,lentil,,
KINNABULLA_S2.2_P1212_R2,2023-12-07,FALLOW,lentil,,
KINNABULLA_S2.2_P1212_R3,2023-12-07,FALLOW,lentil,,
KINNABULLA_S2.2_P2121_R1,2023-12-07,FALLOW,wheat,,
KINNABULLA_S2.2_P2121_R2,2023-12-07,FALLOW,wheat,,
KINNABULLA_S2.2_P2121_R3,2023-12-07,FALLOW,wheat,,
KINNABULLA_S3_P1231_R1,2023-12-07,FALLOW,lentil,,
KINNABULLA_S3_P1231_R2,2023-12-07,FALLOW,lentil,,
KINNABULLA_S3_P1231_R3,2023-12-07,FALLOW,lentil,,
KINNABULLA_S3_P2312_R1,2023-12-07,FALLOW,lentil,,
KINNABULLA_S3_P2312_R2,2023-12-07,FALLOW,lentil,,
KINNABULLA_S3_P2312_R3,2023-12-07,FALLOW,lentil,,
KINNABULLA_S3_P3123_R1,2023-12-07,FALLOW,wheat,,
KINNABULLA_S3_P3123_R2,2023-12-07,FALLOW,wheat,,
KINNABULLA_S3_P3123_R3,2023-12-07,FALLOW,wheat,,
KINNABULLA_S4_P1234_R1,2023-12-07,FALLOW,lentil,,
KINNABULLA_S4_P1234_R2,2023-12-07,FALLOW,lentil,,
KINNABULLA_S4_P1234_R3,2023-12-07,FALLOW,lentil,,
KINNABULLA_S4_P2341_R1,2023-12-07,FALLOW,canola,,
KINNABULLA_S4_P2341_R2,2023-12-07,FALLOW,canola,,
KINNABULLA_S4_P2341_R3,2023-12-07,FALLOW,canola,,
KINNABULLA_S4_P3412_R1,2023-12-07,FALLOW,wheat,,
KINNABULLA_S4_P3412_R2,2023-12-07,FALLOW,wheat,,
KINNABULLA_S4_P3412_R3,2023-12-07,FALLOW,wheat,,
KINNABULLA_S4_P4123_R1,2023-12-07,FALLOW,wheat,,
KINNABULLA_S4_P4123_R2,2023-12-07,FALLOW,wheat,,
KINNABULLA_S4_P4123_R3,2023-12-07,FALLOW,wheat,,
KINNABULLA_S5_P1212_R1,2023-12-07,FALLOW,lentil,,
KINNABULLA_S5_P1212_R2,2023-12-07,FALLOW,lentil,,
KINNABULLA_S5_P1212_R3,2023-12-07,FALLOW,lentil,,
KINNABULLA_S5_P2121_R1,2023-12-09,FALLOW,barley,,
KINNABULLA_S5_P2121_R2,2023-12-09,FALLOW,barley,,
KINNABULLA_S5_P2121_R3,2023-12-09,FALLOW,barley,,
KINNABULLA_S6_P1234_R1,2023-12-07,FALLOW,lentil,,
KINNABULLA_S6_P1234_R2,2023-12-07,FALLOW,lentil,,
KINNABULLA_S6_P1234_R3,2023-12-07,FALLOW,lentil,,
KINNABULLA_S6_P2341_R1,2023-12-07,FALLOW,wheat,,
KINNABULLA_S6_P2341_R2,2023-12-07,FALLOW,wheat,,
KINNABULLA_S6_P2341_R3,2023-12-07,FALLOW,wheat,,
KINNABULLA_S6_P3412_R1,2023-12-07,FALLOW,wheat,,
KINNABULLA_S6_P3412_R2,2023-12-07,FALLOW,wheat,,
KINNABULLA_S6_P3412_R3,2023-12-07,FALLOW,wheat,,
KINNABULLA_S6_P4123_R1,2023-12-07,FALLOW,wheat,,
KINNABULLA_S6_P4123_R2,2023-12-07,FALLOW,wheat,,
KINNABULLA_S6_P4123_R3,2023-12-07,FALLOW,wheat,,
KINNABULLA_S7_P1111_R1,2023-12-07,FALLOW,wheat,,
KINNABULLA_S7_P1111_R2,2023-12-07,FALLOW,wheat,,
KINNABULLA_S7_P1111_R3,2023-12-07,FALLOW,wheat,,
KINNABULLA_S7_P1111_R4,2023-12-07,FALLOW,wheat,,
KINNABULLA_S7_P1111_R5,2023-12-07,FALLOW,wheat,,
KINNABULLA_S7_P1111_R6,2023-12-07,FALLOW,wheat,,
KINNABULLA_S8_P2312_R1,2023-12-07,FALLOW,wheat,,
KINNABULLA_S8_P2312_R2,2023-12-07,FALLOW,wheat,,
KINNABULLA_S8_P2312_R3,2023-12-07,FALLOW,wheat,,
KINNABULLA_S8_P3123_R1,2023-12-07,FALLOW,wheat,,
KINNABULLA_S8_P3123_R2,2023-12-07,FALLOW,wheat,,
KINNABULLA_S8_P3123_R3,2023-12-07,FALLOW,wheat,,
KINNABULLA_S9.1_P1231_R1,2023-12-07,FALLOW,vetch,,
KINNABULLA_S9.1_P1231_R2,2023-12-07,FALLOW,vetch,,
KINNABULLA_S9.1_P1231_R3,2023-12-07,FALLOW,vetch,,
KINNABULLA_S9.1_P2312_R1,2023-12-07,FALLOW,wheat,,
KINNABULLA_S9.1_P2312_R2,2023-12-07,FALLOW,wheat,,
KINNABULLA_S9.1_P2312_R3,2023-12-07,FALLOW,wheat,,
KINNABULLA_S9.1_P3123_R1,2023-12-07,FALLOW,wheat,,
KINNABULLA_S9.1_P3123_R2,2023-12-07,FALLOW,wheat,,
KINNABULLA_S9.1_P3123_R3,2023-12-07,FALLOW,wheat,,
KINNABULLA_S9.2_P1231_R1,2023-12-07,FALLOW,vetch,,
KINNABULLA_S9.2_P1231_R2,2023-12-07,FALLOW,vetch,,
KINNABULLA_S9.2_P1231_R3,2023-12-07,FALLOW,vetch,,
KINNABULLA_S9.2_P2312_R1,2023-12-07,FALLOW,wheat,,
KINNABULLA_S9.2_P2312_R2,2023-12-07,FALLOW,wheat,,
KINNABULLA_S9.2_P2312_R3,2023-12-07,FALLOW,wheat,,
KINNABULLA_S9.2_P3123_R1,2023-12-07,FALLOW,wheat,,
KINNABULLA_S9.2_P3123_R2,2023-12-07,FALLOW,wheat,,
KINNABULLA_S9.2_P3123_R3,2023-12-07,FALLOW,wheat,,
MANANG_S1.1_P1231_R1,2023-05-17,CROP,lentil,,
MANANG_S1.1_P1231_R2,2023-05-17,CROP,lentil,,
MANANG_S1.1_P1231_R3,2023-05-17,CROP,lentil,,
MANANG_S1.1_P2312_R1,2023-05-17,CROP,wheat,,
MANANG_S1.1_P2312_R2,2023-05-17,CROP,wheat,,
MANANG_S1.1_P2312_R3,2023-05-17,CROP,wheat,,
MANANG_S1.1_P3123_R1,2023-05-17,CROP,wheat,,
MANANG_S1.1_P3123_R2,2023-05-17,CROP,wheat,,
MANANG_S1.1_P3123_R3,2023-05-17,CROP,wheat,,
MANANG_S1.2_P1231_R1,2023-05-17,CROP,lentil,,
MANANG_S1.2_P1231_R2,2023-05-17,CROP,lentil,,
MANANG_S1.2_P1231_R3,2023-05-17,CROP,lentil,,
MANANG_S1.2_P2312_R1,2023-05-17,CROP,wheat,,
MANANG_S1.2_P2312_R2,2023-05-17,CROP,wheat,,
MANANG_S1.2_P2312_R3,2023-05-17,CROP,wheat,,
MANANG_S1.2_P3123_R1,2023-05-17,CROP,wheat,,
MANANG_S1.2_P3123_R2,2023-05-17,CROP,wheat,,
MANANG_S1.2_P3123_R3,2023-05-17,CROP,wheat,,
MANANG_S1.3_P1231_R1,2023-05-17,CROP,lentil,,
MANANG_S1.3_P1231_R2,2023-05-17,CROP,lentil,,
MANANG_S1.3_P1231_R3,2023-05-17,CROP,lentil,,
MANANG_S1.3_P2312_R1,2023-05-17,CROP,wheat,,
MANANG_S1.3_P2312_R2,2023-05-17,CROP,wheat,,
MANANG_S1.3_P2312_R3,2023-05-17,CROP,wheat,,
MANANG_S1.3_P3123_R1,2023-05-17,CROP,wheat,,
MANANG_S1.3_P3123_R2,2023-05-17,CROP,wheat,,
MANANG_S1.3_P3123_R3,2023-05-17,CROP,wheat,,
MANANG_S10.1_P1231_R1,2023-05-17,CROP,wheat,vetch,
MANANG_S10.1_P1231_R2,2023-05-17,CROP,wheat,vetch,
MANANG_S10.1_P1231_R3,2023-05-17,CROP,wheat,vetch,
MANANG_S10.1_P2312_R1,2023-05-17,CROP,wheat,,
MANANG_S10.1_P2312_R2,2023-05-17,CROP,wheat,,
MANANG_S10.1_P2312_R3,2023-05-17,CROP,wheat,,
MANANG_S10.1_P3123_R1,2023-05-17,CROP,wheat,,
MANANG_S10.1_P3123_R2,2023-05-17,CROP,wheat,,
MANANG_S10.1_P3123_R3,2023-05-17,CROP,wheat,,
MANANG_S10.2_P1231_R1,2023-05-17,CROP,wheat,vetch,
MANANG_S10.2_P1231_R2,2023-05-17,CROP,wheat,vetch,
MANANG_S10.2_P1231_R3,2023-05-17,CROP,wheat,vetch,
MANANG_S10.2_P2312_R1,2023-05-17,CROP,wheat,,
MANANG_S10.2_P2312_R2,2023-05-17,CROP,wheat,,
MANANG_S10.2_P2312_R3,2023-05-17,CROP,wheat,,
MANANG_S10.2_P3123_R1,2023-05-17,CROP,wheat,,
MANANG_S10.2_P3123_R2,2023-05-17,CROP,wheat,,
MANANG_S10.2_P3123_R3,2023-05-17,CROP,wheat,,
MANANG_S11_P1212_R1,2023-05-17,CROP,wheat,vetch,
MANANG_S11_P1212_R2,2023-05-17,CROP,wheat,vetch,
MANANG_S11_P1212_R3,2023-05-17,CROP,wheat,vetch,
MANANG_S11_P2121_R1,2023-05-17,CROP,wheat,,
MANANG_S11_P2121_R2,2023-05-17,CROP,wheat,,
MANANG_S11_P2121_R3,2023-05-17,CROP,wheat,,
MANANG_S12_P0000_R1,2023-04-29,CROP,canola,,
MANANG_S12_P0000_R2,2023-04-29,CROP,canola,,
MANANG_S12_P0000_R3,2023-04-29,CROP,canola,,
MANANG_S12_P0000_R4,2023-04-29,CROP,canola,,
MANANG_S12_P0000_R5,2023-04-29,CROP,canola,,
MANANG_S12_P0000_R6,2023-04-29,CROP,canola,,
MANANG_S12_P0000_R7,2023-04-29,CROP,canola,,
MANANG_S12_P0000_R8,2023-04-29,CROP,canola,,
MANANG_S12_P0000_R9,2023-04-29,CROP,canola,,
MANANG_S13_P0000_R1,2023-04-29,CROP,canola,,
MANANG_S13_P0000_R2,2023-04-29,CROP,canola,,
MANANG_S13_P0000_R3,2023-04-29,CROP,canola,,
MANANG_S13_P0000_R4,2023-04-29,CROP,canola,,
MANANG_S13_P0000_R5,2023-04-29,CROP,canola,,
MANANG_S13_P0000_R6,2023-04-29,CROP,canola,,
MANANG_S13_P0000_R7,2023-04-29,CROP,canola,,
MANANG_S13_P0000_R8,2023-04-29,CROP,canola,,
MANANG_S13_P0000_R9,2023-04-29,CROP,canola,,
MANANG_S2_P1212_R1,2023-05-17,CROP,lentil,,
MANANG_S2_P1212_R2,2023-05-17,CROP,lentil,,
MANANG_S2_P1212_R3,2023-05-17,CROP,lentil,,
MANANG_S2_P2121_R1,2023-05-17,CROP,wheat,,
MANANG_S2_P2121_R2,2023-05-17,CROP,wheat,,
MANANG_S2_P2121_R3,2023-05-17,CROP,wheat,,
MANANG_S3_P1231_R1,2023-05-17,CROP,lentil,,
MANANG_S3_P1231_R2,2023-05-17,CROP,lentil,,
MANANG_S3_P1231_R3,2023-05-17,CROP,lentil,,
MANANG_S3_P2312_R1,2023-05-17,CROP,lentil,,
MANANG_S3_P2312_R2,2023-05-17,CROP,lentil,,
MANANG_S3_P2312_R3,2023-05-17,CROP,lentil,,
MANANG_S3_P3123_R1,2023-05-17,CROP,wheat,,
MANANG_S3_P3123_R2,2023-05-17,CROP,wheat,,
MANANG_S3_P3123_R3,2023-05-17,CROP,wheat,,
MANANG_S4_P1234_R1,2023-05-17,CROP,lentil,,
MANANG_S4_P1234_R2,2023-05-17,CROP,lentil,,
MANANG_S4_P1234_R3,2023-05-17,CROP,lentil,,
MANANG_S4_P2341_R1,2023-04-29,CROP,canola,,
MANANG_S4_P2341_R2,2023-04-29,CROP,canola,,
MANANG_S4_P2341_R3,2023-04-29,CROP,canola,,
MANANG_S4_P3412_R1,2023-05-17,CROP,wheat,,
MANANG_S4_P3412_R2,2023-05-17,CROP,wheat,,
MANANG_S4_P3412_R3,2023-05-17,CROP,wheat,,
MANANG_S4_P4123_R1,2023-05-17,CROP,wheat,,
MANANG_S4_P4123_R2,2023-05-17,CROP,wheat,,
MANANG_S4_P4123_R3,2023-05-17,CROP,wheat,,
MANANG_S5_P1234_R1,2023-05-17,CROP,lentil,,
MANANG_S5_P1234_R2,2023-05-17,CROP,lentil,,
MANANG_S5_P1234_R3,2023-05-17,CROP,lentil,,
MANANG_S5_P2341_R1,2023-05-17,CROP,wheat,,
MANANG_S5_P2341_R2,2023-05-17,CROP,wheat,,
MANANG_S5_P2341_R3,2023-05-17,CROP,wheat,,
MANANG_S5_P3412_R1,2023-05-17,CROP,wheat,,
MANANG_S5_P3412_R2,2023-05-17,CROP,wheat,,
MANANG_S5_P3412_R3,2023-05-17,CROP,wheat,,
MANANG_S5_P4123_R1,2023-05-17,CROP,wheat,,
MANANG_S5_P4123_R2,2023-05-17,CROP,wheat,,
MANANG_S5_P4123_R3,2023-05-17,CROP,wheat,,
MANANG_S6_P1111_R1,2023-05-17,CROP,wheat,,
MANANG_S6_P1111_R2,2023-05-17,CROP,wheat,,
MANANG_S6_P1111_R3,2023-05-17,CROP,wheat,,
MANANG_S6_P1111_R4,2023-05-17,CROP,wheat,,
MANANG_S6_P1111_R5,2023-05-17,CROP,wheat,,
MANANG_S6_P1111_R6,2023-05-17,CROP,wheat,,
MANANG_S7_P2312_R1,2023-05-17,CROP,wheat,,
MANANG_S7_P2312_R2,2023-05-17,CROP,wheat,,
MANANG_S7_P2312_R3,2023-05-17,CROP,wheat,,
MANANG_S7_P3123_R1,2023-05-17,CROP,wheat,,
MANANG_S7_P3123_R2,2023-05-17,CROP,wheat,,
MANANG_S7_P3123_R3,2023-05-17,CROP,wheat,,
MANANG_S8.1_P1231_R1,2023-04-29,CROP,vetch,,
MANANG_S8.1_P1231_R2,2023-04-29,CROP,vetch,,
MANANG_S8.1_P1231_R3,2023-04-29,CROP,vetch,,
MANANG_S8.1_P2312_R1,2023-05-17,CROP,wheat,,
MANANG_S8.1_P2312_R2,2023-05-17,CROP,wheat,,
MANANG_S8.1_P2312_R3,2023-05-17,CROP,wheat,,
MANANG_S8.1_P3123_R1,2023-05-17,CROP,wheat,,
MANANG_S8.1_P3123_R2,2023-05-17,CROP,wheat,,
MANANG_S8.1_P3123_R3,2023-05-17,CROP,wheat,,
MANANG_S8.2_P1231_R1,2023-04-29,CROP,vetch,,
MANANG_S8.2_P1231_R2,2023-04-29,CROP,vetch,,
MANANG_S8.2_P1231_R3,2023-04-29,CROP,vetch,,
MANANG_S8.2_P2312_R1,2023-05-17,CROP,wheat,,
MANANG_S8.2_P2312_R2,2023-05-17,CROP,wheat,,
MANANG_S8.2_P2312_R3,2023-05-17,CROP,wheat,,
MANANG_S8.2_P3123_R1,2023-05-17,CROP,wheat,,
MANANG_S8.2_P3123_R2,2023-05-17,CROP,wheat,,
MANANG_S8.2_P3123_R3,2023-05-17,CROP,wheat,,
MANANG_S9_P1231_R1,2023-04-29,CROP,vetch,,
MANANG_S9_P1231_R2,2023-04-29,CROP,vetch,,
MANANG_S9_P1231_R3,2023-04-29,CROP,vetch,,
MANANG_S9_P2312_R1,2023-05-17,CROP,wheat,,
MANANG_S9_P2312_R2,2023-05-17,CROP,wheat,,
MANANG_S9_P2312_R3,2023-05-17,CROP,wheat,,
MANANG_S9_P3123_R1,2023-05-17,CROP,oat,,
MANANG_S9_P3123_R2,2023-05-17,CROP,oat,,
MANANG_S9_P3123_R3,2023-05-17,CROP,oat,,
MANANG_S1.1_P1231_R1,2023-12-05,FALLOW,lentil,,
MANANG_S1.1_P1231_R2,2023-12-05,FALLOW,lentil,,
MANANG_S1.1_P1231_R3,2023-12-05,FALLOW,lentil,,
MANANG_S1.1_P2312_R1,2023-12-05,FALLOW,wheat,,
MANANG_S1.1_P2312_R2,2023-12-05,FALLOW,wheat,,
MANANG_S1.1_P2312_R3,2023-12-05,FALLOW,wheat,,
MANANG_S1.1_P3123_R1,2023-12-05,FALLOW,wheat,,
MANANG_S1.1_P3123_R2,2023-12-05,FALLOW,wheat,,
MANANG_S1.1_P3123_R3,2023-12-05,FALLOW,wheat,,
MANANG_S1.2_P1231_R1,2023-12-05,FALLOW,lentil,,
MANANG_S1.2_P1231_R2,2023-12-05,FALLOW,lentil,,
MANANG_S1.2_P1231_R3,2023-12-05,FALLOW,lentil,,
MANANG_S1.2_P2312_R1,2023-12-05,FALLOW,wheat,,
MANANG_S1.2_P2312_R2,2023-12-05,FALLOW,wheat,,
MANANG_S1.2_P2312_R3,2023-12-05,FALLOW,wheat,,
MANANG_S1.2_P3123_R1,2023-12-05,FALLOW,wheat,,
MANANG_S1.2_P3123_R2,2023-12-05,FALLOW,wheat,,
MANANG_S1.2_P3123_R3,2023-12-05,FALLOW,wheat,,
MANANG_S1.3_P1231_R1,2023-12-05,FALLOW,lentil,,
MANANG_S1.3_P1231_R2,2023-12-05,FALLOW,lentil,,
MANANG_S1.3_P1231_R3,2023-12-05,FALLOW,lentil,,
MANANG_S1.3_P2312_R1,2023-12-05,FALLOW,wheat,,
MANANG_S1.3_P2312_R2,2023-12-05,FALLOW,wheat,,
MANANG_S1.3_P2312_R3,2023-12-05,FALLOW,wheat,,
MANANG_S1.3_P3123_R1,2023-12-05,FALLOW,wheat,,
MANANG_S1.3_P3123_R2,2023-12-05,FALLOW,wheat,,
MANANG_S1.3_P3123_R3,2023-12-05,FALLOW,wheat,,
MANANG_S10.1_P1231_R1,2023-12-05,FALLOW,vetch,wheat,
MANANG_S10.1_P1231_R2,2023-12-05,FALLOW,vetch,wheat,
MANANG_S10.1_P1231_R3,2023-12-05,FALLOW,vetch,wheat,
MANANG_S10.1_P2312_R1,2023-12-05,FALLOW,wheat,,
MANANG_S10.1_P2312_R2,2023-12-05,FALLOW,wheat,,
MANANG_S10.1_P2312_R3,2023-12-05,FALLOW,wheat,,
MANANG_S10.1_P3123_R1,2023-12-05,FALLOW,wheat,,
MANANG_S10.1_P3123_R2,2023-12-05,FALLOW,wheat,,
MANANG_S10.1_P3123_R3,2023-12-05,FALLOW,wheat,,
MANANG_S10.2_P1231_R1,2023-12-05,FALLOW,vetch,wheat,
MANANG_S10.2_P1231_R2,2023-12-05,FALLOW,vetch,wheat,
MANANG_S10.2_P1231_R3,2023-12-05,FALLOW,vetch,wheat,
MANANG_S10.2_P2312_R1,2023-12-05,FALLOW,wheat,,
MANANG_S10.2_P2312_R2,2023-12-05,FALLOW,wheat,,
MANANG_S10.2_P2312_R3,2023-12-05,FALLOW,wheat,,
MANANG_S10.2_P3123_R1,2023-12-05,FALLOW,wheat,,
MANANG_S10.2_P3123_R2,2023-12-05,FALLOW,wheat,,
MANANG_S10.2_P3123_R3,2023-12-05,FALLOW,wheat,,
MANANG_S11_P1212_R1,2023-12-05,FALLOW,vetch,wheat,
MANANG_S11_P1212_R2,2023-12-05,FALLOW,vetch,wheat,
MANANG_S11_P1212_R3,2023-12-05,FALLOW,vetch,wheat,
MANANG_S11_P2121_R1,2023-12-05,FALLOW,wheat,,
MANANG_S11_P2121_R2,2023-12-05,FALLOW,wheat,,
MANANG_S11_P2121_R3,2023-12-05,FALLOW,wheat,,
MANANG_S12_P0000_R1,2023-12-04,FALLOW,canola,,
MANANG_S12_P0000_R2,2023-12-04,FALLOW,canola,,
MANANG_S12_P0000_R3,2023-12-04,FALLOW,canola,,
MANANG_S12_P0000_R4,2023-12-04,FALLOW,canola,,
MANANG_S12_P0000_R5,2023-12-04,FALLOW,canola,,
MANANG_S12_P0000_R6,2023-12-04,FALLOW,canola,,
MANANG_S12_P0000_R7,2023-12-04,FALLOW,canola,,
MANANG_S12_P0000_R8,2023-12-04,FALLOW,canola,,
MANANG_S12_P0000_R9,2023-12-04,FALLOW,canola,,
MANANG_S13_P0000_R1,2023-12-04,FALLOW,canola,,
MANANG_S13_P0000_R2,2023-12-04,FALLOW,canola,,
MANANG_S13_P0000_R3,2023-12-04,FALLOW,canola,,
MANANG_S13_P0000_R4,2023-12-04,FALLOW,canola,,
MANANG_S13_P0000_R5,2023-12-04,FALLOW,canola,,
MANANG_S13_P0000_R6,2023-12-04,FALLOW,canola,,
MANANG_S13_P0000_R7,2023-12-04,FALLOW,canola,,
MANANG_S13_P0000_R8,2023-12-04,FALLOW,canola,,
MANANG_S13_P0000_R9,2023-12-04,FALLOW,canola,,
MANANG_S2_P1212_R1,2023-12-05,FALLOW,lentil,,
MANANG_S2_P1212_R2,2023-12-05,FALLOW,lentil,,
MANANG_S2_P1212_R3,2023-12-05,FALLOW,lentil,,
MANANG_S2_P2121_R1,2023-12-05,FALLOW,wheat,,
MANANG_S2_P2121_R2,2023-12-05,FALLOW,wheat,,
MANANG_S2_P2121_R3,2023-12-05,FALLOW,wheat,,
MANANG_S3_P1231_R1,2023-12-05,FALLOW,lentil,,
MANANG_S3_P1231_R2,2023-12-05,FALLOW,lentil,,
MANANG_S3_P1231_R3,2023-12-05,FALLOW,lentil,,
MANANG_S3_P2312_R1,2023-12-05,FALLOW,lentil,,
MANANG_S3_P2312_R2,2023-12-05,FALLOW,lentil,,
MANANG_S3_P2312_R3,2023-12-05,FALLOW,lentil,,
MANANG_S3_P3123_R1,2023-12-05,FALLOW,wheat,,
MANANG_S3_P3123_R2,2023-12-05,FALLOW,wheat,,
MANANG_S3_P3123_R3,2023-12-05,FALLOW,wheat,,
MANANG_S4_P1234_R1,2023-12-05,FALLOW,lentil,,
MANANG_S4_P1234_R2,2023-12-05,FALLOW,lentil,,
MANANG_S4_P1234_R3,2023-12-05,FALLOW,lentil,,
MANANG_S4_P2341_R1,2023-12-04,FALLOW,canola,,
MANANG_S4_P2341_R2,2023-12-04,FALLOW,canola,,
MANANG_S4_P2341_R3,2023-12-04,FALLOW,canola,,
MANANG_S4_P3412_R1,2023-12-05,FALLOW,wheat,,
MANANG_S4_P3412_R2,2023-12-05,FALLOW,wheat,,
MANANG_S4_P3412_R3,2023-12-05,FALLOW,wheat,,
MANANG_S4_P4123_R1,2023-12-05,FALLOW,wheat,,
MANANG_S4_P4123_R2,2023-12-05,FALLOW,wheat,,
MANANG_S4_P4123_R3,2023-12-05,FALLOW,wheat,,
MANANG_S5_P1234_R1,2023-12-05,FALLOW,lentil,,
MANANG_S5_P1234_R2,2023-12-05,FALLOW,lentil,,
MANANG_S5_P1234_R3,2023-12-05,FALLOW,lentil,,
MANANG_S5_P2341_R1,2023-12-05,FALLOW,wheat,,
MANANG_S5_P2341_R2,2023-12-05,FALLOW,wheat,,
MANANG_S5_P2341_R3,2023-12-05,FALLOW,wheat,,
MANANG_S5_P3412_R1,2023-12-05,FALLOW,wheat,,
MANANG_S5_P3412_R2,2023-12-05,FALLOW,wheat,,
MANANG_S5_P3412_R3,2023-12-05,FALLOW,wheat,,
MANANG_S5_P4123_R1,2023-12-05,FALLOW,wheat,,
MANANG_S5_P4123_R2,2023-12-05,FALLOW,wheat,,
MANANG_S5_P4123_R3,2023-12-05,FALLOW,wheat,,
MANANG_S6_P1111_R1,2023-12-05,FALLOW,wheat,,
MANANG_S6_P1111_R2,2023-12-05,FALLOW,wheat,,
MANANG_S6_P1111_R3,2023-12-05,FALLOW,wheat,,
MANANG_S6_P1111_R4,2023-12-05,FALLOW,wheat,,
MANANG_S6_P1111_R5,2023-12-05,FALLOW,wheat,,
MANANG_S6_P1111_R6,2023-12-05,FALLOW,wheat,,
MANANG_S7_P2312_R1,2023-12-05,FALLOW,wheat,,
MANANG_S7_P2312_R2,2023-12-05,FALLOW,wheat,,
MANANG_S7_P2312_R3,2023-12-05,FALLOW,wheat,,
MANANG_S7_P3123_R1,2023-12-05,FALLOW,wheat,,
MANANG_S7_P3123_R2,2023-12-05,FALLOW,wheat,,
MANANG_S7_P3123_R3,2023-12-05,FALLOW,wheat,,
MANANG_S8.1_P1231_R1,2023-12-05,FALLOW,vetch,,
MANANG_S8.1_P1231_R2,2023-12-05,FALLOW,vetch,,
MANANG_S8.1_P1231_R3,2023-12-05,FALLOW,vetch,,
MANANG_S8.1_P2312_R1,2023-12-05,FALLOW,wheat,,
MANANG_S8.1_P2312_R2,2023-12-05,FALLOW,wheat,,
MANANG_S8.1_P2312_R3,2023-12-05,FALLOW,wheat,,
MANANG_S8.1_P3123_R1,2023-12-05,FALLOW,wheat,,
MANANG_S8.1_P3123_R2,2023-12-05,FALLOW,wheat,,
MANANG_S8.1_P3123_R3,2023-12-05,FALLOW,wheat,,
MANANG_S8.2_P1231_R1,2023-12-05,FALLOW,vetch,,
MANANG_S8.2_P1231_R2,2023-12-05,FALLOW,vetch,,
MANANG_S8.2_P1231_R3,2023-12-05,FALLOW,vetch,,
MANANG_S8.2_P2312_R1,2023-12-05,FALLOW,wheat,,
MANANG_S8.2_P2312_R2,2023-12-05,FALLOW,wheat,,
MANANG_S8.2_P2312_R3,2023-12-05,FALLOW,wheat,,
MANANG_S8.2_P3123_R1,2023-12-05,FALLOW,wheat,,
MANANG_S8.2_P3123_R2,2023-12-05,FALLOW,wheat,,
MANANG_S8.2_P3123_R3,2023-12-05,FALLOW,wheat,,
MANANG_S9_P1231_R1,2023-12-05,FALLOW,vetch,,
MANANG_S9_P1231_R2,2023-12-05,FALLOW,vetch,,
MANANG_S9_P1231_R3,2023-12-05,FALLOW,vetch,,
MANANG_S9_P2312_R1,2023-12-05,FALLOW,wheat,,
MANANG_S9_P2312_R2,2023-12-05,FALLOW,wheat,,
MANANG_S9_P2312_R3,2023-12-05,FALLOW,wheat,,
MANANG_S9_P3123_R1,2023-12-05,FALLOW,oat,,
MANANG_S9_P3123_R2,2023-12-05,FALLOW,oat,,
MANANG_S9_P3123_R3,2023-12-05,FALLOW,oat,,
ROSEWORTHY_S1.1_P1231_R1,2023-05-24,CROP,lentil,,
ROSEWORTHY_S1.1_P1231_R2,2023-05-24,CROP,lentil,,
ROSEWORTHY_S1.1_P1231_R3,2023-05-24,CROP,lentil,,
ROSEWORTHY_S1.1_P2312_R1,2023-05-24,CROP,wheat,,
ROSEWORTHY_S1.1_P2312_R2,2023-05-24,CROP,wheat,,
ROSEWORTHY_S1.1_P2312_R3,2023-05-24,CROP,wheat,,
ROSEWORTHY_S1.1_P3123_R1,2023-05-24,CROP,barley,,
ROSEWORTHY_S1.1_P3123_R2,2023-05-24,CROP,barley,,
ROSEWORTHY_S1.1_P3123_R3,2023-05-24,CROP,barley,,
ROSEWORTHY_S1.2_P1231_R1,2023-05-24,CROP,lentil,,
ROSEWORTHY_S1.2_P1231_R2,2023-05-24,CROP,lentil,,
ROSEWORTHY_S1.2_P1231_R3,2023-05-24,CROP,lentil,,
ROSEWORTHY_S1.2_P2312_R1,2023-05-24,CROP,wheat,,
ROSEWORTHY_S1.2_P2312_R2,2023-05-24,CROP,wheat,,
ROSEWORTHY_S1.2_P2312_R3,2023-05-24,CROP,wheat,,
ROSEWORTHY_S1.2_P3123_R1,2023-05-24,CROP,barley,,
ROSEWORTHY_S1.2_P3123_R2,2023-05-24,CROP,barley,,
ROSEWORTHY_S1.2_P3123_R3,2023-05-24,CROP,barley,,
ROSEWORTHY_S2_P1212_R1,2023-05-24,CROP,lentil,,
ROSEWORTHY_S2_P1212_R2,2023-05-24,CROP,lentil,,
ROSEWORTHY_S2_P1212_R3,2023-05-24,CROP,lentil,,
ROSEWORTHY_S2_P2121_R1,2023-05-24,CROP,wheat,,
ROSEWORTHY_S2_P2121_R2,2023-05-24,CROP,wheat,,
ROSEWORTHY_S2_P2121_R3,2023-05-24,CROP,wheat,,
ROSEWORTHY_S3_P1212_R1,2023-05-24,CROP,vetch,,
ROSEWORTHY_S3_P1212_R2,2023-05-24,CROP,vetch,,
ROSEWORTHY_S3_P1212_R3,2023-05-24,CROP,vetch,,
ROSEWORTHY_S3_P2121_R1,2023-05-24,CROP,wheat,,
ROSEWORTHY_S3_P2121_R2,2023-05-24,CROP,wheat,,
ROSEWORTHY_S3_P2121_R3,2023-05-24,CROP,wheat,,
ROSEWORTHY_S4_P1231_R1,2023-05-24,CROP,canola,fieldpea,
ROSEWORTHY_S4_P1231_R2,2023-05-24,CROP,canola,fieldpea,
ROSEWORTHY_S4_P1231_R3,2023-05-24,CROP,canola,fieldpea,
ROSEWORTHY_S4_P2312_R1,2023-05-24,CROP,wheat,lentil,
ROSEWORTHY_S4_P2312_R2,2023-05-24,CROP,wheat,lentil,
ROSEWORTHY_S4_P2312_R3,2023-05-24,CROP,wheat,lentil,
ROSEWORTHY_S4_P3123_R1,2023-05-24,CROP,barley,fababean,
ROSEWORTHY_S4_P3123_R2,2023-05-24,CROP,barley,fababean,
ROSEWORTHY_S4_P3123_R3,2023-05-24,CROP,barley,fababean,
ROSEWORTHY_S5_P0000_R1,2023-05-24,CROP,canola,,
ROSEWORTHY_S5_P0000_R2,2023-05-24,CROP,canola,,
ROSEWORTHY_S5_P0000_R3,2023-05-24,CROP,canola,,
ROSEWORTHY_S6_P0000_R1,2023-05-24,CROP,wheat,,
ROSEWORTHY_S6_P0000_R2,2023-05-24,CROP,wheat,,
ROSEWORTHY_S6_P0000_R3,2023-05-24,CROP,wheat,,
ROSEWORTHY_S7_P0000_R1,2023-05-24,CROP,wheat,,
ROSEWORTHY_S7_P0000_R2,2023-05-24,CROP,wheat,,
ROSEWORTHY_S7_P0000_R3,2023-05-24,CROP,wheat,,
ROSEWORTHY_S1.1_P1231_R1,2023-11-07,FALLOW,lentil,,
ROSEWORTHY_S1.1_P1231_R2,2023-11-07,FALLOW,lentil,,
ROSEWORTHY_S1.1_P1231_R3,2023-11-07,FALLOW,lentil,,
ROSEWORTHY_S1.1_P2312_R1,2023-11-07,FALLOW,wheat,,
ROSEWORTHY_S1.1_P2312_R2,2023-11-07,FALLOW,wheat,,
ROSEWORTHY_S1.1_P2312_R3,2023-11-07,FALLOW,wheat,,
ROSEWORTHY_S1.1_P3123_R1,2023-11-07,FALLOW,barley,,
ROSEWORTHY_S1.1_P3123_R2,2023-11-07,FALLOW,barley,,
ROSEWORTHY_S1.1_P3123_R3,2023-11-07,FALLOW,barley,,
ROSEWORTHY_S1.2_P1231_R1,2023-11-07,FALLOW,lentil,,
ROSEWORTHY_S1.2_P1231_R2,2023-11-07,FALLOW,lentil,,
ROSEWORTHY_S1.2_P1231_R3,2023-11-07,FALLOW,lentil,,
ROSEWORTHY_S1.2_P2312_R1,2023-11-07,FALLOW,wheat,,
ROSEWORTHY_S1.2_P2312_R2,2023-11-07,FALLOW,wheat,,
ROSEWORTHY_S1.2_P2312_R3,2023-11-07,FALLOW,wheat,,
ROSEWORTHY_S1.2_P3123_R1,2023-11-07,FALLOW,barley,,
ROSEWORTHY_S1.2_P3123_R2,2023-11-07,FALLOW,barley,,
ROSEWORTHY_S1.2_P3123_R3,2023-11-07,FALLOW,barley,,
ROSEWORTHY_S2_P1212_R1,2023-11-07,FALLOW,lentil,,
ROSEWORTHY_S2_P1212_R2,2023-11-07,FALLOW,lentil,,
ROSEWORTHY_S2_P1212_R3,2023-11-07,FALLOW,lentil,,
ROSEWORTHY_S2_P2121_R1,2023-11-07,FALLOW,wheat,,
ROSEWORTHY_S2_P2121_R2,2023-11-07,FALLOW,wheat,,
ROSEWORTHY_S2_P2121_R3,2023-11-07,FALLOW,wheat,,
ROSEWORTHY_S3_P1212_R1,2023-11-07,FALLOW,vetch,,
ROSEWORTHY_S3_P1212_R2,2023-11-07,FALLOW,vetch,,
ROSEWORTHY_S3_P1212_R3,2023-11-07,FALLOW,vetch,,
ROSEWORTHY_S3_P2121_R1,2023-11-07,FALLOW,wheat,,
ROSEWORTHY_S3_P2121_R2,2023-11-07,FALLOW,wheat,,
ROSEWORTHY_S3_P2121_R3,2023-11-07,FALLOW,wheat,,
ROSEWORTHY_S4_P1231_R1,2023-11-07,FALLOW,canola,fieldpea,
ROSEWORTHY_S4_P1231_R2,2023-11-07,FALLOW,canola,fieldpea,
ROSEWORTHY_S4_P1231_R3,2023-11-07,FALLOW,canola,fieldpea,
ROSEWORTHY_S4_P2312_R1,2023-11-07,FALLOW,wheat,lentil,
ROSEWORTHY_S4_P2312_R2,2023-11-07,FALLOW,wheat,lentil,
ROSEWORTHY_S4_P2312_R3,2023-11-07,FALLOW,wheat,lentil,
ROSEWORTHY_S4_P3123_R1,2023-11-07,FALLOW,barley,fababean,
ROSEWORTHY_S4_P3123_R2,2023-11-07,FALLOW,barley,fababean,
ROSEWORTHY_S4_P3123_R3,2023-11-07,FALLOW,barley,fababean,
ROSEWORTHY_S5_P0000_R1,2023-11-07,FALLOW,canola,,
ROSEWORTHY_S5_P0000_R2,2023-11-07,FALLOW,canola,,
ROSEWORTHY_S5_P0000_R3,2023-11-07,FALLOW,canola,,
ROSEWORTHY_S6_P0000_R1,2023-11-07,FALLOW,wheat,,
ROSEWORTHY_S6_P0000_R2,2023-11-07,FALLOW,wheat,,
ROSEWORTHY_S6_P0000_R3,2023-11-07,FALLOW,wheat,,
ROSEWORTHY_S7_P0000_R1,2023-11-07,FALLOW,wheat,,
ROSEWORTHY_S7_P0000_R2,2023-11-07,FALLOW,wheat,,
ROSEWORTHY_S7_P0000_R3,2023-11-07,FALLOW,wheat,,
STREATHAM_S1.1_P1212_R1,2023-05-04,CROP,canola,,
STREATHAM_S1.1_P1212_R2,2023-05-04,CROP,canola,,
STREATHAM_S1.1_P1212_R3,2023-05-04,CROP,canola,,
STREATHAM_S1.1_P2121_R1,2023-05-03,CROP,wheat,,
STREATHAM_S1.1_P2121_R2,2023-05-03,CROP,wheat,,
STREATHAM_S1.1_P2121_R3,2023-05-03,CROP,wheat,,
STREATHAM_S1.2_P1212_R1,2023-05-04,CROP,canola,,
STREATHAM_S1.2_P1212_R2,2023-05-04,CROP,canola,,
STREATHAM_S1.2_P1212_R3,2023-05-04,CROP,canola,,
STREATHAM_S1.2_P2121_R1,2023-05-03,CROP,wheat,,
STREATHAM_S1.2_P2121_R2,2023-05-03,CROP,wheat,,
STREATHAM_S1.2_P2121_R3,2023-05-03,CROP,wheat,,
STREATHAM_S1.3_P1212_R1,2023-05-23,CROP,canola,,
STREATHAM_S1.3_P1212_R2,2023-05-23,CROP,canola,,
STREATHAM_S1.3_P1212_R3,2023-05-23,CROP,canola,,
STREATHAM_S1.3_P2121_R1,2023-05-23,CROP,wheat,,
STREATHAM_S1.3_P2121_R2,2023-05-23,CROP,wheat,,
STREATHAM_S1.3_P2121_R3,2023-05-23,CROP,wheat,,
STREATHAM_S1.4_P1212_R1,2023-05-04,CROP,canola,,
STREATHAM_S1.4_P1212_R2,2023-05-04,CROP,canola,,
STREATHAM_S1.4_P1212_R3,2023-05-04,CROP,canola,,
STREATHAM_S1.4_P2121_R1,2023-05-03,CROP,wheat,,
STREATHAM_S1.4_P2121_R2,2023-05-03,CROP,wheat,,
STREATHAM_S1.4_P2121_R3,2023-05-03,CROP,wheat,,
STREATHAM_S10_P1212_R1,2023-05-13,CROP,canola,fieldpea,
STREATHAM_S10_P1212_R2,2023-05-13,CROP,canola,fieldpea,
STREATHAM_S10_P1212_R3,2023-05-13,CROP,canola,fieldpea,
STREATHAM_S10_P2121_R1,2023-05-13,CROP,wheat,vetch,
STREATHAM_S10_P2121_R2,2023-05-13,CROP,wheat,vetch,
STREATHAM_S10_P2121_R3,2023-05-13,CROP,wheat,vetch,
STREATHAM_S11_P0000_R1,2023-05-05,CROP,wheat,barley,fababean
STREATHAM_S11_P0000_R2,2023-05-05,CROP,wheat,barley,fababean
STREATHAM_S11_P0000_R3,2023-05-05,CROP,wheat,barley,fababean
STREATHAM_S11_P0000_R4,2023-05-05,CROP,wheat,barley,fababean
STREATHAM_S11_P0000_R5,2023-05-05,CROP,wheat,barley,fababean
STREATHAM_S11_P0000_R6,2023-05-05,CROP,wheat,barley,fababean
STREATHAM_S11_P0000_R7,2023-05-05,CROP,wheat,barley,fababean
STREATHAM_S11_P0000_R8,2023-05-05,CROP,wheat,barley,fababean
STREATHAM_S11_P0000_R9,2023-05-05,CROP,wheat,barley,fababean
STREATHAM_S12_P0000_R1,2023-05-03,CROP,wheat,,
STREATHAM_S12_P0000_R2,2023-05-03,CROP,wheat,,
STREATHAM_S12_P0000_R3,2023-05-03,CROP,wheat,,
STREATHAM_S12_P0000_R4,2023-05-03,CROP,wheat,,
STREATHAM_S12_P0000_R5,2023-05-03,CROP,wheat,,
STREATHAM_S12_P0000_R6,2023-05-03,CROP,wheat,,
STREATHAM_S12_P0000_R7,2023-05-03,CROP,wheat,,
STREATHAM_S12_P0000_R8,2023-05-03,CROP,wheat,,
STREATHAM_S12_P0000_R9,2023-05-03,CROP,wheat,,
STREATHAM_S13_P0000_R1,2023-05-13,CROP,pasture,pasture,
STREATHAM_S13_P0000_R2,2023-05-13,CROP,pasture,pasture,
STREATHAM_S13_P0000_R3,2023-05-13,CROP,pasture,pasture,
STREATHAM_S13_P0000_R4,2023-05-13,CROP,pasture,pasture,
STREATHAM_S13_P0000_R5,2023-05-13,CROP,pasture,pasture,
STREATHAM_S13_P0000_R6,2023-05-13,CROP,pasture,pasture,
STREATHAM_S13_P0000_R7,2023-05-13,CROP,pasture,pasture,
STREATHAM_S13_P0000_R8,2023-05-13,CROP,pasture,pasture,
STREATHAM_S13_P0000_R9,2023-05-13,CROP,pasture,pasture,
STREATHAM_S2.1_P1234_R1,2023-05-03,CROP,fababean,,
STREATHAM_S2.1_P1234_R2,2023-05-03,CROP,fababean,,
STREATHAM_S2.1_P1234_R3,2023-05-03,CROP,fababean,,
STREATHAM_S2.1_P2341_R1,2023-05-04,CROP,canola,,
STREATHAM_S2.1_P2341_R2,2023-05-04,CROP,canola,,
STREATHAM_S2.1_P2341_R3,2023-05-04,CROP,canola,,
STREATHAM_S2.1_P3412_R1,2023-05-03,CROP,wheat,,
STREATHAM_S2.1_P3412_R2,2023-05-03,CROP,wheat,,
STREATHAM_S2.1_P3412_R3,2023-05-03,CROP,wheat,,
STREATHAM_S2.1_P4123_R1,2023-05-03,CROP,wheat,,
STREATHAM_S2.1_P4123_R2,2023-05-03,CROP,wheat,,
STREATHAM_S2.1_P4123_R3,2023-05-03,CROP,wheat,,
STREATHAM_S2.2_P1234_R1,2023-05-03,CROP,fababean,,
STREATHAM_S2.2_P1234_R2,2023-05-03,CROP,fababean,,
STREATHAM_S2.2_P1234_R3,2023-05-03,CROP,fababean,,
STREATHAM_S2.2_P2341_R1,2023-05-04,CROP,canola,,
STREATHAM_S2.2_P2341_R2,2023-05-04,CROP,canola,,
STREATHAM_S2.2_P2341_R3,2023-05-04,CROP,canola,,
STREATHAM_S2.2_P3412_R1,2023-05-03,CROP,wheat,,
STREATHAM_S2.2_P3412_R2,2023-05-03,CROP,wheat,,
STREATHAM_S2.2_P3412_R3,2023-05-03,CROP,wheat,,
STREATHAM_S2.2_P4123_R1,2023-05-03,CROP,wheat,,
STREATHAM_S2.2_P4123_R2,2023-05-03,CROP,wheat,,
STREATHAM_S2.2_P4123_R3,2023-05-03,CROP,wheat,,
STREATHAM_S2.3_P1234_R1,2023-05-23,CROP,fababean,,
STREATHAM_S2.3_P1234_R2,2023-05-23,CROP,fababean,,
STREATHAM_S2.3_P1234_R3,2023-05-23,CROP,fababean,,
STREATHAM_S2.3_P2341_R1,2023-05-23,CROP,canola,,
STREATHAM_S2.3_P2341_R2,2023-05-23,CROP,canola,,
STREATHAM_S2.3_P2341_R3,2023-05-23,CROP,canola,,
STREATHAM_S2.3_P3412_R1,2023-05-23,CROP,wheat,,
STREATHAM_S2.3_P3412_R2,2023-05-23,CROP,wheat,,
STREATHAM_S2.3_P3412_R3,2023-05-23,CROP,wheat,,
STREATHAM_S2.3_P4123_R1,2023-05-23,CROP,wheat,,
STREATHAM_S2.3_P4123_R2,2023-05-23,CROP,wheat,,
STREATHAM_S2.3_P4123_R3,2023-05-23,CROP,wheat,,
STREATHAM_S2.4_P1234_R1,2023-05-03,CROP,fababean,,
STREATHAM_S2.4_P1234_R2,2023-05-03,CROP,fababean,,
STREATHAM_S2.4_P1234_R3,2023-05-03,CROP,fababean,,
STREATHAM_S2.4_P2341_R1,2023-05-04,CROP,canola,,
STREATHAM_S2.4_P2341_R2,2023-05-04,CROP,canola,,
STREATHAM_S2.4_P2341_R3,2023-05-04,CROP,canola,,
STREATHAM_S2.4_P3412_R1,2023-05-03,CROP,wheat,,
STREATHAM_S2.4_P3412_R2,2023-05-03,CROP,wheat,,
STREATHAM_S2.4_P3412_R3,2023-05-03,CROP,wheat,,
STREATHAM_S2.4_P4123_R1,2023-05-03,CROP,wheat,,
STREATHAM_S2.4_P4123_R2,2023-05-03,CROP,wheat,,
STREATHAM_S2.4_P4123_R3,2023-05-03,CROP,wheat,,
STREATHAM_S3_P1234_R1,2023-05-03,CROP,fababean,,
STREATHAM_S3_P1234_R2,2023-05-03,CROP,fababean,,
STREATHAM_S3_P1234_R3,2023-05-03,CROP,fababean,,
STREATHAM_S3_P2341_R1,2023-05-03,CROP,wheat,,
STREATHAM_S3_P2341_R2,2023-05-03,CROP,wheat,,
STREATHAM_S3_P2341_R3,2023-05-03,CROP,wheat,,
STREATHAM_S3_P3412_R1,2023-05-04,CROP,canola,,
STREATHAM_S3_P3412_R2,2023-05-04,CROP,canola,,
STREATHAM_S3_P3412_R3,2023-05-04,CROP,canola,,
STREATHAM_S3_P4123_R1,2023-05-03,CROP,wheat,,
STREATHAM_S3_P4123_R2,2023-05-03,CROP,wheat,,
STREATHAM_S3_P4123_R3,2023-05-03,CROP,wheat,,
STREATHAM_S4_P1231_R1,2023-05-13,CROP,wheat,vetch,
STREATHAM_S4_P1231_R2,2023-05-13,CROP,wheat,vetch,
STREATHAM_S4_P1231_R3,2023-05-13,CROP,wheat,vetch,
STREATHAM_S4_P2312_R1,2023-05-04,CROP,canola,,
STREATHAM_S4_P2312_R2,2023-05-04,CROP,canola,,
STREATHAM_S4_P2312_R3,2023-05-04,CROP,canola,,
STREATHAM_S4_P3123_R1,2023-05-03,CROP,wheat,,
STREATHAM_S4_P3123_R2,2023-05-03,CROP,wheat,,
STREATHAM_S4_P3123_R3,2023-05-03,CROP,wheat,,
STREATHAM_S5_P1231_R1,2023-05-04,CROP,canola,,
STREATHAM_S5_P1231_R2,2023-05-04,CROP,canola,,
STREATHAM_S5_P1231_R3,2023-05-04,CROP,canola,,
STREATHAM_S5_P2312_R1,2023-05-03,CROP,wheat,,
STREATHAM_S5_P2312_R2,2023-05-03,CROP,wheat,,
STREATHAM_S5_P2312_R3,2023-05-03,CROP,wheat,,
STREATHAM_S5_P3123_R1,2023-05-23,CROP,barley,,
STREATHAM_S5_P3123_R2,2023-05-23,CROP,barley,,
STREATHAM_S5_P3123_R3,2023-05-23,CROP,barley,,
STREATHAM_S6.1_P1231_R1,2023-05-13,CROP,pasture,pasture,pasture
STREATHAM_S6.1_P1231_R2,2023-05-13,CROP,pasture,pasture,pasture
STREATHAM_S6.1_P1231_R3,2023-05-13,CROP,pasture,pasture,pasture
STREATHAM_S6.1_P2312_R1,2023-05-04,CROP,canola,,
STREATHAM_S6.1_P2312_R2,2023-05-04,CROP,canola,,
STREATHAM_S6.1_P2312_R3,2023-05-04,CROP,canola,,
STREATHAM_S6.1_P3123_R1,2023-05-03,CROP,wheat,,
STREATHAM_S6.1_P3123_R2,2023-05-03,CROP,wheat,,
STREATHAM_S6.1_P3123_R3,2023-05-03,CROP,wheat,,
STREATHAM_S6.2_P1231_R1,2023-05-13,CROP,pasture,pasture,pasture
STREATHAM_S6.2_P1231_R2,2023-05-13,CROP,pasture,pasture,pasture
STREATHAM_S6.2_P1231_R3,2023-05-13,CROP,pasture,pasture,pasture
STREATHAM_S6.2_P2312_R1,2023-05-04,CROP,canola,,
STREATHAM_S6.2_P2312_R2,2023-05-04,CROP,canola,,
STREATHAM_S6.2_P2312_R3,2023-05-04,CROP,canola,,
STREATHAM_S6.2_P3123_R1,2023-05-03,CROP,wheat,,
STREATHAM_S6.2_P3123_R2,2023-05-03,CROP,wheat,,
STREATHAM_S6.2_P3123_R3,2023-05-03,CROP,wheat,,
STREATHAM_S7_P1234_R1,2023-05-13,CROP,pasture,pasture,pasture
STREATHAM_S7_P1234_R2,2023-05-13,CROP,pasture,pasture,pasture
STREATHAM_S7_P1234_R3,2023-05-13,CROP,pasture,pasture,pasture
STREATHAM_S7_P2341_R1,2023-05-13,CROP,pasture,pasture,
STREATHAM_S7_P2341_R2,2023-05-13,CROP,pasture,pasture,
STREATHAM_S7_P2341_R3,2023-05-13,CROP,pasture,pasture,
STREATHAM_S7_P3412_R1,2023-05-04,CROP,canola,,
STREATHAM_S7_P3412_R2,2023-05-04,CROP,canola,,
STREATHAM_S7_P3412_R3,2023-05-04,CROP,canola,,
STREATHAM_S7_P4123_R1,2023-05-03,CROP,wheat,,
STREATHAM_S7_P4123_R2,2023-05-03,CROP,wheat,,
STREATHAM_S7_P4123_R3,2023-05-03,CROP,wheat,,
STREATHAM_S8_P1231_R1,2023-05-05,CROP,vetch,,
STREATHAM_S8_P1231_R2,2023-05-05,CROP,vetch,,
STREATHAM_S8_P1231_R3,2023-05-05,CROP,vetch,,
STREATHAM_S8_P2312_R1,2023-05-04,CROP,canola,,
STREATHAM_S8_P2312_R2,2023-05-04,CROP,canola,,
STREATHAM_S8_P2312_R3,2023-05-04,CROP,canola,,
STREATHAM_S8_P3123_R1,2023-05-03,CROP,wheat,,
STREATHAM_S8_P3123_R2,2023-05-03,CROP,wheat,,
STREATHAM_S8_P3123_R3,2023-05-03,CROP,wheat,,
STREATHAM_S9.1_P1212_R1,2023-05-13,CROP,canola,fieldpea,
STREATHAM_S9.1_P1212_R2,2023-05-13,CROP,canola,fieldpea,
STREATHAM_S9.1_P1212_R3,2023-05-13,CROP,canola,fieldpea,
STREATHAM_S9.1_P2121_R1,2023-05-03,CROP,wheat,,
STREATHAM_S9.1_P2121_R2,2023-05-03,CROP,wheat,,
STREATHAM_S9.1_P2121_R3,2023-05-03,CROP,wheat,,
STREATHAM_S9.2_P1212_R1,2023-05-13,CROP,canola,fieldpea,
STREATHAM_S9.2_P1212_R2,2023-05-13,CROP,canola,fieldpea,
STREATHAM_S9.2_P1212_R3,2023-05-13,CROP,canola,fieldpea,
STREATHAM_S9.2_P2121_R1,2023-05-03,CROP,wheat,,
STREATHAM_S9.2_P2121_R2,2023-05-03,CROP,wheat,,
STREATHAM_S9.2_P2121_R3,2023-05-03,CROP,wheat,,
STREATHAM_S9.3_P1212_R1,2023-05-13,CROP,canola,fieldpea,
STREATHAM_S9.3_P1212_R2,2023-05-13,CROP,canola,fieldpea,
STREATHAM_S9.3_P1212_R3,2023-05-13,CROP,canola,fieldpea,
STREATHAM_S9.3_P2121_R1,2023-05-03,CROP,wheat,,
STREATHAM_S9.3_P2121_R2,2023-05-03,CROP,wheat,,
STREATHAM_S9.3_P2121_R3,2023-05-03,CROP,wheat,,
STREATHAM_S1.1_P1212_R1,2023-12-06,FALLOW,canola,,
STREATHAM_S1.1_P1212_R2,2023-12-06,FALLOW,canola,,
STREATHAM_S1.1_P1212_R3,2023-12-06,FALLOW,canola,,
STREATHAM_S1.1_P2121_R1,2024-01-12,FALLOW,wheat,,
STREATHAM_S1.1_P2121_R2,2024-01-12,FALLOW,wheat,,
STREATHAM_S1.1_P2121_R3,2024-01-12,FALLOW,wheat,,
STREATHAM_S1.2_P1212_R1,2023-12-06,FALLOW,canola,,
STREATHAM_S1.2_P1212_R2,2023-12-06,FALLOW,canola,,
STREATHAM_S1.2_P1212_R3,2023-12-06,FALLOW,canola,,
STREATHAM_S1.2_P2121_R1,2024-01-12,FALLOW,wheat,,
STREATHAM_S1.2_P2121_R2,2024-01-12,FALLOW,wheat,,
STREATHAM_S1.2_P2121_R3,2024-01-12,FALLOW,wheat,,
STREATHAM_S1.3_P1212_R1,2023-12-06,FALLOW,canola,,
STREATHAM_S1.3_P1212_R2,2023-12-06,FALLOW,canola,,
STREATHAM_S1.3_P1212_R3,2023-12-06,FALLOW,canola,,
STREATHAM_S1.3_P2121_R1,2024-01-12,FALLOW,wheat,,
STREATHAM_S1.3_P2121_R2,2024-01-12,FALLOW,wheat,,
STREATHAM_S1.3_P2121_R3,2024-01-12,FALLOW,wheat,,
STREATHAM_S1.4_P1212_R1,2023-12-06,FALLOW,canola,,
STREATHAM_S1.4_P1212_R2,2023-12-06,FALLOW,canola,,
STREATHAM_S1.4_P1212_R3,2023-12-06,FALLOW,canola,,
STREATHAM_S1.4_P2121_R1,2024-01-12,FALLOW,wheat,,
STREATHAM_S1.4_P2121_R2,2024-01-12,FALLOW,wheat,,
STREATHAM_S1.4_P2121_R3,2024-01-12,FALLOW,wheat,,
STREATHAM_S10_P1212_R1,2023-12-07,FALLOW,canola,fieldpea,
STREATHAM_S10_P1212_R2,2023-12-07,FALLOW,canola,fieldpea,
STREATHAM_S10_P1212_R3,2023-12-07,FALLOW,canola,fieldpea,
STREATHAM_S10_P2121_R1,2024-01-12,FALLOW,wheat,vetch,
STREATHAM_S10_P2121_R2,2024-01-12,FALLOW,wheat,vetch,
STREATHAM_S10_P2121_R3,2024-01-12,FALLOW,wheat,vetch,
STREATHAM_S11_P0000_R1,2024-01-12,FALLOW,wheat,barley,fababean
STREATHAM_S11_P0000_R1,2024-01-12,FALLOW,wheat,barley,fababean
STREATHAM_S11_P0000_R1,2024-01-12,FALLOW,wheat,barley,fababean
STREATHAM_S11_P0000_R2,2024-01-12,FALLOW,wheat,barley,fababean
STREATHAM_S11_P0000_R2,2024-01-12,FALLOW,wheat,barley,fababean
STREATHAM_S11_P0000_R2,2024-01-12,FALLOW,wheat,barley,fababean
STREATHAM_S11_P0000_R3,2024-01-12,FALLOW,wheat,barley,fababean
STREATHAM_S11_P0000_R3,2024-01-12,FALLOW,wheat,barley,fababean
STREATHAM_S11_P0000_R3,2024-01-12,FALLOW,wheat,barley,fababean
STREATHAM_S12_P0000_R1,2024-01-12,FALLOW,wheat,,
STREATHAM_S12_P0000_R1,2024-01-12,FALLOW,wheat,,
STREATHAM_S12_P0000_R1,2024-01-12,FALLOW,wheat,,
STREATHAM_S12_P0000_R2,2024-01-12,FALLOW,wheat,,
STREATHAM_S12_P0000_R2,2024-01-12,FALLOW,wheat,,
STREATHAM_S12_P0000_R2,2024-01-12,FALLOW,wheat,,
STREATHAM_S12_P0000_R3,2024-01-12,FALLOW,wheat,,
STREATHAM_S12_P0000_R3,2024-01-12,FALLOW,wheat,,
STREATHAM_S12_P0000_R3,2024-01-12,FALLOW,wheat,,
STREATHAM_S13_P0000_R1,2023-12-05,FALLOW,pasture,,
STREATHAM_S13_P0000_R1,2023-12-05,FALLOW,pasture,,
STREATHAM_S13_P0000_R1,2023-12-05,FALLOW,pasture,,
STREATHAM_S13_P0000_R2,2023-12-05,FALLOW,pasture,,
STREATHAM_S13_P0000_R2,2023-12-05,FALLOW,pasture,,
STREATHAM_S13_P0000_R2,2023-12-05,FALLOW,pasture,,
STREATHAM_S13_P0000_R3,2023-12-05,FALLOW,pasture,,
STREATHAM_S13_P0000_R3,2023-12-05,FALLOW,pasture,,
STREATHAM_S13_P0000_R3,2023-12-05,FALLOW,pasture,,
STREATHAM_S2.1_P1234_R1,2023-12-05,FALLOW,fababean,,
STREATHAM_S2.1_P1234_R2,2023-12-05,FALLOW,fababean,,
STREATHAM_S2.1_P1234_R3,2023-12-05,FALLOW,fababean,,
STREATHAM_S2.1_P2341_R1,2023-12-06,FALLOW,canola,,
STREATHAM_S2.1_P2341_R2,2023-12-06,FALLOW,canola,,
STREATHAM_S2.1_P2341_R3,2023-12-06,FALLOW,canola,,
STREATHAM_S2.1_P3412_R1,2024-01-12,FALLOW,wheat,,
STREATHAM_S2.1_P3412_R2,2024-01-12,FALLOW,wheat,,
STREATHAM_S2.1_P3412_R3,2024-01-12,FALLOW,wheat,,
STREATHAM_S2.1_P4123_R1,2024-01-12,FALLOW,wheat,,
STREATHAM_S2.1_P4123_R2,2024-01-12,FALLOW,wheat,,
STREATHAM_S2.1_P4123_R3,2024-01-12,FALLOW,wheat,,
STREATHAM_S2.2_P1234_R1,2023-12-05,FALLOW,fababean,,
STREATHAM_S2.2_P1234_R2,2023-12-05,FALLOW,fababean,,
STREATHAM_S2.2_P1234_R3,2023-12-05,FALLOW,fababean,,
STREATHAM_S2.2_P2341_R1,2023-12-06,FALLOW,canola,,
STREATHAM_S2.2_P2341_R2,2023-12-06,FALLOW,canola,,
STREATHAM_S2.2_P2341_R3,2023-12-06,FALLOW,canola,,
STREATHAM_S2.2_P3412_R1,2024-01-12,FALLOW,wheat,,
STREATHAM_S2.2_P3412_R2,2024-01-12,FALLOW,wheat,,
STREATHAM_S2.2_P3412_R3,2024-01-12,FALLOW,wheat,,
STREATHAM_S2.2_P4123_R1,2024-01-12,FALLOW,wheat,,
STREATHAM_S2.2_P4123_R2,2024-01-12,FALLOW,wheat,,
STREATHAM_S2.2_P4123_R3,2024-01-12,FALLOW,wheat,,
STREATHAM_S2.3_P1234_R1,2023-12-05,FALLOW,fababean,,
STREATHAM_S2.3_P1234_R2,2023-12-05,FALLOW,fababean,,
STREATHAM_S2.3_P1234_R3,2023-12-05,FALLOW,fababean,,
STREATHAM_S2.3_P2341_R1,2023-12-06,FALLOW,canola,,
STREATHAM_S2.3_P2341_R2,2023-12-06,FALLOW,canola,,
STREATHAM_S2.3_P2341_R3,2023-12-06,FALLOW,canola,,
STREATHAM_S2.3_P3412_R1,2024-01-12,FALLOW,wheat,,
STREATHAM_S2.3_P3412_R2,2024-01-12,FALLOW,wheat,,
STREATHAM_S2.3_P3412_R3,2024-01-12,FALLOW,wheat,,
STREATHAM_S2.3_P4123_R1,2024-01-12,FALLOW,wheat,,
STREATHAM_S2.3_P4123_R2,2024-01-12,FALLOW,wheat,,
STREATHAM_S2.3_P4123_R3,2024-01-12,FALLOW,wheat,,
STREATHAM_S2.4_P1234_R1,2023-12-05,FALLOW,fababean,,
STREATHAM_S2.4_P1234_R2,2023-12-05,FALLOW,fababean,,
STREATHAM_S2.4_P1234_R3,2023-12-05,FALLOW,fababean,,
STREATHAM_S2.4_P2341_R1,2023-12-06,FALLOW,canola,,
STREATHAM_S2.4_P2341_R2,2023-12-06,FALLOW,canola,,
STREATHAM_S2.4_P2341_R3,2023-12-06,FALLOW,canola,,
STREATHAM_S2.4_P3412_R1,2024-01-12,FALLOW,wheat,,
STREATHAM_S2.4_P3412_R2,2024-01-12,FALLOW,wheat,,
STREATHAM_S2.4_P3412_R3,2024-01-12,FALLOW,wheat,,
STREATHAM_S2.4_P4123_R1,2024-01-12,FALLOW,wheat,,
STREATHAM_S2.4_P4123_R2,2024-01-12,FALLOW,wheat,,
STREATHAM_S2.4_P4123_R3,2024-01-12,FALLOW,wheat,,
STREATHAM_S3_P1234_R1,2023-12-05,FALLOW,fababean,,
STREATHAM_S3_P1234_R2,2023-12-05,FALLOW,fababean,,
STREATHAM_S3_P1234_R3,2023-12-05,FALLOW,fababean,,
STREATHAM_S3_P2341_R1,2024-01-12,FALLOW,wheat,,
STREATHAM_S3_P2341_R2,2024-01-12,FALLOW,wheat,,
STREATHAM_S3_P2341_R3,2024-01-12,FALLOW,wheat,,
STREATHAM_S3_P3412_R1,2023-12-06,FALLOW,canola,,
STREATHAM_S3_P3412_R2,2023-12-06,FALLOW,canola,,
STREATHAM_S3_P3412_R3,2023-12-06,FALLOW,canola,,
STREATHAM_S3_P4123_R1,2024-01-12,FALLOW,wheat,,
STREATHAM_S3_P4123_R2,2024-01-12,FALLOW,wheat,,
STREATHAM_S3_P4123_R3,2024-01-12,FALLOW,wheat,,
STREATHAM_S4_P1231_R1,2024-01-12,FALLOW,vetch,wheat,
STREATHAM_S4_P1231_R2,2024-01-12,FALLOW,vetch,wheat,
STREATHAM_S4_P1231_R3,2024-01-12,FALLOW,vetch,wheat,
STREATHAM_S4_P2312_R1,2023-12-06,FALLOW,canola,,
STREATHAM_S4_P2312_R2,2023-12-06,FALLOW,canola,,
STREATHAM_S4_P2312_R3,2023-12-06,FALLOW,canola,,
STREATHAM_S4_P3123_R1,2024-01-12,FALLOW,wheat,,
STREATHAM_S4_P3123_R2,2024-01-12,FALLOW,wheat,,
STREATHAM_S4_P3123_R3,2024-01-12,FALLOW,wheat,,
STREATHAM_S5_P1231_R1,2023-12-06,FALLOW,canola,,
STREATHAM_S5_P1231_R2,2023-12-06,FALLOW,canola,,
STREATHAM_S5_P1231_R3,2023-12-06,FALLOW,canola,,
STREATHAM_S5_P2312_R1,2024-01-12,FALLOW,wheat,,
STREATHAM_S5_P2312_R2,2024-01-12,FALLOW,wheat,,
STREATHAM_S5_P2312_R3,2024-01-12,FALLOW,wheat,,
STREATHAM_S5_P3123_R1,2024-01-13,FALLOW,barley,,
STREATHAM_S5_P3123_R2,2024-01-13,FALLOW,barley,,
STREATHAM_S5_P3123_R3,2024-01-13,FALLOW,barley,,
STREATHAM_S6.1_P1231_R1,2023-12-05,FALLOW,pasture,,
STREATHAM_S6.1_P1231_R2,2023-12-05,FALLOW,pasture,,
STREATHAM_S6.1_P1231_R3,2023-12-05,FALLOW,pasture,,
STREATHAM_S6.1_P2312_R1,2023-12-06,FALLOW,canola,,
STREATHAM_S6.1_P2312_R2,2023-12-06,FALLOW,canola,,
STREATHAM_S6.1_P2312_R3,2023-12-06,FALLOW,canola,,
STREATHAM_S6.1_P3123_R1,2024-01-12,FALLOW,wheat,,
STREATHAM_S6.1_P3123_R2,2024-01-12,FALLOW,wheat,,
STREATHAM_S6.1_P3123_R3,2024-01-12,FALLOW,wheat,,
STREATHAM_S6.2_P1231_R1,2023-12-05,FALLOW,pasture,,
STREATHAM_S6.2_P1231_R2,2023-12-05,FALLOW,pasture,,
STREATHAM_S6.2_P1231_R3,2023-12-05,FALLOW,pasture,,
STREATHAM_S6.2_P2312_R1,2023-12-06,FALLOW,canola,,
STREATHAM_S6.2_P2312_R2,2023-12-06,FALLOW,canola,,
STREATHAM_S6.2_P2312_R3,2023-12-06,FALLOW,canola,,
STREATHAM_S6.2_P3123_R1,2024-01-12,FALLOW,wheat,,
STREATHAM_S6.2_P3123_R2,2024-01-12,FALLOW,wheat,,
STREATHAM_S6.2_P3123_R3,2024-01-12,FALLOW,wheat,,
STREATHAM_S7_P1234_R1,2023-12-05,FALLOW,pasture,,
STREATHAM_S7_P1234_R2,2023-12-05,FALLOW,pasture,,
STREATHAM_S7_P1234_R3,2023-12-05,FALLOW,pasture,,
STREATHAM_S7_P2341_R1,2023-12-05,FALLOW,pasture,,
STREATHAM_S7_P2341_R2,2023-12-05,FALLOW,pasture,,
STREATHAM_S7_P2341_R3,2023-12-05,FALLOW,pasture,,
STREATHAM_S7_P3412_R1,2023-12-06,FALLOW,canola,,
STREATHAM_S7_P3412_R2,2023-12-06,FALLOW,canola,,
STREATHAM_S7_P3412_R3,2023-12-06,FALLOW,canola,,
STREATHAM_S7_P4123_R1,2024-01-12,FALLOW,wheat,,
STREATHAM_S7_P4123_R2,2024-01-12,FALLOW,wheat,,
STREATHAM_S7_P4123_R3,2024-01-12,FALLOW,wheat,,
STREATHAM_S8_P1231_R1,2023-12-05,FALLOW,vetch,,
STREATHAM_S8_P1231_R2,2023-12-05,FALLOW,vetch,,
STREATHAM_S8_P1231_R3,2023-12-05,FALLOW,vetch,,
STREATHAM_S8_P2312_R1,2023-12-06,FALLOW,canola,,
STREATHAM_S8_P2312_R2,2023-12-06,FALLOW,canola,,
STREATHAM_S8_P2312_R3,2023-12-06,FALLOW,canola,,
STREATHAM_S8_P3123_R1,2024-01-12,FALLOW,wheat,,
STREATHAM_S8_P3123_R2,2024-01-12,FALLOW,wheat,,
STREATHAM_S8_P3123_R3,2024-01-12,FALLOW,wheat,,
STREATHAM_S9.1_P1212_R1,2023-12-07,FALLOW,canola,fieldpea,
STREATHAM_S9.1_P1212_R2,2023-12-07,FALLOW,canola,fieldpea,
STREATHAM_S9.1_P1212_R3,2023-12-07,FALLOW,canola,fieldpea,
STREATHAM_S9.1_P2121_R1,2024-01-12,FALLOW,wheat,,
STREATHAM_S9.1_P2121_R2,2024-01-12,FALLOW,wheat,,
STREATHAM_S9.1_P2121_R3,2024-01-12,FALLOW,wheat,,
STREATHAM_S9.2_P1212_R1,2023-12-07,FALLOW,canola,fieldpea,
STREATHAM_S9.2_P1212_R2,2023-12-07,FALLOW,canola,fieldpea,
STREATHAM_S9.2_P1212_R3,2023-12-07,FALLOW,canola,fieldpea,
STREATHAM_S9.2_P2121_R1,2024-01-12,FALLOW,wheat,,
STREATHAM_S9.2_P2121_R2,2024-01-12,FALLOW,wheat,,
STREATHAM_S9.2_P2121_R3,2024-01-12,FALLOW,wheat,,
STREATHAM_S9.3_P1212_R1,2023-12-07,FALLOW,canola,fieldpea,
STREATHAM_S9.3_P1212_R2,2023-12-07,FALLOW,canola,fieldpea,
STREATHAM_S9.3_P1212_R3,2023-12-07,FALLOW,canola,fieldpea,
STREATHAM_S9.3_P2121_R1,2024-01-12,FALLOW,wheat,,
STREATHAM_S9.3_P2121_R2,2024-01-12,FALLOW,wheat,,
STREATHAM_S9.3_P2121_R3,2024-01-12,FALLOW,wheat,,
WALLUP_S1_P1231_R1,2023-05-30,CROP,lentil,,
WALLUP_S1_P1231_R2,2023-05-30,CROP,lentil,,
WALLUP_S1_P1231_R3,2023-05-30,CROP,lentil,,
WALLUP_S1_P2312_R1,2023-05-30,CROP,wheat,,
WALLUP_S1_P2312_R2,2023-05-30,CROP,wheat,,
WALLUP_S1_P2312_R3,2023-05-30,CROP,wheat,,
WALLUP_S1_P3123_R1,2023-05-30,CROP,wheat,,
WALLUP_S1_P3123_R2,2023-05-30,CROP,wheat,,
WALLUP_S1_P3123_R3,2023-05-30,CROP,wheat,,
WALLUP_S2_P1234_R1,2023-05-30,CROP,lentil,,
WALLUP_S2_P1234_R2,2023-05-30,CROP,lentil,,
WALLUP_S2_P1234_R3,2023-05-30,CROP,lentil,,
WALLUP_S2_P2341_R1,2023-05-04,CROP,canola,,
WALLUP_S2_P2341_R2,2023-05-04,CROP,canola,,
WALLUP_S2_P2341_R3,2023-05-04,CROP,canola,,
WALLUP_S2_P3412_R1,2023-05-30,CROP,wheat,,
WALLUP_S2_P3412_R2,2023-05-30,CROP,wheat,,
WALLUP_S2_P3412_R3,2023-05-30,CROP,wheat,,
WALLUP_S2_P4123_R1,2023-05-30,CROP,wheat,,
WALLUP_S2_P4123_R2,2023-05-30,CROP,wheat,,
WALLUP_S2_P4123_R3,2023-05-30,CROP,wheat,,
WALLUP_S3_P1234_R1,2023-05-04,CROP,vetch,,
WALLUP_S3_P1234_R2,2023-05-04,CROP,vetch,,
WALLUP_S3_P1234_R3,2023-05-04,CROP,vetch,,
WALLUP_S3_P2341_R1,2023-05-04,CROP,canola,,
WALLUP_S3_P2341_R2,2023-05-04,CROP,canola,,
WALLUP_S3_P2341_R3,2023-05-04,CROP,canola,,
WALLUP_S3_P3412_R1,2023-05-30,CROP,wheat,,
WALLUP_S3_P3412_R2,2023-05-30,CROP,wheat,,
WALLUP_S3_P3412_R3,2023-05-30,CROP,wheat,,
WALLUP_S3_P4123_R1,2023-05-30,CROP,wheat,,
WALLUP_S3_P4123_R2,2023-05-30,CROP,wheat,,
WALLUP_S3_P4123_R3,2023-05-30,CROP,wheat,,
WALLUP_S4_P1231_R1,2023-05-30,CROP,lentil,fababean,
WALLUP_S4_P1231_R2,2023-05-30,CROP,lentil,fababean,
WALLUP_S4_P1231_R3,2023-05-30,CROP,lentil,fababean,
WALLUP_S4_P2312_R1,2023-05-30,CROP,wheat,,
WALLUP_S4_P2312_R2,2023-05-30,CROP,wheat,,
WALLUP_S4_P2312_R3,2023-05-30,CROP,wheat,,
WALLUP_S4_P3123_R1,2023-05-30,CROP,wheat,,
WALLUP_S4_P3123_R2,2023-05-30,CROP,wheat,,
WALLUP_S4_P3123_R3,2023-05-30,CROP,wheat,,
WALLUP_S5_P0000_R1,2023-05-30,CROP,wheat,,
WALLUP_S5_P0000_R2,2023-05-30,CROP,wheat,,
WALLUP_S5_P0000_R3,2023-05-30,CROP,wheat,,
WALLUP_S6_P0000_R1,2023-05-30,CROP,wheat,,
WALLUP_S6_P0000_R2,2023-05-30,CROP,wheat,,
WALLUP_S6_P0000_R3,2023-05-30,CROP,wheat,,
WALLUP_S1_P1231_R1,2023-12-14,FALLOW,lentil,,
WALLUP_S1_P1231_R2,2023-12-14,FALLOW,lentil,,
WALLUP_S1_P1231_R3,2023-12-14,FALLOW,lentil,,
WALLUP_S1_P2312_R1,2023-12-15,FALLOW,wheat,,
WALLUP_S1_P2312_R2,2023-12-15,FALLOW,wheat,,
WALLUP_S1_P2312_R3,2023-12-15,FALLOW,wheat,,
WALLUP_S1_P3123_R1,2023-12-15,FALLOW,wheat,,
WALLUP_S1_P3123_R2,2023-12-15,FALLOW,wheat,,
WALLUP_S1_P3123_R3,2023-12-15,FALLOW,wheat,,
WALLUP_S2_P1234_R1,2023-12-14,FALLOW,lentil,,
WALLUP_S2_P1234_R2,2023-12-14,FALLOW,lentil,,
WALLUP_S2_P1234_R3,2023-12-14,FALLOW,lentil,,
WALLUP_S2_P2341_R1,2023-12-14,FALLOW,canola,,
WALLUP_S2_P2341_R2,2023-12-14,FALLOW,canola,,
WALLUP_S2_P2341_R3,2023-12-14,FALLOW,canola,,
WALLUP_S2_P3412_R1,2023-12-15,FALLOW,wheat,,
WALLUP_S2_P3412_R2,2023-12-15,FALLOW,wheat,,
WALLUP_S2_P3412_R3,2023-12-15,FALLOW,wheat,,
WALLUP_S2_P4123_R1,2023-12-15,FALLOW,wheat,,
WALLUP_S2_P4123_R2,2023-12-15,FALLOW,wheat,,
WALLUP_S2_P4123_R3,2023-12-15,FALLOW,wheat,,
WALLUP_S3_P1234_R1,2023-12-14,FALLOW,vetch,,
WALLUP_S3_P1234_R2,2023-12-14,FALLOW,vetch,,
WALLUP_S3_P1234_R3,2023-12-14,FALLOW,vetch,,
WALLUP_S3_P2341_R1,2023-12-14,FALLOW,canola,,
WALLUP_S3_P2341_R2,2023-12-14,FALLOW,canola,,
WALLUP_S3_P2341_R3,2023-12-14,FALLOW,canola,,
WALLUP_S3_P3412_R1,2023-12-15,FALLOW,wheat,,
WALLUP_S3_P3412_R2,2023-12-15,FALLOW,wheat,,
WALLUP_S3_P3412_R3,2023-12-15,FALLOW,wheat,,
WALLUP_S3_P4123_R1,2023-12-15,FALLOW,wheat,,
WALLUP_S3_P4123_R2,2023-12-15,FALLOW,wheat,,
WALLUP_S3_P4123_R3,2023-12-15,FALLOW,wheat,,
WALLUP_S4_P1231_R1,2023-12-14,FALLOW,lentil,fababean,
WALLUP_S4_P1231_R2,2023-12-14,FALLOW,lentil,fababean,
WALLUP_S4_P1231_R3,2023-12-14,FALLOW,lentil,fababean,
WALLUP_S4_P2312_R1,2023-12-15,FALLOW,wheat,,
WALLUP_S4_P2312_R2,2023-12-15,FALLOW,wheat,,
WALLUP_S4_P2312_R3,2023-12-15,FALLOW,wheat,,
WALLUP_S4_P3123_R1,2023-12-15,FALLOW,wheat,,
WALLUP_S4_P3123_R2,2023-12-15,FALLOW,wheat,,
WALLUP_S4_P3123_R3,2023-12-15,FALLOW,wheat,,
WALLUP_S5_P0000_R1,2023-12-15,FALLOW,wheat,,
WALLUP_S5_P0000_R2,2023-12-15,FALLOW,wheat,,
WALLUP_S5_P0000_R3,2023-12-15,FALLOW,wheat,,
WALLUP_S6_P0000_R1,2023-12-15,FALLOW,wheat,,
WALLUP_S6_P0000_R2,2023-12-15,FALLOW,wheat,,
WALLUP_S6_P0000_R3,2023-12-15,FALLOW,wheat,,
WARRAMBINE_S1_P1212_R1,2023-05-12,CROP,canola,,
WARRAMBINE_S1_P1212_R2,2023-05-12,CROP,canola,,
WARRAMBINE_S1_P1212_R3,2023-05-12,CROP,canola,,
WARRAMBINE_S1_P2121_R1,2023-05-12,CROP,wheat,,
WARRAMBINE_S1_P2121_R2,2023-05-12,CROP,wheat,,
WARRAMBINE_S1_P2121_R3,2023-05-12,CROP,wheat,,
WARRAMBINE_S2_P1231_R1,2023-05-12,CROP,fababean,,
WARRAMBINE_S2_P1231_R2,2023-05-12,CROP,fababean,,
WARRAMBINE_S2_P1231_R3,2023-05-12,CROP,fababean,,
WARRAMBINE_S2_P2312_R1,2023-05-12,CROP,canola,,
WARRAMBINE_S2_P2312_R2,2023-05-12,CROP,canola,,
WARRAMBINE_S2_P2312_R3,2023-05-12,CROP,canola,,
WARRAMBINE_S2_P3123_R1,2023-05-12,CROP,wheat,,
WARRAMBINE_S2_P3123_R2,2023-05-12,CROP,wheat,,
WARRAMBINE_S2_P3123_R3,2023-05-12,CROP,wheat,,
WARRAMBINE_S3_P1231_R1,2023-05-12,CROP,fieldpea,,
WARRAMBINE_S3_P1231_R2,2023-05-12,CROP,fieldpea,,
WARRAMBINE_S3_P1231_R3,2023-05-12,CROP,fieldpea,,
WARRAMBINE_S3_P2312_R1,2023-05-12,CROP,canola,,
WARRAMBINE_S3_P2312_R2,2023-05-12,CROP,canola,,
WARRAMBINE_S3_P2312_R3,2023-05-12,CROP,canola,,
WARRAMBINE_S3_P3123_R1,2023-05-12,CROP,wheat,,
WARRAMBINE_S3_P3123_R2,2023-05-12,CROP,wheat,,
WARRAMBINE_S3_P3123_R3,2023-05-12,CROP,wheat,,
WARRAMBINE_S4_P1231_R1,2023-05-12,CROP,pasture,pasture,
WARRAMBINE_S4_P1231_R2,2023-05-12,CROP,pasture,pasture,
WARRAMBINE_S4_P1231_R3,2023-05-12,CROP,pasture,pasture,
WARRAMBINE_S4_P2312_R1,2023-05-12,CROP,canola,,
WARRAMBINE_S4_P2312_R2,2023-05-12,CROP,canola,,
WARRAMBINE_S4_P2312_R3,2023-05-12,CROP,canola,,
WARRAMBINE_S4_P3123_R1,2023-05-12,CROP,wheat,,
WARRAMBINE_S4_P3123_R2,2023-05-12,CROP,wheat,,
WARRAMBINE_S4_P3123_R3,2023-05-12,CROP,wheat,,
WARRAMBINE_S5_P1231_R1,2023-05-12,CROP,fieldpea,,
WARRAMBINE_S5_P1231_R2,2023-05-12,CROP,fieldpea,,
WARRAMBINE_S5_P1231_R3,2023-05-12,CROP,fieldpea,,
WARRAMBINE_S5_P2312_R1,2023-05-12,CROP,canola,,
WARRAMBINE_S5_P2312_R2,2023-05-12,CROP,canola,,
WARRAMBINE_S5_P2312_R3,2023-05-12,CROP,canola,,
WARRAMBINE_S5_P3123_R1,2023-05-12,CROP,wheat,,
WARRAMBINE_S5_P3123_R2,2023-05-12,CROP,wheat,,
WARRAMBINE_S5_P3123_R3,2023-05-12,CROP,wheat,,
WARRAMBINE_S6_P0000_R1,2023-05-12,CROP,wheat,barley,fababean
WARRAMBINE_S6_P0000_R2,2023-05-12,CROP,wheat,barley,fababean
WARRAMBINE_S6_P0000_R3,2023-05-12,CROP,wheat,barley,fababean
WARRAMBINE_S7_P0000_R1,2023-05-12,CROP,wheat,,
WARRAMBINE_S7_P0000_R2,2023-05-12,CROP,wheat,,
WARRAMBINE_S7_P0000_R3,2023-05-12,CROP,wheat,,
WARRAMBINE_S1_P1212_R1,2023-12-16,FALLOW,canola,,
WARRAMBINE_S1_P1212_R2,2023-12-16,FALLOW,canola,,
WARRAMBINE_S1_P1212_R3,2023-12-16,FALLOW,canola,,
WARRAMBINE_S1_P2121_R1,2023-12-16,FALLOW,wheat,,
WARRAMBINE_S1_P2121_R2,2023-12-16,FALLOW,wheat,,
WARRAMBINE_S1_P2121_R3,2023-12-16,FALLOW,wheat,,
WARRAMBINE_S2_P1231_R1,2023-12-16,FALLOW,fababean,,
WARRAMBINE_S2_P1231_R2,2023-12-16,FALLOW,fababean,,
WARRAMBINE_S2_P1231_R3,2023-12-16,FALLOW,fababean,,
WARRAMBINE_S2_P2312_R1,2023-12-16,FALLOW,canola,,
WARRAMBINE_S2_P2312_R2,2023-12-16,FALLOW,canola,,
WARRAMBINE_S2_P2312_R3,2023-12-16,FALLOW,canola,,
WARRAMBINE_S2_P3123_R1,2023-12-16,FALLOW,wheat,,
WARRAMBINE_S2_P3123_R2,2023-12-16,FALLOW,wheat,,
WARRAMBINE_S2_P3123_R3,2023-12-16,FALLOW,wheat,,
WARRAMBINE_S3_P1231_R1,2023-12-16,FALLOW,fieldpea,,
WARRAMBINE_S3_P1231_R2,2023-12-16,FALLOW,fieldpea,,
WARRAMBINE_S3_P1231_R3,2023-12-16,FALLOW,fieldpea,,
WARRAMBINE_S3_P2312_R1,2023-12-16,FALLOW,canola,,
WARRAMBINE_S3_P2312_R2,2023-12-16,FALLOW,canola,,
WARRAMBINE_S3_P2312_R3,2023-12-16,FALLOW,canola,,
WARRAMBINE_S3_P3123_R1,2023-12-16,FALLOW,wheat,,
WARRAMBINE_S3_P3123_R2,2023-12-16,FALLOW,wheat,,
WARRAMBINE_S3_P3123_R3,2023-12-16,FALLOW,wheat,,
WARRAMBINE_S4_P1231_R1,2023-12-16,FALLOW,pasture,pasture,
WARRAMBINE_S4_P1231_R2,2023-12-16,FALLOW,pasture,pasture,
WARRAMBINE_S4_P1231_R3,2023-12-16,FALLOW,pasture,pasture,
WARRAMBINE_S4_P2312_R1,2023-12-16,FALLOW,canola,,
WARRAMBINE_S4_P2312_R2,2023-12-16,FALLOW,canola,,
WARRAMBINE_S4_P2312_R3,2023-12-16,FALLOW,canola,,
WARRAMBINE_S4_P3123_R1,2023-12-16,FALLOW,wheat,,
WARRAMBINE_S4_P3123_R2,2023-12-16,FALLOW,wheat,,
WARRAMBINE_S4_P3123_R3,2023-12-16,FALLOW,wheat,,
WARRAMBINE_S5_P1231_R1,2023-12-16,FALLOW,fieldpea,,
WARRAMBINE_S5_P1231_R2,2023-12-16,FALLOW,fieldpea,,
WARRAMBINE_S5_P1231_R3,2023-12-16,FALLOW,fieldpea,,
WARRAMBINE_S5_P2312_R1,2023-12-16,FALLOW,canola,,
WARRAMBINE_S5_P2312_R2,2023-12-16,FALLOW,canola,,
WARRAMBINE_S5_P2312_R3,2023-12-16,FALLOW,canola,,
WARRAMBINE_S5_P3123_R1,2023-12-16,FALLOW,wheat,,
WARRAMBINE_S5_P3123_R2,2023-12-16,FALLOW,wheat,,
WARRAMBINE_S5_P3123_R3,2023-12-16,FALLOW,wheat,,
WARRAMBINE_S6_P0000_R1,2023-12-16,FALLOW,wheat,barley,fababean
WARRAMBINE_S6_P0000_R2,2023-12-16,FALLOW,wheat,barley,fababean
WARRAMBINE_S6_P0000_R3,2023-12-16,FALLOW,wheat,barley,fababean
WARRAMBINE_S7_P0000_R1,2023-12-16,FALLOW,wheat,,
WARRAMBINE_S7_P0000_R2,2023-12-16,FALLOW,wheat,,
WARRAMBINE_S7_P0000_R3,2023-12-16,FALLOW,wheat,,
MANANG_S8.1_P2312_R1,2024-05-17,CROP,wheat,,
MANANG_S6_P1111_R1,2024-05-17,CROP,wheat,,
MANANG_S5_P2341_R1,2024-05-17,CROP,wheat,,
MANANG_S8.2_P1231_R1,2024-05-17,CROP,wheat,,
MANANG_S8.1_P1231_R1,2024-05-17,CROP,wheat,,
MANANG_S1.1_P1231_R1,2024-05-17,CROP,wheat,,
MANANG_S5_P1234_R1,2024-05-17,CROP,wheat,,
MANANG_S11_P1212_R1,2024-05-17,CROP,wheat,,
MANANG_S9_P1231_R1,2024-05-17,CROP,wheat,,
MANANG_S1.3_P1231_R1,2024-05-17,CROP,wheat,,
MANANG_S5_P3412_R1,2024-05-17,CROP,wheat,,
MANANG_S8.2_P2312_R1,2024-05-17,CROP,wheat,,
MANANG_S1.2_P1231_R1,2024-05-17,CROP,wheat,,
MANANG_S10.1_P1231_R1,2024-05-17,CROP,wheat,,
MANANG_S4_P3412_R1,2024-05-17,CROP,wheat,,
MANANG_S1.2_P2312_R1,2024-05-17,CROP,wheat,,
MANANG_S7_P1231_R1,2024-05-17,CROP,wheat,,
MANANG_S10.2_P2312_R1,2024-05-17,CROP,wheat,,
MANANG_S2_P1212_R1,2024-05-17,CROP,wheat,,
MANANG_S1.3_P2312_R1,2024-05-17,CROP,wheat,,
MANANG_S3_P2312_R1,2024-05-17,CROP,wheat,,
MANANG_S6_P1111_R2,2024-05-17,CROP,wheat,,
MANANG_S1.1_P2312_R1,2024-05-17,CROP,wheat,,
MANANG_S10.2_P1231_R1,2024-05-17,CROP,wheat,,
MANANG_S4_P2341_R1,2024-05-17,CROP,wheat,,
MANANG_S7_P2312_R1,2024-05-17,CROP,wheat,,
MANANG_S10.1_P2312_R1,2024-05-17,CROP,wheat,,
MANANG_S3_P2312_R2,2024-05-17,CROP,wheat,,
MANANG_S8.2_P2312_R2,2024-05-17,CROP,wheat,,
MANANG_S8.2_P1231_R2,2024-05-17,CROP,wheat,,
MANANG_S1.3_P2312_R2,2024-05-17,CROP,wheat,,
MANANG_S2_P1212_R2,2024-05-17,CROP,wheat,,
MANANG_S1.2_P2312_R2,2024-05-17,CROP,wheat,,
MANANG_S5_P2341_R2,2024-05-17,CROP,wheat,,
MANANG_S4_P3412_R2,2024-05-17,CROP,wheat,,
MANANG_S8.1_P2312_R2,2024-05-17,CROP,wheat,,
MANANG_S8.1_P1231_R2,2024-05-17,CROP,wheat,,
MANANG_S10.1_P2312_R2,2024-05-17,CROP,wheat,,
MANANG_S7_P2312_R2,2024-05-17,CROP,wheat,,
MANANG_S6_P1111_R3,2024-05-17,CROP,wheat,,
MANANG_S1.1_P1231_R2,2024-05-17,CROP,wheat,,
MANANG_S5_P1234_R2,2024-05-17,CROP,wheat,,
MANANG_S1.1_P2312_R2,2024-05-17,CROP,wheat,,
MANANG_S6_P1111_R4,2024-05-17,CROP,wheat,,
MANANG_S10.1_P1231_R2,2024-05-17,CROP,wheat,,
MANANG_S1.2_P1231_R2,2024-05-17,CROP,wheat,,
MANANG_S1.3_P1231_R2,2024-05-17,CROP,wheat,,
MANANG_S5_P3412_R2,2024-05-17,CROP,wheat,,
MANANG_S7_P1231_R2,2024-05-17,CROP,wheat,,
MANANG_S10.2_P2312_R2,2024-05-17,CROP,wheat,,
MANANG_S9_P1231_R2,2024-05-17,CROP,wheat,,
MANANG_S4_P2341_R2,2024-05-17,CROP,wheat,,
MANANG_S10.2_P1231_R2,2024-05-17,CROP,wheat,,
MANANG_S11_P1212_R2,2024-05-17,CROP,wheat,,
MANANG_S10.2_P1231_R3,2024-05-17,CROP,wheat,,
MANANG_S8.1_P2312_R3,2024-05-17,CROP,wheat,,
MANANG_S7_P2312_R3,2024-05-17,CROP,wheat,,
MANANG_S5_P1234_R3,2024-05-17,CROP,wheat,,
MANANG_S1.1_P2312_R3,2024-05-17,CROP,wheat,,
MANANG_S4_P2341_R3,2024-05-17,CROP,wheat,,
MANANG_S11_P1212_R3,2024-05-17,CROP,wheat,,
MANANG_S1.1_P1231_R3,2024-05-17,CROP,wheat,,
MANANG_S10.2_P2312_R3,2024-05-17,CROP,wheat,,
MANANG_S1.3_P1231_R3,2024-05-17,CROP,wheat,,
MANANG_S4_P3412_R3,2024-05-17,CROP,wheat,,
MANANG_S6_P1111_R5,2024-05-17,CROP,wheat,,
MANANG_S8.2_P2312_R3,2024-05-17,CROP,wheat,,
MANANG_S8.2_P1231_R3,2024-05-17,CROP,wheat,,
MANANG_S6_P1111_R6,2024-05-17,CROP,wheat,,
MANANG_S5_P2341_R3,2024-05-17,CROP,wheat,,
MANANG_S9_P1231_R3,2024-05-17,CROP,wheat,,
MANANG_S7_P1231_R3,2024-05-17,CROP,wheat,,
MANANG_S5_P3412_R3,2024-05-17,CROP,wheat,,
MANANG_S1.2_P1231_R3,2024-05-17,CROP,wheat,,
MANANG_S8.1_P1231_R3,2024-05-17,CROP,wheat,,
MANANG_S1.2_P2312_R3,2024-05-17,CROP,wheat,,
MANANG_S2_P1212_R3,2024-05-17,CROP,wheat,,
MANANG_S10.1_P1231_R3,2024-05-17,CROP,wheat,,
MANANG_S1.3_P2312_R3,2024-05-17,CROP,wheat,,
MANANG_S3_P2312_R3,2024-05-17,CROP,wheat,,
MANANG_S10.1_P2312_R3,2024-05-17,CROP,wheat,,
MANANG_S12_P0000_R1,2024-05-17,CROP,wheat,,
MANANG_S12_P0000_R2,2024-05-17,CROP,wheat,,
MANANG_S12_P0000_R3,2024-05-17,CROP,wheat,,
MANANG_S12_P0000_R4,2024-05-17,CROP,wheat,,
MANANG_S12_P0000_R5,2024-05-17,CROP,wheat,,
MANANG_S12_P0000_R6,2024-05-17,CROP,wheat,,
MANANG_S12_P0000_R7,2024-05-17,CROP,wheat,,
MANANG_S12_P0000_R8,2024-05-17,CROP,wheat,,
MANANG_S12_P0000_R9,2024-05-17,CROP,wheat,,
MANANG_S13_P0000_R1,2024-05-17,CROP,wheat,,
MANANG_S13_P0000_R2,2024-05-17,CROP,wheat,,
MANANG_S13_P0000_R3,2024-05-17,CROP,wheat,,
MANANG_S13_P0000_R4,2024-05-17,CROP,wheat,,
MANANG_S13_P0000_R5,2024-05-17,CROP,wheat,,
MANANG_S13_P0000_R6,2024-05-17,CROP,wheat,,
MANANG_S13_P0000_R7,2024-05-17,CROP,wheat,,
MANANG_S13_P0000_R8,2024-05-17,CROP,wheat,,
MANANG_S13_P0000_R9,2024-05-17,CROP,wheat,,
MANANG_S9_P2312_R1,2024-04-25,CROP,oat,,
MANANG_S9_P2312_R2,2024-04-25,CROP,oat,,
MANANG_S9_P2312_R3,2024-04-25,CROP,oat,,
MANANG_S4_P1234_R1,2024-04-25,CROP,canola,,
MANANG_S4_P1234_R2,2024-04-25,CROP,canola,,
MANANG_S4_P1234_R3,2024-04-25,CROP,canola,,
MANANG_S1.1_P3123_R1,2024-05-17,CROP,lentil,,
MANANG_S4_P4123_R1,2024-05-17,CROP,lentil,,
MANANG_S1.3_P3123_R1,2024-05-17,CROP,lentil,,
MANANG_S3_P1231_R1,2024-05-17,CROP,lentil,,
MANANG_S2_P2121_R1,2024-05-17,CROP,lentil,,
MANANG_S1.2_P3123_R1,2024-05-17,CROP,lentil,,
MANANG_S3_P3123_R1,2024-05-17,CROP,lentil,,
MANANG_S5_P4123_R1,2024-05-17,CROP,lentil,,
MANANG_S1.1_P3123_R2,2024-05-17,CROP,lentil,,
MANANG_S3_P3123_R2,2024-05-17,CROP,lentil,,
MANANG_S1.3_P3123_R2,2024-05-17,CROP,lentil,,
MANANG_S4_P4123_R2,2024-05-17,CROP,lentil,,
MANANG_S1.2_P3123_R2,2024-05-17,CROP,lentil,,
MANANG_S3_P1231_R2,2024-05-17,CROP,lentil,,
MANANG_S2_P2121_R2,2024-05-17,CROP,lentil,,
MANANG_S5_P4123_R2,2024-05-17,CROP,lentil,,
MANANG_S1.1_P3123_R3,2024-05-17,CROP,lentil,,
MANANG_S3_P3123_R3,2024-05-17,CROP,lentil,,
MANANG_S5_P4123_R3,2024-05-17,CROP,lentil,,
MANANG_S1.3_P3123_R3,2024-05-17,CROP,lentil,,
MANANG_S1.2_P3123_R3,2024-05-17,CROP,lentil,,
MANANG_S2_P2121_R3,2024-05-17,CROP,lentil,,
MANANG_S3_P1231_R3,2024-05-17,CROP,lentil,,
MANANG_S4_P4123_R3,2024-05-17,CROP,lentil,,
MANANG_S8.2_P3123_R1,2024-04-25,CROP,vetch,,
MANANG_S9_P3123_R1,2024-04-25,CROP,vetch,,
MANANG_S8.1_P3123_R1,2024-04-25,CROP,vetch,,
MANANG_S8.1_P3123_R2,2024-04-25,CROP,vetch,,
MANANG_S9_P3123_R2,2024-04-25,CROP,vetch,,
MANANG_S8.2_P3123_R2,2024-04-25,CROP,vetch,,
MANANG_S9_P3123_R3,2024-04-25,CROP,vetch,,
MANANG_S8.2_P3123_R3,2024-04-25,CROP,vetch,,
MANANG_S8.1_P3123_R3,2024-04-25,CROP,vetch,,
MANANG_S10.2_P3123_R1,2024-05-17,CROP,wheat,vetch,
MANANG_S11_P2121_R1,2024-05-17,CROP,wheat,vetch,
MANANG_S10.1_P3123_R1,2024-05-17,CROP,wheat,vetch,
MANANG_S10.1_P3123_R2,2024-05-17,CROP,wheat,vetch,
MANANG_S11_P2121_R2,2024-05-17,CROP,wheat,vetch,
MANANG_S10.2_P3123_R2,2024-05-17,CROP,wheat,vetch,
MANANG_S10.2_P3123_R3,2024-05-17,CROP,wheat,vetch,
MANANG_S10.1_P3123_R3,2024-05-17,CROP,wheat,vetch,
MANANG_S11_P2121_R3,2024-05-17,CROP,wheat,vetch,
MANANG_S1.1_P1231_R1,2024-11-21,FALLOW,wheat,,
MANANG_S1.1_P1231_R2,2024-11-21,FALLOW,wheat,,
MANANG_S1.1_P1231_R3,2024-11-21,FALLOW,wheat,,
MANANG_S1.1_P2312_R1,2024-11-21,FALLOW,wheat,,
MANANG_S1.1_P2312_R2,2024-11-21,FALLOW,wheat,,
MANANG_S1.1_P2312_R3,2024-11-21,FALLOW,wheat,,
MANANG_S1.1_P3123_R1,2024-11-21,FALLOW,lentil,,
MANANG_S1.1_P3123_R2,2024-11-21,FALLOW,lentil,,
MANANG_S1.1_P3123_R3,2024-11-21,FALLOW,lentil,,
MANANG_S1.2_P1231_R1,2024-11-21,FALLOW,wheat,,
MANANG_S1.2_P1231_R2,2024-11-21,FALLOW,wheat,,
MANANG_S1.2_P1231_R3,2024-11-21,FALLOW,wheat,,
MANANG_S1.2_P2312_R1,2024-11-21,FALLOW,wheat,,
MANANG_S1.2_P2312_R2,2024-11-21,FALLOW,wheat,,
MANANG_S1.2_P2312_R3,2024-11-21,FALLOW,wheat,,
MANANG_S1.2_P3123_R1,2024-11-21,FALLOW,lentil,,
MANANG_S1.2_P3123_R2,2024-11-21,FALLOW,lentil,,
MANANG_S1.2_P3123_R3,2024-11-21,FALLOW,lentil,,
MANANG_S1.3_P1231_R1,2024-11-21,FALLOW,wheat,,
MANANG_S1.3_P1231_R2,2024-11-21,FALLOW,wheat,,
MANANG_S1.3_P1231_R3,2024-11-21,FALLOW,wheat,,
MANANG_S1.3_P2312_R1,2024-11-21,FALLOW,wheat,,
MANANG_S1.3_P2312_R2,2024-11-21,FALLOW,wheat,,
MANANG_S1.3_P2312_R3,2024-11-21,FALLOW,wheat,,
MANANG_S1.3_P3123_R1,2024-11-21,FALLOW,lentil,,
MANANG_S1.3_P3123_R2,2024-11-21,FALLOW,lentil,,
MANANG_S1.3_P3123_R3,2024-11-21,FALLOW,lentil,,
MANANG_S10.1_P1231_R1,2024-11-21,FALLOW,wheat,,
MANANG_S10.1_P1231_R2,2024-11-21,FALLOW,wheat,,
MANANG_S10.1_P1231_R3,2024-11-21,FALLOW,wheat,,
MANANG_S10.1_P2312_R1,2024-11-21,FALLOW,wheat,,
MANANG_S10.1_P2312_R2,2024-11-21,FALLOW,wheat,,
MANANG_S10.1_P2312_R3,2024-11-21,FALLOW,wheat,,
MANANG_S10.1_P3123_R1,2024-11-21,FALLOW,wheat,vetch,
MANANG_S10.1_P3123_R2,2024-11-21,FALLOW,wheat,vetch,
MANANG_S10.1_P3123_R3,2024-11-21,FALLOW,wheat,vetch,
MANANG_S10.2_P1231_R1,2024-11-21,FALLOW,wheat,,
MANANG_S10.2_P1231_R2,2024-11-21,FALLOW,wheat,,
MANANG_S10.2_P1231_R3,2024-11-21,FALLOW,wheat,,
MANANG_S10.2_P2312_R1,2024-11-21,FALLOW,wheat,,
MANANG_S10.2_P2312_R2,2024-11-21,FALLOW,wheat,,
MANANG_S10.2_P2312_R3,2024-11-21,FALLOW,wheat,,
MANANG_S10.2_P3123_R1,2024-11-21,FALLOW,wheat,vetch,
MANANG_S10.2_P3123_R2,2024-11-21,FALLOW,wheat,vetch,
MANANG_S10.2_P3123_R3,2024-11-21,FALLOW,wheat,vetch,
MANANG_S11_P1212_R1,2024-11-21,FALLOW,wheat,,
MANANG_S11_P1212_R2,2024-11-21,FALLOW,wheat,,
MANANG_S11_P1212_R3,2024-11-21,FALLOW,wheat,,
MANANG_S11_P2121_R1,2024-11-21,FALLOW,wheat,vetch,
MANANG_S11_P2121_R2,2024-11-21,FALLOW,wheat,vetch,
MANANG_S11_P2121_R3,2024-11-21,FALLOW,wheat,vetch,
MANANG_S12_P0000_R1,2024-11-21,FALLOW,wheat,,
MANANG_S12_P0000_R2,2024-11-21,FALLOW,wheat,,
MANANG_S12_P0000_R3,2024-11-21,FALLOW,wheat,,
MANANG_S12_P0000_R4,2024-11-21,FALLOW,wheat,,
MANANG_S12_P0000_R5,2024-11-21,FALLOW,wheat,,
MANANG_S12_P0000_R6,2024-11-21,FALLOW,wheat,,
MANANG_S12_P0000_R7,2024-11-21,FALLOW,wheat,,
MANANG_S12_P0000_R8,2024-11-21,FALLOW,wheat,,
MANANG_S12_P0000_R9,2024-11-21,FALLOW,wheat,,
MANANG_S13_P0000_R1,2024-11-21,FALLOW,wheat,,
MANANG_S13_P0000_R2,2024-11-21,FALLOW,wheat,,
MANANG_S13_P0000_R3,2024-11-21,FALLOW,wheat,,
MANANG_S13_P0000_R4,2024-11-21,FALLOW,wheat,,
MANANG_S13_P0000_R5,2024-11-21,FALLOW,wheat,,
MANANG_S13_P0000_R6,2024-11-21,FALLOW,wheat,,
MANANG_S13_P0000_R7,2024-11-21,FALLOW,wheat,,
MANANG_S13_P0000_R8,2024-11-21,FALLOW,wheat,,
MANANG_S13_P0000_R9,2024-11-21,FALLOW,wheat,,
MANANG_S2_P1212_R1,2024-11-21,FALLOW,wheat,,
MANANG_S2_P1212_R2,2024-11-21,FALLOW,wheat,,
MANANG_S2_P1212_R3,2024-11-21,FALLOW,wheat,,
MANANG_S2_P2121_R1,2024-11-21,FALLOW,lentil,,
MANANG_S2_P2121_R2,2024-11-21,FALLOW,lentil,,
MANANG_S2_P2121_R3,2024-11-21,FALLOW,lentil,,
MANANG_S3_P1231_R1,2024-11-21,FALLOW,lentil,,
MANANG_S3_P1231_R2,2024-11-21,FALLOW,lentil,,
MANANG_S3_P1231_R3,2024-11-21,FALLOW,lentil,,
MANANG_S3_P2312_R1,2024-11-21,FALLOW,wheat,,
MANANG_S3_P2312_R2,2024-11-21,FALLOW,wheat,,
MANANG_S3_P2312_R3,2024-11-21,FALLOW,wheat,,
MANANG_S3_P3123_R1,2024-11-21,FALLOW,lentil,,
MANANG_S3_P3123_R2,2024-11-21,FALLOW,lentil,,
MANANG_S3_P3123_R3,2024-11-21,FALLOW,lentil,,
MANANG_S4_P1234_R1,2024-11-21,FALLOW,canola,,
MANANG_S4_P1234_R2,2024-11-21,FALLOW,canola,,
MANANG_S4_P1234_R3,2024-11-21,FALLOW,canola,,
MANANG_S4_P2341_R1,2024-11-21,FALLOW,wheat,,
MANANG_S4_P2341_R2,2024-11-21,FALLOW,wheat,,
MANANG_S4_P2341_R3,2024-11-21,FALLOW,wheat,,
MANANG_S4_P3412_R1,2024-11-21,FALLOW,wheat,,
MANANG_S4_P3412_R2,2024-11-21,FALLOW,wheat,,
MANANG_S4_P3412_R3,2024-11-21,FALLOW,wheat,,
MANANG_S4_P4123_R1,2024-11-21,FALLOW,lentil,,
MANANG_S4_P4123_R2,2024-11-21,FALLOW,lentil,,
MANANG_S4_P4123_R3,2024-11-21,FALLOW,lentil,,
MANANG_S5_P1234_R1,2024-11-21,FALLOW,wheat,,
MANANG_S5_P1234_R2,2024-11-21,FALLOW,wheat,,
MANANG_S5_P1234_R3,2024-11-21,FALLOW,wheat,,
MANANG_S5_P2341_R1,2024-11-21,FALLOW,wheat,,
MANANG_S5_P2341_R2,2024-11-21,FALLOW,wheat,,
MANANG_S5_P2341_R3,2024-11-21,FALLOW,wheat,,
MANANG_S5_P3412_R1,2024-11-21,FALLOW,wheat,,
MANANG_S5_P3412_R2,2024-11-21,FALLOW,wheat,,
MANANG_S5_P3412_R3,2024-11-21,FALLOW,wheat,,
MANANG_S5_P4123_R1,2024-11-21,FALLOW,lentil,,
MANANG_S5_P4123_R2,2024-11-21,FALLOW,lentil,,
MANANG_S5_P4123_R3,2024-11-21,FALLOW,lentil,,
MANANG_S6_P1111_R1,2024-11-21,FALLOW,wheat,,
MANANG_S6_P1111_R2,2024-11-21,FALLOW,wheat,,
MANANG_S6_P1111_R3,2024-11-21,FALLOW,wheat,,
MANANG_S6_P1111_R4,2024-11-21,FALLOW,wheat,,
MANANG_S6_P1111_R5,2024-11-21,FALLOW,wheat,,
MANANG_S6_P1111_R6,2024-11-21,FALLOW,wheat,,
MANANG_S7_P1231_R1,2024-11-21,FALLOW,wheat,,
MANANG_S7_P1231_R2,2024-11-21,FALLOW,wheat,,
MANANG_S7_P1231_R3,2024-11-21,FALLOW,wheat,,
MANANG_S7_P2312_R1,2024-11-21,FALLOW,wheat,,
MANANG_S7_P2312_R2,2024-11-21,FALLOW,wheat,,
MANANG_S7_P2312_R3,2024-11-21,FALLOW,wheat,,
MANANG_S8.1_P1231_R1,2024-11-21,FALLOW,wheat,,
MANANG_S8.1_P1231_R2,2024-11-21,FALLOW,wheat,,
MANANG_S8.1_P1231_R3,2024-11-21,FALLOW,wheat,,
MANANG_S8.1_P2312_R1,2024-11-21,FALLOW,wheat,,
MANANG_S8.1_P2312_R2,2024-11-21,FALLOW,wheat,,
MANANG_S8.1_P2312_R3,2024-11-21,FALLOW,wheat,,
MANANG_S8.1_P3123_R1,2024-11-21,FALLOW,vetch,,
MANANG_S8.1_P3123_R2,2024-11-21,FALLOW,vetch,,
MANANG_S8.1_P3123_R3,2024-11-21,FALLOW,vetch,,
MANANG_S8.2_P1231_R1,2024-11-21,FALLOW,wheat,,
MANANG_S8.2_P1231_R2,2024-11-21,FALLOW,wheat,,
MANANG_S8.2_P1231_R3,2024-11-21,FALLOW,wheat,,
MANANG_S8.2_P2312_R1,2024-11-21,FALLOW,wheat,,
MANANG_S8.2_P2312_R2,2024-11-21,FALLOW,wheat,,
MANANG_S8.2_P2312_R3,2024-11-21,FALLOW,wheat,,
MANANG_S8.2_P3123_R1,2024-11-21,FALLOW,vetch,,
MANANG_S8.2_P3123_R2,2024-11-21,FALLOW,vetch,,
MANANG_S8.2_P3123_R3,2024-11-21,FALLOW,vetch,,
MANANG_S9_P1231_R1,2024-11-21,FALLOW,wheat,,
MANANG_S9_P1231_R2,2024-11-21,FALLOW,wheat,,
MANANG_S9_P1231_R3,2024-11-21,FALLOW,wheat,,
MANANG_S9_P2312_R1,2024-11-21,FALLOW,oat,,
MANANG_S9_P2312_R2,2024-11-21,FALLOW,oat,,
MANANG_S9_P2312_R3,2024-11-21,FALLOW,oat,,
MANANG_S9_P3123_R1,2024-11-21,FALLOW,vetch,,
MANANG_S9_P3123_R2,2024-11-21,FALLOW,vetch,,
MANANG_S9_P3123_R3,2024-11-21,FALLOW,vetch,,
ROSEWORTHY_S2_P1212_R1,2024-06-18,CROP,wheat,,
ROSEWORTHY_S1.1_P1231_R1,2024-06-18,CROP,wheat,,
ROSEWORTHY_S3_P1212_R1,2024-06-18,CROP,wheat,,
ROSEWORTHY_S1.2_P1231_R1,2024-06-18,CROP,wheat,,
ROSEWORTHY_S2_P1212_R2,2024-06-18,CROP,wheat,,
ROSEWORTHY_S3_P1212_R2,2024-06-18,CROP,wheat,,
ROSEWORTHY_S1.1_P1231_R2,2024-06-18,CROP,wheat,,
ROSEWORTHY_S1.2_P1231_R2,2024-06-18,CROP,wheat,,
ROSEWORTHY_S1.1_P1231_R3,2024-06-18,CROP,wheat,,
ROSEWORTHY_S3_P1212_R3,2024-06-18,CROP,wheat,,
ROSEWORTHY_S2_P1212_R3,2024-06-18,CROP,wheat,,
ROSEWORTHY_S1.2_P1231_R3,2024-06-18,CROP,wheat,,
ROSEWORTHY_S5_P0000_R1,2024-06-18,CROP,wheat,,
ROSEWORTHY_S5_P0000_R2,2024-06-18,CROP,wheat,,
ROSEWORTHY_S5_P0000_R3,2024-06-18,CROP,wheat,,
ROSEWORTHY_S4_P1231_R1,2024-06-18,CROP,wheat,lentil,
ROSEWORTHY_S4_P1231_R2,2024-06-18,CROP,wheat,lentil,
ROSEWORTHY_S4_P1231_R3,2024-06-18,CROP,wheat,lentil,
ROSEWORTHY_S1.2_P2312_R1,2024-06-18,CROP,barley,,
ROSEWORTHY_S1.1_P2312_R1,2024-06-18,CROP,barley,,
ROSEWORTHY_S1.2_P2312_R2,2024-06-18,CROP,barley,,
ROSEWORTHY_S1.1_P2312_R2,2024-06-18,CROP,barley,,
ROSEWORTHY_S1.2_P2312_R3,2024-06-18,CROP,barley,,
ROSEWORTHY_S1.1_P2312_R3,2024-06-18,CROP,barley,,
ROSEWORTHY_S6_P0000_R1,2024-06-18,CROP,barley,,
ROSEWORTHY_S6_P0000_R2,2024-06-18,CROP,barley,,
ROSEWORTHY_S6_P0000_R3,2024-06-18,CROP,barley,,
ROSEWORTHY_S7_P0000_R1,2024-06-18,CROP,barley,,
ROSEWORTHY_S7_P0000_R2,2024-06-18,CROP,barley,,
ROSEWORTHY_S7_P0000_R3,2024-06-18,CROP,barley,,
ROSEWORTHY_S4_P2312_R1,2024-06-18,CROP,barley,fababean,
ROSEWORTHY_S4_P2312_R2,2024-06-18,CROP,barley,fababean,
ROSEWORTHY_S4_P2312_R3,2024-06-18,CROP,barley,fababean,
ROSEWORTHY_S8_P0212_R2,2024-06-18,CROP,canola,,
ROSEWORTHY_S8_P0212_R1,2024-06-18,CROP,canola,,
ROSEWORTHY_S8_P0212_R3,2024-06-18,CROP,canola,,
ROSEWORTHY_S4_P3123_R1,2024-06-18,CROP,canola,fieldpea,
ROSEWORTHY_S4_P3123_R2,2024-06-18,CROP,canola,fieldpea,
ROSEWORTHY_S4_P3123_R3,2024-06-18,CROP,canola,fieldpea,
ROSEWORTHY_S1.1_P3123_R1,2024-06-18,CROP,lentil,,
ROSEWORTHY_S2_P2121_R1,2024-06-18,CROP,lentil,,
ROSEWORTHY_S1.2_P3123_R1,2024-06-18,CROP,lentil,,
ROSEWORTHY_S2_P2121_R2,2024-06-18,CROP,lentil,,
ROSEWORTHY_S1.1_P3123_R2,2024-06-18,CROP,lentil,,
ROSEWORTHY_S1.2_P3123_R2,2024-06-18,CROP,lentil,,
ROSEWORTHY_S1.2_P3123_R3,2024-06-18,CROP,lentil,,
ROSEWORTHY_S1.1_P3123_R3,2024-06-18,CROP,lentil,,
ROSEWORTHY_S2_P2121_R3,2024-06-18,CROP,lentil,,
ROSEWORTHY_S8_P0121_R1,2024-06-18,CROP,lentil,,
ROSEWORTHY_S8_P0121_R3,2024-06-18,CROP,lentil,,
ROSEWORTHY_S8_P0121_R2,2024-06-18,CROP,lentil,,
ROSEWORTHY_S3_P2121_R1,2024-06-18,CROP,vetch,,
ROSEWORTHY_S3_P2121_R2,2024-06-18,CROP,vetch,,
ROSEWORTHY_S3_P2121_R3,2024-06-18,CROP,vetch,,
ROSEWORTHY_S8_P0121_R1,2024-11-21,FALLOW,lentil,,
ROSEWORTHY_S8_P0212_R2,2024-11-21,FALLOW,canola,,
ROSEWORTHY_S8_P0121_R3,2024-11-21,FALLOW,lentil,,
ROSEWORTHY_S8_P0212_R1,2024-11-21,FALLOW,canola,,
ROSEWORTHY_S8_P0121_R2,2024-11-21,FALLOW,lentil,,
ROSEWORTHY_S8_P0212_R3,2024-11-21,FALLOW,canola,,
ROSEWORTHY_S1.1_P3123_R1,2024-11-21,FALLOW,lentil,,
ROSEWORTHY_S1.1_P1231_R1,2024-11-21,FALLOW,wheat,,
ROSEWORTHY_S1.1_P2312_R1,2024-11-21,FALLOW,barley,,
ROSEWORTHY_S1.2_P2312_R1,2024-11-21,FALLOW,barley,,
ROSEWORTHY_S1.2_P3123_R1,2024-11-21,FALLOW,lentil,,
ROSEWORTHY_S1.2_P1231_R1,2024-11-21,FALLOW,wheat,,
ROSEWORTHY_S2_P1212_R1,2024-11-21,FALLOW,wheat,,
ROSEWORTHY_S2_P2121_R1,2024-11-21,FALLOW,lentil,,
ROSEWORTHY_S3_P2121_R1,2024-11-21,FALLOW,vetch,,
ROSEWORTHY_S3_P1212_R1,2024-11-21,FALLOW,wheat,,
ROSEWORTHY_S4_P3123_R1,2024-11-21,FALLOW,canola,fieldpea,
ROSEWORTHY_S4_P1231_R1,2024-11-21,FALLOW,wheat,lentil,
ROSEWORTHY_S4_P2312_R1,2024-11-21,FALLOW,barley,fababean,
ROSEWORTHY_S5_P0000_R1,2024-11-21,FALLOW,wheat,,
ROSEWORTHY_S6_P0000_R1,2024-11-21,FALLOW,barley,,
ROSEWORTHY_S7_P0000_R1,2024-11-21,FALLOW,barley,,
ROSEWORTHY_S1.1_P3123_R2,2024-11-21,FALLOW,lentil,,
ROSEWORTHY_S1.1_P2312_R2,2024-11-21,FALLOW,barley,,
ROSEWORTHY_S1.1_P1231_R2,2024-11-21,FALLOW,wheat,,
ROSEWORTHY_S1.2_P2312_R2,2024-11-21,FALLOW,barley,,
ROSEWORTHY_S1.2_P1231_R2,2024-11-21,FALLOW,wheat,,
ROSEWORTHY_S1.2_P3123_R2,2024-11-21,FALLOW,lentil,,
ROSEWORTHY_S2_P2121_R2,2024-11-21,FALLOW,lentil,,
ROSEWORTHY_S2_P1212_R2,2024-11-21,FALLOW,wheat,,
ROSEWORTHY_S3_P1212_R2,2024-11-21,FALLOW,wheat,,
ROSEWORTHY_S3_P2121_R2,2024-11-21,FALLOW,vetch,,
ROSEWORTHY_S4_P3123_R2,2024-11-21,FALLOW,canola,fieldpea,
ROSEWORTHY_S4_P2312_R2,2024-11-21,FALLOW,barley,fababean,
ROSEWORTHY_S4_P1231_R2,2024-11-21,FALLOW,wheat,lentil,
ROSEWORTHY_S5_P0000_R2,2024-11-21,FALLOW,wheat,,
ROSEWORTHY_S6_P0000_R2,2024-11-21,FALLOW,barley,,
ROSEWORTHY_S7_P0000_R2,2024-11-21,FALLOW,barley,,
ROSEWORTHY_S1.1_P1231_R3,2024-11-21,FALLOW,wheat,,
ROSEWORTHY_S1.1_P3123_R3,2024-11-21,FALLOW,lentil,,
ROSEWORTHY_S1.1_P2312_R3,2024-11-21,FALLOW,barley,,
ROSEWORTHY_S1.2_P3123_R3,2024-11-21,FALLOW,lentil,,
ROSEWORTHY_S1.2_P1231_R3,2024-11-21,FALLOW,wheat,,
ROSEWORTHY_S1.2_P2312_R3,2024-11-21,FALLOW,barley,,
ROSEWORTHY_S2_P1212_R3,2024-11-21,FALLOW,wheat,,
ROSEWORTHY_S2_P2121_R3,2024-11-21,FALLOW,lentil,,
ROSEWORTHY_S3_P1212_R3,2024-11-21,FALLOW,wheat,,
ROSEWORTHY_S3_P2121_R3,2024-11-21,FALLOW,vetch,,
ROSEWORTHY_S4_P2312_R3,2024-11-21,FALLOW,barley,fababean,
ROSEWORTHY_S4_P1231_R3,2024-11-21,FALLOW,wheat,lentil,
ROSEWORTHY_S4_P3123_R3,2024-11-21,FALLOW,canola,fieldpea,
ROSEWORTHY_S5_P0000_R3,2024-11-21,FALLOW,wheat,,
ROSEWORTHY_S6_P0000_R3,2024-11-21,FALLOW,barley,,
ROSEWORTHY_S7_P0000_R3,2024-11-21,FALLOW,barley,,
STREATHAM_S1.1_P1212_R1,2024-04-13,CROP,wheat,,
STREATHAM_S1.1_P1212_R2,2024-04-13,CROP,wheat,,
STREATHAM_S1.1_P1212_R3,2024-04-13,CROP,wheat,,
STREATHAM_S1.2_P1212_R1,2024-04-13,CROP,wheat,,
STREATHAM_S1.2_P1212_R2,2024-04-13,CROP,wheat,,
STREATHAM_S1.2_P1212_R3,2024-04-13,CROP,wheat,,
STREATHAM_S1.4_P1212_R1,2024-04-13,CROP,wheat,,
STREATHAM_S1.4_P1212_R2,2024-04-13,CROP,wheat,,
STREATHAM_S1.4_P1212_R3,2024-04-13,CROP,wheat,,
STREATHAM_S2.1_P3412_R1,2024-04-13,CROP,wheat,,
STREATHAM_S2.1_P2341_R1,2024-04-13,CROP,wheat,,
STREATHAM_S2.1_P2341_R2,2024-04-13,CROP,wheat,,
STREATHAM_S2.1_P3412_R2,2024-04-13,CROP,wheat,,
STREATHAM_S2.1_P2341_R3,2024-04-13,CROP,wheat,,
STREATHAM_S2.1_P3412_R3,2024-04-13,CROP,wheat,,
STREATHAM_S2.2_P3412_R1,2024-04-13,CROP,wheat,,
STREATHAM_S2.2_P2341_R1,2024-04-13,CROP,wheat,,
STREATHAM_S2.2_P3412_R2,2024-04-13,CROP,wheat,,
STREATHAM_S2.2_P2341_R2,2024-04-13,CROP,wheat,,
STREATHAM_S2.2_P2341_R3,2024-04-13,CROP,wheat,,
STREATHAM_S2.2_P3412_R3,2024-04-13,CROP,wheat,,
STREATHAM_S2.4_P3412_R1,2024-04-13,CROP,wheat,,
STREATHAM_S2.4_P2341_R1,2024-04-13,CROP,wheat,,
STREATHAM_S2.4_P3412_R2,2024-04-13,CROP,wheat,,
STREATHAM_S2.4_P2341_R2,2024-04-13,CROP,wheat,,
STREATHAM_S2.4_P2341_R3,2024-04-13,CROP,wheat,,
STREATHAM_S2.4_P3412_R3,2024-04-13,CROP,wheat,,
STREATHAM_S3_P1234_R1,2024-04-13,CROP,wheat,,
STREATHAM_S3_P3412_R1,2024-04-13,CROP,wheat,,
STREATHAM_S3_P3412_R2,2024-04-13,CROP,wheat,,
STREATHAM_S3_P1234_R2,2024-04-13,CROP,wheat,,
STREATHAM_S3_P3412_R3,2024-04-13,CROP,wheat,,
STREATHAM_S3_P1234_R3,2024-04-13,CROP,wheat,,
STREATHAM_S4_P2312_R1,2024-04-13,CROP,wheat,,
STREATHAM_S4_P2312_R2,2024-04-13,CROP,wheat,,
STREATHAM_S4_P2312_R3,2024-04-13,CROP,wheat,,
STREATHAM_S5_P1231_R1,2024-04-13,CROP,wheat,,
STREATHAM_S5_P1231_R2,2024-04-13,CROP,wheat,,
STREATHAM_S5_P1231_R3,2024-04-13,CROP,wheat,,
STREATHAM_S6.1_P2312_R1,2024-04-13,CROP,wheat,,
STREATHAM_S6.1_P2312_R2,2024-04-13,CROP,wheat,,
STREATHAM_S6.1_P2312_R3,2024-04-13,CROP,wheat,,
STREATHAM_S6.2_P2312_R1,2024-04-13,CROP,wheat,,
STREATHAM_S6.2_P2312_R2,2024-04-13,CROP,wheat,,
STREATHAM_S6.2_P2312_R3,2024-04-13,CROP,wheat,,
STREATHAM_S7_P3412_R1,2024-04-13,CROP,wheat,,
STREATHAM_S7_P3412_R2,2024-04-13,CROP,wheat,,
STREATHAM_S7_P3412_R3,2024-04-13,CROP,wheat,,
STREATHAM_S8_P2312_R1,2024-04-13,CROP,wheat,,
STREATHAM_S8_P2312_R2,2024-04-13,CROP,wheat,,
STREATHAM_S8_P2312_R3,2024-04-13,CROP,wheat,,
STREATHAM_S9.1_P1212_R1,2024-04-13,CROP,wheat,,
STREATHAM_S9.1_P1212_R2,2024-04-13,CROP,wheat,,
STREATHAM_S9.1_P1212_R3,2024-04-13,CROP,wheat,,
STREATHAM_S9.2_P1212_R1,2024-04-13,CROP,wheat,,
STREATHAM_S9.2_P1212_R2,2024-04-13,CROP,wheat,,
STREATHAM_S9.2_P1212_R3,2024-04-13,CROP,wheat,,
STREATHAM_S9.3_P1212_R1,2024-04-13,CROP,wheat,,
STREATHAM_S9.3_P1212_R2,2024-04-13,CROP,wheat,,
STREATHAM_S9.3_P1212_R3,2024-04-13,CROP,wheat,,
STREATHAM_S1.3_P1212_R1,2024-05-16,CROP,wheat,,
STREATHAM_S1.3_P1212_R2,2024-05-16,CROP,wheat,,
STREATHAM_S1.3_P1212_R3,2024-05-16,CROP,wheat,,
STREATHAM_S2.3_P3412_R1,2024-05-16,CROP,wheat,,
STREATHAM_S2.3_P2341_R1,2024-05-16,CROP,wheat,,
STREATHAM_S2.3_P2341_R2,2024-05-16,CROP,wheat,,
STREATHAM_S2.3_P3412_R2,2024-05-16,CROP,wheat,,
STREATHAM_S2.3_P2341_R3,2024-05-16,CROP,wheat,,
STREATHAM_S2.3_P3412_R3,2024-05-16,CROP,wheat,,
STREATHAM_S5_P2312_R1,2024-05-16,CROP,barley,,
STREATHAM_S5_P2312_R2,2024-05-16,CROP,barley,,
STREATHAM_S5_P2312_R3,2024-05-16,CROP,barley,,
STREATHAM_S1.1_P2121_R1,2024-04-11,CROP,canola,,
STREATHAM_S1.1_P2121_R2,2024-04-11,CROP,canola,,
STREATHAM_S1.1_P2121_R3,2024-04-11,CROP,canola,,
STREATHAM_S1.2_P2121_R1,2024-04-11,CROP,canola,,
STREATHAM_S1.2_P2121_R2,2024-04-11,CROP,canola,,
STREATHAM_S1.2_P2121_R3,2024-04-11,CROP,canola,,
STREATHAM_S1.4_P2121_R1,2024-04-11,CROP,canola,,
STREATHAM_S1.4_P2121_R2,2024-04-11,CROP,canola,,
STREATHAM_S1.4_P2121_R3,2024-04-11,CROP,canola,,
STREATHAM_S2.1_P1234_R1,2024-04-11,CROP,canola,,
STREATHAM_S2.1_P1234_R2,2024-04-11,CROP,canola,,
STREATHAM_S2.1_P1234_R3,2024-04-11,CROP,canola,,
STREATHAM_S2.2_P1234_R1,2024-04-11,CROP,canola,,
STREATHAM_S2.2_P1234_R2,2024-04-11,CROP,canola,,
STREATHAM_S2.2_P1234_R3,2024-04-11,CROP,canola,,
STREATHAM_S2.4_P1234_R1,2024-04-11,CROP,canola,,
STREATHAM_S2.4_P1234_R2,2024-04-11,CROP,canola,,
STREATHAM_S2.4_P1234_R3,2024-04-11,CROP,canola,,
STREATHAM_S1.3_P2121_R1,2024-05-01,CROP,canola,,
STREATHAM_S1.3_P2121_R2,2024-05-01,CROP,canola,,
STREATHAM_S1.3_P2121_R3,2024-05-01,CROP,canola,,
STREATHAM_S2.3_P1234_R1,2024-05-01,CROP,canola,,
STREATHAM_S2.3_P1234_R2,2024-05-01,CROP,canola,,
STREATHAM_S2.3_P1234_R3,2024-05-01,CROP,canola,,
STREATHAM_S3_P2341_R1,2024-04-11,CROP,canola,,
STREATHAM_S3_P2341_R2,2024-04-11,CROP,canola,,
STREATHAM_S3_P2341_R3,2024-04-11,CROP,canola,,
STREATHAM_S4_P1231_R1,2024-04-11,CROP,canola,,
STREATHAM_S4_P1231_R2,2024-04-11,CROP,canola,,
STREATHAM_S4_P1231_R3,2024-04-11,CROP,canola,,
STREATHAM_S5_P3123_R1,2024-04-11,CROP,canola,,
STREATHAM_S5_P3123_R2,2024-04-11,CROP,canola,,
STREATHAM_S5_P3123_R3,2024-04-11,CROP,canola,,
STREATHAM_S6.1_P1231_R1,2024-04-11,CROP,canola,,
STREATHAM_S6.1_P1231_R2,2024-04-11,CROP,canola,,
STREATHAM_S6.1_P1231_R3,2024-04-11,CROP,canola,,
STREATHAM_S6.2_P1231_R1,2024-04-11,CROP,canola,,
STREATHAM_S6.2_P1231_R2,2024-04-11,CROP,canola,,
STREATHAM_S6.2_P1231_R3,2024-04-11,CROP,canola,,
STREATHAM_S7_P2341_R1,2024-04-11,CROP,canola,,
STREATHAM_S7_P2341_R2,2024-04-11,CROP,canola,,
STREATHAM_S7_P2341_R3,2024-04-11,CROP,canola,,
STREATHAM_S8_P1231_R1,2024-04-11,CROP,canola,,
STREATHAM_S8_P1231_R2,2024-04-11,CROP,canola,,
STREATHAM_S8_P1231_R3,2024-04-11,CROP,canola,,
STREATHAM_S2.1_P4123_R1,2024-04-12,CROP,fababean,,
STREATHAM_S2.1_P4123_R2,2024-04-12,CROP,fababean,,
STREATHAM_S2.1_P4123_R3,2024-04-12,CROP,fababean,,
STREATHAM_S2.2_P4123_R1,2024-04-12,CROP,fababean,,
STREATHAM_S2.2_P4123_R2,2024-04-12,CROP,fababean,,
STREATHAM_S2.2_P4123_R3,2024-04-12,CROP,fababean,,
STREATHAM_S2.4_P4123_R1,2024-04-12,CROP,fababean,,
STREATHAM_S2.4_P4123_R2,2024-04-12,CROP,fababean,,
STREATHAM_S2.4_P4123_R3,2024-04-12,CROP,fababean,,
STREATHAM_S2.3_P4123_R1,2024-05-09,CROP,fababean,,
STREATHAM_S2.3_P4123_R2,2024-05-09,CROP,fababean,,
STREATHAM_S2.3_P4123_R3,2024-05-09,CROP,fababean,,
STREATHAM_S3_P4123_R1,2024-05-09,CROP,fababean,,
STREATHAM_S3_P4123_R2,2024-05-09,CROP,fababean,,
STREATHAM_S3_P4123_R3,2024-05-09,CROP,fababean,,
STREATHAM_S8_P3123_R1,2024-05-02,CROP,vetch,,
STREATHAM_S8_P3123_R2,2024-05-02,CROP,vetch,,
STREATHAM_S8_P3123_R3,2024-05-02,CROP,vetch,,
STREATHAM_S4_P3123_R1,2024-05-02,CROP,wheat,vetch,
STREATHAM_S4_P3123_R2,2024-05-02,CROP,wheat,vetch,
STREATHAM_S4_P3123_R3,2024-05-02,CROP,wheat,vetch,
STREATHAM_S10_P1212_R1,2024-05-02,CROP,wheat,vetch,
STREATHAM_S10_P1212_R2,2024-05-02,CROP,wheat,vetch,
STREATHAM_S10_P1212_R3,2024-05-02,CROP,wheat,vetch,
STREATHAM_S9.2_P2121_R1,2024-05-02,CROP,canola,fieldpea,
STREATHAM_S9.3_P2121_R1,2024-05-02,CROP,canola,fieldpea,
STREATHAM_S10_P2121_R1,2024-05-02,CROP,canola,fieldpea,
STREATHAM_S9.1_P2121_R1,2024-05-02,CROP,canola,fieldpea,
STREATHAM_S9.1_P2121_R2,2024-05-02,CROP,canola,fieldpea,
STREATHAM_S9.3_P2121_R2,2024-05-02,CROP,canola,fieldpea,
STREATHAM_S9.2_P2121_R2,2024-05-02,CROP,canola,fieldpea,
STREATHAM_S10_P2121_R2,2024-05-02,CROP,canola,fieldpea,
STREATHAM_S9.2_P2121_R3,2024-05-02,CROP,canola,fieldpea,
STREATHAM_S9.1_P2121_R3,2024-05-02,CROP,canola,fieldpea,
STREATHAM_S10_P2121_R3,2024-05-02,CROP,canola,fieldpea,
STREATHAM_S9.3_P2121_R3,2024-05-02,CROP,canola,fieldpea,
STREATHAM_S6.1_P3123_R1,2024-05-02,CROP,pasture,,
STREATHAM_S6.1_P3123_R2,2024-05-02,CROP,pasture,,
STREATHAM_S6.1_P3123_R3,2024-05-02,CROP,pasture,,
STREATHAM_S6.2_P3123_R1,2024-05-02,CROP,pasture,,
STREATHAM_S6.2_P3123_R2,2024-05-02,CROP,pasture,,
STREATHAM_S6.2_P3123_R3,2024-05-02,CROP,pasture,,
STREATHAM_S7_P4123_R1,2024-05-02,CROP,pasture,,
STREATHAM_S7_P4123_R2,2024-05-02,CROP,pasture,,
STREATHAM_S7_P4123_R3,2024-05-02,CROP,pasture,,
STREATHAM_S7_P1234_R1,2024-05-02,CROP,pasture,,
STREATHAM_S7_P1234_R2,2024-05-02,CROP,pasture,,
STREATHAM_S7_P1234_R3,2024-05-02,CROP,pasture,,
STREATHAM_S12_P0000_R1,2024-04-11,CROP,canola,,
STREATHAM_S12_P0000_R2,2024-04-11,CROP,canola,,
STREATHAM_S12_P0000_R3,2024-04-11,CROP,canola,,
STREATHAM_S11_P0000_R1,2024-04-11,CROP,canola,,
STREATHAM_S11_P0000_R2,2024-04-11,CROP,canola,,
STREATHAM_S11_P0000_R3,2024-04-11,CROP,canola,,
STREATHAM_S13_P0000_R1,2024-05-02,CROP,pasture,,
STREATHAM_S13_P0000_R2,2024-05-02,CROP,pasture,,
STREATHAM_S13_P0000_R3,2024-05-02,CROP,pasture,,
STREATHAM_S1.1_P1212_R1,2024-11-21,FALLOW,wheat,,
STREATHAM_S1.1_P2121_R1,2024-11-21,FALLOW,canola,,
STREATHAM_S1.1_P1212_R2,2024-11-21,FALLOW,wheat,,
STREATHAM_S1.1_P2121_R2,2024-11-21,FALLOW,canola,,
STREATHAM_S1.1_P1212_R3,2024-11-21,FALLOW,wheat,,
STREATHAM_S1.1_P2121_R3,2024-11-21,FALLOW,canola,,
STREATHAM_S1.2_P1212_R1,2024-11-21,FALLOW,wheat,,
STREATHAM_S1.2_P2121_R1,2024-11-21,FALLOW,canola,,
STREATHAM_S1.2_P1212_R2,2024-11-21,FALLOW,wheat,,
STREATHAM_S1.2_P2121_R2,2024-11-21,FALLOW,canola,,
STREATHAM_S1.2_P1212_R3,2024-11-21,FALLOW,wheat,,
STREATHAM_S1.2_P2121_R3,2024-11-21,FALLOW,canola,,
STREATHAM_S1.3_P1212_R1,2024-11-21,FALLOW,wheat,,
STREATHAM_S1.3_P2121_R1,2024-11-21,FALLOW,canola,,
STREATHAM_S1.3_P1212_R2,2024-11-21,FALLOW,wheat,,
STREATHAM_S1.3_P2121_R2,2024-11-21,FALLOW,canola,,
STREATHAM_S1.3_P1212_R3,2024-11-21,FALLOW,wheat,,
STREATHAM_S1.3_P2121_R3,2024-11-21,FALLOW,canola,,
STREATHAM_S1.4_P1212_R1,2024-11-21,FALLOW,wheat,,
STREATHAM_S1.4_P2121_R1,2024-11-21,FALLOW,canola,,
STREATHAM_S1.4_P1212_R2,2024-11-21,FALLOW,wheat,,
STREATHAM_S1.4_P2121_R2,2024-11-21,FALLOW,canola,,
STREATHAM_S1.4_P1212_R3,2024-11-21,FALLOW,wheat,,
STREATHAM_S1.4_P2121_R3,2024-11-21,FALLOW,canola,,
STREATHAM_S10_P1212_R1,2024-11-21,FALLOW,wheat,vetch,
STREATHAM_S10_P2121_R1,2024-11-21,FALLOW,canola,fieldpea,
STREATHAM_S10_P1212_R2,2024-11-21,FALLOW,wheat,vetch,
STREATHAM_S10_P2121_R2,2024-11-21,FALLOW,canola,fieldpea,
STREATHAM_S10_P1212_R3,2024-11-21,FALLOW,wheat,vetch,
STREATHAM_S10_P2121_R3,2024-11-21,FALLOW,canola,fieldpea,
STREATHAM_S11_P0000_R1,2024-11-21,FALLOW,canola,,
STREATHAM_S11_P0000_R2,2024-11-21,FALLOW,canola,,
STREATHAM_S11_P0000_R3,2024-11-21,FALLOW,canola,,
STREATHAM_S12_P0000_R1,2024-11-21,FALLOW,canola,,
STREATHAM_S12_P0000_R2,2024-11-21,FALLOW,canola,,
STREATHAM_S12_P0000_R3,2024-11-21,FALLOW,canola,,
STREATHAM_S13_P0000_R1,2024-11-21,FALLOW,pasture,,
STREATHAM_S13_P0000_R2,2024-11-21,FALLOW,pasture,,
STREATHAM_S13_P0000_R3,2024-11-21,FALLOW,pasture,,
STREATHAM_S2.1_P1234_R1,2024-11-21,FALLOW,canola,,
STREATHAM_S2.1_P2341_R1,2024-11-21,FALLOW,wheat,,
STREATHAM_S2.1_P3412_R1,2024-11-21,FALLOW,wheat,,
STREATHAM_S2.1_P4123_R1,2024-11-21,FALLOW,fababean,,
STREATHAM_S2.1_P1234_R2,2024-11-21,FALLOW,canola,,
STREATHAM_S2.1_P2341_R2,2024-11-21,FALLOW,wheat,,
STREATHAM_S2.1_P3412_R2,2024-11-21,FALLOW,wheat,,
STREATHAM_S2.1_P4123_R2,2024-11-21,FALLOW,fababean,,
STREATHAM_S2.1_P1234_R3,2024-11-21,FALLOW,canola,,
STREATHAM_S2.1_P2341_R3,2024-11-21,FALLOW,wheat,,
STREATHAM_S2.1_P3412_R3,2024-11-21,FALLOW,wheat,,
STREATHAM_S2.1_P4123_R3,2024-11-21,FALLOW,fababean,,
STREATHAM_S2.2_P1234_R1,2024-11-21,FALLOW,canola,,
STREATHAM_S2.2_P2341_R1,2024-11-21,FALLOW,wheat,,
STREATHAM_S2.2_P3412_R1,2024-11-21,FALLOW,wheat,,
STREATHAM_S2.2_P4123_R1,2024-11-21,FALLOW,fababean,,
STREATHAM_S2.2_P1234_R2,2024-11-21,FALLOW,canola,,
STREATHAM_S2.2_P2341_R2,2024-11-21,FALLOW,wheat,,
STREATHAM_S2.2_P3412_R2,2024-11-21,FALLOW,wheat,,
STREATHAM_S2.2_P4123_R2,2024-11-21,FALLOW,fababean,,
STREATHAM_S2.2_P1234_R3,2024-11-21,FALLOW,canola,,
STREATHAM_S2.2_P2341_R3,2024-11-21,FALLOW,wheat,,
STREATHAM_S2.2_P3412_R3,2024-11-21,FALLOW,wheat,,
STREATHAM_S2.2_P4123_R3,2024-11-21,FALLOW,fababean,,
STREATHAM_S2.3_P1234_R1,2024-11-21,FALLOW,canola,,
STREATHAM_S2.3_P2341_R1,2024-11-21,FALLOW,wheat,,
STREATHAM_S2.3_P3412_R1,2024-11-21,FALLOW,wheat,,
STREATHAM_S2.3_P4123_R1,2024-11-21,FALLOW,fababean,,
STREATHAM_S2.3_P1234_R2,2024-11-21,FALLOW,canola,,
STREATHAM_S2.3_P2341_R2,2024-11-21,FALLOW,wheat,,
STREATHAM_S2.3_P3412_R2,2024-11-21,FALLOW,wheat,,
STREATHAM_S2.3_P4123_R2,2024-11-21,FALLOW,fababean,,
STREATHAM_S2.3_P1234_R3,2024-11-21,FALLOW,canola,,
STREATHAM_S2.3_P2341_R3,2024-11-21,FALLOW,wheat,,
STREATHAM_S2.3_P3412_R3,2024-11-21,FALLOW,wheat,,
STREATHAM_S2.3_P4123_R3,2024-11-21,FALLOW,fababean,,
STREATHAM_S2.4_P1234_R1,2024-11-21,FALLOW,canola,,
STREATHAM_S2.4_P2341_R1,2024-11-21,FALLOW,wheat,,
STREATHAM_S2.4_P3412_R1,2024-11-21,FALLOW,wheat,,
STREATHAM_S2.4_P4123_R1,2024-11-21,FALLOW,fababean,,
STREATHAM_S2.4_P1234_R2,2024-11-21,FALLOW,canola,,
STREATHAM_S2.4_P2341_R2,2024-11-21,FALLOW,wheat,,
STREATHAM_S2.4_P3412_R2,2024-11-21,FALLOW,wheat,,
STREATHAM_S2.4_P4123_R2,2024-11-21,FALLOW,fababean,,
STREATHAM_S2.4_P1234_R3,2024-11-21,FALLOW,canola,,
STREATHAM_S2.4_P2341_R3,2024-11-21,FALLOW,wheat,,
STREATHAM_S2.4_P3412_R3,2024-11-21,FALLOW,wheat,,
STREATHAM_S2.4_P4123_R3,2024-11-21,FALLOW,fababean,,
STREATHAM_S3_P1234_R1,2024-11-21,FALLOW,wheat,,
STREATHAM_S3_P2341_R1,2024-11-21,FALLOW,canola,,
STREATHAM_S3_P3412_R1,2024-11-21,FALLOW,wheat,,
STREATHAM_S3_P4123_R1,2024-11-21,FALLOW,fababean,,
STREATHAM_S3_P1234_R2,2024-11-21,FALLOW,wheat,,
STREATHAM_S3_P2341_R2,2024-11-21,FALLOW,canola,,
STREATHAM_S3_P3412_R2,2024-11-21,FALLOW,wheat,,
STREATHAM_S3_P4123_R2,2024-11-21,FALLOW,fababean,,
STREATHAM_S3_P1234_R3,2024-11-21,FALLOW,wheat,,
STREATHAM_S3_P2341_R3,2024-11-21,FALLOW,canola,,
STREATHAM_S3_P3412_R3,2024-11-21,FALLOW,wheat,,
STREATHAM_S3_P4123_R3,2024-11-21,FALLOW,fababean,,
STREATHAM_S4_P1231_R1,2024-11-21,FALLOW,canola,,
STREATHAM_S4_P2312_R1,2024-11-21,FALLOW,wheat,,
STREATHAM_S4_P3123_R1,2024-11-21,FALLOW,vetch,wheat,
STREATHAM_S4_P1231_R2,2024-11-21,FALLOW,canola,,
STREATHAM_S4_P2312_R2,2024-11-21,FALLOW,wheat,,
STREATHAM_S4_P3123_R2,2024-11-21,FALLOW,vetch,wheat,
STREATHAM_S4_P1231_R3,2024-11-21,FALLOW,canola,,
STREATHAM_S4_P2312_R3,2024-11-21,FALLOW,wheat,,
STREATHAM_S4_P3123_R3,2024-11-21,FALLOW,vetch,wheat,
STREATHAM_S5_P1231_R1,2024-11-21,FALLOW,wheat,,
STREATHAM_S5_P2312_R1,2024-11-21,FALLOW,barley,,
STREATHAM_S5_P3123_R1,2024-11-21,FALLOW,canola,,
STREATHAM_S5_P1231_R2,2024-11-21,FALLOW,wheat,,
STREATHAM_S5_P2312_R2,2024-11-21,FALLOW,barley,,
STREATHAM_S5_P3123_R2,2024-11-21,FALLOW,canola,,
STREATHAM_S5_P1231_R3,2024-11-21,FALLOW,wheat,,
STREATHAM_S5_P2312_R3,2024-11-21,FALLOW,barley,,
STREATHAM_S5_P3123_R3,2024-11-21,FALLOW,canola,,
STREATHAM_S6.1_P1231_R1,2024-11-21,FALLOW,canola,,
STREATHAM_S6.1_P2312_R1,2024-11-21,FALLOW,wheat,,
STREATHAM_S6.1_P3123_R1,2024-11-21,FALLOW,pasture,,
STREATHAM_S6.1_P1231_R2,2024-11-21,FALLOW,canola,,
STREATHAM_S6.1_P2312_R2,2024-11-21,FALLOW,wheat,,
STREATHAM_S6.1_P3123_R2,2024-11-21,FALLOW,pasture,,
STREATHAM_S6.1_P1231_R3,2024-11-21,FALLOW,canola,,
STREATHAM_S6.1_P2312_R3,2024-11-21,FALLOW,wheat,,
STREATHAM_S6.1_P3123_R3,2024-11-21,FALLOW,pasture,,
STREATHAM_S6.2_P1231_R1,2024-11-21,FALLOW,canola,,
STREATHAM_S6.2_P2312_R1,2024-11-21,FALLOW,wheat,,
STREATHAM_S6.2_P3123_R1,2024-11-21,FALLOW,pasture,,
STREATHAM_S6.2_P1231_R2,2024-11-21,FALLOW,canola,,
STREATHAM_S6.2_P2312_R2,2024-11-21,FALLOW,wheat,,
STREATHAM_S6.2_P3123_R2,2024-11-21,FALLOW,pasture,,
STREATHAM_S6.2_P1231_R3,2024-11-21,FALLOW,canola,,
STREATHAM_S6.2_P2312_R3,2024-11-21,FALLOW,wheat,,
STREATHAM_S6.2_P3123_R3,2024-11-21,FALLOW,pasture,,
STREATHAM_S7_P1234_R1,2024-11-21,FALLOW,pasture,,
STREATHAM_S7_P2341_R1,2024-11-21,FALLOW,canola,,
STREATHAM_S7_P3412_R1,2024-11-21,FALLOW,wheat,,
STREATHAM_S7_P4123_R1,2024-11-21,FALLOW,pasture,,
STREATHAM_S7_P1234_R2,2024-11-21,FALLOW,pasture,,
STREATHAM_S7_P2341_R2,2024-11-21,FALLOW,canola,,
STREATHAM_S7_P3412_R2,2024-11-21,FALLOW,wheat,,
STREATHAM_S7_P4123_R2,2024-11-21,FALLOW,pasture,,
STREATHAM_S7_P1234_R3,2024-11-21,FALLOW,pasture,,
STREATHAM_S7_P2341_R3,2024-11-21,FALLOW,canola,,
STREATHAM_S7_P3412_R3,2024-11-21,FALLOW,wheat,,
STREATHAM_S7_P4123_R3,2024-11-21,FALLOW,pasture,,
STREATHAM_S8_P1231_R1,2024-11-21,FALLOW,canola,,
STREATHAM_S8_P2312_R1,2024-11-21,FALLOW,wheat,,
STREATHAM_S8_P3123_R1,2024-11-21,FALLOW,vetch,,
STREATHAM_S8_P1231_R2,2024-11-21,FALLOW,canola,,
STREATHAM_S8_P2312_R2,2024-11-21,FALLOW,wheat,,
STREATHAM_S8_P3123_R2,2024-11-21,FALLOW,vetch,,
STREATHAM_S8_P1231_R3,2024-11-21,FALLOW,canola,,
STREATHAM_S8_P2312_R3,2024-11-21,FALLOW,wheat,,
STREATHAM_S8_P3123_R3,2024-11-21,FALLOW,vetch,,
STREATHAM_S9.1_P1212_R1,2024-11-21,FALLOW,wheat,,
STREATHAM_S9.1_P2121_R1,2024-11-21,FALLOW,canola,fieldpea,
STREATHAM_S9.1_P1212_R2,2024-11-21,FALLOW,wheat,,
STREATHAM_S9.1_P2121_R2,2024-11-21,FALLOW,canola,fieldpea,
STREATHAM_S9.1_P1212_R3,2024-11-21,FALLOW,wheat,,
STREATHAM_S9.1_P2121_R3,2024-11-21,FALLOW,canola,fieldpea,
STREATHAM_S9.2_P1212_R1,2024-11-21,FALLOW,wheat,,
STREATHAM_S9.2_P2121_R1,2024-11-21,FALLOW,canola,fieldpea,
STREATHAM_S9.2_P1212_R2,2024-11-21,FALLOW,wheat,,
STREATHAM_S9.2_P2121_R2,2024-11-21,FALLOW,canola,fieldpea,
STREATHAM_S9.2_P1212_R3,2024-11-21,FALLOW,wheat,,
STREATHAM_S9.2_P2121_R3,2024-11-21,FALLOW,canola,fieldpea,
STREATHAM_S9.3_P1212_R1,2024-11-21,FALLOW,wheat,,
STREATHAM_S9.3_P2121_R1,2024-11-21,FALLOW,canola,fieldpea,
STREATHAM_S9.3_P1212_R2,2024-11-21,FALLOW,wheat,,
STREATHAM_S9.3_P2121_R2,2024-11-21,FALLOW,canola,fieldpea,
STREATHAM_S9.3_P1212_R3,2024-11-21,FALLOW,wheat,,
STREATHAM_S9.3_P2121_R3,2024-11-21,FALLOW,canola,fieldpea,
ROSEWORTHY_S1.1_P3123_R1,2025-05-30,CROP,wheat,,
ROSEWORTHY_S1.2_P3123_R1,2025-05-30,CROP,wheat,,
ROSEWORTHY_S1.1_P3123_R2,2025-05-30,CROP,wheat,,
ROSEWORTHY_S1.2_P3123_R2,2025-05-30,CROP,wheat,,
ROSEWORTHY_S1.2_P3123_R3,2025-05-30,CROP,wheat,,
ROSEWORTHY_S1.1_P3123_R3,2025-05-30,CROP,wheat,,
ROSEWORTHY_S4_P3123_R1,2025-05-30,CROP,wheat,lentil,
ROSEWORTHY_S4_P3123_R2,2025-05-30,CROP,wheat,lentil,
ROSEWORTHY_S4_P3123_R3,2025-05-30,CROP,wheat,lentil,
ROSEWORTHY_S1.1_P1231_R1,2025-05-30,CROP,barley,,
ROSEWORTHY_S1.2_P1231_R1,2025-05-30,CROP,barley,,
ROSEWORTHY_S1.1_P1231_R2,2025-05-30,CROP,barley,,
ROSEWORTHY_S1.2_P1231_R2,2025-05-30,CROP,barley,,
ROSEWORTHY_S1.1_P1231_R3,2025-05-30,CROP,barley,,
ROSEWORTHY_S1.2_P1231_R3,2025-05-30,CROP,barley,,
ROSEWORTHY_S4_P1231_R1,2025-05-30,CROP,barley,fababean,
ROSEWORTHY_S4_P1231_R2,2025-05-30,CROP,barley,fababean,
ROSEWORTHY_S4_P1231_R3,2025-05-30,CROP,barley,fababean,
ROSEWORTHY_S5_P0000_R1,2025-05-30,CROP,canola,,
ROSEWORTHY_S5_P0000_R2,2025-05-30,CROP,canola,,
ROSEWORTHY_S5_P0000_R3,2025-05-30,CROP,canola,,
ROSEWORTHY_S8_P0121_R1,2025-05-30,CROP,canola,,
ROSEWORTHY_S8_P0121_R3,2025-05-30,CROP,canola,,
ROSEWORTHY_S8_P0121_R2,2025-05-30,CROP,canola,,
ROSEWORTHY_S4_P2312_R1,2025-05-30,CROP,canola,fieldpea,
ROSEWORTHY_S4_P2312_R2,2025-05-30,CROP,canola,fieldpea,
ROSEWORTHY_S4_P2312_R3,2025-05-30,CROP,canola,fieldpea,
ROSEWORTHY_S1.2_P2312_R1,2025-05-30,CROP,lentil,,
ROSEWORTHY_S7_P0000_R1,2025-05-30,CROP,lentil,,
ROSEWORTHY_S2_P1212_R1,2025-05-30,CROP,lentil,,
ROSEWORTHY_S6_P0000_R1,2025-05-30,CROP,lentil,,
ROSEWORTHY_S1.1_P2312_R1,2025-05-30,CROP,lentil,,
ROSEWORTHY_S2_P1212_R2,2025-05-30,CROP,lentil,,
ROSEWORTHY_S1.2_P2312_R2,2025-05-30,CROP,lentil,,
ROSEWORTHY_S1.1_P2312_R2,2025-05-30,CROP,lentil,,
ROSEWORTHY_S7_P0000_R2,2025-05-30,CROP,lentil,,
ROSEWORTHY_S6_P0000_R2,2025-05-30,CROP,lentil,,
ROSEWORTHY_S2_P1212_R3,2025-05-30,CROP,lentil,,
ROSEWORTHY_S7_P0000_R3,2025-05-30,CROP,lentil,,
ROSEWORTHY_S6_P0000_R3,2025-05-30,CROP,lentil,,
ROSEWORTHY_S1.2_P2312_R3,2025-05-30,CROP,lentil,,
ROSEWORTHY_S1.1_P2312_R3,2025-05-30,CROP,lentil,,
ROSEWORTHY_S8_P0212_R2,2025-05-30,CROP,lentil,,
ROSEWORTHY_S8_P0212_R1,2025-05-30,CROP,lentil,,
ROSEWORTHY_S8_P0212_R3,2025-05-30,CROP,lentil,,
ROSEWORTHY_S3_P1212_R1,2025-05-30,CROP,vetch,,
ROSEWORTHY_S3_P1212_R2,2025-05-30,CROP,vetch,,
ROSEWORTHY_S3_P1212_R3,2025-05-30,CROP,vetch,,
ROSEWORTHY_S3_P2121_R1,2025-05-30,CROP,wheat,,
ROSEWORTHY_S2_P2121_R1,2025-05-30,CROP,wheat,,
ROSEWORTHY_S2_P2121_R2,2025-05-30,CROP,wheat,,
ROSEWORTHY_S3_P2121_R2,2025-05-30,CROP,wheat,,
ROSEWORTHY_S3_P2121_R3,2025-05-30,CROP,wheat,,
ROSEWORTHY_S2_P2121_R3,2025-05-30,CROP,wheat,,
ROSEWORTHY_S1.1_P1231_R1,2025-11-15,FALLOW,barley,,
ROSEWORTHY_S1.1_P1231_R2,2025-11-15,FALLOW,barley,,
ROSEWORTHY_S1.1_P1231_R3,2025-11-15,FALLOW,barley,,
ROSEWORTHY_S1.1_P2312_R1,2025-11-15,FALLOW,lentil,,
ROSEWORTHY_S1.1_P2312_R2,2025-11-15,FALLOW,lentil,,
ROSEWORTHY_S1.1_P2312_R3,2025-11-15,FALLOW,lentil,,
ROSEWORTHY_S1.1_P3123_R1,2025-11-15,FALLOW,wheat,,
ROSEWORTHY_S1.1_P3123_R2,2025-11-15,FALLOW,wheat,,
ROSEWORTHY_S1.1_P3123_R3,2025-11-15,FALLOW,wheat,,
ROSEWORTHY_S1.2_P1231_R1,2025-11-15,FALLOW,barley,,
ROSEWORTHY_S1.2_P1231_R2,2025-11-15,FALLOW,barley,,
ROSEWORTHY_S1.2_P1231_R3,2025-11-15,FALLOW,barley,,
ROSEWORTHY_S1.2_P2312_R1,2025-11-15,FALLOW,lentil,,
ROSEWORTHY_S1.2_P2312_R2,2025-11-15,FALLOW,lentil,,
ROSEWORTHY_S1.2_P2312_R3,2025-11-15,FALLOW,lentil,,
ROSEWORTHY_S1.2_P3123_R1,2025-11-15,FALLOW,wheat,,
ROSEWORTHY_S1.2_P3123_R2,2025-11-15,FALLOW,wheat,,
ROSEWORTHY_S1.2_P3123_R3,2025-11-15,FALLOW,wheat,,
ROSEWORTHY_S2_P1212_R1,2025-11-15,FALLOW,lentil,,
ROSEWORTHY_S2_P1212_R2,2025-11-15,FALLOW,lentil,,
ROSEWORTHY_S2_P1212_R3,2025-11-15,FALLOW,lentil,,
ROSEWORTHY_S2_P2121_R1,2025-11-15,FALLOW,wheat,,
ROSEWORTHY_S2_P2121_R2,2025-11-15,FALLOW,wheat,,
ROSEWORTHY_S2_P2121_R3,2025-11-15,FALLOW,wheat,,
ROSEWORTHY_S3_P1212_R1,2025-11-15,FALLOW,vetch,,
ROSEWORTHY_S3_P1212_R2,2025-11-15,FALLOW,vetch,,
ROSEWORTHY_S3_P1212_R3,2025-11-15,FALLOW,vetch,,
ROSEWORTHY_S3_P2121_R1,2025-11-15,FALLOW,wheat,,
ROSEWORTHY_S3_P2121_R2,2025-11-15,FALLOW,wheat,,
ROSEWORTHY_S3_P2121_R3,2025-11-15,FALLOW,wheat,,
ROSEWORTHY_S4_P1231_R1,2025-11-15,FALLOW,barley,fababean,
ROSEWORTHY_S4_P1231_R2,2025-11-15,FALLOW,barley,fababean,
ROSEWORTHY_S4_P1231_R3,2025-11-15,FALLOW,barley,fababean,
ROSEWORTHY_S4_P2312_R1,2025-11-15,FALLOW,canola,fieldpea,
ROSEWORTHY_S4_P2312_R2,2025-11-15,FALLOW,canola,fieldpea,
ROSEWORTHY_S4_P2312_R3,2025-11-15,FALLOW,canola,fieldpea,
ROSEWORTHY_S4_P3123_R1,2025-11-15,FALLOW,wheat,lentil,
ROSEWORTHY_S4_P3123_R2,2025-11-15,FALLOW,wheat,lentil,
ROSEWORTHY_S4_P3123_R3,2025-11-15,FALLOW,wheat,lentil,
ROSEWORTHY_S5_P0000_R1,2025-11-15,FALLOW,canola,,
ROSEWORTHY_S5_P0000_R2,2025-11-15,FALLOW,canola,,
ROSEWORTHY_S5_P0000_R3,2025-11-15,FALLOW,canola,,
ROSEWORTHY_S6_P0000_R1,2025-11-15,FALLOW,lentil,,
ROSEWORTHY_S6_P0000_R2,2025-11-15,FALLOW,lentil,,
ROSEWORTHY_S6_P0000_R3,2025-11-15,FALLOW,lentil,,
ROSEWORTHY_S7_P0000_R1,2025-11-15,FALLOW,lentil,,
ROSEWORTHY_S7_P0000_R2,2025-11-15,FALLOW,lentil,,
ROSEWORTHY_S7_P0000_R3,2025-11-15,FALLOW,lentil,,
ROSEWORTHY_S8_P0121_R1,2025-11-15,FALLOW,canola,,
ROSEWORTHY_S8_P0121_R2,2025-11-15,FALLOW,canola,,
ROSEWORTHY_S8_P0121_R3,2025-11-15,FALLOW,canola,,
ROSEWORTHY_S8_P0212_R1,2025-11-15,FALLOW,lentil,,
ROSEWORTHY_S8_P0212_R2,2025-11-15,FALLOW,lentil,,
ROSEWORTHY_S8_P0212_R3,2025-11-15,FALLOW,lentil,,
STREATHAM_S9.2_P2121_R1,2025-04-25,CROP,wheat,,
STREATHAM_S2.2_P1234_R1,2025-04-25,CROP,wheat,,
STREATHAM_S1.4_P2121_R1,2025-04-25,CROP,wheat,,
STREATHAM_S9.3_P2121_R1,2025-04-25,CROP,wheat,,
STREATHAM_S7_P2341_R1,2025-04-25,CROP,wheat,,
STREATHAM_S2.4_P1234_R1,2025-04-25,CROP,wheat,,
STREATHAM_S3_P2341_R1,2025-04-25,CROP,wheat,,
STREATHAM_S1.2_P2121_R1,2025-04-25,CROP,wheat,,
STREATHAM_S2.1_P2341_R1,2025-04-25,CROP,wheat,,
STREATHAM_S2.1_P1234_R1,2025-04-25,CROP,wheat,,
STREATHAM_S8_P1231_R1,2025-04-25,CROP,wheat,,
STREATHAM_S6.2_P1231_R1,2025-04-25,CROP,wheat,,
STREATHAM_S4_P1231_R1,2025-04-25,CROP,wheat,,
STREATHAM_S2.4_P2341_R1,2025-04-25,CROP,wheat,,
STREATHAM_S5_P3123_R1,2025-04-25,CROP,wheat,,
STREATHAM_S6.1_P1231_R1,2025-04-25,CROP,wheat,,
STREATHAM_S1.1_P2121_R1,2025-04-25,CROP,wheat,,
STREATHAM_S9.1_P2121_R1,2025-04-25,CROP,wheat,,
STREATHAM_S3_P4123_R1,2025-04-25,CROP,wheat,,
STREATHAM_S2.2_P2341_R1,2025-04-25,CROP,wheat,,
STREATHAM_S8_P1231_R2,2025-04-25,CROP,wheat,,
STREATHAM_S3_P2341_R2,2025-04-25,CROP,wheat,,
STREATHAM_S1.1_P2121_R2,2025-04-25,CROP,wheat,,
STREATHAM_S9.1_P2121_R2,2025-04-25,CROP,wheat,,
STREATHAM_S2.4_P1234_R2,2025-04-25,CROP,wheat,,
STREATHAM_S1.4_P2121_R2,2025-04-25,CROP,wheat,,
STREATHAM_S9.3_P2121_R2,2025-04-25,CROP,wheat,,
STREATHAM_S2.1_P2341_R2,2025-04-25,CROP,wheat,,
STREATHAM_S6.1_P1231_R2,2025-04-25,CROP,wheat,,
STREATHAM_S2.1_P1234_R2,2025-04-25,CROP,wheat,,
STREATHAM_S3_P4123_R2,2025-04-25,CROP,wheat,,
STREATHAM_S9.2_P2121_R2,2025-04-25,CROP,wheat,,
STREATHAM_S2.2_P1234_R2,2025-04-25,CROP,wheat,,
STREATHAM_S7_P2341_R2,2025-04-25,CROP,wheat,,
STREATHAM_S6.2_P1231_R2,2025-04-25,CROP,wheat,,
STREATHAM_S2.4_P2341_R2,2025-04-25,CROP,wheat,,
STREATHAM_S2.2_P2341_R2,2025-04-25,CROP,wheat,,
STREATHAM_S1.2_P2121_R2,2025-04-25,CROP,wheat,,
STREATHAM_S5_P3123_R2,2025-04-25,CROP,wheat,,
STREATHAM_S4_P1231_R2,2025-04-25,CROP,wheat,,
STREATHAM_S2.4_P2341_R3,2025-04-25,CROP,wheat,,
STREATHAM_S2.1_P2341_R3,2025-04-25,CROP,wheat,,
STREATHAM_S9.2_P2121_R3,2025-04-25,CROP,wheat,,
STREATHAM_S9.1_P2121_R3,2025-04-25,CROP,wheat,,
STREATHAM_S2.2_P2341_R3,2025-04-25,CROP,wheat,,
STREATHAM_S1.4_P2121_R3,2025-04-25,CROP,wheat,,
STREATHAM_S2.4_P1234_R3,2025-04-25,CROP,wheat,,
STREATHAM_S6.1_P1231_R3,2025-04-25,CROP,wheat,,
STREATHAM_S5_P3123_R3,2025-04-25,CROP,wheat,,
STREATHAM_S1.2_P2121_R3,2025-04-25,CROP,wheat,,
STREATHAM_S8_P1231_R3,2025-04-25,CROP,wheat,,
STREATHAM_S3_P4123_R3,2025-04-25,CROP,wheat,,
STREATHAM_S7_P2341_R3,2025-04-25,CROP,wheat,,
STREATHAM_S2.1_P1234_R3,2025-04-25,CROP,wheat,,
STREATHAM_S4_P1231_R3,2025-04-25,CROP,wheat,,
STREATHAM_S3_P2341_R3,2025-04-25,CROP,wheat,,
STREATHAM_S1.1_P2121_R3,2025-04-25,CROP,wheat,,
STREATHAM_S6.2_P1231_R3,2025-04-25,CROP,wheat,,
STREATHAM_S2.2_P1234_R3,2025-04-25,CROP,wheat,,
STREATHAM_S9.3_P2121_R3,2025-04-25,CROP,wheat,,
STREATHAM_S2.3_P1234_R1,2025-05-08,CROP,wheat,,
STREATHAM_S1.3_P2121_R1,2025-05-08,CROP,wheat,,
STREATHAM_S2.3_P2341_R1,2025-05-08,CROP,wheat,,
STREATHAM_S2.3_P1234_R2,2025-05-08,CROP,wheat,,
STREATHAM_S1.3_P2121_R2,2025-05-08,CROP,wheat,,
STREATHAM_S2.3_P2341_R2,2025-05-08,CROP,wheat,,
STREATHAM_S1.3_P2121_R3,2025-05-08,CROP,wheat,,
STREATHAM_S2.3_P2341_R3,2025-05-08,CROP,wheat,,
STREATHAM_S2.3_P1234_R3,2025-05-08,CROP,wheat,,
STREATHAM_S5_P1231_R1,2025-05-27,CROP,barley,,
STREATHAM_S5_P1231_R2,2025-05-27,CROP,barley,,
STREATHAM_S5_P1231_R3,2025-05-27,CROP,barley,,
STREATHAM_S4_P3123_R1,2025-04-22,CROP,canola,,
STREATHAM_S8_P3123_R1,2025-04-22,CROP,canola,,
STREATHAM_S1.1_P1212_R1,2025-04-22,CROP,canola,,
STREATHAM_S3_P1234_R1,2025-04-22,CROP,canola,,
STREATHAM_S7_P1234_R1,2025-04-22,CROP,canola,,
STREATHAM_S6.1_P3123_R1,2025-04-22,CROP,canola,,
STREATHAM_S5_P2312_R1,2025-04-22,CROP,canola,,
STREATHAM_S2.2_P4123_R1,2025-04-22,CROP,canola,,
STREATHAM_S2.4_P4123_R1,2025-04-22,CROP,canola,,
STREATHAM_S6.2_P3123_R1,2025-04-22,CROP,canola,,
STREATHAM_S1.4_P1212_R1,2025-04-22,CROP,canola,,
STREATHAM_S1.2_P1212_R1,2025-04-22,CROP,canola,,
STREATHAM_S2.1_P4123_R1,2025-04-22,CROP,canola,,
STREATHAM_S2.1_P4123_R2,2025-04-22,CROP,canola,,
STREATHAM_S1.2_P1212_R2,2025-04-22,CROP,canola,,
STREATHAM_S4_P3123_R2,2025-04-22,CROP,canola,,
STREATHAM_S2.2_P4123_R2,2025-04-22,CROP,canola,,
STREATHAM_S7_P1234_R2,2025-04-22,CROP,canola,,
STREATHAM_S3_P1234_R2,2025-04-22,CROP,canola,,
STREATHAM_S1.4_P1212_R2,2025-04-22,CROP,canola,,
STREATHAM_S2.4_P4123_R2,2025-04-22,CROP,canola,,
STREATHAM_S8_P3123_R2,2025-04-22,CROP,canola,,
STREATHAM_S6.2_P3123_R2,2025-04-22,CROP,canola,,
STREATHAM_S1.1_P1212_R2,2025-04-22,CROP,canola,,
STREATHAM_S5_P2312_R2,2025-04-22,CROP,canola,,
STREATHAM_S6.1_P3123_R2,2025-04-22,CROP,canola,,
STREATHAM_S7_P1234_R3,2025-04-22,CROP,canola,,
STREATHAM_S2.1_P4123_R3,2025-04-22,CROP,canola,,
STREATHAM_S4_P3123_R3,2025-04-22,CROP,canola,,
STREATHAM_S8_P3123_R3,2025-04-22,CROP,canola,,
STREATHAM_S6.2_P3123_R3,2025-04-22,CROP,canola,,
STREATHAM_S1.2_P1212_R3,2025-04-22,CROP,canola,,
STREATHAM_S2.2_P4123_R3,2025-04-22,CROP,canola,,
STREATHAM_S1.1_P1212_R3,2025-04-22,CROP,canola,,
STREATHAM_S2.4_P4123_R3,2025-04-22,CROP,canola,,
STREATHAM_S3_P1234_R3,2025-04-22,CROP,canola,,
STREATHAM_S5_P2312_R3,2025-04-22,CROP,canola,,
STREATHAM_S1.4_P1212_R3,2025-04-22,CROP,canola,,
STREATHAM_S6.1_P3123_R3,2025-04-22,CROP,canola,,
STREATHAM_S2.3_P4123_R1,2025-05-09,CROP,canola,,
STREATHAM_S1.3_P1212_R1,2025-05-09,CROP,canola,,
STREATHAM_S1.3_P1212_R2,2025-05-09,CROP,canola,,
STREATHAM_S2.3_P4123_R2,2025-05-09,CROP,canola,,
STREATHAM_S1.3_P1212_R3,2025-05-09,CROP,canola,,
STREATHAM_S2.3_P4123_R3,2025-05-09,CROP,canola,,
STREATHAM_S2.1_P3412_R1,2025-04-22,CROP,fababean,,
STREATHAM_S2.4_P3412_R1,2025-04-22,CROP,fababean,,
STREATHAM_S2.2_P3412_R1,2025-04-22,CROP,fababean,,
STREATHAM_S3_P3412_R1,2025-04-22,CROP,fababean,,
STREATHAM_S2.2_P3412_R2,2025-04-22,CROP,fababean,,
STREATHAM_S3_P3412_R2,2025-04-22,CROP,fababean,,
STREATHAM_S2.4_P3412_R2,2025-04-22,CROP,fababean,,
STREATHAM_S2.1_P3412_R2,2025-04-22,CROP,fababean,,
STREATHAM_S3_P3412_R3,2025-04-22,CROP,fababean,,
STREATHAM_S2.2_P3412_R3,2025-04-22,CROP,fababean,,
STREATHAM_S2.4_P3412_R3,2025-04-22,CROP,fababean,,
STREATHAM_S2.1_P3412_R3,2025-04-22,CROP,fababean,,
STREATHAM_S2.3_P3412_R1,2025-05-08,CROP,fababean,,
STREATHAM_S2.3_P3412_R2,2025-05-08,CROP,fababean,,
STREATHAM_S2.3_P3412_R3,2025-05-08,CROP,fababean,,
STREATHAM_S8_P2312_R1,2025-04-17,CROP,vetch,,
STREATHAM_S8_P2312_R2,2025-04-17,CROP,vetch,,
STREATHAM_S8_P2312_R3,2025-04-17,CROP,vetch,,
STREATHAM_S4_P2312_R1,2025-04-17,CROP,wheat,vetch,
STREATHAM_S4_P2312_R2,2025-04-17,CROP,wheat,vetch,
STREATHAM_S4_P2312_R3,2025-04-17,CROP,wheat,vetch,
STREATHAM_S10_P2121_R1,2025-04-17,CROP,wheat,vetch,
STREATHAM_S10_P2121_R2,2025-04-17,CROP,wheat,vetch,
STREATHAM_S10_P2121_R3,2025-04-17,CROP,wheat,vetch,
STREATHAM_S9.1_P1212_R1,2025-04-22,CROP,canola,fieldpea,
STREATHAM_S9.3_P1212_R1,2025-04-22,CROP,canola,fieldpea,
STREATHAM_S10_P1212_R1,2025-04-22,CROP,canola,fieldpea,
STREATHAM_S9.2_P1212_R1,2025-04-22,CROP,canola,fieldpea,
STREATHAM_S10_P1212_R2,2025-04-22,CROP,canola,fieldpea,
STREATHAM_S9.2_P1212_R2,2025-04-22,CROP,canola,fieldpea,
STREATHAM_S9.3_P1212_R2,2025-04-22,CROP,canola,fieldpea,
STREATHAM_S9.1_P1212_R2,2025-04-22,CROP,canola,fieldpea,
STREATHAM_S9.3_P1212_R3,2025-04-22,CROP,canola,fieldpea,
STREATHAM_S10_P1212_R3,2025-04-22,CROP,canola,fieldpea,
STREATHAM_S9.2_P1212_R3,2025-04-22,CROP,canola,fieldpea,
STREATHAM_S9.1_P1212_R3,2025-04-22,CROP,canola,fieldpea,
STREATHAM_S6.1_P2312_R1,2025-05-08,CROP,pasture,,
STREATHAM_S6.1_P2312_R2,2025-05-08,CROP,pasture,,
STREATHAM_S6.1_P2312_R3,2025-05-08,CROP,pasture,,
STREATHAM_S6.2_P2312_R1,2025-05-08,CROP,pasture,,
STREATHAM_S6.2_P2312_R2,2025-05-08,CROP,pasture,,
STREATHAM_S6.2_P2312_R3,2025-05-08,CROP,pasture,,
STREATHAM_S7_P3412_R1,2025-04-17,CROP,pasture,,
STREATHAM_S7_P3412_R2,2025-04-17,CROP,pasture,,
STREATHAM_S7_P3412_R3,2025-04-17,CROP,pasture,,
STREATHAM_S11_P0000_R1,2025-05-08,CROP,wheat,,
STREATHAM_S11_P0000_R2,2025-05-08,CROP,wheat,,
STREATHAM_S11_P0000_R3,2025-05-08,CROP,wheat,,
STREATHAM_S12_P0000_R1,2025-05-08,CROP,fababean,,
STREATHAM_S12_P0000_R2,2025-05-08,CROP,fababean,,
STREATHAM_S12_P0000_R3,2025-05-08,CROP,fababean,,
STREATHAM_S13_P0000_R1,2025-05-08,CROP,pasture,,
STREATHAM_S13_P0000_R2,2025-05-08,CROP,pasture,,
STREATHAM_S13_P0000_R3,2025-05-08,CROP,pasture,,
STREATHAM_S1.1_P1212_R1,2025-11-15,FALLOW,canola,,
STREATHAM_S1.1_P1212_R2,2025-11-15,FALLOW,canola,,
STREATHAM_S1.1_P1212_R3,2025-11-15,FALLOW,canola,,
STREATHAM_S1.1_P2121_R1,2025-11-15,FALLOW,wheat,,
STREATHAM_S1.1_P2121_R2,2025-11-15,FALLOW,wheat,,
STREATHAM_S1.1_P2121_R3,2025-11-15,FALLOW,wheat,,
STREATHAM_S1.2_P1212_R1,2025-11-15,FALLOW,canola,,
STREATHAM_S1.2_P1212_R2,2025-11-15,FALLOW,canola,,
STREATHAM_S1.2_P1212_R3,2025-11-15,FALLOW,canola,,
STREATHAM_S1.2_P2121_R1,2025-11-15,FALLOW,wheat,,
STREATHAM_S1.2_P2121_R2,2025-11-15,FALLOW,wheat,,
STREATHAM_S1.2_P2121_R3,2025-11-15,FALLOW,wheat,,
STREATHAM_S1.3_P1212_R1,2025-11-15,FALLOW,canola,,
STREATHAM_S1.3_P1212_R2,2025-11-15,FALLOW,canola,,
STREATHAM_S1.3_P1212_R3,2025-11-15,FALLOW,canola,,
STREATHAM_S1.3_P2121_R1,2025-11-15,FALLOW,wheat,,
STREATHAM_S1.3_P2121_R2,2025-11-15,FALLOW,wheat,,
STREATHAM_S1.3_P2121_R3,2025-11-15,FALLOW,wheat,,
STREATHAM_S1.4_P1212_R1,2025-11-15,FALLOW,canola,,
STREATHAM_S1.4_P1212_R2,2025-11-15,FALLOW,canola,,
STREATHAM_S1.4_P1212_R3,2025-11-15,FALLOW,canola,,
STREATHAM_S1.4_P2121_R1,2025-11-15,FALLOW,wheat,,
STREATHAM_S1.4_P2121_R2,2025-11-15,FALLOW,wheat,,
STREATHAM_S1.4_P2121_R3,2025-11-15,FALLOW,wheat,,
STREATHAM_S10_P1212_R1,2025-11-15,FALLOW,canola,fieldpea,
STREATHAM_S10_P1212_R2,2025-11-15,FALLOW,canola,fieldpea,
STREATHAM_S10_P1212_R3,2025-11-15,FALLOW,canola,fieldpea,
STREATHAM_S10_P2121_R1,2025-11-15,FALLOW,wheat,vetch,
STREATHAM_S10_P2121_R2,2025-11-15,FALLOW,wheat,vetch,
STREATHAM_S10_P2121_R3,2025-11-15,FALLOW,wheat,vetch,
STREATHAM_S11_P0000_R1,2025-11-15,FALLOW,wheat,,
STREATHAM_S11_P0000_R2,2025-11-15,FALLOW,wheat,,
STREATHAM_S11_P0000_R3,2025-11-15,FALLOW,wheat,,
STREATHAM_S12_P0000_R1,2025-11-15,FALLOW,fababean,,
STREATHAM_S12_P0000_R2,2025-11-15,FALLOW,fababean,,
STREATHAM_S12_P0000_R3,2025-11-15,FALLOW,fababean,,
STREATHAM_S13_P0000_R1,2025-11-15,FALLOW,pasture,,
STREATHAM_S13_P0000_R2,2025-11-15,FALLOW,pasture,,
STREATHAM_S13_P0000_R3,2025-11-15,FALLOW,pasture,,
STREATHAM_S2.1_P1234_R1,2025-11-15,FALLOW,wheat,,
STREATHAM_S2.1_P1234_R2,2025-11-15,FALLOW,wheat,,
STREATHAM_S2.1_P1234_R3,2025-11-15,FALLOW,wheat,,
STREATHAM_S2.1_P2341_R1,2025-11-15,FALLOW,wheat,,
STREATHAM_S2.1_P2341_R2,2025-11-15,FALLOW,wheat,,
STREATHAM_S2.1_P2341_R3,2025-11-15,FALLOW,wheat,,
STREATHAM_S2.1_P3412_R1,2025-11-15,FALLOW,fababean,,
STREATHAM_S2.1_P3412_R2,2025-11-15,FALLOW,fababean,,
STREATHAM_S2.1_P3412_R3,2025-11-15,FALLOW,fababean,,
STREATHAM_S2.1_P4123_R1,2025-11-15,FALLOW,canola,,
STREATHAM_S2.1_P4123_R2,2025-11-15,FALLOW,canola,,
STREATHAM_S2.1_P4123_R3,2025-11-15,FALLOW,canola,,
STREATHAM_S2.2_P1234_R1,2025-11-15,FALLOW,wheat,,
STREATHAM_S2.2_P1234_R2,2025-11-15,FALLOW,wheat,,
STREATHAM_S2.2_P1234_R3,2025-11-15,FALLOW,wheat,,
STREATHAM_S2.2_P2341_R1,2025-11-15,FALLOW,wheat,,
STREATHAM_S2.2_P2341_R2,2025-11-15,FALLOW,wheat,,
STREATHAM_S2.2_P2341_R3,2025-11-15,FALLOW,wheat,,
STREATHAM_S2.2_P3412_R1,2025-11-15,FALLOW,fababean,,
STREATHAM_S2.2_P3412_R2,2025-11-15,FALLOW,fababean,,
STREATHAM_S2.2_P3412_R3,2025-11-15,FALLOW,fababean,,
STREATHAM_S2.2_P4123_R1,2025-11-15,FALLOW,canola,,
STREATHAM_S2.2_P4123_R2,2025-11-15,FALLOW,canola,,
STREATHAM_S2.2_P4123_R3,2025-11-15,FALLOW,canola,,
STREATHAM_S2.3_P1234_R1,2025-11-15,FALLOW,wheat,,
STREATHAM_S2.3_P1234_R2,2025-11-15,FALLOW,wheat,,
STREATHAM_S2.3_P1234_R3,2025-11-15,FALLOW,wheat,,
STREATHAM_S2.3_P2341_R1,2025-11-15,FALLOW,wheat,,
STREATHAM_S2.3_P2341_R2,2025-11-15,FALLOW,wheat,,
STREATHAM_S2.3_P2341_R3,2025-11-15,FALLOW,wheat,,
STREATHAM_S2.3_P3412_R1,2025-11-15,FALLOW,fababean,,
STREATHAM_S2.3_P3412_R2,2025-11-15,FALLOW,fababean,,
STREATHAM_S2.3_P3412_R3,2025-11-15,FALLOW,fababean,,
STREATHAM_S2.3_P4123_R1,2025-11-15,FALLOW,canola,,
STREATHAM_S2.3_P4123_R2,2025-11-15,FALLOW,canola,,
STREATHAM_S2.3_P4123_R3,2025-11-15,FALLOW,canola,,
STREATHAM_S2.4_P1234_R1,2025-11-15,FALLOW,wheat,,
STREATHAM_S2.4_P1234_R2,2025-11-15,FALLOW,wheat,,
STREATHAM_S2.4_P1234_R3,2025-11-15,FALLOW,wheat,,
STREATHAM_S2.4_P2341_R1,2025-11-15,FALLOW,wheat,,
STREATHAM_S2.4_P2341_R2,2025-11-15,FALLOW,wheat,,
STREATHAM_S2.4_P2341_R3,2025-11-15,FALLOW,wheat,,
STREATHAM_S2.4_P3412_R1,2025-11-15,FALLOW,fababean,,
STREATHAM_S2.4_P3412_R2,2025-11-15,FALLOW,fababean,,
STREATHAM_S2.4_P3412_R3,2025-11-15,FALLOW,fababean,,
STREATHAM_S2.4_P4123_R1,2025-11-15,FALLOW,canola,,
STREATHAM_S2.4_P4123_R2,2025-11-15,FALLOW,canola,,
STREATHAM_S2.4_P4123_R3,2025-11-15,FALLOW,canola,,
STREATHAM_S3_P1234_R1,2025-11-15,FALLOW,canola,,
STREATHAM_S3_P1234_R2,2025-11-15,FALLOW,canola,,
STREATHAM_S3_P1234_R3,2025-11-15,FALLOW,canola,,
STREATHAM_S3_P2341_R1,2025-11-15,FALLOW,wheat,,
STREATHAM_S3_P2341_R2,2025-11-15,FALLOW,wheat,,
STREATHAM_S3_P2341_R3,2025-11-15,FALLOW,wheat,,
STREATHAM_S3_P3412_R1,2025-11-15,FALLOW,fababean,,
STREATHAM_S3_P3412_R2,2025-11-15,FALLOW,fababean,,
STREATHAM_S3_P3412_R3,2025-11-15,FALLOW,fababean,,
STREATHAM_S3_P4123_R1,2025-11-15,FALLOW,wheat,,
STREATHAM_S3_P4123_R2,2025-11-15,FALLOW,wheat,,
STREATHAM_S3_P4123_R3,2025-11-15,FALLOW,wheat,,
STREATHAM_S4_P1231_R1,2025-11-15,FALLOW,wheat,,
STREATHAM_S4_P1231_R2,2025-11-15,FALLOW,wheat,,
STREATHAM_S4_P1231_R3,2025-11-15,FALLOW,wheat,,
STREATHAM_S4_P2312_R1,2025-11-15,FALLOW,wheat,vetch,
STREATHAM_S4_P2312_R2,2025-11-15,FALLOW,wheat,vetch,
STREATHAM_S4_P2312_R3,2025-11-15,FALLOW,wheat,vetch,
STREATHAM_S4_P3123_R1,2025-11-15,FALLOW,canola,,
STREATHAM_S4_P3123_R2,2025-11-15,FALLOW,canola,,
STREATHAM_S4_P3123_R3,2025-11-15,FALLOW,canola,,
STREATHAM_S5_P1231_R1,2025-11-15,FALLOW,barley,,
STREATHAM_S5_P1231_R2,2025-11-15,FALLOW,barley,,
STREATHAM_S5_P1231_R3,2025-11-15,FALLOW,barley,,
STREATHAM_S5_P2312_R1,2025-11-15,FALLOW,canola,,
STREATHAM_S5_P2312_R2,2025-11-15,FALLOW,canola,,
STREATHAM_S5_P2312_R3,2025-11-15,FALLOW,canola,,
STREATHAM_S5_P3123_R1,2025-11-15,FALLOW,wheat,,
STREATHAM_S5_P3123_R2,2025-11-15,FALLOW,wheat,,
STREATHAM_S5_P3123_R3,2025-11-15,FALLOW,wheat,,
STREATHAM_S6.1_P1231_R1,2025-11-15,FALLOW,wheat,,
STREATHAM_S6.1_P1231_R2,2025-11-15,FALLOW,wheat,,
STREATHAM_S6.1_P1231_R3,2025-11-15,FALLOW,wheat,,
STREATHAM_S6.1_P2312_R1,2025-11-15,FALLOW,pasture,,
STREATHAM_S6.1_P2312_R2,2025-11-15,FALLOW,pasture,,
STREATHAM_S6.1_P2312_R3,2025-11-15,FALLOW,pasture,,
STREATHAM_S6.1_P3123_R1,2025-11-15,FALLOW,canola,,
STREATHAM_S6.1_P3123_R2,2025-11-15,FALLOW,canola,,
STREATHAM_S6.1_P3123_R3,2025-11-15,FALLOW,canola,,
STREATHAM_S6.2_P1231_R1,2025-11-15,FALLOW,wheat,,
STREATHAM_S6.2_P1231_R2,2025-11-15,FALLOW,wheat,,
STREATHAM_S6.2_P1231_R3,2025-11-15,FALLOW,wheat,,
STREATHAM_S6.2_P2312_R1,2025-11-15,FALLOW,pasture,,
STREATHAM_S6.2_P2312_R2,2025-11-15,FALLOW,pasture,,
STREATHAM_S6.2_P2312_R3,2025-11-15,FALLOW,pasture,,
STREATHAM_S6.2_P3123_R1,2025-11-15,FALLOW,canola,,
STREATHAM_S6.2_P3123_R2,2025-11-15,FALLOW,canola,,
STREATHAM_S6.2_P3123_R3,2025-11-15,FALLOW,canola,,
STREATHAM_S7_P1234_R1,2025-11-15,FALLOW,canola,,
STREATHAM_S7_P1234_R2,2025-11-15,FALLOW,canola,,
STREATHAM_S7_P1234_R3,2025-11-15,FALLOW,canola,,
STREATHAM_S7_P2341_R1,2025-11-15,FALLOW,wheat,,
STREATHAM_S7_P2341_R2,2025-11-15,FALLOW,wheat,,
STREATHAM_S7_P2341_R3,2025-11-15,FALLOW,wheat,,
STREATHAM_S7_P3412_R1,2025-11-15,FALLOW,pasture,,
STREATHAM_S7_P3412_R2,2025-11-15,FALLOW,pasture,,
STREATHAM_S7_P3412_R3,2025-11-15,FALLOW,pasture,,
STREATHAM_S8_P1231_R1,2025-11-15,FALLOW,wheat,,
STREATHAM_S8_P1231_R2,2025-11-15,FALLOW,wheat,,
STREATHAM_S8_P1231_R3,2025-11-15,FALLOW,wheat,,
STREATHAM_S8_P2312_R1,2025-11-15,FALLOW,vetch,,
STREATHAM_S8_P2312_R2,2025-11-15,FALLOW,vetch,,
STREATHAM_S8_P2312_R3,2025-11-15,FALLOW,vetch,,
STREATHAM_S8_P3123_R1,2025-11-15,FALLOW,canola,,
STREATHAM_S8_P3123_R2,2025-11-15,FALLOW,canola,,
STREATHAM_S8_P3123_R3,2025-11-15,FALLOW,canola,,
STREATHAM_S9.1_P1212_R1,2025-11-15,FALLOW,canola,fieldpea,
STREATHAM_S9.1_P1212_R2,2025-11-15,FALLOW,canola,fieldpea,
STREATHAM_S9.1_P1212_R3,2025-11-15,FALLOW,canola,fieldpea,
STREATHAM_S9.1_P2121_R1,2025-11-15,FALLOW,wheat,,
STREATHAM_S9.1_P2121_R2,2025-11-15,FALLOW,wheat,,
STREATHAM_S9.1_P2121_R3,2025-11-15,FALLOW,wheat,,
STREATHAM_S9.2_P1212_R1,2025-11-15,FALLOW,canola,fieldpea,
STREATHAM_S9.2_P1212_R2,2025-11-15,FALLOW,canola,fieldpea,
STREATHAM_S9.2_P1212_R3,2025-11-15,FALLOW,canola,fieldpea,
STREATHAM_S9.2_P2121_R1,2025-11-15,FALLOW,wheat,,
STREATHAM_S9.2_P2121_R2,2025-11-15,FALLOW,wheat,,
STREATHAM_S9.2_P2121_R3,2025-11-15,FALLOW,wheat,,
STREATHAM_S9.3_P1212_R1,2025-11-15,FALLOW,canola,fieldpea,
STREATHAM_S9.3_P1212_R2,2025-11-15,FALLOW,canola,fieldpea,
STREATHAM_S9.3_P1212_R3,2025-11-15,FALLOW,canola,fieldpea,
STREATHAM_S9.3_P2121_R1,2025-11-15,FALLOW,wheat,,
STREATHAM_S9.3_P2121_R2,2025-11-15,FALLOW,wheat,,
STREATHAM_S9.3_P2121_R3,2025-11-15,FALLOW,wheat,,
WALLUP_S4_P1231_R1,2024-05-22,CROP,wheat,,
WALLUP_S4_P2312_R1,2024-05-22,CROP,wheat,,
WALLUP_S2_P3412_R1,2024-05-22,CROP,wheat,,
WALLUP_S1_P1231_R1,2024-05-22,CROP,wheat,,
WALLUP_S2_P2341_R1,2024-05-22,CROP,wheat,,
WALLUP_S1_P2312_R1,2024-05-22,CROP,wheat,,
WALLUP_S3_P3412_R1,2024-05-22,CROP,wheat,,
WALLUP_S3_P2341_R1,2024-05-22,CROP,wheat,,
WALLUP_S2_P2341_R2,2024-05-22,CROP,wheat,,
WALLUP_S4_P2312_R2,2024-05-22,CROP,wheat,,
WALLUP_S3_P2341_R2,2024-05-22,CROP,wheat,,
WALLUP_S3_P3412_R2,2024-05-22,CROP,wheat,,
WALLUP_S1_P2312_R2,2024-05-22,CROP,wheat,,
WALLUP_S4_P1231_R2,2024-05-22,CROP,wheat,,
WALLUP_S1_P1231_R2,2024-05-22,CROP,wheat,,
WALLUP_S2_P3412_R2,2024-05-22,CROP,wheat,,
WALLUP_S4_P1231_R3,2024-05-22,CROP,wheat,,
WALLUP_S4_P2312_R3,2024-05-22,CROP,wheat,,
WALLUP_S3_P2341_R3,2024-05-22,CROP,wheat,,
WALLUP_S2_P3412_R3,2024-05-22,CROP,wheat,,
WALLUP_S1_P1231_R3,2024-05-22,CROP,wheat,,
WALLUP_S2_P2341_R3,2024-05-22,CROP,wheat,,
WALLUP_S3_P3412_R3,2024-05-22,CROP,wheat,,
WALLUP_S1_P2312_R3,2024-05-22,CROP,wheat,,
WALLUP_S2_P1234_R1,2024-02-05,CROP,canola,,
WALLUP_S3_P1234_R1,2024-02-05,CROP,canola,,
WALLUP_S3_P1234_R2,2024-02-05,CROP,canola,,
WALLUP_S2_P1234_R2,2024-02-05,CROP,canola,,
WALLUP_S3_P1234_R3,2024-02-05,CROP,canola,,
WALLUP_S2_P1234_R3,2024-02-05,CROP,canola,,
WALLUP_S5_P0000_R1,2024-02-05,CROP,lentil,,
WALLUP_S5_P0000_R2,2024-02-05,CROP,lentil,,
WALLUP_S5_P0000_R3,2024-02-05,CROP,lentil,,
WALLUP_S6_P0000_R1,2024-02-05,CROP,lentil,,
WALLUP_S6_P0000_R2,2024-02-05,CROP,lentil,,
WALLUP_S6_P0000_R3,2024-02-05,CROP,lentil,,
WALLUP_S1_P3123_R1,2024-05-22,CROP,lentil,,
WALLUP_S2_P4123_R1,2024-05-22,CROP,lentil,,
WALLUP_S2_P4123_R2,2024-05-22,CROP,lentil,,
WALLUP_S1_P3123_R2,2024-05-22,CROP,lentil,,
WALLUP_S1_P3123_R3,2024-05-22,CROP,lentil,,
WALLUP_S2_P4123_R3,2024-05-22,CROP,lentil,,
WALLUP_S3_P4123_R1,2024-02-05,CROP,vetch,,
WALLUP_S3_P4123_R2,2024-02-05,CROP,vetch,,
WALLUP_S3_P4123_R3,2024-02-05,CROP,vetch,,
WALLUP_S4_P3123_R1,2024-05-22,CROP,lentil,fababean,
WALLUP_S4_P3123_R2,2024-05-22,CROP,lentil,fababean,
WALLUP_S4_P3123_R3,2024-05-22,CROP,lentil,fababean,
WALLUP_S1_P1231_R1,2024-11-21,FALLOW,wheat,,
WALLUP_S1_P1231_R2,2024-11-21,FALLOW,wheat,,
WALLUP_S1_P1231_R3,2024-11-21,FALLOW,wheat,,
WALLUP_S1_P2312_R1,2024-11-21,FALLOW,wheat,,
WALLUP_S1_P2312_R2,2024-11-21,FALLOW,wheat,,
WALLUP_S1_P2312_R3,2024-11-21,FALLOW,wheat,,
WALLUP_S1_P3123_R1,2024-11-21,FALLOW,lentil,,
WALLUP_S1_P3123_R2,2024-11-21,FALLOW,lentil,,
WALLUP_S1_P3123_R3,2024-11-21,FALLOW,lentil,,
WALLUP_S2_P1234_R1,2024-11-21,FALLOW,canola,,
WALLUP_S2_P1234_R2,2024-11-21,FALLOW,canola,,
WALLUP_S2_P1234_R3,2024-11-21,FALLOW,canola,,
WALLUP_S2_P2341_R1,2024-11-21,FALLOW,wheat,,
WALLUP_S2_P2341_R2,2024-11-21,FALLOW,wheat,,
WALLUP_S2_P2341_R3,2024-11-21,FALLOW,wheat,,
WALLUP_S2_P3412_R1,2024-11-21,FALLOW,wheat,,
WALLUP_S2_P3412_R2,2024-11-21,FALLOW,wheat,,
WALLUP_S2_P3412_R3,2024-11-21,FALLOW,wheat,,
WALLUP_S2_P4123_R1,2024-11-21,FALLOW,lentil,,
WALLUP_S2_P4123_R2,2024-11-21,FALLOW,lentil,,
WALLUP_S2_P4123_R3,2024-11-21,FALLOW,lentil,,
WALLUP_S3_P1234_R1,2024-11-21,FALLOW,canola,,
WALLUP_S3_P1234_R2,2024-11-21,FALLOW,canola,,
WALLUP_S3_P1234_R3,2024-11-21,FALLOW,canola,,
WALLUP_S3_P2341_R1,2024-11-21,FALLOW,wheat,,
WALLUP_S3_P2341_R2,2024-11-21,FALLOW,wheat,,
WALLUP_S3_P2341_R3,2024-11-21,FALLOW,wheat,,
WALLUP_S3_P3412_R1,2024-11-21,FALLOW,wheat,,
WALLUP_S3_P3412_R2,2024-11-21,FALLOW,wheat,,
WALLUP_S3_P3412_R3,2024-11-21,FALLOW,wheat,,
WALLUP_S3_P4123_R1,2024-11-21,FALLOW,vetch,,
WALLUP_S3_P4123_R2,2024-11-21,FALLOW,vetch,,
WALLUP_S3_P4123_R3,2024-11-21,FALLOW,vetch,,
WALLUP_S4_P1231_R1,2024-11-21,FALLOW,wheat,,
WALLUP_S4_P1231_R2,2024-11-21,FALLOW,wheat,,
WALLUP_S4_P1231_R3,2024-11-21,FALLOW,wheat,,
WALLUP_S4_P2312_R1,2024-11-21,FALLOW,wheat,,
WALLUP_S4_P2312_R2,2024-11-21,FALLOW,wheat,,
WALLUP_S4_P2312_R3,2024-11-21,FALLOW,wheat,,
WALLUP_S4_P3123_R1,2024-11-21,FALLOW,lentil,fababean,
WALLUP_S4_P3123_R2,2024-11-21,FALLOW,lentil,fababean,
WALLUP_S4_P3123_R3,2024-11-21,FALLOW,lentil,fababean,
WALLUP_S5_P0000_R1,2024-11-21,FALLOW,lentil,,
WALLUP_S5_P0000_R2,2024-11-21,FALLOW,lentil,,
WALLUP_S5_P0000_R3,2024-11-21,FALLOW,lentil,,
WALLUP_S6_P0000_R1,2024-11-21,FALLOW,lentil,,
WALLUP_S6_P0000_R2,2024-11-21,FALLOW,lentil,,
WALLUP_S6_P0000_R3,2024-11-21,FALLOW,lentil,,
EDILLILIE_S1.1_P2121_R1,2023-05-12,CROP,wheat,,
EDILLILIE_S1.1_P1212_R1,2023-05-12,CROP,canola,,
EDILLILIE_S1.1_P1212_R2,2023-05-12,CROP,canola,,
EDILLILIE_S1.1_P1212_R3,2023-05-12,CROP,canola,,
EDILLILIE_S1.1_P2121_R2,2023-05-12,CROP,wheat,,
EDILLILIE_S1.1_P2121_R3,2023-05-12,CROP,wheat,,
EDILLILIE_S1.2_P1212_R1,2023-05-12,CROP,canola,,
EDILLILIE_S1.2_P1212_R2,2023-05-12,CROP,canola,,
EDILLILIE_S1.2_P1212_R3,2023-05-12,CROP,canola,,
EDILLILIE_S1.2_P2121_R1,2023-05-12,CROP,wheat,,
EDILLILIE_S1.2_P2121_R2,2023-05-12,CROP,wheat,,
EDILLILIE_S1.2_P2121_R3,2023-05-12,CROP,wheat,,
EDILLILIE_S1.3_P1212_R1,2023-05-12,CROP,canola,,
EDILLILIE_S1.3_P1212_R2,2023-05-12,CROP,canola,,
EDILLILIE_S1.3_P1212_R3,2023-05-12,CROP,canola,,
EDILLILIE_S1.3_P2121_R1,2023-05-12,CROP,wheat,,
EDILLILIE_S1.3_P2121_R2,2023-05-12,CROP,wheat,,
EDILLILIE_S1.3_P2121_R3,2023-05-12,CROP,wheat,,
EDILLILIE_S2.1_P1234_R1,2023-05-12,CROP,lentil,,
EDILLILIE_S2.1_P1234_R2,2023-05-12,CROP,lentil,,
EDILLILIE_S2.1_P1234_R3,2023-05-12,CROP,lentil,,
EDILLILIE_S2.1_P2341_R1,2023-05-12,CROP,canola,,
EDILLILIE_S2.1_P2341_R2,2023-05-12,CROP,canola,,
EDILLILIE_S2.1_P2341_R3,2023-05-12,CROP,canola,,
EDILLILIE_S2.1_P3412_R1,2023-05-12,CROP,wheat,,
EDILLILIE_S2.1_P3412_R2,2023-05-12,CROP,wheat,,
EDILLILIE_S2.1_P3412_R3,2023-05-12,CROP,wheat,,
EDILLILIE_S2.1_P4123_R1,2023-05-12,CROP,wheat,,
EDILLILIE_S2.1_P4123_R2,2023-05-12,CROP,wheat,,
EDILLILIE_S2.1_P4123_R3,2023-05-12,CROP,wheat,,
EDILLILIE_S2.2_P2341_R1,2023-05-12,CROP,canola,,
EDILLILIE_S2.2_P1234_R1,2023-05-12,CROP,lentil,,
EDILLILIE_S2.2_P1234_R2,2023-05-12,CROP,lentil,,
EDILLILIE_S2.2_P1234_R3,2023-05-12,CROP,lentil,,
EDILLILIE_S2.2_P2341_R2,2023-05-12,CROP,canola,,
EDILLILIE_S2.2_P2341_R3,2023-05-12,CROP,canola,,
EDILLILIE_S2.2_P3412_R1,2023-05-12,CROP,wheat,,
EDILLILIE_S2.2_P3412_R2,2023-05-12,CROP,wheat,,
EDILLILIE_S2.2_P3412_R3,2023-05-12,CROP,wheat,,
EDILLILIE_S2.2_P4123_R1,2023-05-12,CROP,wheat,,
EDILLILIE_S2.2_P4123_R2,2023-05-12,CROP,wheat,,
EDILLILIE_S2.2_P4123_R3,2023-05-12,CROP,wheat,,
EDILLILIE_S3_P1234_R1,2023-05-12,CROP,fababean,,
EDILLILIE_S3_P1234_R2,2023-05-12,CROP,fababean,,
EDILLILIE_S3_P1234_R3,2023-05-12,CROP,fababean,,
EDILLILIE_S3_P2341_R1,2023-05-12,CROP,canola,,
EDILLILIE_S3_P2341_R2,2023-05-12,CROP,canola,,
EDILLILIE_S3_P2341_R3,2023-05-12,CROP,canola,,
EDILLILIE_S3_P3412_R1,2023-05-12,CROP,wheat,,
EDILLILIE_S3_P3412_R2,2023-05-12,CROP,wheat,,
EDILLILIE_S3_P3412_R3,2023-05-12,CROP,wheat,,
EDILLILIE_S3_P4123_R1,2023-05-12,CROP,wheat,,
EDILLILIE_S3_P4123_R2,2023-05-12,CROP,wheat,,
EDILLILIE_S3_P4123_R3,2023-05-12,CROP,wheat,,
EDILLILIE_S1.1_P2121_R1,2023-06-01,FALLOW,wheat,,
EDILLILIE_S1.1_P1212_R1,2023-06-01,FALLOW,canola,,
EDILLILIE_S1.1_P1212_R2,2023-06-01,FALLOW,canola,,
EDILLILIE_S1.1_P1212_R3,2023-06-01,FALLOW,canola,,
EDILLILIE_S1.1_P2121_R2,2023-06-01,FALLOW,wheat,,
EDILLILIE_S1.1_P2121_R3,2023-06-01,FALLOW,wheat,,
EDILLILIE_S1.2_P1212_R1,2023-06-01,FALLOW,canola,,
EDILLILIE_S1.2_P1212_R2,2023-06-01,FALLOW,canola,,
EDILLILIE_S1.2_P1212_R3,2023-06-01,FALLOW,canola,,
EDILLILIE_S1.2_P2121_R1,2023-06-01,FALLOW,wheat,,
EDILLILIE_S1.2_P2121_R2,2023-06-01,FALLOW,wheat,,
EDILLILIE_S1.2_P2121_R3,2023-06-01,FALLOW,wheat,,
EDILLILIE_S1.3_P1212_R1,2023-06-01,FALLOW,canola,,
EDILLILIE_S1.3_P1212_R2,2023-06-01,FALLOW,canola,,
EDILLILIE_S1.3_P1212_R3,2023-06-01,FALLOW,canola,,
EDILLILIE_S1.3_P2121_R1,2023-06-01,FALLOW,wheat,,
EDILLILIE_S1.3_P2121_R2,2023-06-01,FALLOW,wheat,,
EDILLILIE_S1.3_P2121_R3,2023-06-01,FALLOW,wheat,,
EDILLILIE_S2.1_P1234_R1,2023-06-01,FALLOW,lentil,,
EDILLILIE_S2.1_P1234_R2,2023-06-01,FALLOW,lentil,,
EDILLILIE_S2.1_P1234_R3,2023-06-01,FALLOW,lentil,,
EDILLILIE_S2.1_P2341_R1,2023-06-01,FALLOW,canola,,
EDILLILIE_S2.1_P2341_R2,2023-06-01,FALLOW,canola,,
EDILLILIE_S2.1_P2341_R3,2023-06-01,FALLOW,canola,,
EDILLILIE_S2.1_P3412_R1,2023-06-01,FALLOW,wheat,,
EDILLILIE_S2.1_P3412_R2,2023-06-01,FALLOW,wheat,,
EDILLILIE_S2.1_P3412_R3,2023-06-01,FALLOW,wheat,,
EDILLILIE_S2.1_P4123_R1,2023-06-01,FALLOW,wheat,,
EDILLILIE_S2.1_P4123_R2,2023-06-01,FALLOW,wheat,,
EDILLILIE_S2.1_P4123_R3,2023-06-01,FALLOW,wheat,,
EDILLILIE_S2.2_P2341_R1,2023-06-01,FALLOW,canola,,
EDILLILIE_S2.2_P1234_R1,2023-06-01,FALLOW,lentil,,
EDILLILIE_S2.2_P1234_R2,2023-06-01,FALLOW,lentil,,
EDILLILIE_S2.2_P1234_R3,2023-06-01,FALLOW,lentil,,
EDILLILIE_S2.2_P2341_R2,2023-06-01,FALLOW,canola,,
EDILLILIE_S2.2_P2341_R3,2023-06-01,FALLOW,canola,,
EDILLILIE_S2.2_P3412_R1,2023-06-01,FALLOW,wheat,,
EDILLILIE_S2.2_P3412_R2,2023-06-01,FALLOW,wheat,,
EDILLILIE_S2.2_P3412_R3,2023-06-01,FALLOW,wheat,,
EDILLILIE_S2.2_P4123_R1,2023-06-01,FALLOW,wheat,,
EDILLILIE_S2.2_P4123_R2,2023-06-01,FALLOW,wheat,,
EDILLILIE_S2.2_P4123_R3,2023-06-01,FALLOW,wheat,,
EDILLILIE_S3_P1234_R1,2023-06-01,FALLOW,fababean,,
EDILLILIE_S3_P1234_R2,2023-06-01,FALLOW,fababean,,
EDILLILIE_S3_P1234_R3,2023-06-01,FALLOW,fababean,,
EDILLILIE_S3_P2341_R1,2023-06-01,FALLOW,canola,,
EDILLILIE_S3_P2341_R2,2023-06-01,FALLOW,canola,,
EDILLILIE_S3_P2341_R3,2023-06-01,FALLOW,canola,,
EDILLILIE_S3_P3412_R1,2023-06-01,FALLOW,wheat,,
EDILLILIE_S3_P3412_R2,2023-06-01,FALLOW,wheat,,
EDILLILIE_S3_P3412_R3,2023-06-01,FALLOW,wheat,,
EDILLILIE_S3_P4123_R1,2023-06-01,FALLOW,wheat,,
EDILLILIE_S3_P4123_R2,2023-06-01,FALLOW,wheat,,
EDILLILIE_S3_P4123_R3,2023-06-01,FALLOW,wheat,,
EDILLILIE_S1.1_P1212_R1,2024-05-28,CROP,wheat,,
EDILLILIE_S1.3_P1212_R1,2024-05-28,CROP,wheat,,
EDILLILIE_S2.2_P2341_R1,2024-05-28,CROP,wheat,,
EDILLILIE_S2.2_P3412_R1,2024-05-28,CROP,wheat,,
EDILLILIE_S2.1_P2341_R1,2024-05-28,CROP,wheat,,
EDILLILIE_S1.2_P1212_R1,2024-05-28,CROP,wheat,,
EDILLILIE_S3_P2341_R1,2024-05-28,CROP,wheat,,
EDILLILIE_S3_P3412_R1,2024-05-28,CROP,wheat,,
EDILLILIE_S2.1_P3412_R1,2024-05-28,CROP,wheat,,
EDILLILIE_S2.2_P3412_R2,2024-05-28,CROP,wheat,,
EDILLILIE_S3_P2341_R2,2024-05-28,CROP,wheat,,
EDILLILIE_S2.1_P2341_R2,2024-05-28,CROP,wheat,,
EDILLILIE_S2.2_P2341_R2,2024-05-28,CROP,wheat,,
EDILLILIE_S1.2_P1212_R2,2024-05-28,CROP,wheat,,
EDILLILIE_S3_P3412_R2,2024-05-28,CROP,wheat,,
EDILLILIE_S2.1_P3412_R2,2024-05-28,CROP,wheat,,
EDILLILIE_S1.3_P1212_R2,2024-05-28,CROP,wheat,,
EDILLILIE_S1.1_P1212_R2,2024-05-28,CROP,wheat,,
EDILLILIE_S3_P3412_R3,2024-05-28,CROP,wheat,,
EDILLILIE_S1.2_P1212_R3,2024-05-28,CROP,wheat,,
EDILLILIE_S2.2_P2341_R3,2024-05-28,CROP,wheat,,
EDILLILIE_S2.1_P3412_R3,2024-05-28,CROP,wheat,,
EDILLILIE_S2.2_P3412_R3,2024-05-28,CROP,wheat,,
EDILLILIE_S1.1_P1212_R3,2024-05-28,CROP,wheat,,
EDILLILIE_S2.1_P2341_R3,2024-05-28,CROP,wheat,,
EDILLILIE_S3_P2341_R3,2024-05-28,CROP,wheat,,
EDILLILIE_S1.3_P1212_R3,2024-05-28,CROP,wheat,,
EDILLILIE_S1.3_P2121_R1,2024-05-28,CROP,canola,,
EDILLILIE_S1.2_P2121_R1,2024-05-28,CROP,canola,,
EDILLILIE_S2.2_P1234_R1,2024-05-28,CROP,canola,,
EDILLILIE_S2.1_P1234_R1,2024-05-28,CROP,canola,,
EDILLILIE_S1.1_P2121_R1,2024-05-28,CROP,canola,,
EDILLILIE_S3_P1234_R1,2024-05-28,CROP,canola,,
EDILLILIE_S1.1_P2121_R2,2024-05-28,CROP,canola,,
EDILLILIE_S1.3_P2121_R2,2024-05-28,CROP,canola,,
EDILLILIE_S2.1_P1234_R2,2024-05-28,CROP,canola,,
EDILLILIE_S1.2_P2121_R2,2024-05-28,CROP,canola,,
EDILLILIE_S2.2_P1234_R2,2024-05-28,CROP,canola,,
EDILLILIE_S3_P1234_R2,2024-05-28,CROP,canola,,
EDILLILIE_S2.1_P1234_R3,2024-05-28,CROP,canola,,
EDILLILIE_S1.1_P2121_R3,2024-05-28,CROP,canola,,
EDILLILIE_S2.2_P1234_R3,2024-05-28,CROP,canola,,
EDILLILIE_S1.3_P2121_R3,2024-05-28,CROP,canola,,
EDILLILIE_S1.2_P2121_R3,2024-05-28,CROP,canola,,
EDILLILIE_S3_P1234_R3,2024-05-28,CROP,canola,,
EDILLILIE_S2.2_P4123_R1,2024-05-28,CROP,lentil,,
EDILLILIE_S2.1_P4123_R1,2024-05-28,CROP,lentil,,
EDILLILIE_S2.2_P4123_R2,2024-05-28,CROP,lentil,,
EDILLILIE_S2.1_P4123_R2,2024-05-28,CROP,lentil,,
EDILLILIE_S2.1_P4123_R3,2024-05-28,CROP,lentil,,
EDILLILIE_S2.2_P4123_R3,2024-05-28,CROP,lentil,,
EDILLILIE_S3_P4123_R1,2024-05-28,CROP,fababean,,
EDILLILIE_S3_P4123_R2,2024-05-28,CROP,fababean,,
EDILLILIE_S3_P4123_R3,2024-05-28,CROP,fababean,,
EDILLILIE_S1.1_P1212_R1,2024-11-21,FALLOW,wheat,,
EDILLILIE_S1.1_P1212_R2,2024-11-21,FALLOW,wheat,,
EDILLILIE_S1.1_P1212_R3,2024-11-21,FALLOW,wheat,,
EDILLILIE_S1.1_P2121_R1,2024-11-21,FALLOW,canola,,
EDILLILIE_S1.1_P2121_R2,2024-11-21,FALLOW,canola,,
EDILLILIE_S1.1_P2121_R3,2024-11-21,FALLOW,canola,,
EDILLILIE_S1.2_P1212_R1,2024-11-21,FALLOW,wheat,,
EDILLILIE_S1.2_P1212_R2,2024-11-21,FALLOW,wheat,,
EDILLILIE_S1.2_P1212_R3,2024-11-21,FALLOW,wheat,,
EDILLILIE_S1.2_P2121_R1,2024-11-21,FALLOW,canola,,
EDILLILIE_S1.2_P2121_R2,2024-11-21,FALLOW,canola,,
EDILLILIE_S1.2_P2121_R3,2024-11-21,FALLOW,canola,,
EDILLILIE_S1.3_P1212_R1,2024-11-21,FALLOW,wheat,,
EDILLILIE_S1.3_P1212_R2,2024-11-21,FALLOW,wheat,,
EDILLILIE_S1.3_P1212_R3,2024-11-21,FALLOW,wheat,,
EDILLILIE_S1.3_P2121_R1,2024-11-21,FALLOW,canola,,
EDILLILIE_S1.3_P2121_R2,2024-11-21,FALLOW,canola,,
EDILLILIE_S1.3_P2121_R3,2024-11-21,FALLOW,canola,,
EDILLILIE_S2.1_P1234_R1,2024-11-21,FALLOW,canola,,
EDILLILIE_S2.1_P1234_R2,2024-11-21,FALLOW,canola,,
EDILLILIE_S2.1_P1234_R3,2024-11-21,FALLOW,canola,,
EDILLILIE_S2.1_P2341_R1,2024-11-21,FALLOW,wheat,,
EDILLILIE_S2.1_P2341_R2,2024-11-21,FALLOW,wheat,,
EDILLILIE_S2.1_P2341_R3,2024-11-21,FALLOW,wheat,,
EDILLILIE_S2.1_P3412_R1,2024-11-21,FALLOW,wheat,,
EDILLILIE_S2.1_P3412_R2,2024-11-21,FALLOW,wheat,,
EDILLILIE_S2.1_P3412_R3,2024-11-21,FALLOW,wheat,,
EDILLILIE_S2.1_P4123_R1,2024-11-21,FALLOW,lentil,,
EDILLILIE_S2.1_P4123_R2,2024-11-21,FALLOW,lentil,,
EDILLILIE_S2.1_P4123_R3,2024-11-21,FALLOW,lentil,,
EDILLILIE_S2.2_P1234_R1,2024-11-21,FALLOW,canola,,
EDILLILIE_S2.2_P1234_R2,2024-11-21,FALLOW,canola,,
EDILLILIE_S2.2_P1234_R3,2024-11-21,FALLOW,canola,,
EDILLILIE_S2.2_P2341_R1,2024-11-21,FALLOW,wheat,,
EDILLILIE_S2.2_P2341_R2,2024-11-21,FALLOW,wheat,,
EDILLILIE_S2.2_P2341_R3,2024-11-21,FALLOW,wheat,,
EDILLILIE_S2.2_P3412_R1,2024-11-21,FALLOW,wheat,,
EDILLILIE_S2.2_P3412_R2,2024-11-21,FALLOW,wheat,,
EDILLILIE_S2.2_P3412_R3,2024-11-21,FALLOW,wheat,,
EDILLILIE_S2.2_P4123_R1,2024-11-21,FALLOW,lentil,,
EDILLILIE_S2.2_P4123_R2,2024-11-21,FALLOW,lentil,,
EDILLILIE_S2.2_P4123_R3,2024-11-21,FALLOW,lentil,,
EDILLILIE_S3_P1234_R1,2024-11-21,FALLOW,canola,,
EDILLILIE_S3_P1234_R2,2024-11-21,FALLOW,canola,,
EDILLILIE_S3_P1234_R3,2024-11-21,FALLOW,canola,,
EDILLILIE_S3_P2341_R1,2024-11-21,FALLOW,wheat,,
EDILLILIE_S3_P2341_R2,2024-11-21,FALLOW,wheat,,
EDILLILIE_S3_P2341_R3,2024-11-21,FALLOW,wheat,,
EDILLILIE_S3_P3412_R1,2024-11-21,FALLOW,wheat,,
EDILLILIE_S3_P3412_R2,2024-11-21,FALLOW,wheat,,
EDILLILIE_S3_P3412_R3,2024-11-21,FALLOW,wheat,,
EDILLILIE_S3_P4123_R1,2024-11-21,FALLOW,fababean,,
EDILLILIE_S3_P4123_R2,2024-11-21,FALLOW,fababean,,
EDILLILIE_S3_P4123_R3,2024-11-21,FALLOW,fababean,,
EDILLILIE_S1.3_P2121_R1,2025-05-23,CROP,wheat,,
EDILLILIE_S1.2_P2121_R1,2025-05-23,CROP,wheat,,
EDILLILIE_S2.2_P2341_R1,2025-05-23,CROP,wheat,,
EDILLILIE_S2.2_P1234_R1,2025-05-23,CROP,wheat,,
EDILLILIE_S2.1_P2341_R1,2025-05-23,CROP,wheat,,
EDILLILIE_S2.1_P1234_R1,2025-05-23,CROP,wheat,,
EDILLILIE_S1.1_P2121_R1,2025-05-23,CROP,wheat,,
EDILLILIE_S3_P1234_R1,2025-05-23,CROP,wheat,,
EDILLILIE_S3_P2341_R1,2025-05-23,CROP,wheat,,
EDILLILIE_S3_P2341_R2,2025-05-23,CROP,wheat,,
EDILLILIE_S2.1_P2341_R2,2025-05-23,CROP,wheat,,
EDILLILIE_S1.1_P2121_R2,2025-05-23,CROP,wheat,,
EDILLILIE_S2.2_P2341_R2,2025-05-23,CROP,wheat,,
EDILLILIE_S1.3_P2121_R2,2025-05-23,CROP,wheat,,
EDILLILIE_S2.1_P1234_R2,2025-05-23,CROP,wheat,,
EDILLILIE_S1.2_P2121_R2,2025-05-23,CROP,wheat,,
EDILLILIE_S2.2_P1234_R2,2025-05-23,CROP,wheat,,
EDILLILIE_S3_P1234_R2,2025-05-23,CROP,wheat,,
EDILLILIE_S2.2_P2341_R3,2025-05-23,CROP,wheat,,
EDILLILIE_S2.1_P2341_R3,2025-05-23,CROP,wheat,,
EDILLILIE_S2.1_P1234_R3,2025-05-23,CROP,wheat,,
EDILLILIE_S3_P2341_R3,2025-05-23,CROP,wheat,,
EDILLILIE_S1.1_P2121_R3,2025-05-23,CROP,wheat,,
EDILLILIE_S2.2_P1234_R3,2025-05-23,CROP,wheat,,
EDILLILIE_S1.3_P2121_R3,2025-05-23,CROP,wheat,,
EDILLILIE_S1.2_P2121_R3,2025-05-23,CROP,wheat,,
EDILLILIE_S3_P1234_R3,2025-05-23,CROP,wheat,,
EDILLILIE_S1.1_P1212_R1,2025-05-23,CROP,canola,,
EDILLILIE_S1.3_P1212_R1,2025-05-23,CROP,canola,,
EDILLILIE_S3_P4123_R1,2025-05-23,CROP,canola,,
EDILLILIE_S2.2_P4123_R1,2025-05-23,CROP,canola,,
EDILLILIE_S2.1_P4123_R1,2025-05-23,CROP,canola,,
EDILLILIE_S1.2_P1212_R1,2025-05-23,CROP,canola,,
EDILLILIE_S3_P4123_R2,2025-05-23,CROP,canola,,
EDILLILIE_S1.2_P1212_R2,2025-05-23,CROP,canola,,
EDILLILIE_S1.3_P1212_R2,2025-05-23,CROP,canola,,
EDILLILIE_S2.2_P4123_R2,2025-05-23,CROP,canola,,
EDILLILIE_S2.1_P4123_R2,2025-05-23,CROP,canola,,
EDILLILIE_S1.1_P1212_R2,2025-05-23,CROP,canola,,
EDILLILIE_S1.2_P1212_R3,2025-05-23,CROP,canola,,
EDILLILIE_S1.1_P1212_R3,2025-05-23,CROP,canola,,
EDILLILIE_S2.1_P4123_R3,2025-05-23,CROP,canola,,
EDILLILIE_S3_P4123_R3,2025-05-23,CROP,canola,,
EDILLILIE_S1.3_P1212_R3,2025-05-23,CROP,canola,,
EDILLILIE_S2.2_P4123_R3,2025-05-23,CROP,canola,,
EDILLILIE_S2.2_P3412_R1,2025-05-23,CROP,lentil,,
EDILLILIE_S2.1_P3412_R1,2025-05-23,CROP,lentil,,
EDILLILIE_S2.2_P3412_R2,2025-05-23,CROP,lentil,,
EDILLILIE_S2.1_P3412_R2,2025-05-23,CROP,lentil,,
EDILLILIE_S2.1_P3412_R3,2025-05-23,CROP,lentil,,
EDILLILIE_S2.2_P3412_R3,2025-05-23,CROP,lentil,,
EDILLILIE_S3_P3412_R1,2025-05-23,CROP,fababean,,
EDILLILIE_S3_P3412_R2,2025-05-23,CROP,fababean,,
EDILLILIE_S3_P3412_R3,2025-05-23,CROP,fababean,,
EDILLILIE_S1.1_P1212_R1,2025-11-15,FALLOW,canola,,
EDILLILIE_S1.1_P1212_R2,2025-11-15,FALLOW,canola,,
EDILLILIE_S1.1_P1212_R3,2025-11-15,FALLOW,canola,,
EDILLILIE_S1.1_P2121_R1,2025-11-15,FALLOW,wheat,,
EDILLILIE_S1.1_P2121_R2,2025-11-15,FALLOW,wheat,,
EDILLILIE_S1.1_P2121_R3,2025-11-15,FALLOW,wheat,,
EDILLILIE_S1.2_P1212_R1,2025-11-15,FALLOW,canola,,
EDILLILIE_S1.2_P1212_R2,2025-11-15,FALLOW,canola,,
EDILLILIE_S1.2_P1212_R3,2025-11-15,FALLOW,canola,,
EDILLILIE_S1.2_P2121_R1,2025-11-15,FALLOW,wheat,,
EDILLILIE_S1.2_P2121_R2,2025-11-15,FALLOW,wheat,,
EDILLILIE_S1.2_P2121_R3,2025-11-15,FALLOW,wheat,,
EDILLILIE_S1.3_P1212_R1,2025-11-15,FALLOW,canola,,
EDILLILIE_S1.3_P1212_R2,2025-11-15,FALLOW,canola,,
EDILLILIE_S1.3_P1212_R3,2025-11-15,FALLOW,canola,,
EDILLILIE_S1.3_P2121_R1,2025-11-15,FALLOW,wheat,,
EDILLILIE_S1.3_P2121_R2,2025-11-15,FALLOW,wheat,,
EDILLILIE_S1.3_P2121_R3,2025-11-15,FALLOW,wheat,,
EDILLILIE_S2.1_P1234_R1,2025-11-15,FALLOW,wheat,,
EDILLILIE_S2.1_P1234_R2,2025-11-15,FALLOW,wheat,,
EDILLILIE_S2.1_P1234_R3,2025-11-15,FALLOW,wheat,,
EDILLILIE_S2.1_P2341_R1,2025-11-15,FALLOW,wheat,,
EDILLILIE_S2.1_P2341_R2,2025-11-15,FALLOW,wheat,,
EDILLILIE_S2.1_P2341_R3,2025-11-15,FALLOW,wheat,,
EDILLILIE_S2.1_P3412_R1,2025-11-15,FALLOW,lentil,,
EDILLILIE_S2.1_P3412_R2,2025-11-15,FALLOW,lentil,,
EDILLILIE_S2.1_P3412_R3,2025-11-15,FALLOW,lentil,,
EDILLILIE_S2.1_P4123_R1,2025-11-15,FALLOW,canola,,
EDILLILIE_S2.1_P4123_R2,2025-11-15,FALLOW,canola,,
EDILLILIE_S2.1_P4123_R3,2025-11-15,FALLOW,canola,,
EDILLILIE_S2.2_P1234_R1,2025-11-15,FALLOW,wheat,,
EDILLILIE_S2.2_P1234_R2,2025-11-15,FALLOW,wheat,,
EDILLILIE_S2.2_P1234_R3,2025-11-15,FALLOW,wheat,,
EDILLILIE_S2.2_P2341_R1,2025-11-15,FALLOW,wheat,,
EDILLILIE_S2.2_P2341_R2,2025-11-15,FALLOW,wheat,,
EDILLILIE_S2.2_P2341_R3,2025-11-15,FALLOW,wheat,,
EDILLILIE_S2.2_P3412_R1,2025-11-15,FALLOW,lentil,,
EDILLILIE_S2.2_P3412_R2,2025-11-15,FALLOW,lentil,,
EDILLILIE_S2.2_P3412_R3,2025-11-15,FALLOW,lentil,,
EDILLILIE_S2.2_P4123_R1,2025-11-15,FALLOW,canola,,
EDILLILIE_S2.2_P4123_R2,2025-11-15,FALLOW,canola,,
EDILLILIE_S2.2_P4123_R3,2025-11-15,FALLOW,canola,,
EDILLILIE_S3_P1234_R1,2025-11-15,FALLOW,wheat,,
EDILLILIE_S3_P1234_R2,2025-11-15,FALLOW,wheat,,
EDILLILIE_S3_P1234_R3,2025-11-15,FALLOW,wheat,,
EDILLILIE_S3_P2341_R1,2025-11-15,FALLOW,wheat,,
EDILLILIE_S3_P2341_R2,2025-11-15,FALLOW,wheat,,
EDILLILIE_S3_P2341_R3,2025-11-15,FALLOW,wheat,,
EDILLILIE_S3_P3412_R1,2025-11-15,FALLOW,fababean,,
EDILLILIE_S3_P3412_R2,2025-11-15,FALLOW,fababean,,
EDILLILIE_S3_P3412_R3,2025-11-15,FALLOW,fababean,,
EDILLILIE_S3_P4123_R1,2025-11-15,FALLOW,canola,,
EDILLILIE_S3_P4123_R2,2025-11-15,FALLOW,canola,,
EDILLILIE_S3_P4123_R3,2025-11-15,FALLOW,canola,,
HART_S1.1_P1231_R1,2023-06-02,CROP,lentil,,
HART_S1.1_P1231_R2,2023-06-02,CROP,lentil,,
HART_S1.1_P1231_R3,2023-06-02,CROP,lentil,,
HART_S1.1_P2312_R1,2023-06-02,CROP,wheat,,
HART_S1.1_P2312_R2,2023-06-02,CROP,wheat,,
HART_S1.1_P2312_R3,2023-06-02,CROP,wheat,,
HART_S1.1_P3123_R1,2023-06-02,CROP,barley,,
HART_S1.1_P3123_R2,2023-06-02,CROP,barley,,
HART_S1.1_P3123_R3,2023-06-02,CROP,barley,,
HART_S1.2_P1231_R1,2023-06-02,CROP,lentil,,
HART_S1.2_P1231_R2,2023-06-02,CROP,lentil,,
HART_S1.2_P1231_R3,2023-06-02,CROP,lentil,,
HART_S1.2_P2312_R1,2023-06-02,CROP,wheat,,
HART_S1.2_P2312_R2,2023-06-02,CROP,wheat,,
HART_S1.2_P2312_R3,2023-06-02,CROP,wheat,,
HART_S1.2_P3123_R1,2023-06-02,CROP,barley,,
HART_S1.2_P3123_R2,2023-06-02,CROP,barley,,
HART_S1.2_P3123_R3,2023-06-02,CROP,barley,,
HART_S1.3_P1231_R1,2023-06-02,CROP,lentil,,
HART_S1.3_P1231_R2,2023-06-02,CROP,lentil,,
HART_S1.3_P1231_R3,2023-06-02,CROP,lentil,,
HART_S1.3_P2312_R1,2023-06-02,CROP,wheat,,
HART_S1.3_P2312_R2,2023-06-02,CROP,wheat,,
HART_S1.3_P2312_R3,2023-06-02,CROP,wheat,,
HART_S1.3_P3123_R1,2023-06-02,CROP,barley,,
HART_S1.3_P3123_R2,2023-06-02,CROP,barley,,
HART_S1.3_P3123_R3,2023-06-02,CROP,barley,,
HART_S10.1_P1231_R1,2023-06-02,CROP,canola,lentil,
HART_S10.1_P1231_R2,2023-06-02,CROP,canola,lentil,
HART_S10.1_P1231_R3,2023-06-02,CROP,canola,lentil,
HART_S10.1_P2312_R1,2023-06-02,CROP,wheat,,
HART_S10.1_P2312_R2,2023-06-02,CROP,wheat,,
HART_S10.1_P2312_R3,2023-06-02,CROP,wheat,,
HART_S10.1_P3123_R1,2023-06-02,CROP,barley,,
HART_S10.1_P3123_R2,2023-06-02,CROP,barley,,
HART_S10.1_P3123_R3,2023-06-02,CROP,barley,,
HART_S10.2_P1231_R1,2023-06-02,CROP,canola,lentil,
HART_S10.2_P1231_R2,2023-06-02,CROP,canola,lentil,
HART_S10.2_P1231_R3,2023-06-02,CROP,canola,lentil,
HART_S10.2_P2312_R1,2023-06-02,CROP,wheat,,
HART_S10.2_P2312_R2,2023-06-02,CROP,wheat,,
HART_S10.2_P2312_R3,2023-06-02,CROP,wheat,,
HART_S10.2_P3123_R1,2023-06-02,CROP,barley,,
HART_S10.2_P3123_R2,2023-06-02,CROP,barley,,
HART_S10.2_P3123_R3,2023-06-02,CROP,barley,,
HART_S10.3_P1231_R1,2023-06-02,CROP,canola,lentil,
HART_S10.3_P1231_R2,2023-06-02,CROP,canola,lentil,
HART_S10.3_P1231_R3,2023-06-02,CROP,canola,lentil,
HART_S10.3_P2312_R1,2023-06-02,CROP,wheat,,
HART_S10.3_P2312_R2,2023-06-02,CROP,wheat,,
HART_S10.3_P2312_R3,2023-06-02,CROP,wheat,,
HART_S10.3_P3123_R1,2023-06-02,CROP,barley,,
HART_S10.3_P3123_R2,2023-06-02,CROP,barley,,
HART_S10.3_P3123_R3,2023-06-02,CROP,barley,,
HART_S2.1_P0000_R1,2023-04-27,CROP,wheat,,
HART_S2.1_P0000_R2,2023-04-27,CROP,wheat,,
HART_S2.1_P0000_R3,2023-04-27,CROP,wheat,,
HART_S2.2_P0000_R1,2023-04-27,CROP,wheat,,
HART_S2.2_P0000_R2,2023-04-27,CROP,wheat,,
HART_S2.2_P0000_R3,2023-04-27,CROP,wheat,,
HART_S2.3_P0000_R1,2023-04-27,CROP,wheat,,
HART_S2.3_P0000_R2,2023-04-27,CROP,wheat,,
HART_S2.3_P0000_R3,2023-04-27,CROP,wheat,,
HART_S3_P1234_R1,2023-06-02,CROP,lentil,,
HART_S3_P1234_R2,2023-06-02,CROP,lentil,,
HART_S3_P1234_R3,2023-06-02,CROP,lentil,,
HART_S3_P2341_R1,2023-06-02,CROP,wheat,,
HART_S3_P2341_R2,2023-06-02,CROP,wheat,,
HART_S3_P2341_R3,2023-06-02,CROP,wheat,,
HART_S3_P3412_R1,2023-06-02,CROP,lentil,,
HART_S3_P3412_R2,2023-06-02,CROP,lentil,,
HART_S3_P3412_R3,2023-06-02,CROP,lentil,,
HART_S3_P4123_R1,2023-06-02,CROP,barley,,
HART_S3_P4123_R2,2023-06-02,CROP,barley,,
HART_S3_P4123_R3,2023-06-02,CROP,barley,,
HART_S4.1_P1234_R1,2023-06-02,CROP,lentil,,
HART_S4.1_P1234_R2,2023-06-02,CROP,lentil,,
HART_S4.1_P1234_R3,2023-06-02,CROP,lentil,,
HART_S4.1_P2341_R1,2023-06-02,CROP,wheat,,
HART_S4.1_P2341_R2,2023-06-02,CROP,wheat,,
HART_S4.1_P2341_R3,2023-06-02,CROP,wheat,,
HART_S4.1_P3412_R1,2023-06-02,CROP,canola,,
HART_S4.1_P3412_R2,2023-06-02,CROP,canola,,
HART_S4.1_P3412_R3,2023-06-02,CROP,canola,,
HART_S4.1_P4123_R1,2023-06-02,CROP,barley,,
HART_S4.1_P4123_R2,2023-06-02,CROP,barley,,
HART_S4.1_P4123_R3,2023-06-02,CROP,barley,,
HART_S4.2_P1234_R1,2023-06-02,CROP,lentil,,
HART_S4.2_P1234_R2,2023-06-02,CROP,lentil,,
HART_S4.2_P1234_R3,2023-06-02,CROP,lentil,,
HART_S4.2_P2341_R1,2023-06-02,CROP,wheat,,
HART_S4.2_P2341_R2,2023-06-02,CROP,wheat,,
HART_S4.2_P2341_R3,2023-06-02,CROP,wheat,,
HART_S4.2_P3412_R1,2023-06-02,CROP,canola,,
HART_S4.2_P3412_R2,2023-06-02,CROP,canola,,
HART_S4.2_P3412_R3,2023-06-02,CROP,canola,,
HART_S4.2_P4123_R1,2023-06-02,CROP,barley,,
HART_S4.2_P4123_R2,2023-06-02,CROP,barley,,
HART_S4.2_P4123_R3,2023-06-02,CROP,barley,,
HART_S4.3_P1234_R1,2023-06-02,CROP,lentil,,
HART_S4.3_P1234_R2,2023-06-02,CROP,lentil,,
HART_S4.3_P1234_R3,2023-06-02,CROP,lentil,,
HART_S4.3_P2341_R1,2023-06-02,CROP,wheat,,
HART_S4.3_P2341_R2,2023-06-02,CROP,wheat,,
HART_S4.3_P2341_R3,2023-06-02,CROP,wheat,,
HART_S4.3_P3412_R1,2023-06-02,CROP,canola,,
HART_S4.3_P3412_R2,2023-06-02,CROP,canola,,
HART_S4.3_P3412_R3,2023-06-02,CROP,canola,,
HART_S4.3_P4123_R1,2023-06-02,CROP,barley,,
HART_S4.3_P4123_R2,2023-06-02,CROP,barley,,
HART_S4.3_P4123_R3,2023-06-02,CROP,barley,,
HART_S5_P0000_R1,2023-06-02,CROP,lentil,,
HART_S5_P0000_R2,2023-06-02,CROP,lentil,,
HART_S5_P0000_R3,2023-06-02,CROP,lentil,,
HART_S5_P0000_R4,2023-06-02,CROP,lentil,,
HART_S5_P0000_R5,2023-06-02,CROP,lentil,,
HART_S5_P0000_R6,2023-06-02,CROP,lentil,,
HART_S5_P0000_R7,2023-06-02,CROP,lentil,,
HART_S5_P0000_R8,2023-06-02,CROP,lentil,,
HART_S5_P0000_R9,2023-06-02,CROP,lentil,,
HART_S6_P1234_R1,2023-06-02,CROP,lentil,,
HART_S6_P1234_R2,2023-06-02,CROP,lentil,,
HART_S6_P1234_R3,2023-06-02,CROP,lentil,,
HART_S6_P2341_R1,2023-06-02,CROP,canola,,
HART_S6_P2341_R2,2023-06-02,CROP,canola,,
HART_S6_P2341_R3,2023-06-02,CROP,canola,,
HART_S6_P3412_R1,2023-06-02,CROP,wheat,,
HART_S6_P3412_R2,2023-06-02,CROP,wheat,,
HART_S6_P3412_R3,2023-06-02,CROP,wheat,,
HART_S6_P4123_R1,2023-06-02,CROP,barley,,
HART_S6_P4123_R2,2023-06-02,CROP,barley,,
HART_S6_P4123_R3,2023-06-02,CROP,barley,,
HART_S7_P1234_R1,2023-06-02,CROP,lentil,,
HART_S7_P1234_R2,2023-06-02,CROP,lentil,,
HART_S7_P1234_R3,2023-06-02,CROP,lentil,,
HART_S7_P2341_R1,2023-06-02,CROP,fieldpea,,
HART_S7_P2341_R2,2023-06-02,CROP,fieldpea,,
HART_S7_P2341_R3,2023-06-02,CROP,fieldpea,,
HART_S7_P3412_R1,2023-06-02,CROP,wheat,,
HART_S7_P3412_R2,2023-06-02,CROP,wheat,,
HART_S7_P3412_R3,2023-06-02,CROP,wheat,,
HART_S7_P4123_R1,2023-06-02,CROP,barley,,
HART_S7_P4123_R2,2023-06-02,CROP,barley,,
HART_S7_P4123_R3,2023-06-02,CROP,barley,,
HART_S8_P1234_R1,2023-06-02,CROP,lentil,,
HART_S8_P1234_R2,2023-06-02,CROP,lentil,,
HART_S8_P1234_R3,2023-06-02,CROP,lentil,,
HART_S8_P2341_R1,2023-06-02,CROP,wheat,,
HART_S8_P2341_R2,2023-06-02,CROP,wheat,,
HART_S8_P2341_R3,2023-06-02,CROP,wheat,,
HART_S8_P3412_R1,2023-06-02,CROP,barley,,
HART_S8_P3412_R2,2023-06-02,CROP,barley,,
HART_S8_P3412_R3,2023-06-02,CROP,barley,,
HART_S8_P4123_R1,2023-06-02,CROP,wheat,,
HART_S8_P4123_R2,2023-06-02,CROP,wheat,,
HART_S8_P4123_R3,2023-06-02,CROP,wheat,,
HART_S9_P1234_R1,2023-04-27,CROP,vetch,,
HART_S9_P1234_R2,2023-04-27,CROP,vetch,,
HART_S9_P1234_R3,2023-04-27,CROP,vetch,,
HART_S9_P2341_R1,2023-06-02,CROP,canola,,
HART_S9_P2341_R2,2023-06-02,CROP,canola,,
HART_S9_P2341_R3,2023-06-02,CROP,canola,,
HART_S9_P3412_R1,2023-06-02,CROP,wheat,,
HART_S9_P3412_R2,2023-06-02,CROP,wheat,,
HART_S9_P3412_R3,2023-06-02,CROP,wheat,,
HART_S9_P4123_R1,2023-06-02,CROP,barley,,
HART_S9_P4123_R2,2023-06-02,CROP,barley,,
HART_S9_P4123_R3,2023-06-02,CROP,barley,,
HART_S1.1_P1231_R1,2023-11-08,FALLOW,lentil,,
HART_S1.1_P1231_R2,2023-11-08,FALLOW,lentil,,
HART_S1.1_P1231_R3,2023-11-08,FALLOW,lentil,,
HART_S1.1_P2312_R1,2023-11-14,FALLOW,wheat,,
HART_S1.1_P2312_R2,2023-11-14,FALLOW,wheat,,
HART_S1.1_P2312_R3,2023-11-14,FALLOW,wheat,,
HART_S1.1_P3123_R1,2023-11-14,FALLOW,barley,,
HART_S1.1_P3123_R2,2023-11-14,FALLOW,barley,,
HART_S1.1_P3123_R3,2023-11-14,FALLOW,barley,,
HART_S1.2_P1231_R1,2023-11-08,FALLOW,lentil,,
HART_S1.2_P1231_R2,2023-11-08,FALLOW,lentil,,
HART_S1.2_P1231_R3,2023-11-08,FALLOW,lentil,,
HART_S1.2_P2312_R1,2023-11-14,FALLOW,wheat,,
HART_S1.2_P2312_R2,2023-11-14,FALLOW,wheat,,
HART_S1.2_P2312_R3,2023-11-14,FALLOW,wheat,,
HART_S1.2_P3123_R1,2023-11-14,FALLOW,barley,,
HART_S1.2_P3123_R2,2023-11-14,FALLOW,barley,,
HART_S1.2_P3123_R3,2023-11-14,FALLOW,barley,,
HART_S1.3_P1231_R1,2023-11-08,FALLOW,lentil,,
HART_S1.3_P1231_R2,2023-11-08,FALLOW,lentil,,
HART_S1.3_P1231_R3,2023-11-08,FALLOW,lentil,,
HART_S1.3_P2312_R1,2023-11-14,FALLOW,wheat,,
HART_S1.3_P2312_R2,2023-11-14,FALLOW,wheat,,
HART_S1.3_P2312_R3,2023-11-14,FALLOW,wheat,,
HART_S1.3_P3123_R1,2023-11-14,FALLOW,barley,,
HART_S1.3_P3123_R2,2023-11-14,FALLOW,barley,,
HART_S1.3_P3123_R3,2023-11-14,FALLOW,barley,,
HART_S10.1_P1231_R1,2023-11-15,FALLOW,canola,lentil,
HART_S10.1_P1231_R2,2023-11-15,FALLOW,canola,lentil,
HART_S10.1_P1231_R3,2023-11-15,FALLOW,canola,lentil,
HART_S10.1_P2312_R1,2023-11-14,FALLOW,wheat,,
HART_S10.1_P2312_R2,2023-11-14,FALLOW,wheat,,
HART_S10.1_P2312_R3,2023-11-14,FALLOW,wheat,,
HART_S10.1_P3123_R1,2023-11-14,FALLOW,barley,,
HART_S10.1_P3123_R2,2023-11-14,FALLOW,barley,,
HART_S10.1_P3123_R3,2023-11-14,FALLOW,barley,,
HART_S10.2_P1231_R1,2023-11-15,FALLOW,canola,lentil,
HART_S10.2_P1231_R2,2023-11-15,FALLOW,canola,lentil,
HART_S10.2_P1231_R3,2023-11-15,FALLOW,canola,lentil,
HART_S10.2_P2312_R1,2023-11-14,FALLOW,wheat,,
HART_S10.2_P2312_R2,2023-11-14,FALLOW,wheat,,
HART_S10.2_P2312_R3,2023-11-14,FALLOW,wheat,,
HART_S10.2_P3123_R1,2023-11-14,FALLOW,barley,,
HART_S10.2_P3123_R2,2023-11-14,FALLOW,barley,,
HART_S10.2_P3123_R3,2023-11-14,FALLOW,barley,,
HART_S10.3_P1231_R1,2023-11-15,FALLOW,canola,lentil,
HART_S10.3_P1231_R2,2023-11-15,FALLOW,canola,lentil,
HART_S10.3_P1231_R3,2023-11-15,FALLOW,canola,lentil,
HART_S10.3_P2312_R1,2023-11-14,FALLOW,wheat,,
HART_S10.3_P2312_R2,2023-11-14,FALLOW,wheat,,
HART_S10.3_P2312_R3,2023-11-14,FALLOW,wheat,,
HART_S10.3_P3123_R1,2023-11-14,FALLOW,barley,,
HART_S10.3_P3123_R2,2023-11-14,FALLOW,barley,,
HART_S10.3_P3123_R3,2023-11-14,FALLOW,barley,,
HART_S2.1_P0000_R1,2023-11-14,FALLOW,wheat,,
HART_S2.1_P0000_R2,2023-11-14,FALLOW,wheat,,
HART_S2.1_P0000_R3,2023-11-14,FALLOW,wheat,,
HART_S2.2_P0000_R1,2023-11-14,FALLOW,wheat,,
HART_S2.2_P0000_R2,2023-11-14,FALLOW,wheat,,
HART_S2.2_P0000_R3,2023-11-14,FALLOW,wheat,,
HART_S2.3_P0000_R1,2023-11-14,FALLOW,wheat,,
HART_S2.3_P0000_R2,2023-11-14,FALLOW,wheat,,
HART_S2.3_P0000_R3,2023-11-14,FALLOW,wheat,,
HART_S3_P1234_R1,2023-11-08,FALLOW,lentil,,
HART_S3_P1234_R2,2023-11-08,FALLOW,lentil,,
HART_S3_P1234_R3,2023-11-08,FALLOW,lentil,,
HART_S3_P2341_R1,2023-11-14,FALLOW,wheat,,
HART_S3_P2341_R2,2023-11-14,FALLOW,wheat,,
HART_S3_P2341_R3,2023-11-14,FALLOW,wheat,,
HART_S3_P3412_R1,2023-11-08,FALLOW,lentil,,
HART_S3_P3412_R2,2023-11-08,FALLOW,lentil,,
HART_S3_P3412_R3,2023-11-08,FALLOW,lentil,,
HART_S3_P4123_R1,2023-11-14,FALLOW,barley,,
HART_S3_P4123_R2,2023-11-14,FALLOW,barley,,
HART_S3_P4123_R3,2023-11-14,FALLOW,barley,,
HART_S4.1_P1234_R1,2023-11-08,FALLOW,lentil,,
HART_S4.1_P1234_R2,2023-11-08,FALLOW,lentil,,
HART_S4.1_P1234_R3,2023-11-08,FALLOW,lentil,,
HART_S4.1_P2341_R1,2023-11-14,FALLOW,wheat,,
HART_S4.1_P2341_R2,2023-11-14,FALLOW,wheat,,
HART_S4.1_P2341_R3,2023-11-14,FALLOW,wheat,,
HART_S4.1_P3412_R1,2023-11-15,FALLOW,canola,,
HART_S4.1_P3412_R2,2023-11-15,FALLOW,canola,,
HART_S4.1_P3412_R3,2023-11-15,FALLOW,canola,,
HART_S4.1_P4123_R1,2023-11-14,FALLOW,barley,,
HART_S4.1_P4123_R2,2023-11-14,FALLOW,barley,,
HART_S4.1_P4123_R3,2023-11-14,FALLOW,barley,,
HART_S4.2_P1234_R1,2023-11-08,FALLOW,lentil,,
HART_S4.2_P1234_R2,2023-11-08,FALLOW,lentil,,
HART_S4.2_P1234_R3,2023-11-08,FALLOW,lentil,,
HART_S4.2_P2341_R1,2023-11-14,FALLOW,wheat,,
HART_S4.2_P2341_R2,2023-11-14,FALLOW,wheat,,
HART_S4.2_P2341_R3,2023-11-14,FALLOW,wheat,,
HART_S4.2_P3412_R1,2023-11-15,FALLOW,canola,,
HART_S4.2_P3412_R2,2023-11-15,FALLOW,canola,,
HART_S4.2_P3412_R3,2023-11-15,FALLOW,canola,,
HART_S4.2_P4123_R1,2023-11-14,FALLOW,barley,,
HART_S4.2_P4123_R2,2023-11-14,FALLOW,barley,,
HART_S4.2_P4123_R3,2023-11-14,FALLOW,barley,,
HART_S4.3_P1234_R1,2023-11-08,FALLOW,lentil,,
HART_S4.3_P1234_R2,2023-11-08,FALLOW,lentil,,
HART_S4.3_P1234_R3,2023-11-08,FALLOW,lentil,,
HART_S4.3_P2341_R1,2023-11-14,FALLOW,wheat,,
HART_S4.3_P2341_R2,2023-11-14,FALLOW,wheat,,
HART_S4.3_P2341_R3,2023-11-14,FALLOW,wheat,,
HART_S4.3_P3412_R1,2023-11-15,FALLOW,canola,,
HART_S4.3_P3412_R2,2023-11-15,FALLOW,canola,,
HART_S4.3_P3412_R3,2023-11-15,FALLOW,canola,,
HART_S4.3_P4123_R1,2023-11-14,FALLOW,barley,,
HART_S4.3_P4123_R2,2023-11-14,FALLOW,barley,,
HART_S4.3_P4123_R3,2023-11-14,FALLOW,barley,,
HART_S5_P0000_R1,2023-11-08,FALLOW,lentil,,
HART_S5_P0000_R2,2023-11-08,FALLOW,lentil,,
HART_S5_P0000_R3,2023-11-08,FALLOW,lentil,,
HART_S5_P0000_R4,2023-11-08,FALLOW,lentil,,
HART_S5_P0000_R5,2023-11-08,FALLOW,lentil,,
HART_S5_P0000_R6,2023-11-08,FALLOW,lentil,,
HART_S5_P0000_R7,2023-11-08,FALLOW,lentil,,
HART_S5_P0000_R8,2023-11-08,FALLOW,lentil,,
HART_S5_P0000_R9,2023-11-08,FALLOW,lentil,,
HART_S6_P1234_R1,2023-11-08,FALLOW,lentil,,
HART_S6_P1234_R2,2023-11-08,FALLOW,lentil,,
HART_S6_P1234_R3,2023-11-08,FALLOW,lentil,,
HART_S6_P2341_R1,2023-11-15,FALLOW,canola,,
HART_S6_P2341_R2,2023-11-15,FALLOW,canola,,
HART_S6_P2341_R3,2023-11-15,FALLOW,canola,,
HART_S6_P3412_R1,2023-11-14,FALLOW,wheat,,
HART_S6_P3412_R2,2023-11-14,FALLOW,wheat,,
HART_S6_P3412_R3,2023-11-14,FALLOW,wheat,,
HART_S6_P4123_R1,2023-11-14,FALLOW,barley,,
HART_S6_P4123_R2,2023-11-14,FALLOW,barley,,
HART_S6_P4123_R3,2023-11-14,FALLOW,barley,,
HART_S7_P1234_R1,2023-11-08,FALLOW,lentil,,
HART_S7_P1234_R2,2023-11-08,FALLOW,lentil,,
HART_S7_P1234_R3,2023-11-08,FALLOW,lentil,,
HART_S7_P2341_R1,2023-11-08,FALLOW,fieldpea,,
HART_S7_P2341_R2,2023-11-08,FALLOW,fieldpea,,
HART_S7_P2341_R3,2023-11-08,FALLOW,fieldpea,,
HART_S7_P3412_R1,2023-11-14,FALLOW,wheat,,
HART_S7_P3412_R2,2023-11-14,FALLOW,wheat,,
HART_S7_P3412_R3,2023-11-14,FALLOW,wheat,,
HART_S7_P4123_R1,2023-11-14,FALLOW,barley,,
HART_S7_P4123_R2,2023-11-14,FALLOW,barley,,
HART_S7_P4123_R3,2023-11-14,FALLOW,barley,,
HART_S8_P1234_R1,2023-11-08,FALLOW,lentil,,
HART_S8_P1234_R2,2023-11-08,FALLOW,lentil,,
HART_S8_P1234_R3,2023-11-08,FALLOW,lentil,,
HART_S8_P2341_R1,2023-11-14,FALLOW,wheat,,
HART_S8_P2341_R2,2023-11-14,FALLOW,wheat,,
HART_S8_P2341_R3,2023-11-14,FALLOW,wheat,,
HART_S8_P3412_R1,2023-11-14,FALLOW,barley,,
HART_S8_P3412_R2,2023-11-14,FALLOW,barley,,
HART_S8_P3412_R3,2023-11-14,FALLOW,barley,,
HART_S8_P4123_R1,2023-11-14,FALLOW,wheat,,
HART_S8_P4123_R2,2023-11-14,FALLOW,wheat,,
HART_S8_P4123_R3,2023-11-14,FALLOW,wheat,,
HART_S9_P1234_R1,2023-11-08,FALLOW,vetch,,
HART_S9_P1234_R2,2023-11-08,FALLOW,vetch,,
HART_S9_P1234_R3,2023-11-08,FALLOW,vetch,,
HART_S9_P2341_R1,2023-11-15,FALLOW,canola,,
HART_S9_P2341_R2,2023-11-15,FALLOW,canola,,
HART_S9_P2341_R3,2023-11-15,FALLOW,canola,,
HART_S9_P3412_R1,2023-11-14,FALLOW,wheat,,
HART_S9_P3412_R2,2023-11-14,FALLOW,wheat,,
HART_S9_P3412_R3,2023-11-14,FALLOW,wheat,,
HART_S9_P4123_R1,2023-11-14,FALLOW,barley,,
HART_S9_P4123_R2,2023-11-14,FALLOW,barley,,
HART_S9_P4123_R3,2023-11-14,FALLOW,barley,,
HART_S4.1_P2341_R2,2024-06-04,CROP,canola,,
HART_S4.2_P2341_R3,2024-06-04,CROP,canola,,
HART_S4.1_P2341_R1,2024-06-04,CROP,canola,,
HART_S6_P1234_R3,2024-06-04,CROP,canola,,
HART_S6_P1234_R1,2024-06-04,CROP,canola,,
HART_S4.3_P2341_R1,2024-06-04,CROP,canola,,
HART_S6_P1234_R2,2024-06-04,CROP,canola,,
HART_S4.2_P2341_R2,2024-06-04,CROP,canola,,
HART_S4.3_P2341_R2,2024-06-04,CROP,canola,,
HART_S4.1_P2341_R3,2024-06-04,CROP,canola,,
HART_S4.3_P2341_R3,2024-06-04,CROP,canola,,
HART_S4.2_P2341_R1,2024-06-04,CROP,canola,,
HART_S9_P1234_R1,2024-06-04,CROP,canola,,
HART_S9_P1234_R2,2024-06-04,CROP,canola,,
HART_S9_P1234_R3,2024-06-04,CROP,canola,,
HART_S4.2_P1234_R1,2024-05-17,CROP,wheat,,
HART_S10.1_P1231_R2,2024-05-17,CROP,wheat,,
HART_S4.3_P1234_R2,2024-05-17,CROP,wheat,,
HART_S1.2_P1231_R2,2024-05-17,CROP,wheat,,
HART_S9_P2341_R2,2024-05-17,CROP,wheat,,
HART_S7_P2341_R2,2024-05-17,CROP,wheat,,
HART_S4.1_P1234_R3,2024-05-17,CROP,wheat,,
HART_S1.2_P1231_R3,2024-05-17,CROP,wheat,,
HART_S10.2_P1231_R3,2024-05-17,CROP,wheat,,
HART_S3_P1234_R3,2024-05-17,CROP,wheat,,
HART_S7_P2341_R3,2024-05-17,CROP,wheat,,
HART_S1.3_P1231_R1,2024-05-17,CROP,wheat,,
HART_S1.1_P1231_R1,2024-05-17,CROP,wheat,,
HART_S4.1_P1234_R1,2024-05-17,CROP,wheat,,
HART_S6_P2341_R1,2024-05-17,CROP,wheat,,
HART_S10.3_P1231_R2,2024-05-17,CROP,wheat,,
HART_S10.2_P1231_R2,2024-05-17,CROP,wheat,,
HART_S8_P3412_R2,2024-05-17,CROP,wheat,,
HART_S8_P1234_R3,2024-05-17,CROP,wheat,,
HART_S9_P2341_R3,2024-05-17,CROP,wheat,,
HART_S6_P2341_R3,2024-05-17,CROP,wheat,,
HART_S8_P3412_R3,2024-05-17,CROP,wheat,,
HART_S9_P2341_R1,2024-05-17,CROP,wheat,,
HART_S10.2_P1231_R1,2024-05-17,CROP,wheat,,
HART_S10.3_P1231_R1,2024-05-17,CROP,wheat,,
HART_S10.1_P1231_R1,2024-05-17,CROP,wheat,,
HART_S8_P1234_R2,2024-05-17,CROP,wheat,,
HART_S4.1_P1234_R2,2024-05-17,CROP,wheat,,
HART_S1.1_P1231_R3,2024-05-17,CROP,wheat,,
HART_S10.1_P1231_R3,2024-05-17,CROP,wheat,,
HART_S10.3_P1231_R3,2024-05-17,CROP,wheat,,
HART_S4.2_P1234_R3,2024-05-17,CROP,wheat,,
HART_S7_P2341_R1,2024-05-17,CROP,wheat,,
HART_S3_P1234_R1,2024-05-17,CROP,wheat,,
HART_S8_P3412_R1,2024-05-17,CROP,wheat,,
HART_S1.2_P1231_R1,2024-05-17,CROP,wheat,,
HART_S8_P1234_R1,2024-05-17,CROP,wheat,,
HART_S4.3_P1234_R1,2024-05-17,CROP,wheat,,
HART_S6_P2341_R2,2024-05-17,CROP,wheat,,
HART_S4.2_P1234_R2,2024-05-17,CROP,wheat,,
HART_S1.3_P1231_R2,2024-05-17,CROP,wheat,,
HART_S3_P1234_R2,2024-05-17,CROP,wheat,,
HART_S1.1_P1231_R2,2024-05-17,CROP,wheat,,
HART_S1.3_P1231_R3,2024-05-17,CROP,wheat,,
HART_S4.3_P1234_R3,2024-05-17,CROP,wheat,,
HART_S7_P3412_R1,2024-05-17,CROP,barley,,
HART_S10.2_P2312_R1,2024-05-17,CROP,barley,,
HART_S4.2_P3412_R1,2024-05-17,CROP,barley,,
HART_S6_P3412_R1,2024-05-17,CROP,barley,,
HART_S4.3_P3412_R1,2024-05-17,CROP,barley,,
HART_S1.2_P2312_R1,2024-05-17,CROP,barley,,
HART_S9_P3412_R1,2024-05-17,CROP,barley,,
HART_S4.2_P3412_R2,2024-05-17,CROP,barley,,
HART_S3_P3412_R2,2024-05-17,CROP,barley,,
HART_S6_P3412_R2,2024-05-17,CROP,barley,,
HART_S7_P3412_R2,2024-05-17,CROP,barley,,
HART_S1.1_P2312_R3,2024-05-17,CROP,barley,,
HART_S4.3_P3412_R3,2024-05-17,CROP,barley,,
HART_S8_P2341_R3,2024-05-17,CROP,barley,,
HART_S4.1_P3412_R1,2024-05-17,CROP,barley,,
HART_S1.3_P2312_R1,2024-05-17,CROP,barley,,
HART_S10.1_P2312_R2,2024-05-17,CROP,barley,,
HART_S1.2_P2312_R2,2024-05-17,CROP,barley,,
HART_S1.1_P2312_R2,2024-05-17,CROP,barley,,
HART_S10.2_P2312_R2,2024-05-17,CROP,barley,,
HART_S10.3_P2312_R2,2024-05-17,CROP,barley,,
HART_S4.1_P3412_R3,2024-05-17,CROP,barley,,
HART_S1.2_P2312_R3,2024-05-17,CROP,barley,,
HART_S1.1_P2312_R1,2024-05-17,CROP,barley,,
HART_S10.3_P2312_R1,2024-05-17,CROP,barley,,
HART_S10.1_P2312_R1,2024-05-17,CROP,barley,,
HART_S4.3_P3412_R2,2024-05-17,CROP,barley,,
HART_S1.3_P2312_R2,2024-05-17,CROP,barley,,
HART_S9_P3412_R2,2024-05-17,CROP,barley,,
HART_S4.1_P3412_R2,2024-05-17,CROP,barley,,
HART_S10.1_P2312_R3,2024-05-17,CROP,barley,,
HART_S9_P3412_R3,2024-05-17,CROP,barley,,
HART_S8_P2341_R1,2024-05-17,CROP,barley,,
HART_S3_P3412_R1,2024-05-17,CROP,barley,,
HART_S8_P2341_R2,2024-05-17,CROP,barley,,
HART_S6_P3412_R3,2024-05-17,CROP,barley,,
HART_S3_P3412_R3,2024-05-17,CROP,barley,,
HART_S4.2_P3412_R3,2024-05-17,CROP,barley,,
HART_S10.2_P2312_R3,2024-05-17,CROP,barley,,
HART_S10.3_P2312_R3,2024-05-17,CROP,barley,,
HART_S1.3_P2312_R3,2024-05-17,CROP,barley,,
HART_S7_P3412_R3,2024-05-17,CROP,barley,,
HART_S7_P4123_R1,2024-06-04,CROP,lentil,,
HART_S6_P4123_R2,2024-06-04,CROP,lentil,,
HART_S7_P4123_R3,2024-06-04,CROP,lentil,,
HART_S1.2_P3123_R3,2024-06-04,CROP,lentil,,
HART_S8_P4123_R3,2024-06-04,CROP,lentil,,
HART_S1.2_P3123_R1,2024-06-04,CROP,lentil,,
HART_S8_P4123_R1,2024-06-04,CROP,lentil,,
HART_S1.1_P3123_R1,2024-06-04,CROP,lentil,,
HART_S1.2_P3123_R2,2024-06-04,CROP,lentil,,
HART_S3_P2341_R2,2024-06-04,CROP,lentil,,
HART_S4.1_P4123_R2,2024-06-04,CROP,lentil,,
HART_S3_P2341_R3,2024-06-04,CROP,lentil,,
HART_S1.3_P3123_R3,2024-06-04,CROP,lentil,,
HART_S6_P4123_R1,2024-06-04,CROP,lentil,,
HART_S4.3_P4123_R1,2024-06-04,CROP,lentil,,
HART_S3_P2341_R1,2024-06-04,CROP,lentil,,
HART_S1.3_P3123_R1,2024-06-04,CROP,lentil,,
HART_S1.1_P3123_R2,2024-06-04,CROP,lentil,,
HART_S4.2_P4123_R2,2024-06-04,CROP,lentil,,
HART_S4.1_P4123_R3,2024-06-04,CROP,lentil,,
HART_S4.2_P4123_R3,2024-06-04,CROP,lentil,,
HART_S4.3_P4123_R3,2024-06-04,CROP,lentil,,
HART_S6_P4123_R3,2024-06-04,CROP,lentil,,
HART_S4.1_P4123_R1,2024-06-04,CROP,lentil,,
HART_S3_P4123_R1,2024-06-04,CROP,lentil,,
HART_S4.2_P4123_R1,2024-06-04,CROP,lentil,,
HART_S4.3_P4123_R2,2024-06-04,CROP,lentil,,
HART_S8_P4123_R2,2024-06-04,CROP,lentil,,
HART_S7_P4123_R2,2024-06-04,CROP,lentil,,
HART_S3_P4123_R2,2024-06-04,CROP,lentil,,
HART_S1.3_P3123_R2,2024-06-04,CROP,lentil,,
HART_S1.1_P3123_R3,2024-06-04,CROP,lentil,,
HART_S3_P4123_R3,2024-06-04,CROP,lentil,,
HART_S10.1_P3123_R1,2024-06-04,CROP,canola,lentil,
HART_S10.2_P3123_R1,2024-06-04,CROP,canola,lentil,
HART_S10.3_P3123_R1,2024-06-04,CROP,canola,lentil,
HART_S10.2_P3123_R2,2024-06-04,CROP,canola,lentil,
HART_S10.3_P3123_R2,2024-06-04,CROP,canola,lentil,
HART_S10.1_P3123_R3,2024-06-04,CROP,canola,lentil,
HART_S10.2_P3123_R3,2024-06-04,CROP,canola,lentil,
HART_S10.1_P3123_R2,2024-06-04,CROP,canola,lentil,
HART_S10.3_P3123_R3,2024-06-04,CROP,canola,lentil,
HART_S7_P1234_R2,2024-06-04,CROP,fieldpea,,
HART_S7_P1234_R3,2024-06-04,CROP,fieldpea,,
HART_S7_P1234_R1,2024-06-04,CROP,fieldpea,,
HART_S9_P4123_R2,2024-05-17,CROP,vetch,,
HART_S9_P4123_R1,2024-05-17,CROP,vetch,,
HART_S9_P4123_R3,2024-05-17,CROP,vetch,,
HART_S2.1_P0000_R1,2024-05-17,CROP,barley,,
HART_S2.3_P0000_R1,2024-05-17,CROP,barley,,
HART_S2.3_P0000_R2,2024-05-17,CROP,barley,,
HART_S2.1_P0000_R3,2024-05-17,CROP,barley,,
HART_S2.1_P0000_R2,2024-05-17,CROP,barley,,
HART_S2.2_P0000_R2,2024-05-17,CROP,barley,,
HART_S2.3_P0000_R3,2024-05-17,CROP,barley,,
HART_S2.2_P0000_R1,2024-05-17,CROP,barley,,
HART_S2.2_P0000_R3,2024-05-17,CROP,barley,,
HART_S5_P0000_R1,2024-06-04,CROP,chickpea,,
HART_S5_P0000_R2,2024-06-04,CROP,chickpea,,
HART_S5_P0000_R3,2024-06-04,CROP,chickpea,,
HART_S5_P0000_R4,2024-06-04,CROP,chickpea,,
HART_S5_P0000_R5,2024-06-04,CROP,chickpea,,
HART_S5_P0000_R6,2024-06-04,CROP,chickpea,,
HART_S5_P0000_R7,2024-06-04,CROP,chickpea,,
HART_S5_P0000_R8,2024-06-04,CROP,chickpea,,
HART_S5_P0000_R9,2024-06-04,CROP,chickpea,,
HART_S1.1_P1231_R1,2024-11-21,FALLOW,wheat,,
HART_S1.1_P1231_R2,2024-11-21,FALLOW,wheat,,
HART_S1.1_P1231_R3,2024-11-21,FALLOW,wheat,,
HART_S1.1_P2312_R1,2024-11-21,FALLOW,barley,,
HART_S1.1_P2312_R2,2024-11-21,FALLOW,barley,,
HART_S1.1_P2312_R3,2024-11-21,FALLOW,barley,,
HART_S1.1_P3123_R1,2024-11-21,FALLOW,lentil,,
HART_S1.1_P3123_R2,2024-11-21,FALLOW,lentil,,
HART_S1.1_P3123_R3,2024-11-21,FALLOW,lentil,,
HART_S1.2_P1231_R1,2024-11-21,FALLOW,wheat,,
HART_S1.2_P1231_R2,2024-11-21,FALLOW,wheat,,
HART_S1.2_P1231_R3,2024-11-21,FALLOW,wheat,,
HART_S1.2_P2312_R1,2024-11-21,FALLOW,barley,,
HART_S1.2_P2312_R2,2024-11-21,FALLOW,barley,,
HART_S1.2_P2312_R3,2024-11-21,FALLOW,barley,,
HART_S1.2_P3123_R1,2024-11-21,FALLOW,lentil,,
HART_S1.2_P3123_R2,2024-11-21,FALLOW,lentil,,
HART_S1.2_P3123_R3,2024-11-21,FALLOW,lentil,,
HART_S1.3_P1231_R1,2024-11-21,FALLOW,wheat,,
HART_S1.3_P1231_R2,2024-11-21,FALLOW,wheat,,
HART_S1.3_P1231_R3,2024-11-21,FALLOW,wheat,,
HART_S1.3_P2312_R1,2024-11-21,FALLOW,barley,,
HART_S1.3_P2312_R2,2024-11-21,FALLOW,barley,,
HART_S1.3_P2312_R3,2024-11-21,FALLOW,barley,,
HART_S1.3_P3123_R1,2024-11-21,FALLOW,lentil,,
HART_S1.3_P3123_R2,2024-11-21,FALLOW,lentil,,
HART_S1.3_P3123_R3,2024-11-21,FALLOW,lentil,,
HART_S10.1_P1231_R1,2024-11-21,FALLOW,wheat,,
HART_S10.1_P1231_R2,2024-11-21,FALLOW,wheat,,
HART_S10.1_P1231_R3,2024-11-21,FALLOW,wheat,,
HART_S10.1_P2312_R1,2024-11-21,FALLOW,barley,,
HART_S10.1_P2312_R2,2024-11-21,FALLOW,barley,,
HART_S10.1_P2312_R3,2024-11-21,FALLOW,barley,,
HART_S10.1_P3123_R1,2024-11-21,FALLOW,canola,lentil,
HART_S10.1_P3123_R2,2024-11-21,FALLOW,canola,lentil,
HART_S10.1_P3123_R3,2024-11-21,FALLOW,canola,lentil,
HART_S10.2_P1231_R1,2024-11-21,FALLOW,wheat,,
HART_S10.2_P1231_R2,2024-11-21,FALLOW,wheat,,
HART_S10.2_P1231_R3,2024-11-21,FALLOW,wheat,,
HART_S10.2_P2312_R1,2024-11-21,FALLOW,barley,,
HART_S10.2_P2312_R2,2024-11-21,FALLOW,barley,,
HART_S10.2_P2312_R3,2024-11-21,FALLOW,barley,,
HART_S10.2_P3123_R1,2024-11-21,FALLOW,canola,lentil,
HART_S10.2_P3123_R2,2024-11-21,FALLOW,canola,lentil,
HART_S10.2_P3123_R3,2024-11-21,FALLOW,canola,lentil,
HART_S10.3_P1231_R1,2024-11-21,FALLOW,wheat,,
HART_S10.3_P1231_R2,2024-11-21,FALLOW,wheat,,
HART_S10.3_P1231_R3,2024-11-21,FALLOW,wheat,,
HART_S10.3_P2312_R1,2024-11-21,FALLOW,barley,,
HART_S10.3_P2312_R2,2024-11-21,FALLOW,barley,,
HART_S10.3_P2312_R3,2024-11-21,FALLOW,barley,,
HART_S10.3_P3123_R1,2024-11-21,FALLOW,canola,lentil,
HART_S10.3_P3123_R2,2024-11-21,FALLOW,canola,lentil,
HART_S10.3_P3123_R3,2024-11-21,FALLOW,canola,lentil,
HART_S2.1_P0000_R1,2024-11-21,FALLOW,barley,,
HART_S2.1_P0000_R2,2024-11-21,FALLOW,barley,,
HART_S2.1_P0000_R3,2024-11-21,FALLOW,barley,,
HART_S2.2_P0000_R1,2024-11-21,FALLOW,barley,,
HART_S2.2_P0000_R2,2024-11-21,FALLOW,barley,,
HART_S2.2_P0000_R3,2024-11-21,FALLOW,barley,,
HART_S2.3_P0000_R1,2024-11-21,FALLOW,barley,,
HART_S2.3_P0000_R2,2024-11-21,FALLOW,barley,,
HART_S2.3_P0000_R3,2024-11-21,FALLOW,barley,,
HART_S3_P1234_R1,2024-11-21,FALLOW,wheat,,
HART_S3_P1234_R2,2024-11-21,FALLOW,wheat,,
HART_S3_P1234_R3,2024-11-21,FALLOW,wheat,,
HART_S3_P2341_R1,2024-11-21,FALLOW,lentil,,
HART_S3_P2341_R2,2024-11-21,FALLOW,lentil,,
HART_S3_P2341_R3,2024-11-21,FALLOW,lentil,,
HART_S3_P3412_R1,2024-11-21,FALLOW,barley,,
HART_S3_P3412_R2,2024-11-21,FALLOW,barley,,
HART_S3_P3412_R3,2024-11-21,FALLOW,barley,,
HART_S3_P4123_R1,2024-11-21,FALLOW,lentil,,
HART_S3_P4123_R2,2024-11-21,FALLOW,lentil,,
HART_S3_P4123_R3,2024-11-21,FALLOW,lentil,,
HART_S4.1_P1234_R1,2024-11-21,FALLOW,wheat,,
HART_S4.1_P1234_R2,2024-11-21,FALLOW,wheat,,
HART_S4.1_P1234_R3,2024-11-21,FALLOW,wheat,,
HART_S4.1_P2341_R1,2024-11-21,FALLOW,canola,,
HART_S4.1_P2341_R2,2024-11-21,FALLOW,canola,,
HART_S4.1_P2341_R3,2024-11-21,FALLOW,canola,,
HART_S4.1_P3412_R1,2024-11-21,FALLOW,barley,,
HART_S4.1_P3412_R2,2024-11-21,FALLOW,barley,,
HART_S4.1_P3412_R3,2024-11-21,FALLOW,barley,,
HART_S4.1_P4123_R1,2024-11-21,FALLOW,lentil,,
HART_S4.1_P4123_R2,2024-11-21,FALLOW,lentil,,
HART_S4.1_P4123_R3,2024-11-21,FALLOW,lentil,,
HART_S4.2_P1234_R1,2024-11-21,FALLOW,wheat,,
HART_S4.2_P1234_R2,2024-11-21,FALLOW,wheat,,
HART_S4.2_P1234_R3,2024-11-21,FALLOW,wheat,,
HART_S4.2_P2341_R1,2024-11-21,FALLOW,canola,,
HART_S4.2_P2341_R2,2024-11-21,FALLOW,canola,,
HART_S4.2_P2341_R3,2024-11-21,FALLOW,canola,,
HART_S4.2_P3412_R1,2024-11-21,FALLOW,barley,,
HART_S4.2_P3412_R2,2024-11-21,FALLOW,barley,,
HART_S4.2_P3412_R3,2024-11-21,FALLOW,barley,,
HART_S4.2_P4123_R1,2024-11-21,FALLOW,lentil,,
HART_S4.2_P4123_R2,2024-11-21,FALLOW,lentil,,
HART_S4.2_P4123_R3,2024-11-21,FALLOW,lentil,,
HART_S4.3_P1234_R1,2024-11-21,FALLOW,wheat,,
HART_S4.3_P1234_R2,2024-11-21,FALLOW,wheat,,
HART_S4.3_P1234_R3,2024-11-21,FALLOW,wheat,,
HART_S4.3_P2341_R1,2024-11-21,FALLOW,canola,,
HART_S4.3_P2341_R2,2024-11-21,FALLOW,canola,,
HART_S4.3_P2341_R3,2024-11-21,FALLOW,canola,,
HART_S4.3_P3412_R1,2024-11-21,FALLOW,barley,,
HART_S4.3_P3412_R2,2024-11-21,FALLOW,barley,,
HART_S4.3_P3412_R3,2024-11-21,FALLOW,barley,,
HART_S4.3_P4123_R1,2024-11-21,FALLOW,lentil,,
HART_S4.3_P4123_R2,2024-11-21,FALLOW,lentil,,
HART_S4.3_P4123_R3,2024-11-21,FALLOW,lentil,,
HART_S5_P0000_R1,2024-11-21,FALLOW,chickpea,,
HART_S5_P0000_R2,2024-11-21,FALLOW,chickpea,,
HART_S5_P0000_R3,2024-11-21,FALLOW,chickpea,,
HART_S5_P0000_R4,2024-11-21,FALLOW,chickpea,,
HART_S5_P0000_R5,2024-11-21,FALLOW,chickpea,,
HART_S5_P0000_R6,2024-11-21,FALLOW,chickpea,,
HART_S5_P0000_R7,2024-11-21,FALLOW,chickpea,,
HART_S5_P0000_R8,2024-11-21,FALLOW,chickpea,,
HART_S5_P0000_R9,2024-11-21,FALLOW,chickpea,,
HART_S6_P1234_R1,2024-11-21,FALLOW,canola,,
HART_S6_P1234_R2,2024-11-21,FALLOW,canola,,
HART_S6_P1234_R3,2024-11-21,FALLOW,canola,,
HART_S6_P2341_R1,2024-11-21,FALLOW,wheat,,
HART_S6_P2341_R2,2024-11-21,FALLOW,wheat,,
HART_S6_P2341_R3,2024-11-21,FALLOW,wheat,,
HART_S6_P3412_R1,2024-11-21,FALLOW,barley,,
HART_S6_P3412_R2,2024-11-21,FALLOW,barley,,
HART_S6_P3412_R3,2024-11-21,FALLOW,barley,,
HART_S6_P4123_R1,2024-11-21,FALLOW,lentil,,
HART_S6_P4123_R2,2024-11-21,FALLOW,lentil,,
HART_S6_P4123_R3,2024-11-21,FALLOW,lentil,,
HART_S7_P1234_R1,2024-11-21,FALLOW,fieldpea,,
HART_S7_P1234_R2,2024-11-21,FALLOW,fieldpea,,
HART_S7_P1234_R3,2024-11-21,FALLOW,fieldpea,,
HART_S7_P2341_R1,2024-11-21,FALLOW,wheat,,
HART_S7_P2341_R2,2024-11-21,FALLOW,wheat,,
HART_S7_P2341_R3,2024-11-21,FALLOW,wheat,,
HART_S7_P3412_R1,2024-11-21,FALLOW,barley,,
HART_S7_P3412_R2,2024-11-21,FALLOW,barley,,
HART_S7_P3412_R3,2024-11-21,FALLOW,barley,,
HART_S7_P4123_R1,2024-11-21,FALLOW,lentil,,
HART_S7_P4123_R2,2024-11-21,FALLOW,lentil,,
HART_S7_P4123_R3,2024-11-21,FALLOW,lentil,,
HART_S8_P1234_R1,2024-11-21,FALLOW,wheat,,
HART_S8_P1234_R2,2024-11-21,FALLOW,wheat,,
HART_S8_P1234_R3,2024-11-21,FALLOW,wheat,,
HART_S8_P2341_R1,2024-11-21,FALLOW,barley,,
HART_S8_P2341_R2,2024-11-21,FALLOW,barley,,
HART_S8_P2341_R3,2024-11-21,FALLOW,barley,,
HART_S8_P3412_R1,2024-11-21,FALLOW,wheat,,
HART_S8_P3412_R2,2024-11-21,FALLOW,wheat,,
HART_S8_P3412_R3,2024-11-21,FALLOW,wheat,,
HART_S8_P4123_R1,2024-11-21,FALLOW,lentil,,
HART_S8_P4123_R2,2024-11-21,FALLOW,lentil,,
HART_S8_P4123_R3,2024-11-21,FALLOW,lentil,,
HART_S9_P1234_R1,2024-11-21,FALLOW,canola,,
HART_S9_P1234_R2,2024-11-21,FALLOW,canola,,
HART_S9_P1234_R3,2024-11-21,FALLOW,canola,,
HART_S9_P2341_R1,2024-11-21,FALLOW,wheat,,
HART_S9_P2341_R2,2024-11-21,FALLOW,wheat,,
HART_S9_P2341_R3,2024-11-21,FALLOW,wheat,,
HART_S9_P3412_R1,2024-11-21,FALLOW,barley,,
HART_S9_P3412_R2,2024-11-21,FALLOW,barley,,
HART_S9_P3412_R3,2024-11-21,FALLOW,barley,,
HART_S9_P4123_R1,2024-11-21,FALLOW,vetch,,
HART_S9_P4123_R2,2024-11-21,FALLOW,vetch,,
HART_S9_P4123_R3,2024-11-21,FALLOW,vetch,,
HART_S10.1_P3123_R1,2025-06-03,CROP,wheat,,
HART_S10.2_P3123_R1,2025-06-03,CROP,wheat,,
HART_S10.3_P3123_R1,2025-06-03,CROP,wheat,,
HART_S1.2_P3123_R3,2025-06-03,CROP,wheat,,
HART_S1.2_P3123_R1,2025-06-03,CROP,wheat,,
HART_S1.1_P3123_R1,2025-06-03,CROP,wheat,,
HART_S10.2_P3123_R2,2025-06-03,CROP,wheat,,
HART_S1.2_P3123_R2,2025-06-03,CROP,wheat,,
HART_S10.3_P3123_R2,2025-06-03,CROP,wheat,,
HART_S4.1_P4123_R2,2025-06-03,CROP,wheat,,
HART_S10.1_P3123_R3,2025-06-03,CROP,wheat,,
HART_S6_P1234_R3,2025-06-03,CROP,wheat,,
HART_S10.2_P3123_R3,2025-06-03,CROP,wheat,,
HART_S1.3_P3123_R3,2025-06-03,CROP,wheat,,
HART_S4.3_P4123_R1,2025-06-03,CROP,wheat,,
HART_S6_P1234_R1,2025-06-03,CROP,wheat,,
HART_S1.3_P3123_R1,2025-06-03,CROP,wheat,,
HART_S1.1_P3123_R2,2025-06-03,CROP,wheat,,
HART_S10.1_P3123_R2,2025-06-03,CROP,wheat,,
HART_S4.2_P4123_R2,2025-06-03,CROP,wheat,,
HART_S6_P1234_R2,2025-06-03,CROP,wheat,,
HART_S10.3_P3123_R3,2025-06-03,CROP,wheat,,
HART_S4.1_P4123_R3,2025-06-03,CROP,wheat,,
HART_S4.2_P4123_R3,2025-06-03,CROP,wheat,,
HART_S4.3_P4123_R3,2025-06-03,CROP,wheat,,
HART_S4.1_P4123_R1,2025-06-03,CROP,wheat,,
HART_S3_P4123_R1,2025-06-03,CROP,wheat,,
HART_S9_P1234_R1,2025-06-03,CROP,wheat,,
HART_S4.2_P4123_R1,2025-06-03,CROP,wheat,,
HART_S4.3_P4123_R2,2025-06-03,CROP,wheat,,
HART_S3_P4123_R2,2025-06-03,CROP,wheat,,
HART_S9_P1234_R2,2025-06-03,CROP,wheat,,
HART_S1.3_P3123_R2,2025-06-03,CROP,wheat,,
HART_S9_P1234_R3,2025-06-03,CROP,wheat,,
HART_S1.1_P3123_R3,2025-06-03,CROP,wheat,,
HART_S3_P4123_R3,2025-06-03,CROP,wheat,,
HART_S7_P1234_R2,2025-06-03,CROP,wheat,,
HART_S7_P1234_R3,2025-06-03,CROP,wheat,,
HART_S8_P2341_R3,2025-06-03,CROP,wheat,,
HART_S8_P4123_R3,2025-06-03,CROP,wheat,,
HART_S8_P4123_R1,2025-06-03,CROP,wheat,,
HART_S7_P1234_R1,2025-06-03,CROP,wheat,,
HART_S8_P2341_R1,2025-06-03,CROP,wheat,,
HART_S8_P2341_R2,2025-06-03,CROP,wheat,,
HART_S8_P4123_R2,2025-06-03,CROP,wheat,,
HART_S2.1_P0000_R1,2025-06-03,CROP,lentil,,
HART_S7_P3412_R1,2025-06-03,CROP,lentil,,
HART_S4.2_P3412_R1,2025-06-03,CROP,lentil,,
HART_S6_P3412_R1,2025-06-03,CROP,lentil,,
HART_S2.3_P0000_R1,2025-06-03,CROP,lentil,,
HART_S4.3_P3412_R1,2025-06-03,CROP,lentil,,
HART_S1.2_P2312_R1,2025-06-03,CROP,lentil,,
HART_S2.3_P0000_R2,2025-06-03,CROP,lentil,,
HART_S4.2_P3412_R2,2025-06-03,CROP,lentil,,
HART_S3_P3412_R2,2025-06-03,CROP,lentil,,
HART_S6_P3412_R2,2025-06-03,CROP,lentil,,
HART_S7_P3412_R2,2025-06-03,CROP,lentil,,
HART_S1.1_P2312_R3,2025-06-03,CROP,lentil,,
HART_S4.3_P3412_R3,2025-06-03,CROP,lentil,,
HART_S3_P1234_R3,2025-06-03,CROP,lentil,,
HART_S4.1_P3412_R1,2025-06-03,CROP,lentil,,
HART_S1.3_P2312_R1,2025-06-03,CROP,lentil,,
HART_S1.2_P2312_R2,2025-06-03,CROP,lentil,,
HART_S1.1_P2312_R2,2025-06-03,CROP,lentil,,
HART_S8_P3412_R2,2025-06-03,CROP,lentil,,
HART_S4.1_P3412_R3,2025-06-03,CROP,lentil,,
HART_S2.1_P0000_R3,2025-06-03,CROP,lentil,,
HART_S1.2_P2312_R3,2025-06-03,CROP,lentil,,
HART_S8_P3412_R3,2025-06-03,CROP,lentil,,
HART_S1.1_P2312_R1,2025-06-03,CROP,lentil,,
HART_S2.1_P0000_R2,2025-06-03,CROP,lentil,,
HART_S4.3_P3412_R2,2025-06-03,CROP,lentil,,
HART_S1.3_P2312_R2,2025-06-03,CROP,lentil,,
HART_S2.2_P0000_R2,2025-06-03,CROP,lentil,,
HART_S4.1_P3412_R2,2025-06-03,CROP,lentil,,
HART_S2.3_P0000_R3,2025-06-03,CROP,lentil,,
HART_S3_P3412_R1,2025-06-03,CROP,lentil,,
HART_S2.2_P0000_R1,2025-06-03,CROP,lentil,,
HART_S3_P1234_R1,2025-06-03,CROP,lentil,,
HART_S8_P3412_R1,2025-06-03,CROP,lentil,,
HART_S3_P1234_R2,2025-06-03,CROP,lentil,,
HART_S6_P3412_R3,2025-06-03,CROP,lentil,,
HART_S3_P3412_R3,2025-06-03,CROP,lentil,,
HART_S4.2_P3412_R3,2025-06-03,CROP,lentil,,
HART_S1.3_P2312_R3,2025-06-03,CROP,lentil,,
HART_S7_P3412_R3,2025-06-03,CROP,lentil,,
HART_S2.2_P0000_R3,2025-06-03,CROP,lentil,,
HART_S10.1_P1231_R2,2025-06-03,CROP,barley,,
HART_S1.2_P1231_R2,2025-06-03,CROP,barley,,
HART_S9_P2341_R2,2025-06-03,CROP,barley,,
HART_S7_P2341_R2,2025-06-03,CROP,barley,,
HART_S4.1_P2341_R2,2025-06-03,CROP,barley,,
HART_S1.2_P1231_R3,2025-06-03,CROP,barley,,
HART_S10.2_P1231_R3,2025-06-03,CROP,barley,,
HART_S4.2_P2341_R3,2025-06-03,CROP,barley,,
HART_S7_P2341_R3,2025-06-03,CROP,barley,,
HART_S1.3_P1231_R1,2025-06-03,CROP,barley,,
HART_S1.1_P1231_R1,2025-06-03,CROP,barley,,
HART_S4.1_P2341_R1,2025-06-03,CROP,barley,,
HART_S6_P2341_R1,2025-06-03,CROP,barley,,
HART_S10.3_P1231_R2,2025-06-03,CROP,barley,,
HART_S10.2_P1231_R2,2025-06-03,CROP,barley,,
HART_S3_P2341_R2,2025-06-03,CROP,barley,,
HART_S8_P1234_R3,2025-06-03,CROP,barley,,
HART_S3_P2341_R3,2025-06-03,CROP,barley,,
HART_S9_P2341_R3,2025-06-03,CROP,barley,,
HART_S6_P2341_R3,2025-06-03,CROP,barley,,
HART_S9_P2341_R1,2025-06-03,CROP,barley,,
HART_S10.2_P1231_R1,2025-06-03,CROP,barley,,
HART_S3_P2341_R1,2025-06-03,CROP,barley,,
HART_S10.3_P1231_R1,2025-06-03,CROP,barley,,
HART_S10.1_P1231_R1,2025-06-03,CROP,barley,,
HART_S4.3_P2341_R1,2025-06-03,CROP,barley,,
HART_S8_P1234_R2,2025-06-03,CROP,barley,,
HART_S4.2_P2341_R2,2025-06-03,CROP,barley,,
HART_S4.3_P2341_R2,2025-06-03,CROP,barley,,
HART_S1.1_P1231_R3,2025-06-03,CROP,barley,,
HART_S4.1_P2341_R3,2025-06-03,CROP,barley,,
HART_S10.1_P1231_R3,2025-06-03,CROP,barley,,
HART_S4.3_P2341_R3,2025-06-03,CROP,barley,,
HART_S10.3_P1231_R3,2025-06-03,CROP,barley,,
HART_S7_P2341_R1,2025-06-03,CROP,barley,,
HART_S4.2_P2341_R1,2025-06-03,CROP,barley,,
HART_S1.2_P1231_R1,2025-06-03,CROP,barley,,
HART_S8_P1234_R1,2025-06-03,CROP,barley,,
HART_S6_P2341_R2,2025-06-03,CROP,barley,,
HART_S1.3_P1231_R2,2025-06-03,CROP,barley,,
HART_S1.1_P1231_R2,2025-06-03,CROP,barley,,
HART_S1.3_P1231_R3,2025-06-03,CROP,barley,,
HART_S4.2_P1234_R1,2025-04-30,CROP,canola,,
HART_S4.3_P1234_R2,2025-04-30,CROP,canola,,
HART_S9_P4123_R2,2025-04-30,CROP,canola,,
HART_S6_P4123_R2,2025-04-30,CROP,canola,,
HART_S4.1_P1234_R3,2025-04-30,CROP,canola,,
HART_S4.1_P1234_R1,2025-04-30,CROP,canola,,
HART_S9_P4123_R1,2025-04-30,CROP,canola,,
HART_S6_P4123_R1,2025-04-30,CROP,canola,,
HART_S4.1_P1234_R2,2025-04-30,CROP,canola,,
HART_S6_P4123_R3,2025-04-30,CROP,canola,,
HART_S4.2_P1234_R3,2025-04-30,CROP,canola,,
HART_S4.3_P1234_R1,2025-04-30,CROP,canola,,
HART_S4.2_P1234_R2,2025-04-30,CROP,canola,,
HART_S4.3_P1234_R3,2025-04-30,CROP,canola,,
HART_S9_P4123_R3,2025-04-30,CROP,canola,,
HART_S7_P4123_R1,2025-06-03,CROP,fieldpea,,
HART_S7_P4123_R3,2025-06-03,CROP,fieldpea,,
HART_S7_P4123_R2,2025-06-03,CROP,fieldpea,,
HART_S10.2_P2312_R1,2025-06-03,CROP,canola,lentil,
HART_S10.1_P2312_R2,2025-06-03,CROP,canola,lentil,
HART_S10.2_P2312_R2,2025-06-03,CROP,canola,lentil,
HART_S10.3_P2312_R2,2025-06-03,CROP,canola,lentil,
HART_S10.3_P2312_R1,2025-06-03,CROP,canola,lentil,
HART_S10.1_P2312_R1,2025-06-03,CROP,canola,lentil,
HART_S10.1_P2312_R3,2025-06-03,CROP,canola,lentil,
HART_S10.2_P2312_R3,2025-06-03,CROP,canola,lentil,
HART_S10.3_P2312_R3,2025-06-03,CROP,canola,lentil,
HART_S9_P3412_R1,2025-04-30,CROP,vetch,,
HART_S9_P3412_R2,2025-04-30,CROP,vetch,,
HART_S9_P3412_R3,2025-04-30,CROP,vetch,,
HART_S5_P0000_R1,2025-06-03,CROP,oat,,
HART_S5_P0000_R2,2025-06-03,CROP,oat,,
HART_S5_P0000_R3,2025-06-03,CROP,oat,,
HART_S5_P0000_R4,2025-06-03,CROP,oat,,
HART_S5_P0000_R5,2025-06-03,CROP,oat,,
HART_S5_P0000_R6,2025-06-03,CROP,oat,,
HART_S5_P0000_R7,2025-06-03,CROP,oat,,
HART_S5_P0000_R8,2025-06-03,CROP,oat,,
HART_S5_P0000_R9,2025-06-03,CROP,oat,,
HART_S1.1_P1231_R1,2025-11-15,FALLOW,barley,,
HART_S1.1_P1231_R2,2025-11-15,FALLOW,barley,,
HART_S1.1_P1231_R3,2025-11-15,FALLOW,barley,,
HART_S1.1_P2312_R1,2025-11-15,FALLOW,lentil,,
HART_S1.1_P2312_R2,2025-11-15,FALLOW,lentil,,
HART_S1.1_P2312_R3,2025-11-15,FALLOW,lentil,,
HART_S1.1_P3123_R1,2025-11-15,FALLOW,wheat,,
HART_S1.1_P3123_R2,2025-11-15,FALLOW,wheat,,
HART_S1.1_P3123_R3,2025-11-15,FALLOW,wheat,,
HART_S1.2_P1231_R1,2025-11-15,FALLOW,barley,,
HART_S1.2_P1231_R2,2025-11-15,FALLOW,barley,,
HART_S1.2_P1231_R3,2025-11-15,FALLOW,barley,,
HART_S1.2_P2312_R1,2025-11-15,FALLOW,lentil,,
HART_S1.2_P2312_R2,2025-11-15,FALLOW,lentil,,
HART_S1.2_P2312_R3,2025-11-15,FALLOW,lentil,,
HART_S1.2_P3123_R1,2025-11-15,FALLOW,wheat,,
HART_S1.2_P3123_R2,2025-11-15,FALLOW,wheat,,
HART_S1.2_P3123_R3,2025-11-15,FALLOW,wheat,,
HART_S1.3_P1231_R1,2025-11-15,FALLOW,barley,,
HART_S1.3_P1231_R2,2025-11-15,FALLOW,barley,,
HART_S1.3_P1231_R3,2025-11-15,FALLOW,barley,,
HART_S1.3_P2312_R1,2025-11-15,FALLOW,lentil,,
HART_S1.3_P2312_R2,2025-11-15,FALLOW,lentil,,
HART_S1.3_P2312_R3,2025-11-15,FALLOW,lentil,,
HART_S1.3_P3123_R1,2025-11-15,FALLOW,wheat,,
HART_S1.3_P3123_R2,2025-11-15,FALLOW,wheat,,
HART_S1.3_P3123_R3,2025-11-15,FALLOW,wheat,,
HART_S10.1_P1231_R1,2025-11-15,FALLOW,barley,,
HART_S10.1_P1231_R2,2025-11-15,FALLOW,barley,,
HART_S10.1_P1231_R3,2025-11-15,FALLOW,barley,,
HART_S10.1_P2312_R1,2025-11-15,FALLOW,canola,lentil,
HART_S10.1_P2312_R2,2025-11-15,FALLOW,canola,lentil,
HART_S10.1_P2312_R3,2025-11-15,FALLOW,canola,lentil,
HART_S10.1_P3123_R1,2025-11-15,FALLOW,wheat,,
HART_S10.1_P3123_R2,2025-11-15,FALLOW,wheat,,
HART_S10.1_P3123_R3,2025-11-15,FALLOW,wheat,,
HART_S10.2_P1231_R1,2025-11-15,FALLOW,barley,,
HART_S10.2_P1231_R2,2025-11-15,FALLOW,barley,,
HART_S10.2_P1231_R3,2025-11-15,FALLOW,barley,,
HART_S10.2_P2312_R1,2025-11-15,FALLOW,canola,lentil,
HART_S10.2_P2312_R2,2025-11-15,FALLOW,canola,lentil,
HART_S10.2_P2312_R3,2025-11-15,FALLOW,canola,lentil,
HART_S10.2_P3123_R1,2025-11-15,FALLOW,wheat,,
HART_S10.2_P3123_R2,2025-11-15,FALLOW,wheat,,
HART_S10.2_P3123_R3,2025-11-15,FALLOW,wheat,,
HART_S10.3_P1231_R1,2025-11-15,FALLOW,barley,,
HART_S10.3_P1231_R2,2025-11-15,FALLOW,barley,,
HART_S10.3_P1231_R3,2025-11-15,FALLOW,barley,,
HART_S10.3_P2312_R1,2025-11-15,FALLOW,canola,lentil,
HART_S10.3_P2312_R2,2025-11-15,FALLOW,canola,lentil,
HART_S10.3_P2312_R3,2025-11-15,FALLOW,canola,lentil,
HART_S10.3_P3123_R1,2025-11-15,FALLOW,wheat,,
HART_S10.3_P3123_R2,2025-11-15,FALLOW,wheat,,
HART_S10.3_P3123_R3,2025-11-15,FALLOW,wheat,,
HART_S2.1_P0000_R1,2025-11-15,FALLOW,lentil,,
HART_S2.1_P0000_R2,2025-11-15,FALLOW,lentil,,
HART_S2.1_P0000_R3,2025-11-15,FALLOW,lentil,,
HART_S2.2_P0000_R1,2025-11-15,FALLOW,lentil,,
HART_S2.2_P0000_R2,2025-11-15,FALLOW,lentil,,
HART_S2.2_P0000_R3,2025-11-15,FALLOW,lentil,,
HART_S2.3_P0000_R1,2025-11-15,FALLOW,lentil,,
HART_S2.3_P0000_R2,2025-11-15,FALLOW,lentil,,
HART_S2.3_P0000_R3,2025-11-15,FALLOW,lentil,,
HART_S3_P1234_R1,2025-11-15,FALLOW,lentil,,
HART_S3_P1234_R2,2025-11-15,FALLOW,lentil,,
HART_S3_P1234_R3,2025-11-15,FALLOW,lentil,,
HART_S3_P2341_R1,2025-11-15,FALLOW,barley,,
HART_S3_P2341_R2,2025-11-15,FALLOW,barley,,
HART_S3_P2341_R3,2025-11-15,FALLOW,barley,,
HART_S3_P3412_R1,2025-11-15,FALLOW,lentil,,
HART_S3_P3412_R2,2025-11-15,FALLOW,lentil,,
HART_S3_P3412_R3,2025-11-15,FALLOW,lentil,,
HART_S3_P4123_R1,2025-11-15,FALLOW,wheat,,
HART_S3_P4123_R2,2025-11-15,FALLOW,wheat,,
HART_S3_P4123_R3,2025-11-15,FALLOW,wheat,,
HART_S4.1_P1234_R1,2025-11-15,FALLOW,canola,,
HART_S4.1_P1234_R2,2025-11-15,FALLOW,canola,,
HART_S4.1_P1234_R3,2025-11-15,FALLOW,canola,,
HART_S4.1_P2341_R1,2025-11-15,FALLOW,barley,,
HART_S4.1_P2341_R2,2025-11-15,FALLOW,barley,,
HART_S4.1_P2341_R3,2025-11-15,FALLOW,barley,,
HART_S4.1_P3412_R1,2025-11-15,FALLOW,lentil,,
HART_S4.1_P3412_R2,2025-11-15,FALLOW,lentil,,
HART_S4.1_P3412_R3,2025-11-15,FALLOW,lentil,,
HART_S4.1_P4123_R1,2025-11-15,FALLOW,wheat,,
HART_S4.1_P4123_R2,2025-11-15,FALLOW,wheat,,
HART_S4.1_P4123_R3,2025-11-15,FALLOW,wheat,,
HART_S4.2_P1234_R1,2025-11-15,FALLOW,canola,,
HART_S4.2_P1234_R2,2025-11-15,FALLOW,canola,,
HART_S4.2_P1234_R3,2025-11-15,FALLOW,canola,,
HART_S4.2_P2341_R1,2025-11-15,FALLOW,barley,,
HART_S4.2_P2341_R2,2025-11-15,FALLOW,barley,,
HART_S4.2_P2341_R3,2025-11-15,FALLOW,barley,,
HART_S4.2_P3412_R1,2025-11-15,FALLOW,lentil,,
HART_S4.2_P3412_R2,2025-11-15,FALLOW,lentil,,
HART_S4.2_P3412_R3,2025-11-15,FALLOW,lentil,,
HART_S4.2_P4123_R1,2025-11-15,FALLOW,wheat,,
HART_S4.2_P4123_R2,2025-11-15,FALLOW,wheat,,
HART_S4.2_P4123_R3,2025-11-15,FALLOW,wheat,,
HART_S4.3_P1234_R1,2025-11-15,FALLOW,canola,,
HART_S4.3_P1234_R2,2025-11-15,FALLOW,canola,,
HART_S4.3_P1234_R3,2025-11-15,FALLOW,canola,,
HART_S4.3_P2341_R1,2025-11-15,FALLOW,barley,,
HART_S4.3_P2341_R2,2025-11-15,FALLOW,barley,,
HART_S4.3_P2341_R3,2025-11-15,FALLOW,barley,,
HART_S4.3_P3412_R1,2025-11-15,FALLOW,lentil,,
HART_S4.3_P3412_R2,2025-11-15,FALLOW,lentil,,
HART_S4.3_P3412_R3,2025-11-15,FALLOW,lentil,,
HART_S4.3_P4123_R1,2025-11-15,FALLOW,wheat,,
HART_S4.3_P4123_R2,2025-11-15,FALLOW,wheat,,
HART_S4.3_P4123_R3,2025-11-15,FALLOW,wheat,,
HART_S5_P0000_R1,2025-11-15,FALLOW,oat,,
HART_S5_P0000_R2,2025-11-15,FALLOW,oat,,
HART_S5_P0000_R3,2025-11-15,FALLOW,oat,,
HART_S6_P1234_R1,2025-11-15,FALLOW,wheat,,
HART_S6_P1234_R2,2025-11-15,FALLOW,wheat,,
HART_S6_P1234_R3,2025-11-15,FALLOW,wheat,,
HART_S6_P2341_R1,2025-11-15,FALLOW,barley,,
HART_S6_P2341_R2,2025-11-15,FALLOW,barley,,
HART_S6_P2341_R3,2025-11-15,FALLOW,barley,,
HART_S6_P3412_R1,2025-11-15,FALLOW,lentil,,
HART_S6_P3412_R2,2025-11-15,FALLOW,lentil,,
HART_S6_P3412_R3,2025-11-15,FALLOW,lentil,,
HART_S6_P4123_R1,2025-11-15,FALLOW,canola,,
HART_S6_P4123_R2,2025-11-15,FALLOW,canola,,
HART_S6_P4123_R3,2025-11-15,FALLOW,canola,,
HART_S7_P1234_R1,2025-11-15,FALLOW,wheat,,
HART_S7_P1234_R2,2025-11-15,FALLOW,wheat,,
HART_S7_P1234_R3,2025-11-15,FALLOW,wheat,,
HART_S7_P2341_R1,2025-11-15,FALLOW,barley,,
HART_S7_P2341_R2,2025-11-15,FALLOW,barley,,
HART_S7_P2341_R3,2025-11-15,FALLOW,barley,,
HART_S7_P3412_R1,2025-11-15,FALLOW,lentil,,
HART_S7_P3412_R2,2025-11-15,FALLOW,lentil,,
HART_S7_P3412_R3,2025-11-15,FALLOW,lentil,,
HART_S7_P4123_R1,2025-11-15,FALLOW,fieldpea,,
HART_S7_P4123_R2,2025-11-15,FALLOW,fieldpea,,
HART_S7_P4123_R3,2025-11-15,FALLOW,fieldpea,,
HART_S8_P1234_R1,2025-11-15,FALLOW,barley,,
HART_S8_P1234_R2,2025-11-15,FALLOW,barley,,
HART_S8_P1234_R3,2025-11-15,FALLOW,barley,,
HART_S8_P2341_R1,2025-11-15,FALLOW,wheat,,
HART_S8_P2341_R2,2025-11-15,FALLOW,wheat,,
HART_S8_P2341_R3,2025-11-15,FALLOW,wheat,,
HART_S8_P3412_R1,2025-11-15,FALLOW,lentil,,
HART_S8_P3412_R2,2025-11-15,FALLOW,lentil,,
HART_S8_P3412_R3,2025-11-15,FALLOW,lentil,,
HART_S8_P4123_R1,2025-11-15,FALLOW,wheat,,
HART_S8_P4123_R2,2025-11-15,FALLOW,wheat,,
HART_S8_P4123_R3,2025-11-15,FALLOW,wheat,,
HART_S9_P1234_R1,2025-11-15,FALLOW,wheat,,
HART_S9_P1234_R2,2025-11-15,FALLOW,wheat,,
HART_S9_P1234_R3,2025-11-15,FALLOW,wheat,,
HART_S9_P2341_R1,2025-11-15,FALLOW,barley,,
HART_S9_P2341_R2,2025-11-15,FALLOW,barley,,
HART_S9_P2341_R3,2025-11-15,FALLOW,barley,,
HART_S9_P3412_R1,2025-11-15,FALLOW,vetch,,
HART_S9_P3412_R2,2025-11-15,FALLOW,vetch,,
HART_S9_P3412_R3,2025-11-15,FALLOW,vetch,,
HART_S9_P4123_R1,2025-11-15,FALLOW,canola,,
HART_S9_P4123_R2,2025-11-15,FALLOW,canola,,
HART_S9_P4123_R3,2025-11-15,FALLOW,canola,,
MANANG_S1.1_P1231_R1,2025-05-07,CROP,wheat,,
MANANG_S1.1_P1231_R2,2025-05-07,CROP,wheat,,
MANANG_S1.1_P1231_R3,2025-05-07,CROP,wheat,,
MANANG_S1.1_P2312_R1,2025-05-07,CROP,lentil,,
MANANG_S1.1_P2312_R2,2025-05-07,CROP,lentil,,
MANANG_S1.1_P2312_R3,2025-05-07,CROP,lentil,,
MANANG_S1.1_P3123_R1,2025-05-07,CROP,wheat,,
MANANG_S1.1_P3123_R2,2025-05-07,CROP,wheat,,
MANANG_S1.1_P3123_R3,2025-05-07,CROP,wheat,,
MANANG_S1.2_P1231_R1,2025-05-07,CROP,wheat,,
MANANG_S1.2_P1231_R2,2025-05-07,CROP,wheat,,
MANANG_S1.2_P1231_R3,2025-05-07,CROP,wheat,,
MANANG_S1.2_P2312_R1,2025-05-07,CROP,lentil,,
MANANG_S1.2_P2312_R2,2025-05-07,CROP,lentil,,
MANANG_S1.2_P2312_R3,2025-05-07,CROP,lentil,,
MANANG_S1.2_P3123_R1,2025-05-07,CROP,wheat,,
MANANG_S1.2_P3123_R2,2025-05-07,CROP,wheat,,
MANANG_S1.2_P3123_R3,2025-05-07,CROP,wheat,,
MANANG_S1.3_P1231_R1,2025-05-07,CROP,wheat,,
MANANG_S1.3_P1231_R2,2025-05-07,CROP,wheat,,
MANANG_S1.3_P1231_R3,2025-05-07,CROP,wheat,,
MANANG_S1.3_P2312_R1,2025-05-07,CROP,lentil,,
MANANG_S1.3_P2312_R2,2025-05-07,CROP,lentil,,
MANANG_S1.3_P2312_R3,2025-05-07,CROP,lentil,,
MANANG_S1.3_P3123_R1,2025-05-07,CROP,wheat,,
MANANG_S1.3_P3123_R2,2025-05-07,CROP,wheat,,
MANANG_S1.3_P3123_R3,2025-05-07,CROP,wheat,,
MANANG_S10.1_P1231_R1,2025-05-07,CROP,wheat,,
MANANG_S10.1_P1231_R2,2025-05-07,CROP,wheat,,
MANANG_S10.1_P1231_R3,2025-05-07,CROP,wheat,,
MANANG_S10.1_P2312_R1,2025-05-07,CROP,wheat,vetch,
MANANG_S10.1_P2312_R2,2025-05-07,CROP,wheat,vetch,
MANANG_S10.1_P2312_R3,2025-05-07,CROP,wheat,vetch,
MANANG_S10.1_P3123_R1,2025-05-07,CROP,wheat,,
MANANG_S10.1_P3123_R2,2025-05-07,CROP,wheat,,
MANANG_S10.1_P3123_R3,2025-05-07,CROP,wheat,,
MANANG_S10.2_P1231_R1,2025-05-07,CROP,wheat,,
MANANG_S10.2_P1231_R2,2025-05-07,CROP,wheat,,
MANANG_S10.2_P1231_R3,2025-05-07,CROP,wheat,,
MANANG_S10.2_P2312_R1,2025-05-07,CROP,wheat,vetch,
MANANG_S10.2_P2312_R2,2025-05-07,CROP,wheat,vetch,
MANANG_S10.2_P2312_R3,2025-05-07,CROP,wheat,vetch,
MANANG_S10.2_P3123_R1,2025-05-07,CROP,wheat,,
MANANG_S10.2_P3123_R2,2025-05-07,CROP,wheat,,
MANANG_S10.2_P3123_R3,2025-05-07,CROP,wheat,,
MANANG_S11_P1212_R1,2025-05-07,CROP,wheat,vetch,
MANANG_S11_P1212_R2,2025-05-07,CROP,wheat,vetch,
MANANG_S11_P1212_R3,2025-05-07,CROP,wheat,vetch,
MANANG_S11_P2121_R1,2025-05-07,CROP,wheat,,
MANANG_S11_P2121_R2,2025-05-07,CROP,wheat,,
MANANG_S11_P2121_R3,2025-05-07,CROP,wheat,,
MANANG_S12_P0000_R1,2025-05-07,CROP,barley,,
MANANG_S12_P0000_R2,2025-05-07,CROP,barley,,
MANANG_S12_P0000_R3,2025-05-07,CROP,barley,,
MANANG_S12_P0000_R4,2025-05-07,CROP,barley,,
MANANG_S12_P0000_R5,2025-05-07,CROP,barley,,
MANANG_S12_P0000_R6,2025-05-07,CROP,barley,,
MANANG_S12_P0000_R7,2025-05-07,CROP,barley,,
MANANG_S12_P0000_R8,2025-05-07,CROP,barley,,
MANANG_S12_P0000_R9,2025-05-07,CROP,barley,,
MANANG_S13_P0000_R1,2025-05-07,CROP,barley,,
MANANG_S13_P0000_R2,2025-05-07,CROP,barley,,
MANANG_S13_P0000_R3,2025-05-07,CROP,barley,,
MANANG_S13_P0000_R4,2025-05-07,CROP,barley,,
MANANG_S13_P0000_R5,2025-05-07,CROP,barley,,
MANANG_S13_P0000_R6,2025-05-07,CROP,barley,,
MANANG_S13_P0000_R7,2025-05-07,CROP,barley,,
MANANG_S13_P0000_R8,2025-05-07,CROP,barley,,
MANANG_S13_P0000_R9,2025-05-07,CROP,barley,,
MANANG_S2_P1212_R1,2025-05-07,CROP,lentil,,
MANANG_S2_P1212_R2,2025-05-07,CROP,lentil,,
MANANG_S2_P1212_R3,2025-05-07,CROP,lentil,,
MANANG_S2_P2121_R1,2025-05-07,CROP,wheat,,
MANANG_S2_P2121_R2,2025-05-07,CROP,wheat,,
MANANG_S2_P2121_R3,2025-05-07,CROP,wheat,,
MANANG_S3_P1231_R1,2025-05-07,CROP,wheat,,
MANANG_S3_P1231_R2,2025-05-07,CROP,wheat,,
MANANG_S3_P1231_R3,2025-05-07,CROP,wheat,,
MANANG_S3_P2312_R1,2025-05-07,CROP,lentil,,
MANANG_S3_P2312_R2,2025-05-07,CROP,lentil,,
MANANG_S3_P2312_R3,2025-05-07,CROP,lentil,,
MANANG_S3_P3123_R1,2025-05-07,CROP,lentil,,
MANANG_S3_P3123_R2,2025-05-07,CROP,lentil,,
MANANG_S3_P3123_R3,2025-05-07,CROP,lentil,,
MANANG_S4_P1234_R1,2025-05-07,CROP,wheat,,
MANANG_S4_P1234_R2,2025-05-07,CROP,wheat,,
MANANG_S4_P1234_R3,2025-05-07,CROP,wheat,,
MANANG_S4_P2341_R1,2025-05-07,CROP,wheat,,
MANANG_S4_P2341_R2,2025-05-07,CROP,wheat,,
MANANG_S4_P2341_R3,2025-05-07,CROP,wheat,,
MANANG_S4_P3412_R1,2025-05-07,CROP,lentil,,
MANANG_S4_P3412_R2,2025-05-07,CROP,lentil,,
MANANG_S4_P3412_R3,2025-05-07,CROP,lentil,,
MANANG_S4_P4123_R1,2025-04-29,CROP,canola,,
MANANG_S4_P4123_R2,2025-04-29,CROP,canola,,
MANANG_S4_P4123_R3,2025-04-29,CROP,canola,,
MANANG_S5_P1234_R1,2025-05-07,CROP,wheat,,
MANANG_S5_P1234_R2,2025-05-07,CROP,wheat,,
MANANG_S5_P1234_R3,2025-05-07,CROP,wheat,,
MANANG_S5_P2341_R1,2025-05-07,CROP,wheat,,
MANANG_S5_P2341_R2,2025-05-07,CROP,wheat,,
MANANG_S5_P2341_R3,2025-05-07,CROP,wheat,,
MANANG_S5_P3412_R1,2025-05-07,CROP,lentil,,
MANANG_S5_P3412_R2,2025-05-07,CROP,lentil,,
MANANG_S5_P3412_R3,2025-05-07,CROP,lentil,,
MANANG_S5_P4123_R1,2025-05-07,CROP,wheat,,
MANANG_S5_P4123_R2,2025-05-07,CROP,wheat,,
MANANG_S5_P4123_R3,2025-05-07,CROP,wheat,,
MANANG_S6_P1111_R1,2025-05-07,CROP,wheat,,
MANANG_S6_P1111_R2,2025-05-07,CROP,wheat,,
MANANG_S6_P1111_R3,2025-05-07,CROP,wheat,,
MANANG_S6_P1111_R4,2025-05-07,CROP,wheat,,
MANANG_S6_P1111_R5,2025-05-07,CROP,wheat,,
MANANG_S6_P1111_R6,2025-05-07,CROP,wheat,,
MANANG_S7_P1231_R1,2025-05-07,CROP,wheat,,
MANANG_S7_P1231_R2,2025-05-07,CROP,wheat,,
MANANG_S7_P1231_R3,2025-05-07,CROP,wheat,,
MANANG_S7_P3123_R1,2025-05-07,CROP,wheat,,
MANANG_S7_P3123_R2,2025-05-07,CROP,wheat,,
MANANG_S7_P3123_R3,2025-05-07,CROP,wheat,,
MANANG_S8.1_P1231_R1,2025-05-07,CROP,wheat,,
MANANG_S8.1_P1231_R2,2025-05-07,CROP,wheat,,
MANANG_S8.1_P1231_R3,2025-05-07,CROP,wheat,,
MANANG_S8.1_P2312_R1,2025-04-29,CROP,vetch,,
MANANG_S8.1_P2312_R2,2025-04-29,CROP,vetch,,
MANANG_S8.1_P2312_R3,2025-04-29,CROP,vetch,,
MANANG_S8.1_P3123_R1,2025-05-07,CROP,wheat,,
MANANG_S8.1_P3123_R2,2025-05-07,CROP,wheat,,
MANANG_S8.1_P3123_R3,2025-05-07,CROP,wheat,,
MANANG_S8.2_P1231_R1,2025-05-07,CROP,wheat,,
MANANG_S8.2_P1231_R2,2025-05-07,CROP,wheat,,
MANANG_S8.2_P1231_R3,2025-05-07,CROP,wheat,,
MANANG_S8.2_P2312_R1,2025-04-29,CROP,vetch,,
MANANG_S8.2_P2312_R2,2025-04-29,CROP,vetch,,
MANANG_S8.2_P2312_R3,2025-04-29,CROP,vetch,,
MANANG_S8.2_P3123_R1,2025-05-07,CROP,wheat,,
MANANG_S8.2_P3123_R2,2025-05-07,CROP,wheat,,
MANANG_S8.2_P3123_R3,2025-05-07,CROP,wheat,,
MANANG_S9_P1231_R1,2025-04-29,CROP,oat,,
MANANG_S9_P1231_R2,2025-04-29,CROP,oat,,
MANANG_S9_P1231_R3,2025-04-29,CROP,oat,,
MANANG_S9_P2312_R1,2025-04-29,CROP,vetch,,
MANANG_S9_P2312_R2,2025-04-29,CROP,vetch,,
MANANG_S9_P2312_R3,2025-04-29,CROP,vetch,,
MANANG_S9_P3123_R1,2025-05-07,CROP,wheat,,
MANANG_S9_P3123_R2,2025-05-07,CROP,wheat,,
MANANG_S9_P3123_R3,2025-05-07,CROP,wheat,,
MANANG_S1.1_P1231_R1,2025-11-15,FALLOW,wheat,,
MANANG_S1.1_P1231_R2,2025-11-15,FALLOW,wheat,,
MANANG_S1.1_P1231_R3,2025-11-15,FALLOW,wheat,,
MANANG_S1.1_P2312_R1,2025-11-15,FALLOW,lentil,,
MANANG_S1.1_P2312_R2,2025-11-15,FALLOW,lentil,,
MANANG_S1.1_P2312_R3,2025-11-15,FALLOW,lentil,,
MANANG_S1.1_P3123_R1,2025-11-15,FALLOW,wheat,,
MANANG_S1.1_P3123_R2,2025-11-15,FALLOW,wheat,,
MANANG_S1.1_P3123_R3,2025-11-15,FALLOW,wheat,,
MANANG_S1.2_P1231_R1,2025-11-15,FALLOW,wheat,,
MANANG_S1.2_P1231_R2,2025-11-15,FALLOW,wheat,,
MANANG_S1.2_P1231_R3,2025-11-15,FALLOW,wheat,,
MANANG_S1.2_P2312_R1,2025-11-15,FALLOW,lentil,,
MANANG_S1.2_P2312_R2,2025-11-15,FALLOW,lentil,,
MANANG_S1.2_P2312_R3,2025-11-15,FALLOW,lentil,,
MANANG_S1.2_P3123_R1,2025-11-15,FALLOW,wheat,,
MANANG_S1.2_P3123_R2,2025-11-15,FALLOW,wheat,,
MANANG_S1.2_P3123_R3,2025-11-15,FALLOW,wheat,,
MANANG_S1.3_P1231_R1,2025-11-15,FALLOW,wheat,,
MANANG_S1.3_P1231_R2,2025-11-15,FALLOW,wheat,,
MANANG_S1.3_P1231_R3,2025-11-15,FALLOW,wheat,,
MANANG_S1.3_P2312_R1,2025-11-15,FALLOW,lentil,,
MANANG_S1.3_P2312_R2,2025-11-15,FALLOW,lentil,,
MANANG_S1.3_P2312_R3,2025-11-15,FALLOW,lentil,,
MANANG_S1.3_P3123_R1,2025-11-15,FALLOW,wheat,,
MANANG_S1.3_P3123_R2,2025-11-15,FALLOW,wheat,,
MANANG_S1.3_P3123_R3,2025-11-15,FALLOW,wheat,,
MANANG_S10.1_P1231_R1,2025-11-15,FALLOW,wheat,,
MANANG_S10.1_P1231_R2,2025-11-15,FALLOW,wheat,,
MANANG_S10.1_P1231_R3,2025-11-15,FALLOW,wheat,,
MANANG_S10.1_P2312_R1,2025-11-15,FALLOW,wheat,vetch,
MANANG_S10.1_P2312_R2,2025-11-15,FALLOW,wheat,vetch,
MANANG_S10.1_P2312_R3,2025-11-15,FALLOW,wheat,vetch,
MANANG_S10.1_P3123_R1,2025-11-15,FALLOW,wheat,,
MANANG_S10.1_P3123_R2,2025-11-15,FALLOW,wheat,,
MANANG_S10.1_P3123_R3,2025-11-15,FALLOW,wheat,,
MANANG_S10.2_P1231_R1,2025-11-15,FALLOW,wheat,,
MANANG_S10.2_P1231_R2,2025-11-15,FALLOW,wheat,,
MANANG_S10.2_P1231_R3,2025-11-15,FALLOW,wheat,,
MANANG_S10.2_P2312_R1,2025-11-15,FALLOW,wheat,vetch,
MANANG_S10.2_P2312_R2,2025-11-15,FALLOW,wheat,vetch,
MANANG_S10.2_P2312_R3,2025-11-15,FALLOW,wheat,vetch,
MANANG_S10.2_P3123_R1,2025-11-15,FALLOW,wheat,,
MANANG_S10.2_P3123_R2,2025-11-15,FALLOW,wheat,,
MANANG_S10.2_P3123_R3,2025-11-15,FALLOW,wheat,,
MANANG_S11_P1212_R1,2025-11-15,FALLOW,wheat,vetch,
MANANG_S11_P1212_R2,2025-11-15,FALLOW,wheat,vetch,
MANANG_S11_P1212_R3,2025-11-15,FALLOW,wheat,vetch,
MANANG_S11_P2121_R1,2025-11-15,FALLOW,wheat,,
MANANG_S11_P2121_R2,2025-11-15,FALLOW,wheat,,
MANANG_S11_P2121_R3,2025-11-15,FALLOW,wheat,,
MANANG_S12_P0000_R1,2025-11-15,FALLOW,barley,,
MANANG_S12_P0000_R2,2025-11-15,FALLOW,barley,,
MANANG_S12_P0000_R3,2025-11-15,FALLOW,barley,,
MANANG_S12_P0000_R4,2025-11-15,FALLOW,barley,,
MANANG_S12_P0000_R5,2025-11-15,FALLOW,barley,,
MANANG_S12_P0000_R6,2025-11-15,FALLOW,barley,,
MANANG_S12_P0000_R7,2025-11-15,FALLOW,barley,,
MANANG_S12_P0000_R8,2025-11-15,FALLOW,barley,,
MANANG_S12_P0000_R9,2025-11-15,FALLOW,barley,,
MANANG_S13_P0000_R1,2025-11-15,FALLOW,barley,,
MANANG_S13_P0000_R2,2025-11-15,FALLOW,barley,,
MANANG_S13_P0000_R3,2025-11-15,FALLOW,barley,,
MANANG_S13_P0000_R4,2025-11-15,FALLOW,barley,,
MANANG_S13_P0000_R5,2025-11-15,FALLOW,barley,,
MANANG_S13_P0000_R6,2025-11-15,FALLOW,barley,,
MANANG_S13_P0000_R7,2025-11-15,FALLOW,barley,,
MANANG_S13_P0000_R8,2025-11-15,FALLOW,barley,,
MANANG_S13_P0000_R9,2025-11-15,FALLOW,barley,,
MANANG_S2_P1212_R1,2025-11-15,FALLOW,lentil,,
MANANG_S2_P1212_R2,2025-11-15,FALLOW,lentil,,
MANANG_S2_P1212_R3,2025-11-15,FALLOW,lentil,,
MANANG_S2_P2121_R1,2025-11-15,FALLOW,wheat,,
MANANG_S2_P2121_R2,2025-11-15,FALLOW,wheat,,
MANANG_S2_P2121_R3,2025-11-15,FALLOW,wheat,,
MANANG_S3_P1231_R1,2025-11-15,FALLOW,wheat,,
MANANG_S3_P1231_R2,2025-11-15,FALLOW,wheat,,
MANANG_S3_P1231_R3,2025-11-15,FALLOW,wheat,,
MANANG_S3_P2312_R1,2025-11-15,FALLOW,lentil,,
MANANG_S3_P2312_R2,2025-11-15,FALLOW,lentil,,
MANANG_S3_P2312_R3,2025-11-15,FALLOW,lentil,,
MANANG_S3_P3123_R1,2025-11-15,FALLOW,lentil,,
MANANG_S3_P3123_R2,2025-11-15,FALLOW,lentil,,
MANANG_S3_P3123_R3,2025-11-15,FALLOW,lentil,,
MANANG_S4_P1234_R1,2025-11-15,FALLOW,wheat,,
MANANG_S4_P1234_R2,2025-11-15,FALLOW,wheat,,
MANANG_S4_P1234_R3,2025-11-15,FALLOW,wheat,,
MANANG_S4_P2341_R1,2025-11-15,FALLOW,wheat,,
MANANG_S4_P2341_R2,2025-11-15,FALLOW,wheat,,
MANANG_S4_P2341_R3,2025-11-15,FALLOW,wheat,,
MANANG_S4_P3412_R1,2025-11-15,FALLOW,lentil,,
MANANG_S4_P3412_R2,2025-11-15,FALLOW,lentil,,
MANANG_S4_P3412_R3,2025-11-15,FALLOW,lentil,,
MANANG_S4_P4123_R1,2025-11-15,FALLOW,canola,,
MANANG_S4_P4123_R2,2025-11-15,FALLOW,canola,,
MANANG_S4_P4123_R3,2025-11-15,FALLOW,canola,,
MANANG_S5_P1234_R1,2025-11-15,FALLOW,wheat,,
MANANG_S5_P1234_R2,2025-11-15,FALLOW,wheat,,
MANANG_S5_P1234_R3,2025-11-15,FALLOW,wheat,,
MANANG_S5_P2341_R1,2025-11-15,FALLOW,wheat,,
MANANG_S5_P2341_R2,2025-11-15,FALLOW,wheat,,
MANANG_S5_P2341_R3,2025-11-15,FALLOW,wheat,,
MANANG_S5_P3412_R1,2025-11-15,FALLOW,lentil,,
MANANG_S5_P3412_R2,2025-11-15,FALLOW,lentil,,
MANANG_S5_P3412_R3,2025-11-15,FALLOW,lentil,,
MANANG_S5_P4123_R1,2025-11-15,FALLOW,wheat,,
MANANG_S5_P4123_R2,2025-11-15,FALLOW,wheat,,
MANANG_S5_P4123_R3,2025-11-15,FALLOW,wheat,,
MANANG_S6_P1111_R1,2025-11-15,FALLOW,wheat,,
MANANG_S6_P1111_R2,2025-11-15,FALLOW,wheat,,
MANANG_S6_P1111_R3,2025-11-15,FALLOW,wheat,,
MANANG_S6_P1111_R4,2025-11-15,FALLOW,wheat,,
MANANG_S6_P1111_R5,2025-11-15,FALLOW,wheat,,
MANANG_S6_P1111_R6,2025-11-15,FALLOW,wheat,,
MANANG_S7_P1231_R1,2025-11-15,FALLOW,wheat,,
MANANG_S7_P1231_R2,2025-11-15,FALLOW,wheat,,
MANANG_S7_P1231_R3,2025-11-15,FALLOW,wheat,,
MANANG_S7_P3123_R1,2025-11-15,FALLOW,wheat,,
MANANG_S7_P3123_R2,2025-11-15,FALLOW,wheat,,
MANANG_S7_P3123_R3,2025-11-15,FALLOW,wheat,,
MANANG_S8.1_P1231_R1,2025-11-15,FALLOW,wheat,,
MANANG_S8.1_P1231_R2,2025-11-15,FALLOW,wheat,,
MANANG_S8.1_P1231_R3,2025-11-15,FALLOW,wheat,,
MANANG_S8.1_P2312_R1,2025-11-15,FALLOW,vetch,,
MANANG_S8.1_P2312_R2,2025-11-15,FALLOW,vetch,,
MANANG_S8.1_P2312_R3,2025-11-15,FALLOW,vetch,,
MANANG_S8.1_P3123_R1,2025-11-15,FALLOW,wheat,,
MANANG_S8.1_P3123_R2,2025-11-15,FALLOW,wheat,,
MANANG_S8.1_P3123_R3,2025-11-15,FALLOW,wheat,,
MANANG_S8.2_P1231_R1,2025-11-15,FALLOW,wheat,,
MANANG_S8.2_P1231_R2,2025-11-15,FALLOW,wheat,,
MANANG_S8.2_P1231_R3,2025-11-15,FALLOW,wheat,,
MANANG_S8.2_P2312_R1,2025-11-15,FALLOW,vetch,,
MANANG_S8.2_P2312_R2,2025-11-15,FALLOW,vetch,,
MANANG_S8.2_P2312_R3,2025-11-15,FALLOW,vetch,,
MANANG_S8.2_P3123_R1,2025-11-15,FALLOW,wheat,,
MANANG_S8.2_P3123_R2,2025-11-15,FALLOW,wheat,,
MANANG_S8.2_P3123_R3,2025-11-15,FALLOW,wheat,,
MANANG_S9_P1231_R1,2025-11-15,FALLOW,oat,,
MANANG_S9_P1231_R2,2025-11-15,FALLOW,oat,,
MANANG_S9_P1231_R3,2025-11-15,FALLOW,oat,,
MANANG_S9_P2312_R1,2025-11-15,FALLOW,vetch,,
MANANG_S9_P2312_R2,2025-11-15,FALLOW,vetch,,
MANANG_S9_P2312_R3,2025-11-15,FALLOW,vetch,,
MANANG_S9_P3123_R1,2025-11-15,FALLOW,wheat,,
MANANG_S9_P3123_R2,2025-11-15,FALLOW,wheat,,
MANANG_S9_P3123_R3,2025-11-15,FALLOW,wheat,,
APPILA_S4_P2312_R1,2024-05-08,CROP,wheat,,
APPILA_S1_P1231_R1,2024-05-08,CROP,wheat,,
APPILA_S3_P3412_R1,2024-05-08,CROP,wheat,,
APPILA_S3_P2341_R1,2024-05-08,CROP,wheat,,
APPILA_S4_P1231_R1,2024-05-08,CROP,wheat,,
APPILA_S2_P1212_R1,2024-05-08,CROP,wheat,,
APPILA_S2_P1212_R2,2024-05-08,CROP,wheat,,
APPILA_S4_P1231_R2,2024-05-08,CROP,wheat,,
APPILA_S1_P1231_R2,2024-05-08,CROP,wheat,,
APPILA_S3_P3412_R2,2024-05-08,CROP,wheat,,
APPILA_S3_P2341_R2,2024-05-08,CROP,wheat,,
APPILA_S4_P2312_R2,2024-05-08,CROP,wheat,,
APPILA_S2_P1212_R3,2024-05-08,CROP,wheat,,
APPILA_S4_P1231_R3,2024-05-08,CROP,wheat,,
APPILA_S3_P3412_R3,2024-05-08,CROP,wheat,,
APPILA_S4_P2312_R3,2024-05-08,CROP,wheat,,
APPILA_S3_P2341_R3,2024-05-08,CROP,wheat,,
APPILA_S1_P1231_R3,2024-05-08,CROP,wheat,,
APPILA_S1_P2312_R1,2024-05-08,CROP,barley,,
APPILA_S1_P2312_R2,2024-05-08,CROP,barley,,
APPILA_S1_P2312_R3,2024-05-08,CROP,barley,,
APPILA_S3_P1234_R1,2024-05-08,CROP,canola,,
APPILA_S3_P1234_R2,2024-05-08,CROP,canola,,
APPILA_S3_P1234_R3,2024-05-08,CROP,canola,,
APPILA_S3_P4123_R1,2024-05-08,CROP,lentil,,
APPILA_S2_P2121_R1,2024-05-08,CROP,lentil,,
APPILA_S3_P4123_R2,2024-05-08,CROP,lentil,,
APPILA_S2_P2121_R2,2024-05-08,CROP,lentil,,
APPILA_S2_P2121_R3,2024-05-08,CROP,lentil,,
APPILA_S3_P4123_R3,2024-05-08,CROP,lentil,,
APPILA_S1_P3123_R1,2024-05-08,CROP,vetch,,
APPILA_S1_P3123_R2,2024-05-08,CROP,vetch,,
APPILA_S1_P3123_R3,2024-05-08,CROP,vetch,,
APPILA_S4_P3123_R1,2024-05-08,CROP,oat,vetch,
APPILA_S4_P3123_R2,2024-05-08,CROP,oat,vetch,
APPILA_S4_P3123_R3,2024-05-08,CROP,oat,vetch,
APPILA_S5_P0000_R1,2024-06-21,CROP,barley,,
APPILA_S5_P0000_R2,2024-06-21,CROP,barley,,
APPILA_S5_P0000_R3,2024-06-21,CROP,barley,,
APPILA_S6_P0000_R1,2024-05-08,CROP,wheat,,
APPILA_S6_P0000_R2,2024-05-08,CROP,wheat,,
APPILA_S6_P0000_R3,2024-05-08,CROP,wheat,,
APPILA_S1_P1231_R1,2024-11-21,FALLOW,wheat,,
APPILA_S1_P1231_R2,2024-11-21,FALLOW,wheat,,
APPILA_S1_P1231_R3,2024-11-21,FALLOW,wheat,,
APPILA_S1_P2312_R1,2024-11-21,FALLOW,barley,,
APPILA_S1_P2312_R2,2024-11-21,FALLOW,barley,,
APPILA_S1_P2312_R3,2024-11-21,FALLOW,barley,,
APPILA_S1_P3123_R1,2024-11-21,FALLOW,vetch,,
APPILA_S1_P3123_R2,2024-11-21,FALLOW,vetch,,
APPILA_S1_P3123_R3,2024-11-21,FALLOW,vetch,,
APPILA_S2_P1212_R1,2024-11-21,FALLOW,wheat,,
APPILA_S2_P1212_R2,2024-11-21,FALLOW,wheat,,
APPILA_S2_P1212_R3,2024-11-21,FALLOW,wheat,,
APPILA_S2_P2121_R1,2024-11-21,FALLOW,lentil,,
APPILA_S2_P2121_R2,2024-11-21,FALLOW,lentil,,
APPILA_S2_P2121_R3,2024-11-21,FALLOW,lentil,,
APPILA_S3_P1234_R1,2024-11-21,FALLOW,canola,,
APPILA_S3_P1234_R2,2024-11-21,FALLOW,canola,,
APPILA_S3_P1234_R3,2024-11-21,FALLOW,canola,,
APPILA_S3_P2341_R1,2024-11-21,FALLOW,wheat,,
APPILA_S3_P2341_R2,2024-11-21,FALLOW,wheat,,
APPILA_S3_P2341_R3,2024-11-21,FALLOW,wheat,,
APPILA_S3_P3412_R1,2024-11-21,FALLOW,wheat,,
APPILA_S3_P3412_R2,2024-11-21,FALLOW,wheat,,
APPILA_S3_P3412_R3,2024-11-21,FALLOW,wheat,,
APPILA_S3_P4123_R1,2024-11-21,FALLOW,lentil,,
APPILA_S3_P4123_R2,2024-11-21,FALLOW,lentil,,
APPILA_S3_P4123_R3,2024-11-21,FALLOW,lentil,,
APPILA_S4_P1231_R1,2024-11-21,FALLOW,wheat,,
APPILA_S4_P1231_R2,2024-11-21,FALLOW,wheat,,
APPILA_S4_P1231_R3,2024-11-21,FALLOW,wheat,,
APPILA_S4_P2312_R1,2024-11-21,FALLOW,wheat,,
APPILA_S4_P2312_R2,2024-11-21,FALLOW,wheat,,
APPILA_S4_P2312_R3,2024-11-21,FALLOW,wheat,,
APPILA_S4_P3123_R1,2024-11-21,FALLOW,oat,vetch,
APPILA_S4_P3123_R2,2024-11-21,FALLOW,oat,vetch,
APPILA_S4_P3123_R3,2024-11-21,FALLOW,oat,vetch,
APPILA_S5_P0000_R1,2024-11-21,FALLOW,barley,,
APPILA_S5_P0000_R2,2024-11-21,FALLOW,barley,,
APPILA_S5_P0000_R3,2024-11-21,FALLOW,barley,,
APPILA_S6_P0000_R1,2024-11-21,FALLOW,wheat,,
APPILA_S6_P0000_R2,2024-11-21,FALLOW,wheat,,
APPILA_S6_P0000_R3,2024-11-21,FALLOW,wheat,,
APPILA_S3_P1234_R1,2025-05-22,CROP,wheat,,
APPILA_S2_P2121_R1,2025-05-22,CROP,wheat,,
APPILA_S1_P3123_R1,2025-05-22,CROP,wheat,,
APPILA_S3_P2341_R1,2025-05-22,CROP,wheat,,
APPILA_S4_P1231_R1,2025-05-22,CROP,wheat,,
APPILA_S4_P3123_R1,2025-05-22,CROP,wheat,,
APPILA_S4_P3123_R2,2025-05-22,CROP,wheat,,
APPILA_S1_P3123_R2,2025-05-22,CROP,wheat,,
APPILA_S4_P1231_R2,2025-05-22,CROP,wheat,,
APPILA_S3_P1234_R2,2025-05-22,CROP,wheat,,
APPILA_S3_P2341_R2,2025-05-22,CROP,wheat,,
APPILA_S2_P2121_R2,2025-05-22,CROP,wheat,,
APPILA_S2_P2121_R3,2025-05-22,CROP,wheat,,
APPILA_S3_P1234_R3,2025-05-22,CROP,wheat,,
APPILA_S4_P3123_R3,2025-05-22,CROP,wheat,,
APPILA_S4_P1231_R3,2025-05-22,CROP,wheat,,
APPILA_S1_P3123_R3,2025-05-22,CROP,wheat,,
APPILA_S3_P2341_R3,2025-05-22,CROP,wheat,,
APPILA_S1_P1231_R1,2025-05-22,CROP,barley,,
APPILA_S1_P1231_R2,2025-05-22,CROP,barley,,
APPILA_S1_P1231_R3,2025-05-22,CROP,barley,,
APPILA_S3_P4123_R1,2025-05-22,CROP,canola,,
APPILA_S3_P4123_R2,2025-05-22,CROP,canola,,
APPILA_S3_P4123_R3,2025-05-22,CROP,canola,,
APPILA_S3_P3412_R1,2025-05-22,CROP,lentil,,
APPILA_S2_P1212_R1,2025-05-22,CROP,lentil,,
APPILA_S2_P1212_R2,2025-05-22,CROP,lentil,,
APPILA_S3_P3412_R2,2025-05-22,CROP,lentil,,
APPILA_S2_P1212_R3,2025-05-22,CROP,lentil,,
APPILA_S3_P3412_R3,2025-05-22,CROP,lentil,,
APPILA_S1_P2312_R1,2025-05-22,CROP,vetch,,
APPILA_S1_P2312_R2,2025-05-22,CROP,vetch,,
APPILA_S1_P2312_R3,2025-05-22,CROP,vetch,,
APPILA_S5_P0000_R1,2025-05-22,CROP,lentil,,
APPILA_S5_P0000_R2,2025-05-22,CROP,lentil,,
APPILA_S5_P0000_R3,2025-05-22,CROP,lentil,,
APPILA_S6_P0000_R1,2025-05-22,CROP,lentil,,
APPILA_S6_P0000_R2,2025-05-22,CROP,lentil,,
APPILA_S6_P0000_R3,2025-05-22,CROP,lentil,,
APPILA_S4_P2312_R1,2025-05-22,CROP,oat,vetch,
APPILA_S4_P2312_R2,2025-05-22,CROP,oat,vetch,
APPILA_S4_P2312_R3,2025-05-22,CROP,oat,vetch,
APPILA_S1_P1231_R1,2025-11-15,FALLOW,barley,,
APPILA_S1_P1231_R2,2025-11-15,FALLOW,barley,,
APPILA_S1_P1231_R3,2025-11-15,FALLOW,barley,,
APPILA_S1_P2312_R1,2025-11-15,FALLOW,vetch,,
APPILA_S1_P2312_R2,2025-11-15,FALLOW,vetch,,
APPILA_S1_P2312_R3,2025-11-15,FALLOW,vetch,,
APPILA_S1_P3123_R1,2025-11-15,FALLOW,wheat,,
APPILA_S1_P3123_R2,2025-11-15,FALLOW,wheat,,
APPILA_S1_P3123_R3,2025-11-15,FALLOW,wheat,,
APPILA_S2_P1212_R1,2025-11-15,FALLOW,lentil,,
APPILA_S2_P1212_R2,2025-11-15,FALLOW,lentil,,
APPILA_S2_P1212_R3,2025-11-15,FALLOW,lentil,,
APPILA_S2_P2121_R1,2025-11-15,FALLOW,wheat,,
APPILA_S2_P2121_R2,2025-11-15,FALLOW,wheat,,
APPILA_S2_P2121_R3,2025-11-15,FALLOW,wheat,,
APPILA_S3_P1234_R1,2025-11-15,FALLOW,wheat,,
APPILA_S3_P1234_R2,2025-11-15,FALLOW,wheat,,
APPILA_S3_P1234_R3,2025-11-15,FALLOW,wheat,,
APPILA_S3_P2341_R1,2025-11-15,FALLOW,wheat,,
APPILA_S3_P2341_R2,2025-11-15,FALLOW,wheat,,
APPILA_S3_P2341_R3,2025-11-15,FALLOW,wheat,,
APPILA_S3_P3412_R1,2025-11-15,FALLOW,lentil,,
APPILA_S3_P3412_R2,2025-11-15,FALLOW,lentil,,
APPILA_S3_P3412_R3,2025-11-15,FALLOW,lentil,,
APPILA_S3_P4123_R1,2025-11-15,FALLOW,canola,,
APPILA_S3_P4123_R2,2025-11-15,FALLOW,canola,,
APPILA_S3_P4123_R3,2025-11-15,FALLOW,canola,,
APPILA_S4_P1231_R1,2025-11-15,FALLOW,wheat,,
APPILA_S4_P1231_R2,2025-11-15,FALLOW,wheat,,
APPILA_S4_P1231_R3,2025-11-15,FALLOW,wheat,,
APPILA_S4_P2312_R1,2025-11-15,FALLOW,oat,vetch,
APPILA_S4_P2312_R2,2025-11-15,FALLOW,oat,vetch,
APPILA_S4_P2312_R3,2025-11-15,FALLOW,oat,vetch,
APPILA_S4_P3123_R1,2025-11-15,FALLOW,wheat,,
APPILA_S4_P3123_R2,2025-11-15,FALLOW,wheat,,
APPILA_S4_P3123_R3,2025-11-15,FALLOW,wheat,,
APPILA_S5_P0000_R1,2025-11-15,FALLOW,lentil,,
APPILA_S5_P0000_R2,2025-11-15,FALLOW,lentil,,
APPILA_S5_P0000_R3,2025-11-15,FALLOW,lentil,,
APPILA_S6_P0000_R1,2025-11-15,FALLOW,lentil,,
APPILA_S6_P0000_R2,2025-11-15,FALLOW,lentil,,
APPILA_S6_P0000_R3,2025-11-15,FALLOW,lentil,,
