,site,plot,year,crop_sequence,operational_costs_dollars,material_input_costs_dollars,crop_1_name,crop_2_name,crop_3_name,crop_1_yield,crop_2_yield,crop_3_yield,plot_revenue_dollars,plot_gross_margin_dollars
0,streatham,STREATHAM_S4_P3123_R2,2023,1,296.0,1399.8675999999998,wheat,NA,NA,5320.0,NA,NA,1755.6,59.7324000000001
1,streatham,STREATHAM_S4_P3123_R2,2024,2,296.0,635.0,Wheat,Vetch,NA,4000.0,0.0,NA,0.0,-931.0
2,streatham,STREATHAM_S1.3_P1212_R1,2023,1,279.0,1160.3999999999999,canola,NA,NA,3892.0,NA,NA,2420.824,981.4240000000002
3,streatham,STREATHAM_S1.3_P1212_R1,2024,2,240.0,831.6826,Wheat,NA,NA,2606.621773,0.0,NA,860.18518509,-211.49741490999997
4,streatham,STREATHAM_S1.1_P1212_R3,2023,1,307.0,1225.4,canola,NA,NA,3645.0,NA,NA,2267.19,734.79
5,streatham,STREATHAM_S1.1_P1212_R3,2024,2,248.5,1075.0870130434782,Wheat,NA,NA,3197.804659,0.0,NA,1055.27553747,-268.3114755734782
6,streatham,STREATHAM_S13_P0000_R6,NA,NA,NA,NA,NA,NA,NA,NA,NA,NA,NA,NA
7,streatham,STREATHAM_S2.2_P2341_R2,2023,1,307.0,1275.4,canola,NA,NA,4442.0,NA,NA,2762.924,1180.524
8,streatham,STREATHAM_S2.2_P2341_R2,2024,2,259.5,1111.250761231884,Wheat,NA,NA,3232.323232,0.0,NA,1066.66666656,-304.08409467188403
9,streatham,STREATHAM_S12_P0000_R3,2023,1,216.0,1399.8675999999998,wheat,NA,NA,5272.0,NA,NA,1739.76,123.89240000000018
10,streatham,STREATHAM_S3_P1234_R2,2023,1,292.5,1266.3500000000001,faba bean,NA,NA,2083.0,NA,NA,1124.8200000000002,-434.03
11,streatham,STREATHAM_S3_P1234_R2,2024,2,259.5,1095.3065583333334,Wheat,NA,NA,3630.751964,0.0,NA,1198.14814812,-156.65841021333335
12,streatham,STREATHAM_S1.4_P2121_R3,2023,1,296.0,1442.3675999999998,wheat,NA,NA,4920.0,NA,NA,1623.6,-114.7675999999999
13,streatham,STREATHAM_S1.4_P2121_R3,2024,2,248.5,903.0347554347826,Canola,NA,NA,3603.830645,0.0,NA,2241.58266119,1090.0479057552175
14,streatham,STREATHAM_S9.2_P1212_R2,2023,1,383.8142675,1123.95,canola,field pea,NA,2861.7138,1430.8569,NA,2425.3024455,917.538178
15,streatham,STREATHAM_S9.2_P1212_R2,2024,2,259.5,1106.031109057971,Wheat,NA,NA,2696.40853,0.0,NA,889.8148149000001,-475.7162941579709
16,streatham,STREATHAM_S6.1_P1231_R1,2023,1,226.5,961.9,balansa clover,balansa clover,chicory ,0.0,NA,NA,0.0,-1188.4
17,streatham,STREATHAM_S6.1_P1231_R1,2024,2,259.5,1008.9681177536232,Canola,NA,NA,2331.649832,0.0,NA,1450.286195504,181.8180777503768
18,streatham,STREATHAM_S2.4_P3412_R3,2023,1,296.0,1442.3675999999998,wheat,NA,NA,5767.0,NA,NA,1903.11,164.7424000000001
19,streatham,STREATHAM_S2.4_P3412_R3,2024,2,259.5,1111.9089351449275,Wheat,NA,NA,3542.226703,0.0,NA,1168.93481199,-202.47412315492738
20,streatham,STREATHAM_S7_P3412_R1,2023,1,307.0,1275.4,canola,NA,NA,4146.0,NA,NA,2578.812,996.4119999999998
21,streatham,STREATHAM_S7_P3412_R1,2024,2,259.5,1107.6438047101449,Wheat,NA,NA,2508.417508,0.0,NA,827.7777776400001,-539.3660270701448
22,streatham,STREATHAM_S11_P0000_R5,NA,NA,NA,NA,NA,NA,NA,NA,NA,NA,NA,NA
23,streatham,STREATHAM_S12_P0000_R9,NA,NA,NA,NA,NA,NA,NA,NA,NA,NA,NA,NA
24,streatham,STREATHAM_S7_P2341_R2,2023,1,226.5,961.9,Perennial ryegrass,sub clover,NA,0.0,NA,NA,0.0,-1188.4
25,streatham,STREATHAM_S7_P2341_R2,2024,2,248.5,898.9578278985507,Canola,NA,NA,1778.900112,0.0,NA,1106.475869664,-40.9819582345508
26,streatham,STREATHAM_S6.1_P1231_R2,2023,1,226.5,961.9,balansa clover,balansa clover,chicory ,0.0,NA,NA,0.0,-1188.4
27,streatham,STREATHAM_S6.1_P1231_R2,2024,2,259.5,1008.9681177536233,Canola,NA,NA,2474.747475,0.0,NA,1539.29292945,270.8248116963766
28,streatham,STREATHAM_S11_P0000_R1,2023,1,410.7,1225.4225,wheat,barley,faba bean,4728.0,NA,NA,1560.24,-75.88249999999994
29,streatham,STREATHAM_S1.2_P2121_R2,2023,1,296.0,1399.8675999999998,wheat,NA,NA,6062.0,NA,NA,2000.46,304.5924000000002
30,streatham,STREATHAM_S1.2_P2121_R2,2024,2,240.0,736.39,Canola,NA,NA,2965.768799,0.0,NA,1844.708192978,868.318192978
31,streatham,STREATHAM_S1.2_P1212_R1,2023,1,307.0,1275.4,canola,NA,NA,4363.0,NA,NA,2713.786,1131.386
32,streatham,STREATHAM_S1.2_P1212_R1,2024,2,240.0,861.0076,Wheat,NA,NA,3285.634119,0.0,NA,1084.25925927,-16.748340729999995
33,streatham,STREATHAM_S2.2_P3412_R2,2023,1,296.0,1399.8675999999998,wheat,NA,NA,5573.0,NA,NA,1839.09,143.2224000000001
34,streatham,STREATHAM_S2.2_P3412_R2,2024,2,259.5,1105.4593119565218,Wheat,NA,NA,2920.875421,0.0,NA,963.88888893,-401.0704230265218
35,streatham,STREATHAM_S7_P2341_R1,2023,1,226.5,961.9,Perennial ryegrass,sub clover,NA,0.0,NA,NA,0.0,-1188.4
36,streatham,STREATHAM_S7_P2341_R1,2024,2,248.5,898.9578278985507,Canola,NA,NA,1820.987654,0.0,NA,1132.654320788,-14.803507110550754
37,streatham,STREATHAM_S8_P1231_R2,2023,1,248.5,994.926,vetch,NA,NA,0.0,NA,NA,0.0,-1243.426
38,streatham,STREATHAM_S8_P1231_R2,2024,2,248.5,850.8013931159421,Canola,NA,NA,2603.815937,0.0,NA,1619.573512814,520.2721196980578
39,streatham,STREATHAM_S1.2_P1212_R3,2023,1,307.0,1275.4,canola,NA,NA,3797.0,NA,NA,2361.734,779.3339999999998
40,streatham,STREATHAM_S1.2_P1212_R3,2024,2,240.0,861.0076000000001,Wheat,NA,NA,2595.766129,0.0,NA,856.6028225700001,-244.40477743000008
41,streatham,STREATHAM_S6.1_P3123_R2,2023,1,296.0,1399.8675999999998,wheat,NA,NA,5212.0,NA,NA,1719.96,24.092400000000225
42,streatham,STREATHAM_S6.1_P3123_R2,2024,2,218.0,646.475,Pasture,NA,NA,0.0,0.0,NA,0.0,-864.475
43,streatham,STREATHAM_S2.2_P1234_R2,2023,1,292.5,1266.3500000000001,faba bean,NA,NA,2557.0,NA,NA,1380.7800000000002,-178.06999999999994
44,streatham,STREATHAM_S2.2_P1234_R2,2024,2,248.5,910.4324655797102,Canola,NA,NA,2766.554433,0.0,NA,1720.7968573259998,561.8643917462896
45,streatham,STREATHAM_S13_P0000_R8,NA,NA,NA,NA,NA,NA,NA,NA,NA,NA,NA,NA
46,streatham,STREATHAM_S13_P0000_R3,2023,1,146.5,1137.9,Perennial ryegrass,sub clover,NA,0.0,NA,NA,0.0,-1284.4
47,streatham,STREATHAM_S13_P0000_R3,2023,2,265.0,1833.0,Pasture,NA,NA,0.0,0.0,NA,0.0,-2098.0
48,streatham,STREATHAM_S11_P0000_R4,NA,NA,NA,NA,NA,NA,NA,NA,NA,NA,NA,NA
49,streatham,STREATHAM_S7_P3412_R3,2023,1,307.0,1275.4,canola,NA,NA,4141.0,NA,NA,2575.702,993.3020000000001
50,streatham,STREATHAM_S7_P3412_R3,2024,2,259.5,1107.643804710145,Wheat,NA,NA,3052.195341,0.0,NA,1007.22446253,-359.9193421801451
51,streatham,STREATHAM_S2.4_P3412_R1,2023,1,296.0,1442.3675999999998,wheat,NA,NA,5576.0,NA,NA,1840.08,101.71240000000012
52,streatham,STREATHAM_S2.4_P3412_R1,2024,2,259.5,1111.9089351449275,Wheat,NA,NA,2143.65881,0.0,NA,707.4074073,-664.0015278449274
53,streatham,STREATHAM_S4_P3123_R1,2023,1,296.0,1399.8675999999998,wheat,NA,NA,5495.0,NA,NA,1813.35,117.4824000000001
54,streatham,STREATHAM_S4_P3123_R1,2024,2,291.0,635.0,Wheat,Vetch,NA,3800.0,0.0,NA,0.0,-926.0
55,streatham,STREATHAM_S2.1_P4123_R1,2023,1,296.0,1352.3675999999998,wheat,NA,NA,5625.0,NA,NA,1856.25,207.8824000000002
56,streatham,STREATHAM_S2.1_P4123_R1,2024,2,240.0,836.633,Faba bean,NA,NA,0.0,0.0,NA,0.0,-1076.633
57,streatham,STREATHAM_S1.4_P1212_R2,2023,1,307.0,1315.4,canola,NA,NA,430.0,NA,NA,267.46,-1354.94
58,streatham,STREATHAM_S1.4_P1212_R2,2024,2,248.5,1106.6266742753623,Wheat,NA,NA,2581.369248,0.0,NA,851.85185184,-503.27482243536235
59,streatham,STREATHAM_S2.2_P1234_R1,2023,1,292.5,1266.3500000000001,faba bean,NA,NA,2361.0,NA,NA,1274.94,-283.9100000000001
60,streatham,STREATHAM_S2.2_P1234_R1,2024,2,248.5,910.4324655797102,Canola,NA,NA,2918.069585,0.0,NA,1815.03928187,656.1068162902898
61,streatham,STREATHAM_S10_P2121_R2,2023,1,346.95,1090.88,wheat ,vetch ,NA,3598.0,NA,NA,1187.34,-250.49000000000024
62,streatham,STREATHAM_S10_P2121_R2,2024,2,268.081369245,819.9151902173915,Canola,Field Pea,NA,1515.151515,588.1032548,NA,1207.6588102448,119.66225078240848
63,streatham,STREATHAM_S6.2_P3123_R2,2023,1,296.0,1399.8675999999998,wheat,NA,NA,6009.0,NA,NA,1982.97,287.1024000000002
64,streatham,STREATHAM_S6.2_P3123_R2,2024,2,218.0,646.475,Pasture,NA,NA,0.0,0.0,NA,0.0,-864.475
65,streatham,STREATHAM_S9.1_P2121_R2,2023,1,296.0,1399.8675999999998,wheat,NA,NA,4564.0,NA,NA,1506.12,-189.74759999999992
66,streatham,STREATHAM_S9.1_P2121_R2,2024,2,269.9629629725,654.1,Canola,Field Pea,NA,1907.968575,610.5499439,NA,1462.1144783489,538.0515153764001
67,streatham,STREATHAM_S5_P2312_R1,2023,1,296.0,1399.8675999999998,wheat,NA,NA,5159.0,NA,NA,1702.47,6.602400000000216
68,streatham,STREATHAM_S5_P2312_R1,2024,2,237.5,911.807277173913,Barley,NA,NA,3049.943883,0.0,NA,908.883277134,-240.42400003991304
69,streatham,STREATHAM_S7_P1234_R3,2023,1,226.5,961.9,balansa clover,balansa clover,chicory ,0.0,NA,NA,0.0,-1188.4
70,streatham,STREATHAM_S7_P1234_R3,2024,2,185.0,611.0,Pasture,NA,NA,0.0,0.0,NA,0.0,-796.0
71,streatham,STREATHAM_S8_P2312_R2,2023,1,307.0,1275.4,canola,NA,NA,4494.0,NA,NA,2795.268,1212.868
72,streatham,STREATHAM_S8_P2312_R2,2024,2,259.5,1117.9322394927535,Wheat,NA,NA,2828.282828,0.0,NA,933.33333324,-444.0989062527535
73,streatham,STREATHAM_S2.1_P1234_R3,2023,1,292.5,1266.3500000000001,faba bean,NA,NA,2440.0,NA,NA,1317.6,-241.25000000000023
74,streatham,STREATHAM_S2.1_P1234_R3,2024,2,248.5,825.027963768116,Canola,NA,NA,3054.99552,0.0,NA,1900.20721344,826.679249671884
75,streatham,STREATHAM_S5_P3123_R1,2023,1,285.0,1354.4699999999998,barley,NA,NA,6881.0,NA,NA,2050.538,411.0680000000002
76,streatham,STREATHAM_S5_P3123_R1,2024,2,248.5,894.4896539855073,Canola,NA,NA,3111.672278,0.0,NA,1935.460156916,792.4705029304927
77,streatham,STREATHAM_S6.2_P1231_R1,2023,1,226.5,961.9,balansa clover,balansa clover,chicory ,0.0,NA,NA,0.0,-1188.4
78,streatham,STREATHAM_S6.2_P1231_R1,2024,2,259.5,1041.896436594203,Canola,NA,NA,2093.15376,0.0,NA,1301.94163872,0.5452021257970046
79,streatham,STREATHAM_S2.1_P4123_R3,2023,1,296.0,1352.3675999999998,wheat,NA,NA,3683.0,NA,NA,1215.39,-432.9775999999997
80,streatham,STREATHAM_S2.1_P4123_R3,2024,2,240.0,836.633,Faba bean,NA,NA,2987.791219,0.0,NA,1613.4072582600002,536.7742582600001
81,streatham,STREATHAM_S8_P3123_R3,2023,1,296.0,1399.8675999999998,wheat,NA,NA,5352.0,NA,NA,1766.16,70.29240000000027
82,streatham,STREATHAM_S8_P3123_R3,2024,2,207.0,659.3,Vetch,NA,NA,0.0,0.0,NA,0.0,-866.3
83,streatham,STREATHAM_S2.1_P2341_R2,2023,1,307.0,1225.4,canola,NA,NA,4142.0,NA,NA,2576.324,1043.924
84,streatham,STREATHAM_S2.1_P2341_R2,2024,2,259.5,1077.0797666666667,Wheat,NA,NA,3019.079686,0.0,NA,996.29629638,-340.2834702866668
85,streatham,STREATHAM_S2.3_P1234_R1,2023,1,270.5,1200.1525,faba bean,NA,NA,2572.0,NA,NA,1388.88,-81.77249999999981
86,streatham,STREATHAM_S2.3_P1234_R1,2023,2,281.5,1000.5082771739131,Canola,NA,NA,2376.54321,0.0,NA,1478.20987662,196.2015994460868
87,streatham,STREATHAM_S9.2_P2121_R3,2023,1,296.0,1399.8675999999998,wheat,NA,NA,4066.0,NA,NA,1341.78,-354.08759999999984
88,streatham,STREATHAM_S9.2_P2121_R3,2024,2,215.5,725.0014067028986,Canola,Field Pea,NA,0.0,0.0,NA,0.0,-940.5014067028986
89,streatham,STREATHAM_S2.1_P1234_R2,2023,1,292.5,1266.3500000000001,faba bean,NA,NA,2196.0,NA,NA,1185.84,-373.0100000000002
90,streatham,STREATHAM_S2.1_P1234_R2,2024,2,248.5,825.027963768116,Canola,NA,NA,2626.262626,0.0,NA,1633.535353372,560.0073896038839
91,streatham,STREATHAM_S1.2_P1212_R2,2023,1,307.0,1275.4,canola,NA,NA,4308.0,NA,NA,2679.576,1097.176
92,streatham,STREATHAM_S1.2_P1212_R2,2024,2,240.0,861.0076,Wheat,NA,NA,2710.43771,0.0,NA,894.4444443000001,-206.56315569999992
93,streatham,STREATHAM_S3_P2341_R2,2023,1,296.0,1399.8675999999998,wheat,NA,NA,5311.0,NA,NA,1752.63,56.7624000000003
94,streatham,STREATHAM_S3_P2341_R2,2024,2,248.5,881.5610163043478,Canola,NA,NA,3347.362514,0.0,NA,2082.059483708,951.998467403652
95,streatham,STREATHAM_S7_P4123_R3,2023,1,296.0,1399.8675999999998,wheat,NA,NA,4719.0,NA,NA,1557.27,-138.59759999999983
96,streatham,STREATHAM_S7_P4123_R3,2024,2,185.0,611.0,Pasture,NA,NA,0.0,0.0,NA,0.0,-796.0
97,streatham,STREATHAM_S9.3_P1212_R3,2023,1,394.46320249999997,1173.95,canola,field pea,NA,3145.6854,1572.8427,NA,2665.9683765,1097.5551739999999
98,streatham,STREATHAM_S9.3_P1212_R3,2024,2,259.5,1137.8693699275361,Wheat,NA,NA,0.0,0.0,NA,0.0,-1397.3693699275361
99,streatham,STREATHAM_S3_P4123_R2,2023,1,296.0,1399.8675999999998,wheat,NA,NA,6149.0,NA,NA,2029.17,333.30240000000026
100,streatham,STREATHAM_S3_P4123_R2,2024,2,240.0,836.633,Faba bean,NA,NA,3367.003367,0.0,NA,1818.18181818,741.5488181799999
101,streatham,STREATHAM_S10_P1212_R2,2023,1,389.4887,1123.95,canola,field pea,NA,3013.032,1506.516,NA,2553.54462,1040.1059200000002
102,streatham,STREATHAM_S10_P1212_R2,2024,2,224.64478115,822.5826974637681,Wheat,Vetch,NA,1245.791246,0.0,NA,411.11111118,-636.1163674337681
103,streatham,STREATHAM_S11_P0000_R2,2023,1,329.65,1225.4225,wheat,barley,faba bean,4686.0,NA,NA,1546.38,-8.692499999999882
104,streatham,STREATHAM_S11_P0000_R9,NA,NA,NA,NA,NA,NA,NA,NA,NA,NA,NA,NA
105,streatham,STREATHAM_S8_P1231_R3,2023,1,248.5,994.926,vetch,NA,NA,0.0,NA,NA,0.0,-1243.426
106,streatham,STREATHAM_S8_P1231_R3,2024,2,248.5,850.801393115942,Canola,NA,NA,3307.011649,0.0,NA,2056.961245678,957.6598525620581
107,streatham,STREATHAM_S1.1_P1212_R1,2023,1,307.0,1225.4,canola,NA,NA,4389.0,NA,NA,2729.958,1197.558
108,streatham,STREATHAM_S1.1_P1212_R1,2024,2,248.5,1075.0870130434782,Wheat,NA,NA,2511.223345,0.0,NA,828.70370385,-494.8833091934782
109,streatham,STREATHAM_S2.4_P4123_R3,2023,1,296.0,1442.3675999999998,wheat,NA,NA,5641.0,NA,NA,1861.53,123.16240000000016
110,streatham,STREATHAM_S2.4_P4123_R3,2024,2,240.0,836.633,Faba bean,NA,NA,3393.817204,0.0,NA,1832.66129016,756.0282901599999
111,streatham,STREATHAM_S6.2_P3123_R1,2023,1,296.0,1399.8675999999998,wheat,NA,NA,5984.0,NA,NA,1974.72,278.8524000000002
112,streatham,STREATHAM_S6.2_P3123_R1,2024,2,218.0,646.475,Pasture,NA,NA,0.0,0.0,NA,0.0,-864.475
113,streatham,STREATHAM_S9.1_P1212_R1,2023,1,374.58849,1073.95,canola,field pea,NA,3069.0264,1534.5132,NA,2600.999874,1152.461384
114,streatham,STREATHAM_S9.1_P1212_R1,2024,2,259.5,1104.9568771739132,Wheat,NA,NA,2693.602694,0.0,NA,888.8888890200001,-475.5679881539131
115,streatham,STREATHAM_S3_P2341_R3,2023,1,296.0,1399.8675999999998,wheat,NA,NA,5905.0,NA,NA,1948.65,252.78240000000028
116,streatham,STREATHAM_S3_P2341_R3,2024,2,248.5,881.5610163043478,Canola,NA,NA,3130.600358,0.0,NA,1947.233422676,817.1724063716521
117,streatham,STREATHAM_S2.3_P1234_R3,2023,1,270.5,1200.1525,faba bean,NA,NA,2938.0,NA,NA,1586.5200000000002,115.86750000000029
118,streatham,STREATHAM_S2.3_P1234_R3,2023,2,281.5,1000.5082771739131,Canola,NA,NA,2973.790323,0.0,NA,1849.697580906,567.6893037320868
119,streatham,STREATHAM_S11_P0000_R7,NA,NA,NA,NA,NA,NA,NA,NA,NA,NA,NA,NA
120,streatham,STREATHAM_S12_P0000_R8,NA,NA,NA,NA,NA,NA,NA,NA,NA,NA,NA,NA
121,streatham,STREATHAM_S4_P1231_R2,2023,1,248.5,994.926,wheat,vetch ,NA,0.0,NA,NA,0.0,-1243.426
122,streatham,STREATHAM_S4_P1231_R2,2024,2,248.5,888.9354510869566,Canola,NA,NA,2909.652076,0.0,NA,1809.803591272,672.3681401850433
123,streatham,STREATHAM_S7_P4123_R1,2023,1,296.0,1399.8675999999998,wheat,NA,NA,5622.0,NA,NA,1855.26,159.39240000000018
124,streatham,STREATHAM_S7_P4123_R1,2024,2,185.0,611.0,Pasture,NA,NA,0.0,0.0,NA,0.0,-796.0
125,streatham,STREATHAM_S13_P0000_R1,2023,1,226.5,961.9,Perennial ryegrass,sub clover,NA,0.0,NA,NA,0.0,-1188.4
126,streatham,STREATHAM_S13_P0000_R1,2023,2,152.0,1833.0,Pasture,NA,NA,0.0,0.0,NA,0.0,-1985.0
127,streatham,STREATHAM_S9.3_P2121_R3,2023,1,296.0,1399.8675999999998,wheat,NA,NA,5934.0,NA,NA,1958.22,262.3524000000002
128,streatham,STREATHAM_S9.3_P2121_R3,2024,2,291.16084228750003,767.4003496376812,Canola,Field Pea,NA,2268.145161,758.2885305,NA,1752.7744173974995,694.2132254723184
129,streatham,STREATHAM_S9.1_P2121_R1,2023,1,296.0,1399.8675999999998,wheat,NA,NA,6204.0,NA,NA,2047.32,351.4524000000001
130,streatham,STREATHAM_S9.1_P2121_R1,2024,2,266.427609435,654.1,Canola,Field Pea,NA,1767.676768,609.4276094,NA,1374.3468015354,453.81919210039985
131,streatham,STREATHAM_S3_P1234_R3,2023,1,292.5,1266.3500000000001,faba bean,NA,NA,2944.0,NA,NA,1589.7600000000002,30.910000000000082
132,streatham,STREATHAM_S3_P1234_R3,2024,2,259.5,1095.3065583333334,Wheat,NA,NA,4547.491039,0.0,NA,1500.6720428699998,145.86548453666637
133,streatham,STREATHAM_S1.2_P2121_R3,2023,1,296.0,1399.8675999999998,wheat,NA,NA,5175.0,NA,NA,1707.75,11.882400000000189
134,streatham,STREATHAM_S1.2_P2121_R3,2024,2,240.0,736.39,Canola,NA,NA,3435.819892,0.0,NA,2137.079972824,1160.689972824
135,streatham,STREATHAM_S4_P1231_R3,2023,1,248.5,994.926,wheat,vetch ,NA,0.0,NA,NA,0.0,-1243.426
136,streatham,STREATHAM_S4_P1231_R3,2024,2,248.5,888.9354510869566,Canola,NA,NA,2858.982975,0.0,NA,1778.28741045,640.8519593630433
137,streatham,STREATHAM_S2.1_P3412_R3,2023,1,296.0,1352.3675999999998,wheat,NA,NA,4877.0,NA,NA,1609.41,-38.95759999999973
138,streatham,STREATHAM_S2.1_P3412_R3,2024,2,259.5,1084.7268101449276,Wheat,NA,NA,3643.033154,0.0,NA,1202.20094082,-142.02586932492773
139,streatham,STREATHAM_S2.2_P1234_R3,2023,1,292.5,1266.3500000000001,faba bean,NA,NA,1727.0,NA,NA,932.58,-626.2700000000001
140,streatham,STREATHAM_S2.2_P1234_R3,2024,2,248.5,910.4324655797102,Canola,NA,NA,3040.994624,0.0,NA,1891.498656128,732.5661905482898
141,streatham,STREATHAM_S8_P3123_R1,2023,1,296.0,1399.8675999999998,wheat,NA,NA,5075.0,NA,NA,1674.75,-21.11759999999981
142,streatham,STREATHAM_S8_P3123_R1,2024,2,207.0,659.3,Vetch,NA,NA,0.0,0.0,NA,0.0,-866.3
143,streatham,STREATHAM_S13_P0000_R5,NA,NA,NA,NA,NA,NA,NA,NA,NA,NA,NA,NA
144,streatham,STREATHAM_S9.2_P2121_R2,2023,1,296.0,1399.8675999999998,wheat,NA,NA,4875.0,NA,NA,1608.75,-87.11759999999981
145,streatham,STREATHAM_S9.2_P2121_R2,2024,2,281.114478105,725.0014067028986,Canola,Field Pea,NA,2035.353535,589.2255892,NA,1531.7306394992002,525.6147546913015
146,streatham,STREATHAM_S8_P1231_R1,2023,1,248.5,994.926,vetch,NA,NA,0.0,NA,NA,0.0,-1243.426
147,streatham,STREATHAM_S8_P1231_R1,2024,2,248.5,850.801393115942,Canola,NA,NA,3103.25477,0.0,NA,1930.22446694,830.923073824058
148,streatham,STREATHAM_S4_P1231_R1,2023,1,248.5,994.926,wheat,vetch ,NA,0.0,NA,NA,0.0,-1243.426
149,streatham,STREATHAM_S4_P1231_R1,2024,2,248.5,888.9354510869566,Canola,NA,NA,2592.592593,0.0,NA,1612.592592846,475.15714175904327
150,streatham,STREATHAM_S7_P4123_R2,2023,1,296.0,1399.8675999999998,wheat,NA,NA,5620.0,NA,NA,1854.6,158.7324000000001
151,streatham,STREATHAM_S7_P4123_R2,2024,2,185.0,611.0,Pasture,NA,NA,0.0,0.0,NA,0.0,-796.0
152,streatham,STREATHAM_S11_P0000_R6,NA,NA,NA,NA,NA,NA,NA,NA,NA,NA,NA,NA
153,streatham,STREATHAM_S5_P1231_R1,2023,1,307.0,1275.4,canola,NA,NA,4612.0,NA,NA,2868.664,1286.2640000000001
154,streatham,STREATHAM_S5_P1231_R1,2024,2,259.5,1083.0697467391306,Wheat,NA,NA,2993.82716,0.0,NA,987.9629628,-354.60678393913054
155,streatham,STREATHAM_S9.2_P1212_R1,2023,1,276.5,1123.95,canola,field pea,NA,0.0,NA,NA,0.0,-1400.45
156,streatham,STREATHAM_S9.2_P1212_R1,2024,2,259.5,1106.031109057971,Wheat,NA,NA,2418.630752,0.0,NA,798.14814816,-567.382960897971
157,streatham,STREATHAM_S2.3_P4123_R3,2023,1,296.0,1414.8675999999998,wheat,NA,NA,5819.0,NA,NA,1920.27,209.40240000000017
158,streatham,STREATHAM_S2.3_P4123_R3,2024,2,273.0,932.0660000000001,Faba bean,NA,NA,3035.394265,0.0,NA,1639.1129031,434.0469030999999
159,streatham,STREATHAM_S9.3_P1212_R1,2023,1,396.71297749999997,1173.95,canola,field pea,NA,3205.6794,1602.8397,NA,2716.8132915,1146.1503140000002
160,streatham,STREATHAM_S9.3_P1212_R1,2024,2,259.5,1137.8693699275361,Wheat,NA,NA,2494.388328,0.0,NA,823.1481482400001,-574.2212216875361
161,streatham,STREATHAM_S12_P0000_R6,NA,NA,NA,NA,NA,NA,NA,NA,NA,NA,NA,NA
162,streatham,STREATHAM_S10_P1212_R3,2023,1,390.38860999999997,1123.95,canola,field pea,NA,3037.0296,1518.5148,NA,2573.882586,1059.5439760000002
163,streatham,STREATHAM_S10_P1212_R3,2024,2,221.641801075,822.5826974637681,Wheat,Vetch,NA,1125.672043,0.0,NA,371.47177419,-672.7527243487681
164,streatham,STREATHAM_S6.1_P3123_R3,2023,1,296.0,1399.8675999999998,wheat,NA,NA,5767.0,NA,NA,1903.11,207.2424000000001
165,streatham,STREATHAM_S6.1_P3123_R3,2024,2,218.0,646.475,Pasture,NA,NA,0.0,0.0,NA,0.0,-864.475
166,streatham,STREATHAM_S5_P3123_R2,2023,1,285.0,1354.4699999999998,barley,NA,NA,6178.0,NA,NA,1841.044,201.5740000000003
167,streatham,STREATHAM_S5_P3123_R2,2024,2,248.5,894.4896539855073,Canola,NA,NA,2786.195286,0.0,NA,1733.013467892,590.0238139064928
168,streatham,STREATHAM_S2.4_P2341_R1,2023,1,307.0,1315.4,canola,NA,NA,4497.0,NA,NA,2797.134,1174.734
169,streatham,STREATHAM_S2.4_P2341_R1,2024,2,259.5,1141.533833695652,Wheat,NA,NA,3237.934905,0.0,NA,1068.51851865,-332.51531504565196
170,streatham,STREATHAM_S10_P2121_R3,2023,1,343.975,1090.88,wheat ,vetch ,NA,3479.0,NA,NA,1148.0700000000002,-286.78499999999997
171,streatham,STREATHAM_S10_P2121_R3,2024,2,264.6291442675,819.9151902173915,Canola,Field Pea,NA,1204.077061,761.0887097,NA,1092.1869400167,7.642605531808499
172,streatham,STREATHAM_S2.2_P4123_R2,2023,1,296.0,1399.8675999999998,wheat,NA,NA,5512.0,NA,NA,1818.96,123.09240000000023
173,streatham,STREATHAM_S2.2_P4123_R2,2024,2,240.0,836.633,Faba bean,NA,NA,3361.391695,0.0,NA,1815.1515153,738.5185153
174,streatham,STREATHAM_S9.3_P2121_R2,2023,1,296.0,1399.8675999999998,wheat,NA,NA,5221.0,NA,NA,1722.93,27.062400000000252
175,streatham,STREATHAM_S9.3_P2121_R2,2024,2,275.43265992249997,767.4003496376812,Canola,Field Pea,NA,1964.085297,433.2210999,NA,1417.0437707889,374.21076122871875
176,streatham,STREATHAM_S2.2_P4123_R3,2023,1,296.0,1399.8675999999998,wheat,NA,NA,5410.0,NA,NA,1785.3000000000002,89.43240000000037
177,streatham,STREATHAM_S2.2_P4123_R3,2024,2,240.0,836.633,Faba bean,NA,NA,3169.802867,0.0,NA,1711.69354818,635.0605481800001
178,streatham,STREATHAM_S2.3_P2341_R2,2023,1,279.0,1185.3999999999999,canola,NA,NA,4052.0,NA,NA,2520.344,1055.9440000000002
179,streatham,STREATHAM_S2.3_P2341_R2,2024,2,248.5,1078.3927757246377,Wheat,NA,NA,2786.195286,0.0,NA,919.44444438,-407.4483313446376
180,streatham,STREATHAM_S2.4_P3412_R2,2023,1,296.0,1442.3675999999998,wheat,NA,NA,4837.0,NA,NA,1596.21,-142.15759999999977
181,streatham,STREATHAM_S2.4_P3412_R2,2024,2,259.5,1111.9089351449275,Wheat,NA,NA,3016.27385,0.0,NA,995.3703705,-376.0385646449274
182,streatham,STREATHAM_S6.1_P2312_R3,2023,1,307.0,1275.4,canola,NA,NA,3940.0,NA,NA,2450.68,868.2799999999997
183,streatham,STREATHAM_S6.1_P2312_R3,2024,2,259.5,1154.8945873188406,Wheat,NA,NA,2797.379032,0.0,NA,923.13508056,-491.25950675884064
184,streatham,STREATHAM_S2.4_P1234_R1,2023,1,292.5,1266.3500000000001,faba bean,NA,NA,2483.0,NA,NA,1340.8200000000002,-218.02999999999997
185,streatham,STREATHAM_S2.4_P1234_R1,2024,2,248.5,916.3794221014492,Canola,NA,NA,2940.516274,0.0,NA,1829.001122428,664.1217003265507
186,streatham,STREATHAM_S2.3_P3412_R1,2023,1,296.0,1414.8675999999998,wheat,NA,NA,3889.0,NA,NA,1283.37,-427.4975999999999
187,streatham,STREATHAM_S2.3_P3412_R1,2024,2,259.5,1015.9049786231884,Wheat,NA,NA,1618.967452,0.0,NA,534.25925916,-741.1457194631884
188,streatham,STREATHAM_S6.2_P2312_R1,2023,1,307.0,1275.4,canola,NA,NA,4349.0,NA,NA,2705.078,1122.6779999999999
189,streatham,STREATHAM_S6.2_P2312_R1,2024,2,259.5,1117.1976597826088,Wheat,NA,NA,2898.428732,0.0,NA,956.48148156,-420.21617822260873
190,streatham,STREATHAM_S13_P0000_R7,NA,NA,NA,NA,NA,NA,NA,NA,NA,NA,NA,NA
191,streatham,STREATHAM_S10_P2121_R1,2023,1,328.825,1090.88,wheat ,vetch ,NA,2873.0,NA,NA,948.09,-471.615
192,streatham,STREATHAM_S10_P2121_R1,2024,2,265.892817055,819.9151902173915,Canola,Field Pea,NA,1515.151515,500.5611672,NA,1168.1773287372,82.36932146480854
193,streatham,STREATHAM_S2.4_P1234_R2,2023,1,292.5,1266.3500000000001,faba bean,NA,NA,2856.0,NA,NA,1542.24,-16.610000000000127
194,streatham,STREATHAM_S2.4_P1234_R2,2024,2,248.5,916.3794221014491,Canola,NA,NA,3108.866442,0.0,NA,1933.714926924,768.835504822551
195,streatham,STREATHAM_S4_P2312_R3,2023,1,307.0,1275.4,canola,NA,NA,4172.0,NA,NA,2594.984,1012.5839999999998
196,streatham,STREATHAM_S4_P2312_R3,2024,2,259.5,1113.37238442029,Wheat,NA,NA,2444.556452,0.0,NA,806.70362916,-566.16875526029
197,streatham,STREATHAM_S13_P0000_R2,2023,1,146.5,961.9,Perennial ryegrass,sub clover,NA,0.0,NA,NA,0.0,-1108.4
198,streatham,STREATHAM_S13_P0000_R2,2023,2,265.0,1833.0,Pasture,NA,NA,0.0,0.0,NA,0.0,-2098.0
199,streatham,STREATHAM_S3_P3412_R3,2023,1,307.0,1275.4,canola,NA,NA,3923.0,NA,NA,2440.106,857.7060000000001
200,streatham,STREATHAM_S3_P3412_R3,2024,2,259.5,1088.006297463768,Wheat,NA,NA,3096.998208,0.0,NA,1022.00940864,-325.49688882376813
201,streatham,STREATHAM_S2.2_P3412_R1,2023,1,296.0,1399.8675999999998,wheat,NA,NA,5851.0,NA,NA,1930.83,234.96240000000012
202,streatham,STREATHAM_S2.2_P3412_R1,2024,2,259.5,1105.4593119565218,Wheat,NA,NA,3044.332211,0.0,NA,1004.62962963,-360.32968232652183
203,streatham,STREATHAM_S4_P2312_R2,2023,1,307.0,1275.4,canola,NA,NA,4151.0,NA,NA,2581.922,999.5219999999999
204,streatham,STREATHAM_S4_P2312_R2,2024,2,259.5,1113.37238442029,Wheat,NA,NA,2637.485971,0.0,NA,870.3703704300001,-502.5020139902899
205,streatham,STREATHAM_S12_P0000_R1,2023,1,296.0,1399.8675999999998,wheat,NA,NA,4826.0,NA,NA,1592.5800000000002,-103.28759999999966
206,streatham,STREATHAM_S1.1_P2121_R1,2023,1,296.0,1352.3675999999998,wheat,NA,NA,5943.0,NA,NA,1961.19,312.82240000000024
207,streatham,STREATHAM_S1.1_P2121_R1,2024,2,248.5,852.0550362318841,Canola,NA,NA,3215.488215,0.0,NA,2000.03366973,899.4786334981159
208,streatham,STREATHAM_S6.2_P1231_R3,2023,1,226.5,961.9,balansa clover,balansa clover,chicory ,0.0,NA,NA,0.0,-1188.4
209,streatham,STREATHAM_S6.2_P1231_R3,2024,2,259.5,1041.8964365942031,Canola,NA,NA,1948.924731,0.0,NA,1212.231182682,-89.16525391220307
210,streatham,STREATHAM_S1.4_P2121_R2,2023,1,296.0,1442.3675999999998,wheat,NA,NA,5317.0,NA,NA,1754.61,16.24240000000009
211,streatham,STREATHAM_S1.4_P2121_R2,2024,2,248.5,903.0347554347825,Canola,NA,NA,3358.585859,0.0,NA,2089.040404298,937.5056488632174
212,streatham,STREATHAM_S1.4_P1212_R1,2023,1,307.0,1315.4,canola,NA,NA,4693.0,NA,NA,2919.046,1296.6459999999997
213,streatham,STREATHAM_S1.4_P1212_R1,2024,2,248.5,1106.6266742753623,Wheat,NA,NA,3058.361392,0.0,NA,1009.25925936,-345.86741491536236
214,streatham,STREATHAM_S7_P1234_R2,2023,1,226.5,961.9,balansa clover,balansa clover,chicory ,0.0,NA,NA,0.0,-1188.4
215,streatham,STREATHAM_S7_P1234_R2,2024,2,185.0,611.0,Pasture,NA,NA,0.0,0.0,NA,0.0,-796.0
216,streatham,STREATHAM_S2.3_P1234_R2,2023,1,270.5,1200.1524999999997,faba bean,NA,NA,1882.0,NA,NA,1016.28,-454.3724999999997
217,streatham,STREATHAM_S2.3_P1234_R2,2023,2,281.5,1000.5082771739131,Canola,NA,NA,2544.893378,0.0,NA,1582.923681116,300.91540394208675
218,streatham,STREATHAM_S1.3_P1212_R3,2023,1,279.0,1160.3999999999999,canola,NA,NA,1784.0,NA,NA,1109.648,-329.75199999999995
219,streatham,STREATHAM_S1.3_P1212_R3,2024,2,240.0,831.6826,Wheat,NA,NA,3094.198029,0.0,NA,1021.08534957,-50.59725043000003
220,streatham,STREATHAM_S11_P0000_R3,2023,1,332.925,1225.4225,wheat,barley,faba bean,4817.0,NA,NA,1589.61,31.262500000000045
221,streatham,STREATHAM_S12_P0000_R4,NA,NA,NA,NA,NA,NA,NA,NA,NA,NA,NA,NA
222,streatham,STREATHAM_S9.1_P2121_R3,2023,1,296.0,1399.8675999999998,wheat,NA,NA,5023.0,NA,NA,1657.59,-38.27759999999989
223,streatham,STREATHAM_S9.1_P2121_R3,2024,2,280.71471775,654.1,Canola,Field Pea,NA,2948.58871,0.0,NA,1834.02217762,899.20745987
224,streatham,STREATHAM_S1.3_P2121_R3,2023,1,296.0,1414.8675999999998,wheat,NA,NA,4361.0,NA,NA,1439.13,-271.7375999999997
225,streatham,STREATHAM_S1.3_P2121_R3,2024,2,262.0,811.545,Canola,NA,NA,2833.781362,0.0,NA,1762.612007164,689.0670071640001
226,streatham,STREATHAM_S2.2_P3412_R3,2023,1,296.0,1399.8675999999998,wheat,NA,NA,4825.0,NA,NA,1592.25,-103.61759999999981
227,streatham,STREATHAM_S2.2_P3412_R3,2024,2,259.5,1105.4593119565218,Wheat,NA,NA,2595.766129,0.0,NA,856.6028225700001,-508.35648938652173
228,streatham,STREATHAM_S13_P0000_R9,NA,NA,NA,NA,NA,NA,NA,NA,NA,NA,NA,NA
229,streatham,STREATHAM_S2.4_P4123_R1,2023,1,296.0,1442.3675999999998,wheat,NA,NA,5862.0,NA,NA,1934.46,196.09240000000023
230,streatham,STREATHAM_S2.4_P4123_R1,2024,2,240.0,836.633,Faba bean,NA,NA,3047.138047,0.0,NA,1645.45454538,568.8215453799999
231,streatham,STREATHAM_S7_P1234_R1,2023,1,226.5,961.9,balansa clover,balansa clover,chicory ,0.0,NA,NA,0.0,-1188.4
232,streatham,STREATHAM_S7_P1234_R1,2024,2,185.0,611.0,Pasture,NA,NA,0.0,0.0,NA,0.0,-796.0
233,streatham,STREATHAM_S11_P0000_R8,NA,NA,NA,NA,NA,NA,NA,NA,NA,NA,NA,NA
234,streatham,STREATHAM_S9.2_P2121_R1,2023,1,296.0,1399.8675999999998,wheat,NA,NA,4948.0,NA,NA,1632.84,-63.02759999999989
235,streatham,STREATHAM_S9.2_P2121_R1,2024,2,270.6346801375,725.0014067028986,Canola,Field Pea,NA,1851.851852,353.5353535,NA,1311.2962963725,315.66020953210125
236,streatham,STREATHAM_S6.1_P1231_R3,2023,1,226.5,961.9,balansa clover,balansa clover,chicory ,0.0,NA,NA,0.0,-1188.4
237,streatham,STREATHAM_S6.1_P1231_R3,2024,2,259.5,1008.9681177536232,Canola,NA,NA,2282.146057,0.0,NA,1419.494847454,151.02672970037668
238,streatham,STREATHAM_S7_P3412_R2,2023,1,307.0,1275.4,canola,NA,NA,4625.0,NA,NA,2876.75,1294.35
239,streatham,STREATHAM_S7_P3412_R2,2024,2,259.5,1107.643804710145,Wheat,NA,NA,2724.466891,0.0,NA,899.07407403,-468.0697306801451
240,streatham,STREATHAM_S2.1_P1234_R1,2023,1,292.5,1266.3500000000001,faba bean,NA,NA,2538.0,NA,NA,1370.52,-188.33000000000015
241,streatham,STREATHAM_S2.1_P1234_R1,2024,2,248.5,825.027963768116,Canola,NA,NA,3097.643098,0.0,NA,1926.734006956,853.206043187884
242,streatham,STREATHAM_S12_P0000_R7,NA,NA,NA,NA,NA,NA,NA,NA,NA,NA,NA,NA
243,streatham,STREATHAM_S6.2_P2312_R2,2023,1,307.0,1275.4,canola,NA,NA,4130.0,NA,NA,2568.86,986.46
244,streatham,STREATHAM_S6.2_P2312_R2,2024,2,259.5,1117.1976597826088,Wheat,NA,NA,2727.272727,0.0,NA,899.99999991,-476.6976598726087
245,streatham,STREATHAM_S2.3_P2341_R1,2023,1,279.0,1185.3999999999999,canola,NA,NA,4363.0,NA,NA,2713.786,1249.3860000000002
246,streatham,STREATHAM_S2.3_P2341_R1,2024,2,248.5,1078.3927757246377,Wheat,NA,NA,3108.866442,0.0,NA,1025.92592586,-300.96684986463765
247,streatham,STREATHAM_S1.1_P2121_R3,2023,1,296.0,1352.3675999999998,wheat,NA,NA,5243.0,NA,NA,1730.19,81.82240000000024
248,streatham,STREATHAM_S1.1_P2121_R3,2024,2,248.5,852.0550362318841,Canola,NA,NA,3127.800179,0.0,NA,1945.491711338,844.9366751061159
249,streatham,STREATHAM_S6.1_P2312_R2,2023,1,307.0,1275.4,canola,NA,NA,4168.0,NA,NA,2592.496,1010.096
250,streatham,STREATHAM_S6.1_P2312_R2,2024,2,259.5,1154.8945873188406,Wheat,NA,NA,2558.922559,0.0,NA,844.4444444700001,-569.9501428488405
251,streatham,STREATHAM_S1.3_P2121_R2,2023,1,296.0,1414.8675999999998,wheat,NA,NA,4113.0,NA,NA,1357.29,-353.57759999999985
252,streatham,STREATHAM_S1.3_P2121_R2,2024,2,262.0,811.5450000000001,Canola,NA,NA,2457.912458,0.0,NA,1528.821548876,455.2765488759999
253,streatham,STREATHAM_S3_P4123_R1,2023,1,296.0,1399.8675999999998,wheat,NA,NA,5845.0,NA,NA,1928.85,232.9824000000001
254,streatham,STREATHAM_S3_P4123_R1,2024,2,240.0,836.633,Faba bean,NA,NA,0.0,0.0,NA,0.0,-1076.633
255,streatham,STREATHAM_S10_P1212_R1,2023,1,386.439005,1123.95,canola,field pea,NA,2931.7068,1465.8534,NA,2484.621513,974.2325079999998
256,streatham,STREATHAM_S10_P1212_R1,2024,2,219.10325477499998,822.5826974637681,Wheat,Vetch,NA,1024.130191,0.0,NA,337.96296303,-703.722989208768
257,streatham,STREATHAM_S6.2_P3123_R3,2023,1,296.0,1399.8675999999998,wheat,NA,NA,4467.0,NA,NA,1474.11,-221.7575999999999
258,streatham,STREATHAM_S6.2_P3123_R3,2024,2,218.0,646.475,Pasture,NA,NA,0.0,0.0,NA,0.0,-864.475
259,streatham,STREATHAM_S2.1_P3412_R2,2023,1,296.0,1352.3675999999998,wheat,NA,NA,5681.0,NA,NA,1874.73,226.3624000000002
260,streatham,STREATHAM_S2.1_P3412_R2,2024,2,259.5,1084.7268101449276,Wheat,NA,NA,4545.454545,0.0,NA,1499.99999985,155.77318970507235
261,streatham,STREATHAM_S2.4_P1234_R3,2023,1,292.5,1266.3500000000001,faba bean,NA,NA,2242.0,NA,NA,1210.68,-348.1700000000001
262,streatham,STREATHAM_S2.4_P1234_R3,2024,2,248.5,916.3794221014492,Canola,NA,NA,2959.789427,0.0,NA,1840.989023594,676.1096014925507
263,streatham,STREATHAM_S6.2_P2312_R3,2023,1,298.5,1200.4,canola,NA,NA,3668.0,NA,NA,2281.496,782.596
264,streatham,STREATHAM_S6.2_P2312_R3,2024,2,259.5,1117.1976597826088,Wheat,NA,NA,2735.77509,0.0,NA,902.8057797,-473.89188008260874
265,streatham,STREATHAM_S3_P2341_R1,2023,1,296.0,1399.8675999999998,wheat,NA,NA,5729.0,NA,NA,1890.57,194.70240000000013
266,streatham,STREATHAM_S3_P2341_R1,2024,2,248.5,881.5610163043478,Canola,NA,NA,3703.703704,0.0,NA,2303.703703888,1173.6426875836519
267,streatham,STREATHAM_S2.2_P2341_R3,2023,1,307.0,1275.4,canola,NA,NA,4347.0,NA,NA,2703.834,1121.4339999999997
268,streatham,STREATHAM_S2.2_P2341_R3,2024,2,259.5,1111.250761231884,Wheat,NA,NA,2760.976703,0.0,NA,911.12231199,-459.62844924188414
269,streatham,STREATHAM_S8_P2312_R3,2023,1,307.0,1275.4,canola,NA,NA,4178.0,NA,NA,2598.716,1016.3159999999998
270,streatham,STREATHAM_S8_P2312_R3,2024,2,259.5,1117.9322394927538,Wheat,NA,NA,2802.979391,0.0,NA,924.98319903,-452.4490404627537
271,streatham,STREATHAM_S6.2_P1231_R2,2023,1,226.5,961.9,balansa clover,balansa clover,chicory ,0.0,NA,NA,0.0,-1188.4
272,streatham,STREATHAM_S6.2_P1231_R2,2024,2,259.5,1041.896436594203,Canola,NA,NA,1882.716049,0.0,NA,1171.049382478,-130.3470541162028
273,streatham,STREATHAM_S2.3_P3412_R3,2023,1,296.0,1414.8675999999998,wheat,NA,NA,4920.0,NA,NA,1623.6,-87.2675999999999
274,streatham,STREATHAM_S2.3_P3412_R3,2024,2,259.5,1015.9049786231884,Wheat,NA,NA,3648.633513,0.0,NA,1204.04905929,-71.35591933318835
275,streatham,STREATHAM_S2.1_P4123_R2,2023,1,296.0,1352.3675999999998,wheat,NA,NA,4514.0,NA,NA,1489.62,-158.74759999999992
276,streatham,STREATHAM_S2.1_P4123_R2,2024,2,240.0,836.633,Faba bean,NA,NA,2828.282828,0.0,NA,1527.27272712,450.63972711999986
277,streatham,STREATHAM_S7_P2341_R3,2023,1,226.5,961.9,Perennial ryegrass,sub clover,NA,0.0,NA,NA,0.0,-1188.4
278,streatham,STREATHAM_S7_P2341_R3,2024,2,248.5,898.9578278985507,Canola,NA,NA,1766.913082,0.0,NA,1099.019937004,-48.43789089455072
279,streatham,STREATHAM_S6.1_P2312_R1,2023,1,307.0,1275.4,canola,NA,NA,4326.0,NA,NA,2690.772,1108.3719999999998
280,streatham,STREATHAM_S6.1_P2312_R1,2024,2,259.5,1154.8945873188406,Wheat,NA,NA,2023.007856,0.0,NA,667.59259248,-746.8019948388406
281,streatham,STREATHAM_S5_P1231_R3,2023,1,307.0,1275.4,canola,NA,NA,4674.0,NA,NA,2907.228,1324.828
282,streatham,STREATHAM_S5_P1231_R3,2024,2,259.5,1083.0697467391306,Wheat,NA,NA,3122.199821,0.0,NA,1030.32594093,-312.24380580913066
283,streatham,STREATHAM_S2.3_P4123_R1,2023,1,296.0,1414.8675999999998,wheat,NA,NA,4569.0,NA,NA,1507.77,-203.09759999999983
284,streatham,STREATHAM_S2.3_P4123_R1,2024,2,273.0,932.066,Faba bean,NA,NA,2570.145903,0.0,NA,1387.87878762,182.81278761999988
285,streatham,STREATHAM_S9.1_P1212_R3,2023,1,379.488,1073.95,canola,field pea,NA,3199.68,1599.84,NA,2711.7288,1258.2908
286,streatham,STREATHAM_S9.1_P1212_R3,2024,2,259.5,1104.9568771739132,Wheat,NA,NA,3167.002688,0.0,NA,1045.11088704,-319.3459901339131
287,streatham,STREATHAM_S1.4_P2121_R1,2023,1,296.0,1442.3675999999998,wheat,NA,NA,5489.0,NA,NA,1811.37,73.00240000000008
288,streatham,STREATHAM_S1.4_P2121_R1,2024,2,248.5,903.0347554347826,Canola,NA,NA,0.0,0.0,NA,0.0,-1151.5347554347827
289,streatham,STREATHAM_S1.4_P1212_R3,2023,1,307.0,1315.4,canola,NA,NA,4462.0,NA,NA,2775.364,1152.964
290,streatham,STREATHAM_S1.4_P1212_R3,2024,2,248.5,1106.6266742753626,Wheat,NA,NA,3029.793907,0.0,NA,999.8319893100002,-355.2946849653624
291,streatham,STREATHAM_S2.1_P3412_R1,2023,1,296.0,1352.3675999999998,wheat,NA,NA,5440.0,NA,NA,1795.2,146.83240000000023
292,streatham,STREATHAM_S2.1_P3412_R1,2024,2,259.5,1084.7268101449274,Wheat,NA,NA,2744.107744,0.0,NA,905.55555552,-438.6712546249274
293,streatham,STREATHAM_S2.4_P2341_R3,2023,1,307.0,1315.4,canola,NA,NA,4479.0,NA,NA,2785.938,1163.538
294,streatham,STREATHAM_S2.4_P2341_R3,2024,2,259.5,1141.533833695652,Wheat,NA,NA,3099.798387,0.0,NA,1022.93346771,-378.10036598565205
295,streatham,STREATHAM_S2.3_P2341_R3,2023,1,279.0,1185.3999999999999,canola,NA,NA,3843.0,NA,NA,2390.346,925.9460000000001
296,streatham,STREATHAM_S2.3_P2341_R3,2024,2,248.5,1078.3927757246377,Wheat,NA,NA,2954.189068,0.0,NA,974.88239244,-352.01038328463767
297,streatham,STREATHAM_S4_P2312_R1,2023,1,307.0,1275.4,canola,NA,NA,4239.0,NA,NA,2636.658,1054.2579999999998
298,streatham,STREATHAM_S4_P2312_R1,2024,2,259.5,1113.37238442029,Wheat,NA,NA,1526.37486,0.0,NA,503.7037038,-869.1686806202899
299,streatham,STREATHAM_S6.1_P3123_R1,2023,1,296.0,1399.8675999999998,wheat,NA,NA,5017.0,NA,NA,1655.61,-40.25759999999991
300,streatham,STREATHAM_S6.1_P3123_R1,2024,2,218.0,646.475,Pasture,NA,NA,0.0,0.0,NA,0.0,-864.475
301,streatham,STREATHAM_S3_P3412_R2,2023,1,307.0,1275.4,canola,NA,NA,4538.0,NA,NA,2822.636,1240.2359999999999
302,streatham,STREATHAM_S3_P3412_R2,2024,2,259.5,1088.006297463768,Wheat,NA,NA,3468.013468,0.0,NA,1144.44444444,-203.06185302376798
303,streatham,STREATHAM_S3_P4123_R3,2023,1,296.0,1399.8675999999998,wheat,NA,NA,6627.0,NA,NA,2186.9100000000003,491.0424000000005
304,streatham,STREATHAM_S3_P4123_R3,2024,2,240.0,836.633,Faba bean,NA,NA,4169.466846,0.0,NA,2251.51209684,1174.87909684
305,streatham,STREATHAM_S2.2_P4123_R1,2023,1,296.0,1399.8675999999998,wheat,NA,NA,5712.0,NA,NA,1884.96,189.09240000000023
306,streatham,STREATHAM_S2.2_P4123_R1,2024,2,240.0,836.633,Faba bean,NA,NA,3069.584736,0.0,NA,1657.57575744,580.9427574399999
307,streatham,STREATHAM_S9.2_P1212_R3,2023,1,276.5,1123.95,canola,field pea,NA,0.0,NA,NA,0.0,-1400.45
308,streatham,STREATHAM_S9.2_P1212_R3,2024,2,259.5,1106.0311090579708,Wheat,NA,NA,2956.989247,0.0,NA,975.80645151,-389.72465754797076
309,streatham,STREATHAM_S2.1_P2341_R1,2023,1,307.0,1225.4,canola,NA,NA,4326.0,NA,NA,2690.772,1158.3719999999998
310,streatham,STREATHAM_S2.1_P2341_R1,2024,2,259.5,1077.0797666666667,Wheat,NA,NA,2623.45679,0.0,NA,865.7407407000001,-470.83902596666667
311,streatham,STREATHAM_S3_P3412_R1,2023,1,307.0,1275.4,canola,NA,NA,4282.0,NA,NA,2663.404,1081.004
312,streatham,STREATHAM_S3_P3412_R1,2024,2,259.5,1088.006297463768,Wheat,NA,NA,2637.485971,0.0,NA,870.3703704300001,-477.135927033768
313,streatham,STREATHAM_S1.1_P1212_R2,2023,1,307.0,1225.4,canola,NA,NA,3988.0,NA,NA,2480.536,948.136
314,streatham,STREATHAM_S1.1_P1212_R2,2024,2,248.5,1075.0870130434785,Wheat,NA,NA,2948.933782,0.0,NA,973.14814806,-350.4388649834784
315,streatham,STREATHAM_S8_P3123_R2,2023,1,296.0,1399.8675999999998,wheat,NA,NA,5750.0,NA,NA,1897.5,201.6324000000002
316,streatham,STREATHAM_S8_P3123_R2,2024,2,207.0,659.3,Vetch,NA,NA,0.0,0.0,NA,0.0,-866.3
317,streatham,STREATHAM_S5_P3123_R3,2023,1,285.0,1354.4699999999998,barley,NA,NA,5779.0,NA,NA,1722.1419999999998,82.67200000000003
318,streatham,STREATHAM_S5_P3123_R3,2024,2,248.5,894.4896539855073,Canola,NA,NA,3147.401434,0.0,NA,1957.683691948,814.6940379624926
319,streatham,STREATHAM_S2.2_P2341_R1,2023,1,307.0,1275.4,canola,NA,NA,3955.0,NA,NA,2460.01,877.6100000000001
320,streatham,STREATHAM_S2.2_P2341_R1,2024,2,259.5,1111.250761231884,Wheat,NA,NA,1787.317621,0.0,NA,589.81481493,-780.9359463018841
321,streatham,STREATHAM_S4_P3123_R3,2023,1,296.0,1399.8675999999998,wheat,NA,NA,5438.0,NA,NA,1794.5400000000002,98.67240000000038
322,streatham,STREATHAM_S4_P3123_R3,2024,2,286.0,635.0,Wheat,Vetch,NA,3600.0,0.0,NA,0.0,-921.0
323,streatham,STREATHAM_S3_P1234_R1,2023,1,292.5,1266.3500000000001,faba bean,NA,NA,2202.0,NA,NA,1189.0800000000002,-369.77
324,streatham,STREATHAM_S3_P1234_R1,2024,2,259.5,1095.3065583333332,Wheat,NA,NA,2934.904602,0.0,NA,968.51851866,-386.2880396733332
325,streatham,STREATHAM_S1.3_P1212_R2,2023,1,279.0,1160.3999999999999,canola,NA,NA,4058.0,NA,NA,2524.076,1084.6760000000002
326,streatham,STREATHAM_S1.3_P1212_R2,2024,2,240.0,831.6826,Wheat,NA,NA,2786.195286,0.0,NA,919.44444438,-152.23815561999993
327,streatham,STREATHAM_S13_P0000_R4,NA,NA,NA,NA,NA,NA,NA,NA,NA,NA,NA,NA
328,streatham,STREATHAM_S5_P2312_R3,2023,1,296.0,1399.8675999999998,wheat,NA,NA,5882.0,NA,NA,1941.06,245.19240000000013
329,streatham,STREATHAM_S5_P2312_R3,2024,2,237.5,911.807277173913,Barley,NA,NA,3875.448029,0.0,NA,1154.883512642,5.576235468086907
330,streatham,STREATHAM_S2.3_P3412_R2,2023,1,296.0,1414.8675999999998,wheat,NA,NA,4700.0,NA,NA,1551.0,-159.8675999999998
331,streatham,STREATHAM_S2.3_P3412_R2,2024,2,259.5,1015.9049786231884,Wheat,NA,NA,4065.656566,0.0,NA,1341.66666678,66.2616881568116
332,streatham,STREATHAM_S5_P1231_R2,2023,1,307.0,1275.4,canola,NA,NA,4677.0,NA,NA,2909.094,1326.694
333,streatham,STREATHAM_S5_P1231_R2,2024,2,259.5,1083.0697467391303,Wheat,NA,NA,3442.760943,0.0,NA,1136.1111111900002,-206.45863554913012
334,streatham,STREATHAM_S5_P2312_R2,2023,1,296.0,1399.8675999999998,wheat,NA,NA,5442.0,NA,NA,1795.86,99.99240000000009
335,streatham,STREATHAM_S5_P2312_R2,2024,2,237.5,911.807277173913,Barley,NA,NA,4789.56229,0.0,NA,1427.2895624199998,277.9822852460868
336,streatham,STREATHAM_S2.1_P2341_R3,2023,1,307.0,1225.4,canola,NA,NA,4118.0,NA,NA,2561.396,1028.996
337,streatham,STREATHAM_S2.1_P2341_R3,2024,2,259.5,1077.0797666666665,Wheat,NA,NA,2786.178315,0.0,NA,919.43884395,-417.1409227166665
338,streatham,STREATHAM_S1.1_P2121_R2,2023,1,296.0,1352.3675999999998,wheat,NA,NA,5500.0,NA,NA,1815.0,166.6324000000002
339,streatham,STREATHAM_S1.1_P2121_R2,2024,2,248.5,852.0550362318841,Canola,NA,NA,3268.799102,0.0,NA,2033.193041444,932.638005212116
340,streatham,STREATHAM_S9.1_P1212_R2,2023,1,366.8142675,1073.95,canola,field pea,NA,2861.7138,1430.8569,NA,2425.3024455,984.538178
341,streatham,STREATHAM_S9.1_P1212_R2,2024,2,259.5,1104.9568771739132,Wheat,NA,NA,2786.195286,0.0,NA,919.44444438,-445.01243279391315
342,streatham,STREATHAM_S1.3_P2121_R1,2023,1,296.0,1414.8675999999998,wheat,NA,NA,4384.0,NA,NA,1446.72,-264.1475999999998
343,streatham,STREATHAM_S1.3_P2121_R1,2024,2,262.0,811.5450000000001,Canola,NA,NA,2895.622896,0.0,NA,1801.0774413119998,727.5324413119997
344,streatham,STREATHAM_S8_P2312_R1,2023,1,307.0,1275.4,canola,NA,NA,4022.0,NA,NA,2501.684,919.2840000000001
345,streatham,STREATHAM_S8_P2312_R1,2024,2,259.5,1117.9322394927535,Wheat,NA,NA,2180.13468,0.0,NA,719.4444444000001,-657.9877950927535
346,streatham,STREATHAM_S9.3_P2121_R1,2023,1,296.0,1399.8675999999998,wheat,NA,NA,5778.0,NA,NA,1906.74,210.8724000000002
347,streatham,STREATHAM_S9.3_P2121_R1,2024,2,271.504489335,767.4003496376812,Canola,Field Pea,NA,1795.735129,444.4444444,NA,1317.3916946624,278.4868556897187
348,streatham,STREATHAM_S12_P0000_R5,NA,NA,NA,NA,NA,NA,NA,NA,NA,NA,NA,NA
349,streatham,STREATHAM_S2.4_P4123_R2,2023,1,296.0,1442.3675999999998,wheat,NA,NA,6312.0,NA,NA,2082.96,344.5924000000002
350,streatham,STREATHAM_S2.4_P4123_R2,2024,2,240.0,836.633,Faba bean,NA,NA,3636.363636,0.0,NA,1963.63636344,887.0033634399999
351,streatham,STREATHAM_S1.2_P2121_R1,2023,1,296.0,1399.8675999999998,wheat,NA,NA,6047.0,NA,NA,1995.51,299.6424000000002
352,streatham,STREATHAM_S1.2_P2121_R1,2024,2,240.0,736.39,Canola,NA,NA,3498.877666,0.0,NA,2176.301908252,1199.911908252
353,streatham,STREATHAM_S9.3_P1212_R2,2023,1,395.58808999999997,1173.95,canola,field pea,NA,3175.6824,1587.8412,NA,2691.3908340000003,1121.8527440000005
354,streatham,STREATHAM_S9.3_P1212_R2,2024,2,259.5,1137.8693699275361,Wheat,NA,NA,2951.739618,0.0,NA,974.07407394,-423.2952959875362
355,streatham,STREATHAM_S2.4_P2341_R2,2023,1,307.0,1315.4,canola,NA,NA,4218.0,NA,NA,2623.596,1001.1959999999999
356,streatham,STREATHAM_S2.4_P2341_R2,2024,2,259.5,1141.5338336956522,Wheat,NA,NA,2707.631874,0.0,NA,893.5185184200001,-507.51531527565214
357,streatham,STREATHAM_S12_P0000_R2,2023,1,296.0,1399.8675999999998,wheat,NA,NA,5102.0,NA,NA,1683.66,-12.20759999999973
358,streatham,STREATHAM_S2.3_P4123_R2,2023,1,296.0,1414.8675999999998,wheat,NA,NA,4965.0,NA,NA,1638.45,-72.41759999999977
359,streatham,STREATHAM_S2.3_P4123_R2,2024,2,273.0,932.0660000000001,Faba bean,NA,NA,2839.506173,0.0,NA,1533.33333342,328.2673334199998
360,roseworthy,ROSEWORTHY_S5_P0000_R1,2023,1,263.0,695.1294,canola,NA,NA,2031.0,NA,NA,1263.282,305.1525999999999
361,roseworthy,ROSEWORTHY_S5_P0000_R1,2023,2,182.5,249.936,Wheat,NA,NA,1998.62387,NA,NA,659.5458771,227.10987709999998
362,roseworthy,ROSEWORTHY_S8_P0121_R2,2024,1,182.5,394.53,Lentil,NA,NA,781.0964306,NA,NA,507.71267989,-69.31732010999997
363,roseworthy,ROSEWORTHY_S2_P2121_R1,2023,1,268.0,592.1894,durum,NA,NA,3394.0,NA,NA,1452.632,592.4426000000001
364,roseworthy,ROSEWORTHY_S2_P2121_R1,2023,2,193.5,478.53000000000003,Lentil,NA,NA,1024.675325,NA,NA,666.0389612499999,-5.991038750000087
365,roseworthy,ROSEWORTHY_S2_P2121_R3,2023,1,279.0,592.1894,durum,NA,NA,2519.0,NA,NA,1078.132,206.94260000000008
366,roseworthy,ROSEWORTHY_S2_P2121_R3,2023,2,193.5,478.53,Lentil,NA,NA,908.0072558,NA,NA,590.2047162700001,-81.82528372999991
367,roseworthy,ROSEWORTHY_S2_P2121_R2,2023,1,279.0,592.1894,durum,NA,NA,3622.0,NA,NA,1550.216,679.0265999999999
368,roseworthy,ROSEWORTHY_S2_P2121_R2,2023,2,193.5,478.53000000000003,Lentil,NA,NA,1027.153223,NA,NA,667.64959495,-4.380405049999979
369,roseworthy,ROSEWORTHY_S4_P2312_R3,2023,1,370.9,816.4513999999999,wheat,lentil,NA,3499.0,517.0,NA,1490.72,303.36860000000024
370,roseworthy,ROSEWORTHY_S4_P2312_R3,2023,2,207.664808241,232.98000000000002,Barley,Faba Bean,NA,1419.594828,26.99750164,NA,437.6179096296,-3.0268986114000427
371,roseworthy,ROSEWORTHY_S6_P0000_R3,2023,1,257.0,592.1894,wheat,NA,NA,3493.0,NA,NA,1152.69,303.5006000000001
372,roseworthy,ROSEWORTHY_S6_P0000_R3,2023,2,202.0,258.456,Barley,NA,NA,2.568529201,NA,NA,0.765421701898,-459.690578298102
373,roseworthy,ROSEWORTHY_S1.1_P1231_R1,2023,1,281.5,786.8794,lentil,NA,NA,1983.0,NA,NA,1288.95,220.5706
374,roseworthy,ROSEWORTHY_S1.1_P1231_R1,2023,2,202.0,299.93600000000004,Wheat,NA,NA,2348.748663,NA,NA,775.08705879,273.15105879
375,roseworthy,ROSEWORTHY_S8_P0212_R1,2024,1,180.0,231.98,Canola,NA,NA,281.232493,NA,NA,174.92661064599997,-237.05338935400002
376,roseworthy,ROSEWORTHY_S3_P2121_R1,2023,1,279.0,592.1894,durum,NA,NA,3678.0,NA,NA,1574.184,702.9946
377,roseworthy,ROSEWORTHY_S3_P2121_R1,2023,2,193.5,298.455,Vetch,NA,NA,0.0,NA,NA,0.0,-491.955
378,roseworthy,ROSEWORTHY_S1.1_P2312_R2,2023,1,268.0,592.1894,wheat,NA,NA,5104.0,NA,NA,1684.3200000000002,824.1306000000002
379,roseworthy,ROSEWORTHY_S1.1_P2312_R2,2023,2,202.0,299.93600000000004,Barley,NA,NA,1522.301299,NA,NA,453.645787102,-48.29021289800005
380,roseworthy,ROSEWORTHY_S4_P3123_R2,2023,1,381.225,558.6094,barley,fababean,NA,3945.0,484.0,NA,1436.9699999999998,497.13559999999984
381,roseworthy,ROSEWORTHY_S4_P3123_R2,2023,2,210.7404611475,267.18,Canola,Field Pea,NA,981.9810103,147.6374356,NA,677.3766718621999,199.45621071469992
382,roseworthy,ROSEWORTHY_S3_P1212_R2,2023,1,259.5,576.9044,vetch,NA,NA,5710.0,NA,NA,0.0,-836.4044
383,roseworthy,ROSEWORTHY_S3_P1212_R2,2023,2,193.5,249.936,Wheat,NA,NA,2112.562229,NA,NA,697.1455355700001,253.7095355700001
384,roseworthy,ROSEWORTHY_S1.2_P3123_R1,2023,1,268.0,592.1894,barley,NA,NA,5069.0,NA,NA,1510.562,650.3725999999999
385,roseworthy,ROSEWORTHY_S1.2_P3123_R1,2023,2,193.5,478.53,Lentil,NA,NA,1034.142582,NA,NA,672.1926783,0.1626783000000387
386,roseworthy,ROSEWORTHY_S1.2_P1231_R3,2023,1,281.5,786.8794,lentil,NA,NA,1479.0,NA,NA,961.35,-107.02940000000001
387,roseworthy,ROSEWORTHY_S1.2_P1231_R3,2023,2,202.0,289.93600000000004,Wheat,NA,NA,1517.05563,NA,NA,500.6283579,8.69235789999999
388,roseworthy,ROSEWORTHY_S8_P0121_R1,2024,1,182.5,394.53,Lentil,NA,NA,819.1592419,NA,NA,532.453507235,-44.57649276500001
389,roseworthy,ROSEWORTHY_S1.2_P3123_R2,2023,1,279.0,592.1894,barley,NA,NA,5141.0,NA,NA,1532.018,660.8286
390,roseworthy,ROSEWORTHY_S1.2_P3123_R2,2023,2,193.5,478.53,Lentil,NA,NA,998.2770728,NA,NA,648.88009732,-23.14990267999997
391,roseworthy,ROSEWORTHY_S1.1_P3123_R2,2023,1,279.0,592.1894,barley,NA,NA,5447.0,NA,NA,1623.206,752.0165999999999
392,roseworthy,ROSEWORTHY_S1.1_P3123_R2,2023,2,193.5,478.53000000000003,Lentil,NA,NA,455.4766276,NA,NA,296.05980794,-375.97019206000004
393,roseworthy,ROSEWORTHY_S8_P0121_R3,2024,1,182.5,394.53,Lentil,NA,NA,1006.529272,NA,NA,654.2440268,77.21402680000006
394,roseworthy,ROSEWORTHY_S1.2_P2312_R2,2023,1,268.0,592.1894,wheat,NA,NA,5613.0,NA,NA,1852.29,992.1006
395,roseworthy,ROSEWORTHY_S1.2_P2312_R2,2023,2,202.0,289.93600000000004,Barley,NA,NA,1349.467718,NA,NA,402.141379964,-89.79462003600003
396,roseworthy,ROSEWORTHY_S8_P0212_R2,2024,1,180.0,231.98,Canola,NA,NA,351.0925845,NA,NA,218.379587559,-193.600412441
397,roseworthy,ROSEWORTHY_S1.2_P3123_R3,2023,1,268.0,592.1894,barley,NA,NA,5250.0,NA,NA,1564.5,704.3106
398,roseworthy,ROSEWORTHY_S1.2_P3123_R3,2023,2,193.5,478.53,Lentil,NA,NA,738.1863584,NA,NA,479.82113296,-192.20886703999997
399,roseworthy,ROSEWORTHY_S1.2_P1231_R1,2023,1,281.5,786.8794,lentil,NA,NA,1621.0,NA,NA,1053.65,-14.729399999999941
400,roseworthy,ROSEWORTHY_S1.2_P1231_R1,2023,2,202.0,289.93600000000004,Wheat,NA,NA,2514.7697,NA,NA,829.874001,337.938001
401,roseworthy,ROSEWORTHY_S1.1_P1231_R3,2023,1,281.5,786.8794,lentil,NA,NA,1799.0,NA,NA,1169.35,100.97059999999988
402,roseworthy,ROSEWORTHY_S1.1_P1231_R3,2023,2,202.0,299.93600000000004,Wheat,NA,NA,1991.272616,NA,NA,657.11996328,155.18396327999994
403,roseworthy,ROSEWORTHY_S1.1_P3123_R3,2023,1,268.0,592.1894,barley,NA,NA,4717.0,NA,NA,1405.666,545.4766
404,roseworthy,ROSEWORTHY_S1.1_P3123_R3,2023,2,193.5,478.53000000000003,Lentil,NA,NA,972.8597488,NA,NA,632.35883672,-39.67116328000003
405,roseworthy,ROSEWORTHY_S4_P1231_R1,2023,1,341.525,579.2794,canola,fieldpea,NA,951.0,1450.0,NA,1245.4720000000002,324.6676000000002
406,roseworthy,ROSEWORTHY_S4_P1231_R1,2023,2,219.45653937999998,439.23,Wheat,Lentil,NA,1426.589818,51.6717572,NA,504.36128212,-154.32525726
407,roseworthy,ROSEWORTHY_S1.2_P2312_R3,2023,1,268.0,592.1894,wheat,NA,NA,3754.0,NA,NA,1238.8200000000002,378.6306000000002
408,roseworthy,ROSEWORTHY_S1.2_P2312_R3,2023,2,202.0,289.93600000000004,Barley,NA,NA,505.830062,NA,NA,150.737358476,-341.19864152400004
409,roseworthy,ROSEWORTHY_S2_P1212_R2,2023,1,270.5,786.8794,lentil,NA,NA,1460.0,NA,NA,949.0,-108.37940000000003
410,roseworthy,ROSEWORTHY_S2_P1212_R2,2023,2,202.0,289.93600000000004,Wheat,NA,NA,1626.125553,NA,NA,536.6214324900001,44.68543249000004
411,roseworthy,ROSEWORTHY_S4_P1231_R3,2023,1,343.5,579.2794,canola,fieldpea,NA,711.0,1769.0,NA,1240.061,317.2815999999999
412,roseworthy,ROSEWORTHY_S4_P1231_R3,2023,2,214.32340459575,439.23,Wheat,Lentil,NA,1683.995518,28.94066583,NA,574.5299537295,-79.02345086625002
413,roseworthy,ROSEWORTHY_S1.1_P1231_R2,2023,1,270.5,786.8794,lentil,NA,NA,1118.0,NA,NA,726.7,-330.6794
414,roseworthy,ROSEWORTHY_S1.1_P1231_R2,2023,2,202.0,299.93600000000004,Wheat,NA,NA,1880.223392,NA,NA,620.47371936,118.53771935999998
415,roseworthy,ROSEWORTHY_S3_P2121_R2,2023,1,279.0,592.1894,durum,NA,NA,4139.0,NA,NA,1771.492,900.3026
416,roseworthy,ROSEWORTHY_S3_P2121_R2,2023,2,182.5,298.45500000000004,Vetch,NA,NA,0.0,NA,NA,0.0,-480.95500000000004
417,roseworthy,ROSEWORTHY_S2_P1212_R1,2023,1,270.5,786.8794,lentil,NA,NA,2030.0,NA,NA,1319.5,262.12059999999997
418,roseworthy,ROSEWORTHY_S2_P1212_R1,2023,2,191.0,289.93600000000004,Wheat,NA,NA,3604.886857,NA,NA,1189.61266281,708.67666281
419,roseworthy,ROSEWORTHY_S1.2_P1231_R2,2023,1,281.5,786.8794,lentil,NA,NA,1521.0,NA,NA,988.65,-79.72940000000006
420,roseworthy,ROSEWORTHY_S1.2_P1231_R2,2023,2,202.0,289.93600000000004,Wheat,NA,NA,2127.111145,NA,NA,701.94667785,210.01067784999998
421,roseworthy,ROSEWORTHY_S3_P1212_R3,2023,1,259.5,576.9044,vetch,NA,NA,6330.0,NA,NA,0.0,-836.4044
422,roseworthy,ROSEWORTHY_S3_P1212_R3,2023,2,182.5,249.936,Wheat,NA,NA,1854.611657,NA,NA,612.02184681,179.58584681000005
423,roseworthy,ROSEWORTHY_S6_P0000_R2,2023,1,268.0,592.1894,wheat,NA,NA,5306.0,NA,NA,1750.98,890.7906
424,roseworthy,ROSEWORTHY_S6_P0000_R2,2023,2,202.0,258.456,Barley,NA,NA,10.81680468,NA,NA,3.22340779464,-457.23259220536
425,roseworthy,ROSEWORTHY_S3_P2121_R3,2023,1,268.0,592.1894,durum,NA,NA,2270.0,NA,NA,971.56,111.37059999999997
426,roseworthy,ROSEWORTHY_S3_P2121_R3,2023,2,182.5,298.45500000000004,Vetch,NA,NA,0.0,NA,NA,0.0,-480.95500000000004
427,roseworthy,ROSEWORTHY_S4_P1231_R2,2023,1,339.85,579.2794,canola,fieldpea,NA,578.0,1756.0,NA,1151.472,232.34259999999995
428,roseworthy,ROSEWORTHY_S4_P1231_R2,2023,2,214.08516899724998,439.23,Wheat,Lentil,NA,1681.372549,22.03421089,NA,569.1751782485001,-84.13999074874994
429,roseworthy,ROSEWORTHY_S8_P0212_R3,2024,1,180.0,231.98,Canola,NA,NA,604.6134156,NA,NA,376.0695445032,-35.91045549679998
430,roseworthy,ROSEWORTHY_S1.1_P2312_R3,2023,1,268.0,592.1894,wheat,NA,NA,4659.0,NA,NA,1537.47,677.2806
431,roseworthy,ROSEWORTHY_S1.1_P2312_R3,2023,2,191.0,299.93600000000004,Barley,NA,NA,617.6518386,NA,NA,184.0602479028,-306.8757520972
432,roseworthy,ROSEWORTHY_S7_P0000_R1,2023,1,257.0,6808.229399999999,durum,NA,NA,3288.0,NA,NA,1407.264,-5657.965399999999
433,roseworthy,ROSEWORTHY_S7_P0000_R1,2023,2,182.5,10348.086,Barley,NA,NA,2207.692597,NA,NA,657.892393906,-9872.693606093999
434,roseworthy,ROSEWORTHY_S6_P0000_R1,2023,1,268.0,592.1894,wheat,NA,NA,5908.0,NA,NA,1949.64,1089.4506000000001
435,roseworthy,ROSEWORTHY_S6_P0000_R1,2023,2,202.0,258.456,Barley,NA,NA,17.98031466,NA,NA,5.35813376868,-455.09786623132004
436,roseworthy,ROSEWORTHY_S1.1_P3123_R1,2023,1,268.0,592.1894,barley,NA,NA,5260.0,NA,NA,1567.48,707.2906
437,roseworthy,ROSEWORTHY_S1.1_P3123_R1,2023,2,182.5,478.53000000000003,Lentil,NA,NA,1073.082918,NA,NA,697.5038967,36.47389670000001
438,roseworthy,ROSEWORTHY_S7_P0000_R3,2023,1,268.0,6808.229399999999,durum,NA,NA,4197.0,NA,NA,1796.316,-5279.9133999999995
439,roseworthy,ROSEWORTHY_S7_P0000_R3,2023,2,193.5,10348.086,Barley,NA,NA,621.166068,NA,NA,185.107488264,-10356.478511735999
440,roseworthy,ROSEWORTHY_S7_P0000_R2,2023,1,257.0,6808.229399999999,durum,NA,NA,3575.0,NA,NA,1530.1,-5535.1294
441,roseworthy,ROSEWORTHY_S7_P0000_R2,2023,2,193.5,10348.086,Barley,NA,NA,1334.787504,NA,NA,397.766676192,-10143.819323807998
442,roseworthy,ROSEWORTHY_S4_P3123_R3,2023,1,377.625,558.6094,barley,fababean,NA,3853.0,432.0,NA,1381.474,445.2395999999999
443,roseworthy,ROSEWORTHY_S4_P3123_R3,2023,2,202.23923865275,267.18,Canola,Field Pea,NA,713.4773054,76.09224071,NA,478.10048451901,8.681245866259985
444,roseworthy,ROSEWORTHY_S5_P0000_R3,2023,1,263.0,695.1294,canola,NA,NA,1587.0,NA,NA,987.114,28.9846
445,roseworthy,ROSEWORTHY_S5_P0000_R3,2023,2,182.5,249.936,Wheat,NA,NA,1721.2753,NA,NA,568.020849,135.584849
446,roseworthy,ROSEWORTHY_S4_P2312_R1,2023,1,365.65,816.4513999999999,wheat,lentil,NA,3361.0,445.0,NA,1398.38,216.2786000000001
447,roseworthy,ROSEWORTHY_S4_P2312_R1,2023,2,198.000045812,232.98000000000002,Barley,Faba Bean,NA,1034.812322,25.18951048,NA,321.97640761519995,-109.00363819680007
448,roseworthy,ROSEWORTHY_S1.1_P2312_R1,2023,1,279.0,592.1894,wheat,NA,NA,5023.0,NA,NA,1657.59,786.4005999999999
449,roseworthy,ROSEWORTHY_S1.1_P2312_R1,2023,2,202.0,299.93600000000004,Barley,NA,NA,906.0226177,NA,NA,269.9947400746,-231.94125992540006
450,roseworthy,ROSEWORTHY_S5_P0000_R2,2023,1,263.0,695.1294,canola,NA,NA,2091.0,NA,NA,1300.602,342.47260000000006
451,roseworthy,ROSEWORTHY_S5_P0000_R2,2023,2,182.5,249.936,Wheat,NA,NA,1515.454483,NA,NA,500.09997939,67.66397938999998
452,roseworthy,ROSEWORTHY_S4_P3123_R1,2023,1,376.2,558.6094,barley,fababean,NA,3668.0,560.0,NA,1395.464,460.65459999999985
453,roseworthy,ROSEWORTHY_S4_P3123_R1,2023,2,224.257062345,267.18,Canola,Field Pea,NA,954.4021304,275.8803634,NA,718.0601690022,226.62310665720003
454,roseworthy,ROSEWORTHY_S2_P1212_R3,2023,1,281.5,786.8794,lentil,NA,NA,1572.0,NA,NA,1021.8,-46.57940000000008
455,roseworthy,ROSEWORTHY_S2_P1212_R3,2023,2,202.0,289.93600000000004,Wheat,NA,NA,1901.376475,NA,NA,627.4542367500001,135.51823675000003
456,roseworthy,ROSEWORTHY_S3_P1212_R1,2023,1,259.5,576.9044,vetch,NA,NA,5090.0,NA,NA,0.0,-836.4044
457,roseworthy,ROSEWORTHY_S3_P1212_R1,2023,2,193.5,249.936,Wheat,NA,NA,2397.176471,NA,NA,791.0682354300001,347.63223543000004
458,roseworthy,ROSEWORTHY_S1.2_P2312_R1,2023,1,268.0,592.1894,wheat,NA,NA,5590.0,NA,NA,1844.7,984.5106000000001
459,roseworthy,ROSEWORTHY_S1.2_P2312_R1,2023,2,191.0,289.93600000000004,Barley,NA,NA,2168.05411,NA,NA,646.08012478,165.14412477999997
460,roseworthy,ROSEWORTHY_S4_P2312_R2,2023,1,351.825,816.4513999999999,wheat,lentil,NA,3184.0,509.0,NA,1381.5700000000002,213.2936000000002
461,roseworthy,ROSEWORTHY_S4_P2312_R2,2023,2,205.3249453565,232.98000000000002,Barley,Faba Bean,NA,1312.518549,40.47926526,NA,412.9893308424,-25.31561451409999
462,wallup,WALLUP_S5_P0000_R2,2023,1,158.0,201.47,Wheat,NA,NA,4675.0,NA,NA,1542.75,1183.28
463,wallup,WALLUP_S2_P4123_R2,2023,1,169.0,377.97,Wheat,NA,NA,5203.0,NA,NA,1716.99,1170.02
464,wallup,WALLUP_S2_P1234_R1,2023,1,171.5,205.7472,Lentil,NA,NA,2670.0,NA,NA,1735.5,1358.2528
465,wallup,WALLUP_S1_P2312_R2,2023,1,158.0,190.47,Wheat,NA,NA,4239.0,NA,NA,1398.87,1050.3999999999999
466,wallup,WALLUP_S3_P3412_R3,2023,1,169.0,377.97,Wheat,NA,NA,5028.0,NA,NA,1659.24,1112.27
467,wallup,WALLUP_S2_P3412_R1,2023,1,169.0,377.97,Wheat,NA,NA,4704.0,NA,NA,1552.3200000000002,1005.3500000000001
468,wallup,WALLUP_S2_P2341_R3,2023,1,158.0,521.3000000000001,Canola,NA,NA,2628.0,NA,NA,1634.616,955.3159999999999
469,wallup,WALLUP_S2_P2341_R1,2023,1,158.0,521.3,Canola,NA,NA,2607.0,NA,NA,1621.554,942.2540000000001
470,wallup,WALLUP_S2_P1234_R3,2023,1,160.5,205.74720000000002,Lentil,NA,NA,2149.0,NA,NA,1396.85,1030.6028
471,wallup,WALLUP_S3_P3412_R2,2023,1,180.0,377.97,Wheat,NA,NA,4094.0,NA,NA,1351.02,793.05
472,wallup,WALLUP_S3_P1234_R2,2023,1,160.5,204.3972,Vetch,NA,NA,0.0,NA,NA,0.0,-364.8972
473,wallup,WALLUP_S3_P3412_R1,2023,1,169.0,377.96999999999997,Wheat,NA,NA,5092.0,NA,NA,1680.36,1133.3899999999999
474,wallup,WALLUP_S2_P2341_R2,2023,1,147.0,521.3,Canola,NA,NA,2187.0,NA,NA,1360.314,692.0140000000001
475,wallup,WALLUP_S1_P1231_R3,2023,1,182.5,205.7472,Lentil,NA,NA,2767.0,NA,NA,1798.55,1410.3028
476,wallup,WALLUP_S3_P1234_R1,2023,1,182.5,204.3972,Vetch,NA,NA,0.0,NA,NA,0.0,-386.8972
477,wallup,WALLUP_S2_P4123_R3,2023,1,169.0,377.96999999999997,Wheat,NA,NA,4999.0,NA,NA,1649.67,1102.7
478,wallup,WALLUP_S3_P4123_R1,2023,1,169.0,377.97,Wheat,NA,NA,4622.0,NA,NA,1525.26,978.29
479,wallup,WALLUP_S1_P2312_R1,2023,1,158.0,190.47,Wheat,NA,NA,4327.0,NA,NA,1427.91,1079.44
480,wallup,WALLUP_S4_P2312_R3,2023,1,158.0,377.96999999999997,Wheat,NA,NA,4744.0,NA,NA,1565.52,1029.55
481,wallup,WALLUP_S3_P2341_R3,2023,1,158.0,521.3,Canola,NA,NA,2626.0,NA,NA,1633.372,954.0720000000001
482,wallup,WALLUP_S4_P2312_R1,2023,1,169.0,377.97,Wheat,NA,NA,4905.0,NA,NA,1618.65,1071.68
483,wallup,WALLUP_S6_P0000_R2,2023,1,158.0,245.97,Wheat,NA,NA,4947.0,NA,NA,1632.51,1228.54
484,wallup,WALLUP_S3_P2341_R1,2023,1,158.0,521.3,Canola,NA,NA,2495.0,NA,NA,1551.89,872.5900000000001
485,wallup,WALLUP_S1_P3123_R3,2023,1,180.0,190.47,Wheat,NA,NA,4660.0,NA,NA,1537.8000000000002,1167.3300000000002
486,wallup,WALLUP_S1_P3123_R1,2023,1,169.0,190.47,Wheat,NA,NA,4259.0,NA,NA,1405.47,1046.0
487,wallup,WALLUP_S2_P3412_R2,2023,1,169.0,377.97,Wheat,NA,NA,4792.0,NA,NA,1581.36,1034.3899999999999
488,wallup,WALLUP_S5_P0000_R3,2023,1,158.0,201.47,Wheat,NA,NA,4019.0,NA,NA,1326.27,966.8
489,wallup,WALLUP_S3_P4123_R2,2023,1,158.0,377.96999999999997,Wheat,NA,NA,4782.0,NA,NA,1578.0600000000002,1042.0900000000001
490,wallup,WALLUP_S4_P1231_R1,2023,1,267.775,205.7472,Lentil,fababean,NA,3411.0,0.0,NA,2217.15,1743.6278
491,wallup,WALLUP_S3_P1234_R3,2023,1,182.5,204.3972,Vetch,NA,NA,0.0,NA,NA,0.0,-386.8972
492,wallup,WALLUP_S6_P0000_R3,2023,1,158.0,218.72,Wheat,NA,NA,4665.0,NA,NA,1539.45,1162.73
493,wallup,WALLUP_S4_P1231_R2,2023,1,238.85,233.24720000000002,Lentil,fababean,NA,2694.0,0.0,NA,1751.1,1279.0028
494,wallup,WALLUP_S4_P3123_R3,2023,1,169.0,377.96999999999997,Wheat,NA,NA,4781.0,NA,NA,1577.73,1030.76
495,wallup,WALLUP_S1_P3123_R2,2023,1,169.0,190.47,Wheat,NA,NA,4690.0,NA,NA,1547.7,1188.23
496,wallup,WALLUP_S3_P2341_R2,2023,1,158.0,521.3,Canola,NA,NA,2461.0,NA,NA,1530.742,851.442
497,wallup,WALLUP_S4_P1231_R3,2023,1,244.39999999999998,178.2472,Lentil,fababean,NA,2916.0,0.0,NA,1895.4,1472.7528
498,wallup,WALLUP_S4_P3123_R2,2023,1,158.0,377.96999999999997,Wheat,NA,NA,4961.0,NA,NA,1637.13,1101.16
499,wallup,WALLUP_S4_P2312_R2,2023,1,169.0,377.96999999999997,Wheat,NA,NA,4927.0,NA,NA,1625.91,1078.94
500,wallup,WALLUP_S2_P3412_R3,2023,1,169.0,377.97,Wheat,NA,NA,4905.0,NA,NA,1618.65,1071.68
501,wallup,WALLUP_S2_P4123_R1,2023,1,180.0,377.97,Wheat,NA,NA,4603.0,NA,NA,1518.99,961.02
502,wallup,WALLUP_S2_P1234_R2,2023,1,171.5,205.74720000000002,Lentil,NA,NA,3120.0,NA,NA,2028.0,1650.7528
503,wallup,WALLUP_S1_P1231_R1,2023,1,182.5,205.7472,Lentil,NA,NA,2427.0,NA,NA,1577.55,1189.3028
504,wallup,WALLUP_S1_P1231_R2,2023,1,171.5,205.74720000000002,Lentil,NA,NA,3036.0,NA,NA,1973.4,1596.1528
505,wallup,WALLUP_S4_P3123_R1,2023,1,158.0,377.97,Wheat,NA,NA,4908.0,NA,NA,1619.64,1083.67
506,wallup,WALLUP_S1_P2312_R3,2023,1,180.0,190.47,Wheat,NA,NA,4924.0,NA,NA,1624.92,1254.45
507,wallup,WALLUP_S3_P4123_R3,2023,1,169.0,377.97,Wheat,NA,NA,5140.0,NA,NA,1696.2,1149.23
508,wallup,WALLUP_S6_P0000_R1,2023,1,169.0,245.97,Wheat,NA,NA,4826.0,NA,NA,1592.5800000000002,1177.6100000000001
509,wallup,WALLUP_S5_P0000_R1,2023,1,169.0,201.47,Wheat,NA,NA,4557.0,NA,NA,1503.8100000000002,1133.3400000000001
510,manang,MANANG_S1.2_P1231_R1,2023,1,226.5,518.5972,lentil,NA,NA,767.0,NA,NA,498.55,-246.54720000000003
511,manang,MANANG_S1.2_P1231_R1,2024,2,221.5,302.76919999999996,Wheat,NA,NA,1693.0,NA,NA,558.69,34.4208000000001
512,manang,MANANG_S13_P0000_R2,2023,1,182.5,513.0999999999999,canola,NA,NA,1177.0,NA,NA,732.094,36.49400000000014
513,manang,MANANG_S13_P0000_R2,2024,2,213.0,253.76919999999998,Wheat,NA,NA,1843.33,NA,NA,608.2989,141.52970000000002
514,manang,MANANG_S9_P2312_R3,2023,1,191.0,434.32,wheat,NA,NA,3037.0,NA,NA,1002.21,376.89000000000004
515,manang,MANANG_S9_P2312_R3,2024,2,202.0,339.6292,Oats,NA,NA,5000.0,NA,NA,1190.0,648.3707999999999
516,manang,MANANG_S13_P0000_R1,2023,1,182.5,513.0999999999999,canola,NA,NA,912.0,NA,NA,567.264,-128.3359999999999
517,manang,MANANG_S13_P0000_R1,2024,2,213.0,253.76919999999998,Wheat,NA,NA,1152.33,NA,NA,380.2689,-86.50030000000001
518,manang,MANANG_S7_P2312_R3,2023,1,191.0,434.32,wheat,NA,NA,2981.0,NA,NA,983.73,358.41
519,manang,MANANG_S7_P2312_R3,2024,2,221.5,298.76919999999996,Wheat,NA,NA,2139.0,NA,NA,705.87,185.60080000000005
520,manang,MANANG_S13_P0000_R7,2023,1,182.5,513.1,canola,NA,NA,1419.0,NA,NA,882.618,187.01800000000003
521,manang,MANANG_S9_P2312_R1,2023,1,202.0,434.32,wheat,NA,NA,2843.0,NA,NA,938.19,301.87000000000006
522,manang,MANANG_S9_P2312_R1,2024,2,202.0,339.62919999999997,Oats,NA,NA,5100.0,NA,NA,1213.8,672.1708
523,manang,MANANG_S12_P0000_R4,2023,1,193.5,412.09999999999997,canola,NA,NA,1477.0,NA,NA,918.694,313.094
524,manang,MANANG_S7_P3123_R3,2023,1,191.0,434.32,wheat,NA,NA,3019.0,NA,NA,996.27,370.95
525,manang,MANANG_S10.1_P3123_R3,2023,1,193.5,409.82,wheat,NA,NA,2615.0,NA,NA,862.95,259.63000000000005
526,manang,MANANG_S10.1_P3123_R3,2024,2,246.25,207.1572,Wheat,Vetch,NA,2110.0,NA,NA,696.3000000000001,242.89280000000008
527,manang,MANANG_S5_P3412_R2,2023,1,191.0,434.32,wheat,NA,NA,2714.0,NA,NA,895.62,270.3
528,manang,MANANG_S5_P3412_R2,2024,2,221.5,305.76919999999996,Wheat,NA,NA,1367.0,NA,NA,451.11,-76.15919999999994
529,manang,MANANG_S4_P3412_R3,2023,1,191.0,434.32,wheat,NA,NA,2473.0,NA,NA,816.09,190.77000000000004
530,manang,MANANG_S4_P3412_R3,2024,2,221.5,307.2692,Wheat,NA,NA,2268.0,NA,NA,748.44,219.67080000000004
531,manang,MANANG_S11_P2121_R1,2023,1,202.0,434.32,wheat,NA,NA,3798.0,NA,NA,1253.34,617.02
532,manang,MANANG_S11_P2121_R1,2024,2,225.725,299.1572,Wheat,Vetch,NA,949.0,NA,NA,313.17,-211.71219999999997
533,manang,MANANG_S7_P1231_R1,2023,1,276.5,639.7192,Wheat,NA,NA,1908.0,NA,NA,629.64,-286.5792
534,manang,MANANG_S13_P0000_R3,2023,1,182.5,513.0999999999999,canola,NA,NA,1158.0,NA,NA,720.276,24.676000000000045
535,manang,MANANG_S13_P0000_R3,2024,2,213.0,253.76919999999998,Wheat,NA,NA,2062.33,NA,NA,680.5689,213.7997
536,manang,MANANG_S5_P1234_R1,2023,1,215.5,518.5972,lentil,NA,NA,907.0,NA,NA,589.5500000000001,-144.54719999999998
537,manang,MANANG_S5_P1234_R1,2024,2,221.5,311.2692,Wheat,NA,NA,1247.0,NA,NA,411.5100000000001,-121.25919999999991
538,manang,MANANG_S6_P1111_R3,2023,1,213.0,434.32,wheat,NA,NA,2823.0,NA,NA,931.59,284.27000000000004
539,manang,MANANG_S6_P1111_R3,2024,2,221.5,320.7692,Wheat,NA,NA,2222.5,NA,NA,733.4250000000001,191.15580000000006
540,manang,MANANG_S8.2_P3123_R1,2023,1,191.0,434.32,wheat,NA,NA,2874.0,NA,NA,948.42,323.09999999999997
541,manang,MANANG_S8.2_P3123_R1,2024,2,193.5,210.75219999999996,Vetch,NA,NA,0.0,NA,NA,0.0,-404.25219999999996
542,manang,MANANG_S9_P3123_R2,2023,1,246.0,517.72,oat,NA,NA,0.0,NA,NA,0.0,-763.72
543,manang,MANANG_S9_P3123_R2,2024,2,193.5,210.75219999999996,Vetch,NA,NA,2017.0,NA,NA,0.0,-404.25219999999996
544,manang,MANANG_S12_P0000_R2,2023,1,193.5,412.09999999999997,canola,NA,NA,1391.0,NA,NA,865.202,259.60200000000003
545,manang,MANANG_S12_P0000_R2,2024,2,213.0,255.26919999999998,Wheat,NA,NA,1781.0,NA,NA,587.73,119.46080000000003
546,manang,MANANG_S2_P1212_R3,2023,1,204.5,501.3472,lentil,NA,NA,674.0,NA,NA,438.1,-267.74719999999996
547,manang,MANANG_S2_P1212_R3,2024,2,221.5,322.7692,Wheat,NA,NA,2249.0,NA,NA,742.1700000000001,197.90080000000006
548,manang,MANANG_S1.3_P1231_R3,2023,1,215.5,501.3472,lentil,NA,NA,868.0,NA,NA,564.2,-152.64719999999994
549,manang,MANANG_S1.3_P1231_R3,2024,2,221.5,338.2692,Wheat,NA,NA,2297.0,NA,NA,758.01,198.24079999999998
550,manang,MANANG_S8.1_P3123_R3,2023,1,202.0,434.32,wheat,NA,NA,3347.0,NA,NA,1104.51,468.19
551,manang,MANANG_S8.1_P3123_R3,2024,2,204.5,215.8022,Vetch,NA,NA,0.0,NA,NA,0.0,-420.30219999999997
552,manang,MANANG_S2_P2121_R1,2023,1,202.0,434.32,wheat,NA,NA,3854.0,NA,NA,1271.8200000000002,635.5000000000002
553,manang,MANANG_S2_P2121_R1,2024,2,193.5,189.30169999999998,Lentil,NA,NA,285.0,NA,NA,185.25,-197.55169999999998
554,manang,MANANG_S8.2_P2312_R3,2023,1,202.0,434.32,wheat,NA,NA,2330.0,NA,NA,768.9000000000001,132.5800000000001
555,manang,MANANG_S8.2_P2312_R3,2024,2,221.5,294.76919999999996,Wheat,NA,NA,2297.0,NA,NA,758.01,241.74080000000004
556,manang,MANANG_S1.1_P3123_R1,2023,1,202.0,458.82,wheat,NA,NA,3640.0,NA,NA,1201.2,540.3800000000001
557,manang,MANANG_S1.1_P3123_R1,2024,2,193.5,189.30169999999998,Lentil,NA,NA,192.0,NA,NA,124.8,-258.00169999999997
558,manang,MANANG_S6_P1111_R5,2023,1,191.0,434.32,wheat,NA,NA,2556.0,NA,NA,843.48,218.16000000000003
559,manang,MANANG_S8.2_P3123_R2,2023,1,180.0,434.32,wheat,NA,NA,3548.0,NA,NA,1170.84,556.52
560,manang,MANANG_S8.2_P3123_R2,2024,2,193.5,210.7522,Vetch,NA,NA,0.0,NA,NA,0.0,-404.2522
561,manang,MANANG_S8.2_P2312_R2,2023,1,180.0,434.32,wheat,NA,NA,3349.0,NA,NA,1105.17,490.8500000000001
562,manang,MANANG_S8.2_P2312_R2,2024,2,221.5,294.76919999999996,Wheat,NA,NA,1817.0,NA,NA,599.61,83.34080000000006
563,manang,MANANG_S1.2_P3123_R2,2023,1,191.0,434.32,wheat,NA,NA,3192.0,NA,NA,1053.36,428.0399999999999
564,manang,MANANG_S1.2_P3123_R2,2024,2,193.5,189.30169999999998,Lentil,NA,NA,388.0,NA,NA,252.2,-130.6017
565,manang,MANANG_S5_P3412_R1,2023,1,202.0,434.32,wheat,NA,NA,2528.0,NA,NA,834.24,197.92000000000002
566,manang,MANANG_S5_P3412_R1,2024,2,221.5,305.76919999999996,Wheat,NA,NA,662.0,NA,NA,218.46,-308.8091999999999
567,manang,MANANG_S12_P0000_R9,2023,1,193.5,412.09999999999997,canola,NA,NA,1441.0,NA,NA,896.302,290.70200000000006
568,manang,MANANG_S8.1_P1231_R2,2023,1,226.5,524.4999999999999,vetch,NA,NA,0.0,NA,NA,0.0,-750.9999999999999
569,manang,MANANG_S8.1_P1231_R2,2024,2,213.0,344.7692,Wheat,NA,NA,1996.0,NA,NA,658.6800000000001,100.91080000000005
570,manang,MANANG_S7_P1231_R3,2023,1,265.5,639.7192,Wheat,NA,NA,2431.0,NA,NA,802.23,-102.98919999999998
571,manang,MANANG_S10.2_P2312_R3,2023,1,202.0,434.32,wheat,NA,NA,3207.0,NA,NA,1058.31,421.98999999999995
572,manang,MANANG_S10.2_P2312_R3,2024,2,213.0,325.2692,Wheat,NA,NA,1990.0,NA,NA,656.7,118.43080000000003
573,manang,MANANG_S10.1_P1231_R2,2023,1,301.375,448.4972,wheat,vetch,NA,3535.0,0.0,NA,0.0,-749.8722
574,manang,MANANG_S10.1_P1231_R2,2024,2,221.5,309.26919999999996,Wheat,NA,NA,1774.0,NA,NA,585.4200000000001,54.65080000000012
575,manang,MANANG_S2_P2121_R2,2023,1,191.0,434.32,wheat,NA,NA,3007.0,NA,NA,992.31,366.98999999999995
576,manang,MANANG_S2_P2121_R2,2024,2,193.5,189.3017,Lentil,NA,NA,460.0,NA,NA,299.0,-83.80170000000001
577,manang,MANANG_S1.3_P2312_R2,2023,1,202.0,479.32,wheat,NA,NA,3184.0,NA,NA,1050.72,369.40000000000003
578,manang,MANANG_S1.3_P2312_R2,2024,2,213.0,373.7692,Wheat,NA,NA,1995.0,NA,NA,658.35,71.58080000000001
579,manang,MANANG_S9_P1231_R1,2023,1,226.5,524.5,vetch,NA,NA,0.0,NA,NA,0.0,-751.0
580,manang,MANANG_S9_P1231_R1,2024,2,213.0,301.26919999999996,Wheat,NA,NA,710.0,NA,NA,234.3,-279.96919999999994
581,manang,MANANG_S9_P3123_R3,2023,1,202.0,517.72,oat,NA,NA,0.0,NA,NA,0.0,-719.72
582,manang,MANANG_S9_P3123_R3,2024,2,193.5,210.75220000000002,Vetch,NA,NA,2239.0,NA,NA,0.0,-404.2522
583,manang,MANANG_S1.2_P2312_R2,2023,1,202.0,434.32,wheat,NA,NA,3841.0,NA,NA,1267.53,631.21
584,manang,MANANG_S1.2_P2312_R2,2024,2,221.5,315.7692,Wheat,NA,NA,1592.0,NA,NA,525.36,-11.909199999999998
585,manang,MANANG_S1.3_P2312_R3,2023,1,202.0,479.32,wheat,NA,NA,3274.0,NA,NA,1080.42,399.1000000000001
586,manang,MANANG_S1.3_P2312_R3,2024,2,213.0,373.7692,Wheat,NA,NA,1870.0,NA,NA,617.1,30.33080000000001
587,manang,MANANG_S12_P0000_R5,2023,1,193.5,412.09999999999997,canola,NA,NA,1642.0,NA,NA,1021.324,415.724
588,manang,MANANG_S1.2_P1231_R2,2023,1,215.5,501.3472,lentil,NA,NA,948.0,NA,NA,616.2,-100.64719999999994
589,manang,MANANG_S1.2_P1231_R2,2024,2,221.5,302.76919999999996,Wheat,NA,NA,1909.0,NA,NA,629.97,105.70080000000007
590,manang,MANANG_S5_P3412_R3,2023,1,213.0,434.32,wheat,NA,NA,3475.0,NA,NA,1146.75,499.43
591,manang,MANANG_S5_P3412_R3,2024,2,221.5,305.76919999999996,Wheat,NA,NA,1904.0,NA,NA,628.32,101.0508000000001
592,manang,MANANG_S9_P2312_R2,2023,1,191.0,434.32,wheat,NA,NA,3229.0,NA,NA,1065.5700000000002,440.25000000000017
593,manang,MANANG_S9_P2312_R2,2024,2,202.0,339.6292,Oats,NA,NA,6100.0,NA,NA,1451.8,910.1707999999999
594,manang,MANANG_S8.2_P1231_R1,2023,1,215.5,524.5,vetch,NA,NA,0.0,NA,NA,0.0,-740.0
595,manang,MANANG_S8.2_P1231_R1,2024,2,213.0,300.76919999999996,Wheat,NA,NA,1640.0,NA,NA,541.2,27.43080000000009
596,manang,MANANG_S4_P4123_R2,2023,1,202.0,434.32,wheat,NA,NA,2856.0,NA,NA,942.48,306.16
597,manang,MANANG_S4_P4123_R2,2024,2,193.5,189.30169999999998,Lentil,NA,NA,384.0,NA,NA,249.6,-133.2017
598,manang,MANANG_S11_P1212_R2,2023,1,297.65,448.4972,wheat,vetch,NA,3386.0,0.0,NA,0.0,-746.1472
599,manang,MANANG_S11_P1212_R2,2024,2,221.5,305.76919999999996,Wheat,NA,NA,2156.0,NA,NA,711.48,184.21080000000006
600,manang,MANANG_S12_P0000_R1,2023,1,193.5,412.09999999999997,canola,NA,NA,935.0,NA,NA,581.57,-24.029999999999916
601,manang,MANANG_S12_P0000_R1,2024,2,213.0,255.26919999999998,Wheat,NA,NA,1587.0,NA,NA,523.71,55.44080000000005
602,manang,MANANG_S1.3_P3123_R3,2023,1,191.0,479.32,wheat,NA,NA,3146.0,NA,NA,1038.18,367.86000000000007
603,manang,MANANG_S1.3_P3123_R3,2024,2,193.5,189.30169999999998,Lentil,NA,NA,297.0,NA,NA,193.05,-189.75169999999997
604,manang,MANANG_S3_P1231_R3,2023,1,204.5,501.3472,lentil,NA,NA,815.0,NA,NA,529.75,-176.0972
605,manang,MANANG_S3_P1231_R3,2024,2,193.5,189.30169999999998,Lentil,NA,NA,427.0,NA,NA,277.55,-105.25169999999997
606,manang,MANANG_S3_P1231_R1,2023,1,193.5,501.3472,lentil,NA,NA,888.0,NA,NA,577.2,-117.64719999999994
607,manang,MANANG_S3_P1231_R1,2024,2,193.5,189.30169999999998,Lentil,NA,NA,216.0,NA,NA,140.4,-242.40169999999998
608,manang,MANANG_S10.1_P2312_R1,2023,1,182.5,409.82,wheat,NA,NA,2718.0,NA,NA,896.94,304.62000000000006
609,manang,MANANG_S10.1_P2312_R1,2024,2,221.5,311.7692,Wheat,NA,NA,1443.0,NA,NA,476.19,-57.079200000000014
610,manang,MANANG_S1.3_P2312_R1,2023,1,191.0,479.32,wheat,NA,NA,3726.0,NA,NA,1229.5800000000002,559.2600000000002
611,manang,MANANG_S1.3_P2312_R1,2024,2,213.0,373.7692,Wheat,NA,NA,1334.0,NA,NA,440.22,-146.54919999999998
612,manang,MANANG_S10.1_P3123_R1,2023,1,182.5,409.82,wheat,NA,NA,3270.0,NA,NA,1079.1,486.7799999999999
613,manang,MANANG_S10.1_P3123_R1,2024,2,215.925,207.1572,Wheat,Vetch,NA,897.0,NA,NA,296.01,-127.07220000000001
614,manang,MANANG_S4_P1234_R1,2023,1,193.5,501.3472,lentil,NA,NA,672.0,NA,NA,436.8,-258.0472
615,manang,MANANG_S4_P1234_R1,2024,2,202.0,298.44719999999995,Canola,NA,NA,736.0,NA,NA,457.792,-42.65519999999998
616,manang,MANANG_S3_P2312_R2,2023,1,215.5,501.3472,lentil,NA,NA,695.0,NA,NA,451.75,-265.0972
617,manang,MANANG_S3_P2312_R2,2024,2,213.0,331.2692,Wheat,NA,NA,1947.0,NA,NA,642.51,98.24079999999998
618,manang,MANANG_S11_P1212_R3,2023,1,303.375,448.4972,wheat,vetch,NA,3615.0,0.0,NA,0.0,-751.8722
619,manang,MANANG_S11_P1212_R3,2024,2,221.5,305.76919999999996,Wheat,NA,NA,2378.0,NA,NA,784.74,257.47080000000005
620,manang,MANANG_S5_P4123_R1,2023,1,213.0,434.32,wheat,NA,NA,2791.0,NA,NA,921.03,273.71
621,manang,MANANG_S5_P4123_R1,2024,2,193.5,189.30169999999998,Lentil,NA,NA,73.0,NA,NA,47.45,-335.3517
622,manang,MANANG_S1.3_P1231_R2,2023,1,215.5,501.3472,lentil,NA,NA,1031.0,NA,NA,670.15,-46.69720000000001
623,manang,MANANG_S1.3_P1231_R2,2024,2,221.5,338.2692,Wheat,NA,NA,1717.0,NA,NA,566.61,6.8408000000000015
624,manang,MANANG_S6_P1111_R2,2023,1,213.0,434.32,wheat,NA,NA,3636.0,NA,NA,1199.88,552.5600000000002
625,manang,MANANG_S6_P1111_R2,2024,2,221.5,320.76920000000007,Wheat,NA,NA,1956.0,NA,NA,645.48,103.21079999999995
626,manang,MANANG_S7_P1231_R2,2023,1,276.5,639.7192,Wheat,NA,NA,1705.0,NA,NA,562.65,-353.5692
627,manang,MANANG_S3_P1231_R2,2023,1,193.5,501.3472,lentil,NA,NA,885.0,NA,NA,575.25,-119.59719999999999
628,manang,MANANG_S3_P1231_R2,2024,2,193.5,189.30169999999998,Lentil,NA,NA,411.0,NA,NA,267.15000000000003,-115.65169999999995
629,manang,MANANG_S10.1_P2312_R2,2023,1,182.5,409.82,wheat,NA,NA,2966.0,NA,NA,978.78,386.46
630,manang,MANANG_S10.1_P2312_R2,2024,2,221.5,311.7692,Wheat,NA,NA,1745.0,NA,NA,575.85,42.58080000000001
631,manang,MANANG_S10.1_P1231_R3,2023,1,278.05,448.4972,wheat,vetch,NA,2602.0,0.0,NA,0.0,-726.5472
632,manang,MANANG_S10.1_P1231_R3,2024,2,221.5,309.2692,Wheat,NA,NA,2129.0,NA,NA,702.57,171.80080000000004
633,manang,MANANG_S9_P1231_R3,2023,1,226.5,524.5,vetch,NA,NA,0.0,NA,NA,0.0,-751.0
634,manang,MANANG_S9_P1231_R3,2024,2,213.0,301.26919999999996,Wheat,NA,NA,2321.0,NA,NA,765.9300000000001,251.6608000000001
635,manang,MANANG_S1.1_P1231_R2,2023,1,226.5,501.3472,lentil,NA,NA,720.0,NA,NA,468.0,-259.8472
636,manang,MANANG_S1.1_P1231_R2,2024,2,213.0,294.26919999999996,Wheat,NA,NA,2206.0,NA,NA,727.98,220.71080000000006
637,manang,MANANG_S8.1_P2312_R2,2023,1,202.0,434.32,wheat,NA,NA,3156.0,NA,NA,1041.48,405.16
638,manang,MANANG_S8.1_P2312_R2,2024,2,221.5,310.76919999999996,Wheat,NA,NA,1013.0,NA,NA,334.29,-197.97919999999993
639,manang,MANANG_S5_P2341_R3,2023,1,202.0,434.32,wheat,NA,NA,3540.0,NA,NA,1168.2,531.8800000000001
640,manang,MANANG_S5_P2341_R3,2024,2,221.5,328.76920000000007,Wheat,NA,NA,1717.0,NA,NA,566.61,16.340799999999945
641,manang,MANANG_S1.1_P2312_R1,2023,1,213.0,458.82,wheat,NA,NA,3522.0,NA,NA,1162.26,490.44
642,manang,MANANG_S1.1_P2312_R1,2024,2,213.0,315.7692,Wheat,NA,NA,1020.0,NA,NA,336.6,-192.1692
643,manang,MANANG_S3_P3123_R2,2023,1,202.0,434.32,wheat,NA,NA,3614.0,NA,NA,1192.62,556.3
644,manang,MANANG_S3_P3123_R2,2024,2,193.5,189.30169999999998,Lentil,NA,NA,514.0,NA,NA,334.1,-48.70169999999996
645,manang,MANANG_S7_P3123_R1,2023,1,191.0,434.32,wheat,NA,NA,3405.0,NA,NA,1123.65,498.3300000000001
646,manang,MANANG_S1.2_P2312_R3,2023,1,191.0,434.32,wheat,NA,NA,2940.0,NA,NA,970.2,344.88000000000005
647,manang,MANANG_S1.2_P2312_R3,2024,2,221.5,315.7692,Wheat,NA,NA,1918.0,NA,NA,632.94,95.67080000000004
648,manang,MANANG_S3_P2312_R1,2023,1,204.5,501.3472,lentil,NA,NA,944.0,NA,NA,613.6,-92.24719999999996
649,manang,MANANG_S3_P2312_R1,2024,2,213.0,331.2692,Wheat,NA,NA,1728.0,NA,NA,570.24,25.970799999999997
650,manang,MANANG_S10.2_P3123_R3,2023,1,191.0,434.32,wheat,NA,NA,2862.0,NA,NA,944.46,319.14000000000004
651,manang,MANANG_S10.2_P3123_R3,2024,2,261.8,280.6572,Wheat,Vetch,NA,2052.0,NA,NA,677.1600000000001,134.70280000000008
652,manang,MANANG_S7_P2312_R2,2023,1,213.0,434.32,wheat,NA,NA,3181.0,NA,NA,1049.73,402.41
653,manang,MANANG_S7_P2312_R2,2024,2,221.5,298.76919999999996,Wheat,NA,NA,1870.0,NA,NA,617.1,96.83080000000007
654,manang,MANANG_S7_P3123_R2,2023,1,202.0,434.32,wheat,NA,NA,2690.0,NA,NA,887.7,251.38000000000005
655,manang,MANANG_S3_P3123_R3,2023,1,202.0,434.32,wheat,NA,NA,2488.0,NA,NA,821.0400000000001,184.72000000000008
656,manang,MANANG_S3_P3123_R3,2024,2,193.5,189.30169999999998,Lentil,NA,NA,489.0,NA,NA,317.85,-64.95169999999996
657,manang,MANANG_S12_P0000_R3,2023,1,193.5,412.09999999999997,canola,NA,NA,1144.0,NA,NA,711.568,105.96800000000002
658,manang,MANANG_S12_P0000_R3,2024,2,213.0,255.26919999999996,Wheat,NA,NA,2114.67,NA,NA,697.8411000000001,229.57190000000014
659,manang,MANANG_S1.1_P1231_R3,2023,1,215.5,501.3472,lentil,NA,NA,1014.0,NA,NA,659.1,-57.747199999999964
660,manang,MANANG_S1.1_P1231_R3,2024,2,213.0,294.26919999999996,Wheat,NA,NA,2239.0,NA,NA,738.87,231.60080000000005
661,manang,MANANG_S4_P2341_R1,2023,1,191.0,450.5,canola,NA,NA,1248.0,NA,NA,776.256,134.75599999999997
662,manang,MANANG_S4_P2341_R1,2024,2,213.0,317.2692,Wheat,NA,NA,1239.0,NA,NA,408.87,-121.39920000000001
663,manang,MANANG_S10.1_P1231_R1,2023,1,288.65,448.4972,wheat,vetch,NA,3026.0,0.0,NA,0.0,-737.1472
664,manang,MANANG_S10.1_P1231_R1,2024,2,221.5,309.26919999999996,Wheat,NA,NA,1419.0,NA,NA,468.27,-62.49919999999997
665,manang,MANANG_S10.2_P3123_R1,2023,1,202.0,434.32,wheat,NA,NA,3694.0,NA,NA,1219.02,582.7
666,manang,MANANG_S10.2_P3123_R1,2024,2,229.875,280.6572,Wheat,Vetch,NA,775.0,NA,NA,255.75,-254.7822
667,manang,MANANG_S1.1_P3123_R2,2023,1,202.0,458.82,wheat,NA,NA,3782.0,NA,NA,1248.06,587.24
668,manang,MANANG_S1.1_P3123_R2,2024,2,193.5,189.30169999999998,Lentil,NA,NA,278.0,NA,NA,180.7,-202.1017
669,manang,MANANG_S5_P1234_R3,2023,1,215.5,501.3472,lentil,NA,NA,948.0,NA,NA,616.2,-100.64719999999994
670,manang,MANANG_S5_P1234_R3,2024,2,221.5,311.2692,Wheat,NA,NA,2263.0,NA,NA,746.7900000000001,214.02080000000007
671,manang,MANANG_S8.2_P3123_R3,2023,1,202.0,434.32,wheat,NA,NA,3512.0,NA,NA,1158.96,522.6400000000001
672,manang,MANANG_S8.2_P3123_R3,2024,2,193.5,210.75220000000002,Vetch,NA,NA,0.0,NA,NA,0.0,-404.2522
673,manang,MANANG_S13_P0000_R6,2023,1,182.5,513.0999999999999,canola,NA,NA,1202.0,NA,NA,747.644,52.044000000000096
674,manang,MANANG_S8.2_P1231_R3,2023,1,215.5,524.4999999999999,vetch,NA,NA,0.0,NA,NA,0.0,-739.9999999999999
675,manang,MANANG_S8.2_P1231_R3,2024,2,213.0,300.76919999999996,Wheat,NA,NA,2637.0,NA,NA,870.21,356.4408000000001
676,manang,MANANG_S11_P2121_R2,2023,1,202.0,434.32,wheat,NA,NA,2768.0,NA,NA,913.44,277.12000000000006
677,manang,MANANG_S11_P2121_R2,2024,2,234.575,299.1572,Wheat,Vetch,NA,1303.0,NA,NA,429.99,-103.74219999999997
678,manang,MANANG_S3_P3123_R1,2023,1,191.0,434.32,wheat,NA,NA,2607.0,NA,NA,860.3100000000001,234.99000000000007
679,manang,MANANG_S3_P3123_R1,2024,2,193.5,189.30169999999998,Lentil,NA,NA,208.0,NA,NA,135.20000000000002,-247.60169999999997
680,manang,MANANG_S6_P1111_R4,2023,1,202.0,434.32,wheat,NA,NA,3628.0,NA,NA,1197.24,560.9200000000001
681,manang,MANANG_S10.1_P3123_R2,2023,1,171.5,409.82,wheat,NA,NA,3451.0,NA,NA,1138.8300000000002,557.5100000000002
682,manang,MANANG_S10.1_P3123_R2,2024,2,236.3,207.1572,Wheat,Vetch,NA,1712.0,NA,NA,564.96,121.50280000000004
683,manang,MANANG_S4_P1234_R3,2023,1,204.5,501.3472,lentil,NA,NA,884.0,NA,NA,574.6,-131.24719999999996
684,manang,MANANG_S4_P1234_R3,2024,2,202.0,298.44719999999995,Canola,NA,NA,834.0,NA,NA,518.748,18.300800000000095
685,manang,MANANG_S10.2_P1231_R1,2023,1,291.625,448.4972,wheat,vetch,NA,2705.0,0.0,NA,0.0,-740.1222
686,manang,MANANG_S10.2_P1231_R1,2024,2,213.0,302.2692,Wheat,NA,NA,622.0,NA,NA,205.26,-310.0092
687,manang,MANANG_S3_P2312_R3,2023,1,215.5,501.3472,lentil,NA,NA,875.0,NA,NA,568.75,-148.0972
688,manang,MANANG_S3_P2312_R3,2024,2,213.0,331.2692,Wheat,NA,NA,2580.0,NA,NA,851.4000000000001,307.1308000000001
689,manang,MANANG_S13_P0000_R5,2023,1,171.5,513.0999999999999,canola,NA,NA,1263.0,NA,NA,785.586,100.9860000000001
690,manang,MANANG_S9_P1231_R2,2023,1,226.5,524.4999999999999,vetch,NA,NA,0.0,NA,NA,0.0,-750.9999999999999
691,manang,MANANG_S9_P1231_R2,2024,2,213.0,301.2692,Wheat,NA,NA,2287.0,NA,NA,754.71,240.44080000000002
692,manang,MANANG_S4_P2341_R3,2023,1,191.0,450.5,canola,NA,NA,1338.0,NA,NA,832.236,190.736
693,manang,MANANG_S4_P2341_R3,2024,2,213.0,317.2692,Wheat,NA,NA,2215.0,NA,NA,730.95,200.68080000000003
694,manang,MANANG_S1.1_P1231_R1,2023,1,193.5,518.5971999999999,lentil,NA,NA,1186.0,NA,NA,770.9,58.80280000000005
695,manang,MANANG_S1.1_P1231_R1,2024,2,213.0,294.26919999999996,Wheat,NA,NA,1367.0,NA,NA,451.11,-56.15919999999994
696,manang,MANANG_S6_P1111_R6,2023,1,191.0,434.32,wheat,NA,NA,2927.0,NA,NA,965.91,340.59
697,manang,MANANG_S8.1_P3123_R2,2023,1,191.0,434.32,wheat,NA,NA,3875.0,NA,NA,1278.75,653.4300000000001
698,manang,MANANG_S8.1_P3123_R2,2024,2,204.5,215.80219999999997,Vetch,NA,NA,0.0,NA,NA,0.0,-420.30219999999997
699,manang,MANANG_S5_P4123_R3,2023,1,202.0,434.32,wheat,NA,NA,2713.0,NA,NA,895.2900000000001,258.9700000000001
700,manang,MANANG_S5_P4123_R3,2024,2,193.5,189.30169999999998,Lentil,NA,NA,762.0,NA,NA,495.3,112.49830000000003
701,manang,MANANG_S12_P0000_R6,2023,1,193.5,412.09999999999997,canola,NA,NA,1079.0,NA,NA,671.138,65.53800000000007
702,manang,MANANG_S4_P1234_R2,2023,1,204.5,501.3472,lentil,NA,NA,1079.0,NA,NA,701.35,-4.497199999999964
703,manang,MANANG_S4_P1234_R2,2024,2,202.0,298.44719999999995,Canola,NA,NA,655.0,NA,NA,407.41,-93.03719999999993
704,manang,MANANG_S6_P1111_R1,2023,1,191.0,434.32,wheat,NA,NA,3445.0,NA,NA,1136.85,511.5299999999999
705,manang,MANANG_S6_P1111_R1,2024,2,221.5,320.76919999999996,Wheat,NA,NA,1010.5,NA,NA,333.46500000000003,-208.80419999999992
706,manang,MANANG_S10.2_P2312_R2,2023,1,213.0,434.32,wheat,NA,NA,2598.0,NA,NA,857.34,210.02000000000004
707,manang,MANANG_S10.2_P2312_R2,2024,2,213.0,325.2692,Wheat,NA,NA,1759.0,NA,NA,580.47,42.200800000000015
708,manang,MANANG_S5_P2341_R1,2023,1,202.0,434.32,wheat,NA,NA,3121.0,NA,NA,1029.93,393.61000000000007
709,manang,MANANG_S5_P2341_R1,2024,2,221.5,328.7692,Wheat,NA,NA,1098.0,NA,NA,362.34,-187.92920000000004
710,manang,MANANG_S5_P2341_R2,2023,1,191.0,434.32,wheat,NA,NA,3197.0,NA,NA,1055.01,429.69
711,manang,MANANG_S5_P2341_R2,2024,2,221.5,328.7692,Wheat,NA,NA,1497.0,NA,NA,494.0100000000001,-56.25919999999991
712,manang,MANANG_S9_P3123_R1,2023,1,213.0,517.72,oat,NA,NA,0.0,NA,NA,0.0,-730.72
713,manang,MANANG_S9_P3123_R1,2024,2,193.5,210.75219999999996,Vetch,NA,NA,1054.0,NA,NA,0.0,-404.25219999999996
714,manang,MANANG_S5_P1234_R2,2023,1,204.5,501.3472,lentil,NA,NA,1081.0,NA,NA,702.65,-3.1972000000000094
715,manang,MANANG_S5_P1234_R2,2024,2,221.5,311.2692,Wheat,NA,NA,2139.0,NA,NA,705.87,173.1008
716,manang,MANANG_S10.1_P2312_R3,2023,1,193.5,409.82,wheat,NA,NA,3383.0,NA,NA,1116.39,513.0700000000002
717,manang,MANANG_S10.1_P2312_R3,2024,2,221.5,311.7692,Wheat,NA,NA,2383.0,NA,NA,786.39,253.12079999999997
718,manang,MANANG_S1.2_P3123_R3,2023,1,202.0,434.32,wheat,NA,NA,3684.0,NA,NA,1215.72,579.4000000000001
719,manang,MANANG_S1.2_P3123_R3,2024,2,193.5,189.30169999999998,Lentil,NA,NA,320.0,NA,NA,208.0,-174.80169999999998
720,manang,MANANG_S11_P1212_R1,2023,1,297.375,448.4972,wheat,vetch,NA,2935.0,0.0,NA,0.0,-745.8722
721,manang,MANANG_S11_P1212_R1,2024,2,221.5,305.7692,Wheat,NA,NA,729.0,NA,NA,240.57,-286.6992
722,manang,MANANG_S1.1_P2312_R2,2023,1,213.0,458.82,wheat,NA,NA,3365.0,NA,NA,1110.45,438.63000000000005
723,manang,MANANG_S1.1_P2312_R2,2024,2,213.0,315.7692,Wheat,NA,NA,1525.0,NA,NA,503.25,-25.519200000000012
724,manang,MANANG_S10.2_P1231_R2,2023,1,288.125,448.4972,wheat,vetch,NA,3005.0,0.0,NA,0.0,-736.6222
725,manang,MANANG_S10.2_P1231_R2,2024,2,213.0,302.2692,Wheat,NA,NA,1846.0,NA,NA,609.1800000000001,93.91080000000005
726,manang,MANANG_S8.2_P1231_R2,2023,1,215.5,524.4999999999999,vetch,NA,NA,0.0,NA,NA,0.0,-739.9999999999999
727,manang,MANANG_S8.2_P1231_R2,2024,2,213.0,300.76919999999996,Wheat,NA,NA,2388.0,NA,NA,788.0400000000001,274.2708000000001
728,manang,MANANG_S1.2_P1231_R3,2023,1,204.5,501.3472,lentil,NA,NA,693.0,NA,NA,450.45,-255.3972
729,manang,MANANG_S1.2_P1231_R3,2024,2,221.5,302.76919999999996,Wheat,NA,NA,2465.0,NA,NA,813.45,289.1808000000001
730,manang,MANANG_S1.3_P3123_R1,2023,1,202.0,479.32,wheat,NA,NA,3598.0,NA,NA,1187.34,506.0199999999999
731,manang,MANANG_S1.3_P3123_R1,2024,2,193.5,189.30169999999998,Lentil,NA,NA,210.0,NA,NA,136.5,-246.30169999999998
732,manang,MANANG_S4_P3412_R1,2023,1,191.0,434.32,wheat,NA,NA,3138.0,NA,NA,1035.54,410.21999999999997
733,manang,MANANG_S4_P3412_R1,2024,2,221.5,307.26919999999996,Wheat,NA,NA,1352.0,NA,NA,446.16,-82.60919999999993
734,manang,MANANG_S10.2_P3123_R2,2023,1,202.0,434.32,wheat,NA,NA,2758.0,NA,NA,910.14,273.82
735,manang,MANANG_S10.2_P3123_R2,2024,2,258.825,280.6572,Wheat,Vetch,NA,1933.0,NA,NA,637.89,98.40780000000001
736,manang,MANANG_S8.1_P1231_R3,2023,1,215.5,524.5,vetch,NA,NA,0.0,NA,NA,0.0,-740.0
737,manang,MANANG_S8.1_P1231_R3,2024,2,213.0,344.7692,Wheat,NA,NA,2398.0,NA,NA,791.34,233.57080000000002
738,manang,MANANG_S8.1_P2312_R3,2023,1,202.0,434.32,wheat,NA,NA,3238.0,NA,NA,1068.54,432.21999999999997
739,manang,MANANG_S8.1_P2312_R3,2024,2,221.5,310.7692,Wheat,NA,NA,2119.0,NA,NA,699.27,167.00079999999997
740,manang,MANANG_S4_P2341_R2,2023,1,191.0,450.5,canola,NA,NA,1344.0,NA,NA,835.968,194.46799999999996
741,manang,MANANG_S4_P2341_R2,2024,2,213.0,317.2692,Wheat,NA,NA,1851.0,NA,NA,610.83,80.56080000000003
742,manang,MANANG_S8.1_P2312_R1,2023,1,191.0,434.32,wheat,NA,NA,3536.0,NA,NA,1166.88,541.5600000000002
743,manang,MANANG_S8.1_P2312_R1,2024,2,221.5,310.7692,Wheat,NA,NA,748.0,NA,NA,246.84,-285.42920000000004
744,manang,MANANG_S10.2_P1231_R3,2023,1,298.725,448.4972,wheat,vetch,NA,3429.0,0.0,NA,0.0,-747.2222
745,manang,MANANG_S10.2_P1231_R3,2024,2,213.0,302.26919999999996,Wheat,NA,NA,2124.0,NA,NA,700.9200000000001,185.65080000000012
746,manang,MANANG_S4_P4123_R1,2023,1,202.0,434.32,wheat,NA,NA,3129.0,NA,NA,1032.57,396.24999999999994
747,manang,MANANG_S4_P4123_R1,2024,2,193.5,189.3017,Lentil,NA,NA,177.0,NA,NA,115.05,-267.7517
748,manang,MANANG_S12_P0000_R8,2023,1,182.5,412.09999999999997,canola,NA,NA,1145.0,NA,NA,712.1899999999999,117.58999999999997
749,manang,MANANG_S4_P3412_R2,2023,1,202.0,434.32,wheat,NA,NA,3129.0,NA,NA,1032.57,396.24999999999994
750,manang,MANANG_S4_P3412_R2,2024,2,221.5,307.26919999999996,Wheat,NA,NA,1168.0,NA,NA,385.44,-143.32919999999996
751,manang,MANANG_S2_P1212_R1,2023,1,204.5,501.34720000000004,lentil,NA,NA,870.0,NA,NA,565.5,-140.34720000000004
752,manang,MANANG_S2_P1212_R1,2024,2,221.5,322.7692,Wheat,NA,NA,1728.0,NA,NA,570.24,25.970799999999997
753,manang,MANANG_S1.2_P2312_R1,2023,1,191.0,434.32,wheat,NA,NA,3349.0,NA,NA,1105.17,479.8500000000001
754,manang,MANANG_S1.2_P2312_R1,2024,2,221.5,315.7692,Wheat,NA,NA,770.0,NA,NA,254.1,-283.16920000000005
755,manang,MANANG_S8.1_P1231_R1,2023,1,237.5,524.4999999999999,vetch,NA,NA,0.0,NA,NA,0.0,-761.9999999999999
756,manang,MANANG_S8.1_P1231_R1,2024,2,213.0,344.7692,Wheat,NA,NA,1486.0,NA,NA,490.38,-67.38920000000002
757,manang,MANANG_S4_P4123_R3,2023,1,191.0,434.32,wheat,NA,NA,2910.0,NA,NA,960.3,334.97999999999996
758,manang,MANANG_S4_P4123_R3,2024,2,193.5,189.30169999999998,Lentil,NA,NA,422.0,NA,NA,274.3,-108.50169999999997
759,manang,MANANG_S1.1_P3123_R3,2023,1,202.0,458.82,wheat,NA,NA,2545.0,NA,NA,839.85,179.03000000000003
760,manang,MANANG_S1.1_P3123_R3,2024,2,193.5,189.3017,Lentil,NA,NA,374.0,NA,NA,243.1,-139.70170000000002
761,manang,MANANG_S2_P1212_R2,2023,1,204.5,501.34720000000004,lentil,NA,NA,1145.0,NA,NA,744.25,38.40279999999996
762,manang,MANANG_S2_P1212_R2,2024,2,221.5,322.76920000000007,Wheat,NA,NA,1860.0,NA,NA,613.8000000000001,69.5308
763,manang,MANANG_S1.3_P3123_R2,2023,1,213.0,479.32,wheat,NA,NA,2768.0,NA,NA,913.44,221.12000000000006
764,manang,MANANG_S1.3_P3123_R2,2024,2,193.5,189.30169999999998,Lentil,NA,NA,514.0,NA,NA,334.1,-48.70169999999996
765,manang,MANANG_S1.1_P2312_R3,2023,1,191.0,458.82,wheat,NA,NA,3331.0,NA,NA,1099.23,449.41
766,manang,MANANG_S1.1_P2312_R3,2024,2,213.0,315.7692,Wheat,NA,NA,2009.0,NA,NA,662.97,134.20080000000002
767,manang,MANANG_S8.2_P2312_R1,2023,1,191.0,434.32,wheat,NA,NA,2828.0,NA,NA,933.24,307.92
768,manang,MANANG_S8.2_P2312_R1,2024,2,221.5,294.76919999999996,Wheat,NA,NA,839.0,NA,NA,276.87,-239.39919999999995
769,manang,MANANG_S13_P0000_R4,2023,1,182.5,513.0999999999999,canola,NA,NA,1476.0,NA,NA,918.072,222.4720000000001
770,manang,MANANG_S11_P2121_R3,2023,1,213.0,434.32,wheat,NA,NA,2878.0,NA,NA,949.74,302.42
771,manang,MANANG_S11_P2121_R3,2024,2,253.075,299.1572,Wheat,Vetch,NA,2043.0,NA,NA,674.19,121.95780000000008
772,manang,MANANG_S13_P0000_R8,2023,1,193.5,513.1,canola,NA,NA,1441.0,NA,NA,896.302,189.702
773,manang,MANANG_S13_P0000_R9,2023,1,182.5,513.1,canola,NA,NA,1289.0,NA,NA,801.758,106.15800000000002
774,manang,MANANG_S12_P0000_R7,2023,1,193.5,412.09999999999997,canola,NA,NA,1382.0,NA,NA,859.604,254.00400000000008
775,manang,MANANG_S7_P2312_R1,2023,1,213.0,434.32,wheat,NA,NA,2744.0,NA,NA,905.52,258.2
776,manang,MANANG_S7_P2312_R1,2024,2,221.5,298.76919999999996,Wheat,NA,NA,1168.0,NA,NA,385.44,-134.82919999999996
777,manang,MANANG_S1.3_P1231_R1,2023,1,193.5,518.5971999999999,lentil,NA,NA,1090.0,NA,NA,708.5,-3.59719999999993
778,manang,MANANG_S1.3_P1231_R1,2024,2,221.5,338.2692,Wheat,NA,NA,964.0,NA,NA,318.12,-241.6492
779,manang,MANANG_S1.2_P3123_R1,2023,1,213.0,434.32,wheat,NA,NA,3151.0,NA,NA,1039.8300000000002,392.51000000000016
780,manang,MANANG_S1.2_P3123_R1,2024,2,193.5,189.30169999999998,Lentil,NA,NA,266.0,NA,NA,172.9,-209.90169999999998
781,manang,MANANG_S5_P4123_R2,2023,1,213.0,434.32,wheat,NA,NA,2353.0,NA,NA,776.49,129.17000000000002
782,manang,MANANG_S5_P4123_R2,2024,2,193.5,189.3017,Lentil,NA,NA,349.0,NA,NA,226.85,-155.95170000000002
783,manang,MANANG_S2_P2121_R3,2023,1,191.0,434.32,wheat,NA,NA,3182.0,NA,NA,1050.06,424.73999999999995
784,manang,MANANG_S2_P2121_R3,2024,2,193.5,189.30169999999998,Lentil,NA,NA,283.0,NA,NA,183.95,-198.8517
785,manang,MANANG_S8.1_P3123_R1,2023,1,202.0,434.32,wheat,NA,NA,3247.0,NA,NA,1071.51,435.19
786,manang,MANANG_S8.1_P3123_R1,2024,2,204.5,215.8022,Vetch,NA,NA,0.0,NA,NA,0.0,-420.30219999999997
787,manang,MANANG_S10.2_P2312_R1,2023,1,191.0,434.32,wheat,NA,NA,3656.0,NA,NA,1206.48,581.1600000000001
788,manang,MANANG_S10.2_P2312_R1,2024,2,213.0,325.2692,Wheat,NA,NA,1054.0,NA,NA,347.82,-190.44920000000002
789,edillilie,EDILLILIE_S2.2_P1234_R2,2023,1,160.5,108.853,lentil,NA,NA,1714.0,NA,NA,1114.1,844.747
790,edillilie,EDILLILIE_S3_P4123_R1,2023,1,160.5,171.02859999999998,wheat,NA,NA,3846.0,NA,NA,1269.18,937.6514000000001
791,edillilie,EDILLILIE_S2.2_P4123_R3,2023,1,171.5,171.02859999999998,wheat,NA,NA,3824.0,NA,NA,1261.92,919.3914000000001
792,edillilie,EDILLILIE_S1.1_P1212_R1,2023,1,171.5,266.847,canola,NA,NA,2409.0,NA,NA,1498.398,1060.051
793,edillilie,EDILLILIE_S2.1_P1234_R2,2023,1,160.5,108.853,lentil,NA,NA,1646.0,NA,NA,1069.9,800.5470000000001
794,edillilie,EDILLILIE_S2.1_P1234_R3,2023,1,160.5,108.853,lentil,NA,NA,1569.0,NA,NA,1019.85,750.4970000000001
795,edillilie,EDILLILIE_S2.2_P2341_R2,2023,1,160.5,266.847,canola,NA,NA,1604.0,NA,NA,997.688,570.341
796,edillilie,EDILLILIE_S3_P2341_R2,2023,1,149.5,266.847,canola,NA,NA,1364.0,NA,NA,848.408,432.06100000000004
797,edillilie,EDILLILIE_S1.3_P1212_R3,2023,1,149.5,266.847,canola,NA,NA,1786.0,NA,NA,1110.892,694.5450000000001
798,edillilie,EDILLILIE_S2.1_P4123_R1,2023,1,160.5,171.02859999999998,wheat,NA,NA,5082.0,NA,NA,1677.0600000000002,1345.5314000000003
799,edillilie,EDILLILIE_S3_P1234_R1,2023,1,171.5,108.853,fababean,NA,NA,2087.0,NA,NA,1126.98,846.6270000000001
800,edillilie,EDILLILIE_S3_P1234_R2,2023,1,160.5,108.853,fababean,NA,NA,1489.0,NA,NA,804.0600000000001,534.7070000000001
801,edillilie,EDILLILIE_S2.2_P1234_R1,2023,1,171.5,108.853,lentil,NA,NA,1572.0,NA,NA,1021.8,741.447
802,edillilie,EDILLILIE_S2.1_P2341_R1,2023,1,149.5,266.847,canola,NA,NA,1912.0,NA,NA,1189.264,772.9169999999999
803,edillilie,EDILLILIE_S3_P4123_R3,2023,1,160.5,171.02859999999998,wheat,NA,NA,3657.0,NA,NA,1206.81,875.2814
804,edillilie,EDILLILIE_S2.2_P4123_R1,2023,1,149.5,171.02859999999998,wheat,NA,NA,3635.0,NA,NA,1199.55,879.0214
805,edillilie,EDILLILIE_S2.2_P3412_R2,2023,1,171.5,171.02859999999998,wheat,NA,NA,3722.0,NA,NA,1228.26,885.7314
806,edillilie,EDILLILIE_S1.1 _P2121_R1,2023,1,171.5,171.02859999999998,wheat,NA,NA,4033.0,NA,NA,1330.89,988.3614000000001
807,edillilie,EDILLILIE_S3_P2341_R3,2023,1,171.5,266.847,canola,NA,NA,1872.0,NA,NA,1164.384,726.037
808,edillilie,EDILLILIE_S1.2 _P2121_R3,2023,1,171.5,171.02859999999998,wheat,NA,NA,4030.0,NA,NA,1329.9,987.3714000000001
809,edillilie,EDILLILIE_S1.3_P2121_R1,2023,1,160.5,171.0286,wheat,NA,NA,3350.0,NA,NA,1105.5,773.9714
810,edillilie,EDILLILIE_S2.2_P2341_R3,2023,1,160.5,266.847,canola,NA,NA,1586.0,NA,NA,986.492,559.145
811,edillilie,EDILLILIE_S2.1_P2341_R2,2023,1,149.5,266.847,canola,NA,NA,1455.0,NA,NA,905.01,488.663
812,edillilie,EDILLILIE_S1.1_P2121_R2,2023,1,171.5,171.02859999999998,wheat,NA,NA,3695.0,NA,NA,1219.35,876.8213999999999
813,edillilie,EDILLILIE_S3_P3412_R1,2023,1,160.5,171.02859999999998,wheat,NA,NA,3972.0,NA,NA,1310.76,979.2314
814,edillilie,EDILLILIE_S3_P3412_R2,2023,1,171.5,171.02859999999998,wheat,NA,NA,3525.0,NA,NA,1163.25,820.7214
815,edillilie,EDILLILIE_S2.1_P4123_R2,2023,1,160.5,171.02859999999998,wheat,NA,NA,4030.0,NA,NA,1329.9,998.3714000000001
816,edillilie,EDILLILIE_S1.2 _P1212_R1,2023,1,171.5,266.847,canola,NA,NA,2071.0,NA,NA,1288.162,849.815
817,edillilie,EDILLILIE_S2.1_P4123_R3,2023,1,160.5,171.02859999999998,wheat,NA,NA,3611.0,NA,NA,1191.63,860.1014000000001
818,edillilie,EDILLILIE_S3_P1234_R3,2023,1,160.5,108.853,fababean,NA,NA,2206.0,NA,NA,1191.24,921.8870000000001
819,edillilie,EDILLILIE_S1.2 _P2121_R2,2023,1,149.5,171.02859999999998,wheat,NA,NA,4134.0,NA,NA,1364.22,1043.6914000000002
820,edillilie,EDILLILIE_S1.2 _P1212_R3,2023,1,149.5,266.847,canola,NA,NA,1470.0,NA,NA,914.34,497.99300000000005
821,edillilie,EDILLILIE_S1.2 _P2121_R1,2023,1,149.5,171.02859999999998,wheat,NA,NA,4243.0,NA,NA,1400.19,1079.6614
822,edillilie,EDILLILIE_S2.1_P3412_R2,2023,1,160.5,171.02859999999998,wheat,NA,NA,4310.0,NA,NA,1422.3,1090.7714
823,edillilie,EDILLILIE_S1.3_P1212_R2,2023,1,171.5,266.847,canola,NA,NA,1858.0,NA,NA,1155.676,717.329
824,edillilie,EDILLILIE_S1.1_P2121_R3,2023,1,160.5,171.02859999999998,wheat,NA,NA,4048.0,NA,NA,1335.84,1004.3113999999999
825,edillilie,EDILLILIE_S2.2_P3412_R1,2023,1,171.5,171.02859999999998,wheat,NA,NA,4065.0,NA,NA,1341.45,998.9214000000001
826,edillilie,EDILLILIE_S3_P3412_R3,2023,1,171.5,171.02859999999998,wheat,NA,NA,3470.0,NA,NA,1145.1,802.5713999999999
827,edillilie,EDILLILIE_S2.2_P4123_R2,2023,1,160.5,171.02859999999998,wheat,NA,NA,3170.0,NA,NA,1046.1,714.5713999999999
828,edillilie,EDILLILIE_S2.1_P2341_R3,2023,1,149.5,266.847,canola,NA,NA,1492.0,NA,NA,928.024,511.677
829,edillilie,EDILLILIE_S1.1_P1212_R2,2023,1,160.5,266.847,canola,NA,NA,1508.0,NA,NA,937.976,510.629
830,edillilie,EDILLILIE_S2.2_P3412_R3,2023,1,171.5,171.02859999999998,wheat,NA,NA,3781.0,NA,NA,1247.73,905.2014
831,edillilie,EDILLILIE_S3_P4123_R2,2023,1,160.5,171.02859999999998,wheat,NA,NA,3500.0,NA,NA,1155.0,823.4714
832,edillilie,EDILLILIE_S2.2 _P2341_R1,2023,1,160.5,266.847,canola,NA,NA,1879.0,NA,NA,1168.738,741.3910000000001
833,edillilie,EDILLILIE_S1.3_P2121_R3,2023,1,149.5,171.02859999999998,wheat,NA,NA,4061.0,NA,NA,1340.13,1019.6014000000001
834,edillilie,EDILLILIE_S1.1_P1212_R3,2023,1,149.5,266.847,canola,NA,NA,1693.0,NA,NA,1053.046,636.6990000000001
835,edillilie,EDILLILIE_S2.1_P3412_R1,2023,1,160.5,171.02859999999998,wheat,NA,NA,4258.0,NA,NA,1405.14,1073.6114000000002
836,edillilie,EDILLILIE_S2.1_P1234_R1,2023,1,160.5,108.853,lentil,NA,NA,1500.0,NA,NA,975.0,705.647
837,edillilie,EDILLILIE_S1.2 _P1212_R2,2023,1,149.5,266.847,canola,NA,NA,1354.0,NA,NA,842.188,425.841
838,edillilie,EDILLILIE_S2.1_P3412_R3,2023,1,160.5,171.02859999999998,wheat,NA,NA,3796.0,NA,NA,1252.68,921.1514000000001
839,edillilie,EDILLILIE_S1.3_P2121_R2,2023,1,171.5,171.02859999999998,wheat,NA,NA,3755.0,NA,NA,1239.15,896.6214000000001
840,edillilie,EDILLILIE_S2.2_P1234_R3,2023,1,160.5,108.853,lentil,NA,NA,1707.0,NA,NA,1109.55,840.197
841,edillilie,EDILLILIE_S1.3_P1212_R1,2023,1,171.5,266.847,canola,NA,NA,2071.0,NA,NA,1288.162,849.815
842,edillilie,EDILLILIE_S3_P2341_R1,2023,1,160.5,266.847,canola,NA,NA,1894.0,NA,NA,1178.068,750.721
843,warrambine,WARRAMBINE_S3_P3123_R1,2023,1,221.5,775.8506,Wheat,NA,NA,3684.0,NA,NA,1215.72,218.36940000000004
844,warrambine,WARRAMBINE_S1_P1212_R1,2023,1,221.5,708.108,Canola,NA,NA,2478.0,NA,NA,1541.316,611.7080000000001
845,warrambine,WARRAMBINE_S4_P1231_R3,2023,1,204.5,458.03800000000007,balansa clover,chicory,NA,0.0,0.0,NA,0.0,-662.538
846,warrambine,WARRAMBINE_S1_P1212_R3,2023,1,243.5,708.108,Canola,NA,NA,2353.0,NA,NA,1463.566,511.9580000000001
847,warrambine,WARRAMBINE_S5_P1231_R1,2023,1,248.5,611.001,fieldpea,NA,NA,0.0,NA,NA,0.0,-859.501
848,warrambine,WARRAMBINE_S4_P2312_R3,2023,1,232.5,708.108,Canola,NA,NA,3200.0,NA,NA,1990.4,1049.7920000000001
849,warrambine,WARRAMBINE_S6_P0000_R2,2023,1,303.025,557.813,Wheat,Barley,Faba bean,1833.0,1832.0,276.0,1299.866,439.028
850,warrambine,WARRAMBINE_S2_P2312_R3,2023,1,243.5,708.108,Canola,NA,NA,2814.0,NA,NA,1750.308,798.7
851,warrambine,WARRAMBINE_S4_P3123_R2,2023,1,221.5,775.8506,Wheat,NA,NA,3551.0,NA,NA,1171.8300000000002,174.47940000000017
852,warrambine,WARRAMBINE_S5_P2312_R3,2023,1,243.5,708.108,Canola,NA,NA,2671.0,NA,NA,1661.362,709.7540000000001
853,warrambine,WARRAMBINE_S4_P3123_R3,2023,1,221.5,775.8506,Wheat,NA,NA,5409.0,NA,NA,1784.97,787.6194
854,warrambine,WARRAMBINE_S1_P2121_R1,2023,1,232.5,775.8506,Wheat,NA,NA,4126.0,NA,NA,1361.5800000000002,353.22940000000017
855,warrambine,WARRAMBINE_S3_P2312_R1,2023,1,243.5,708.108,Canola,NA,NA,2914.0,NA,NA,1812.508,860.9000000000001
856,warrambine,WARRAMBINE_S5_P1231_R3,2023,1,237.5,611.001,fieldpea,NA,NA,0.0,NA,NA,0.0,-848.501
857,warrambine,WARRAMBINE_S2_P1231_R1,2023,1,204.5,703.663,Faba bean,NA,NA,4909.0,NA,NA,2650.86,1742.6970000000001
858,warrambine,WARRAMBINE_S3_P3123_R2,2023,1,221.5,775.8506,Wheat,NA,NA,3060.0,NA,NA,1009.8,12.449399999999969
859,warrambine,WARRAMBINE_S1_P2121_R3,2023,1,232.5,775.8506,Wheat,NA,NA,3818.0,NA,NA,1259.94,251.58940000000007
860,warrambine,WARRAMBINE_S2_P3123_R1,2023,1,221.5,775.8506,Wheat,NA,NA,4519.0,NA,NA,1491.27,493.9194
861,warrambine,WARRAMBINE_S2_P1231_R2,2023,1,204.5,703.663,Faba bean,NA,NA,3923.0,NA,NA,2118.42,1210.257
862,warrambine,WARRAMBINE_S4_P1231_R1,2023,1,215.5,458.03800000000007,balansa clover,chicory,NA,0.0,0.0,NA,0.0,-673.538
863,warrambine,WARRAMBINE_S5_P2312_R2,2023,1,254.5,708.108,Canola,NA,NA,2944.0,NA,NA,1831.168,868.56
864,warrambine,WARRAMBINE_S5_P3123_R2,2023,1,221.5,775.8506,Wheat,NA,NA,4058.0,NA,NA,1339.14,341.7894000000001
865,warrambine,WARRAMBINE_S2_P1231_R3,2023,1,193.5,703.663,Faba bean,NA,NA,3133.0,NA,NA,1691.8200000000002,794.6570000000002
866,warrambine,WARRAMBINE_S2_P3123_R2,2023,1,221.5,775.8506,Wheat,NA,NA,3693.0,NA,NA,1218.69,221.33940000000007
867,warrambine,WARRAMBINE_S5_P3123_R1,2023,1,232.5,775.8506,Wheat,NA,NA,4081.0,NA,NA,1346.73,338.37940000000003
868,warrambine,WARRAMBINE_S4_P2312_R1,2023,1,254.5,708.108,Canola,NA,NA,1844.0,NA,NA,1146.968,184.36000000000013
869,warrambine,WARRAMBINE_S4_P2312_R2,2023,1,232.5,708.108,Canola,NA,NA,2563.0,NA,NA,1594.186,653.578
870,warrambine,WARRAMBINE_S4_P1231_R2,2023,1,204.5,458.03800000000007,balansa clover,chicory,NA,0.0,0.0,NA,0.0,-662.538
871,warrambine,WARRAMBINE_S3_P3123_R3,2023,1,232.5,775.8506,Wheat,NA,NA,4375.0,NA,NA,1443.75,435.3994
872,warrambine,WARRAMBINE_S3_P1231_R2,2023,1,226.5,609.8009999999999,fieldpea,NA,NA,3580.0,NA,NA,1614.5800000000002,778.2790000000002
873,warrambine,WARRAMBINE_S6_P0000_R1,2023,1,283.875,557.813,Wheat,Barley,Faba bean,1524.0,1523.0,128.0,1025.894,184.20600000000002
874,warrambine,WARRAMBINE_S5_P1231_R2,2023,1,237.5,611.001,fieldpea,NA,NA,0.0,NA,NA,0.0,-848.501
875,warrambine,WARRAMBINE_S2_P2312_R2,2023,1,232.5,708.108,Canola,NA,NA,2495.0,NA,NA,1551.89,611.2820000000002
876,warrambine,WARRAMBINE_S5_P3123_R3,2023,1,221.5,775.8506,Wheat,NA,NA,4341.0,NA,NA,1432.53,435.1794
877,warrambine,WARRAMBINE_S2_P3123_R3,2023,1,221.5,775.8506,Wheat,NA,NA,3723.0,NA,NA,1228.59,231.23939999999993
878,warrambine,WARRAMBINE_S1_P2121_R2,2023,1,221.5,775.8506,Wheat,NA,NA,3769.0,NA,NA,1243.77,246.4194
879,warrambine,WARRAMBINE_S5_P2312_R1,2023,1,254.5,708.108,Canola,NA,NA,2744.0,NA,NA,1706.768,744.1600000000001
880,warrambine,WARRAMBINE_S3_P1231_R1,2023,1,226.5,609.8009999999999,fieldpea,NA,NA,3987.0,NA,NA,1798.137,961.836
881,warrambine,WARRAMBINE_S3_P2312_R3,2023,1,221.5,708.108,Canola,NA,NA,2854.0,NA,NA,1775.188,845.5800000000002
882,warrambine,WARRAMBINE_S3_P1231_R3,2023,1,215.5,609.8009999999999,fieldpea,NA,NA,3302.0,NA,NA,1489.202,663.9010000000001
883,warrambine,WARRAMBINE_S4_P3123_R1,2023,1,221.5,775.8506,Wheat,NA,NA,4151.0,NA,NA,1369.8300000000002,372.47940000000017
884,warrambine,WARRAMBINE_S7_P0000_R3,2023,1,215.5,741.1006,Wheat,NA,NA,4925.0,NA,NA,1625.25,668.6494
885,warrambine,WARRAMBINE_S7_P0000_R2,2023,1,215.5,771.1006,Wheat,NA,NA,4727.0,NA,NA,1559.91,573.3094000000001
886,warrambine,WARRAMBINE_S7_P0000_R1,2023,1,215.5,815.3506,Wheat,NA,NA,3789.0,NA,NA,1250.37,219.5193999999999
887,warrambine,WARRAMBINE_S6_P0000_R3,2023,1,285.25,557.813,Wheat,Barley,Faba bean,1799.0,1798.0,73.0,1168.8940000000002,325.83100000000024
888,warrambine,WARRAMBINE_S3_P2312_R2,2023,1,232.5,708.108,Canola,NA,NA,2489.0,NA,NA,1548.158,607.55
889,warrambine,WARRAMBINE_S2_P2312_R1,2023,1,232.5,708.108,Canola,NA,NA,1732.0,NA,NA,1077.304,136.69600000000014
890,warrambine,WARRAMBINE_S1_P1212_R2,2023,1,243.5,708.108,Canola,NA,NA,1989.0,NA,NA,1237.158,285.54999999999995
891,hart,HART_S4.2_P2341_R3,2023,1,202.0,246.75835,wheat,NA,NA,3480.0,NA,NA,1148.4,699.64165
892,hart,HART_S4.2_P2341_R3,2024,2,210.5,237.424870683,Canola,NA,NA,385.0,0.0,NA,239.47,-208.454870683
893,hart,HART_S7_P2341_R3,2023,1,204.5,209.9862,field pea,NA,NA,1752.0,NA,NA,790.152,375.66580000000005
894,hart,HART_S7_P2341_R3,2024,2,202.0,229.628198315,Wheat,NA,NA,2078.0,0.0,NA,685.74,254.11180168500002
895,hart,HART_S1.3_P1231_R2,2023,1,204.5,222.5193,lentil,NA,NA,1273.0,NA,NA,827.45,400.43070000000006
896,hart,HART_S1.3_P1231_R2,2024,2,202.0,243.052,Wheat,NA,NA,1785.0,0.0,NA,589.0500000000001,143.99800000000008
897,hart,HART_S8_P4123_R2,2023,1,202.0,246.75835,wheat,NA,NA,2723.0,NA,NA,898.59,449.83165
898,hart,HART_S8_P4123_R2,2024,2,193.5,242.32439999999997,Lentil,NA,NA,677.0,0.0,NA,440.05,4.225600000000043
899,hart,HART_S1.2_P3123_R3,2023,1,202.0,235.75834999999998,barley,NA,NA,3997.0,NA,NA,1191.106,753.34765
900,hart,HART_S1.2_P3123_R3,2024,2,193.5,242.32440000000003,Lentil,NA,NA,808.0,0.0,NA,525.2,89.37560000000002
901,hart,HART_S9_P2341_R3,2023,1,213.0,236.5018,canola,NA,NA,624.0,NA,NA,388.128,-61.37380000000002
902,hart,HART_S9_P2341_R3,2024,2,202.0,221.59511175000003,Wheat,NA,NA,781.0,0.0,NA,257.73,-165.86511175
903,hart,HART_S10.2_P3123_R2,2023,1,202.0,213.25835,barley,NA,NA,3347.0,NA,NA,997.406,582.1476499999999
904,hart,HART_S10.2_P3123_R2,2024,2,207.575,226.42584116999998,Lentil,Canola,NA,571.0,92.0,NA,414.962,-19.038841169999984
905,hart,HART_S10.2_P3123_R1,2023,1,202.0,213.25835,barley,NA,NA,4427.0,NA,NA,1319.246,903.98765
906,hart,HART_S10.2_P3123_R1,2024,2,202.35,226.42584116999998,Lentil,Canola,NA,305.0,149.0,NA,286.56,-142.21584116999998
907,hart,HART_S2.1_P0000_R1,2023,1,202.0,238.25835,wheat,NA,NA,4052.0,NA,NA,1337.16,896.90165
908,hart,HART_S2.1_P0000_R1,2024,2,202.0,183.213910535,Barley,NA,NA,210.9,0.0,NA,62.8482,-322.365710535
909,hart,HART_S10.1_P1231_R3,2023,1,241.3,227.7693,lentil,canola,NA,264.0,1208.0,NA,949.408,480.33869999999996
910,hart,HART_S10.1_P1231_R3,2024,2,202.0,228.395073865,Wheat,NA,NA,850.0,0.0,NA,280.5,-149.895073865
911,hart,HART_S3_P2341_R2,2023,1,202.0,246.75835,wheat,NA,NA,2702.0,NA,NA,891.6600000000001,442.9016500000001
912,hart,HART_S3_P2341_R2,2024,2,193.5,242.32440000000003,Lentil,NA,NA,622.0,0.0,NA,404.3,-31.524400000000014
913,hart,HART_S1.2_P2312_R3,2023,1,202.0,246.75835,wheat,NA,NA,3132.0,NA,NA,1033.56,584.8016499999999
914,hart,HART_S1.2_P2312_R3,2024,2,202.0,180.720449485,Barley,NA,NA,727.0,0.0,NA,216.646,-166.074449485
915,hart,HART_S6_P4123_R2,2023,1,202.0,235.75835,barley,NA,NA,3634.0,NA,NA,1082.932,645.17365
916,hart,HART_S6_P4123_R2,2024,2,193.5,242.32440000000003,Lentil,NA,NA,799.0,0.0,NA,519.35,83.5256
917,hart,HART_S10.3_P3123_R1,2023,1,202.0,235.75835,barley,NA,NA,4319.0,NA,NA,1287.062,849.3036499999998
918,hart,HART_S10.3_P3123_R1,2024,2,199.7,247.12695128,Lentil,Canola,NA,348.0,0.0,NA,216.456,-230.37095127999999
919,hart,HART_S10.1_P3123_R3,2023,1,193.5,190.25834999999998,barley,NA,NA,3864.0,NA,NA,1151.472,767.71365
920,hart,HART_S10.1_P3123_R3,2024,2,197.45,203.295,Lentil,Canola,NA,585.0,13.0,NA,372.32,-28.424999999999983
921,hart,HART_S6_P4123_R3,2023,1,202.0,235.75835,barley,NA,NA,4053.0,NA,NA,1207.794,770.03565
922,hart,HART_S6_P4123_R3,2024,2,193.5,242.32440000000003,Lentil,NA,NA,590.0,0.0,NA,383.5,-52.324400000000026
923,hart,HART_S4.3_P2341_R1,2023,1,202.0,259.75835,wheat,NA,NA,2605.0,NA,NA,859.6500000000001,397.8916500000001
924,hart,HART_S4.3_P2341_R1,2024,2,210.5,274.07172099999997,Canola,NA,NA,388.0,0.0,NA,241.336,-243.23572099999996
925,hart,HART_S2.2_P0000_R3,2023,1,202.0,264.25835,wheat,NA,NA,3938.0,NA,NA,1299.54,833.2816499999999
926,hart,HART_S2.2_P0000_R3,2024,2,202.0,182.41727117500002,Barley,NA,NA,1115.2,0.0,NA,332.3296,-52.087671175
927,hart,HART_S7_P1234_R1,2023,1,204.5,222.5193,lentil,NA,NA,1840.0,NA,NA,1196.0,768.9807000000001
928,hart,HART_S7_P1234_R1,2024,2,193.5,229.7944,Field pea,NA,NA,578.0,0.0,NA,260.678,-162.6164
929,hart,HART_S1.3_P3123_R2,2023,1,202.0,258.75835,barley,NA,NA,3153.0,NA,NA,939.594,478.83565000000004
930,hart,HART_S1.3_P3123_R2,2024,2,193.5,242.32440000000003,Lentil,NA,NA,679.0,0.0,NA,441.35,5.525599999999997
931,hart,HART_S7_P1234_R2,2023,1,204.5,222.5193,lentil,NA,NA,1443.0,NA,NA,937.95,510.93070000000006
932,hart,HART_S7_P1234_R2,2024,2,193.5,229.7944,Field pea,NA,NA,773.0,0.0,NA,348.623,-74.6714
933,hart,HART_S10.3_P2312_R3,2023,1,202.0,246.75835,wheat,NA,NA,3173.0,NA,NA,1047.09,598.3316499999999
934,hart,HART_S10.3_P2312_R3,2024,2,202.0,194.978155215,Barley,NA,NA,1013.0,0.0,NA,301.874,-95.10415521499996
935,hart,HART_S8_P1234_R2,2023,1,204.5,222.5193,lentil,NA,NA,1433.0,NA,NA,931.45,504.43070000000006
936,hart,HART_S8_P1234_R2,2024,2,202.0,214.29387340500003,Wheat,NA,NA,2116.0,0.0,NA,698.2800000000001,281.9861265950001
937,hart,HART_S4.3_P4123_R1,2023,1,202.0,258.75835,barley,NA,NA,4350.0,NA,NA,1296.3,835.5416499999999
938,hart,HART_S4.3_P4123_R1,2024,2,193.5,242.32440000000003,Lentil,NA,NA,415.0,0.0,NA,269.75,-166.07440000000003
939,hart,HART_S1.3_P3123_R3,2023,1,202.0,258.75834999999995,barley,NA,NA,4176.0,NA,NA,1244.448,783.6896500000001
940,hart,HART_S1.3_P3123_R3,2024,2,193.5,242.32440000000003,Lentil,NA,NA,557.0,0.0,NA,362.05,-73.77440000000001
941,hart,HART_S9_P3412_R2,2023,1,202.0,246.75835,wheat,NA,NA,2446.0,NA,NA,807.1800000000001,358.42165000000006
942,hart,HART_S9_P3412_R2,2024,2,202.0,220.68351425,Barley,NA,NA,1359.0,0.0,NA,404.982,-17.701514249999974
943,hart,HART_S7_P4123_R1,2023,1,202.0,235.75835,barley,NA,NA,4483.0,NA,NA,1335.934,898.1756499999999
944,hart,HART_S7_P4123_R1,2024,2,193.5,242.32440000000003,Lentil,NA,NA,565.0,0.0,NA,367.25,-68.57440000000003
945,hart,HART_S1.1_P2312_R2,2023,1,202.0,246.75835,wheat,NA,NA,2984.0,NA,NA,984.72,535.96165
946,hart,HART_S1.1_P2312_R2,2024,2,202.0,205.85440000000003,Barley,NA,NA,1252.0,0.0,NA,373.096,-34.75840000000002
947,hart,HART_S5_P0000_R7,2023,1,204.5,222.5193,lentil,NA,NA,1758.0,NA,NA,1142.7,715.6807000000001
948,hart,HART_S5_P0000_R7,2024,2,193.5,238.44439999999997,Chickpea,NA,NA,0.0,0.0,NA,0.0,-431.9444
949,hart,HART_S1.3_P2312_R1,2023,1,202.0,259.75835,wheat,NA,NA,3480.0,NA,NA,1148.4,686.64165
950,hart,HART_S1.3_P2312_R1,2024,2,202.0,230.85439999999997,Barley,NA,NA,135.0,0.0,NA,40.23,-392.6244
951,hart,HART_S1.1_P2312_R1,2023,1,202.0,246.75835,wheat,NA,NA,3327.0,NA,NA,1097.91,649.15165
952,hart,HART_S1.1_P2312_R1,2024,2,202.0,205.85440000000003,Barley,NA,NA,682.0,0.0,NA,203.236,-204.61840000000004
953,hart,HART_S4.1_P2341_R1,2023,1,202.0,225.25835,wheat,NA,NA,2738.0,NA,NA,903.54,476.28164999999996
954,hart,HART_S4.1_P2341_R1,2024,2,210.5,254.733718125,Canola,NA,NA,143.0,0.0,NA,88.946,-376.28771812499997
955,hart,HART_S10.3_P2312_R2,2023,1,202.0,246.75835,wheat,NA,NA,2999.0,NA,NA,989.67,540.91165
956,hart,HART_S10.3_P2312_R2,2024,2,202.0,194.978155215,Barley,NA,NA,1590.0,0.0,NA,473.82,76.841844785
957,hart,HART_S7_P1234_R3,2023,1,204.5,222.5193,lentil,NA,NA,1752.0,NA,NA,1138.8,711.7807
958,hart,HART_S7_P1234_R3,2024,2,193.5,229.7944,Field pea,NA,NA,949.0,0.0,NA,427.999,4.704600000000028
959,hart,HART_S4.1_P4123_R2,2023,1,202.0,209.25835,barley,NA,NA,3209.0,NA,NA,956.282,545.0236500000001
960,hart,HART_S4.1_P4123_R2,2024,2,193.5,242.32440000000003,Lentil,NA,NA,1022.0,0.0,NA,664.3000000000001,228.47560000000004
961,hart,HART_S6_P3412_R1,2023,1,202.0,246.75834999999998,wheat,NA,NA,3593.0,NA,NA,1185.69,736.9316500000001
962,hart,HART_S6_P3412_R1,2024,2,202.0,171.85777473,Barley,NA,NA,870.0,0.0,NA,259.26,-114.59777473
963,hart,HART_S3_P4123_R1,2023,1,202.0,235.75835,barley,NA,NA,3449.0,NA,NA,1027.802,590.0436499999998
964,hart,HART_S3_P4123_R1,2024,2,193.5,242.32440000000003,Lentil,NA,NA,646.0,0.0,NA,419.9,-15.924400000000048
965,hart,HART_S7_P3412_R2,2023,1,202.0,246.75835,wheat,NA,NA,2820.0,NA,NA,930.6,481.84165
966,hart,HART_S7_P3412_R2,2024,2,202.0,214.90329390000002,Barley,NA,NA,732.0,0.0,NA,218.136,-198.76729390000003
967,hart,HART_S6_P3412_R3,2023,1,202.0,246.75835,wheat,NA,NA,2584.0,NA,NA,852.72,403.96165
968,hart,HART_S6_P3412_R3,2024,2,202.0,171.85777473,Barley,NA,NA,1771.0,0.0,NA,527.7579999999999,153.90022526999994
969,hart,HART_S10.2_P3123_R3,2023,1,202.0,213.25835,barley,NA,NA,4222.0,NA,NA,1258.156,842.8976499999999
970,hart,HART_S10.2_P3123_R3,2024,2,197.65,226.42584116999998,Lentil,Canola,NA,229.0,37.0,NA,166.488,-257.58784117
971,hart,HART_S6_P2341_R2,2023,1,213.0,236.5018,canola,NA,NA,634.0,NA,NA,394.348,-55.15379999999999
972,hart,HART_S6_P2341_R2,2024,2,202.0,189.60315159,Wheat,NA,NA,509.0,0.0,NA,167.97,-223.63315159
973,hart,HART_S10.3_P3123_R2,2023,1,202.0,235.75835,barley,NA,NA,3260.0,NA,NA,971.48,533.72165
974,hart,HART_S10.3_P3123_R2,2024,2,204.675,247.12695128,Lentil,Canola,NA,416.0,131.0,NA,343.90200000000004,-107.89995127999995
975,hart,HART_S1.2_P3123_R2,2023,1,202.0,235.75834999999998,barley,NA,NA,3373.0,NA,NA,1005.154,567.39565
976,hart,HART_S1.2_P3123_R2,2024,2,193.5,242.32439999999997,Lentil,NA,NA,590.0,0.0,NA,383.5,-52.32439999999997
977,hart,HART_S4.2_P4123_R3,2023,1,202.0,235.75835,barley,NA,NA,3997.0,NA,NA,1191.106,753.3476499999999
978,hart,HART_S4.2_P4123_R3,2024,2,193.5,242.32440000000003,Lentil,NA,NA,795.0,0.0,NA,516.75,80.92559999999997
979,hart,HART_S1.1_P3123_R3,2023,1,202.0,235.75834999999998,barley,NA,NA,3603.0,NA,NA,1073.694,635.93565
980,hart,HART_S1.1_P3123_R3,2024,2,193.5,242.32439999999997,Lentil,NA,NA,674.0,0.0,NA,438.1,2.275600000000054
981,hart,HART_S6_P1234_R3,2023,1,204.5,222.5193,lentil,NA,NA,1866.0,NA,NA,1212.9,785.8807000000002
982,hart,HART_S6_P1234_R3,2024,2,210.5,235.51599999999996,Canola,NA,NA,687.0,0.0,NA,427.314,-18.70199999999994
983,hart,HART_S9_P4123_R2,2023,1,202.0,235.75834999999998,barley,NA,NA,3792.0,NA,NA,1130.0159999999998,692.2576499999999
984,hart,HART_S9_P4123_R2,2024,2,182.5,139.03,Vetch,NA,NA,0.0,0.0,NA,0.0,-321.53
985,hart,HART_S9_P4123_R3,2023,1,202.0,235.75835,barley,NA,NA,4299.0,NA,NA,1281.102,843.34365
986,hart,HART_S9_P4123_R3,2024,2,182.5,139.03,Vetch,NA,NA,0.0,0.0,NA,0.0,-321.53
987,hart,HART_S1.1_P3123_R2,2023,1,202.0,235.75835,barley,NA,NA,3664.0,NA,NA,1091.8719999999998,654.1136499999998
988,hart,HART_S1.1_P3123_R2,2024,2,193.5,242.32440000000003,Lentil,NA,NA,0.0,0.0,NA,0.0,-435.8244
989,hart,HART_S2.3_P0000_R2,2023,1,202.0,285.75835,wheat,NA,NA,3737.0,NA,NA,1233.21,745.45165
990,hart,HART_S2.3_P0000_R2,2024,2,202.0,182.76499213000002,Barley,NA,NA,743.5,0.0,NA,221.563,-163.20199213000004
991,hart,HART_S1.2_P1231_R3,2023,1,204.5,222.5193,lentil,NA,NA,1665.0,NA,NA,1082.25,655.2307000000001
992,hart,HART_S1.2_P1231_R3,2024,2,202.0,202.61067411000002,Wheat,NA,NA,1543.0,0.0,NA,509.19,104.57932588999998
993,hart,HART_S4.1_P3412_R2,2023,1,213.0,215.0018,canola,NA,NA,537.0,NA,NA,334.014,-93.9878
994,hart,HART_S4.1_P3412_R2,2024,2,202.0,204.75806106500002,Barley,NA,NA,372.0,0.0,NA,110.856,-295.902061065
995,hart,HART_S7_P4123_R2,2023,1,202.0,235.75835,barley,NA,NA,3234.0,NA,NA,963.732,525.9736499999999
996,hart,HART_S7_P4123_R2,2024,2,193.5,242.32440000000003,Lentil,NA,NA,776.0,0.0,NA,504.4,68.57559999999995
997,hart,HART_S1.2_P2312_R2,2023,1,202.0,246.75835,wheat,NA,NA,2871.0,NA,NA,947.43,498.67164999999994
998,hart,HART_S1.2_P2312_R2,2024,2,202.0,180.720449485,Barley,NA,NA,510.0,0.0,NA,151.98,-230.740449485
999,hart,HART_S8_P4123_R1,2023,1,202.0,246.75835,wheat,NA,NA,3383.0,NA,NA,1116.39,667.63165
1000,hart,HART_S8_P4123_R1,2024,2,193.5,242.32440000000003,Lentil,NA,NA,675.0,0.0,NA,438.75,2.9255999999999744
1001,hart,HART_S8_P2341_R2,2023,1,202.0,246.75834999999998,wheat,NA,NA,2579.0,NA,NA,851.07,402.3116500000001
1002,hart,HART_S8_P2341_R2,2024,2,202.0,198.84890383,Barley,NA,NA,725.0,0.0,NA,216.05,-184.79890383
1003,hart,HART_S5_P0000_R6,2023,1,204.5,222.5193,lentil,NA,NA,2062.0,NA,NA,1340.3,913.2807
1004,hart,HART_S5_P0000_R6,2024,2,193.5,238.44439999999997,Chickpea,NA,NA,0.0,0.0,NA,0.0,-431.9444
1005,hart,HART_S1.3_P2312_R2,2023,1,202.0,259.75834999999995,wheat,NA,NA,2764.0,NA,NA,912.12,450.36165000000005
1006,hart,HART_S1.3_P2312_R2,2024,2,202.0,230.85440000000003,Barley,NA,NA,702.0,0.0,NA,209.196,-223.65840000000003
1007,hart,HART_S8_P3412_R3,2023,1,202.0,235.75835,barley,NA,NA,3982.0,NA,NA,1186.636,748.8776499999999
1008,hart,HART_S8_P3412_R3,2024,2,202.0,256.61117314999996,Wheat,NA,NA,1348.0,0.0,NA,444.84,-13.771173149999981
1009,hart,HART_S9_P2341_R1,2023,1,213.0,236.50179999999997,canola,NA,NA,788.0,NA,NA,490.136,40.63420000000005
1010,hart,HART_S9_P2341_R1,2024,2,202.0,221.59511175000003,Wheat,NA,NA,915.0,0.0,NA,301.95,-121.64511175000004
1011,hart,HART_S4.1_P3412_R1,2023,1,213.0,215.00180000000003,canola,NA,NA,1049.0,NA,NA,652.478,224.47619999999992
1012,hart,HART_S4.1_P3412_R1,2024,2,202.0,204.75806106500002,Barley,NA,NA,14.0,0.0,NA,4.172,-402.586061065
1013,hart,HART_S4.1_P1234_R3,2023,1,204.5,222.5193,lentil,NA,NA,1750.0,NA,NA,1137.5,710.4807000000001
1014,hart,HART_S4.1_P1234_R3,2024,2,202.0,214.75948176,Wheat,NA,NA,2209.0,0.0,NA,728.97,312.21051824000006
1015,hart,HART_S3_P1234_R2,2023,1,204.5,222.5193,lentil,NA,NA,1310.0,NA,NA,851.5,424.4807
1016,hart,HART_S3_P1234_R2,2024,2,202.0,216.27188242000003,Wheat,NA,NA,1700.0,0.0,NA,561.0,142.72811757999997
1017,hart,HART_S10.1_P3123_R2,2023,1,193.5,190.25835,barley,NA,NA,3506.0,NA,NA,1044.788,661.02965
1018,hart,HART_S10.1_P3123_R2,2024,2,202.55,203.295,Lentil,Canola,NA,674.0,128.0,NA,502.428,96.583
1019,hart,HART_S4.1_P3412_R3,2023,1,213.0,215.0018,canola,NA,NA,701.0,NA,NA,436.022,8.020199999999988
1020,hart,HART_S4.1_P3412_R3,2024,2,202.0,204.75806106500002,Barley,NA,NA,538.0,0.0,NA,160.32399999999998,-246.43406106500004
1021,hart,HART_S10.3_P1231_R3,2023,1,241.0,227.7693,lentil,canola,NA,358.0,1102.0,NA,938.976,470.2067
1022,hart,HART_S10.3_P1231_R3,2024,2,202.0,232.17947586,Wheat,NA,NA,1115.0,0.0,NA,367.9500000000001,-66.2294758599999
1023,hart,HART_S10.1_P2312_R1,2023,1,193.5,190.25834999999998,wheat,NA,NA,2600.0,NA,NA,858.0,474.24165000000005
1024,hart,HART_S10.1_P2312_R1,2024,2,202.0,193.16680829999999,Barley,NA,NA,1591.0,0.0,NA,474.118,78.95119170000001
1025,hart,HART_S9_P3412_R1,2023,1,202.0,246.75835,wheat,NA,NA,3280.0,NA,NA,1082.4,633.64165
1026,hart,HART_S9_P3412_R1,2024,2,202.0,220.68351425,Barley,NA,NA,401.0,0.0,NA,119.498,-303.18551425
1027,hart,HART_S4.1_P4123_R1,2023,1,202.0,209.25835,barley,NA,NA,3572.0,NA,NA,1064.456,653.1976499999998
1028,hart,HART_S4.1_P4123_R1,2024,2,193.5,242.32440000000003,Lentil,NA,NA,706.0,0.0,NA,458.9,23.07559999999995
1029,hart,HART_S5_P0000_R8,2023,1,204.5,222.5193,lentil,NA,NA,1258.0,NA,NA,817.7,390.68070000000006
1030,hart,HART_S5_P0000_R8,2024,2,193.5,238.44439999999997,Chickpea,NA,NA,0.0,0.0,NA,0.0,-431.9444
1031,hart,HART_S5_P0000_R2,2023,1,204.5,222.5193,lentil,NA,NA,1680.0,NA,NA,1092.0,664.9807000000001
1032,hart,HART_S5_P0000_R2,2024,2,193.5,238.44439999999997,Chickpea,NA,NA,0.0,0.0,NA,0.0,-431.9444
1033,hart,HART_S1.3_P3123_R1,2023,1,202.0,258.75834999999995,barley,NA,NA,3644.0,NA,NA,1085.912,625.1536500000001
1034,hart,HART_S1.3_P3123_R1,2024,2,193.5,242.32440000000003,Lentil,NA,NA,675.0,0.0,NA,438.75,2.9255999999999744
1035,hart,HART_S10.1_P2312_R3,2023,1,193.5,190.25835,wheat,NA,NA,2636.0,NA,NA,869.88,486.12165
1036,hart,HART_S10.1_P2312_R3,2024,2,202.0,193.16680829999999,Barley,NA,NA,1104.0,0.0,NA,328.992,-66.17480829999997
1037,hart,HART_S8_P1234_R3,2023,1,204.5,222.5193,lentil,NA,NA,1407.0,NA,NA,914.55,487.53069999999997
1038,hart,HART_S8_P1234_R3,2024,2,202.0,214.29387340500003,Wheat,NA,NA,1884.0,0.0,NA,621.72,205.426126595
1039,hart,HART_S4.2_P2341_R1,2023,1,202.0,246.75835,wheat,NA,NA,2518.0,NA,NA,830.94,382.18165000000005
1040,hart,HART_S4.2_P2341_R1,2024,2,210.5,237.424870683,Canola,NA,NA,194.0,0.0,NA,120.668,-327.256870683
1041,hart,HART_S2.3_P0000_R3,2023,1,202.0,285.75835,wheat,NA,NA,3706.0,NA,NA,1222.98,735.22165
1042,hart,HART_S2.3_P0000_R3,2024,2,202.0,182.76499213000002,Barley,NA,NA,1208.7,0.0,NA,360.1926,-24.572392129999997
1043,hart,HART_S1.1_P1231_R1,2023,1,204.5,222.5193,lentil,NA,NA,1938.0,NA,NA,1259.7,832.6807000000001
1044,hart,HART_S1.1_P1231_R1,2024,2,202.0,223.052,Wheat,NA,NA,1338.0,0.0,NA,441.54,16.488000000000028
1045,hart,HART_S1.1_P3123_R1,2023,1,202.0,235.75835,barley,NA,NA,3536.0,NA,NA,1053.728,615.96965
1046,hart,HART_S1.1_P3123_R1,2024,2,193.5,242.32440000000003,Lentil,NA,NA,697.0,0.0,NA,453.05,17.225599999999986
1047,hart,HART_S2.2_P0000_R1,2023,1,202.0,264.25835,wheat,NA,NA,3608.0,NA,NA,1190.64,724.38165
1048,hart,HART_S2.2_P0000_R1,2024,2,202.0,182.41727117500002,Barley,NA,NA,1480.4,0.0,NA,441.1592,56.741928824999974
1049,hart,HART_S7_P2341_R1,2023,1,204.5,209.9862,field pea,NA,NA,1474.0,NA,NA,664.774,250.2878
1050,hart,HART_S7_P2341_R1,2024,2,202.0,229.628198315,Wheat,NA,NA,1963.0,0.0,NA,647.7900000000001,216.16180168500009
1051,hart,HART_S10.3_P1231_R1,2023,1,240.2,227.7693,lentil,canola,NA,213.0,1215.0,NA,922.236,454.26670000000007
1052,hart,HART_S10.3_P1231_R1,2024,2,202.0,232.17947586,Wheat,NA,NA,920.0,0.0,NA,303.6,-130.57947585999997
1053,hart,HART_S4.3_P4123_R2,2023,1,202.0,258.75835,barley,NA,NA,3373.0,NA,NA,1005.154,544.3956499999999
1054,hart,HART_S4.3_P4123_R2,2024,2,193.5,242.32440000000003,Lentil,NA,NA,794.0,0.0,NA,516.1,80.2756
1055,hart,HART_S4.2_P3412_R1,2023,1,213.0,236.50179999999997,canola,NA,NA,875.0,NA,NA,544.25,94.74820000000003
1056,hart,HART_S4.2_P3412_R1,2024,2,202.0,179.28229034,Barley,NA,NA,171.0,0.0,NA,50.958,-330.32429034
1057,hart,HART_S8_P3412_R1,2023,1,202.0,235.75834999999998,barley,NA,NA,3547.0,NA,NA,1057.006,619.2476500000001
1058,hart,HART_S8_P3412_R1,2024,2,202.0,256.61117314999996,Wheat,NA,NA,1706.0,0.0,NA,562.98,104.36882685000006
1059,hart,HART_S6_P1234_R2,2023,1,204.5,222.5193,lentil,NA,NA,1350.0,NA,NA,877.5,450.4807
1060,hart,HART_S6_P1234_R2,2024,2,210.5,235.51599999999996,Canola,NA,NA,5.0,0.0,NA,3.11,-442.90599999999995
1061,hart,HART_S9_P1234_R1,2023,1,204.5,235.93619999999999,vetch,NA,NA,0.0,NA,NA,0.0,-440.4362
1062,hart,HART_S9_P1234_R1,2024,2,210.5,235.51600000000002,Canola,NA,NA,780.0,0.0,NA,485.16,39.144000000000005
1063,hart,HART_S9_P3412_R3,2023,1,202.0,246.75835,wheat,NA,NA,3055.0,NA,NA,1008.15,559.39165
1064,hart,HART_S9_P3412_R3,2024,2,202.0,220.68351425,Barley,NA,NA,1084.0,0.0,NA,323.032,-99.65151425000002
1065,hart,HART_S7_P4123_R3,2023,1,202.0,235.75835,barley,NA,NA,3792.0,NA,NA,1130.0159999999998,692.2576499999998
1066,hart,HART_S7_P4123_R3,2024,2,193.5,242.32440000000003,Lentil,NA,NA,675.0,0.0,NA,438.75,2.9255999999999744
1067,hart,HART_S3_P4123_R2,2023,1,202.0,235.75834999999998,barley,NA,NA,3306.0,NA,NA,985.188,547.42965
1068,hart,HART_S3_P4123_R2,2024,2,193.5,242.32440000000003,Lentil,NA,NA,932.0,0.0,NA,605.8000000000001,169.97560000000004
1069,hart,HART_S4.3_P3412_R1,2023,1,213.0,249.50179999999997,canola,NA,NA,578.0,NA,NA,359.516,-102.98579999999995
1070,hart,HART_S4.3_P3412_R1,2024,2,202.0,205.27791397000001,Barley,NA,NA,67.0,0.0,NA,19.966,-387.31191397
1071,hart,HART_S6_P3412_R2,2023,1,202.0,246.75834999999998,wheat,NA,NA,2979.0,NA,NA,983.07,534.3116500000001
1072,hart,HART_S6_P3412_R2,2024,2,202.0,171.85777473,Barley,NA,NA,1000.0,0.0,NA,298.0,-75.85777472999999
1073,hart,HART_S4.1_P2341_R3,2023,1,202.0,225.25835,wheat,NA,NA,3286.0,NA,NA,1084.38,657.12165
1074,hart,HART_S4.1_P2341_R3,2024,2,210.5,254.733718125,Canola,NA,NA,112.0,0.0,NA,69.664,-395.569718125
1075,hart,HART_S10.3_P3123_R3,2023,1,202.0,235.75835,barley,NA,NA,3270.0,NA,NA,974.46,536.70165
1076,hart,HART_S10.3_P3123_R3,2024,2,208.475,247.12695128000001,Lentil,Canola,NA,665.0,34.0,NA,435.73,-19.87195127999999
1077,hart,HART_S3_P2341_R1,2023,1,202.0,246.75835,wheat,NA,NA,3117.0,NA,NA,1028.61,579.8516499999998
1078,hart,HART_S3_P2341_R1,2024,2,193.5,242.32440000000003,Lentil,NA,NA,724.0,0.0,NA,470.6,34.7756
1079,hart,HART_S8_P1234_R1,2023,1,204.5,222.5193,lentil,NA,NA,1274.0,NA,NA,828.1,401.08070000000004
1080,hart,HART_S8_P1234_R1,2024,2,202.0,214.29387340500003,Wheat,NA,NA,1868.0,0.0,NA,616.44,200.14612659500003
1081,hart,HART_S1.2_P1231_R1,2023,1,204.5,222.5193,lentil,NA,NA,1237.0,NA,NA,804.0500000000001,377.0307000000001
1082,hart,HART_S1.2_P1231_R1,2024,2,202.0,202.61067411000002,Wheat,NA,NA,2089.0,0.0,NA,689.37,284.75932589
1083,hart,HART_S10.2_P1231_R1,2023,1,239.825,227.7693,lentil,canola,NA,244.0,1169.0,NA,911.618,444.02370000000013
1084,hart,HART_S10.2_P1231_R1,2024,2,202.0,250.74418625,Wheat,NA,NA,1038.0,0.0,NA,342.54,-110.20418624999999
1085,hart,HART_S4.2_P2341_R2,2023,1,202.0,246.75835,wheat,NA,NA,2369.0,NA,NA,781.77,333.01165
1086,hart,HART_S4.2_P2341_R2,2024,2,210.5,237.424870683,Canola,NA,NA,75.0,0.0,NA,46.65,-401.274870683
1087,hart,HART_S4.1_P4123_R3,2023,1,202.0,209.25835,barley,NA,NA,3460.0,NA,NA,1031.08,619.8216499999999
1088,hart,HART_S4.1_P4123_R3,2024,2,193.5,242.32440000000003,Lentil,NA,NA,663.0,0.0,NA,430.95,-4.874400000000037
1089,hart,HART_S9_P1234_R3,2023,1,204.5,235.9362,vetch,NA,NA,0.0,NA,NA,0.0,-440.4362
1090,hart,HART_S9_P1234_R3,2024,2,210.5,235.51599999999996,Canola,NA,NA,337.0,0.0,NA,209.614,-236.40199999999996
1091,hart,HART_S2.2_P0000_R2,2023,1,202.0,264.25835,wheat,NA,NA,2881.0,NA,NA,950.73,484.47165
1092,hart,HART_S2.2_P0000_R2,2024,2,202.0,182.41727117500002,Barley,NA,NA,1687.0,0.0,NA,502.726,118.30872882499997
1093,hart,HART_S5_P0000_R9,2023,1,204.5,222.5193,lentil,NA,NA,1211.0,NA,NA,787.15,360.1307
1094,hart,HART_S5_P0000_R9,2024,2,193.5,238.44439999999997,Chickpea,NA,NA,0.0,0.0,NA,0.0,-431.9444
1095,hart,HART_S3_P2341_R3,2023,1,202.0,246.75834999999998,wheat,NA,NA,3173.0,NA,NA,1047.09,598.33165
1096,hart,HART_S3_P2341_R3,2024,2,193.5,242.32439999999997,Lentil,NA,NA,970.0,0.0,NA,630.5,194.67560000000003
1097,hart,HART_S1.1_P2312_R3,2023,1,202.0,246.75834999999998,wheat,NA,NA,2835.0,NA,NA,935.55,486.79165
1098,hart,HART_S1.1_P2312_R3,2024,2,202.0,205.85440000000003,Barley,NA,NA,710.0,0.0,NA,211.58,-196.2744
1099,hart,HART_S4.1_P1234_R2,2023,1,204.5,222.5193,lentil,NA,NA,1264.0,NA,NA,821.6,394.58070000000004
1100,hart,HART_S4.1_P1234_R2,2024,2,202.0,214.75948176,Wheat,NA,NA,1508.0,0.0,NA,497.64,80.88051823999999
1101,hart,HART_S2.3_P0000_R1,2023,1,202.0,285.75834999999995,wheat,NA,NA,4428.0,NA,NA,1461.24,973.4816500000001
1102,hart,HART_S2.3_P0000_R1,2024,2,202.0,182.76499213000002,Barley,NA,NA,408.7,0.0,NA,121.7926,-262.97239213
1103,hart,HART_S1.2_P3123_R1,2023,1,202.0,235.75835,barley,NA,NA,4463.0,NA,NA,1329.974,892.2156499999999
1104,hart,HART_S1.2_P3123_R1,2024,2,193.5,242.32440000000003,Lentil,NA,NA,38.0,0.0,NA,24.7,-411.12440000000004
1105,hart,HART_S4.3_P2341_R2,2023,1,202.0,259.75835,wheat,NA,NA,2605.0,NA,NA,859.6500000000001,397.8916500000001
1106,hart,HART_S4.3_P2341_R2,2024,2,210.5,274.07172099999997,Canola,NA,NA,24.0,0.0,NA,14.928,-469.64372099999997
1107,hart,HART_S2.1_P0000_R2,2023,1,202.0,238.25835,wheat,NA,NA,3129.0,NA,NA,1032.57,592.3116499999999
1108,hart,HART_S2.1_P0000_R2,2024,2,202.0,183.213910535,Barley,NA,NA,2060.9,0.0,NA,614.1482,228.93428946499998
1109,hart,HART_S10.2_P2312_R1,2023,1,202.0,218.75835,wheat,NA,NA,3777.0,NA,NA,1246.41,825.65165
1110,hart,HART_S10.2_P2312_R1,2024,2,202.0,181.97245029500002,Barley,NA,NA,213.0,0.0,NA,63.474,-320.498450295
1111,hart,HART_S8_P4123_R3,2023,1,202.0,246.75835,wheat,NA,NA,3485.0,NA,NA,1150.05,701.2916499999999
1112,hart,HART_S8_P4123_R3,2024,2,193.5,242.32440000000003,Lentil,NA,NA,687.0,0.0,NA,446.55,10.725599999999986
1113,hart,HART_S3_P1234_R3,2023,1,204.5,222.5193,lentil,NA,NA,1730.0,NA,NA,1124.5,697.4807000000001
1114,hart,HART_S3_P1234_R3,2024,2,202.0,216.27188242000003,Wheat,NA,NA,1149.0,0.0,NA,379.17,-39.10188242000001
1115,hart,HART_S3_P3412_R3,2023,1,204.5,222.5193,lentil,NA,NA,1356.0,NA,NA,881.4,454.3807
1116,hart,HART_S3_P3412_R3,2024,2,202.0,155.85440000000003,Barley,NA,NA,1936.0,0.0,NA,576.928,219.07359999999997
1117,hart,HART_S4.1_P1234_R1,2023,1,204.5,222.5193,lentil,NA,NA,1602.0,NA,NA,1041.3,614.2807
1118,hart,HART_S4.1_P1234_R1,2024,2,202.0,214.75948176,Wheat,NA,NA,1731.0,0.0,NA,571.23,154.47051824000002
1119,hart,HART_S4.3_P3412_R3,2023,1,213.0,249.5018,canola,NA,NA,563.0,NA,NA,350.186,-112.31580000000002
1120,hart,HART_S4.3_P3412_R3,2024,2,202.0,205.27791397000001,Barley,NA,NA,321.0,0.0,NA,95.658,-311.61991397
1121,hart,HART_S4.3_P1234_R3,2023,1,204.5,222.5193,lentil,NA,NA,1786.0,NA,NA,1160.9,733.8807000000002
1122,hart,HART_S4.3_P1234_R3,2024,2,202.0,255.72250499999998,Wheat,NA,NA,2382.0,0.0,NA,786.0600000000001,328.3374950000001
1123,hart,HART_S10.2_P2312_R3,2023,1,202.0,218.75834999999998,wheat,NA,NA,2881.0,NA,NA,950.73,529.9716500000001
1124,hart,HART_S10.2_P2312_R3,2024,2,202.0,181.97245029500002,Barley,NA,NA,1720.0,0.0,NA,512.56,128.58754970499993
1125,hart,HART_S4.2_P4123_R1,2023,1,202.0,235.75835,barley,NA,NA,3357.0,NA,NA,1000.386,562.6276499999999
1126,hart,HART_S4.2_P4123_R1,2024,2,193.5,242.32440000000003,Lentil,NA,NA,753.0,0.0,NA,489.45,53.62559999999996
1127,hart,HART_S9_P1234_R2,2023,1,204.5,235.9362,vetch,NA,NA,0.0,NA,NA,0.0,-440.4362
1128,hart,HART_S9_P1234_R2,2024,2,210.5,235.51599999999996,Canola,NA,NA,164.0,0.0,NA,102.008,-344.008
1129,hart,HART_S1.1_P1231_R3,2023,1,204.5,222.5193,lentil,NA,NA,1562.0,NA,NA,1015.3,588.2807
1130,hart,HART_S1.1_P1231_R3,2024,2,202.0,223.052,Wheat,NA,NA,1487.0,0.0,NA,490.71,65.65799999999999
1131,hart,HART_S10.1_P2312_R2,2023,1,193.5,190.25835,wheat,NA,NA,2810.0,NA,NA,927.3,543.5416499999999
1132,hart,HART_S10.1_P2312_R2,2024,2,202.0,193.16680829999999,Barley,NA,NA,791.0,0.0,NA,235.718,-159.4488083
1133,hart,HART_S1.2_P1231_R2,2023,1,204.5,222.5193,lentil,NA,NA,1608.0,NA,NA,1045.2,618.1807000000001
1134,hart,HART_S1.2_P1231_R2,2024,2,202.0,202.61067411000002,Wheat,NA,NA,2193.0,0.0,NA,723.69,319.07932589000006
1135,hart,HART_S10.2_P1231_R3,2023,1,236.975,227.7693,lentil,canola,NA,275.0,1024.0,NA,836.6500000000001,371.9057000000001
1136,hart,HART_S10.2_P1231_R3,2024,2,202.0,250.74418625,Wheat,NA,NA,818.0,0.0,NA,269.94,-182.80418625000001
1137,hart,HART_S4.2_P3412_R2,2023,1,213.0,236.50179999999997,canola,NA,NA,573.0,NA,NA,356.406,-93.09579999999997
1138,hart,HART_S4.2_P3412_R2,2024,2,202.0,179.28229034,Barley,NA,NA,403.0,0.0,NA,120.094,-261.18829034
1139,hart,HART_S5_P0000_R4,2023,1,204.5,222.5193,lentil,NA,NA,1464.0,NA,NA,951.6,524.5807
1140,hart,HART_S5_P0000_R4,2024,2,193.5,238.44439999999997,Chickpea,NA,NA,0.0,0.0,NA,0.0,-431.9444
1141,hart,HART_S5_P0000_R1,2023,1,204.5,222.5193,lentil,NA,NA,1835.0,NA,NA,1192.75,765.7307000000001
1142,hart,HART_S5_P0000_R1,2024,2,193.5,238.44439999999997,Chickpea,NA,NA,0.0,0.0,NA,0.0,-431.9444
1143,hart,HART_S3_P4123_R3,2023,1,202.0,235.75835,barley,NA,NA,3961.0,NA,NA,1180.378,742.6196499999999
1144,hart,HART_S3_P4123_R3,2024,2,193.5,242.32440000000003,Lentil,NA,NA,360.0,0.0,NA,234.0,-201.82440000000003
1145,hart,HART_S4.2_P1234_R1,2023,1,204.5,222.5193,lentil,NA,NA,1832.0,NA,NA,1190.8,763.7807
1146,hart,HART_S4.2_P1234_R1,2024,2,202.0,223.82467649999998,Wheat,NA,NA,897.0,0.0,NA,296.01,-129.8146765
1147,hart,HART_S3_P1234_R1,2023,1,204.5,222.5193,lentil,NA,NA,1515.0,NA,NA,984.75,557.7307000000001
1148,hart,HART_S3_P1234_R1,2024,2,202.0,216.27188242000003,Wheat,NA,NA,1807.0,0.0,NA,596.3100000000001,178.03811758000003
1149,hart,HART_S3_P3412_R1,2023,1,204.5,222.5193,lentil,NA,NA,1607.0,NA,NA,1044.55,617.5307
1150,hart,HART_S3_P3412_R1,2024,2,202.0,155.85440000000003,Barley,NA,NA,2573.0,0.0,NA,766.754,408.89959999999996
1151,hart,HART_S6_P1234_R1,2023,1,204.5,222.5193,lentil,NA,NA,1428.0,NA,NA,928.2,501.18070000000006
1152,hart,HART_S6_P1234_R1,2024,2,210.5,235.51599999999996,Canola,NA,NA,560.0,0.0,NA,348.32,-97.69599999999997
1153,hart,HART_S2.1_P0000_R3,2023,1,202.0,238.25835,wheat,NA,NA,4340.0,NA,NA,1432.2,991.94165
1154,hart,HART_S2.1_P0000_R3,2024,2,202.0,183.213910535,Barley,NA,NA,1615.2,0.0,NA,481.3296,96.11568946500003
1155,hart,HART_S1.3_P1231_R1,2023,1,204.5,222.5193,lentil,NA,NA,1536.0,NA,NA,998.4,571.3806999999999
1156,hart,HART_S1.3_P1231_R1,2024,2,202.0,243.052,Wheat,NA,NA,227.0,0.0,NA,74.91,-370.142
1157,hart,HART_S7_P3412_R3,2023,1,202.0,246.75835,wheat,NA,NA,3275.0,NA,NA,1080.75,631.9916499999999
1158,hart,HART_S7_P3412_R3,2024,2,202.0,214.90329390000002,Barley,NA,NA,1742.0,0.0,NA,519.116,102.21270609999996
1159,hart,HART_S10.3_P1231_R2,2023,1,237.1,227.7693,lentil,canola,NA,198.0,1106.0,NA,842.056,377.18670000000003
1160,hart,HART_S10.3_P1231_R2,2024,2,202.0,232.17947586,Wheat,NA,NA,883.0,0.0,NA,291.39,-142.78947586
1161,hart,HART_S4.2_P3412_R3,2023,1,213.0,236.50179999999997,canola,NA,NA,307.0,NA,NA,190.954,-258.54779999999994
1162,hart,HART_S4.2_P3412_R3,2024,2,202.0,179.28229034,Barley,NA,NA,174.0,0.0,NA,51.852,-329.43029034
1163,hart,HART_S4.3_P1234_R2,2023,1,204.5,222.5193,lentil,NA,NA,1771.0,NA,NA,1151.15,724.1307000000002
1164,hart,HART_S4.3_P1234_R2,2024,2,202.0,255.72250499999998,Wheat,NA,NA,1786.0,0.0,NA,589.38,131.657495
1165,hart,HART_S10.1_P3123_R1,2023,1,193.5,190.25835,barley,NA,NA,4452.0,NA,NA,1326.696,942.9376499999998
1166,hart,HART_S10.1_P3123_R1,2024,2,197.05,203.295,Lentil,Canola,NA,542.0,40.0,NA,363.124,-37.220999999999975
1167,hart,HART_S1.1_P1231_R2,2023,1,204.5,222.5193,lentil,NA,NA,1319.0,NA,NA,857.35,430.33070000000004
1168,hart,HART_S1.1_P1231_R2,2024,2,202.0,223.052,Wheat,NA,NA,1835.0,0.0,NA,605.5500000000001,180.49800000000008
1169,hart,HART_S9_P4123_R1,2023,1,202.0,235.75835,barley,NA,NA,3700.0,NA,NA,1102.6,664.8416499999998
1170,hart,HART_S9_P4123_R1,2024,2,182.5,139.03,Vetch,NA,NA,0.0,0.0,NA,0.0,-321.53
1171,hart,HART_S3_P3412_R2,2023,1,204.5,222.5193,lentil,NA,NA,1561.0,NA,NA,1014.65,587.6306999999999
1172,hart,HART_S3_P3412_R2,2024,2,202.0,155.85440000000003,Barley,NA,NA,2033.0,0.0,NA,605.834,247.97959999999992
1173,hart,HART_S6_P2341_R1,2023,1,213.0,236.5018,canola,NA,NA,500.0,NA,NA,311.0,-138.5018
1174,hart,HART_S6_P2341_R1,2024,2,202.0,189.60315159,Wheat,NA,NA,682.0,0.0,NA,225.06,-166.54315159
1175,hart,HART_S4.2_P4123_R2,2023,1,202.0,235.75835,barley,NA,NA,3475.0,NA,NA,1035.55,597.7916499999999
1176,hart,HART_S4.2_P4123_R2,2024,2,193.5,242.32440000000003,Lentil,NA,NA,718.0,0.0,NA,466.7,30.875599999999963
1177,hart,HART_S8_P3412_R2,2023,1,202.0,235.75835,barley,NA,NA,3746.0,NA,NA,1116.308,678.5496499999999
1178,hart,HART_S8_P3412_R2,2024,2,202.0,256.61117314999996,Wheat,NA,NA,1440.0,0.0,NA,475.2000000000001,16.588826850000146
1179,hart,HART_S1.3_P2312_R3,2023,1,202.0,259.75835,wheat,NA,NA,3112.0,NA,NA,1026.96,565.20165
1180,hart,HART_S1.3_P2312_R3,2024,2,202.0,230.85439999999997,Barley,NA,NA,1212.0,0.0,NA,361.176,-71.67839999999998
1181,hart,HART_S4.3_P2341_R3,2023,1,202.0,259.75835,wheat,NA,NA,3352.0,NA,NA,1106.16,644.40165
1182,hart,HART_S4.3_P2341_R3,2024,2,210.5,274.07172099999997,Canola,NA,NA,62.0,0.0,NA,38.564,-446.00772099999995
1183,hart,HART_S4.3_P4123_R3,2023,1,202.0,258.75835,barley,NA,NA,3833.0,NA,NA,1142.234,681.4756499999999
1184,hart,HART_S4.3_P4123_R3,2024,2,193.5,242.32440000000003,Lentil,NA,NA,1222.0,0.0,NA,794.3000000000001,358.47560000000004
1185,hart,HART_S8_P2341_R3,2023,1,202.0,246.75835,wheat,NA,NA,3419.0,NA,NA,1128.27,679.5116499999999
1186,hart,HART_S8_P2341_R3,2024,2,202.0,198.84890383,Barley,NA,NA,0.0,0.0,NA,0.0,-400.84890383000004
1187,hart,HART_S10.1_P1231_R1,2023,1,235.225,227.7693,lentil,canola,NA,195.0,1034.0,NA,793.39,330.3957
1188,hart,HART_S10.1_P1231_R1,2024,2,202.0,228.395073865,Wheat,NA,NA,1160.0,0.0,NA,382.8,-47.59507386499999
1189,hart,HART_S5_P0000_R5,2023,1,204.5,222.5193,lentil,NA,NA,1644.0,NA,NA,1068.6,641.5807
1190,hart,HART_S5_P0000_R5,2024,2,193.5,238.44439999999997,Chickpea,NA,NA,0.0,0.0,NA,0.0,-431.9444
1191,hart,HART_S4.2_P1234_R3,2023,1,204.5,222.5193,lentil,NA,NA,1924.0,NA,NA,1250.6,823.5807
1192,hart,HART_S4.2_P1234_R3,2024,2,202.0,223.82467649999998,Wheat,NA,NA,2006.0,0.0,NA,661.98,236.15532350000004
1193,hart,HART_S4.3_P1234_R1,2023,1,204.5,222.5193,lentil,NA,NA,1218.0,NA,NA,791.7,364.68070000000006
1194,hart,HART_S4.3_P1234_R1,2024,2,202.0,255.72250499999998,Wheat,NA,NA,1730.0,0.0,NA,570.9,113.177495
1195,hart,HART_S5_P0000_R3,2023,1,204.5,222.5193,lentil,NA,NA,1515.0,NA,NA,984.75,557.7307000000001
1196,hart,HART_S5_P0000_R3,2024,2,193.5,238.44439999999997,Chickpea,NA,NA,0.0,0.0,NA,0.0,-431.9444
1197,hart,HART_S10.2_P2312_R2,2023,1,202.0,218.75835,wheat,NA,NA,2851.0,NA,NA,940.83,520.0716500000001
1198,hart,HART_S10.2_P2312_R2,2024,2,202.0,181.97245029500002,Barley,NA,NA,1115.0,0.0,NA,332.27,-51.702450295000034
1199,hart,HART_S1.2_P2312_R1,2023,1,202.0,246.75835,wheat,NA,NA,3250.0,NA,NA,1072.5,623.7416499999999
1200,hart,HART_S1.2_P2312_R1,2024,2,202.0,180.720449485,Barley,NA,NA,262.0,0.0,NA,78.076,-304.644449485
1201,hart,HART_S7_P2341_R2,2023,1,204.5,209.9862,field pea,NA,NA,1582.0,NA,NA,713.482,298.9958
1202,hart,HART_S7_P2341_R2,2024,2,202.0,229.628198315,Wheat,NA,NA,1618.0,0.0,NA,533.94,102.31180168500006
1203,hart,HART_S4.2_P1234_R2,2023,1,204.5,222.5193,lentil,NA,NA,1167.0,NA,NA,758.5500000000001,331.5307000000001
1204,hart,HART_S4.2_P1234_R2,2024,2,202.0,223.82467649999998,Wheat,NA,NA,1378.0,0.0,NA,454.74,28.915323500000028
1205,hart,HART_S6_P4123_R1,2023,1,202.0,235.75835,barley,NA,NA,4478.0,NA,NA,1334.444,896.6856499999999
1206,hart,HART_S6_P4123_R1,2024,2,193.5,242.32440000000003,Lentil,NA,NA,491.0,0.0,NA,319.15000000000003,-116.67439999999999
1207,hart,HART_S8_P2341_R1,2023,1,202.0,246.75835,wheat,NA,NA,3255.0,NA,NA,1074.15,625.39165
1208,hart,HART_S8_P2341_R1,2024,2,202.0,198.84890383,Barley,NA,NA,1100.0,0.0,NA,327.8,-73.04890383
1209,hart,HART_S10.1_P1231_R2,2023,1,243.875,227.7693,lentil,canola,NA,232.0,1343.0,NA,1017.254,545.6097
1210,hart,HART_S10.1_P1231_R2,2024,2,202.0,228.395073865,Wheat,NA,NA,961.0,0.0,NA,317.13,-113.265073865
1211,hart,HART_S9_P2341_R2,2023,1,213.0,236.5018,canola,NA,NA,466.0,NA,NA,289.852,-159.64980000000003
1212,hart,HART_S9_P2341_R2,2024,2,202.0,221.59511175000003,Wheat,NA,NA,654.0,0.0,NA,215.82,-207.77511175000004
1213,hart,HART_S10.3_P2312_R1,2023,1,202.0,246.75835,wheat,NA,NA,2799.0,NA,NA,923.67,474.91164999999995
1214,hart,HART_S10.3_P2312_R1,2024,2,202.0,194.978155215,Barley,NA,NA,1380.0,0.0,NA,411.24,14.261844785000022
1215,hart,HART_S4.1_P2341_R2,2023,1,202.0,225.25835,wheat,NA,NA,2687.0,NA,NA,886.71,459.45165000000003
1216,hart,HART_S4.1_P2341_R2,2024,2,210.5,254.733718125,Canola,NA,NA,69.0,0.0,NA,42.918,-422.315718125
1217,hart,HART_S7_P3412_R1,2023,1,202.0,246.75834999999998,wheat,NA,NA,3787.0,NA,NA,1249.71,800.9516500000001
1218,hart,HART_S7_P3412_R1,2024,2,202.0,214.90329390000002,Barley,NA,NA,244.0,0.0,NA,72.712,-344.1912939
1219,hart,HART_S6_P2341_R3,2023,1,213.0,236.5018,canola,NA,NA,624.0,NA,NA,388.128,-61.37380000000002
1220,hart,HART_S6_P2341_R3,2024,2,202.0,189.60315159,Wheat,NA,NA,1047.0,0.0,NA,345.51,-46.09315159000002
1221,hart,HART_S10.2_P1231_R2,2023,1,236.575,227.7693,lentil,canola,NA,188.0,1095.0,NA,828.686,364.3417000000001
1222,hart,HART_S10.2_P1231_R2,2024,2,202.0,250.74418625,Wheat,NA,NA,1390.0,0.0,NA,458.7000000000001,5.95581375000009
1223,hart,HART_S1.3_P1231_R3,2023,1,204.5,222.5193,lentil,NA,NA,1247.0,NA,NA,810.5500000000001,383.5307000000001
1224,hart,HART_S1.3_P1231_R3,2024,2,202.0,243.052,Wheat,NA,NA,1605.0,0.0,NA,529.65,84.59799999999998
1225,hart,HART_S4.3_P3412_R2,2023,1,213.0,249.50179999999997,canola,NA,NA,670.0,NA,NA,416.74,-45.761799999999965
1226,hart,HART_S4.3_P3412_R2,2024,2,202.0,205.27791397000001,Barley,NA,NA,267.0,0.0,NA,79.566,-327.71191397
1227,appila,APPILA_S1_P3123_R3,2023,1,158.0,169.9,Barley,NA,NA,440.0,NA,NA,131.12,-196.78
1228,appila,APPILA_S2_P2121_R2,2023,1,158.0,192.39999999999998,Wheat,NA,NA,650.0,NA,NA,214.5,-135.89999999999998
1229,appila,APPILA_S1_P1231_R3,2023,1,149.5,125.6,Vetch ,NA,NA,0.0,NA,NA,0.0,-275.1
1230,appila,APPILA_S1_P1231_R2,2023,1,149.5,125.6,Vetch ,NA,NA,0.0,NA,NA,0.0,-275.1
1231,appila,APPILA_S4_P3123_R2,2023,1,158.0,192.4,Wheat,NA,NA,580.0,NA,NA,191.4,-159.0
1232,appila,APPILA_S4_P2312_R1,2023,1,158.0,192.39999999999998,Wheat,NA,NA,590.0,NA,NA,194.7,-155.7
1233,appila,APPILA_S3_P1234_R3,2023,1,149.5,125.6,Lentil,NA,NA,20.0,NA,NA,13.0,-262.1
1234,appila,APPILA_S3_P3412_R2,2023,1,158.0,192.39999999999998,Wheat,NA,NA,730.0,NA,NA,240.9,-109.49999999999997
1235,appila,APPILA_S3_P2341_R3,2023,1,158.0,182.9,Canola,NA,NA,100.0,NA,NA,62.2,-278.7
1236,appila,APPILA_S1_P3123_R1,2023,1,158.0,169.9,Barley,NA,NA,260.0,NA,NA,77.47999999999999,-250.42000000000002
1237,appila,APPILA_S2_P1212_R1,2023,1,149.5,125.6,Lentil,NA,NA,10.0,NA,NA,6.5,-268.6
1238,appila,APPILA_S2_P2121_R1,2023,1,158.0,192.4,Wheat,NA,NA,640.0,NA,NA,211.2,-139.20000000000002
1239,appila,APPILA_S1_P3123_R2,2023,1,158.0,169.89999999999998,Barley,NA,NA,220.0,NA,NA,65.56,-262.34
1240,appila,APPILA_S5_P0000_R1,2023,1,149.5,144.9,Wheat,NA,NA,510.0,NA,NA,168.3,-126.1
1241,appila,APPILA_S4_P1231_R2,2023,1,154.75,102.69999999999999,Vetch ,Oat,NA,210.0,0.0,NA,0.0,-257.45
1242,appila,APPILA_S3_P2341_R1,2023,1,158.0,182.9,Canola,NA,NA,0.0,NA,NA,0.0,-340.9
1243,appila,APPILA_S3_P4123_R3,2023,1,158.0,192.4,Wheat,NA,NA,610.0,NA,NA,201.3,-149.1
1244,appila,APPILA_S3_P3412_R3,2023,1,158.0,192.4,Wheat,NA,NA,660.0,NA,NA,217.8,-132.6
1245,appila,APPILA_S6_P0000_R3,2023,1,158.0,226.4,Canola,NA,NA,60.0,NA,NA,37.32,-347.08000000000004
1246,appila,APPILA_S5_P0000_R2,2023,1,149.5,144.9,Wheat,NA,NA,580.0,NA,NA,191.4,-103.0
1247,appila,APPILA_S1_P2312_R2,2023,1,158.0,169.9,Wheat,NA,NA,550.0,NA,NA,181.5,-146.4
1248,appila,APPILA_S3_P2341_R2,2023,1,158.0,182.89999999999998,Canola,NA,NA,100.0,NA,NA,62.2,-278.7
1249,appila,APPILA_S2_P1212_R2,2023,1,149.5,125.6,Lentil,NA,NA,390.0,NA,NA,253.5,-21.599999999999994
1250,appila,APPILA_S3_P1234_R1,2023,1,149.5,125.6,Lentil,NA,NA,50.0,NA,NA,32.5,-242.6
1251,appila,APPILA_S3_P4123_R2,2023,1,158.0,192.39999999999998,Wheat,NA,NA,630.0,NA,NA,207.9,-142.49999999999997
1252,appila,APPILA_S3_P1234_R2,2023,1,149.5,125.6,Lentil,NA,NA,40.0,NA,NA,26.0,-249.1
1253,appila,APPILA_S4_P1231_R3,2023,1,156.5,102.69999999999999,Vetch ,Oat,NA,280.0,0.0,NA,0.0,-259.2
1254,appila,APPILA_S6_P0000_R1,2023,1,158.0,226.39999999999998,Canola,NA,NA,110.0,NA,NA,68.42,-315.97999999999996
1255,appila,APPILA_S4_P3123_R3,2023,1,158.0,192.39999999999998,Wheat,NA,NA,820.0,NA,NA,270.6,-79.79999999999995
1256,appila,APPILA_S4_P2312_R3,2023,1,158.0,192.4,Wheat,NA,NA,580.0,NA,NA,191.4,-159.0
1257,appila,APPILA_S2_P2121_R3,2023,1,158.0,192.4,Wheat,NA,NA,0.0,NA,NA,0.0,-350.4
1258,appila,APPILA_S5_P0000_R3,2023,1,149.5,144.89999999999998,Wheat,NA,NA,550.0,NA,NA,181.5,-112.89999999999998
1259,appila,APPILA_S4_P2312_R2,2023,1,158.0,192.4,Wheat,NA,NA,590.0,NA,NA,194.7,-155.70000000000002
1260,appila,APPILA_S4_P3123_R1,2023,1,158.0,192.4,Wheat,NA,NA,0.0,NA,NA,0.0,-350.4
1261,appila,APPILA_S4_P1231_R1,2023,1,151.25,102.7,Vetch ,Oat,NA,70.0,0.0,NA,0.0,-253.95
1262,appila,APPILA_S3_P3412_R1,2023,1,158.0,192.4,Wheat,NA,NA,550.0,NA,NA,181.5,-168.9
1263,appila,APPILA_S1_P1231_R1,2023,1,149.5,125.60000000000001,Vetch ,NA,NA,0.0,NA,NA,0.0,-275.1
1264,appila,APPILA_S3_P4123_R1,2023,1,158.0,192.4,Wheat,NA,NA,550.0,NA,NA,181.5,-168.9
1265,appila,APPILA_S6_P0000_R2,2023,1,158.0,226.4,Canola,NA,NA,100.0,NA,NA,62.2,-322.2
1266,appila,APPILA_S1_P2312_R1,2023,1,158.0,169.9,Wheat,NA,NA,460.0,NA,NA,151.8,-176.1
1267,appila,APPILA_S1_P2312_R3,2023,1,158.0,169.9,Wheat,NA,NA,680.0,NA,NA,224.4,-103.5
1268,appila,APPILA_S2_P1212_R3,2023,1,149.5,125.6,Lentil,NA,NA,0.0,NA,NA,0.0,-275.1
1269,kinnabulla,KINNABULLA_S14_P0000_R9,2023,1,180.0,450.8425961538461,canola,NA,NA,1464.0,NA,NA,910.608,279.76540384615384
1270,kinnabulla,KINNABULLA_S10_P2312_R3,2023,1,180.0,292.03999999999996,wheat,NA,NA,4628.0,NA,NA,1527.24,1055.2
1271,kinnabulla,KINNABULLA_S3_P2312_R2,2023,1,193.5,254.77200000000002,lentil,NA,NA,1438.0,NA,NA,934.7,486.428
1272,kinnabulla,KINNABULLA_S5_P2121_R2,2023,1,180.0,282.03999999999996,barley,NA,NA,4535.0,NA,NA,1351.4299999999998,889.3899999999999
1273,kinnabulla,KINNABULLA_S11_P1231_R2,2023,1,264.9,211.37,tillage radish,vetch,NA,1761.0,2415.0,NA,0.0,-476.27
1274,kinnabulla,KINNABULLA_S7_P1111_R6,2023,1,180.0,292.03999999999996,wheat,NA,NA,5000.0,NA,NA,1650.0,1177.96
1275,kinnabulla,KINNABULLA_S2.1_P1212_R3,2023,1,215.5,254.77200000000002,lentil,NA,NA,1237.0,NA,NA,804.0500000000001,333.778
1276,kinnabulla,KINNABULLA_S11_P1231_R3,2023,1,261.2,211.37,tillage radish,vetch,NA,1865.0,843.0,NA,0.0,-472.57
1277,kinnabulla,KINNABULLA_S9.1_P3123_R3,2023,1,171.5,163.54000000000002,wheat,NA,NA,4816.0,NA,NA,1589.28,1254.24
1278,kinnabulla,KINNABULLA_S6_P3412_R2,2023,1,169.0,292.03999999999996,wheat,NA,NA,4981.0,NA,NA,1643.73,1182.69
1279,kinnabulla,KINNABULLA_S1.1_P3123_R1,2023,1,169.0,212.54,wheat,NA,NA,5173.0,NA,NA,1707.09,1325.55
1280,kinnabulla,KINNABULLA_S6_P4123_R3,2023,1,180.0,292.03999999999996,wheat,NA,NA,4423.0,NA,NA,1459.59,987.55
1281,kinnabulla,KINNABULLA_S13_P0000_R6,2023,1,169.0,342.84259615384616,canola,NA,NA,1438.0,NA,NA,894.436,382.5934038461539
1282,kinnabulla,KINNABULLA_S1.2_P2312_R2,2023,1,191.0,292.03999999999996,wheat,NA,NA,5070.0,NA,NA,1673.1,1190.06
1283,kinnabulla,KINNABULLA_S1.3_P3123_R3,2023,1,169.0,334.04,wheat,NA,NA,4940.0,NA,NA,1630.2,1127.16
1284,kinnabulla,KINNABULLA_S5_P1212_R1,2023,1,182.5,254.77200000000002,lentil,NA,NA,1250.0,NA,NA,812.5,375.22799999999995
1285,kinnabulla,KINNABULLA_S2.1_P1212_R2,2023,1,193.5,254.77200000000002,lentil,NA,NA,1386.0,NA,NA,900.9,452.62799999999993
1286,kinnabulla,KINNABULLA_S10_P3123_R3,2023,1,191.0,292.03999999999996,wheat,NA,NA,4953.0,NA,NA,1634.49,1151.45
1287,kinnabulla,KINNABULLA_S4_P4123_R1,2023,1,180.0,292.03999999999996,wheat,NA,NA,4903.0,NA,NA,1617.99,1145.95
1288,kinnabulla,KINNABULLA_S14_P0000_R1,2023,1,169.0,450.8425961538462,canola,NA,NA,2104.0,NA,NA,1308.688,688.8454038461539
1289,kinnabulla,KINNABULLA_S4_P1234_R2,2023,1,204.5,254.77200000000002,lentil,NA,NA,1447.0,NA,NA,940.55,481.2779999999999
1290,kinnabulla,KINNABULLA_S9.2_P1231_R3,2023,1,193.5,248.22000000000003,vetch,NA,NA,2706.0,NA,NA,0.0,-441.72
1291,kinnabulla,KINNABULLA_S12_P0000_R3,2023,1,169.0,450.8425961538461,canola,NA,NA,2033.0,NA,NA,1264.526,644.683403846154
1292,kinnabulla,KINNABULLA_S3_P2312_R3,2023,1,182.5,254.77200000000002,lentil,NA,NA,1308.0,NA,NA,850.2,412.928
1293,kinnabulla,KINNABULLA_S13_P0000_R2,2023,1,169.0,342.84259615384616,canola,NA,NA,2066.0,NA,NA,1285.052,773.2094038461537
1294,kinnabulla,KINNABULLA_S6_P4123_R2,2023,1,180.0,292.03999999999996,wheat,NA,NA,5302.0,NA,NA,1749.66,1277.6200000000001
1295,kinnabulla,KINNABULLA_S9.1_P3123_R2,2023,1,160.5,163.54,wheat,NA,NA,5084.0,NA,NA,1677.72,1353.68
1296,kinnabulla,KINNABULLA_S4_P2341_R3,2023,1,169.0,450.84259615384616,canola,NA,NA,1609.0,NA,NA,1000.798,380.95540384615384
1297,kinnabulla,KINNABULLA_S13_P0000_R1,2023,1,169.0,342.84259615384616,canola,NA,NA,2139.0,NA,NA,1330.458,818.6154038461539
1298,kinnabulla,KINNABULLA_S3_P1231_R3,2023,1,193.5,254.77200000000002,lentil,NA,NA,1260.0,NA,NA,819.0,370.72799999999995
1299,kinnabulla,KINNABULLA_S6_P1234_R2,2023,1,193.5,254.77200000000002,lentil,NA,NA,1462.0,NA,NA,950.3,502.0279999999999
1300,kinnabulla,KINNABULLA_S11_P3123_R3,2023,1,191.0,292.03999999999996,wheat,NA,NA,3837.0,NA,NA,1266.21,783.1700000000001
1301,kinnabulla,KINNABULLA_S2.2_P1212_R1,2023,1,215.5,254.77200000000002,lentil,NA,NA,1113.0,NA,NA,723.45,253.17800000000003
1302,kinnabulla,KINNABULLA_S13_P0000_R4,2023,1,169.0,342.84259615384616,canola,NA,NA,1749.0,NA,NA,1087.878,576.0354038461537
1303,kinnabulla,KINNABULLA_S3_P1231_R1,2023,1,204.5,254.77200000000002,lentil,NA,NA,1254.0,NA,NA,815.1,355.828
1304,kinnabulla,KINNABULLA_S8_P2312_R3,2023,1,169.0,292.03999999999996,wheat,NA,NA,4379.0,NA,NA,1445.0700000000002,984.0300000000002
1305,kinnabulla,KINNABULLA_S9.1_P1231_R2,2023,1,193.5,266.22,vetch,NA,NA,4347.0,NA,NA,0.0,-459.72
1306,kinnabulla,KINNABULLA_S1.3_P2312_R2,2023,1,180.0,334.04,wheat,NA,NA,5210.0,NA,NA,1719.3000000000002,1205.2600000000002
1307,kinnabulla,KINNABULLA_S9.1_P3123_R1,2023,1,171.5,163.54000000000002,wheat,NA,NA,4975.0,NA,NA,1641.75,1306.71
1308,kinnabulla,KINNABULLA_S8_P2312_R1,2023,1,169.0,292.03999999999996,wheat,NA,NA,5195.0,NA,NA,1714.35,1253.31
1309,kinnabulla,KINNABULLA_S2.2_P2121_R2,2023,1,180.0,334.03999999999996,wheat,NA,NA,5074.0,NA,NA,1674.42,1160.38
1310,kinnabulla,KINNABULLA_S11_P2312_R2,2023,1,191.0,292.03999999999996,wheat,NA,NA,5433.0,NA,NA,1792.89,1309.8500000000001
1311,kinnabulla,KINNABULLA_S4_P4123_R3,2023,1,169.0,292.03999999999996,wheat,NA,NA,4255.0,NA,NA,1404.15,943.1100000000001
1312,kinnabulla,KINNABULLA_S5_P1212_R2,2023,1,193.5,254.77200000000002,lentil,NA,NA,1358.0,NA,NA,882.7,434.428
1313,kinnabulla,KINNABULLA_S8_P3123_R2,2023,1,169.0,292.03999999999996,wheat,NA,NA,4985.0,NA,NA,1645.0500000000002,1184.0100000000002
1314,kinnabulla,KINNABULLA_S7_P1111_R2,2023,1,169.0,292.03999999999996,wheat,NA,NA,5716.0,NA,NA,1886.28,1425.24
1315,kinnabulla,KINNABULLA_S13_P0000_R5,2023,1,169.0,342.84259615384616,canola,NA,NA,1526.0,NA,NA,949.172,437.32940384615387
1316,kinnabulla,KINNABULLA_S1.1_P1231_R1,2023,1,204.5,254.77200000000002,lentil,NA,NA,1179.0,NA,NA,766.35,307.078
1317,kinnabulla,KINNABULLA_S12_P0000_R7,2023,1,169.0,450.84259615384616,canola,NA,NA,1479.0,NA,NA,919.938,300.09540384615383
1318,kinnabulla,KINNABULLA_S4_P1234_R3,2023,1,193.5,254.77200000000002,lentil,NA,NA,1377.0,NA,NA,895.0500000000001,446.778
1319,kinnabulla,KINNABULLA_S1.2_P1231_R3,2023,1,204.5,254.77200000000002,lentil,NA,NA,1540.0,NA,NA,1001.0,541.728
1320,kinnabulla,KINNABULLA_S9.2_P2312_R2,2023,1,160.5,163.54000000000002,wheat,NA,NA,5121.0,NA,NA,1689.93,1365.89
1321,kinnabulla,KINNABULLA_S2.2_P1212_R2,2023,1,193.5,254.77200000000002,lentil,NA,NA,1721.0,NA,NA,1118.65,670.378
1322,kinnabulla,KINNABULLA_S8_P3123_R3,2023,1,169.0,292.03999999999996,wheat,NA,NA,5051.0,NA,NA,1666.8300000000002,1205.7900000000002
1323,kinnabulla,KINNABULLA_S14_P0000_R6,2023,1,180.0,450.8425961538461,canola,NA,NA,1488.0,NA,NA,925.536,294.69340384615384
1324,kinnabulla,KINNABULLA_S2.1_P2121_R3,2023,1,180.0,292.03999999999996,wheat,NA,NA,4656.0,NA,NA,1536.48,1064.44
1325,kinnabulla,KINNABULLA_S11_P2312_R3,2023,1,191.0,292.03999999999996,wheat,NA,NA,4543.0,NA,NA,1499.19,1016.1500000000001
1326,kinnabulla,KINNABULLA_S3_P3123_R2,2023,1,191.0,292.03999999999996,wheat,NA,NA,4651.0,NA,NA,1534.8300000000002,1051.7900000000002
1327,kinnabulla,KINNABULLA_S3_P3123_R1,2023,1,191.0,292.03999999999996,wheat,NA,NA,4904.0,NA,NA,1618.3200000000002,1135.2800000000002
1328,kinnabulla,KINNABULLA_S13_P0000_R7,2023,1,169.0,342.84259615384616,canola,NA,NA,1404.0,NA,NA,873.288,361.44540384615385
1329,kinnabulla,KINNABULLA_S1.2_P3123_R3,2023,1,180.0,292.03999999999996,wheat,NA,NA,4363.0,NA,NA,1439.79,967.75
1330,kinnabulla,KINNABULLA_S2.1_P2121_R2,2023,1,191.0,292.03999999999996,wheat,NA,NA,5367.0,NA,NA,1771.11,1288.07
1331,kinnabulla,KINNABULLA_S13_P0000_R8,2023,1,180.0,342.84259615384616,canola,NA,NA,1605.0,NA,NA,998.31,475.4674038461538
1332,kinnabulla,KINNABULLA_S9.2_P3123_R2,2023,1,160.5,163.54000000000002,wheat,NA,NA,4995.0,NA,NA,1648.35,1324.31
1333,kinnabulla,KINNABULLA_S2.2_P2121_R3,2023,1,191.0,334.03999999999996,wheat,NA,NA,4551.0,NA,NA,1501.8300000000002,976.7900000000002
1334,kinnabulla,KINNABULLA_S12_P0000_R4,2023,1,169.0,450.84259615384616,canola,NA,NA,1670.0,NA,NA,1038.74,418.89740384615385
1335,kinnabulla,KINNABULLA_S10_P2312_R1,2023,1,169.0,292.03999999999996,wheat,NA,NA,5884.0,NA,NA,1941.72,1480.68
1336,kinnabulla,KINNABULLA_S10_P1231_R3,2023,1,160.5,211.37,tillage radish,NA,NA,3557.0,NA,NA,0.0,-371.87
1337,kinnabulla,KINNABULLA_S6_P3412_R3,2023,1,169.0,292.03999999999996,wheat,NA,NA,4624.0,NA,NA,1525.92,1064.88
1338,kinnabulla,KINNABULLA_S1.2_P3123_R2,2023,1,191.0,292.03999999999996,wheat,NA,NA,5018.0,NA,NA,1655.94,1172.9
1339,kinnabulla,KINNABULLA_S1.1_P3123_R3,2023,1,169.0,212.54,wheat,NA,NA,4633.0,NA,NA,1528.89,1147.3500000000001
1340,kinnabulla,KINNABULLA_S9.2_P3123_R3,2023,1,171.5,163.54,wheat,NA,NA,4805.0,NA,NA,1585.65,1250.6100000000001
1341,kinnabulla,KINNABULLA_S11_P3123_R1,2023,1,191.0,292.03999999999996,wheat,NA,NA,6124.0,NA,NA,2020.92,1537.88
1342,kinnabulla,KINNABULLA_S6_P1234_R1,2023,1,204.5,254.77200000000002,lentil,NA,NA,1170.0,NA,NA,760.5,301.22799999999995
1343,kinnabulla,KINNABULLA_S9.1_P1231_R1,2023,1,193.5,266.22,vetch,NA,NA,1911.0,NA,NA,0.0,-459.72
1344,kinnabulla,KINNABULLA_S6_P3412_R1,2023,1,169.0,292.03999999999996,wheat,NA,NA,4735.0,NA,NA,1562.5500000000002,1101.5100000000002
1345,kinnabulla,KINNABULLA_S4_P3412_R3,2023,1,180.0,292.03999999999996,wheat,NA,NA,4772.0,NA,NA,1574.76,1102.72
1346,kinnabulla,KINNABULLA_S6_P4123_R1,2023,1,180.0,292.03999999999996,wheat,NA,NA,5775.0,NA,NA,1905.75,1433.71
1347,kinnabulla,KINNABULLA_S9.1_P1231_R3,2023,1,182.5,266.22,vetch,NA,NA,2381.0,NA,NA,0.0,-448.72
1348,kinnabulla,KINNABULLA_S1.3_P2312_R1,2023,1,180.0,334.03999999999996,wheat,NA,NA,4978.0,NA,NA,1642.74,1128.7
1349,kinnabulla,KINNABULLA_S1.2_P2312_R3,2023,1,191.0,292.03999999999996,wheat,NA,NA,4473.0,NA,NA,1476.09,993.05
1350,kinnabulla,KINNABULLA_S9.2_P2312_R3,2023,1,160.5,163.54,wheat,NA,NA,5088.0,NA,NA,1679.0400000000002,1355.0000000000002
1351,kinnabulla,KINNABULLA_S10_P1231_R2,2023,1,182.5,211.37,tillage radish,NA,NA,4740.0,NA,NA,0.0,-393.87
1352,kinnabulla,KINNABULLA_S5_P2121_R1,2023,1,169.0,282.03999999999996,barley,NA,NA,4860.0,NA,NA,1448.28,997.24
1353,kinnabulla,KINNABULLA_S8_P1231_R2,NA,NA,NA,NA,NA,NA,NA,NA,NA,NA,NA,NA
1354,kinnabulla,KINNABULLA_S1.3_P3123_R2,2023,1,191.0,334.03999999999996,wheat,NA,NA,5159.0,NA,NA,1702.47,1177.43
1355,kinnabulla,KINNABULLA_S1.2_P1231_R2,2023,1,204.5,254.77200000000002,lentil,NA,NA,1758.0,NA,NA,1142.7,683.428
1356,kinnabulla,KINNABULLA_S7_P1111_R4,2023,1,180.0,292.04,wheat,NA,NA,5229.0,NA,NA,1725.5700000000002,1253.5300000000002
1357,kinnabulla,KINNABULLA_S10_P1231_R1,2023,1,171.5,211.37,tillage radish,NA,NA,6600.0,NA,NA,0.0,-382.87
1358,kinnabulla,KINNABULLA_S14_P0000_R4,2023,1,180.0,450.84259615384616,canola,NA,NA,1423.0,NA,NA,885.106,254.26340384615384
1359,kinnabulla,KINNABULLA_S11_P1231_R1,2023,1,255.75,211.37,tillage radish,vetch,NA,2307.0,1503.0,NA,0.0,-467.12
1360,kinnabulla,KINNABULLA_S4_P1234_R1,2023,1,193.5,254.77200000000002,lentil,NA,NA,1186.0,NA,NA,770.9,322.62799999999993
1361,kinnabulla,KINNABULLA_S14_P0000_R8,2023,1,169.0,450.84259615384616,canola,NA,NA,1485.0,NA,NA,923.67,303.8274038461538
1362,kinnabulla,KINNABULLA_S1.2_P1231_R1,2023,1,204.5,254.77200000000002,lentil,NA,NA,1654.0,NA,NA,1075.1,615.8279999999999
1363,kinnabulla,KINNABULLA_S10_P2312_R2,2023,1,169.0,292.03999999999996,wheat,NA,NA,4764.0,NA,NA,1572.12,1111.08
1364,kinnabulla,KINNABULLA_S9.2_P3123_R1,2023,1,171.5,163.54000000000002,wheat,NA,NA,5760.0,NA,NA,1900.8,1565.76
1365,kinnabulla,KINNABULLA_S5_P2121_R3,2023,1,180.0,282.04,barley,NA,NA,4054.0,NA,NA,1208.092,746.0520000000001
1366,kinnabulla,KINNABULLA_S1.1_P2312_R2,2023,1,180.0,212.54,wheat,NA,NA,4665.0,NA,NA,1539.45,1146.91
1367,kinnabulla,KINNABULLA_S4_P4123_R2,2023,1,180.0,292.03999999999996,wheat,NA,NA,4872.0,NA,NA,1607.76,1135.72
1368,kinnabulla,KINNABULLA_S7_P1111_R3,2023,1,191.0,292.03999999999996,wheat,NA,NA,4902.0,NA,NA,1617.66,1134.6200000000001
1369,kinnabulla,KINNABULLA_S11_P2312_R1,2023,1,191.0,292.03999999999996,wheat,NA,NA,4729.0,NA,NA,1560.5700000000002,1077.5300000000002
1370,kinnabulla,KINNABULLA_S12_P0000_R2,2023,1,169.0,450.84259615384616,canola,NA,NA,1658.0,NA,NA,1031.276,411.4334038461539
1371,kinnabulla,KINNABULLA_S14_P0000_R3,2023,1,169.0,450.84259615384616,canola,NA,NA,2093.0,NA,NA,1301.846,682.0034038461538
1372,kinnabulla,KINNABULLA_S4_P3412_R2,2023,1,169.0,292.03999999999996,wheat,NA,NA,4999.0,NA,NA,1649.67,1188.63
1373,kinnabulla,KINNABULLA_S9.2_P1231_R2,2023,1,171.5,248.22000000000003,vetch,NA,NA,3551.0,NA,NA,0.0,-419.72
1374,kinnabulla,KINNABULLA_S1.3_P1231_R2,2023,1,204.5,254.77200000000002,lentil,NA,NA,1572.0,NA,NA,1021.8,562.5279999999999
1375,kinnabulla,KINNABULLA_S3_P3123_R3,2023,1,169.0,292.03999999999996,wheat,NA,NA,4656.0,NA,NA,1536.48,1075.44
1376,kinnabulla,KINNABULLA_S7_P1111_R5,2023,1,180.0,292.03999999999996,wheat,NA,NA,5042.0,NA,NA,1663.86,1191.82
1377,kinnabulla,KINNABULLA_S12_P0000_R8,2023,1,169.0,450.84259615384616,canola,NA,NA,1569.0,NA,NA,975.918,356.07540384615385
1378,kinnabulla,KINNABULLA_S12_P0000_R5,2023,1,169.0,450.8425961538461,canola,NA,NA,1395.0,NA,NA,867.6899999999999,247.84740384615384
1379,kinnabulla,KINNABULLA_S3_P1231_R2,2023,1,182.5,254.77200000000002,lentil,NA,NA,1348.0,NA,NA,876.2,438.928
1380,kinnabulla,KINNABULLA_S1.1_P3123_R2,2023,1,180.0,212.54,wheat,NA,NA,4633.0,NA,NA,1528.89,1136.3500000000001
1381,kinnabulla,KINNABULLA_S9.2_P2312_R1,2023,1,160.5,163.54,wheat,NA,NA,5403.0,NA,NA,1782.99,1458.95
1382,kinnabulla,KINNABULLA_S12_P0000_R9,2023,1,180.0,450.8425961538461,canola,NA,NA,1251.0,NA,NA,778.122,147.27940384615385
1383,kinnabulla,KINNABULLA_S1.2_P2312_R1,2023,1,180.0,292.03999999999996,wheat,NA,NA,5177.0,NA,NA,1708.41,1236.3700000000001
1384,kinnabulla,KINNABULLA_S6_P2341_R1,2023,1,180.0,292.03999999999996,wheat,NA,NA,5665.0,NA,NA,1869.45,1397.41
1385,kinnabulla,KINNABULLA_S2.1_P2121_R1,2023,1,180.0,292.03999999999996,wheat,NA,NA,5631.0,NA,NA,1858.23,1386.19
1386,kinnabulla,KINNABULLA_S4_P2341_R1,2023,1,169.0,450.84259615384616,canola,NA,NA,1733.0,NA,NA,1077.926,458.0834038461538
1387,kinnabulla,KINNABULLA_S2.2_P2121_R1,2023,1,180.0,334.04,wheat,NA,NA,5126.0,NA,NA,1691.5800000000002,1177.5400000000002
1388,kinnabulla,KINNABULLA_S9.1_P2312_R2,2023,1,171.5,163.54000000000002,wheat,NA,NA,5121.0,NA,NA,1689.93,1354.89
1389,kinnabulla,KINNABULLA_S1.1_P1231_R3,2023,1,193.5,254.77200000000002,lentil,NA,NA,1414.0,NA,NA,919.1,470.828
1390,kinnabulla,KINNABULLA_S14_P0000_R7,2023,1,169.0,450.8425961538461,canola,NA,NA,1311.0,NA,NA,815.442,195.5994038461539
1391,kinnabulla,KINNABULLA_S9.2_P1231_R1,2023,1,182.5,248.22000000000003,vetch,NA,NA,2601.0,NA,NA,0.0,-430.72
1392,kinnabulla,KINNABULLA_S11_P3123_R2,2023,1,180.0,292.03999999999996,wheat,NA,NA,4811.0,NA,NA,1587.63,1115.5900000000001
1393,kinnabulla,KINNABULLA_S6_P1234_R3,2023,1,193.5,254.77200000000002,lentil,NA,NA,1550.0,NA,NA,1007.5,559.228
1394,kinnabulla,KINNABULLA_S13_P0000_R3,2023,1,169.0,342.84259615384616,canola,NA,NA,1635.0,NA,NA,1016.97,505.12740384615387
1395,kinnabulla,KINNABULLA_S1.3_P1231_R1,2023,1,204.5,254.77200000000002,lentil,NA,NA,945.0,NA,NA,614.25,154.97799999999998
1396,kinnabulla,KINNABULLA_S1.2_P3123_R1,2023,1,180.0,292.03999999999996,wheat,NA,NA,5705.0,NA,NA,1882.65,1410.6100000000001
1397,kinnabulla,KINNABULLA_S13_P0000_R9,2023,1,169.0,342.84259615384616,canola,NA,NA,1465.0,NA,NA,911.23,399.38740384615386
1398,kinnabulla,KINNABULLA_S10_P3123_R1,2023,1,191.0,292.03999999999996,wheat,NA,NA,5888.0,NA,NA,1943.04,1460.0
1399,kinnabulla,KINNABULLA_S4_P3412_R1,2023,1,180.0,292.03999999999996,wheat,NA,NA,5332.0,NA,NA,1759.5600000000002,1287.5200000000002
1400,kinnabulla,KINNABULLA_S1.1_P1231_R2,2023,1,204.5,254.77200000000002,lentil,NA,NA,1619.0,NA,NA,1052.35,593.0779999999999
1401,kinnabulla,KINNABULLA_S1.3_P3123_R1,2023,1,191.0,334.03999999999996,wheat,NA,NA,5649.0,NA,NA,1864.17,1339.13
1402,kinnabulla,KINNABULLA_S10_P3123_R2,2023,1,191.0,292.03999999999996,wheat,NA,NA,5600.0,NA,NA,1848.0,1364.96
1403,kinnabulla,KINNABULLA_S9.1_P2312_R3,2023,1,160.5,163.54,wheat,NA,NA,4856.0,NA,NA,1602.48,1278.44
1404,kinnabulla,KINNABULLA_S8_P3123_R1,2023,1,169.0,292.03999999999996,wheat,NA,NA,4969.0,NA,NA,1639.77,1178.73
1405,kinnabulla,KINNABULLA_S5_P1212_R3,2023,1,193.5,254.77200000000002,lentil,NA,NA,1479.0,NA,NA,961.35,513.078
1406,kinnabulla,KINNABULLA_S4_P2341_R2,2023,1,180.0,450.84259615384616,canola,NA,NA,1567.0,NA,NA,974.674,343.8314038461538
1407,kinnabulla,KINNABULLA_S14_P0000_R2,2023,1,169.0,450.84259615384616,canola,NA,NA,1933.0,NA,NA,1202.326,582.4834038461538
1408,kinnabulla,KINNABULLA_S8_P1231_R1,NA,NA,NA,NA,NA,NA,NA,NA,NA,NA,NA,NA
1409,kinnabulla,KINNABULLA_S1.1_P2312_R3,2023,1,191.0,212.54000000000002,wheat,NA,NA,4698.0,NA,NA,1550.34,1146.8
1410,kinnabulla,KINNABULLA_S6_P2341_R3,2023,1,169.0,292.03999999999996,wheat,NA,NA,4706.0,NA,NA,1552.98,1091.94
1411,kinnabulla,KINNABULLA_S8_P2312_R2,2023,1,169.0,292.03999999999996,wheat,NA,NA,4989.0,NA,NA,1646.37,1185.33
1412,kinnabulla,KINNABULLA_S12_P0000_R1,2023,1,169.0,450.84259615384616,canola,NA,NA,1713.0,NA,NA,1065.486,445.64340384615394
1413,kinnabulla,KINNABULLA_S1.3_P1231_R3,2023,1,204.5,254.77200000000002,lentil,NA,NA,1121.0,NA,NA,728.65,269.37799999999993
1414,kinnabulla,KINNABULLA_S8_P1231_R3,NA,NA,NA,NA,NA,NA,NA,NA,NA,NA,NA,NA
1415,kinnabulla,KINNABULLA_S2.2_P1212_R3,2023,1,182.5,254.77200000000002,lentil,NA,NA,1209.0,NA,NA,785.85,348.578
1416,kinnabulla,KINNABULLA_S2.1_P1212_R1,2023,1,204.5,254.77200000000002,lentil,NA,NA,1306.0,NA,NA,848.9,389.62799999999993
1417,kinnabulla,KINNABULLA_S3_P2312_R1,2023,1,193.5,254.77200000000002,lentil,NA,NA,1669.0,NA,NA,1084.85,636.5779999999999
1418,kinnabulla,KINNABULLA_S1.3_P2312_R3,2023,1,180.0,334.04,wheat,NA,NA,4358.0,NA,NA,1438.14,924.1000000000001
1419,kinnabulla,KINNABULLA_S6_P2341_R2,2023,1,169.0,292.03999999999996,wheat,NA,NA,4926.0,NA,NA,1625.5800000000002,1164.5400000000002
1420,kinnabulla,KINNABULLA_S9.1_P2312_R1,2023,1,171.5,163.54000000000002,wheat,NA,NA,5501.0,NA,NA,1815.33,1480.29
1421,kinnabulla,KINNABULLA_S12_P0000_R6,2023,1,180.0,450.84259615384616,canola,NA,NA,1619.0,NA,NA,1007.018,376.17540384615387
1422,kinnabulla,KINNABULLA_S14_P0000_R5,2023,1,180.0,450.8425961538461,canola,NA,NA,1619.0,NA,NA,1007.018,376.1754038461539
1423,kinnabulla,KINNABULLA_S7_P1111_R1,2023,1,191.0,292.03999999999996,wheat,NA,NA,5346.0,NA,NA,1764.18,1281.14
1424,kinnabulla,KINNABULLA_S1.1_P2312_R1,2023,1,191.0,212.54000000000002,wheat,NA,NA,5237.0,NA,NA,1728.21,1324.67
