,site,plot,year,annual_plot_operational_costs_dollars,annual_plot_material_input_costs_dollars,annual_plot_revenue_dollars,annual_plot_gross_margin_dollars
0,hart,HART_S2.3_P0000_R3,2024,213.0,220.76499213000002,360.1926,-73.57239213
1,hart,HART_S2.3_P0000_R3,2023,202.0,285.75834999999995,1222.98,735.2216500000001
2,hart,HART_S4.3_P4123_R3,2024,204.5,280.32439999999997,794.3000000000001,309.4756000000001
3,hart,HART_S4.3_P4123_R3,2023,202.0,258.75835000000006,1142.234,681.4756499999999
4,hart,HART_S4.3_P2341_R2,2024,221.5,312.07172099999997,14.928,-518.6437209999999
5,hart,HART_S4.3_P2341_R2,2023,202.0,259.75834999999995,859.6500000000001,397.89165000000014
6,hart,HART_S6_P4123_R2,2024,204.5,280.3244,519.35,34.5256
7,hart,HART_S6_P4123_R2,2023,202.0,235.75835,1082.932,645.17365
8,hart,HART_S1.3_BUFFER_R2,2024,11.0,114.0,0.0,-125.0
9,hart,HART_S4.3_P3412_R1,2024,213.0,243.27791397000001,19.966,-436.31191397
10,hart,HART_S4.3_P3412_R1,2023,213.0,249.5018,359.516,-102.98579999999998
11,hart,HART_S10.2_BUFFER_R3,2024,11.0,114.0,0.0,-125.0
12,hart,HART_S1.1_P3123_R1,2024,204.5,280.3244,453.05,-31.774400000000014
13,hart,HART_S1.1_P3123_R1,2023,202.0,235.75835,1053.728,615.96965
14,hart,HART_S1.2_P1231_R1,2024,213.0,240.61067411000002,689.37,235.75932588999999
15,hart,HART_S1.2_P1231_R1,2023,204.5,222.5193,804.0500000000001,377.0307000000001
16,hart,HART_S10.3_P3123_R1,2024,202.0,285.12695128,216.456,-270.67095128000005
17,hart,HART_S10.3_P3123_R1,2023,202.0,235.75835,1287.062,849.3036499999998
18,hart,HART_S10.2_P1231_R1,2024,213.0,288.74418625,342.54,-159.20418624999996
19,hart,HART_S10.2_P1231_R1,2023,204.5,227.7693,911.618,479.34870000000006
20,hart,HART_S10.2_P3123_R3,2024,202.0,264.42584117,166.488,-299.93784117
21,hart,HART_S10.2_P3123_R3,2023,202.0,213.25835,1258.156,842.8976499999999
22,hart,HART_S10.1_P2312_R2,2024,213.0,231.16680829999999,235.718,-208.4488083
23,hart,HART_S10.1_P2312_R2,2023,193.5,190.25835,927.3,543.5416499999999
24,hart,HART_S3_P4123_R2,2024,204.5,280.3244,605.8000000000001,120.97560000000004
25,hart,HART_S3_P4123_R2,2023,202.0,235.75835,985.188,547.42965
26,hart,HART_S1.2_P3123_R2,2024,204.5,280.3244,383.5,-101.32440000000003
27,hart,HART_S1.2_P3123_R2,2023,202.0,235.75834999999998,1005.154,567.39565
28,hart,HART_S9_P1234_R3,2024,221.5,273.51599999999996,209.614,-285.40199999999993
29,hart,HART_S9_P1234_R3,2023,204.5,235.9362,0.0,-440.4362
30,hart,HART_S10.1_P3123_R2,2024,193.5,241.29500000000002,502.428,67.63299999999998
31,hart,HART_S10.1_P3123_R2,2023,193.5,190.25835,1044.788,661.02965
32,hart,HART_S10.1_P2312_R3,2024,213.0,231.16680829999999,328.992,-115.17480829999997
33,hart,HART_S10.1_P2312_R3,2023,193.5,190.25835,869.88,486.12165
34,hart,HART_S1.3_P2312_R1,2024,213.0,268.85439999999994,40.23,-441.6243999999999
35,hart,HART_S1.3_P2312_R1,2023,202.0,259.75835,1148.4,686.64165
36,hart,HART_S4.2_BUFFER_R1,2024,11.0,152.0,0.0,-163.0
37,hart,HART_S1.1_P2312_R1,2024,213.0,243.85440000000003,203.236,-253.61840000000004
38,hart,HART_S1.1_P2312_R1,2023,202.0,246.75835,1097.91,649.15165
39,hart,HART_S4.2_P2341_R1,2024,221.5,275.424870683,120.668,-376.256870683
40,hart,HART_S4.2_P2341_R1,2023,202.0,246.75834999999998,830.94,382.1816500000001
41,hart,HART_S3_P3412_R1,2024,213.0,193.85440000000003,766.754,359.89959999999996
42,hart,HART_S3_P3412_R1,2023,204.5,222.5193,1044.55,617.5307
43,hart,HART_S4.1_P2341_R1,2024,221.5,292.733718125,88.946,-425.28771812499997
44,hart,HART_S4.1_P2341_R1,2023,202.0,225.25834999999998,903.54,476.28165
45,hart,HART_S5_BUFFER_R2,2024,11.0,114.0,0.0,-125.0
46,hart,HART_S5_P0000_R7,2024,204.5,276.4444,0.0,-480.9444
47,hart,HART_S5_P0000_R7,2023,204.5,222.5193,1142.7,715.6807000000001
48,hart,HART_S7_P4123_R1,2024,204.5,280.3244,367.25,-117.57440000000003
49,hart,HART_S7_P4123_R1,2023,202.0,235.75835,1335.934,898.1756499999999
50,hart,HART_S6_P3412_R2,2024,213.0,209.85777473,298.0,-124.85777472999999
51,hart,HART_S6_P3412_R2,2023,202.0,246.75835,983.07,534.3116500000001
52,hart,HART_S1.3_P2312_R2,2024,213.0,268.85439999999994,209.196,-272.6583999999999
53,hart,HART_S1.3_P2312_R2,2023,202.0,259.75835,912.12,450.36165
54,hart,HART_S1.2_P1231_R3,2024,213.0,240.61067411000002,509.19,55.57932588999998
55,hart,HART_S1.2_P1231_R3,2023,204.5,222.5193,1082.25,655.2307000000001
56,hart,HART_S9_P4123_R3,2024,193.5,177.03,0.0,-370.53
57,hart,HART_S9_P4123_R3,2023,202.0,235.75835,1281.102,843.34365
58,hart,HART_S10.1_BUFFER_R1,2024,11.0,114.0,0.0,-125.0
59,hart,HART_S4.2_P1234_R1,2024,213.0,261.8246765,296.01,-178.81467650000002
60,hart,HART_S4.2_P1234_R1,2023,204.5,222.5193,1190.8,763.7807
61,hart,HART_S6_P1234_R1,2024,221.5,273.516,348.32,-146.69600000000003
62,hart,HART_S6_P1234_R1,2023,204.5,222.5193,928.2,501.18070000000006
63,hart,HART_S6_P3412_R1,2024,213.0,209.85777473,259.26,-163.59777473
64,hart,HART_S6_P3412_R1,2023,202.0,246.75834999999998,1185.69,736.9316500000001
65,hart,HART_S10.3_P1231_R2,2024,213.0,270.17947586,291.39,-191.78947586000004
66,hart,HART_S10.3_P1231_R2,2023,204.5,227.7693,842.056,409.78670000000005
67,hart,HART_S2.2_BUFFER_R2,2024,11.0,38.0,0.0,-49.0
68,hart,HART_S7_P2341_R2,2024,213.0,267.62819831499996,533.94,53.31180168500009
69,hart,HART_S7_P2341_R2,2023,204.5,209.9862,713.482,298.9958
70,hart,HART_S2.2_P0000_R1,2024,213.0,220.41727117500002,441.1592,7.741928824999974
71,hart,HART_S2.2_P0000_R1,2023,202.0,264.25834999999995,1190.64,724.3816500000001
72,hart,HART_S4.1_P2341_R3,2024,221.5,292.73371812500005,69.664,-444.56971812500007
73,hart,HART_S4.1_P2341_R3,2023,202.0,225.25835,1084.38,657.12165
74,hart,HART_S3_P2341_R1,2024,204.5,280.3244,470.6,-14.224400000000003
75,hart,HART_S3_P2341_R1,2023,202.0,246.75835,1028.61,579.8516499999998
76,hart,HART_S10.1_P2312_R1,2024,213.0,231.16680829999999,474.118,29.95119170000001
77,hart,HART_S10.1_P2312_R1,2023,193.5,190.25835,858.0,474.24165
78,hart,HART_S3_BUFFER_R2,2024,11.0,152.0,0.0,-163.0
79,hart,HART_S10.3_P2312_R2,2024,213.0,232.978155215,473.82,27.841844785000006
80,hart,HART_S10.3_P2312_R2,2023,202.0,246.75835,989.67,540.91165
81,hart,HART_S4.3_P1234_R2,2024,213.0,293.72250499999996,589.38,82.65749500000004
82,hart,HART_S4.3_P1234_R2,2023,204.5,222.5193,1151.15,724.1307000000002
83,hart,HART_S4.3_P4123_R2,2024,204.5,280.3244,516.1,31.275599999999997
84,hart,HART_S4.3_P4123_R2,2023,202.0,258.75835,1005.154,544.3956499999999
85,hart,HART_S1.3_P1231_R1,2024,213.0,281.052,74.91,-419.14200000000005
86,hart,HART_S1.3_P1231_R1,2023,204.5,222.5193,998.4,571.3806999999999
87,hart,HART_S9_BUFFER_R2,2024,11.0,152.0,0.0,-163.0
88,hart,HART_S4.3_P1234_R3,2024,213.0,293.72250499999996,786.0600000000001,279.3374950000001
89,hart,HART_S4.3_P1234_R3,2023,204.5,222.5193,1160.9,733.8807000000002
90,hart,HART_S2.1_BUFFER_R1,2024,11.0,38.0,0.0,-49.0
91,hart,HART_S8_P3412_R3,2024,213.0,294.61117314999996,444.84,-62.77117314999998
92,hart,HART_S8_P3412_R3,2023,202.0,235.75835,1186.636,748.8776499999999
93,hart,HART_S10.3_P3123_R3,2024,202.0,285.12695127999996,435.73,-51.39695127999994
94,hart,HART_S10.3_P3123_R3,2023,202.0,235.75835,974.46,536.70165
95,hart,HART_S10.1_P3123_R1,2024,193.5,241.295,363.124,-71.67099999999996
96,hart,HART_S10.1_P3123_R1,2023,193.5,190.25835,1326.696,942.9376499999998
97,hart,HART_S6_P3412_R3,2024,213.0,209.85777473,527.7579999999999,104.90022526999994
98,hart,HART_S6_P3412_R3,2023,202.0,246.75834999999998,852.72,403.9616500000001
99,hart,HART_S2.2_P0000_R2,2024,213.0,220.41727117500002,502.726,69.30872882499997
100,hart,HART_S2.2_P0000_R2,2023,202.0,264.25834999999995,950.73,484.47165000000007
101,hart,HART_S1.1_BUFFER_R2,2024,11.0,114.0,0.0,-125.0
102,hart,HART_S1.3_P1231_R3,2024,213.0,281.052,529.65,35.597999999999956
103,hart,HART_S1.3_P1231_R3,2023,204.5,222.5193,810.5500000000001,383.5307000000001
104,hart,HART_S2.3_BUFFER_R1,2024,11.0,38.0,0.0,-49.0
105,hart,HART_S2.1_P0000_R3,2024,213.0,221.213910535,481.3296,47.11568946500003
106,hart,HART_S2.1_P0000_R3,2023,202.0,238.25834999999998,1432.2,991.9416500000001
107,hart,HART_S7_P1234_R1,2024,204.5,267.7944,260.678,-211.6164
108,hart,HART_S7_P1234_R1,2023,204.5,222.5193,1196.0,768.9807000000001
109,hart,HART_S9_P3412_R3,2024,213.0,258.68351425000003,323.032,-148.65151425000005
110,hart,HART_S9_P3412_R3,2023,202.0,246.75835,1008.15,559.39165
111,hart,HART_S1.3_BUFFER_R3,2024,11.0,114.0,0.0,-125.0
112,hart,HART_S4.2_P4123_R2,2024,204.5,280.3244,466.7,-18.124400000000037
113,hart,HART_S4.2_P4123_R2,2023,202.0,235.75835,1035.55,597.7916499999999
114,hart,HART_S1.2_P2312_R1,2024,213.0,218.720449485,78.076,-353.644449485
115,hart,HART_S1.2_P2312_R1,2023,202.0,246.75835,1072.5,623.7416499999999
116,hart,HART_S4.1_P3412_R2,2024,213.0,242.75806106500002,110.856,-344.902061065
117,hart,HART_S4.1_P3412_R2,2023,213.0,215.0018,334.014,-93.9878
118,hart,HART_S4.1_P1234_R3,2024,213.0,252.75948176,728.97,263.21051824000006
119,hart,HART_S4.1_P1234_R3,2023,204.5,222.5193,1137.5,710.4807000000001
120,hart,HART_S10.3_P1231_R3,2024,213.0,270.17947586,367.9500000000001,-115.22947585999992
121,hart,HART_S10.3_P1231_R3,2023,204.5,227.7693,938.976,506.7067
122,hart,HART_S8_P2341_R2,2024,213.0,236.84890383,216.05,-233.79890383
123,hart,HART_S8_P2341_R2,2023,202.0,246.75835,851.07,402.31165000000004
124,hart,HART_S10.2_P1231_R3,2024,213.0,288.74418625,269.94,-231.80418625
125,hart,HART_S10.2_P1231_R3,2023,204.5,227.7693,836.6500000000001,404.3807000000001
126,hart,HART_S8_P3412_R2,2024,213.0,294.61117314999996,475.2000000000001,-32.411173149999854
127,hart,HART_S8_P3412_R2,2023,202.0,235.75834999999998,1116.308,678.54965
128,hart,HART_S2.2_BUFFER_R3,2024,11.0,38.0,0.0,-49.0
129,hart,HART_S5_P0000_R3,2024,204.5,276.44440000000003,0.0,-480.94440000000003
130,hart,HART_S5_P0000_R3,2023,204.5,222.5193,984.75,557.7307000000001
131,hart,HART_S2.3_P0000_R1,2024,213.0,220.76499213000002,121.7926,-311.97239213
132,hart,HART_S2.3_P0000_R1,2023,202.0,285.75835,1461.24,973.48165
133,hart,HART_S3_P3412_R3,2024,213.0,193.85440000000003,576.928,170.07359999999997
134,hart,HART_S3_P3412_R3,2023,204.5,222.5193,881.4,454.3807
135,hart,HART_S4.2_P4123_R1,2024,204.5,280.32439999999997,489.45,4.62560000000002
136,hart,HART_S4.2_P4123_R1,2023,202.0,235.75835,1000.386,562.6276499999999
137,hart,HART_S10.3_BUFFER_R3,2024,11.0,114.0,0.0,-125.0
138,hart,HART_S2.1_BUFFER_R3,2024,11.0,38.0,0.0,-49.0
139,hart,HART_S7_BUFFER_R2,2024,11.0,152.0,0.0,-163.0
140,hart,HART_S10.2_P2312_R1,2024,213.0,219.97245029500002,63.474,-369.498450295
141,hart,HART_S10.2_P2312_R1,2023,202.0,218.75835,1246.41,825.65165
142,hart,HART_S4.3_P3412_R2,2024,213.0,243.27791397000001,79.566,-376.71191397
143,hart,HART_S4.3_P3412_R2,2023,213.0,249.50179999999997,416.74,-45.761799999999965
144,hart,HART_S7_BUFFER_R3,2024,11.0,152.0,0.0,-163.0
145,hart,HART_S5_P0000_R4,2024,204.5,276.4444,0.0,-480.9444
146,hart,HART_S5_P0000_R4,2023,204.5,222.5193,951.6,524.5807
147,hart,HART_S6_P1234_R2,2024,221.5,273.516,3.11,-491.906
148,hart,HART_S6_P1234_R2,2023,204.5,222.5193,877.5,450.4807
149,hart,HART_S1.1_P2312_R2,2024,213.0,243.85439999999997,373.096,-83.75839999999997
150,hart,HART_S1.1_P2312_R2,2023,202.0,246.75835,984.72,535.96165
151,hart,HART_S1.3_P3123_R1,2024,204.5,280.3244,438.75,-46.074400000000026
152,hart,HART_S1.3_P3123_R1,2023,202.0,258.75835,1085.912,625.15365
153,hart,HART_S7_P1234_R2,2024,204.5,267.7944,348.623,-123.6714
154,hart,HART_S7_P1234_R2,2023,204.5,222.5193,937.95,510.93070000000006
155,hart,HART_S4.1_P3412_R1,2024,213.0,242.75806106500002,4.172,-451.586061065
156,hart,HART_S4.1_P3412_R1,2023,213.0,215.0018,652.478,224.47619999999995
157,hart,HART_S1.1_BUFFER_R3,2024,11.0,114.0,0.0,-125.0
158,hart,HART_S2.1_P0000_R1,2024,213.0,221.213910535,62.8482,-371.365710535
159,hart,HART_S2.1_P0000_R1,2023,202.0,238.25835,1337.16,896.90165
160,hart,HART_S1.2_P3123_R3,2024,204.5,280.32439999999997,525.2,40.37560000000008
161,hart,HART_S1.2_P3123_R3,2023,202.0,235.75835,1191.106,753.3476499999999
162,hart,HART_S4.1_P1234_R2,2024,213.0,252.75948176,497.64,31.880518239999986
163,hart,HART_S4.1_P1234_R2,2023,204.5,222.5193,821.6,394.58070000000004
164,hart,HART_S10.2_P1231_R2,2024,213.0,288.74418625,458.7000000000001,-43.04418624999988
165,hart,HART_S10.2_P1231_R2,2023,204.5,227.7693,828.686,396.41670000000005
166,hart,HART_S4.3_P3412_R3,2024,213.0,243.27791397000001,95.658,-360.61991397
167,hart,HART_S4.3_P3412_R3,2023,213.0,249.5018,350.186,-112.31580000000002
168,hart,HART_S10.2_P2312_R3,2024,213.0,219.97245029500002,512.56,79.58754970499993
169,hart,HART_S10.2_P2312_R3,2023,202.0,218.75835,950.73,529.97165
170,hart,HART_S3_P4123_R3,2024,204.5,280.3244,234.0,-250.82440000000003
171,hart,HART_S3_P4123_R3,2023,202.0,235.75834999999998,1180.378,742.61965
172,hart,HART_S6_P4123_R3,2024,204.5,280.32439999999997,383.5,-101.32439999999997
173,hart,HART_S6_P4123_R3,2023,202.0,235.75834999999998,1207.794,770.0356500000001
174,hart,HART_S10.1_P1231_R2,2024,213.0,266.395073865,317.13,-162.26507386499998
175,hart,HART_S10.1_P1231_R2,2023,204.5,227.7693,1017.254,584.9847
176,hart,HART_S2.3_BUFFER_R3,2024,11.0,38.0,0.0,-49.0
177,hart,HART_S7_P4123_R2,2024,204.5,280.3244,504.4,19.57559999999995
178,hart,HART_S7_P4123_R2,2023,202.0,235.75834999999998,963.732,525.97365
179,hart,HART_S10.2_P2312_R2,2024,213.0,219.97245029500002,332.27,-100.70245029500003
180,hart,HART_S10.2_P2312_R2,2023,202.0,218.75835,940.83,520.0716500000001
181,hart,HART_S9_P3412_R1,2024,213.0,258.68351425000003,119.498,-352.18551425000004
182,hart,HART_S9_P3412_R1,2023,202.0,246.75835,1082.4,633.64165
183,hart,HART_S3_P2341_R2,2024,204.5,280.32439999999997,404.3,-80.52439999999996
184,hart,HART_S3_P2341_R2,2023,202.0,246.75835,891.6600000000001,442.9016500000001
185,hart,HART_S4.1_BUFFER_R1,2024,11.0,152.0,0.0,-163.0
186,hart,HART_S8_P4123_R1,2024,204.5,280.3244,438.75,-46.074400000000026
187,hart,HART_S8_P4123_R1,2023,202.0,246.75835,1116.39,667.63165
188,hart,HART_S9_P4123_R1,2024,193.5,177.03,0.0,-370.53
189,hart,HART_S9_P4123_R1,2023,202.0,235.75835,1102.6,664.8416499999998
190,hart,HART_S7_P4123_R3,2024,204.5,280.3244,438.75,-46.074400000000026
191,hart,HART_S7_P4123_R3,2023,202.0,235.75835,1130.0159999999998,692.2576499999998
192,hart,HART_S3_P3412_R2,2024,213.0,193.85440000000003,605.834,198.97959999999992
193,hart,HART_S3_P3412_R2,2023,204.5,222.5193,1014.65,587.6306999999999
194,hart,HART_S4.3_BUFFER_R2,2024,11.0,152.0,0.0,-163.0
195,hart,HART_S1.2_P2312_R3,2024,213.0,218.720449485,216.646,-215.074449485
196,hart,HART_S1.2_P2312_R3,2023,202.0,246.75835,1033.56,584.8016499999999
197,hart,HART_S2.1_P0000_R2,2024,213.0,221.213910535,614.1482,179.93428946499998
198,hart,HART_S2.1_P0000_R2,2023,202.0,238.25834999999998,1032.57,592.31165
199,hart,HART_S1.3_BUFFER_R1,2024,11.0,114.0,0.0,-125.0
200,hart,HART_S9_P2341_R2,2024,213.0,259.59511175,215.82,-256.77511175
201,hart,HART_S9_P2341_R2,2023,213.0,236.5018,289.852,-159.64980000000003
202,hart,HART_S4.2_BUFFER_R2,2024,11.0,152.0,0.0,-163.0
203,hart,HART_S6_BUFFER_R3,2024,11.0,152.0,0.0,-163.0
204,hart,HART_S7_P3412_R1,2024,213.0,252.90329390000002,72.712,-393.1912939
205,hart,HART_S7_P3412_R1,2023,202.0,246.75835,1249.71,800.95165
206,hart,HART_S8_BUFFER_R3,2024,11.0,190.0,0.0,-201.0
207,hart,HART_S4.1_BUFFER_R2,2024,11.0,152.0,0.0,-163.0
208,hart,HART_S10.3_P1231_R1,2024,213.0,270.17947586,303.6,-179.57947586
209,hart,HART_S10.3_P1231_R1,2023,204.5,227.7693,922.236,489.9667
210,hart,HART_S1.2_P2312_R2,2024,213.0,218.720449485,151.98,-279.740449485
211,hart,HART_S1.2_P2312_R2,2023,202.0,246.75835,947.43,498.67164999999994
212,hart,HART_S9_P2341_R1,2024,213.0,259.59511175,301.95,-170.64511175
213,hart,HART_S9_P2341_R1,2023,213.0,236.50179999999997,490.136,40.63420000000005
214,hart,HART_S10.3_P2312_R1,2024,213.0,232.978155215,411.24,-34.73815521499998
215,hart,HART_S10.3_P2312_R1,2023,202.0,246.75835,923.67,474.91164999999995
216,hart,HART_S4.2_P1234_R2,2024,213.0,261.8246765,454.74,-20.0846765
217,hart,HART_S4.2_P1234_R2,2023,204.5,222.5193,758.5500000000001,331.5307000000001
218,hart,HART_S3_BUFFER_R3,2024,11.0,152.0,0.0,-163.0
219,hart,HART_S4.3_BUFFER_R3,2024,11.0,152.0,0.0,-163.0
220,hart,HART_S4.2_P3412_R2,2024,213.0,217.28229034,120.094,-310.18829034
221,hart,HART_S4.2_P3412_R2,2023,213.0,236.5018,356.406,-93.0958
222,hart,HART_S4.3_BUFFER_R1,2024,11.0,152.0,0.0,-163.0
223,hart,HART_S8_P4123_R2,2024,204.5,280.32439999999997,440.05,-44.77439999999996
224,hart,HART_S8_P4123_R2,2023,202.0,246.75834999999998,898.59,449.8316500000001
225,hart,HART_S6_P2341_R1,2024,213.0,227.60315159,225.06,-215.54315159
226,hart,HART_S6_P2341_R1,2023,213.0,236.50179999999997,311.0,-138.50179999999997
227,hart,HART_S9_BUFFER_R1,2024,11.0,152.0,0.0,-163.0
228,hart,HART_S3_P2341_R3,2024,204.5,280.3244,630.5,145.67559999999997
229,hart,HART_S3_P2341_R3,2023,202.0,246.75835,1047.09,598.3316499999999
230,hart,HART_S5_P0000_R6,2024,204.5,276.44440000000003,0.0,-480.94440000000003
231,hart,HART_S5_P0000_R6,2023,204.5,222.5193,1340.3,913.2807
232,hart,HART_S5_P0000_R9,2024,204.5,276.4444,0.0,-480.9444
233,hart,HART_S5_P0000_R9,2023,204.5,222.5193,787.15,360.1307
234,hart,HART_S4.1_P3412_R3,2024,213.0,242.75806106500002,160.32399999999998,-295.43406106500004
235,hart,HART_S4.1_P3412_R3,2023,213.0,215.00179999999997,436.022,8.020200000000017
236,hart,HART_S9_P1234_R2,2024,221.5,273.516,102.008,-393.00800000000004
237,hart,HART_S9_P1234_R2,2023,204.5,235.93619999999996,0.0,-440.4362
238,hart,HART_S4.2_P1234_R3,2024,213.0,261.8246765,661.98,187.1553235
239,hart,HART_S4.2_P1234_R3,2023,204.5,222.5193,1250.6,823.5807
240,hart,HART_S1.2_BUFFER_R2,2024,11.0,114.0,0.0,-125.0
241,hart,HART_S9_P2341_R3,2024,213.0,259.59511175,257.73,-214.86511174999998
242,hart,HART_S9_P2341_R3,2023,213.0,236.50180000000003,388.128,-61.373800000000045
243,hart,HART_S6_P1234_R3,2024,221.5,273.51599999999996,427.314,-67.70199999999994
244,hart,HART_S6_P1234_R3,2023,204.5,222.5193,1212.9,785.8807000000002
245,hart,HART_S10.2_P3123_R1,2024,202.0,264.42584117,286.56,-179.86584117
246,hart,HART_S10.2_P3123_R1,2023,202.0,213.25835,1319.246,903.98765
247,hart,HART_S5_P0000_R8,2024,204.5,276.44440000000003,0.0,-480.94440000000003
248,hart,HART_S5_P0000_R8,2023,204.5,222.5193,817.7,390.68070000000006
249,hart,HART_S8_P1234_R2,2024,213.0,252.29387340500003,698.2800000000001,232.98612659500006
250,hart,HART_S8_P1234_R2,2023,204.5,222.5193,931.45,504.43070000000006
251,hart,HART_S7_P3412_R3,2024,213.0,252.90329390000002,519.116,53.21270609999996
252,hart,HART_S7_P3412_R3,2023,202.0,246.75834999999998,1080.75,631.99165
253,hart,HART_S10.1_BUFFER_R2,2024,11.0,114.0,0.0,-125.0
254,hart,HART_S3_BUFFER_R1,2024,11.0,152.0,0.0,-163.0
255,hart,HART_S10.1_P3123_R3,2024,193.5,241.29500000000002,372.32,-62.47500000000002
256,hart,HART_S10.1_P3123_R3,2023,193.5,190.25835,1151.472,767.7136499999999
257,hart,HART_S8_P4123_R3,2024,204.5,280.32439999999997,446.55,-38.27439999999996
258,hart,HART_S8_P4123_R3,2023,202.0,246.75835,1150.05,701.2916499999999
259,hart,HART_S4.1_P4123_R1,2024,204.5,280.32439999999997,458.9,-25.92439999999999
260,hart,HART_S4.1_P4123_R1,2023,202.0,209.25835,1064.456,653.1976499999998
261,hart,HART_S1.1_P1231_R1,2024,213.0,261.052,441.54,-32.512
262,hart,HART_S1.1_P1231_R1,2023,204.5,222.5193,1259.7,832.6807000000001
263,hart,HART_S4.2_P2341_R3,2024,221.5,275.424870683,239.47,-257.45487068299997
264,hart,HART_S4.2_P2341_R3,2023,202.0,246.75835,1148.4,699.64165
265,hart,HART_S7_P1234_R3,2024,204.5,267.7944,427.999,-44.29539999999997
266,hart,HART_S7_P1234_R3,2023,204.5,222.5193,1138.8,711.7807
267,hart,HART_S1.1_P1231_R2,2024,213.0,261.052,605.5500000000001,131.49800000000005
268,hart,HART_S1.1_P1231_R2,2023,204.5,222.5193,857.35,430.33070000000004
269,hart,HART_S1.3_P3123_R3,2024,204.5,280.3244,362.05,-122.77440000000001
270,hart,HART_S1.3_P3123_R3,2023,202.0,258.75835,1244.448,783.68965
271,hart,HART_S6_BUFFER_R1,2024,11.0,152.0,0.0,-163.0
272,hart,HART_S7_BUFFER_R1,2024,11.0,152.0,0.0,-163.0
273,hart,HART_S7_P3412_R2,2024,213.0,252.90329390000002,218.136,-247.76729390000003
274,hart,HART_S7_P3412_R2,2023,202.0,246.75834999999998,930.6,481.8416500000001
275,hart,HART_S2.3_BUFFER_R2,2024,11.0,38.0,0.0,-49.0
276,hart,HART_S4.2_P3412_R3,2024,213.0,217.28229034,51.852,-378.43029034
277,hart,HART_S4.2_P3412_R3,2023,213.0,236.50179999999997,190.954,-258.54779999999994
278,hart,HART_S10.2_BUFFER_R1,2024,11.0,114.0,0.0,-125.0
279,hart,HART_S5_P0000_R5,2024,204.5,276.44440000000003,0.0,-480.94440000000003
280,hart,HART_S5_P0000_R5,2023,204.5,222.5193,1068.6,641.5807
281,hart,HART_S6_P2341_R3,2024,213.0,227.60315159,345.51,-95.09315159000002
282,hart,HART_S6_P2341_R3,2023,213.0,236.50179999999997,388.128,-61.37379999999999
283,hart,HART_S10.1_P1231_R3,2024,213.0,266.395073865,280.5,-198.89507386499997
284,hart,HART_S10.1_P1231_R3,2023,204.5,227.7693,949.408,517.1387
285,hart,HART_S9_P1234_R1,2024,221.5,273.516,485.16,-9.855999999999995
286,hart,HART_S9_P1234_R1,2023,204.5,235.9362,0.0,-440.4362
287,hart,HART_S2.2_P0000_R3,2024,213.0,220.41727117500002,332.3296,-101.087671175
288,hart,HART_S2.2_P0000_R3,2023,202.0,264.25835,1299.54,833.2816499999999
289,hart,HART_S4.1_P1234_R1,2024,213.0,252.75948176,571.23,105.47051824000002
290,hart,HART_S4.1_P1234_R1,2023,204.5,222.5193,1041.3,614.2807
291,hart,HART_S5_P0000_R1,2024,204.5,276.4444,0.0,-480.9444
292,hart,HART_S5_P0000_R1,2023,204.5,222.5193,1192.75,765.7307000000001
293,hart,HART_S1.1_P1231_R3,2024,213.0,261.052,490.71,16.65799999999996
294,hart,HART_S1.1_P1231_R3,2023,204.5,222.5193,1015.3,588.2807
295,hart,HART_S4.1_BUFFER_R3,2024,11.0,152.0,0.0,-163.0
296,hart,HART_S8_BUFFER_R1,2024,11.0,152.0,0.0,-163.0
297,hart,HART_S8_P2341_R3,2024,213.0,236.84890383,0.0,-449.84890383000004
298,hart,HART_S8_P2341_R3,2023,202.0,246.75834999999998,1128.27,679.51165
299,hart,HART_S2.1_BUFFER_R2,2024,11.0,38.0,0.0,-49.0
300,hart,HART_S10.2_BUFFER_R2,2024,11.0,114.0,0.0,-125.0
301,hart,HART_S4.2_P2341_R2,2024,221.5,275.424870683,46.65,-450.274870683
302,hart,HART_S4.2_P2341_R2,2023,202.0,246.75835,781.77,333.01165
303,hart,HART_S1.3_P2312_R3,2024,213.0,268.85440000000006,361.176,-120.67840000000007
304,hart,HART_S1.3_P2312_R3,2023,202.0,259.75834999999995,1026.96,565.2016500000001
305,hart,HART_S10.3_BUFFER_R2,2024,11.0,114.0,0.0,-125.0
306,hart,HART_S10.1_BUFFER_R3,2024,11.0,114.0,0.0,-125.0
307,hart,HART_S4.2_BUFFER_R3,2024,11.0,190.0,0.0,-201.0
308,hart,HART_S10.3_P3123_R2,2024,202.0,285.12695128,343.90200000000004,-143.22495127999997
309,hart,HART_S10.3_P3123_R2,2023,202.0,235.75835,971.48,533.72165
310,hart,HART_S10.3_BUFFER_R1,2024,11.0,114.0,0.0,-125.0
311,hart,HART_S1.2_P1231_R2,2024,213.0,240.61067411000002,723.69,270.07932589000006
312,hart,HART_S1.2_P1231_R2,2023,204.5,222.5193,1045.2,618.1807000000001
313,hart,HART_S7_P2341_R3,2024,213.0,267.62819831499996,685.74,205.11180168500005
314,hart,HART_S7_P2341_R3,2023,204.5,209.9862,790.152,375.66580000000005
315,hart,HART_S4.2_P3412_R1,2024,213.0,217.28229034,50.958,-379.32429034
316,hart,HART_S4.2_P3412_R1,2023,213.0,236.50179999999997,544.25,94.74820000000003
317,hart,HART_S4.1_P4123_R3,2024,204.5,280.3244,430.95,-53.87440000000004
318,hart,HART_S4.1_P4123_R3,2023,202.0,209.25835,1031.08,619.8216499999999
319,hart,HART_S10.2_P3123_R2,2024,202.0,264.42584117,414.962,-51.46384117000002
320,hart,HART_S10.2_P3123_R2,2023,202.0,213.25835,997.406,582.1476499999999
321,hart,HART_S3_P1234_R2,2024,213.0,254.27188242000003,561.0,93.72811757999997
322,hart,HART_S3_P1234_R2,2023,204.5,222.5193,851.5,424.4807
323,hart,HART_S1.2_P3123_R1,2024,204.5,280.32439999999997,24.7,-460.1244
324,hart,HART_S1.2_P3123_R1,2023,202.0,235.75835,1329.974,892.2156499999999
325,hart,HART_S1.3_P1231_R2,2024,213.0,281.052,589.0500000000001,94.99800000000005
326,hart,HART_S1.3_P1231_R2,2023,204.5,222.5193,827.45,400.43070000000006
327,hart,HART_S8_P3412_R1,2024,213.0,294.61117314999996,562.98,55.36882685000006
328,hart,HART_S8_P3412_R1,2023,202.0,235.75835,1057.006,619.24765
329,hart,HART_S5_BUFFER_R1,2024,11.0,114.0,0.0,-125.0
330,hart,HART_S9_BUFFER_R3,2024,11.0,190.0,0.0,-201.0
331,hart,HART_S4.2_P4123_R3,2024,204.5,280.3244,516.75,31.925599999999974
332,hart,HART_S4.2_P4123_R3,2023,202.0,235.75835,1191.106,753.3476499999999
333,hart,HART_S8_P1234_R3,2024,213.0,252.29387340500003,621.72,156.426126595
334,hart,HART_S8_P1234_R3,2023,204.5,222.5193,914.55,487.53069999999997
335,hart,HART_S1.2_BUFFER_R3,2024,11.0,114.0,0.0,-125.0
336,hart,HART_S6_P2341_R2,2024,213.0,227.60315159,167.97,-272.63315159
337,hart,HART_S6_P2341_R2,2023,213.0,236.50179999999997,394.348,-55.15379999999996
338,hart,HART_S4.1_P4123_R2,2024,204.5,280.3244,664.3000000000001,179.47560000000004
339,hart,HART_S4.1_P4123_R2,2023,202.0,209.25834999999998,956.282,545.0236500000001
340,hart,HART_S8_BUFFER_R2,2024,11.0,152.0,0.0,-163.0
341,hart,HART_S2.2_BUFFER_R1,2024,11.0,38.0,0.0,-49.0
342,hart,HART_S4.3_P2341_R1,2024,221.5,312.07172099999997,241.336,-292.23572099999996
343,hart,HART_S4.3_P2341_R1,2023,202.0,259.75834999999995,859.6500000000001,397.89165000000014
344,hart,HART_S1.1_P2312_R3,2024,213.0,243.85440000000003,211.58,-245.2744
345,hart,HART_S1.1_P2312_R3,2023,202.0,246.75835,935.55,486.79164999999995
346,hart,HART_S1.1_BUFFER_R1,2024,11.0,114.0,0.0,-125.0
347,hart,HART_S1.1_P3123_R2,2024,204.5,280.3244,0.0,-484.8244
348,hart,HART_S1.1_P3123_R2,2023,202.0,235.75834999999998,1091.8719999999998,654.1136499999999
349,hart,HART_S10.1_P1231_R1,2024,213.0,266.395073865,382.8,-96.59507386499996
350,hart,HART_S10.1_P1231_R1,2023,204.5,227.7693,793.39,361.1207
351,hart,HART_S10.3_P2312_R3,2024,213.0,232.978155215,301.874,-144.10415521499996
352,hart,HART_S10.3_P2312_R3,2023,202.0,246.75835,1047.09,598.3316499999999
353,hart,HART_S9_P3412_R2,2024,213.0,258.68351425000003,404.982,-66.70151425
354,hart,HART_S9_P3412_R2,2023,202.0,246.75834999999998,807.1800000000001,358.4216500000001
355,hart,HART_S8_P2341_R1,2024,213.0,236.84890383,327.8,-122.04890383
356,hart,HART_S8_P2341_R1,2023,202.0,246.75835,1074.15,625.39165
357,hart,HART_S7_P2341_R1,2024,213.0,267.62819831499996,647.7900000000001,167.1618016850001
358,hart,HART_S7_P2341_R1,2023,204.5,209.9862,664.774,250.2878
359,hart,HART_S5_BUFFER_R3,2024,11.0,152.0,0.0,-163.0
360,hart,HART_S1.2_BUFFER_R1,2024,11.0,114.0,0.0,-125.0
361,hart,HART_S6_BUFFER_R2,2024,11.0,152.0,0.0,-163.0
362,hart,HART_S3_P4123_R1,2024,204.5,280.32439999999997,419.9,-64.92439999999999
363,hart,HART_S3_P4123_R1,2023,202.0,235.75834999999998,1027.802,590.04365
364,hart,HART_S4.3_P1234_R1,2024,213.0,293.72250499999996,570.9,64.17749500000002
365,hart,HART_S4.3_P1234_R1,2023,204.5,222.5193,791.7,364.68070000000006
366,hart,HART_S2.3_P0000_R2,2024,213.0,220.76499213000002,221.563,-212.20199213000004
367,hart,HART_S2.3_P0000_R2,2023,202.0,285.75834999999995,1233.21,745.4516500000001
368,hart,HART_S4.3_P4123_R1,2024,204.5,280.32439999999997,269.75,-215.07439999999997
369,hart,HART_S4.3_P4123_R1,2023,202.0,258.75834999999995,1296.3,835.54165
370,hart,HART_S4.1_P2341_R2,2024,221.5,292.733718125,42.918,-471.315718125
371,hart,HART_S4.1_P2341_R2,2023,202.0,225.25835,886.71,459.45165000000003
372,hart,HART_S4.3_P2341_R3,2024,221.5,312.071721,38.564,-495.00772100000006
373,hart,HART_S4.3_P2341_R3,2023,202.0,259.75834999999995,1106.16,644.4016500000001
374,hart,HART_S8_P1234_R1,2024,213.0,252.29387340500003,616.44,151.14612659500003
375,hart,HART_S8_P1234_R1,2023,204.5,222.5193,828.1,401.08070000000004
376,hart,HART_S5_P0000_R2,2024,204.5,276.4444,0.0,-480.9444
377,hart,HART_S5_P0000_R2,2023,204.5,222.5193,1092.0,664.9807000000001
378,hart,HART_S6_P4123_R1,2024,204.5,280.3244,319.15000000000003,-165.6744
379,hart,HART_S6_P4123_R1,2023,202.0,235.75834999999998,1334.444,896.68565
380,hart,HART_S3_P1234_R3,2024,213.0,254.27188242000003,379.17,-88.10188242000001
381,hart,HART_S3_P1234_R3,2023,204.5,222.5193,1124.5,697.4807000000001
382,hart,HART_S3_P1234_R1,2024,213.0,254.27188242000003,596.3100000000001,129.03811758000003
383,hart,HART_S3_P1234_R1,2023,204.5,222.5193,984.75,557.7307000000001
384,hart,HART_S1.1_P3123_R3,2024,204.5,280.3244,438.1,-46.7244
385,hart,HART_S1.1_P3123_R3,2023,202.0,235.75835,1073.694,635.9356499999999
386,hart,HART_S9_P4123_R2,2024,193.5,177.03,0.0,-370.53
387,hart,HART_S9_P4123_R2,2023,202.0,235.75834999999998,1130.0159999999998,692.2576499999999
388,hart,HART_S1.3_P3123_R2,2024,204.5,280.32439999999997,441.35,-43.474399999999946
389,hart,HART_S1.3_P3123_R2,2023,202.0,258.75835,939.594,478.83565000000004
390,edillilie,EDILLILIE_S2.1_P4123_R1,2023,188.5,289.97860000000003,1677.0600000000002,1198.5814
391,edillilie,EDILLILIE_S3_P2341_R3,2023,216.5,545.9970000000001,1164.384,401.88699999999994
392,edillilie,EDILLILIE_S1.3_P2121_R2,2023,227.5,439.9786,1239.15,571.6714000000002
393,edillilie,EDILLILIE_S1.1_P1212_R3,2023,197.0,445.997,1053.046,410.04900000000004
394,edillilie,EDILLILIE_S2.2 _P2341_R1,2023,216.5,545.9970000000001,1168.738,406.241
395,edillilie,EDILLILIE_S3_P2341_R2,2023,227.5,545.9970000000001,848.408,74.91099999999994
396,edillilie,EDILLILIE_S1.2 _P2121_R2,2023,177.5,289.97860000000003,1364.22,896.7414
397,edillilie,EDILLILIE_S1.2 _P2121_R1,2023,210.5,289.97860000000003,1400.19,899.7114
398,edillilie,EDILLILIE_S1.3_P2121_R1,2023,205.5,439.9786,1105.5,460.0214
399,edillilie,EDILLILIE_S3_P4123_R2,2023,205.5,439.9786,1155.0,509.5214
400,edillilie,EDILLILIE_S1.3_P1212_R2,2023,205.5,545.9970000000001,1155.676,404.17899999999986
401,edillilie,EDILLILIE_S3_P3412_R1,2023,194.5,439.9786,1310.76,676.2814000000001
402,edillilie,EDILLILIE_S1.2 _P1212_R1,2023,210.5,395.997,1288.162,681.665
403,edillilie,EDILLILIE_S2.1_P2341_R3,2023,188.5,395.997,928.024,343.527
404,edillilie,EDILLILIE_S2.1_P2341_R2,2023,221.5,395.997,905.01,287.513
405,edillilie,EDILLILIE_S1.2 _P2121_R3,2023,177.5,289.97860000000003,1329.9,862.4214000000001
406,edillilie,EDILLILIE_S1.3_P1212_R1,2023,227.5,545.9970000000001,1288.162,514.665
407,edillilie,EDILLILIE_S1.1_P2121_R2,2023,208.0,339.97860000000003,1219.35,671.3713999999999
408,edillilie,EDILLILIE_S3_P2341_R1,2023,227.5,545.9970000000001,1178.068,404.5709999999999
409,edillilie,EDILLILIE_S2.2_P1234_R1,2023,193.5,139.22799999999998,1021.8,689.072
410,edillilie,EDILLILIE_S2.2_P4123_R1,2023,205.5,439.97860000000003,1199.55,554.0713999999999
411,edillilie,EDILLILIE_S2.2_P4123_R2,2023,227.5,439.9786,1046.1,378.62139999999994
412,edillilie,EDILLILIE_S2.1_P3412_R2,2023,177.5,289.97860000000003,1422.3,954.8213999999999
413,edillilie,EDILLILIE_S1.3_P2121_R3,2023,216.5,439.9786,1340.13,683.6514000000002
414,edillilie,EDILLILIE_S1.3_P1212_R3,2023,205.5,545.9970000000001,1110.892,359.395
415,edillilie,EDILLILIE_S2.1_P1234_R1,2023,182.5,139.22799999999998,975.0,653.272
416,edillilie,EDILLILIE_S3_P1234_R3,2023,193.5,139.22799999999998,1191.24,858.5120000000001
417,edillilie,EDILLILIE_S3_P3412_R3,2023,216.5,439.9786,1145.1,488.62139999999994
418,edillilie,EDILLILIE_S1.1 _P2121_R1,2023,208.0,339.9786,1330.89,782.9114000000002
419,edillilie,EDILLILIE_S2.1_P4123_R2,2023,199.5,289.97860000000003,1329.9,840.4214000000001
420,edillilie,EDILLILIE_S2.1_P1234_R2,2023,171.5,139.22799999999998,1069.9,759.1720000000001
421,edillilie,EDILLILIE_S2.2_P3412_R1,2023,216.5,439.9786,1341.45,684.9714000000001
422,edillilie,EDILLILIE_S3_P1234_R2,2023,182.5,139.22799999999998,804.0600000000001,482.3320000000001
423,edillilie,EDILLILIE_S2.2_P3412_R3,2023,205.5,439.9786,1247.73,602.2514000000001
424,edillilie,EDILLILIE_S2.1_P2341_R1,2023,210.5,395.997,1189.264,582.7669999999998
425,edillilie,EDILLILIE_S3_P4123_R3,2023,205.5,439.9786,1206.81,561.3314
426,edillilie,EDILLILIE_S3_P4123_R1,2023,227.5,439.9786,1269.18,601.7014000000001
427,edillilie,EDILLILIE_S2.2_P3412_R2,2023,227.5,439.9786,1228.26,560.7814000000001
428,edillilie,EDILLILIE_S2.2_P1234_R3,2023,182.5,139.22799999999998,1109.55,787.822
429,edillilie,EDILLILIE_S2.1_P3412_R1,2023,177.5,289.97860000000003,1405.14,937.6614000000001
430,edillilie,EDILLILIE_S2.2_P2341_R3,2023,216.5,545.9970000000001,986.492,223.9949999999999
431,edillilie,EDILLILIE_S1.2 _P1212_R3,2023,199.5,395.997,914.34,318.843
432,edillilie,EDILLILIE_S3_P1234_R1,2023,182.5,139.22799999999998,1126.98,805.2520000000001
433,edillilie,EDILLILIE_S1.1_P1212_R1,2023,208.0,445.997,1498.398,844.4009999999998
434,edillilie,EDILLILIE_S3_P3412_R2,2023,216.5,439.97860000000003,1163.25,506.77139999999997
435,edillilie,EDILLILIE_S2.1_P3412_R3,2023,188.5,289.97860000000003,1252.68,774.2014
436,edillilie,EDILLILIE_S2.1_P1234_R3,2023,171.5,139.22799999999998,1019.85,709.1220000000001
437,edillilie,EDILLILIE_S2.2_P1234_R2,2023,182.5,139.22799999999998,1114.1,792.372
438,edillilie,EDILLILIE_S2.2_P2341_R2,2023,216.5,545.9970000000001,997.688,235.19099999999992
439,edillilie,EDILLILIE_S1.1_P2121_R3,2023,208.0,339.97860000000003,1335.84,787.8613999999999
440,edillilie,EDILLILIE_S2.1_P4123_R3,2023,199.5,289.97860000000003,1191.63,702.1514000000001
441,edillilie,EDILLILIE_S1.1_P1212_R2,2023,208.0,445.997,937.976,283.979
442,edillilie,EDILLILIE_S1.2 _P1212_R2,2023,199.5,395.997,842.188,246.69099999999997
443,edillilie,EDILLILIE_S2.2_P4123_R3,2023,227.5,439.97860000000003,1261.92,594.4414
444,roseworthy,ROSEWORTHY_S8_P0121_R3,2024,182.5,394.53,654.2440268,77.21402680000006
445,roseworthy,ROSEWORTHY_S1.2_BUFFER_R2,2024,22.0,90.75,0.0,-112.75
446,roseworthy,ROSEWORTHY_S4_BUFFER_R1,2024,22.0,90.75,0.0,-112.75
447,roseworthy,ROSEWORTHY_S4_BUFFER_R3,2024,22.0,121.0,0.0,-143.0
448,roseworthy,ROSEWORTHY_S1.2_P1231_R3,2024,191.0,205.93599999999998,500.6283579,103.69235790000005
449,roseworthy,ROSEWORTHY_S1.2_P1231_R3,2023,270.5,870.8794,961.35,-180.0294
450,roseworthy,ROSEWORTHY_S1.1_P2312_R3,2024,191.0,215.93599999999998,184.0602479028,-222.87575209719998
451,roseworthy,ROSEWORTHY_S1.1_P2312_R3,2023,290.0,676.1894,1537.47,571.2806
452,roseworthy,ROSEWORTHY_S5_P0000_R1,2024,182.5,165.93599999999998,659.5458771,311.1098771
453,roseworthy,ROSEWORTHY_S5_P0000_R1,2023,285.0,779.1294,1263.282,199.1525999999999
454,roseworthy,ROSEWORTHY_S7_BUFFER_R2,2024,22.0,30.25,0.0,-52.25
455,roseworthy,ROSEWORTHY_S1.1_P1231_R3,2024,191.0,215.93599999999998,657.11996328,250.18396328
456,roseworthy,ROSEWORTHY_S1.1_P1231_R3,2023,281.5,870.8794,1169.35,16.970599999999877
457,roseworthy,ROSEWORTHY_S1.2_BUFFER_R3,2024,22.0,90.75,0.0,-112.75
458,roseworthy,ROSEWORTHY_S3_P1212_R2,2024,182.5,165.93599999999998,697.1455355700001,348.7095355700001
459,roseworthy,ROSEWORTHY_S3_P1212_R2,2023,259.5,660.9044,0.0,-920.4044
460,roseworthy,ROSEWORTHY_S4_P1231_R3,2024,171.5,355.23,574.5299537295,47.799953729499975
461,roseworthy,ROSEWORTHY_S4_P1231_R3,2023,292.5,663.2794,1240.061,284.2815999999999
462,roseworthy,ROSEWORTHY_S2_BUFFER_R2,2024,22.0,60.5,0.0,-82.5
463,roseworthy,ROSEWORTHY_S2_P2121_R1,2024,182.5,394.53,666.0389612499999,89.00896124999997
464,roseworthy,ROSEWORTHY_S2_P2121_R1,2023,268.0,676.1894,1452.632,508.4426000000001
465,roseworthy,ROSEWORTHY_S1.2_P2312_R3,2024,191.0,205.93599999999998,150.737358476,-246.19864152399998
466,roseworthy,ROSEWORTHY_S1.2_P2312_R3,2023,279.0,676.1894,1238.8200000000002,283.6306000000002
467,roseworthy,ROSEWORTHY_S1.1_P3123_R3,2024,182.5,394.53,632.35883672,55.32883672000003
468,roseworthy,ROSEWORTHY_S1.1_P3123_R3,2023,279.0,676.1894,1405.666,450.47659999999996
469,roseworthy,ROSEWORTHY_S3_BUFFER_R3,2024,22.0,60.5,0.0,-82.5
470,roseworthy,ROSEWORTHY_S6_P0000_R3,2024,191.0,174.45600000000002,0.765421701898,-364.690578298102
471,roseworthy,ROSEWORTHY_S6_P0000_R3,2023,268.0,676.1894,1152.69,208.50060000000008
472,roseworthy,ROSEWORTHY_S3_BUFFER_R2,2024,22.0,60.5,0.0,-82.5
473,roseworthy,ROSEWORTHY_S2_P1212_R3,2024,191.0,205.93599999999998,627.4542367500001,230.51823675000009
474,roseworthy,ROSEWORTHY_S2_P1212_R3,2023,270.5,870.8794,1021.8,-119.57940000000008
475,roseworthy,ROSEWORTHY_S1.1_P2312_R1,2024,191.0,215.93599999999998,269.9947400746,-136.9412599254
476,roseworthy,ROSEWORTHY_S1.1_P2312_R1,2023,279.0,676.1894,1657.59,702.4005999999999
477,roseworthy,ROSEWORTHY_S3_P2121_R3,2024,182.5,214.45499999999998,0.0,-396.955
478,roseworthy,ROSEWORTHY_S3_P2121_R3,2023,268.0,676.1894,971.56,27.370599999999968
479,roseworthy,ROSEWORTHY_S5_P0000_R2,2024,182.5,165.93599999999998,500.09997939,151.66397939
480,roseworthy,ROSEWORTHY_S5_P0000_R2,2023,285.0,779.1294,1300.602,236.47260000000006
481,roseworthy,ROSEWORTHY_S1.2_P2312_R2,2024,191.0,205.93599999999998,402.141379964,5.205379964000031
482,roseworthy,ROSEWORTHY_S1.2_P2312_R2,2023,290.0,676.1894,1852.29,886.1006
483,roseworthy,ROSEWORTHY_S7_BUFFER_R3,2024,22.0,30.25,0.0,-52.25
484,roseworthy,ROSEWORTHY_S1.2_P1231_R2,2024,191.0,205.93599999999998,701.94667785,305.01067785000004
485,roseworthy,ROSEWORTHY_S1.2_P1231_R2,2023,281.5,870.8794,988.65,-163.72940000000006
486,roseworthy,ROSEWORTHY_S8_BUFFER_R3,2024,22.0,60.5,0.0,-82.5
487,roseworthy,ROSEWORTHY_S2_BUFFER_R3,2024,22.0,60.5,0.0,-82.5
488,roseworthy,ROSEWORTHY_S5_BUFFER_R1,2024,22.0,30.25,0.0,-52.25
489,roseworthy,ROSEWORTHY_S4_P2312_R1,2024,171.5,148.98,321.97640761519995,1.4964076151999564
490,roseworthy,ROSEWORTHY_S4_P2312_R1,2023,281.5,900.4513999999999,1398.38,216.4286000000002
491,roseworthy,ROSEWORTHY_S5_BUFFER_R3,2024,22.0,30.25,0.0,-52.25
492,roseworthy,ROSEWORTHY_S4_P1231_R1,2024,171.5,355.23,504.36128212,-22.36871788000002
493,roseworthy,ROSEWORTHY_S4_P1231_R1,2023,281.5,663.2794,1245.4720000000002,300.6926000000002
494,roseworthy,ROSEWORTHY_S3_P2121_R1,2024,182.5,214.45499999999998,0.0,-396.955
495,roseworthy,ROSEWORTHY_S3_P2121_R1,2023,279.0,676.1894,1574.184,618.9946
496,roseworthy,ROSEWORTHY_S6_BUFFER_R1,2024,22.0,30.25,0.0,-52.25
497,roseworthy,ROSEWORTHY_S8_P0212_R3,2024,180.0,231.98,376.0695445032,-35.91045549679998
498,roseworthy,ROSEWORTHY_S4_P3123_R3,2024,182.5,183.18,478.10048451901,112.42048451901002
499,roseworthy,ROSEWORTHY_S4_P3123_R3,2023,281.5,642.6094,1381.474,457.3645999999999
500,roseworthy,ROSEWORTHY_S1.2_P2312_R1,2024,191.0,205.93599999999998,646.08012478,249.14412478000003
501,roseworthy,ROSEWORTHY_S1.2_P2312_R1,2023,279.0,676.1894,1844.7,889.5106000000001
502,roseworthy,ROSEWORTHY_S7_P0000_R1,2024,182.5,10264.086,657.892393906,-9788.693606093999
503,roseworthy,ROSEWORTHY_S7_P0000_R1,2023,279.0,6892.229399999999,1407.264,-5763.965399999999
504,roseworthy,ROSEWORTHY_S4_BUFFER_R2,2024,22.0,121.0,0.0,-143.0
505,roseworthy,ROSEWORTHY_S7_P0000_R3,2024,182.5,10264.086,185.107488264,-10261.478511735999
506,roseworthy,ROSEWORTHY_S7_P0000_R3,2023,257.0,6892.229399999999,1796.316,-5352.9133999999995
507,roseworthy,ROSEWORTHY_S8_P0212_R2,2024,180.0,231.98,218.379587559,-193.600412441
508,roseworthy,ROSEWORTHY_S3_P1212_R3,2024,182.5,165.93599999999998,612.02184681,263.5858468100001
509,roseworthy,ROSEWORTHY_S3_P1212_R3,2023,259.5,660.9044,0.0,-920.4044
510,roseworthy,ROSEWORTHY_S1.1_BUFFER_R2,2024,22.0,90.75,0.0,-112.75
511,roseworthy,ROSEWORTHY_S6_BUFFER_R2,2024,22.0,30.25,0.0,-52.25
512,roseworthy,ROSEWORTHY_S6_P0000_R2,2024,191.0,174.45600000000002,3.22340779464,-362.23259220536
513,roseworthy,ROSEWORTHY_S6_P0000_R2,2023,290.0,676.1894,1750.98,784.7906
514,roseworthy,ROSEWORTHY_S2_P1212_R1,2024,191.0,205.93599999999998,1189.61266281,792.6766628100002
515,roseworthy,ROSEWORTHY_S2_P1212_R1,2023,292.5,870.8794,1319.5,156.12059999999997
516,roseworthy,ROSEWORTHY_S6_P0000_R1,2024,191.0,174.45600000000002,5.35813376868,-360.09786623132004
517,roseworthy,ROSEWORTHY_S6_P0000_R1,2023,268.0,676.1894,1949.64,1005.4506000000001
518,roseworthy,ROSEWORTHY_S1.2_P3123_R2,2024,182.5,394.53,648.88009732,71.85009732000003
519,roseworthy,ROSEWORTHY_S1.2_P3123_R2,2023,290.0,676.1894,1532.018,565.8286
520,roseworthy,ROSEWORTHY_S1.1_P1231_R2,2024,191.0,215.93599999999998,620.47371936,213.53771936000004
521,roseworthy,ROSEWORTHY_S1.1_P1231_R2,2023,281.5,870.8794,726.7,-425.6794
522,roseworthy,ROSEWORTHY_S8_P0212_R1,2024,180.0,231.98,174.92661064599997,-237.05338935400002
523,roseworthy,ROSEWORTHY_S3_BUFFER_R1,2024,22.0,60.5,0.0,-82.5
524,roseworthy,ROSEWORTHY_S8_BUFFER_R1,2024,22.0,60.5,0.0,-82.5
525,roseworthy,ROSEWORTHY_S1.1_P3123_R1,2024,182.5,394.53,697.5038967,120.47389670000007
526,roseworthy,ROSEWORTHY_S1.1_P3123_R1,2023,290.0,676.1894,1567.48,601.2906
527,roseworthy,ROSEWORTHY_S1.1_P1231_R1,2024,191.0,215.93599999999998,775.08705879,368.15105879000004
528,roseworthy,ROSEWORTHY_S1.1_P1231_R1,2023,270.5,870.8794,1288.95,147.5706
529,roseworthy,ROSEWORTHY_S1.2_BUFFER_R1,2024,22.0,90.75,0.0,-112.75
530,roseworthy,ROSEWORTHY_S3_P1212_R1,2024,182.5,165.93599999999998,791.0682354300001,442.6322354300001
531,roseworthy,ROSEWORTHY_S3_P1212_R1,2023,248.5,660.9044,0.0,-909.4044
532,roseworthy,ROSEWORTHY_S8_P0121_R1,2024,182.5,394.53,532.453507235,-44.57649276500001
533,roseworthy,ROSEWORTHY_S1.2_P3123_R1,2024,182.5,394.53,672.1926783,95.16267830000004
534,roseworthy,ROSEWORTHY_S1.2_P3123_R1,2023,268.0,676.1894,1510.562,566.3725999999999
535,roseworthy,ROSEWORTHY_S2_BUFFER_R1,2024,22.0,60.5,0.0,-82.5
536,roseworthy,ROSEWORTHY_S7_BUFFER_R1,2024,22.0,30.25,0.0,-52.25
537,roseworthy,ROSEWORTHY_S1.1_BUFFER_R3,2024,22.0,90.75,0.0,-112.75
538,roseworthy,ROSEWORTHY_S1.2_P3123_R3,2024,182.5,394.53,479.82113296,-97.20886703999997
539,roseworthy,ROSEWORTHY_S1.2_P3123_R3,2023,279.0,676.1894,1564.5,609.3106
540,roseworthy,ROSEWORTHY_S1.1_P2312_R2,2024,191.0,215.93599999999998,453.645787102,46.70978710200001
541,roseworthy,ROSEWORTHY_S1.1_P2312_R2,2023,279.0,676.1894,1684.3200000000002,729.1306000000002
542,roseworthy,ROSEWORTHY_S5_P0000_R3,2024,182.5,165.93599999999998,568.020849,219.58484900000002
543,roseworthy,ROSEWORTHY_S5_P0000_R3,2023,296.0,779.1294,987.114,-88.0154
544,roseworthy,ROSEWORTHY_S7_P0000_R2,2024,182.5,10264.086,397.766676192,-10048.819323807998
545,roseworthy,ROSEWORTHY_S7_P0000_R2,2023,257.0,6892.229399999999,1530.1,-5619.1294
546,roseworthy,ROSEWORTHY_S2_P2121_R2,2024,182.5,394.53,667.64959495,90.61959495000008
547,roseworthy,ROSEWORTHY_S2_P2121_R2,2023,268.0,676.1894,1550.216,606.0265999999999
548,roseworthy,ROSEWORTHY_S4_P2312_R2,2024,171.5,148.98,412.9893308424,92.50933084240003
549,roseworthy,ROSEWORTHY_S4_P2312_R2,2023,281.5,900.4513999999999,1381.5700000000002,199.61860000000024
550,roseworthy,ROSEWORTHY_S8_P0121_R2,2024,182.5,394.53,507.71267989,-69.31732010999997
551,roseworthy,ROSEWORTHY_S4_P3123_R1,2024,182.5,183.18,718.0601690022,352.38016900220003
552,roseworthy,ROSEWORTHY_S4_P3123_R1,2023,281.5,642.6094,1395.464,471.3545999999999
553,roseworthy,ROSEWORTHY_S4_P3123_R2,2024,182.5,183.18,677.3766718621999,311.69667186219993
554,roseworthy,ROSEWORTHY_S4_P3123_R2,2023,270.5,642.6094,1436.9699999999998,523.8605999999997
555,roseworthy,ROSEWORTHY_S4_P1231_R2,2024,171.5,355.23,569.1751782485001,42.44517824850004
556,roseworthy,ROSEWORTHY_S4_P1231_R2,2023,281.5,663.2794,1151.472,206.69259999999997
557,roseworthy,ROSEWORTHY_S5_BUFFER_R2,2024,22.0,30.25,0.0,-52.25
558,roseworthy,ROSEWORTHY_S4_P2312_R3,2024,171.5,148.98,437.6179096296,117.13790962959999
559,roseworthy,ROSEWORTHY_S4_P2312_R3,2023,270.5,900.4513999999999,1490.72,319.7686000000001
560,roseworthy,ROSEWORTHY_S2_P1212_R2,2024,191.0,205.93599999999998,536.6214324900001,139.6854324900001
561,roseworthy,ROSEWORTHY_S2_P1212_R2,2023,292.5,870.8794,949.0,-214.37940000000003
562,roseworthy,ROSEWORTHY_S1.1_BUFFER_R1,2024,22.0,121.0,0.0,-143.0
563,roseworthy,ROSEWORTHY_S1.2_P1231_R1,2024,191.0,205.93599999999998,829.874001,432.93800100000004
564,roseworthy,ROSEWORTHY_S1.2_P1231_R1,2023,270.5,870.8794,1053.65,-87.72939999999994
565,roseworthy,ROSEWORTHY_S3_P2121_R2,2024,182.5,214.45499999999998,0.0,-396.955
566,roseworthy,ROSEWORTHY_S3_P2121_R2,2023,257.0,676.1894,1771.492,838.3026
567,roseworthy,ROSEWORTHY_S6_BUFFER_R3,2024,22.0,30.25,0.0,-52.25
568,roseworthy,ROSEWORTHY_S2_P2121_R3,2024,182.5,394.53,590.2047162700001,13.17471627000009
569,roseworthy,ROSEWORTHY_S2_P2121_R3,2023,279.0,676.1894,1078.132,122.94260000000008
570,roseworthy,ROSEWORTHY_S1.1_P3123_R2,2024,182.5,394.53,296.05980794,-280.97019206
571,roseworthy,ROSEWORTHY_S1.1_P3123_R2,2023,268.0,676.1894,1623.206,679.0165999999999
572,roseworthy,ROSEWORTHY_S8_BUFFER_R2,2024,22.0,60.5,0.0,-82.5
573,appila,APPILA_S1_P2312_R2,2023,158.0,169.9,181.5,-146.4
574,appila,APPILA_S3_P1234_R3,2023,149.5,125.60000000000001,13.0,-262.1
575,appila,APPILA_S3_P3412_R2,2023,158.0,192.39999999999998,240.9,-109.49999999999997
576,appila,APPILA_S4_P1231_R3,2023,149.5,102.69999999999999,0.0,-252.2
577,appila,APPILA_S6_P0000_R1,2023,158.0,226.4,68.42,-315.98
578,appila,APPILA_S4_P3123_R1,2023,158.0,192.39999999999998,0.0,-350.4
579,appila,APPILA_S2_P1212_R2,2023,149.5,125.6,253.5,-21.599999999999994
580,appila,APPILA_S3_P4123_R1,2023,158.0,192.4,181.5,-168.9
581,appila,APPILA_S2_P2121_R1,2023,158.0,192.4,211.2,-139.20000000000002
582,appila,APPILA_S3_P1234_R2,2023,149.5,125.6,26.0,-249.1
583,appila,APPILA_S2_P2121_R3,2023,158.0,192.4,0.0,-350.4
584,appila,APPILA_S1_P3123_R3,2023,158.0,169.89999999999998,131.12,-196.77999999999997
585,appila,APPILA_S1_P1231_R3,2023,149.5,125.6,0.0,-275.1
586,appila,APPILA_S2_P1212_R1,2023,149.5,125.6,6.5,-268.6
587,appila,APPILA_S3_P3412_R1,2023,158.0,192.4,181.5,-168.9
588,appila,APPILA_S3_P3412_R3,2023,158.0,192.39999999999998,217.8,-132.59999999999997
589,appila,APPILA_S3_P4123_R3,2023,158.0,192.4,201.3,-149.1
590,appila,APPILA_S1_P2312_R3,2023,158.0,169.9,224.4,-103.5
591,appila,APPILA_S4_P3123_R2,2023,158.0,192.39999999999998,191.4,-158.99999999999997
592,appila,APPILA_S1_P3123_R1,2023,158.0,169.89999999999998,77.47999999999999,-250.42
593,appila,APPILA_S3_P2341_R1,2023,158.0,182.89999999999998,0.0,-340.9
594,appila,APPILA_S4_P3123_R3,2023,158.0,192.39999999999998,270.6,-79.79999999999995
595,appila,APPILA_S6_P0000_R3,2023,158.0,226.4,37.32,-347.08000000000004
596,appila,APPILA_S5_P0000_R3,2023,149.5,144.9,181.5,-112.9
597,appila,APPILA_S3_P2341_R2,2023,158.0,182.9,62.2,-278.7
598,appila,APPILA_S4_P1231_R1,2023,149.5,102.69999999999999,0.0,-252.2
599,appila,APPILA_S4_P1231_R2,2023,149.5,102.7,0.0,-252.2
600,appila,APPILA_S4_P2312_R3,2023,158.0,192.4,191.4,-159.0
601,appila,APPILA_S5_P0000_R2,2023,149.5,144.9,191.4,-103.0
602,appila,APPILA_S3_P4123_R2,2023,158.0,192.39999999999998,207.9,-142.49999999999997
603,appila,APPILA_S6_P0000_R2,2023,158.0,226.4,62.2,-322.2
604,appila,APPILA_S2_P1212_R3,2023,149.5,125.6,0.0,-275.1
605,appila,APPILA_S1_P1231_R2,2023,149.5,125.6,0.0,-275.1
606,appila,APPILA_S5_P0000_R1,2023,149.5,144.90000000000003,168.3,-126.10000000000002
607,appila,APPILA_S3_P2341_R3,2023,158.0,182.89999999999998,62.2,-278.7
608,appila,APPILA_S2_P2121_R2,2023,158.0,192.4,214.5,-135.9
609,appila,APPILA_S4_P2312_R1,2023,158.0,192.4,194.7,-155.70000000000002
610,appila,APPILA_S4_P2312_R2,2023,158.0,192.39999999999998,194.7,-155.7
611,appila,APPILA_S1_P2312_R1,2023,158.0,169.89999999999998,151.8,-176.09999999999997
612,appila,APPILA_S3_P1234_R1,2023,149.5,125.6,32.5,-242.6
613,appila,APPILA_S1_P3123_R2,2023,158.0,169.9,65.56,-262.34000000000003
614,appila,APPILA_S1_P1231_R1,2023,149.5,125.6,0.0,-275.1
615,kinnabulla,KINNABULLA_S1.2_P3123_R1,2024,11.0,11.25,0.0,-22.25
616,kinnabulla,KINNABULLA_S1.2_P3123_R1,2023,191.0,306.66999999999996,1882.65,1384.98
617,kinnabulla,KINNABULLA_S1.3_P1231_R2,2024,11.0,11.25,0.0,-22.25
618,kinnabulla,KINNABULLA_S1.3_P1231_R2,2023,204.5,269.40200000000004,1021.8,547.8979999999999
619,kinnabulla,KINNABULLA_S2.1_P2121_R1,2024,11.0,11.25,0.0,-22.25
620,kinnabulla,KINNABULLA_S2.1_P2121_R1,2023,191.0,306.66999999999996,1858.23,1360.56
621,kinnabulla,KINNABULLA_S3_P3123_R1,2024,11.0,11.25,0.0,-22.25
622,kinnabulla,KINNABULLA_S3_P3123_R1,2023,191.0,306.66999999999996,1618.3200000000002,1120.65
623,kinnabulla,KINNABULLA_S6_P4123_R1,2024,11.0,11.25,0.0,-22.25
624,kinnabulla,KINNABULLA_S6_P4123_R1,2023,191.0,306.66999999999996,1905.75,1408.08
625,kinnabulla,KINNABULLA_S13_P0000_R5,2024,11.0,11.25,0.0,-22.25
626,kinnabulla,KINNABULLA_S13_P0000_R5,2023,169.0,357.47259615384615,949.172,422.69940384615387
627,kinnabulla,KINNABULLA_S4_P2341_R1,2024,11.0,11.25,0.0,-22.25
628,kinnabulla,KINNABULLA_S4_P2341_R1,2023,169.0,465.47259615384615,1077.926,443.4534038461538
629,kinnabulla,KINNABULLA_S2.2_P1212_R2,2024,11.0,11.25,0.0,-22.25
630,kinnabulla,KINNABULLA_S2.2_P1212_R2,2023,204.5,269.402,1118.65,644.748
631,kinnabulla,KINNABULLA_S3_P2312_R3,2024,11.0,11.25,0.0,-22.25
632,kinnabulla,KINNABULLA_S3_P2312_R3,2023,204.5,269.402,850.2,376.29800000000006
633,kinnabulla,KINNABULLA_S9.2_P1231_R3,2024,11.0,11.25,0.0,-22.25
634,kinnabulla,KINNABULLA_S9.2_P1231_R3,2023,193.5,262.85,0.0,-456.35
635,kinnabulla,KINNABULLA_S4_P3412_R1,2024,11.0,11.25,0.0,-22.25
636,kinnabulla,KINNABULLA_S4_P3412_R1,2023,180.0,306.66999999999996,1759.5600000000002,1272.8900000000003
637,kinnabulla,KINNABULLA_S11_P2312_R1,2024,11.0,11.25,0.0,-22.25
638,kinnabulla,KINNABULLA_S11_P2312_R1,2023,191.0,306.66999999999996,1560.5700000000002,1062.9
639,kinnabulla,KINNABULLA_S9.1_P2312_R3,2024,11.0,11.25,0.0,-22.25
640,kinnabulla,KINNABULLA_S9.1_P2312_R3,2023,171.5,178.17,1602.48,1252.81
641,kinnabulla,KINNABULLA_S6_P1234_R2,2024,11.0,11.25,0.0,-22.25
642,kinnabulla,KINNABULLA_S6_P1234_R2,2023,193.5,269.402,950.3,487.39799999999997
643,kinnabulla,KINNABULLA_S6_P4123_R2,2024,11.0,11.25,0.0,-22.25
644,kinnabulla,KINNABULLA_S6_P4123_R2,2023,180.0,306.66999999999996,1749.66,1262.9900000000002
645,kinnabulla,KINNABULLA_S10_P1231_R2,2024,11.0,11.25,0.0,-22.25
646,kinnabulla,KINNABULLA_S10_P1231_R2,2023,204.5,226.0,0.0,-430.5
647,kinnabulla,KINNABULLA_S1.3_P2312_R3,2024,11.0,11.25,0.0,-22.25
648,kinnabulla,KINNABULLA_S1.3_P2312_R3,2023,180.0,348.67,1438.14,909.47
649,kinnabulla,KINNABULLA_S9.1_P3123_R3,2024,11.0,11.25,0.0,-22.25
650,kinnabulla,KINNABULLA_S9.1_P3123_R3,2023,171.5,178.17000000000002,1589.28,1239.61
651,kinnabulla,KINNABULLA_S9.1_P3123_R2,2024,11.0,11.25,0.0,-22.25
652,kinnabulla,KINNABULLA_S9.1_P3123_R2,2023,182.5,178.17000000000002,1677.72,1317.05
653,kinnabulla,KINNABULLA_S13_P0000_R7,2024,11.0,11.25,0.0,-22.25
654,kinnabulla,KINNABULLA_S13_P0000_R7,2023,169.0,357.47259615384615,873.288,346.81540384615386
655,kinnabulla,KINNABULLA_S6_P2341_R3,2024,11.0,11.25,0.0,-22.25
656,kinnabulla,KINNABULLA_S6_P2341_R3,2023,180.0,306.66999999999996,1552.98,1066.31
657,kinnabulla,KINNABULLA_S12_P0000_R4,2024,11.0,11.25,0.0,-22.25
658,kinnabulla,KINNABULLA_S12_P0000_R4,2023,169.0,465.47259615384615,1038.74,404.26740384615385
659,kinnabulla,KINNABULLA_S3_P2312_R1,2024,11.0,11.25,0.0,-22.25
660,kinnabulla,KINNABULLA_S3_P2312_R1,2023,193.5,269.402,1084.85,621.9479999999999
661,kinnabulla,KINNABULLA_S5_P2121_R3,2024,11.0,11.25,0.0,-22.25
662,kinnabulla,KINNABULLA_S5_P2121_R3,2023,169.0,296.66999999999996,1208.092,742.4220000000001
663,kinnabulla,KINNABULLA_S11_P3123_R1,2024,11.0,11.25,0.0,-22.25
664,kinnabulla,KINNABULLA_S11_P3123_R1,2023,191.0,306.67,2020.92,1523.25
665,kinnabulla,KINNABULLA_S9.1_P3123_R1,2024,11.0,11.25,0.0,-22.25
666,kinnabulla,KINNABULLA_S9.1_P3123_R1,2023,171.5,178.17000000000002,1641.75,1292.08
667,kinnabulla,KINNABULLA_S12_P0000_R3,2024,11.0,11.25,0.0,-22.25
668,kinnabulla,KINNABULLA_S12_P0000_R3,2023,169.0,465.4725961538461,1264.526,630.053403846154
669,kinnabulla,KINNABULLA_S7_P1111_R2,2024,11.0,11.25,0.0,-22.25
670,kinnabulla,KINNABULLA_S7_P1111_R2,2023,191.0,306.66999999999996,1886.28,1388.6100000000001
671,kinnabulla,KINNABULLA_S4_P2341_R3,2024,11.0,11.25,0.0,-22.25
672,kinnabulla,KINNABULLA_S4_P2341_R3,2023,180.0,465.47259615384615,1000.798,355.32540384615385
673,kinnabulla,KINNABULLA_S4_P1234_R1,2024,11.0,11.25,0.0,-22.25
674,kinnabulla,KINNABULLA_S4_P1234_R1,2023,215.5,269.402,770.9,285.998
675,kinnabulla,KINNABULLA_S2.2_P2121_R3,2024,11.0,11.25,0.0,-22.25
676,kinnabulla,KINNABULLA_S2.2_P2121_R3,2023,191.0,348.66999999999996,1501.8300000000002,962.1600000000002
677,kinnabulla,KINNABULLA_S2.1_P1212_R1,2024,11.0,11.25,0.0,-22.25
678,kinnabulla,KINNABULLA_S2.1_P1212_R1,2023,204.5,269.402,848.9,374.998
679,kinnabulla,KINNABULLA_S1.2_P2312_R1,2024,11.0,11.25,0.0,-22.25
680,kinnabulla,KINNABULLA_S1.2_P2312_R1,2023,202.0,306.66999999999996,1708.41,1199.7400000000002
681,kinnabulla,KINNABULLA_S1.2_P1231_R1,2024,11.0,11.25,0.0,-22.25
682,kinnabulla,KINNABULLA_S1.2_P1231_R1,2023,204.5,269.402,1075.1,601.1979999999999
683,kinnabulla,KINNABULLA_S5_P2121_R1,2024,11.0,11.25,0.0,-22.25
684,kinnabulla,KINNABULLA_S5_P2121_R1,2023,180.0,296.66999999999996,1448.28,971.61
685,kinnabulla,KINNABULLA_S1.1_P3123_R3,2024,11.0,11.25,0.0,-22.25
686,kinnabulla,KINNABULLA_S1.1_P3123_R3,2023,180.0,227.17,1528.89,1121.72
687,kinnabulla,KINNABULLA_S13_P0000_R4,2024,11.0,11.25,0.0,-22.25
688,kinnabulla,KINNABULLA_S13_P0000_R4,2023,180.0,357.47259615384615,1087.878,550.4054038461538
689,kinnabulla,KINNABULLA_S9.1_P2312_R2,2024,11.0,11.25,0.0,-22.25
690,kinnabulla,KINNABULLA_S9.1_P2312_R2,2023,171.5,178.17,1689.93,1340.26
691,kinnabulla,KINNABULLA_S4_P1234_R3,2024,11.0,11.25,0.0,-22.25
692,kinnabulla,KINNABULLA_S4_P1234_R3,2023,193.5,269.40200000000004,895.0500000000001,432.148
693,kinnabulla,KINNABULLA_S14_P0000_R8,2024,11.0,11.25,0.0,-22.25
694,kinnabulla,KINNABULLA_S14_P0000_R8,2023,169.0,465.4725961538461,923.67,289.19740384615386
695,kinnabulla,KINNABULLA_S10_P1231_R1,2024,11.0,11.25,0.0,-22.25
696,kinnabulla,KINNABULLA_S10_P1231_R1,2023,193.5,226.0,0.0,-419.5
697,kinnabulla,KINNABULLA_S1.1_P2312_R3,2024,11.0,11.25,0.0,-22.25
698,kinnabulla,KINNABULLA_S1.1_P2312_R3,2023,191.0,227.17,1550.34,1132.1699999999998
699,kinnabulla,KINNABULLA_S1.3_P2312_R2,2024,11.0,11.25,0.0,-22.25
700,kinnabulla,KINNABULLA_S1.3_P2312_R2,2023,191.0,348.67,1719.3000000000002,1179.63
701,kinnabulla,KINNABULLA_S2.2_P2121_R1,2024,11.0,11.25,0.0,-22.25
702,kinnabulla,KINNABULLA_S2.2_P2121_R1,2023,180.0,348.67,1691.5800000000002,1162.91
703,kinnabulla,KINNABULLA_S12_P0000_R6,2024,11.0,11.25,0.0,-22.25
704,kinnabulla,KINNABULLA_S12_P0000_R6,2023,169.0,465.4725961538461,1007.018,372.54540384615393
705,kinnabulla,KINNABULLA_S14_P0000_R6,2024,11.0,11.25,0.0,-22.25
706,kinnabulla,KINNABULLA_S14_P0000_R6,2023,180.0,465.4725961538461,925.536,280.06340384615385
707,kinnabulla,KINNABULLA_S9.2_P2312_R1,2024,11.0,11.25,0.0,-22.25
708,kinnabulla,KINNABULLA_S9.2_P2312_R1,2023,193.5,178.17000000000002,1782.99,1411.32
709,kinnabulla,KINNABULLA_S9.1_P1231_R3,2024,11.0,11.25,0.0,-22.25
710,kinnabulla,KINNABULLA_S9.1_P1231_R3,2023,182.5,280.85,0.0,-463.35
711,kinnabulla,KINNABULLA_S1.2_P2312_R2,2024,11.0,11.25,0.0,-22.25
712,kinnabulla,KINNABULLA_S1.2_P2312_R2,2023,202.0,306.66999999999996,1673.1,1164.4299999999998
713,kinnabulla,KINNABULLA_S1.1_P2312_R2,2024,11.0,11.25,0.0,-22.25
714,kinnabulla,KINNABULLA_S1.1_P2312_R2,2023,169.0,227.17,1539.45,1143.28
715,kinnabulla,KINNABULLA_S5_P1212_R2,2024,11.0,11.25,0.0,-22.25
716,kinnabulla,KINNABULLA_S5_P1212_R2,2023,193.5,269.402,882.7,419.79800000000006
717,kinnabulla,KINNABULLA_S10_P2312_R1,2024,11.0,11.25,0.0,-22.25
718,kinnabulla,KINNABULLA_S10_P2312_R1,2023,180.0,306.66999999999996,1941.72,1455.0500000000002
719,kinnabulla,KINNABULLA_S7_P1111_R3,2024,11.0,11.25,0.0,-22.25
720,kinnabulla,KINNABULLA_S7_P1111_R3,2023,191.0,306.66999999999996,1617.66,1119.9900000000002
721,kinnabulla,KINNABULLA_S14_P0000_R2,2024,11.0,11.25,0.0,-22.25
722,kinnabulla,KINNABULLA_S14_P0000_R2,2023,180.0,465.4725961538461,1202.326,556.8534038461539
723,kinnabulla,KINNABULLA_S14_P0000_R9,2024,11.0,11.25,0.0,-22.25
724,kinnabulla,KINNABULLA_S14_P0000_R9,2023,180.0,465.4725961538461,910.608,265.13540384615385
725,kinnabulla,KINNABULLA_S6_P2341_R1,2024,11.0,11.25,0.0,-22.25
726,kinnabulla,KINNABULLA_S6_P2341_R1,2023,191.0,306.66999999999996,1869.45,1371.7800000000002
727,kinnabulla,KINNABULLA_S1.1_P3123_R2,2024,11.0,11.25,0.0,-22.25
728,kinnabulla,KINNABULLA_S1.1_P3123_R2,2023,191.0,227.17000000000002,1528.89,1110.72
729,kinnabulla,KINNABULLA_S7_P1111_R5,2024,11.0,11.25,0.0,-22.25
730,kinnabulla,KINNABULLA_S7_P1111_R5,2023,180.0,306.66999999999996,1663.86,1177.19
731,kinnabulla,KINNABULLA_S9.2_P3123_R2,2024,11.0,11.25,0.0,-22.25
732,kinnabulla,KINNABULLA_S9.2_P3123_R2,2023,182.5,178.17000000000002,1648.35,1287.6799999999998
733,kinnabulla,KINNABULLA_S3_P2312_R2,2024,11.0,11.25,0.0,-22.25
734,kinnabulla,KINNABULLA_S3_P2312_R2,2023,193.5,269.402,934.7,471.79800000000006
735,kinnabulla,KINNABULLA_S6_P3412_R3,2024,11.0,11.25,0.0,-22.25
736,kinnabulla,KINNABULLA_S6_P3412_R3,2023,191.0,306.66999999999996,1525.92,1028.25
737,kinnabulla,KINNABULLA_S1.2_P1231_R2,2024,11.0,11.25,0.0,-22.25
738,kinnabulla,KINNABULLA_S1.2_P1231_R2,2023,193.5,269.402,1142.7,679.798
739,kinnabulla,KINNABULLA_S14_P0000_R3,2024,11.0,11.25,0.0,-22.25
740,kinnabulla,KINNABULLA_S14_P0000_R3,2023,180.0,465.4725961538462,1301.846,656.3734038461538
741,kinnabulla,KINNABULLA_S4_P3412_R3,2024,11.0,11.25,0.0,-22.25
742,kinnabulla,KINNABULLA_S4_P3412_R3,2023,191.0,306.66999999999996,1574.76,1077.0900000000001
743,kinnabulla,KINNABULLA_S8_P1231_R3,2024,11.0,11.25,0.0,-22.25
744,kinnabulla,KINNABULLA_S8_P1231_R3,2023,33.0,100.69999999999999,0.0,-133.7
745,kinnabulla,KINNABULLA_S11_P1231_R2,2024,11.0,11.25,0.0,-22.25
746,kinnabulla,KINNABULLA_S11_P1231_R2,2023,171.5,226.0,0.0,-397.5
747,kinnabulla,KINNABULLA_S9.2_P3123_R1,2024,11.0,11.25,0.0,-22.25
748,kinnabulla,KINNABULLA_S9.2_P3123_R1,2023,160.5,178.17000000000002,1900.8,1562.1299999999999
749,kinnabulla,KINNABULLA_S5_P1212_R1,2024,11.0,11.25,0.0,-22.25
750,kinnabulla,KINNABULLA_S5_P1212_R1,2023,193.5,269.402,812.5,349.598
751,kinnabulla,KINNABULLA_S8_P2312_R3,2024,11.0,11.25,0.0,-22.25
752,kinnabulla,KINNABULLA_S8_P2312_R3,2023,180.0,306.66999999999996,1445.0700000000002,958.4000000000002
753,kinnabulla,KINNABULLA_S2.1_P2121_R2,2024,11.0,11.25,0.0,-22.25
754,kinnabulla,KINNABULLA_S2.1_P2121_R2,2023,169.0,306.66999999999996,1771.11,1295.44
755,kinnabulla,KINNABULLA_S5_P1212_R3,2024,11.0,11.25,0.0,-22.25
756,kinnabulla,KINNABULLA_S5_P1212_R3,2023,182.5,269.40200000000004,961.35,509.448
757,kinnabulla,KINNABULLA_S12_P0000_R5,2024,11.0,11.25,0.0,-22.25
758,kinnabulla,KINNABULLA_S12_P0000_R5,2023,180.0,465.4725961538462,867.6899999999999,222.21740384615373
759,kinnabulla,KINNABULLA_S14_P0000_R1,2024,11.0,11.25,0.0,-22.25
760,kinnabulla,KINNABULLA_S14_P0000_R1,2023,169.0,465.47259615384615,1308.688,674.215403846154
761,kinnabulla,KINNABULLA_S1.3_P3123_R1,2024,11.0,11.25,0.0,-22.25
762,kinnabulla,KINNABULLA_S1.3_P3123_R1,2023,180.0,348.66999999999996,1864.17,1335.5
763,kinnabulla,KINNABULLA_S11_P2312_R3,2024,11.0,11.25,0.0,-22.25
764,kinnabulla,KINNABULLA_S11_P2312_R3,2023,191.0,306.66999999999996,1499.19,1001.5200000000001
765,kinnabulla,KINNABULLA_S9.1_P1231_R2,2024,11.0,11.25,0.0,-22.25
766,kinnabulla,KINNABULLA_S9.1_P1231_R2,2023,182.5,280.84999999999997,0.0,-463.34999999999997
767,kinnabulla,KINNABULLA_S4_P4123_R3,2024,11.0,11.25,0.0,-22.25
768,kinnabulla,KINNABULLA_S4_P4123_R3,2023,180.0,306.66999999999996,1404.15,917.4800000000001
769,kinnabulla,KINNABULLA_S14_P0000_R4,2024,11.0,11.25,0.0,-22.25
770,kinnabulla,KINNABULLA_S14_P0000_R4,2023,169.0,465.47259615384615,885.106,250.63340384615384
771,kinnabulla,KINNABULLA_S12_P0000_R1,2024,11.0,11.25,0.0,-22.25
772,kinnabulla,KINNABULLA_S12_P0000_R1,2023,169.0,465.47259615384615,1065.486,431.01340384615395
773,kinnabulla,KINNABULLA_S12_P0000_R8,2024,11.0,11.25,0.0,-22.25
774,kinnabulla,KINNABULLA_S12_P0000_R8,2023,169.0,465.47259615384615,975.918,341.44540384615385
775,kinnabulla,KINNABULLA_S9.2_P2312_R3,2024,11.0,11.25,0.0,-22.25
776,kinnabulla,KINNABULLA_S9.2_P2312_R3,2023,182.5,178.17000000000002,1679.0400000000002,1318.3700000000001
777,kinnabulla,KINNABULLA_S2.2_P1212_R1,2024,11.0,11.25,0.0,-22.25
778,kinnabulla,KINNABULLA_S2.2_P1212_R1,2023,215.5,269.402,723.45,238.54800000000006
779,kinnabulla,KINNABULLA_S4_P3412_R2,2024,11.0,11.25,0.0,-22.25
780,kinnabulla,KINNABULLA_S4_P3412_R2,2023,202.0,306.66999999999996,1649.67,1141.0
781,kinnabulla,KINNABULLA_S13_P0000_R9,2024,11.0,11.25,0.0,-22.25
782,kinnabulla,KINNABULLA_S13_P0000_R9,2023,191.0,357.47259615384615,911.23,362.75740384615386
783,kinnabulla,KINNABULLA_S10_P3123_R3,2024,11.0,11.25,0.0,-22.25
784,kinnabulla,KINNABULLA_S10_P3123_R3,2023,191.0,306.66999999999996,1634.49,1136.8200000000002
785,kinnabulla,KINNABULLA_S9.2_P1231_R1,2024,11.0,11.25,0.0,-22.25
786,kinnabulla,KINNABULLA_S9.2_P1231_R1,2023,193.5,262.85,0.0,-456.35
787,kinnabulla,KINNABULLA_S3_P3123_R2,2024,11.0,11.25,0.0,-22.25
788,kinnabulla,KINNABULLA_S3_P3123_R2,2023,191.0,306.66999999999996,1534.8300000000002,1037.1600000000003
789,kinnabulla,KINNABULLA_S4_P4123_R1,2024,11.0,11.25,0.0,-22.25
790,kinnabulla,KINNABULLA_S4_P4123_R1,2023,180.0,306.66999999999996,1617.99,1131.3200000000002
791,kinnabulla,KINNABULLA_S1.3_P1231_R1,2024,11.0,11.25,0.0,-22.25
792,kinnabulla,KINNABULLA_S1.3_P1231_R1,2023,215.5,269.402,614.25,129.348
793,kinnabulla,KINNABULLA_S8_P3123_R1,2024,11.0,11.25,0.0,-22.25
794,kinnabulla,KINNABULLA_S8_P3123_R1,2023,169.0,306.66999999999996,1639.77,1164.1
795,kinnabulla,KINNABULLA_S10_P1231_R3,2024,11.0,11.25,0.0,-22.25
796,kinnabulla,KINNABULLA_S10_P1231_R3,2023,182.5,226.0,0.0,-408.5
797,kinnabulla,KINNABULLA_S12_P0000_R9,2024,11.0,11.25,0.0,-22.25
798,kinnabulla,KINNABULLA_S12_P0000_R9,2023,180.0,465.47259615384615,778.122,132.6494038461538
799,kinnabulla,KINNABULLA_S4_P2341_R2,2024,11.0,11.25,0.0,-22.25
800,kinnabulla,KINNABULLA_S4_P2341_R2,2023,180.0,465.4725961538462,974.674,329.20140384615377
801,kinnabulla,KINNABULLA_S3_P1231_R1,2024,11.0,11.25,0.0,-22.25
802,kinnabulla,KINNABULLA_S3_P1231_R1,2023,215.5,269.402,815.1,330.19800000000004
803,kinnabulla,KINNABULLA_S13_P0000_R1,2024,11.0,11.25,0.0,-22.25
804,kinnabulla,KINNABULLA_S13_P0000_R1,2023,180.0,357.47259615384615,1330.458,792.985403846154
805,kinnabulla,KINNABULLA_S8_P3123_R3,2024,11.0,11.25,0.0,-22.25
806,kinnabulla,KINNABULLA_S8_P3123_R3,2023,169.0,306.66999999999996,1666.8300000000002,1191.1600000000003
807,kinnabulla,KINNABULLA_S6_P2341_R2,2024,11.0,11.25,0.0,-22.25
808,kinnabulla,KINNABULLA_S6_P2341_R2,2023,180.0,306.66999999999996,1625.5800000000002,1138.9100000000003
809,kinnabulla,KINNABULLA_S10_P2312_R2,2024,11.0,11.25,0.0,-22.25
810,kinnabulla,KINNABULLA_S10_P2312_R2,2023,191.0,306.66999999999996,1572.12,1074.4499999999998
811,kinnabulla,KINNABULLA_S9.2_P2312_R2,2024,11.0,11.25,0.0,-22.25
812,kinnabulla,KINNABULLA_S9.2_P2312_R2,2023,171.5,178.17000000000002,1689.93,1340.26
813,kinnabulla,KINNABULLA_S2.2_P1212_R3,2024,11.0,11.25,0.0,-22.25
814,kinnabulla,KINNABULLA_S2.2_P1212_R3,2023,204.5,269.402,785.85,311.94800000000004
815,kinnabulla,KINNABULLA_S1.2_P3123_R2,2024,11.0,11.25,0.0,-22.25
816,kinnabulla,KINNABULLA_S1.2_P3123_R2,2023,191.0,306.66999999999996,1655.94,1158.27
817,kinnabulla,KINNABULLA_S8_P2312_R1,2024,11.0,11.25,0.0,-22.25
818,kinnabulla,KINNABULLA_S8_P2312_R1,2023,180.0,306.66999999999996,1714.35,1227.6799999999998
819,kinnabulla,KINNABULLA_S7_P1111_R1,2024,11.0,11.25,0.0,-22.25
820,kinnabulla,KINNABULLA_S7_P1111_R1,2023,180.0,306.66999999999996,1764.18,1277.5100000000002
821,kinnabulla,KINNABULLA_S1.1_P1231_R2,2024,11.0,11.25,0.0,-22.25
822,kinnabulla,KINNABULLA_S1.1_P1231_R2,2023,215.5,269.402,1052.35,567.4479999999999
823,kinnabulla,KINNABULLA_S3_P1231_R2,2024,11.0,11.25,0.0,-22.25
824,kinnabulla,KINNABULLA_S3_P1231_R2,2023,182.5,269.402,876.2,424.29800000000006
825,kinnabulla,KINNABULLA_S7_P1111_R4,2024,11.0,11.25,0.0,-22.25
826,kinnabulla,KINNABULLA_S7_P1111_R4,2023,180.0,306.66999999999996,1725.5700000000002,1238.9
827,kinnabulla,KINNABULLA_S1.2_P3123_R3,2024,11.0,11.25,0.0,-22.25
828,kinnabulla,KINNABULLA_S1.2_P3123_R3,2023,191.0,306.66999999999996,1439.79,942.12
829,kinnabulla,KINNABULLA_S2.1_P2121_R3,2024,11.0,11.25,0.0,-22.25
830,kinnabulla,KINNABULLA_S2.1_P2121_R3,2023,180.0,306.66999999999996,1536.48,1049.81
831,kinnabulla,KINNABULLA_S1.3_P2312_R1,2024,11.0,11.25,0.0,-22.25
832,kinnabulla,KINNABULLA_S1.3_P2312_R1,2023,202.0,348.66999999999996,1642.74,1092.0700000000002
833,kinnabulla,KINNABULLA_S9.1_P1231_R1,2024,11.0,11.25,0.0,-22.25
834,kinnabulla,KINNABULLA_S9.1_P1231_R1,2023,182.5,280.85,0.0,-463.35
835,kinnabulla,KINNABULLA_S3_P1231_R3,2024,11.0,11.25,0.0,-22.25
836,kinnabulla,KINNABULLA_S3_P1231_R3,2023,215.5,269.402,819.0,334.098
837,kinnabulla,KINNABULLA_S8_P2312_R2,2024,11.0,11.25,0.0,-22.25
838,kinnabulla,KINNABULLA_S8_P2312_R2,2023,169.0,306.66999999999996,1646.37,1170.6999999999998
839,kinnabulla,KINNABULLA_S1.1_P3123_R1,2024,11.0,11.25,0.0,-22.25
840,kinnabulla,KINNABULLA_S1.1_P3123_R1,2023,202.0,227.17000000000002,1707.09,1277.9199999999998
841,kinnabulla,KINNABULLA_S8_P1231_R2,2024,11.0,11.25,0.0,-22.25
842,kinnabulla,KINNABULLA_S8_P1231_R2,2023,33.0,100.69999999999999,0.0,-133.7
843,kinnabulla,KINNABULLA_S11_P3123_R3,2024,11.0,11.25,0.0,-22.25
844,kinnabulla,KINNABULLA_S11_P3123_R3,2023,180.0,306.66999999999996,1266.21,779.5400000000001
845,kinnabulla,KINNABULLA_S3_P3123_R3,2024,11.0,11.25,0.0,-22.25
846,kinnabulla,KINNABULLA_S3_P3123_R3,2023,191.0,306.66999999999996,1536.48,1038.81
847,kinnabulla,KINNABULLA_S9.1_P2312_R1,2024,11.0,11.25,0.0,-22.25
848,kinnabulla,KINNABULLA_S9.1_P2312_R1,2023,182.5,178.17000000000002,1815.33,1454.6599999999999
849,kinnabulla,KINNABULLA_S6_P3412_R2,2024,11.0,11.25,0.0,-22.25
850,kinnabulla,KINNABULLA_S6_P3412_R2,2023,169.0,306.66999999999996,1643.73,1168.06
851,kinnabulla,KINNABULLA_S1.1_P1231_R1,2024,11.0,11.25,0.0,-22.25
852,kinnabulla,KINNABULLA_S1.1_P1231_R1,2023,204.5,269.402,766.35,292.44800000000004
853,kinnabulla,KINNABULLA_S13_P0000_R6,2024,11.0,11.25,0.0,-22.25
854,kinnabulla,KINNABULLA_S13_P0000_R6,2023,169.0,357.47259615384615,894.436,367.9634038461539
855,kinnabulla,KINNABULLA_S7_P1111_R6,2024,11.0,11.25,0.0,-22.25
856,kinnabulla,KINNABULLA_S7_P1111_R6,2023,169.0,306.66999999999996,1650.0,1174.33
857,kinnabulla,KINNABULLA_S1.1_P2312_R1,2024,11.0,11.25,0.0,-22.25
858,kinnabulla,KINNABULLA_S1.1_P2312_R1,2023,180.0,227.17,1728.21,1321.04
859,kinnabulla,KINNABULLA_S11_P3123_R2,2024,11.0,11.25,0.0,-22.25
860,kinnabulla,KINNABULLA_S11_P3123_R2,2023,169.0,306.66999999999996,1587.63,1111.96
861,kinnabulla,KINNABULLA_S11_P1231_R1,2024,11.0,11.25,0.0,-22.25
862,kinnabulla,KINNABULLA_S11_P1231_R1,2023,171.5,226.0,0.0,-397.5
863,kinnabulla,KINNABULLA_S12_P0000_R2,2024,11.0,11.25,0.0,-22.25
864,kinnabulla,KINNABULLA_S12_P0000_R2,2023,180.0,465.47259615384615,1031.276,385.8034038461539
865,kinnabulla,KINNABULLA_S8_P1231_R1,2024,11.0,11.25,0.0,-22.25
866,kinnabulla,KINNABULLA_S8_P1231_R1,2023,44.0,100.69999999999999,0.0,-144.7
867,kinnabulla,KINNABULLA_S10_P3123_R2,2024,11.0,11.25,0.0,-22.25
868,kinnabulla,KINNABULLA_S10_P3123_R2,2023,191.0,306.66999999999996,1848.0,1350.33
869,kinnabulla,KINNABULLA_S11_P1231_R3,2024,11.0,11.25,0.0,-22.25
870,kinnabulla,KINNABULLA_S11_P1231_R3,2023,171.5,226.0,0.0,-397.5
871,kinnabulla,KINNABULLA_S13_P0000_R3,2024,11.0,11.25,0.0,-22.25
872,kinnabulla,KINNABULLA_S13_P0000_R3,2023,180.0,357.47259615384615,1016.97,479.4974038461539
873,kinnabulla,KINNABULLA_S1.2_P1231_R3,2024,11.0,11.25,0.0,-22.25
874,kinnabulla,KINNABULLA_S1.2_P1231_R3,2023,182.5,269.40200000000004,1001.0,549.098
875,kinnabulla,KINNABULLA_S2.1_P1212_R3,2024,11.0,11.25,0.0,-22.25
876,kinnabulla,KINNABULLA_S2.1_P1212_R3,2023,193.5,269.40200000000004,804.0500000000001,341.148
877,kinnabulla,KINNABULLA_S5_P2121_R2,2024,11.0,11.25,0.0,-22.25
878,kinnabulla,KINNABULLA_S5_P2121_R2,2023,191.0,296.66999999999996,1351.4299999999998,863.7599999999999
879,kinnabulla,KINNABULLA_S2.1_P1212_R2,2024,11.0,11.25,0.0,-22.25
880,kinnabulla,KINNABULLA_S2.1_P1212_R2,2023,215.5,269.402,900.9,415.998
881,kinnabulla,KINNABULLA_S13_P0000_R8,2024,11.0,11.25,0.0,-22.25
882,kinnabulla,KINNABULLA_S13_P0000_R8,2023,180.0,357.47259615384615,998.31,460.8374038461538
883,kinnabulla,KINNABULLA_S4_P1234_R2,2024,11.0,11.25,0.0,-22.25
884,kinnabulla,KINNABULLA_S4_P1234_R2,2023,193.5,269.402,940.55,477.64799999999997
885,kinnabulla,KINNABULLA_S8_P3123_R2,2024,11.0,11.25,0.0,-22.25
886,kinnabulla,KINNABULLA_S8_P3123_R2,2023,180.0,306.66999999999996,1645.0500000000002,1158.38
887,kinnabulla,KINNABULLA_S6_P3412_R1,2024,11.0,11.25,0.0,-22.25
888,kinnabulla,KINNABULLA_S6_P3412_R1,2023,191.0,306.66999999999996,1562.5500000000002,1064.88
889,kinnabulla,KINNABULLA_S6_P4123_R3,2024,11.0,11.25,0.0,-22.25
890,kinnabulla,KINNABULLA_S6_P4123_R3,2023,180.0,306.66999999999996,1459.59,972.92
891,kinnabulla,KINNABULLA_S1.3_P3123_R2,2024,11.0,11.25,0.0,-22.25
892,kinnabulla,KINNABULLA_S1.3_P3123_R2,2023,191.0,348.66999999999996,1702.47,1162.8000000000002
893,kinnabulla,KINNABULLA_S14_P0000_R7,2024,11.0,11.25,0.0,-22.25
894,kinnabulla,KINNABULLA_S14_P0000_R7,2023,169.0,465.4725961538461,815.442,180.9694038461539
895,kinnabulla,KINNABULLA_S10_P3123_R1,2024,11.0,11.25,0.0,-22.25
896,kinnabulla,KINNABULLA_S10_P3123_R1,2023,180.0,306.66999999999996,1943.04,1456.37
897,kinnabulla,KINNABULLA_S10_P2312_R3,2024,11.0,11.25,0.0,-22.25
898,kinnabulla,KINNABULLA_S10_P2312_R3,2023,180.0,306.66999999999996,1527.24,1040.5700000000002
899,kinnabulla,KINNABULLA_S9.2_P1231_R2,2024,11.0,11.25,0.0,-22.25
900,kinnabulla,KINNABULLA_S9.2_P1231_R2,2023,193.5,262.85,0.0,-456.35
901,kinnabulla,KINNABULLA_S1.2_P2312_R3,2024,11.0,11.25,0.0,-22.25
902,kinnabulla,KINNABULLA_S1.2_P2312_R3,2023,180.0,306.66999999999996,1476.09,989.42
903,kinnabulla,KINNABULLA_S4_P4123_R2,2024,11.0,11.25,0.0,-22.25
904,kinnabulla,KINNABULLA_S4_P4123_R2,2023,180.0,306.66999999999996,1607.76,1121.0900000000001
905,kinnabulla,KINNABULLA_S12_P0000_R7,2024,11.0,11.25,0.0,-22.25
906,kinnabulla,KINNABULLA_S12_P0000_R7,2023,169.0,465.47259615384615,919.938,285.46540384615383
907,kinnabulla,KINNABULLA_S2.2_P2121_R2,2024,11.0,11.25,0.0,-22.25
908,kinnabulla,KINNABULLA_S2.2_P2121_R2,2023,191.0,348.67,1674.42,1134.75
909,kinnabulla,KINNABULLA_S13_P0000_R2,2024,11.0,11.25,0.0,-22.25
910,kinnabulla,KINNABULLA_S13_P0000_R2,2023,180.0,357.47259615384615,1285.052,747.5794038461538
911,kinnabulla,KINNABULLA_S6_P1234_R1,2024,11.0,11.25,0.0,-22.25
912,kinnabulla,KINNABULLA_S6_P1234_R1,2023,204.5,269.402,760.5,286.598
913,kinnabulla,KINNABULLA_S1.3_P1231_R3,2024,11.0,11.25,0.0,-22.25
914,kinnabulla,KINNABULLA_S1.3_P1231_R3,2023,215.5,269.402,728.65,243.748
915,kinnabulla,KINNABULLA_S9.2_P3123_R3,2024,11.0,11.25,0.0,-22.25
916,kinnabulla,KINNABULLA_S9.2_P3123_R3,2023,182.5,178.17000000000002,1585.65,1224.98
917,kinnabulla,KINNABULLA_S6_P1234_R3,2024,11.0,11.25,0.0,-22.25
918,kinnabulla,KINNABULLA_S6_P1234_R3,2023,204.5,269.402,1007.5,533.598
919,kinnabulla,KINNABULLA_S1.3_P3123_R3,2024,11.0,11.25,0.0,-22.25
920,kinnabulla,KINNABULLA_S1.3_P3123_R3,2023,180.0,348.67,1630.2,1101.53
921,kinnabulla,KINNABULLA_S14_P0000_R5,2024,11.0,11.25,0.0,-22.25
922,kinnabulla,KINNABULLA_S14_P0000_R5,2023,169.0,465.47259615384615,1007.018,372.5454038461539
923,kinnabulla,KINNABULLA_S1.1_P1231_R3,2024,11.0,11.25,0.0,-22.25
924,kinnabulla,KINNABULLA_S1.1_P1231_R3,2023,215.5,269.402,919.1,434.19800000000004
925,kinnabulla,KINNABULLA_S11_P2312_R2,2024,11.0,11.25,0.0,-22.25
926,kinnabulla,KINNABULLA_S11_P2312_R2,2023,191.0,306.67,1792.89,1295.22
927,warrambine,WARRAMBINE_S2_P3123_R3,2023,221.5,775.8506,1228.59,231.23939999999993
928,warrambine,WARRAMBINE_S3_P2312_R3,2023,243.5,708.108,1775.188,823.5800000000002
929,warrambine,WARRAMBINE_S1_P1212_R1,2023,232.5,708.108,1541.316,600.7080000000001
930,warrambine,WARRAMBINE_S2_P1231_R1,2023,215.5,703.663,2650.86,1731.6970000000001
931,warrambine,WARRAMBINE_S2_P2312_R3,2023,232.5,708.108,1750.308,809.7
932,warrambine,WARRAMBINE_S1_P2121_R3,2023,243.5,775.8506,1259.94,240.58940000000007
933,warrambine,WARRAMBINE_S5_P3123_R3,2023,221.5,775.8506,1432.53,435.1794
934,warrambine,WARRAMBINE_S3_P3123_R3,2023,221.5,775.8506,1443.75,446.3994
935,warrambine,WARRAMBINE_S1_P1212_R2,2023,232.5,708.108,1237.158,296.54999999999995
936,warrambine,WARRAMBINE_S5_P2312_R1,2023,221.5,708.108,1706.768,777.1600000000001
937,warrambine,WARRAMBINE_S4_P1231_R3,2023,215.5,458.03800000000007,0.0,-673.538
938,warrambine,WARRAMBINE_S1_P1212_R3,2023,243.5,708.108,1463.566,511.9580000000001
939,warrambine,WARRAMBINE_S4_P3123_R2,2023,232.5,775.8506,1171.8300000000002,163.47940000000017
940,warrambine,WARRAMBINE_S5_P3123_R2,2023,232.5,775.8506,1339.14,330.7894000000001
941,warrambine,WARRAMBINE_S3_P1231_R3,2023,215.5,609.8009999999999,1489.202,663.9010000000001
942,warrambine,WARRAMBINE_S3_P2312_R1,2023,232.5,708.108,1812.508,871.9000000000001
943,warrambine,WARRAMBINE_S2_P2312_R2,2023,221.5,708.108,1551.89,622.2820000000002
944,warrambine,WARRAMBINE_S5_P1231_R3,2023,248.5,611.001,0.0,-859.501
945,warrambine,WARRAMBINE_S1_P2121_R1,2023,221.5,775.8506,1361.5800000000002,364.22940000000017
946,warrambine,WARRAMBINE_S4_P1231_R2,2023,215.5,458.03800000000007,0.0,-673.538
947,warrambine,WARRAMBINE_S4_P3123_R1,2023,232.5,775.8506,1369.8300000000002,361.47940000000017
948,warrambine,WARRAMBINE_S3_P3123_R1,2023,232.5,775.8506,1215.72,207.36940000000004
949,warrambine,WARRAMBINE_S4_P2312_R1,2023,232.5,708.108,1146.968,206.36000000000013
950,warrambine,WARRAMBINE_S5_P3123_R1,2023,232.5,775.8506,1346.73,338.37940000000003
951,warrambine,WARRAMBINE_S2_P3123_R1,2023,221.5,775.8506,1491.27,493.9194
952,warrambine,WARRAMBINE_S6_P0000_R1,2023,215.5,557.813,1085.314,312.0010000000001
953,warrambine,WARRAMBINE_S3_P2312_R2,2023,243.5,708.108,1548.158,596.55
954,warrambine,WARRAMBINE_S6_P0000_R3,2023,204.5,557.813,1203.014,440.7009999999999
955,warrambine,WARRAMBINE_S7_P0000_R3,2023,204.5,741.1006,1625.25,679.6494
956,warrambine,WARRAMBINE_S4_P3123_R3,2023,232.5,775.8506,1784.97,776.6194
957,warrambine,WARRAMBINE_S3_P1231_R2,2023,237.5,609.8009999999999,1614.5800000000002,767.2790000000002
958,warrambine,WARRAMBINE_S7_P0000_R1,2023,215.5,815.3506,1250.37,219.5193999999999
959,warrambine,WARRAMBINE_S2_P1231_R2,2023,215.5,703.663,2118.42,1199.257
960,warrambine,WARRAMBINE_S7_P0000_R2,2023,204.5,771.1006,1559.91,584.3094000000001
961,warrambine,WARRAMBINE_S2_P2312_R1,2023,254.5,708.108,1077.304,114.69600000000014
962,warrambine,WARRAMBINE_S5_P2312_R3,2023,232.5,708.108,1661.362,720.7540000000001
963,warrambine,WARRAMBINE_S2_P1231_R3,2023,215.5,703.663,1691.8200000000002,772.6570000000002
964,warrambine,WARRAMBINE_S6_P0000_R2,2023,193.5,557.813,1427.366,676.053
965,warrambine,WARRAMBINE_S1_P2121_R2,2023,232.5,775.8506,1243.77,235.4194
966,warrambine,WARRAMBINE_S5_P2312_R2,2023,243.5,708.108,1831.168,879.56
967,warrambine,WARRAMBINE_S4_P2312_R2,2023,221.5,708.108,1594.186,664.578
968,warrambine,WARRAMBINE_S3_P1231_R1,2023,226.5,609.8009999999999,1798.137,961.836
969,warrambine,WARRAMBINE_S2_P3123_R2,2023,232.5,775.8506,1218.69,210.33940000000007
970,warrambine,WARRAMBINE_S3_P3123_R2,2023,221.5,775.8506,1009.8,12.449399999999969
971,warrambine,WARRAMBINE_S5_P1231_R1,2023,248.5,611.001,0.0,-859.501
972,warrambine,WARRAMBINE_S4_P1231_R1,2023,204.5,458.03800000000007,0.0,-662.538
973,warrambine,WARRAMBINE_S4_P2312_R3,2023,232.5,708.108,1990.4,1049.7920000000001
974,warrambine,WARRAMBINE_S5_P1231_R2,2023,237.5,611.001,0.0,-848.501
975,wallup,WALLUP_S4_P2312_R3,2024,11.0,25.525,0.0,-36.525
976,wallup,WALLUP_S4_P2312_R3,2023,158.0,377.97,1565.52,1029.55
977,wallup,WALLUP_S2_P4123_R1,2024,0.0,25.525,0.0,-25.525
978,wallup,WALLUP_S2_P4123_R1,2023,180.0,377.97,1518.99,961.02
979,wallup,WALLUP_S3_P1234_R2,2024,0.0,25.525,0.0,-25.525
980,wallup,WALLUP_S3_P1234_R2,2023,160.5,204.3972,0.0,-364.8972
981,wallup,WALLUP_S4_P1231_R1,2024,0.0,25.525,0.0,-25.525
982,wallup,WALLUP_S4_P1231_R1,2023,160.5,205.74720000000002,2217.15,1850.9028
983,wallup,WALLUP_S3_P2341_R1,2024,11.0,25.525,0.0,-36.525
984,wallup,WALLUP_S3_P2341_R1,2023,147.0,521.3,1551.89,883.5900000000001
985,wallup,WALLUP_S1_P1231_R3,2024,11.0,25.525,0.0,-36.525
986,wallup,WALLUP_S1_P1231_R3,2023,160.5,205.74720000000002,1798.55,1432.3028
987,wallup,WALLUP_S5_P0000_R3,2024,0.0,25.525,0.0,-25.525
988,wallup,WALLUP_S5_P0000_R3,2023,169.0,201.47,1326.27,955.8
989,wallup,WALLUP_S4_P3123_R1,2024,11.0,25.525,0.0,-36.525
990,wallup,WALLUP_S4_P3123_R1,2023,158.0,377.97,1619.64,1083.67
991,wallup,WALLUP_S3_P1234_R1,2024,0.0,25.525,0.0,-25.525
992,wallup,WALLUP_S3_P1234_R1,2023,171.5,204.3972,0.0,-375.8972
993,wallup,WALLUP_S3_P2341_R3,2024,11.0,25.525,0.0,-36.525
994,wallup,WALLUP_S3_P2341_R3,2023,147.0,521.3,1633.372,965.0720000000001
995,wallup,WALLUP_S4_P1231_R3,2024,0.0,25.525,0.0,-25.525
996,wallup,WALLUP_S4_P1231_R3,2023,160.5,178.2472,1895.4,1556.6528
997,wallup,WALLUP_S2_P4123_R2,2024,0.0,25.525,0.0,-25.525
998,wallup,WALLUP_S2_P4123_R2,2023,158.0,377.97,1716.99,1181.02
999,wallup,WALLUP_S2_P1234_R1,2024,0.0,25.525,0.0,-25.525
1000,wallup,WALLUP_S2_P1234_R1,2023,171.5,205.74720000000002,1735.5,1358.2528
1001,wallup,WALLUP_S1_P3123_R3,2024,11.0,25.525,0.0,-36.525
1002,wallup,WALLUP_S1_P3123_R3,2023,169.0,190.47,1537.8000000000002,1178.3300000000002
1003,wallup,WALLUP_S1_P3123_R1,2024,0.0,25.525,0.0,-25.525
1004,wallup,WALLUP_S1_P3123_R1,2023,169.0,190.47,1405.47,1046.0
1005,wallup,WALLUP_S4_P2312_R2,2024,0.0,25.525,0.0,-25.525
1006,wallup,WALLUP_S4_P2312_R2,2023,158.0,377.96999999999997,1625.91,1089.94
1007,wallup,WALLUP_S2_P1234_R3,2024,11.0,25.525,0.0,-36.525
1008,wallup,WALLUP_S2_P1234_R3,2023,171.5,205.74720000000002,1396.85,1019.6027999999999
1009,wallup,WALLUP_S1_P2312_R2,2024,11.0,25.525,0.0,-36.525
1010,wallup,WALLUP_S1_P2312_R2,2023,169.0,190.47,1398.87,1039.3999999999999
1011,wallup,WALLUP_S3_P2341_R2,2024,11.0,25.525,0.0,-36.525
1012,wallup,WALLUP_S3_P2341_R2,2023,147.0,521.3,1530.742,862.442
1013,wallup,WALLUP_S2_P1234_R2,2024,11.0,25.525,0.0,-36.525
1014,wallup,WALLUP_S2_P1234_R2,2023,171.5,205.74720000000002,2028.0,1650.7528
1015,wallup,WALLUP_S1_P1231_R1,2024,11.0,25.525,0.0,-36.525
1016,wallup,WALLUP_S1_P1231_R1,2023,160.5,205.7472,1577.55,1211.3028
1017,wallup,WALLUP_S2_P2341_R2,2024,11.0,25.525,0.0,-36.525
1018,wallup,WALLUP_S2_P2341_R2,2023,147.0,521.3,1360.314,692.0140000000001
1019,wallup,WALLUP_S1_P2312_R1,2024,11.0,25.525,0.0,-36.525
1020,wallup,WALLUP_S1_P2312_R1,2023,169.0,190.47,1427.91,1068.44
1021,wallup,WALLUP_S4_P3123_R2,2024,11.0,25.525,0.0,-36.525
1022,wallup,WALLUP_S4_P3123_R2,2023,158.0,377.97,1637.13,1101.16
1023,wallup,WALLUP_S5_P0000_R2,2024,0.0,25.525,0.0,-25.525
1024,wallup,WALLUP_S5_P0000_R2,2023,158.0,201.47,1542.75,1183.28
1025,wallup,WALLUP_S3_P3412_R1,2024,11.0,25.525,0.0,-36.525
1026,wallup,WALLUP_S3_P3412_R1,2023,180.0,377.97,1680.36,1122.3899999999999
1027,wallup,WALLUP_S6_P0000_R2,2024,0.0,25.525,0.0,-25.525
1028,wallup,WALLUP_S6_P0000_R2,2023,169.0,245.97,1632.51,1217.54
1029,wallup,WALLUP_S6_P0000_R1,2024,0.0,25.525,0.0,-25.525
1030,wallup,WALLUP_S6_P0000_R1,2023,169.0,245.97,1592.5800000000002,1177.6100000000001
1031,wallup,WALLUP_S3_P3412_R2,2024,11.0,25.525,0.0,-36.525
1032,wallup,WALLUP_S3_P3412_R2,2023,180.0,377.97,1351.02,793.05
1033,wallup,WALLUP_S6_P0000_R3,2024,0.0,25.525,0.0,-25.525
1034,wallup,WALLUP_S6_P0000_R3,2023,158.0,218.72,1539.45,1162.73
1035,wallup,WALLUP_S2_P3412_R2,2024,0.0,25.525,0.0,-25.525
1036,wallup,WALLUP_S2_P3412_R2,2023,180.0,377.97,1581.36,1023.3899999999999
1037,wallup,WALLUP_S3_P3412_R3,2024,0.0,25.525,0.0,-25.525
1038,wallup,WALLUP_S3_P3412_R3,2023,180.0,377.96999999999997,1659.24,1101.27
1039,wallup,WALLUP_S3_P4123_R2,2024,0.0,25.525,0.0,-25.525
1040,wallup,WALLUP_S3_P4123_R2,2023,180.0,377.97,1578.0600000000002,1020.0900000000001
1041,wallup,WALLUP_S2_P3412_R1,2024,11.0,25.525,0.0,-36.525
1042,wallup,WALLUP_S2_P3412_R1,2023,169.0,377.97,1552.3200000000002,1005.3500000000001
1043,wallup,WALLUP_S2_P4123_R3,2024,0.0,25.525,0.0,-25.525
1044,wallup,WALLUP_S2_P4123_R3,2023,180.0,377.97,1649.67,1091.7
1045,wallup,WALLUP_S2_P3412_R3,2024,11.0,25.525,0.0,-36.525
1046,wallup,WALLUP_S2_P3412_R3,2023,180.0,377.96999999999997,1618.65,1060.68
1047,wallup,WALLUP_S1_P2312_R3,2024,11.0,25.525,0.0,-36.525
1048,wallup,WALLUP_S1_P2312_R3,2023,169.0,190.47,1624.92,1265.45
1049,wallup,WALLUP_S3_P4123_R3,2024,0.0,25.525,0.0,-25.525
1050,wallup,WALLUP_S3_P4123_R3,2023,180.0,377.96999999999997,1696.2,1138.23
1051,wallup,WALLUP_S1_P3123_R2,2024,0.0,25.525,0.0,-25.525
1052,wallup,WALLUP_S1_P3123_R2,2023,158.0,190.47,1547.7,1199.23
1053,wallup,WALLUP_S2_P2341_R3,2024,11.0,25.525,0.0,-36.525
1054,wallup,WALLUP_S2_P2341_R3,2023,158.0,521.3,1634.616,955.316
1055,wallup,WALLUP_S3_P1234_R3,2024,0.0,25.525,0.0,-25.525
1056,wallup,WALLUP_S3_P1234_R3,2023,160.5,204.39719999999997,0.0,-364.8972
1057,wallup,WALLUP_S5_P0000_R1,2024,11.0,25.525,0.0,-36.525
1058,wallup,WALLUP_S5_P0000_R1,2023,158.0,201.47,1503.8100000000002,1144.3400000000001
1059,wallup,WALLUP_S4_P1231_R2,2024,0.0,25.525,0.0,-25.525
1060,wallup,WALLUP_S4_P1231_R2,2023,171.5,233.24720000000002,1751.1,1346.3528
1061,wallup,WALLUP_S1_P1231_R2,2024,11.0,25.525,0.0,-36.525
1062,wallup,WALLUP_S1_P1231_R2,2023,160.5,205.7472,1973.4,1607.1528
1063,wallup,WALLUP_S4_P3123_R3,2024,11.0,25.525,0.0,-36.525
1064,wallup,WALLUP_S4_P3123_R3,2023,169.0,377.96999999999997,1577.73,1030.76
1065,wallup,WALLUP_S2_P2341_R1,2024,11.0,25.525,0.0,-36.525
1066,wallup,WALLUP_S2_P2341_R1,2023,158.0,521.3,1621.554,942.2540000000001
1067,wallup,WALLUP_S4_P2312_R1,2024,0.0,25.525,0.0,-25.525
1068,wallup,WALLUP_S4_P2312_R1,2023,180.0,377.97,1618.65,1060.68
1069,wallup,WALLUP_S3_P4123_R1,2024,11.0,25.525,0.0,-36.525
1070,wallup,WALLUP_S3_P4123_R1,2023,169.0,377.96999999999997,1525.26,978.29
1071,streatham,STREATHAM_S6.2_P2312_R3,2024,215.5,889.1400597826088,902.8057797,-201.83428008260876
1072,streatham,STREATHAM_S6.2_P2312_R3,2023,298.5,1200.4,2281.496,782.596
1073,streatham,STREATHAM_S7_P4123_R2,2024,265.0,611.0,1854.6,978.5999999999999
1074,streatham,STREATHAM_S7_P4123_R2,2023,216.0,1399.8675999999998,0.0,-1615.8675999999998
1075,streatham,STREATHAM_S10_BUFFER_R2,2024,77.0,2530.2,0.0,-2607.2
1076,streatham,STREATHAM_S4_BUFFER_R2,2024,99.0,3916.7500000000005,0.0,-4015.7500000000005
1077,streatham,STREATHAM_S2.4_P1234_R3,2024,248.5,916.3794221014492,1840.989023594,676.1096014925507
1078,streatham,STREATHAM_S2.4_P1234_R3,2023,292.5,1266.3500000000001,1210.68,-348.1700000000001
1079,streatham,STREATHAM_S2.4_BUFFER_R1,2024,132.0,5661.036,0.0,-5793.036
1080,streatham,STREATHAM_S1.2_P2121_R3,2024,320.0,736.3900000000001,3844.829972824,2788.4399728239996
1081,streatham,STREATHAM_S1.2_P2121_R3,2023,216.0,1399.8675999999998,0.0,-1615.8675999999998
1082,streatham,STREATHAM_S12_P0000_R9,2024,80.0,0.0,1739.76,1659.76
1083,streatham,STREATHAM_S12_P0000_R9,2023,216.0,1399.8675999999998,0.0,-1615.8675999999998
1084,streatham,STREATHAM_S2.4_P1234_R1,2024,248.5,916.3794221014492,1829.001122428,664.1217003265507
1085,streatham,STREATHAM_S2.4_P1234_R1,2023,292.5,1266.3500000000001,1340.8200000000002,-218.02999999999997
1086,streatham,STREATHAM_S3_P2341_R2,2024,295.5,798.0360163043479,3834.689483708,2741.153467403652
1087,streatham,STREATHAM_S3_P2341_R2,2023,216.0,1399.8675999999998,0.0,-1615.8675999999998
1088,streatham,STREATHAM_S4_P3123_R3,2024,276.0,635.0,1794.5400000000002,883.5400000000002
1089,streatham,STREATHAM_S4_P3123_R3,2023,216.0,1399.8675999999998,0.0,-1615.8675999999998
1090,streatham,STREATHAM_S2.4_P2341_R1,2024,259.5,1141.533833695652,1068.51851865,-332.51531504565196
1091,streatham,STREATHAM_S2.4_P2341_R1,2023,307.0,1315.4,2797.134,1174.734
1092,streatham,STREATHAM_S2.4_P4123_R2,2024,320.0,836.633,4046.59636344,2889.9633634399997
1093,streatham,STREATHAM_S2.4_P4123_R2,2023,216.0,1442.3675999999998,0.0,-1658.3675999999998
1094,streatham,STREATHAM_S1.1_BUFFER_R1,2024,99.0,2646.7500000000005,0.0,-2745.7500000000005
1095,streatham,STREATHAM_S2.2_P1234_R3,2024,248.5,910.4324655797102,1891.498656128,732.5661905482898
1096,streatham,STREATHAM_S2.2_P1234_R3,2023,292.5,1266.3500000000001,932.58,-626.2700000000001
1097,streatham,STREATHAM_S1.3_BUFFER_R1,2024,99.0,2646.7500000000005,0.0,-2745.7500000000005
1098,streatham,STREATHAM_S5_BUFFER_R3,2024,132.0,4211.57,0.0,-4343.57
1099,streatham,STREATHAM_S2.3_P2341_R2,2024,248.5,1078.3927757246377,919.44444438,-407.4483313446376
1100,streatham,STREATHAM_S2.3_P2341_R2,2023,279.0,1185.3999999999999,2520.344,1055.9440000000002
1101,streatham,STREATHAM_S6.2_P1231_R2,2024,226.5,958.3714365942029,1171.049382478,-13.822054116202821
1102,streatham,STREATHAM_S6.2_P1231_R2,2023,226.5,961.9,0.0,-1188.4
1103,streatham,STREATHAM_S1.2_BUFFER_R1,2024,99.0,2646.7500000000005,0.0,-2745.7500000000005
1104,streatham,STREATHAM_S3_P2341_R1,2024,295.5,798.0360163043479,4194.273703888,3100.7376875836517
1105,streatham,STREATHAM_S3_P2341_R1,2023,216.0,1399.8675999999998,0.0,-1615.8675999999998
1106,streatham,STREATHAM_S1.1_P2121_R3,2024,328.5,852.0550362318841,3675.6817113380002,2495.126675106116
1107,streatham,STREATHAM_S1.1_P2121_R3,2023,216.0,1352.3675999999998,0.0,-1568.3675999999998
1108,streatham,STREATHAM_S1.2_P1212_R1,2024,240.0,861.0076,1084.25925927,-16.748340729999995
1109,streatham,STREATHAM_S1.2_P1212_R1,2023,307.0,1275.4,2713.786,1131.386
1110,streatham,STREATHAM_S6.1_P3123_R3,2024,298.0,646.475,1903.11,958.6349999999999
1111,streatham,STREATHAM_S6.1_P3123_R3,2023,216.0,1399.8675999999998,0.0,-1615.8675999999998
1112,streatham,STREATHAM_S1.1_BUFFER_R3,2024,99.0,2646.7500000000005,0.0,-2745.7500000000005
1113,streatham,STREATHAM_S2.1_BUFFER_R3,2024,132.0,5661.036,0.0,-5793.036
1114,streatham,STREATHAM_S7_BUFFER_R2,2024,99.0,5090.75,0.0,-5189.75
1115,streatham,STREATHAM_S1.4_P2121_R2,2024,328.5,903.0347554347827,3843.6504042979996,2612.115648863217
1116,streatham,STREATHAM_S1.4_P2121_R2,2023,216.0,1442.3675999999998,0.0,-1658.3675999999998
1117,streatham,STREATHAM_S3_BUFFER_R3,2024,132.0,5661.036,0.0,-5793.036
1118,streatham,STREATHAM_S2.3_P4123_R1,2024,353.0,932.066,2895.64878762,1610.5827876199999
1119,streatham,STREATHAM_S2.3_P4123_R1,2023,216.0,1414.8675999999998,0.0,-1630.8675999999998
1120,streatham,STREATHAM_S13_P0000_R3,2024,185.0,1833.0,0.0,-2018.0
1121,streatham,STREATHAM_S13_P0000_R3,2023,226.5,1137.9,0.0,-1364.4
1122,streatham,STREATHAM_S12_P0000_R5,2024,80.0,0.0,1554.96,1474.96
1123,streatham,STREATHAM_S12_P0000_R5,2023,216.0,1399.8675999999998,0.0,-1615.8675999999998
1124,streatham,STREATHAM_S9.2_P1212_R3,2024,215.5,877.973509057971,975.80645151,-117.66705754797101
1125,streatham,STREATHAM_S9.2_P1212_R3,2023,276.5,1123.95,0.0,-1400.45
1126,streatham,STREATHAM_S2.2_P4123_R2,2024,320.0,836.633,3634.1115153,2477.4785153000003
1127,streatham,STREATHAM_S2.2_P4123_R2,2023,216.0,1399.8675999999998,0.0,-1615.8675999999998
1128,streatham,STREATHAM_S2.1_P1234_R3,2024,248.5,825.027963768116,1900.20721344,826.679249671884
1129,streatham,STREATHAM_S2.1_P1234_R3,2023,292.5,1266.3500000000001,1317.6,-241.25000000000023
1130,streatham,STREATHAM_S4_P1231_R3,2024,295.5,805.4104510869565,1778.28741045,677.3769593630434
1131,streatham,STREATHAM_S4_P1231_R3,2023,168.5,994.926,0.0,-1163.426
1132,streatham,STREATHAM_S9.3_P2121_R3,2024,295.5,767.4003496376812,3710.9944173974995,2648.0940677598182
1133,streatham,STREATHAM_S9.3_P2121_R3,2023,216.0,1399.8675999999998,0.0,-1615.8675999999998
1134,streatham,STREATHAM_S2.3_P2341_R1,2024,248.5,1078.3927757246377,1025.92592586,-300.96684986463765
1135,streatham,STREATHAM_S2.3_P2341_R1,2023,279.0,1185.3999999999999,2713.786,1249.3860000000002
1136,streatham,STREATHAM_S13_P0000_R1,2024,185.0,1833.0,0.0,-2018.0
1137,streatham,STREATHAM_S13_P0000_R1,2023,226.5,961.9,0.0,-1188.4
1138,streatham,STREATHAM_S9.1_P1212_R1,2024,215.5,876.8992771739131,888.8888890200001,-203.51038815391303
1139,streatham,STREATHAM_S9.1_P1212_R1,2023,259.5,1073.95,2863.688,1530.238
1140,streatham,STREATHAM_S6.1_P2312_R3,2024,215.5,926.8369873188406,923.13508056,-219.20190675884055
1141,streatham,STREATHAM_S6.1_P2312_R3,2023,307.0,1275.4,2450.68,868.2799999999997
1142,streatham,STREATHAM_S10_P1212_R3,2024,193.5,822.5826974637681,371.47177419,-644.6109232737681
1143,streatham,STREATHAM_S10_P1212_R3,2023,276.5,1123.95,2833.832,1433.3819999999998
1144,streatham,STREATHAM_S3_P2341_R3,2024,295.5,798.0360163043479,3895.883422676,2802.347406371652
1145,streatham,STREATHAM_S3_P2341_R3,2023,216.0,1399.8675999999998,0.0,-1615.8675999999998
1146,streatham,STREATHAM_S5_BUFFER_R2,2024,132.0,4211.57,0.0,-4343.57
1147,streatham,STREATHAM_S1.3_P2121_R2,2024,342.0,811.545,2886.1115488759997,1732.5665488759996
1148,streatham,STREATHAM_S1.3_P2121_R2,2023,216.0,1414.8675999999998,0.0,-1630.8675999999998
1149,streatham,STREATHAM_S2.4_P3412_R1,2024,339.5,1111.9089351449275,2547.4874073,1096.0784721550726
1150,streatham,STREATHAM_S2.4_P3412_R1,2023,216.0,1442.3675999999998,0.0,-1658.3675999999998
1151,streatham,STREATHAM_S11_P0000_R8,2024,80.0,0.0,1546.92,1466.92
1152,streatham,STREATHAM_S11_P0000_R8,2023,212.5,1225.4225,0.0,-1437.9225
1153,streatham,STREATHAM_S2.1_P1234_R2,2024,248.5,825.027963768116,1633.535353372,560.0073896038839
1154,streatham,STREATHAM_S2.1_P1234_R2,2023,292.5,1266.3500000000001,1185.84,-373.0100000000002
1155,streatham,STREATHAM_S1.1_BUFFER_R2,2024,99.0,2646.7500000000005,0.0,-2745.7500000000005
1156,streatham,STREATHAM_S6.1_P1231_R3,2024,226.5,925.4431177536233,1419.494847454,267.55172970037665
1157,streatham,STREATHAM_S6.1_P1231_R3,2023,226.5,961.9,0.0,-1188.4
1158,streatham,STREATHAM_S1.2_P2121_R2,2024,320.0,736.3900000000001,3845.1681929779998,2788.7781929779994
1159,streatham,STREATHAM_S1.2_P2121_R2,2023,216.0,1399.8675999999998,0.0,-1615.8675999999998
1160,streatham,STREATHAM_S1.3_BUFFER_R3,2024,99.0,2646.7500000000005,0.0,-2745.7500000000005
1161,streatham,STREATHAM_S11_BUFFER_R2,2024,77.0,3917.1899999999987,0.0,-3994.1899999999987
1162,streatham,STREATHAM_S6.1_P1231_R1,2024,226.5,925.4431177536233,1450.286195504,298.3430777503768
1163,streatham,STREATHAM_S6.1_P1231_R1,2023,226.5,961.9,0.0,-1188.4
1164,streatham,STREATHAM_S1.4_BUFFER_R3,2024,99.0,2646.7500000000005,0.0,-2745.7500000000005
1165,streatham,STREATHAM_S9.3_P1212_R2,2024,215.5,909.8117699275363,974.07407394,-151.2376959875363
1166,streatham,STREATHAM_S9.3_P1212_R2,2023,276.5,1173.95,2963.208,1512.758
1167,streatham,STREATHAM_S12_P0000_R8,2024,80.0,0.0,1762.2,1682.2
1168,streatham,STREATHAM_S12_P0000_R8,2023,216.0,1399.8675999999998,0.0,-1615.8675999999998
1169,streatham,STREATHAM_S2.2_BUFFER_R3,2024,132.0,5661.036,0.0,-5793.036
1170,streatham,STREATHAM_S10_BUFFER_R1,2024,77.0,2530.2,0.0,-2607.2
1171,streatham,STREATHAM_S4_BUFFER_R1,2024,99.0,3916.7500000000005,0.0,-4015.7500000000005
1172,streatham,STREATHAM_S7_BUFFER_R3,2024,99.0,5090.75,0.0,-5189.75
1173,streatham,STREATHAM_S9.3_BUFFER_R1,2024,99.0,2649.2200000000003,0.0,-2748.2200000000003
1174,streatham,STREATHAM_S5_P1231_R1,2024,215.5,855.0121467391305,987.9629628,-82.54918393913044
1175,streatham,STREATHAM_S5_P1231_R1,2023,307.0,1275.4,2868.664,1286.2640000000001
1176,streatham,STREATHAM_S2.1_P2341_R3,2024,259.5,1077.0797666666665,919.43884395,-417.1409227166665
1177,streatham,STREATHAM_S2.1_P2341_R3,2023,307.0,1225.4,2561.396,1028.996
1178,streatham,STREATHAM_S13_P0000_R7,2023,226.5,961.9,0.0,-1188.4
1179,streatham,STREATHAM_S13_P0000_R8,2023,226.5,961.9,0.0,-1188.4
1180,streatham,STREATHAM_S5_BUFFER_R1,2024,132.0,4211.570000000001,0.0,-4343.570000000001
1181,streatham,STREATHAM_S2.4_P4123_R3,2024,320.0,836.633,3694.19129016,2537.55829016
1182,streatham,STREATHAM_S2.4_P4123_R3,2023,216.0,1442.3675999999998,0.0,-1658.3675999999998
1183,streatham,STREATHAM_S8_BUFFER_R2,2024,99.0,3965.3500000000004,0.0,-4064.3500000000004
1184,streatham,STREATHAM_S2.2_P2341_R1,2024,259.5,1111.250761231884,589.81481493,-780.9359463018841
1185,streatham,STREATHAM_S2.2_P2341_R1,2023,307.0,1275.4,2460.01,877.6100000000001
1186,streatham,STREATHAM_S4_P2312_R1,2024,215.5,885.3147844202899,503.7037038,-597.1110806202898
1187,streatham,STREATHAM_S4_P2312_R1,2023,307.0,1275.4,2636.658,1054.2579999999998
1188,streatham,STREATHAM_S6.2_BUFFER_R2,2024,99.0,3868.75,0.0,-3967.75
1189,streatham,STREATHAM_S2.2_P2341_R3,2024,259.5,1111.250761231884,911.12231199,-459.62844924188414
1190,streatham,STREATHAM_S2.2_P2341_R3,2023,307.0,1275.4,2703.834,1121.4339999999997
1191,streatham,STREATHAM_S4_P3123_R2,2024,276.0,635.0,1755.6,844.5999999999999
1192,streatham,STREATHAM_S4_P3123_R2,2023,216.0,1399.8675999999998,0.0,-1615.8675999999998
1193,streatham,STREATHAM_S11_P0000_R2,2024,295.5,2158.8602192028984,3473.823741012,1019.4635218091016
1194,streatham,STREATHAM_S11_P0000_R2,2023,212.5,1225.4225,0.0,-1437.9225
1195,streatham,STREATHAM_S1.4_P1212_R1,2024,248.5,1106.6266742753626,1009.25925936,-345.8674149153626
1196,streatham,STREATHAM_S1.4_P1212_R1,2023,307.0,1315.4,2919.046,1296.6459999999997
1197,streatham,STREATHAM_S8_P2312_R1,2024,215.5,889.8746394927537,719.4444444000001,-385.9301950927536
1198,streatham,STREATHAM_S8_P2312_R1,2023,307.0,1275.4,2501.684,919.2840000000001
1199,streatham,STREATHAM_S2.1_BUFFER_R2,2024,132.0,5661.036,0.0,-5793.036
1200,streatham,STREATHAM_S9.2_P1212_R2,2024,215.5,877.973509057971,889.8148149000001,-203.6586941579709
1201,streatham,STREATHAM_S9.2_P1212_R2,2023,276.5,1123.9499999999998,2670.246,1269.7960000000003
1202,streatham,STREATHAM_S7_P4123_R3,2024,265.0,611.0,1557.27,681.27
1203,streatham,STREATHAM_S7_P4123_R3,2023,216.0,1399.8675999999998,0.0,-1615.8675999999998
1204,streatham,STREATHAM_S13_BUFFER_R1,2024,44.0,3666.0,0.0,-3710.0
1205,streatham,STREATHAM_S12_P0000_R4,2024,80.0,0.0,1829.52,1749.52
1206,streatham,STREATHAM_S12_P0000_R4,2023,216.0,1399.8675999999998,0.0,-1615.8675999999998
1207,streatham,STREATHAM_S2.2_P2341_R2,2024,259.5,1111.250761231884,1066.66666656,-304.08409467188403
1208,streatham,STREATHAM_S2.2_P2341_R2,2023,307.0,1275.4,2762.924,1180.524
1209,streatham,STREATHAM_S10_P1212_R2,2024,193.5,822.5826974637681,411.11111118,-604.9715862837681
1210,streatham,STREATHAM_S10_P1212_R2,2023,276.5,1123.95,2811.44,1410.99
1211,streatham,STREATHAM_S2.3_BUFFER_R1,2024,132.0,5661.036,0.0,-5793.036
1212,streatham,STREATHAM_S6.1_BUFFER_R3,2024,99.0,3868.75,0.0,-3967.75
1213,streatham,STREATHAM_S6.1_P3123_R1,2024,298.0,646.475,1655.61,711.1349999999999
1214,streatham,STREATHAM_S6.1_P3123_R1,2023,216.0,1399.8675999999998,0.0,-1615.8675999999998
1215,streatham,STREATHAM_S2.2_P3412_R2,2024,339.5,1105.4593119565218,2802.97888893,1358.019576973478
1216,streatham,STREATHAM_S2.2_P3412_R2,2023,216.0,1399.8675999999998,0.0,-1615.8675999999998
1217,streatham,STREATHAM_S3_P1234_R2,2024,215.5,867.2489583333333,1198.14814812,115.39918978666674
1218,streatham,STREATHAM_S3_P1234_R2,2023,292.5,1266.3500000000001,1124.8200000000002,-434.03
1219,streatham,STREATHAM_S9.1_P1212_R3,2024,215.5,876.8992771739131,1045.11088704,-47.288390133913026
1220,streatham,STREATHAM_S9.1_P1212_R3,2023,259.5,1073.95,2985.6,1652.1499999999999
1221,streatham,STREATHAM_S3_P3412_R3,2024,215.5,859.9486974637681,1022.00940864,-53.43928882376815
1222,streatham,STREATHAM_S3_P3412_R3,2023,307.0,1275.4,2440.106,857.7060000000001
1223,streatham,STREATHAM_S2.4_P2341_R2,2024,259.5,1141.5338336956522,893.5185184200001,-507.51531527565214
1224,streatham,STREATHAM_S2.4_P2341_R2,2023,307.0,1315.4,2623.596,1001.1959999999999
1225,streatham,STREATHAM_S2.4_P3412_R3,2024,339.5,1111.9089351449275,3072.04481199,1620.6358768450727
1226,streatham,STREATHAM_S2.4_P3412_R3,2023,216.0,1442.3675999999998,0.0,-1658.3675999999998
1227,streatham,STREATHAM_S2.2_P1234_R2,2024,248.5,910.4324655797102,1720.7968573259998,561.8643917462896
1228,streatham,STREATHAM_S2.2_P1234_R2,2023,292.5,1266.3500000000001,1380.7800000000002,-178.06999999999994
1229,streatham,STREATHAM_S2.1_P1234_R1,2024,248.5,825.027963768116,1926.734006956,853.206043187884
1230,streatham,STREATHAM_S2.1_P1234_R1,2023,292.5,1266.3500000000001,1370.52,-188.33000000000015
1231,streatham,STREATHAM_S2.2_BUFFER_R2,2024,132.0,5661.036000000001,0.0,-5793.036000000001
1232,streatham,STREATHAM_S12_P0000_R2,2024,295.5,2152.9063351449277,3554.546644102,1106.1403089570722
1233,streatham,STREATHAM_S12_P0000_R2,2023,216.0,1399.8675999999998,0.0,-1615.8675999999998
1234,streatham,STREATHAM_S11_P0000_R7,2024,80.0,0.0,1477.62,1397.62
1235,streatham,STREATHAM_S11_P0000_R7,2023,212.5,1225.4225,0.0,-1437.9225
1236,streatham,STREATHAM_S1.3_P2121_R3,2024,342.0,811.545,3201.742007164,2048.197007164
1237,streatham,STREATHAM_S1.3_P2121_R3,2023,216.0,1414.8675999999998,0.0,-1630.8675999999998
1238,streatham,STREATHAM_S12_BUFFER_R2,2024,77.0,3917.190000000001,0.0,-3994.190000000001
1239,streatham,STREATHAM_S9.2_BUFFER_R2,2024,99.0,2649.2200000000003,0.0,-2748.2200000000003
1240,streatham,STREATHAM_S1.2_P1212_R2,2024,240.0,861.0076000000001,894.4444443000001,-206.56315570000004
1241,streatham,STREATHAM_S1.2_P1212_R2,2023,307.0,1275.4,2679.576,1097.176
1242,streatham,STREATHAM_S3_P3412_R1,2024,215.5,859.9486974637681,870.3703704300001,-205.078327033768
1243,streatham,STREATHAM_S3_P3412_R1,2023,307.0,1275.4,2663.404,1081.004
1244,streatham,STREATHAM_S2.3_P4123_R3,2024,353.0,932.066,3559.3829031,2274.3169030999998
1245,streatham,STREATHAM_S2.3_P4123_R3,2023,216.0,1414.8675999999998,0.0,-1630.8675999999998
1246,streatham,STREATHAM_S8_BUFFER_R1,2024,88.0,3965.3500000000004,0.0,-4053.3500000000004
1247,streatham,STREATHAM_S8_P1231_R2,2024,215.5,767.276393115942,1619.573512814,636.7971196980579
1248,streatham,STREATHAM_S8_P1231_R2,2023,248.5,994.926,0.0,-1243.426
1249,streatham,STREATHAM_S10_P1212_R1,2024,193.5,822.5826974637681,337.96296303,-678.1197344337681
1250,streatham,STREATHAM_S10_P1212_R1,2023,276.5,1123.95,2735.556,1335.106
1251,streatham,STREATHAM_S7_P2341_R3,2024,215.5,815.4328278985507,1099.019937004,68.08710910544926
1252,streatham,STREATHAM_S7_P2341_R3,2023,226.5,961.9,0.0,-1188.4
1253,streatham,STREATHAM_S7_P2341_R1,2024,215.5,815.4328278985507,1132.654320788,101.72149288944922
1254,streatham,STREATHAM_S7_P2341_R1,2023,226.5,961.9,0.0,-1188.4
1255,streatham,STREATHAM_S2.1_P3412_R3,2024,339.5,1084.7268101449276,2811.61094082,1387.3841306750724
1256,streatham,STREATHAM_S2.1_P3412_R3,2023,216.0,1352.3675999999998,0.0,-1568.3675999999998
1257,streatham,STREATHAM_S3_P4123_R3,2024,320.0,836.633,4438.42209684,3281.7890968400006
1258,streatham,STREATHAM_S3_P4123_R3,2023,216.0,1399.8675999999998,0.0,-1615.8675999999998
1259,streatham,STREATHAM_S2.3_P1234_R2,2024,270.5,959.1082771739132,1582.923681116,353.31540394208673
1260,streatham,STREATHAM_S2.3_P1234_R2,2023,281.5,1241.5524999999998,1016.28,-506.7724999999998
1261,streatham,STREATHAM_S9.3_P2121_R1,2024,295.5,767.4003496376812,3224.1316946624,2161.231345024719
1262,streatham,STREATHAM_S9.3_P2121_R1,2023,216.0,1399.8675999999998,0.0,-1615.8675999999998
1263,streatham,STREATHAM_S2.3_P2341_R3,2024,248.5,1078.3927757246377,974.88239244,-352.01038328463767
1264,streatham,STREATHAM_S2.3_P2341_R3,2023,279.0,1185.3999999999999,2390.346,925.9460000000001
1265,streatham,STREATHAM_S7_P1234_R2,2024,185.0,611.0,0.0,-796.0
1266,streatham,STREATHAM_S7_P1234_R2,2023,226.5,961.9,0.0,-1188.4
1267,streatham,STREATHAM_S6.2_P3123_R3,2024,298.0,646.475,1474.11,529.6349999999999
1268,streatham,STREATHAM_S6.2_P3123_R3,2023,216.0,1399.8675999999998,0.0,-1615.8675999999998
1269,streatham,STREATHAM_S2.2_P3412_R1,2024,339.5,1105.4593119565216,2935.4596296299997,1490.500317673478
1270,streatham,STREATHAM_S2.2_P3412_R1,2023,216.0,1399.8675999999998,0.0,-1615.8675999999998
1271,streatham,STREATHAM_S7_P3412_R1,2024,215.5,879.586204710145,827.7777776400001,-267.30842707014494
1272,streatham,STREATHAM_S7_P3412_R1,2023,307.0,1275.4,2578.812,996.4119999999998
1273,streatham,STREATHAM_S2.1_P2341_R2,2024,259.5,1077.0797666666667,996.29629638,-340.2834702866668
1274,streatham,STREATHAM_S2.1_P2341_R2,2023,307.0,1225.4,2576.324,1043.924
1275,streatham,STREATHAM_S1.4_P1212_R2,2024,248.5,1106.6266742753623,851.85185184,-503.27482243536235
1276,streatham,STREATHAM_S1.4_P1212_R2,2023,307.0,1315.4,267.46,-1354.94
1277,streatham,STREATHAM_S12_P0000_R7,2024,80.0,0.0,1668.15,1588.15
1278,streatham,STREATHAM_S12_P0000_R7,2023,216.0,1399.8675999999998,0.0,-1615.8675999999998
1279,streatham,STREATHAM_S2.4_P1234_R2,2024,248.5,916.3794221014491,1933.714926924,768.835504822551
1280,streatham,STREATHAM_S2.4_P1234_R2,2023,292.5,1266.3500000000001,1542.24,-16.610000000000127
1281,streatham,STREATHAM_S2.3_P3412_R2,2024,339.5,1015.9049786231884,2892.66666678,1537.2616881568115
1282,streatham,STREATHAM_S2.3_P3412_R2,2023,216.0,1414.8675999999998,0.0,-1630.8675999999998
1283,streatham,STREATHAM_S3_BUFFER_R1,2024,132.0,5661.036,0.0,-5793.036
1284,streatham,STREATHAM_S3_P3412_R2,2024,215.5,859.9486974637681,1144.44444444,68.995746976232
1285,streatham,STREATHAM_S3_P3412_R2,2023,307.0,1275.4,2822.636,1240.2359999999999
1286,streatham,STREATHAM_S1.1_P2121_R2,2024,328.5,852.0550362318841,3848.1930414440003,2667.6380052121162
1287,streatham,STREATHAM_S1.1_P2121_R2,2023,216.0,1352.3675999999998,0.0,-1568.3675999999998
1288,streatham,STREATHAM_S1.4_P1212_R3,2024,248.5,1106.6266742753623,999.8319893100002,-355.2946849653622
1289,streatham,STREATHAM_S1.4_P1212_R3,2023,307.0,1315.4,2775.364,1152.964
1290,streatham,STREATHAM_S2.3_P1234_R1,2024,270.5,959.1082771739132,1478.20987662,248.60159944608677
1291,streatham,STREATHAM_S2.3_P1234_R1,2023,281.5,1241.5525,1388.88,-134.1724999999999
1292,streatham,STREATHAM_S8_P2312_R3,2024,215.5,889.8746394927537,924.98319903,-180.39144046275362
1293,streatham,STREATHAM_S8_P2312_R3,2023,307.0,1275.4,2598.716,1016.3159999999998
1294,streatham,STREATHAM_S2.4_P4123_R1,2024,320.0,836.633,3579.91454538,2423.2815453800004
1295,streatham,STREATHAM_S2.4_P4123_R1,2023,216.0,1442.3675999999998,0.0,-1658.3675999999998
1296,streatham,STREATHAM_S13_P0000_R6,2023,226.5,961.9,0.0,-1188.4
1297,streatham,STREATHAM_S1.3_P1212_R2,2024,240.0,831.6826,919.44444438,-152.23815561999993
1298,streatham,STREATHAM_S1.3_P1212_R2,2023,279.0,1160.3999999999999,2524.076,1084.6760000000002
1299,streatham,STREATHAM_S8_P2312_R2,2024,215.5,889.8746394927537,933.33333324,-172.04130625275366
1300,streatham,STREATHAM_S8_P2312_R2,2023,307.0,1275.4,2795.268,1212.868
1301,streatham,STREATHAM_S6.2_P1231_R3,2024,226.5,958.3714365942028,1212.231182682,27.359746087797248
1302,streatham,STREATHAM_S6.2_P1231_R3,2023,226.5,961.9,0.0,-1188.4
1303,streatham,STREATHAM_S8_P3123_R1,2024,287.0,659.3,1674.75,728.45
1304,streatham,STREATHAM_S8_P3123_R1,2023,216.0,1399.8675999999998,0.0,-1615.8675999999998
1305,streatham,STREATHAM_S12_P0000_R1,2024,295.5,2152.9063351449277,3490.226838764,1041.8205036190725
1306,streatham,STREATHAM_S12_P0000_R1,2023,216.0,1399.8675999999998,0.0,-1615.8675999999998
1307,streatham,STREATHAM_S1.4_P2121_R1,2024,328.5,903.0347554347827,1811.37,579.8352445652172
1308,streatham,STREATHAM_S1.4_P2121_R1,2023,216.0,1442.3675999999998,0.0,-1658.3675999999998
1309,streatham,STREATHAM_S4_P2312_R3,2024,215.5,885.3147844202899,806.70362916,-294.11115526028993
1310,streatham,STREATHAM_S4_P2312_R3,2023,307.0,1275.4,2594.984,1012.5839999999998
1311,streatham,STREATHAM_S7_P3412_R3,2024,215.5,879.586204710145,1007.22446253,-87.86174218014503
1312,streatham,STREATHAM_S7_P3412_R3,2023,307.0,1275.4,2575.702,993.3020000000001
1313,streatham,STREATHAM_S2.2_P3412_R3,2024,339.5,1105.4593119565218,2448.85282257,1003.8935106134784
1314,streatham,STREATHAM_S2.2_P3412_R3,2023,216.0,1399.8675999999998,0.0,-1615.8675999999998
1315,streatham,STREATHAM_S11_P0000_R1,2024,295.5,2158.8602192028984,3461.9172987479997,1007.5570795451013
1316,streatham,STREATHAM_S11_P0000_R1,2023,212.5,1225.4225,0.0,-1437.9225
1317,streatham,STREATHAM_S13_P0000_R5,2023,226.5,961.9,0.0,-1188.4
1318,streatham,STREATHAM_S6.1_BUFFER_R2,2024,99.0,3868.75,0.0,-3967.75
1319,streatham,STREATHAM_S2.1_BUFFER_R1,2024,132.0,5661.036,0.0,-5793.036
1320,streatham,STREATHAM_S8_P3123_R3,2024,287.0,659.3,1766.16,819.8600000000001
1321,streatham,STREATHAM_S8_P3123_R3,2023,216.0,1399.8675999999998,0.0,-1615.8675999999998
1322,streatham,STREATHAM_S2.1_P3412_R1,2024,339.5,1084.7268101449274,2700.75555552,1276.5287453750727
1323,streatham,STREATHAM_S2.1_P3412_R1,2023,216.0,1352.3675999999998,0.0,-1568.3675999999998
1324,streatham,STREATHAM_S8_P1231_R1,2024,215.5,767.276393115942,1930.22446694,947.4480738240579
1325,streatham,STREATHAM_S8_P1231_R1,2023,248.5,994.926,0.0,-1243.426
1326,streatham,STREATHAM_S13_BUFFER_R2,2024,55.0,3666.0,0.0,-3721.0
1327,streatham,STREATHAM_S6.1_P1231_R2,2024,226.5,925.4431177536233,1539.29292945,387.3498116963767
1328,streatham,STREATHAM_S6.1_P1231_R2,2023,226.5,961.9,0.0,-1188.4
1329,streatham,STREATHAM_S2.4_BUFFER_R2,2024,121.0,5661.036,0.0,-5782.036
1330,streatham,STREATHAM_S3_P1234_R1,2024,215.5,867.2489583333333,968.51851866,-114.23043967333331
1331,streatham,STREATHAM_S3_P1234_R1,2023,292.5,1266.3500000000001,1189.0800000000002,-369.77
1332,streatham,STREATHAM_S2.2_P4123_R1,2024,320.0,836.633,3542.53575744,2385.9027574399997
1333,streatham,STREATHAM_S2.2_P4123_R1,2023,216.0,1399.8675999999998,0.0,-1615.8675999999998
1334,streatham,STREATHAM_S9.3_P1212_R3,2024,215.5,909.8117699275363,0.0,-1125.3117699275363
1335,streatham,STREATHAM_S9.3_P1212_R3,2023,276.5,1173.95,2935.218,1484.7679999999998
1336,streatham,STREATHAM_S5_P3123_R1,2024,295.5,810.9646539855073,3985.998156916,2879.5335029304924
1337,streatham,STREATHAM_S5_P3123_R1,2023,205.0,1354.4699999999998,0.0,-1559.4699999999998
1338,streatham,STREATHAM_S1.2_BUFFER_R3,2024,99.0,2646.7500000000005,0.0,-2745.7500000000005
1339,streatham,STREATHAM_S4_P1231_R2,2024,295.5,805.4104510869565,1809.803591272,708.8931401850434
1340,streatham,STREATHAM_S4_P1231_R2,2023,168.5,994.926,0.0,-1163.426
1341,streatham,STREATHAM_S6.2_P2312_R2,2024,215.5,889.1400597826088,899.99999991,-204.64005987260873
1342,streatham,STREATHAM_S6.2_P2312_R2,2023,307.0,1275.4,2568.86,986.46
1343,streatham,STREATHAM_S1.3_P2121_R1,2024,342.0,811.5450000000001,3247.797441312,2094.252441312
1344,streatham,STREATHAM_S1.3_P2121_R1,2023,216.0,1414.8675999999998,0.0,-1630.8675999999998
1345,streatham,STREATHAM_S6.2_P3123_R2,2024,298.0,646.475,1982.97,1038.495
1346,streatham,STREATHAM_S6.2_P3123_R2,2023,216.0,1399.8675999999998,0.0,-1615.8675999999998
1347,streatham,STREATHAM_S7_P1234_R1,2024,185.0,611.0,0.0,-796.0
1348,streatham,STREATHAM_S7_P1234_R1,2023,226.5,961.9,0.0,-1188.4
1349,streatham,STREATHAM_S6.2_BUFFER_R1,2024,99.0,3868.75,0.0,-3967.75
1350,streatham,STREATHAM_S1.3_BUFFER_R2,2024,99.0,2646.7500000000005,0.0,-2745.7500000000005
1351,streatham,STREATHAM_S4_P1231_R1,2024,295.5,805.4104510869565,1612.592592846,511.68214175904336
1352,streatham,STREATHAM_S4_P1231_R1,2023,168.5,994.926,0.0,-1163.426
1353,streatham,STREATHAM_S2.3_BUFFER_R3,2024,132.0,5661.036000000001,0.0,-5793.036000000001
1354,streatham,STREATHAM_S11_BUFFER_R1,2024,66.0,3917.1899999999987,0.0,-3983.1899999999987
1355,streatham,STREATHAM_S7_P2341_R2,2024,215.5,815.4328278985507,1106.475869664,75.54304176544917
1356,streatham,STREATHAM_S7_P2341_R2,2023,226.5,961.9,0.0,-1188.4
1357,streatham,STREATHAM_S2.2_P4123_R3,2024,320.0,836.633,3496.9935481800003,2340.3605481800005
1358,streatham,STREATHAM_S2.2_P4123_R3,2023,216.0,1399.8675999999998,0.0,-1615.8675999999998
1359,streatham,STREATHAM_S2.4_P3412_R2,2024,339.5,1111.9089351449275,2591.5803705,1140.1714353550724
1360,streatham,STREATHAM_S2.4_P3412_R2,2023,216.0,1442.3675999999998,0.0,-1658.3675999999998
1361,streatham,STREATHAM_S9.2_P1212_R1,2024,215.5,877.973509057971,798.14814816,-295.325360897971
1362,streatham,STREATHAM_S9.2_P1212_R1,2023,276.5,1123.9499999999998,0.0,-1400.4499999999998
1363,streatham,STREATHAM_S4_BUFFER_R3,2024,99.0,3916.75,0.0,-4015.75
1364,streatham,STREATHAM_S10_P2121_R2,2024,295.5,819.9151902173915,2394.9988102447996,1279.5836200274082
1365,streatham,STREATHAM_S10_P2121_R2,2023,177.0,1090.8799999999999,0.0,-1267.8799999999999
1366,streatham,STREATHAM_S9.1_P2121_R3,2024,287.0,654.1,3491.61217762,2550.51217762
1367,streatham,STREATHAM_S9.1_P2121_R3,2023,216.0,1399.8675999999998,0.0,-1615.8675999999998
1368,streatham,STREATHAM_S12_BUFFER_R1,2024,77.0,3917.1899999999987,0.0,-3994.1899999999987
1369,streatham,STREATHAM_S9.3_BUFFER_R3,2024,99.0,2649.2200000000003,0.0,-2748.2200000000003
1370,streatham,STREATHAM_S8_P3123_R2,2024,287.0,659.3,1897.5,951.2
1371,streatham,STREATHAM_S8_P3123_R2,2023,216.0,1399.8675999999998,0.0,-1615.8675999999998
1372,streatham,STREATHAM_S9.2_P2121_R2,2024,295.5,725.0014067028986,3140.4806394992,2119.9792327963014
1373,streatham,STREATHAM_S9.2_P2121_R2,2023,216.0,1399.8675999999998,0.0,-1615.8675999999998
1374,streatham,STREATHAM_S2.1_P2341_R1,2024,259.5,1077.0797666666667,865.7407407000001,-470.83902596666667
1375,streatham,STREATHAM_S2.1_P2341_R1,2023,307.0,1225.4,2690.772,1158.3719999999998
1376,streatham,STREATHAM_S9.1_BUFFER_R1,2024,99.0,2649.2200000000003,0.0,-2748.2200000000003
1377,streatham,STREATHAM_S1.2_BUFFER_R2,2024,99.0,2646.7500000000005,0.0,-2745.7500000000005
1378,streatham,STREATHAM_S6.1_BUFFER_R1,2024,99.0,3868.75,0.0,-3967.75
1379,streatham,STREATHAM_S1.1_P1212_R2,2024,248.5,1075.0870130434782,973.14814806,-350.4388649834782
1380,streatham,STREATHAM_S1.1_P1212_R2,2023,307.0,1225.4,2480.536,948.136
1381,streatham,STREATHAM_S3_P4123_R2,2024,320.0,836.633,3847.35181818,2690.71881818
1382,streatham,STREATHAM_S3_P4123_R2,2023,216.0,1399.8675999999998,0.0,-1615.8675999999998
1383,streatham,STREATHAM_S6.1_P3123_R2,2024,298.0,646.475,1719.96,775.485
1384,streatham,STREATHAM_S6.1_P3123_R2,2023,216.0,1399.8675999999998,0.0,-1615.8675999999998
1385,streatham,STREATHAM_S4_P3123_R1,2024,276.0,635.0,1813.35,902.3499999999999
1386,streatham,STREATHAM_S4_P3123_R1,2023,216.0,1399.8675999999998,0.0,-1615.8675999999998
1387,streatham,STREATHAM_S5_P1231_R2,2024,215.5,855.0121467391305,1136.1111111900002,65.59896445086974
1388,streatham,STREATHAM_S5_P1231_R2,2023,307.0,1275.4,2909.094,1326.694
1389,streatham,STREATHAM_S8_BUFFER_R3,2024,99.0,3965.3500000000004,0.0,-4064.3500000000004
1390,streatham,STREATHAM_S11_BUFFER_R3,2024,77.0,3917.19,0.0,-3994.19
1391,streatham,STREATHAM_S11_P0000_R5,2024,80.0,0.0,1633.38,1553.38
1392,streatham,STREATHAM_S11_P0000_R5,2023,212.5,1225.4225,0.0,-1437.9225
1393,streatham,STREATHAM_S3_BUFFER_R2,2024,132.0,5661.036000000001,0.0,-5793.036000000001
1394,streatham,STREATHAM_S13_P0000_R9,2023,226.5,961.9,0.0,-1188.4
1395,streatham,STREATHAM_S1.4_P2121_R3,2024,328.5,903.0347554347827,3865.18266119,2633.6479057552174
1396,streatham,STREATHAM_S1.4_P2121_R3,2023,216.0,1442.3675999999998,0.0,-1658.3675999999998
1397,streatham,STREATHAM_S2.3_P3412_R3,2024,339.5,1015.9049786231884,2827.64905929,1472.2440806668114
1398,streatham,STREATHAM_S2.3_P3412_R3,2023,216.0,1414.8675999999998,0.0,-1630.8675999999998
1399,streatham,STREATHAM_S2.1_P3412_R2,2024,339.5,1084.7268101449274,3374.7299998500002,1950.5031897050728
1400,streatham,STREATHAM_S2.1_P3412_R2,2023,216.0,1352.3675999999998,0.0,-1568.3675999999998
1401,streatham,STREATHAM_S6.1_P2312_R2,2024,215.5,926.8369873188406,844.4444444700001,-297.89254284884043
1402,streatham,STREATHAM_S6.1_P2312_R2,2023,307.0,1275.4,2592.496,1010.096
1403,streatham,STREATHAM_S13_P0000_R4,2023,226.5,961.9,0.0,-1188.4
1404,streatham,STREATHAM_S9.2_BUFFER_R1,2024,99.0,2649.2200000000003,0.0,-2748.2200000000003
1405,streatham,STREATHAM_S3_P1234_R3,2024,215.5,867.2489583333333,1500.6720428699998,417.92308453666647
1406,streatham,STREATHAM_S3_P1234_R3,2023,292.5,1266.3500000000001,1589.7600000000002,30.910000000000082
1407,streatham,STREATHAM_S1.1_P1212_R1,2024,248.5,1075.0870130434782,828.70370385,-494.8833091934782
1408,streatham,STREATHAM_S1.1_P1212_R1,2023,307.0,1225.4,2729.958,1197.558
1409,streatham,STREATHAM_S2.3_P4123_R2,2024,353.0,932.066,3171.78333342,1886.71733342
1410,streatham,STREATHAM_S2.3_P4123_R2,2023,216.0,1414.8675999999998,0.0,-1630.8675999999998
1411,streatham,STREATHAM_S11_P0000_R9,2024,80.0,0.0,1590.15,1510.15
1412,streatham,STREATHAM_S11_P0000_R9,2023,212.5,1225.4225,0.0,-1437.9225
1413,streatham,STREATHAM_S9.2_P2121_R1,2024,295.5,725.0014067028986,2944.1362963724996,1923.6348896696009
1414,streatham,STREATHAM_S9.2_P2121_R1,2023,216.0,1399.8675999999998,0.0,-1615.8675999999998
1415,streatham,STREATHAM_S11_P0000_R4,2024,80.0,0.0,1616.22,1536.22
1416,streatham,STREATHAM_S11_P0000_R4,2023,212.5,1225.4225,0.0,-1437.9225
1417,streatham,STREATHAM_S1.2_P1212_R3,2024,240.0,861.0076,856.6028225700001,-244.40477742999997
1418,streatham,STREATHAM_S1.2_P1212_R3,2023,307.0,1275.4,2361.734,779.3339999999998
1419,streatham,STREATHAM_S6.2_P2312_R1,2024,215.5,889.1400597826088,956.48148156,-148.15857822260875
1420,streatham,STREATHAM_S6.2_P2312_R1,2023,307.0,1275.4,2705.078,1122.6779999999999
1421,streatham,STREATHAM_S2.3_P1234_R3,2024,270.5,959.1082771739132,1849.697580906,620.0893037320868
1422,streatham,STREATHAM_S2.3_P1234_R3,2023,281.5,1241.5525,1586.5200000000002,63.4675000000002
1423,streatham,STREATHAM_S2.2_P1234_R1,2024,248.5,910.4324655797102,1815.03928187,656.1068162902898
1424,streatham,STREATHAM_S2.2_P1234_R1,2023,292.5,1266.3500000000001,1274.94,-283.9100000000001
1425,streatham,STREATHAM_S2.4_BUFFER_R3,2024,132.0,5661.036,0.0,-5793.036
1426,streatham,STREATHAM_S9.3_BUFFER_R2,2024,99.0,2649.2200000000003,0.0,-2748.2200000000003
1427,streatham,STREATHAM_S13_BUFFER_R3,2024,55.0,3666.0,0.0,-3721.0
1428,streatham,STREATHAM_S10_P2121_R3,2024,295.5,819.9151902173915,2240.2569400167004,1124.841749799309
1429,streatham,STREATHAM_S10_P2121_R3,2023,177.0,1090.8799999999999,0.0,-1267.8799999999999
1430,streatham,STREATHAM_S5_P3123_R2,2024,295.5,810.9646539855073,3574.057467892,2467.5928139064927
1431,streatham,STREATHAM_S5_P3123_R2,2023,205.0,1354.4699999999998,0.0,-1559.4699999999998
1432,streatham,STREATHAM_S9.1_BUFFER_R3,2024,99.0,2649.2200000000003,0.0,-2748.2200000000003
1433,streatham,STREATHAM_S2.3_BUFFER_R2,2024,132.0,5661.036,0.0,-5793.036
1434,streatham,STREATHAM_S9.1_BUFFER_R2,2024,99.0,2649.2200000000003,0.0,-2748.2200000000003
1435,streatham,STREATHAM_S6.2_P1231_R1,2024,226.5,958.3714365942029,1301.94163872,117.07020212579698
1436,streatham,STREATHAM_S6.2_P1231_R1,2023,226.5,961.9,0.0,-1188.4
1437,streatham,STREATHAM_S3_P4123_R1,2024,320.0,836.633,1928.85,772.2169999999999
1438,streatham,STREATHAM_S3_P4123_R1,2023,216.0,1399.8675999999998,0.0,-1615.8675999999998
1439,streatham,STREATHAM_S9.1_P2121_R1,2024,287.0,654.1,3421.6668015354,2480.5668015354
1440,streatham,STREATHAM_S9.1_P2121_R1,2023,216.0,1399.8675999999998,0.0,-1615.8675999999998
1441,streatham,STREATHAM_S12_BUFFER_R3,2024,77.0,3917.1899999999996,0.0,-3994.1899999999996
1442,streatham,STREATHAM_S11_P0000_R3,2024,295.5,2158.8602192028984,3423.104360588,968.7441413851016
1443,streatham,STREATHAM_S11_P0000_R3,2023,212.5,1225.4225,0.0,-1437.9225
1444,streatham,STREATHAM_S13_P0000_R2,2024,185.0,1833.0,0.0,-2018.0
1445,streatham,STREATHAM_S13_P0000_R2,2023,226.5,961.9,0.0,-1188.4
1446,streatham,STREATHAM_S1.4_BUFFER_R1,2024,99.0,2646.7500000000005,0.0,-2745.7500000000005
1447,streatham,STREATHAM_S4_P2312_R2,2024,215.5,885.3147844202899,870.3703704300001,-230.44441399028983
1448,streatham,STREATHAM_S4_P2312_R2,2023,307.0,1275.4,2581.922,999.5219999999999
1449,streatham,STREATHAM_S6.2_BUFFER_R3,2024,99.0,3868.75,0.0,-3967.75
1450,streatham,STREATHAM_S12_P0000_R6,2024,80.0,0.0,1605.45,1525.45
1451,streatham,STREATHAM_S12_P0000_R6,2023,216.0,1399.8675999999998,0.0,-1615.8675999999998
1452,streatham,STREATHAM_S11_P0000_R6,2024,80.0,0.0,1514.58,1434.58
1453,streatham,STREATHAM_S11_P0000_R6,2023,212.5,1225.4225,0.0,-1437.9225
1454,streatham,STREATHAM_S1.1_P2121_R1,2024,328.5,852.0550362318841,3961.22366973,2780.668633498116
1455,streatham,STREATHAM_S1.1_P2121_R1,2023,216.0,1352.3675999999998,0.0,-1568.3675999999998
1456,streatham,STREATHAM_S2.1_P4123_R3,2024,320.0,836.633,2828.7972582600005,1672.1642582600005
1457,streatham,STREATHAM_S2.1_P4123_R3,2023,216.0,1352.3675999999998,0.0,-1568.3675999999998
1458,streatham,STREATHAM_S6.2_P3123_R1,2024,298.0,646.475,1974.72,1030.245
1459,streatham,STREATHAM_S6.2_P3123_R1,2023,216.0,1399.8675999999998,0.0,-1615.8675999999998
1460,streatham,STREATHAM_S2.2_BUFFER_R1,2024,132.0,5661.036,0.0,-5793.036
1461,streatham,STREATHAM_S10_BUFFER_R3,2024,77.0,2530.2,0.0,-2607.2
1462,streatham,STREATHAM_S9.1_P2121_R2,2024,287.0,654.1,2968.2344783488998,2027.1344783488998
1463,streatham,STREATHAM_S9.1_P2121_R2,2023,216.0,1399.8675999999998,0.0,-1615.8675999999998
1464,streatham,STREATHAM_S10_P2121_R1,2024,295.5,819.9151902173915,2116.2673287372,1000.8521385198085
1465,streatham,STREATHAM_S10_P2121_R1,2023,177.0,1090.8799999999999,0.0,-1267.8799999999999
1466,streatham,STREATHAM_S2.1_P4123_R2,2024,320.0,836.633,3016.89272712,1860.25972712
1467,streatham,STREATHAM_S2.1_P4123_R2,2023,216.0,1352.3675999999998,0.0,-1568.3675999999998
1468,streatham,STREATHAM_S5_P1231_R3,2024,215.5,855.0121467391305,1030.32594093,-40.18620580913057
1469,streatham,STREATHAM_S5_P1231_R3,2023,307.0,1275.4,2907.228,1324.828
1470,streatham,STREATHAM_S1.1_P1212_R3,2024,248.5,1075.0870130434782,1055.27553747,-268.3114755734782
1471,streatham,STREATHAM_S1.1_P1212_R3,2023,307.0,1225.4,2267.19,734.79
1472,streatham,STREATHAM_S1.3_P1212_R1,2024,240.0,831.6825999999999,860.18518509,-211.49741490999986
1473,streatham,STREATHAM_S1.3_P1212_R1,2023,279.0,1160.3999999999999,2420.824,981.4240000000002
1474,streatham,STREATHAM_S9.2_BUFFER_R3,2024,99.0,2649.2200000000003,0.0,-2748.2200000000003
1475,streatham,STREATHAM_S7_BUFFER_R1,2024,99.0,5090.75,0.0,-5189.75
1476,streatham,STREATHAM_S6.1_P2312_R1,2024,215.5,926.8369873188406,667.59259248,-474.74439483884055
1477,streatham,STREATHAM_S6.1_P2312_R1,2023,307.0,1275.4,2690.772,1108.3719999999998
1478,streatham,STREATHAM_S5_P2312_R2,2024,317.5,911.807277173913,3223.1495624199997,1993.8422852460867
1479,streatham,STREATHAM_S5_P2312_R2,2023,216.0,1399.8675999999998,0.0,-1615.8675999999998
1480,streatham,STREATHAM_S1.4_BUFFER_R2,2024,99.0,2646.7500000000005,0.0,-2745.7500000000005
1481,streatham,STREATHAM_S7_P3412_R2,2024,215.5,879.586204710145,899.07407403,-196.012130680145
1482,streatham,STREATHAM_S7_P3412_R2,2023,307.0,1275.4,2876.75,1294.35
1483,streatham,STREATHAM_S5_P2312_R3,2024,317.5,911.807277173913,3095.943512642,1866.6362354680869
1484,streatham,STREATHAM_S5_P2312_R3,2023,216.0,1399.8675999999998,0.0,-1615.8675999999998
1485,streatham,STREATHAM_S2.4_P2341_R3,2024,259.5,1141.533833695652,1022.93346771,-378.10036598565205
1486,streatham,STREATHAM_S2.4_P2341_R3,2023,307.0,1315.4,2785.938,1163.538
1487,streatham,STREATHAM_S9.2_P2121_R3,2024,295.5,725.0014067028986,1341.78,321.27859329710134
1488,streatham,STREATHAM_S9.2_P2121_R3,2023,216.0,1399.8675999999998,0.0,-1615.8675999999998
1489,streatham,STREATHAM_S8_P1231_R3,2024,215.5,767.276393115942,2056.961245678,1074.184852562058
1490,streatham,STREATHAM_S8_P1231_R3,2023,248.5,994.926,0.0,-1243.426
1491,streatham,STREATHAM_S1.3_P1212_R3,2024,240.0,831.6825999999999,1021.08534957,-50.59725042999992
1492,streatham,STREATHAM_S1.3_P1212_R3,2023,279.0,1160.3999999999999,1109.648,-329.75199999999995
1493,streatham,STREATHAM_S7_P4123_R1,2024,265.0,611.0,1855.26,979.26
1494,streatham,STREATHAM_S7_P4123_R1,2023,216.0,1399.8675999999998,0.0,-1615.8675999999998
1495,streatham,STREATHAM_S2.1_P4123_R1,2024,320.0,836.633,1856.25,699.617
1496,streatham,STREATHAM_S2.1_P4123_R1,2023,216.0,1352.3675999999998,0.0,-1568.3675999999998
1497,streatham,STREATHAM_S5_P3123_R3,2024,295.5,810.9646539855073,3679.825691948,2573.3610379624924
1498,streatham,STREATHAM_S5_P3123_R3,2023,205.0,1354.4699999999998,0.0,-1559.4699999999998
1499,streatham,STREATHAM_S9.3_P2121_R2,2024,295.5,767.4003496376812,3139.9737707889,2077.0734211512186
1500,streatham,STREATHAM_S9.3_P2121_R2,2023,216.0,1399.8675999999998,0.0,-1615.8675999999998
1501,streatham,STREATHAM_S9.3_P1212_R1,2024,215.5,909.8117699275363,823.1481482400001,-302.1636216875362
1502,streatham,STREATHAM_S9.3_P1212_R1,2023,276.5,1173.95,2991.198,1540.7479999999998
1503,streatham,STREATHAM_S5_P2312_R1,2024,317.5,911.807277173913,2611.353277134,1382.045999960087
1504,streatham,STREATHAM_S5_P2312_R1,2023,216.0,1399.8675999999998,0.0,-1615.8675999999998
1505,streatham,STREATHAM_S7_P1234_R3,2024,185.0,611.0,0.0,-796.0
1506,streatham,STREATHAM_S7_P1234_R3,2023,226.5,961.9,0.0,-1188.4
1507,streatham,STREATHAM_S9.1_P1212_R2,2024,215.5,876.8992771739131,919.44444438,-172.95483279391306
1508,streatham,STREATHAM_S9.1_P1212_R2,2023,259.5,1073.95,2670.246,1336.796
1509,streatham,STREATHAM_S12_P0000_R3,2024,295.5,2152.9063351449277,3342.9630883560003,894.5567532110726
1510,streatham,STREATHAM_S12_P0000_R3,2023,216.0,1399.8675999999998,0.0,-1615.8675999999998
1511,streatham,STREATHAM_S1.2_P2121_R1,2024,320.0,736.3900000000001,4171.811908252,3115.4219082519994
1512,streatham,STREATHAM_S1.2_P2121_R1,2023,216.0,1399.8675999999998,0.0,-1615.8675999999998
1513,streatham,STREATHAM_S2.3_P3412_R1,2024,339.5,1015.9049786231884,1817.62925916,462.22428053681153
1514,streatham,STREATHAM_S2.3_P3412_R1,2023,216.0,1414.8675999999998,0.0,-1630.8675999999998
1515,manang,MANANG_S1.3_P1231_R1,2024,230.0,451.37148745,330.0,-351.37148745
1516,manang,MANANG_S1.3_P1231_R1,2025,22.0,39.2,0.0,-61.2
1517,manang,MANANG_S1.3_P1231_R1,2023,215.5,518.5971999999999,708.5,-25.59719999999993
1518,manang,MANANG_S9_P3123_R1,2024,193.5,210.7522,0.0,-404.2522
1519,manang,MANANG_S9_P3123_R1,2025,22.0,39.2,0.0,-61.2
1520,manang,MANANG_S9_P3123_R1,2023,224.0,517.72,0.0,-741.72
1521,manang,MANANG_S8.1_P1231_R3,2024,221.5,407.6677994,627.0,-2.1677993999999785
1522,manang,MANANG_S8.1_P1231_R3,2025,22.0,39.2,0.0,-61.2
1523,manang,MANANG_S8.1_P1231_R3,2023,204.5,524.5,0.0,-729.0
1524,manang,MANANG_S5_P4123_R1,2024,193.5,189.30169999999998,65.0,-317.8017
1525,manang,MANANG_S5_P4123_R1,2025,22.0,39.2,0.0,-61.2
1526,manang,MANANG_S5_P4123_R1,2023,202.0,434.32,921.03,284.71
1527,manang,MANANG_S1.2_P3123_R3,2024,193.5,189.3017,1625.0,1242.1983
1528,manang,MANANG_S1.2_P3123_R3,2025,22.0,39.2,0.0,-61.2
1529,manang,MANANG_S1.2_P3123_R3,2023,191.0,434.32,1215.72,590.4000000000001
1530,manang,MANANG_S10.2_P3123_R2,2024,219.0,354.18498065,627.0,53.81501935
1531,manang,MANANG_S10.2_P3123_R2,2025,22.0,39.2,0.0,-61.2
1532,manang,MANANG_S10.2_P3123_R2,2023,191.0,434.32,910.14,284.82
1533,manang,MANANG_S2_P2121_R2,2024,193.5,189.30169999999998,325.0,-57.80169999999998
1534,manang,MANANG_S2_P2121_R2,2025,22.0,39.2,0.0,-61.2
1535,manang,MANANG_S2_P2121_R2,2023,202.0,434.32,992.31,355.98999999999995
1536,manang,MANANG_S1.2_BUFFER_R3,2024,108.5,1054.411,0.0,-1162.911
1537,manang,MANANG_S1.2_BUFFER_R3,2025,22.0,196.0,0.0,-218.0
1538,manang,MANANG_S1.2_P2312_R1,2024,230.0,405.9979634,264.0,-371.9979634
1539,manang,MANANG_S1.2_P2312_R1,2025,22.0,39.2,0.0,-61.2
1540,manang,MANANG_S1.2_P2312_R1,2023,202.0,434.32,1105.17,468.8500000000001
1541,manang,MANANG_S8.2_P2312_R2,2024,230.0,364.08917620000005,594.0,-0.089176200000054
1542,manang,MANANG_S8.2_P2312_R2,2025,22.0,39.2,0.0,-61.2
1543,manang,MANANG_S8.2_P2312_R2,2023,213.0,434.32,1105.17,457.8500000000001
1544,manang,MANANG_S10.1_P1231_R3,2024,230.0,393.24006640000005,693.0,69.75993359999995
1545,manang,MANANG_S10.1_P1231_R3,2025,22.0,39.2,0.0,-61.2
1546,manang,MANANG_S10.1_P1231_R3,2023,213.0,448.4972,0.0,-661.4972
1547,manang,MANANG_S1.1_P1231_R2,2024,213.0,294.26919999999996,594.0,86.73080000000004
1548,manang,MANANG_S1.1_P1231_R2,2025,22.0,39.2,0.0,-61.2
1549,manang,MANANG_S1.1_P1231_R2,2023,204.5,501.3472,468.0,-237.8472
1550,manang,MANANG_S4_P2341_R3,2024,221.5,376.47051765000003,726.0,128.02948234999997
1551,manang,MANANG_S4_P2341_R3,2025,22.0,39.2,0.0,-61.2
1552,manang,MANANG_S4_P2341_R3,2023,191.0,450.5,832.236,190.736
1553,manang,MANANG_S4_P4123_R1,2024,193.5,189.3017,130.0,-252.8017
1554,manang,MANANG_S4_P4123_R1,2025,22.0,39.2,0.0,-61.2
1555,manang,MANANG_S4_P4123_R1,2023,213.0,434.32,1032.57,385.24999999999994
1556,manang,MANANG_S5_P2341_R1,2024,230.0,432.25104230000005,363.0,-299.25104230000005
1557,manang,MANANG_S5_P2341_R1,2025,22.0,39.2,0.0,-61.2
1558,manang,MANANG_S5_P2341_R1,2023,202.0,434.32,1029.93,393.61000000000007
1559,manang,MANANG_S8.2_BUFFER_R3,2024,119.5,1066.152,0.0,-1185.652
1560,manang,MANANG_S8.2_BUFFER_R3,2025,22.0,196.0,0.0,-218.0
1561,manang,MANANG_S8.2_P2312_R3,2024,230.0,364.08917620000005,858.0,263.91082379999995
1562,manang,MANANG_S8.2_P2312_R3,2025,22.0,39.2,0.0,-61.2
1563,manang,MANANG_S8.2_P2312_R3,2023,202.0,434.32,768.9000000000001,132.5800000000001
1564,manang,MANANG_S10.1_BUFFER_R2,2024,117.0,1315.3912,0.0,-1432.3912
1565,manang,MANANG_S10.1_BUFFER_R2,2025,22.0,235.2,0.0,-257.2
1566,manang,MANANG_S10.1_BUFFER_R1,2024,117.0,1315.3912,0.0,-1432.3912
1567,manang,MANANG_S10.1_BUFFER_R1,2025,22.0,235.2,0.0,-257.2
1568,manang,MANANG_S1.3_P1231_R2,2024,230.0,451.37148745,561.0,-120.37148745000002
1569,manang,MANANG_S1.3_P1231_R2,2025,22.0,39.2,0.0,-61.2
1570,manang,MANANG_S1.3_P1231_R2,2023,226.5,501.3472,670.15,-57.69720000000001
1571,manang,MANANG_S2_P2121_R3,2024,193.5,189.30169999999998,195.0,-187.80169999999998
1572,manang,MANANG_S2_P2121_R3,2025,22.0,39.2,0.0,-61.2
1573,manang,MANANG_S2_P2121_R3,2023,202.0,434.32,1050.06,413.73999999999995
1574,manang,MANANG_S5_P3412_R3,2024,230.0,386.07162275,99.0,-517.07162275
1575,manang,MANANG_S5_P3412_R3,2025,22.0,39.2,0.0,-61.2
1576,manang,MANANG_S5_P3412_R3,2023,202.0,434.32,1146.75,510.43
1577,manang,MANANG_S2_BUFFER_R2,2024,100.0,829.1418000000001,0.0,-929.1418000000001
1578,manang,MANANG_S2_BUFFER_R2,2025,22.0,156.8,0.0,-178.8
1579,manang,MANANG_S9_P2312_R1,2024,210.5,434.56885679999993,1213.8,568.7311432
1580,manang,MANANG_S9_P2312_R1,2025,22.0,39.2,0.0,-61.2
1581,manang,MANANG_S9_P2312_R1,2023,202.0,434.32,938.19,301.87000000000006
1582,manang,MANANG_S1.1_P1231_R3,2024,213.0,294.26919999999996,660.0,152.73080000000004
1583,manang,MANANG_S1.1_P1231_R3,2025,22.0,39.2,0.0,-61.2
1584,manang,MANANG_S1.1_P1231_R3,2023,215.5,501.3472,659.1,-57.747199999999964
1585,manang,MANANG_S8.1_P3123_R1,2024,204.5,215.80219999999997,0.0,-420.30219999999997
1586,manang,MANANG_S8.1_P3123_R1,2025,22.0,39.2,0.0,-61.2
1587,manang,MANANG_S8.1_P3123_R1,2023,191.0,434.32,1071.51,446.19
1588,manang,MANANG_S1.3_BUFFER_R3,2024,117.0,1279.6801999999998,0.0,-1396.6801999999998
1589,manang,MANANG_S1.3_BUFFER_R3,2025,22.0,235.2,0.0,-257.2
1590,manang,MANANG_S10.2_P1231_R1,2024,221.5,375.07880444999995,198.0,-398.57880444999995
1591,manang,MANANG_S10.2_P1231_R1,2025,22.0,39.2,0.0,-61.2
1592,manang,MANANG_S10.2_P1231_R1,2023,213.0,448.4972,0.0,-661.4972
1593,manang,MANANG_S12_P0000_R8,2024,133.0,255.26919999999998,0.0,-388.26919999999996
1594,manang,MANANG_S12_P0000_R8,2025,22.0,39.2,0.0,-61.2
1595,manang,MANANG_S12_P0000_R8,2023,171.5,412.09999999999997,712.1899999999999,128.58999999999997
1596,manang,MANANG_S1.2_BUFFER_R2,2024,117.0,1279.6802,0.0,-1396.6802
1597,manang,MANANG_S1.2_BUFFER_R2,2025,22.0,235.2,0.0,-257.2
1598,manang,MANANG_S10.1_P2312_R2,2024,230.0,398.2465015,561.0,-67.24650150000002
1599,manang,MANANG_S10.1_P2312_R2,2025,22.0,39.2,0.0,-61.2
1600,manang,MANANG_S10.1_P2312_R2,2023,204.5,409.82,978.78,364.46
1601,manang,MANANG_S8.2_P1231_R3,2024,221.5,363.6054763,660.0,74.89452369999998
1602,manang,MANANG_S8.2_P1231_R3,2025,22.0,39.2,0.0,-61.2
1603,manang,MANANG_S8.2_P1231_R3,2023,215.5,524.5,0.0,-740.0
1604,manang,MANANG_S5_BUFFER_R1,2024,134.0,1730.2186000000002,0.0,-1864.2186000000002
1605,manang,MANANG_S5_BUFFER_R1,2025,22.0,313.6,0.0,-335.6
1606,manang,MANANG_S13_P0000_R2,2024,221.5,311.91542175,506.0,-27.415421750000007
1607,manang,MANANG_S13_P0000_R2,2025,22.0,39.2,0.0,-61.2
1608,manang,MANANG_S13_P0000_R2,2023,182.5,513.0999999999999,732.094,36.49400000000014
1609,manang,MANANG_S11_BUFFER_R3,2024,100.0,864.8528,0.0,-964.8528
1610,manang,MANANG_S11_BUFFER_R3,2025,22.0,156.8,0.0,-178.8
1611,manang,MANANG_S10.1_P2312_R3,2024,230.0,398.2465015,792.0,163.75349849999998
1612,manang,MANANG_S10.1_P2312_R3,2025,22.0,39.2,0.0,-61.2
1613,manang,MANANG_S10.1_P2312_R3,2023,193.5,409.82,1116.39,513.0700000000002
1614,manang,MANANG_S4_P1234_R3,2024,210.5,357.80696340000003,497.6,-70.7069634
1615,manang,MANANG_S4_P1234_R3,2025,22.0,39.2,0.0,-61.2
1616,manang,MANANG_S4_P1234_R3,2023,226.5,501.3472,574.6,-153.24719999999996
1617,manang,MANANG_S13_P0000_R7,2024,133.0,253.76919999999998,0.0,-386.76919999999996
1618,manang,MANANG_S13_P0000_R7,2025,22.0,39.2,0.0,-61.2
1619,manang,MANANG_S13_P0000_R7,2023,171.5,513.0999999999999,882.618,198.01800000000014
1620,manang,MANANG_S3_P3123_R2,2024,193.5,189.30169999999998,1040.0,657.1983
1621,manang,MANANG_S3_P3123_R2,2025,22.0,39.2,0.0,-61.2
1622,manang,MANANG_S3_P3123_R2,2023,202.0,434.32,1192.62,556.3
1623,manang,MANANG_S1.3_P2312_R3,2024,221.5,498.44224845,627.0,-92.94224845000002
1624,manang,MANANG_S1.3_P2312_R3,2025,22.0,39.2,0.0,-61.2
1625,manang,MANANG_S1.3_P2312_R3,2023,191.0,479.32,1080.42,410.1000000000001
1626,manang,MANANG_S9_P1231_R2,2024,221.5,362.70835425,759.0,174.79164575
1627,manang,MANANG_S9_P1231_R2,2025,22.0,39.2,0.0,-61.2
1628,manang,MANANG_S9_P1231_R2,2023,226.5,524.5,0.0,-751.0
1629,manang,MANANG_S6_P1111_R1,2024,230.0,416.05148280000003,313.5,-332.55148280000003
1630,manang,MANANG_S6_P1111_R1,2025,22.0,39.2,0.0,-61.2
1631,manang,MANANG_S6_P1111_R1,2023,191.0,434.32,1136.85,511.5299999999999
1632,manang,MANANG_S8.2_P1231_R1,2024,221.5,363.6054763,528.0,-57.10547630000002
1633,manang,MANANG_S8.2_P1231_R1,2025,22.0,39.2,0.0,-61.2
1634,manang,MANANG_S8.2_P1231_R1,2023,226.5,524.5,0.0,-751.0
1635,manang,MANANG_S13_P0000_R8,2024,133.0,253.76919999999998,0.0,-386.76919999999996
1636,manang,MANANG_S13_P0000_R8,2025,22.0,39.2,0.0,-61.2
1637,manang,MANANG_S13_P0000_R8,2023,182.5,513.0999999999999,896.302,200.7020000000001
1638,manang,MANANG_S10.2_P2312_R1,2024,221.5,403.34943890000005,231.0,-393.84943890000005
1639,manang,MANANG_S10.2_P2312_R1,2025,22.0,39.2,0.0,-61.2
1640,manang,MANANG_S10.2_P2312_R1,2023,180.0,434.32,1206.48,592.1600000000001
1641,manang,MANANG_S7_P1231_R1,2024,230.0,439.26265870000003,627.0,-42.26265870000003
1642,manang,MANANG_S7_P1231_R1,2025,22.0,39.2,0.0,-61.2
1643,manang,MANANG_S7_P1231_R1,2023,44.0,307.45,0.0,-351.45
1644,manang,MANANG_S11_BUFFER_R1,2024,100.0,864.8527999999999,0.0,-964.8527999999999
1645,manang,MANANG_S11_BUFFER_R1,2025,22.0,156.8,0.0,-178.8
1646,manang,MANANG_S6_BUFFER_R3,2024,100.0,901.0768,0.0,-1001.0768
1647,manang,MANANG_S6_BUFFER_R3,2025,22.0,156.8,0.0,-178.8
1648,manang,MANANG_S2_BUFFER_R1,2024,100.0,829.1418,0.0,-929.1418
1649,manang,MANANG_S2_BUFFER_R1,2025,22.0,156.8,0.0,-178.8
1650,manang,MANANG_S3_P1231_R1,2024,193.5,189.30169999999998,130.0,-252.80169999999998
1651,manang,MANANG_S3_P1231_R1,2025,22.0,39.2,0.0,-61.2
1652,manang,MANANG_S3_P1231_R1,2023,204.5,501.3472,577.2,-128.64719999999994
1653,manang,MANANG_S1.3_P1231_R3,2024,230.0,451.37148745,132.0,-549.37148745
1654,manang,MANANG_S1.3_P1231_R3,2025,22.0,39.2,0.0,-61.2
1655,manang,MANANG_S1.3_P1231_R3,2023,204.5,501.3472,564.2,-141.64719999999994
1656,manang,MANANG_S4_P3412_R3,2024,230.0,389.30201015000006,726.0,106.69798984999994
1657,manang,MANANG_S4_P3412_R3,2025,22.0,39.2,0.0,-61.2
1658,manang,MANANG_S4_P3412_R3,2023,191.0,434.32,816.09,190.77000000000004
1659,manang,MANANG_S9_P1231_R3,2024,221.5,362.70835425,792.0,207.79164575
1660,manang,MANANG_S9_P1231_R3,2025,22.0,39.2,0.0,-61.2
1661,manang,MANANG_S9_P1231_R3,2023,226.5,524.5,0.0,-751.0
1662,manang,MANANG_S10.1_P3123_R1,2024,193.5,207.1572,297.0,-103.65719999999999
1663,manang,MANANG_S10.1_P3123_R1,2025,22.0,39.2,0.0,-61.2
1664,manang,MANANG_S10.1_P3123_R1,2023,182.5,409.82,1079.1,486.7799999999999
1665,manang,MANANG_S1.1_P2312_R2,2024,213.0,315.7692,495.0,-33.76920000000001
1666,manang,MANANG_S1.1_P2312_R2,2025,22.0,39.2,0.0,-61.2
1667,manang,MANANG_S1.1_P2312_R2,2023,213.0,458.82,1110.45,438.63000000000005
1668,manang,MANANG_S8.2_BUFFER_R1,2024,119.5,1096.249,0.0,-1215.749
1669,manang,MANANG_S8.2_BUFFER_R1,2025,22.0,196.0,0.0,-218.0
1670,manang,MANANG_S7_P1231_R2,2024,230.0,439.26265870000003,561.0,-108.26265870000003
1671,manang,MANANG_S7_P1231_R2,2025,22.0,39.2,0.0,-61.2
1672,manang,MANANG_S7_P1231_R2,2023,55.0,307.45,0.0,-362.45
1673,manang,MANANG_S13_BUFFER_R2,2024,106.0,1351.6152000000002,0.0,-1457.6152000000002
1674,manang,MANANG_S13_BUFFER_R2,2025,22.0,235.2,0.0,-257.2
1675,manang,MANANG_S3_P2312_R1,2024,221.5,402.6359803,561.0,-63.13598030000003
1676,manang,MANANG_S3_P2312_R1,2025,22.0,39.2,0.0,-61.2
1677,manang,MANANG_S3_P2312_R1,2023,193.5,501.3472,613.6,-81.24719999999996
1678,manang,MANANG_S1.2_P2312_R3,2024,230.0,405.9979634,726.0,90.0020366
1679,manang,MANANG_S1.2_P2312_R3,2025,22.0,39.2,0.0,-61.2
1680,manang,MANANG_S1.2_P2312_R3,2023,202.0,434.32,970.2,333.88000000000005
1681,manang,MANANG_S12_P0000_R5,2024,133.0,255.26919999999998,0.0,-388.26919999999996
1682,manang,MANANG_S12_P0000_R5,2025,22.0,39.2,0.0,-61.2
1683,manang,MANANG_S12_P0000_R5,2023,193.5,412.09999999999997,1021.324,415.724
1684,manang,MANANG_S9_P2312_R3,2024,210.5,434.5688568,1190.0,544.9311432
1685,manang,MANANG_S9_P2312_R3,2025,22.0,39.2,0.0,-61.2
1686,manang,MANANG_S9_P2312_R3,2023,202.0,434.32,1002.21,365.89000000000004
1687,manang,MANANG_S1.3_P3123_R3,2024,193.5,189.30169999999998,195.0,-187.80169999999998
1688,manang,MANANG_S1.3_P3123_R3,2025,22.0,39.2,0.0,-61.2
1689,manang,MANANG_S1.3_P3123_R3,2023,213.0,479.32,1038.18,345.86000000000007
1690,manang,MANANG_S13_P0000_R4,2024,133.0,253.76919999999998,0.0,-386.76919999999996
1691,manang,MANANG_S13_P0000_R4,2025,22.0,39.2,0.0,-61.2
1692,manang,MANANG_S13_P0000_R4,2023,193.5,513.1,918.072,211.47199999999998
1693,manang,MANANG_S1.3_P3123_R1,2024,193.5,189.30169999999998,130.0,-252.80169999999998
1694,manang,MANANG_S1.3_P3123_R1,2025,22.0,39.2,0.0,-61.2
1695,manang,MANANG_S1.3_P3123_R1,2023,202.0,479.32,1187.34,506.0199999999999
1696,manang,MANANG_S11_P1212_R3,2024,230.0,386.26415265,792.0,175.73584734999997
1697,manang,MANANG_S11_P1212_R3,2025,22.0,39.2,0.0,-61.2
1698,manang,MANANG_S11_P1212_R3,2023,213.0,448.4972,0.0,-661.4972
1699,manang,MANANG_S3_P3123_R3,2024,193.5,189.30169999999998,1495.0,1112.1983
1700,manang,MANANG_S3_P3123_R3,2025,22.0,39.2,0.0,-61.2
1701,manang,MANANG_S3_P3123_R3,2023,191.0,434.32,821.0400000000001,195.72000000000008
1702,manang,MANANG_S8.2_P3123_R1,2024,193.5,210.75219999999996,0.0,-404.25219999999996
1703,manang,MANANG_S8.2_P3123_R1,2025,22.0,39.2,0.0,-61.2
1704,manang,MANANG_S8.2_P3123_R1,2023,202.0,434.32,948.42,312.09999999999997
1705,manang,MANANG_S1.2_P1231_R1,2024,230.0,380.6001286,561.0,-49.600128600000005
1706,manang,MANANG_S1.2_P1231_R1,2025,22.0,39.2,0.0,-61.2
1707,manang,MANANG_S1.2_P1231_R1,2023,215.5,518.5972,498.55,-235.54720000000003
1708,manang,MANANG_S4_P1234_R2,2024,210.5,357.80696340000003,373.2,-195.10696340000004
1709,manang,MANANG_S4_P1234_R2,2025,22.0,39.2,0.0,-61.2
1710,manang,MANANG_S4_P1234_R2,2023,204.5,501.3472,701.35,-4.497199999999964
1711,manang,MANANG_S10.2_BUFFER_R2,2024,108.5,1090.122,0.0,-1198.622
1712,manang,MANANG_S10.2_BUFFER_R2,2025,22.0,196.0,0.0,-218.0
1713,manang,MANANG_S13_P0000_R1,2024,221.5,311.91542175,385.00000000000006,-148.41542174999995
1714,manang,MANANG_S13_P0000_R1,2025,22.0,39.2,0.0,-61.2
1715,manang,MANANG_S13_P0000_R1,2023,182.5,513.0999999999999,567.264,-128.3359999999999
1716,manang,MANANG_S8.1_P3123_R3,2024,204.5,215.80219999999997,0.0,-420.30219999999997
1717,manang,MANANG_S8.1_P3123_R3,2025,22.0,39.2,0.0,-61.2
1718,manang,MANANG_S8.1_P3123_R3,2023,202.0,434.32,1104.51,468.19
1719,manang,MANANG_S5_P1234_R3,2024,230.0,397.1617173,759.0,131.83828269999998
1720,manang,MANANG_S5_P1234_R3,2025,22.0,39.2,0.0,-61.2
1721,manang,MANANG_S5_P1234_R3,2023,204.5,501.3472,616.2,-89.64719999999994
1722,manang,MANANG_S11_P2121_R3,2024,210.5,371.52683735000005,660.0,77.97316264999995
1723,manang,MANANG_S11_P2121_R3,2025,22.0,39.2,0.0,-61.2
1724,manang,MANANG_S11_P2121_R3,2023,202.0,434.32,949.74,313.42
1725,manang,MANANG_S10.2_P1231_R3,2024,221.5,375.07880445,693.0,96.42119555
1726,manang,MANANG_S10.2_P1231_R3,2025,22.0,39.2,0.0,-61.2
1727,manang,MANANG_S10.2_P1231_R3,2023,213.0,448.4972,0.0,-661.4972
1728,manang,MANANG_S3_P2312_R3,2024,221.5,402.6359803,858.0,233.86401969999997
1729,manang,MANANG_S3_P2312_R3,2025,22.0,39.2,0.0,-61.2
1730,manang,MANANG_S3_P2312_R3,2023,193.5,501.3472,568.75,-126.09719999999999
1731,manang,MANANG_S3_P3123_R1,2024,193.5,189.30169999999998,130.0,-252.80169999999998
1732,manang,MANANG_S3_P3123_R1,2025,22.0,39.2,0.0,-61.2
1733,manang,MANANG_S3_P3123_R1,2023,202.0,434.32,860.3100000000001,223.99000000000007
1734,manang,MANANG_S10.2_P3123_R3,2024,219.0,354.18498065,693.0,119.81501935
1735,manang,MANANG_S10.2_P3123_R3,2025,22.0,39.2,0.0,-61.2
1736,manang,MANANG_S10.2_P3123_R3,2023,213.0,434.32,944.46,297.14000000000004
1737,manang,MANANG_S12_BUFFER_R2,2024,117.0,1351.6152,0.0,-1468.6152
1738,manang,MANANG_S12_BUFFER_R2,2025,22.0,235.2,0.0,-257.2
1739,manang,MANANG_S4_P4123_R3,2024,193.5,189.3017,260.0,-122.80170000000001
1740,manang,MANANG_S4_P4123_R3,2025,22.0,39.2,0.0,-61.2
1741,manang,MANANG_S4_P4123_R3,2023,202.0,434.32,960.3,323.97999999999996
1742,manang,MANANG_S7_BUFFER_R3,2024,100.0,1119.5912,0.0,-1219.5912
1743,manang,MANANG_S7_BUFFER_R3,2025,22.0,235.2,0.0,-257.2
1744,manang,MANANG_S9_BUFFER_R2,2024,128.0,1278.9812,0.0,-1406.9812
1745,manang,MANANG_S9_BUFFER_R2,2025,22.0,235.2,0.0,-257.2
1746,manang,MANANG_S5_P2341_R3,2024,230.0,432.25104230000005,627.0,-35.25104230000005
1747,manang,MANANG_S5_P2341_R3,2025,22.0,39.2,0.0,-61.2
1748,manang,MANANG_S5_P2341_R3,2023,191.0,434.32,1168.2,542.8800000000001
1749,manang,MANANG_S2_P1212_R1,2024,230.0,420.27051550000004,561.0,-89.27051550000004
1750,manang,MANANG_S2_P1212_R1,2025,22.0,39.2,0.0,-61.2
1751,manang,MANANG_S2_P1212_R1,2023,204.5,501.3472,565.5,-140.3472
1752,manang,MANANG_S8.1_BUFFER_R1,2024,128.0,1291.4212,0.0,-1419.4212
1753,manang,MANANG_S8.1_BUFFER_R1,2025,22.0,235.2,0.0,-257.2
1754,manang,MANANG_S10.1_BUFFER_R3,2024,117.0,1315.3912,0.0,-1432.3912
1755,manang,MANANG_S10.1_BUFFER_R3,2025,22.0,235.2,0.0,-257.2
1756,manang,MANANG_S8.2_P3123_R2,2024,193.5,210.75219999999996,0.0,-404.25219999999996
1757,manang,MANANG_S8.2_P3123_R2,2025,22.0,39.2,0.0,-61.2
1758,manang,MANANG_S8.2_P3123_R2,2023,213.0,434.32,1170.84,523.52
1759,manang,MANANG_S5_P3412_R1,2024,230.0,386.07162275,231.0,-385.07162275
1760,manang,MANANG_S5_P3412_R1,2025,22.0,39.2,0.0,-61.2
1761,manang,MANANG_S5_P3412_R1,2023,191.0,434.32,834.24,208.92000000000002
1762,manang,MANANG_S3_P2312_R2,2024,221.5,402.6359803,627.0,2.8640196999999716
1763,manang,MANANG_S3_P2312_R2,2025,22.0,39.2,0.0,-61.2
1764,manang,MANANG_S3_P2312_R2,2023,204.5,501.3472,451.75,-254.0972
1765,manang,MANANG_S1.2_P1231_R2,2024,230.0,380.6001286,627.0,16.399871399999995
1766,manang,MANANG_S1.2_P1231_R2,2025,22.0,39.2,0.0,-61.2
1767,manang,MANANG_S1.2_P1231_R2,2023,204.5,501.3472,616.2,-89.64719999999994
1768,manang,MANANG_S10.1_P3123_R3,2024,193.5,207.1572,759.0,358.3428
1769,manang,MANANG_S10.1_P3123_R3,2025,22.0,39.2,0.0,-61.2
1770,manang,MANANG_S10.1_P3123_R3,2023,182.5,409.82,862.95,270.63000000000005
1771,manang,MANANG_S11_P1212_R1,2024,230.0,386.26415265,231.0,-385.26415265
1772,manang,MANANG_S11_P1212_R1,2025,22.0,39.2,0.0,-61.2
1773,manang,MANANG_S11_P1212_R1,2023,213.0,448.4972,0.0,-661.4972
1774,manang,MANANG_S8.2_P3123_R3,2024,193.5,210.7522,0.0,-404.2522
1775,manang,MANANG_S8.2_P3123_R3,2025,22.0,39.2,0.0,-61.2
1776,manang,MANANG_S8.2_P3123_R3,2023,202.0,434.32,1158.96,522.6400000000001
1777,manang,MANANG_S7_P1231_R3,2024,230.0,439.26265870000003,627.0,-42.26265870000003
1778,manang,MANANG_S7_P1231_R3,2025,22.0,39.2,0.0,-61.2
1779,manang,MANANG_S7_P1231_R3,2023,44.0,307.45,0.0,-351.45
1780,manang,MANANG_S8.1_P2312_R3,2024,230.0,396.09793845,693.0,66.90206154999998
1781,manang,MANANG_S8.1_P2312_R3,2025,22.0,39.2,0.0,-61.2
1782,manang,MANANG_S8.1_P2312_R3,2023,191.0,434.32,1068.54,443.21999999999997
1783,manang,MANANG_S2_P1212_R3,2024,230.0,420.27051550000004,297.0,-353.27051550000004
1784,manang,MANANG_S2_P1212_R3,2025,22.0,39.2,0.0,-61.2
1785,manang,MANANG_S2_P1212_R3,2023,215.5,501.34720000000004,438.1,-278.7472
1786,manang,MANANG_S13_P0000_R3,2024,221.5,311.91542175,715.0,181.58457825
1787,manang,MANANG_S13_P0000_R3,2025,22.0,39.2,0.0,-61.2
1788,manang,MANANG_S13_P0000_R3,2023,182.5,513.1,720.276,24.67599999999993
1789,manang,MANANG_S6_BUFFER_R2,2024,100.0,901.0767999999999,0.0,-1001.0767999999999
1790,manang,MANANG_S6_BUFFER_R2,2025,22.0,156.8,0.0,-178.8
1791,manang,MANANG_S2_P1212_R2,2024,230.0,420.27051550000004,627.0,-23.270515500000045
1792,manang,MANANG_S2_P1212_R2,2025,22.0,39.2,0.0,-61.2
1793,manang,MANANG_S2_P1212_R2,2023,204.5,501.3472,744.25,38.40280000000001
1794,manang,MANANG_S4_BUFFER_R2,2024,145.0,1746.5746,0.0,-1891.5746
1795,manang,MANANG_S4_BUFFER_R2,2025,22.0,313.6,0.0,-335.6
1796,manang,MANANG_S9_P3123_R2,2024,193.5,210.75219999999996,0.0,-404.25219999999996
1797,manang,MANANG_S9_P3123_R2,2025,22.0,39.2,0.0,-61.2
1798,manang,MANANG_S9_P3123_R2,2023,224.0,517.72,0.0,-741.72
1799,manang,MANANG_S4_P2341_R2,2024,221.5,376.47051765000003,627.0,29.029482349999967
1800,manang,MANANG_S4_P2341_R2,2025,22.0,39.2,0.0,-61.2
1801,manang,MANANG_S4_P2341_R2,2023,202.0,450.5,835.968,183.46799999999996
1802,manang,MANANG_S1.1_BUFFER_R1,2024,117.0,1279.6802,0.0,-1396.6802
1803,manang,MANANG_S1.1_BUFFER_R1,2025,22.0,235.2,0.0,-257.2
1804,manang,MANANG_S9_BUFFER_R3,2024,119.5,1278.9812000000002,0.0,-1398.4812000000002
1805,manang,MANANG_S9_BUFFER_R3,2025,22.0,235.2,0.0,-257.2
1806,manang,MANANG_S11_BUFFER_R2,2024,100.0,864.8528,0.0,-964.8528
1807,manang,MANANG_S11_BUFFER_R2,2025,22.0,156.8,0.0,-178.8
1808,manang,MANANG_S12_P0000_R1,2024,221.5,335.56190395000004,528.0,-29.061903950000044
1809,manang,MANANG_S12_P0000_R1,2025,22.0,39.2,0.0,-61.2
1810,manang,MANANG_S12_P0000_R1,2023,182.5,412.09999999999997,581.57,-13.029999999999916
1811,manang,MANANG_S5_P4123_R2,2024,193.5,189.30169999999998,195.0,-187.80169999999998
1812,manang,MANANG_S5_P4123_R2,2025,22.0,39.2,0.0,-61.2
1813,manang,MANANG_S5_P4123_R2,2023,191.0,434.32,776.49,151.17000000000002
1814,manang,MANANG_S4_P3412_R1,2024,230.0,389.30201015000006,462.0,-157.30201015000006
1815,manang,MANANG_S4_P3412_R1,2025,22.0,39.2,0.0,-61.2
1816,manang,MANANG_S4_P3412_R1,2023,213.0,434.32,1035.54,388.21999999999997
1817,manang,MANANG_S10.2_BUFFER_R3,2024,108.5,1108.234,0.0,-1216.734
1818,manang,MANANG_S10.2_BUFFER_R3,2025,22.0,196.0,0.0,-218.0
1819,manang,MANANG_S4_BUFFER_R3,2024,145.0,1746.5746,0.0,-1891.5746
1820,manang,MANANG_S4_BUFFER_R3,2025,22.0,313.6,0.0,-335.6
1821,manang,MANANG_S10.2_P3123_R1,2024,219.0,354.18498065,264.0,-309.18498065
1822,manang,MANANG_S10.2_P3123_R1,2025,22.0,39.2,0.0,-61.2
1823,manang,MANANG_S10.2_P3123_R1,2023,202.0,434.32,1219.02,582.7
1824,manang,MANANG_S8.1_P3123_R2,2024,204.5,215.80219999999997,0.0,-420.30219999999997
1825,manang,MANANG_S8.1_P3123_R2,2025,22.0,39.2,0.0,-61.2
1826,manang,MANANG_S8.1_P3123_R2,2023,191.0,434.32,1278.75,653.4300000000001
1827,manang,MANANG_S1.2_BUFFER_R1,2024,117.0,1279.6801999999998,0.0,-1396.6801999999998
1828,manang,MANANG_S1.2_BUFFER_R1,2025,22.0,235.2,0.0,-257.2
1829,manang,MANANG_S6_P1111_R4,2024,141.5,320.7692,0.0,-462.2692
1830,manang,MANANG_S6_P1111_R4,2025,22.0,39.2,0.0,-61.2
1831,manang,MANANG_S6_P1111_R4,2023,180.0,434.32,1197.24,582.9200000000001
1832,manang,MANANG_S4_P2341_R1,2024,221.5,376.47051765,396.0,-201.97051764999998
1833,manang,MANANG_S4_P2341_R1,2025,22.0,39.2,0.0,-61.2
1834,manang,MANANG_S4_P2341_R1,2023,191.0,450.5,776.256,134.75599999999997
1835,manang,MANANG_S1.1_P2312_R3,2024,213.0,315.7692,660.0,131.2308
1836,manang,MANANG_S1.1_P2312_R3,2025,22.0,39.2,0.0,-61.2
1837,manang,MANANG_S1.1_P2312_R3,2023,213.0,458.82,1099.23,427.41
1838,manang,MANANG_S13_BUFFER_R1,2024,117.0,1351.6152,0.0,-1468.6152
1839,manang,MANANG_S13_BUFFER_R1,2025,22.0,235.2,0.0,-257.2
1840,manang,MANANG_S7_P3123_R3,2024,44.0,109.2572,0.0,-153.2572
1841,manang,MANANG_S7_P3123_R3,2025,22.0,39.2,0.0,-61.2
1842,manang,MANANG_S7_P3123_R3,2023,202.0,434.32,996.27,359.95
1843,manang,MANANG_S1.1_P1231_R1,2024,213.0,294.26919999999996,462.0,-45.269199999999955
1844,manang,MANANG_S1.1_P1231_R1,2025,22.0,39.2,0.0,-61.2
1845,manang,MANANG_S1.1_P1231_R1,2023,204.5,518.5971999999999,770.9,47.80280000000005
1846,manang,MANANG_S4_BUFFER_R1,2024,145.0,1746.5746,0.0,-1891.5746
1847,manang,MANANG_S4_BUFFER_R1,2025,22.0,313.6,0.0,-335.6
1848,manang,MANANG_S3_BUFFER_R3,2024,108.5,982.476,0.0,-1090.976
1849,manang,MANANG_S3_BUFFER_R3,2025,22.0,196.0,0.0,-218.0
1850,manang,MANANG_S10.1_P1231_R2,2024,230.0,393.24006640000005,594.0,-29.240066400000046
1851,manang,MANANG_S10.1_P1231_R2,2025,22.0,39.2,0.0,-61.2
1852,manang,MANANG_S10.1_P1231_R2,2023,202.0,448.4972,0.0,-650.4972
1853,manang,MANANG_S13_P0000_R9,2024,133.0,253.76919999999998,0.0,-386.76919999999996
1854,manang,MANANG_S13_P0000_R9,2025,22.0,39.2,0.0,-61.2
1855,manang,MANANG_S13_P0000_R9,2023,182.5,513.1,801.758,106.15800000000002
1856,manang,MANANG_S12_BUFFER_R3,2024,117.0,1351.6151999999997,0.0,-1468.6151999999997
1857,manang,MANANG_S12_BUFFER_R3,2025,22.0,235.2,0.0,-257.2
1858,manang,MANANG_S13_BUFFER_R3,2024,117.0,1351.6152,0.0,-1468.6152
1859,manang,MANANG_S13_BUFFER_R3,2025,22.0,235.2,0.0,-257.2
1860,manang,MANANG_S5_P1234_R2,2024,230.0,397.1617173,693.0,65.83828269999998
1861,manang,MANANG_S5_P1234_R2,2025,22.0,39.2,0.0,-61.2
1862,manang,MANANG_S5_P1234_R2,2023,204.5,501.3472,702.65,-3.1972000000000094
1863,manang,MANANG_S8.2_BUFFER_R2,2024,119.5,1066.152,0.0,-1185.652
1864,manang,MANANG_S8.2_BUFFER_R2,2025,22.0,196.0,0.0,-218.0
1865,manang,MANANG_S1.3_P3123_R2,2024,193.5,189.3017,325.0,-57.80170000000001
1866,manang,MANANG_S1.3_P3123_R2,2025,22.0,39.2,0.0,-61.2
1867,manang,MANANG_S1.3_P3123_R2,2023,202.0,479.32,913.44,232.12000000000006
1868,manang,MANANG_S7_BUFFER_R1,2024,100.0,1010.3340000000001,0.0,-1110.334
1869,manang,MANANG_S7_BUFFER_R1,2025,22.0,196.0,0.0,-218.0
1870,manang,MANANG_S5_P3412_R2,2024,230.0,386.07162275,462.0,-154.07162275000002
1871,manang,MANANG_S5_P3412_R2,2025,22.0,39.2,0.0,-61.2
1872,manang,MANANG_S5_P3412_R2,2023,202.0,434.32,895.62,259.3
1873,manang,MANANG_S1.2_P1231_R3,2024,230.0,380.6001286,792.0,181.3998714
1874,manang,MANANG_S1.2_P1231_R3,2025,22.0,39.2,0.0,-61.2
1875,manang,MANANG_S1.2_P1231_R3,2023,215.5,501.3472,450.45,-266.3972
1876,manang,MANANG_S8.1_P1231_R1,2024,221.5,407.6677994,495.0,-134.16779939999998
1877,manang,MANANG_S8.1_P1231_R1,2025,22.0,39.2,0.0,-61.2
1878,manang,MANANG_S8.1_P1231_R1,2023,215.5,524.5,0.0,-740.0
1879,manang,MANANG_S9_P3123_R3,2024,193.5,210.7522,0.0,-404.2522
1880,manang,MANANG_S9_P3123_R3,2025,22.0,39.2,0.0,-61.2
1881,manang,MANANG_S9_P3123_R3,2023,224.0,517.72,0.0,-741.72
1882,manang,MANANG_S2_BUFFER_R3,2024,100.0,829.1418000000001,0.0,-929.1418000000001
1883,manang,MANANG_S2_BUFFER_R3,2025,22.0,156.8,0.0,-178.8
1884,manang,MANANG_S1.3_P2312_R1,2024,221.5,498.44224845,429.0,-290.94224845
1885,manang,MANANG_S1.3_P2312_R1,2025,22.0,39.2,0.0,-61.2
1886,manang,MANANG_S1.3_P2312_R1,2023,213.0,479.32,1229.5800000000002,537.2600000000002
1887,manang,MANANG_S3_BUFFER_R2,2024,117.0,1207.7451999999998,0.0,-1324.7451999999998
1888,manang,MANANG_S3_BUFFER_R2,2025,22.0,235.2,0.0,-257.2
1889,manang,MANANG_S13_P0000_R6,2024,133.0,253.76919999999998,0.0,-386.76919999999996
1890,manang,MANANG_S13_P0000_R6,2025,22.0,39.2,0.0,-61.2
1891,manang,MANANG_S13_P0000_R6,2023,182.5,513.0999999999999,747.644,52.044000000000096
1892,manang,MANANG_S12_P0000_R3,2024,221.5,335.56190395000004,726.0,168.93809604999996
1893,manang,MANANG_S12_P0000_R3,2025,22.0,39.2,0.0,-61.2
1894,manang,MANANG_S12_P0000_R3,2023,182.5,412.09999999999997,711.568,116.96800000000002
1895,manang,MANANG_S4_P3412_R2,2024,230.0,389.30201015000006,495.0,-124.30201015000006
1896,manang,MANANG_S4_P3412_R2,2025,22.0,39.2,0.0,-61.2
1897,manang,MANANG_S4_P3412_R2,2023,180.0,434.32,1032.57,418.24999999999994
1898,manang,MANANG_S1.1_P3123_R1,2024,193.5,189.30169999999998,130.0,-252.80169999999998
1899,manang,MANANG_S1.1_P3123_R1,2025,22.0,39.2,0.0,-61.2
1900,manang,MANANG_S1.1_P3123_R1,2023,213.0,458.82,1201.2,529.3800000000001
1901,manang,MANANG_S1.1_P2312_R1,2024,213.0,315.7692,330.0,-198.7692
1902,manang,MANANG_S1.1_P2312_R1,2025,22.0,39.2,0.0,-61.2
1903,manang,MANANG_S1.1_P2312_R1,2023,213.0,458.82,1162.26,490.44
1904,manang,MANANG_S7_P2312_R1,2024,230.0,372.24345220000004,396.0,-206.24345220000004
1905,manang,MANANG_S7_P2312_R1,2025,22.0,39.2,0.0,-61.2
1906,manang,MANANG_S7_P2312_R1,2023,191.0,434.32,905.52,280.2
1907,manang,MANANG_S13_P0000_R5,2024,133.0,253.76919999999998,0.0,-386.76919999999996
1908,manang,MANANG_S13_P0000_R5,2025,22.0,39.2,0.0,-61.2
1909,manang,MANANG_S13_P0000_R5,2023,171.5,513.0999999999999,785.586,100.9860000000001
1910,manang,MANANG_S3_BUFFER_R1,2024,117.0,1207.7452,0.0,-1324.7452
1911,manang,MANANG_S3_BUFFER_R1,2025,22.0,235.2,0.0,-257.2
1912,manang,MANANG_S10.2_P2312_R3,2024,221.5,403.34943890000005,693.0,68.15056109999995
1913,manang,MANANG_S10.2_P2312_R3,2025,22.0,39.2,0.0,-61.2
1914,manang,MANANG_S10.2_P2312_R3,2023,191.0,434.32,1058.31,432.98999999999995
1915,manang,MANANG_S7_P3123_R1,2024,44.0,109.2572,0.0,-153.2572
1916,manang,MANANG_S7_P3123_R1,2025,22.0,39.2,0.0,-61.2
1917,manang,MANANG_S7_P3123_R1,2023,191.0,434.32,1123.65,498.3300000000001
1918,manang,MANANG_S12_P0000_R4,2024,133.0,255.26919999999998,0.0,-388.26919999999996
1919,manang,MANANG_S12_P0000_R4,2025,22.0,39.2,0.0,-61.2
1920,manang,MANANG_S12_P0000_R4,2023,182.5,412.09999999999997,918.694,324.094
1921,manang,MANANG_S12_P0000_R2,2024,221.5,335.56190395000004,561.0,3.938096049999956
1922,manang,MANANG_S12_P0000_R2,2025,22.0,39.2,0.0,-61.2
1923,manang,MANANG_S12_P0000_R2,2023,182.5,412.09999999999997,865.202,270.60200000000003
1924,manang,MANANG_S1.3_BUFFER_R1,2024,117.0,1279.6802,0.0,-1396.6802
1925,manang,MANANG_S1.3_BUFFER_R1,2025,22.0,235.2,0.0,-257.2
1926,manang,MANANG_S1.3_P2312_R2,2024,221.5,498.44224845,660.0,-59.94224845000002
1927,manang,MANANG_S1.3_P2312_R2,2025,22.0,39.2,0.0,-61.2
1928,manang,MANANG_S1.3_P2312_R2,2023,202.0,479.32,1050.72,369.40000000000003
1929,manang,MANANG_S10.1_P3123_R2,2024,193.5,207.1572,561.0,160.3428
1930,manang,MANANG_S10.1_P3123_R2,2025,22.0,39.2,0.0,-61.2
1931,manang,MANANG_S10.1_P3123_R2,2023,204.5,409.82,1138.8300000000002,524.5100000000002
1932,manang,MANANG_S10.2_P2312_R2,2024,221.5,403.3494389,594.0,-30.849438899999996
1933,manang,MANANG_S10.2_P2312_R2,2025,22.0,39.2,0.0,-61.2
1934,manang,MANANG_S10.2_P2312_R2,2023,191.0,434.32,857.34,232.02000000000004
1935,manang,MANANG_S7_P2312_R3,2024,230.0,372.24345220000004,693.0,90.75654779999996
1936,manang,MANANG_S7_P2312_R3,2025,22.0,39.2,0.0,-61.2
1937,manang,MANANG_S7_P2312_R3,2023,202.0,434.32,983.73,347.41
1938,manang,MANANG_S5_P2341_R2,2024,230.0,432.25104230000005,165.0,-497.25104230000005
1939,manang,MANANG_S5_P2341_R2,2025,22.0,39.2,0.0,-61.2
1940,manang,MANANG_S5_P2341_R2,2023,213.0,434.32,1055.01,407.69
1941,manang,MANANG_S8.1_BUFFER_R3,2024,128.0,1291.4211999999998,0.0,-1419.4211999999998
1942,manang,MANANG_S8.1_BUFFER_R3,2025,22.0,235.2,0.0,-257.2
1943,manang,MANANG_S7_P3123_R2,2024,44.0,109.2572,0.0,-153.2572
1944,manang,MANANG_S7_P3123_R2,2025,22.0,39.2,0.0,-61.2
1945,manang,MANANG_S7_P3123_R2,2023,202.0,434.32,887.7,251.38000000000005
1946,manang,MANANG_S10.2_P1231_R2,2024,221.5,375.07880445,594.0,-2.578804450000007
1947,manang,MANANG_S10.2_P1231_R2,2025,22.0,39.2,0.0,-61.2
1948,manang,MANANG_S10.2_P1231_R2,2023,213.0,448.4972,0.0,-661.4972
1949,manang,MANANG_S6_P1111_R2,2024,230.0,416.05148280000003,643.5,-2.5514828000000307
1950,manang,MANANG_S6_P1111_R2,2025,22.0,39.2,0.0,-61.2
1951,manang,MANANG_S6_P1111_R2,2023,180.0,434.32,1199.88,585.5600000000002
1952,manang,MANANG_S1.1_P3123_R2,2024,193.5,189.30169999999998,195.0,-187.80169999999998
1953,manang,MANANG_S1.1_P3123_R2,2025,22.0,39.2,0.0,-61.2
1954,manang,MANANG_S1.1_P3123_R2,2023,202.0,458.82,1248.06,587.24
1955,manang,MANANG_S4_P1234_R1,2024,210.5,357.80696340000003,1368.4,800.0930366
1956,manang,MANANG_S4_P1234_R1,2025,22.0,39.2,0.0,-61.2
1957,manang,MANANG_S4_P1234_R1,2023,226.5,501.3472,436.8,-291.0472
1958,manang,MANANG_S3_P1231_R2,2024,193.5,189.30169999999998,260.0,-122.80169999999998
1959,manang,MANANG_S3_P1231_R2,2025,22.0,39.2,0.0,-61.2
1960,manang,MANANG_S3_P1231_R2,2023,215.5,501.3472,575.25,-141.5972
1961,manang,MANANG_S1.2_P3123_R1,2024,193.5,189.3017,195.0,-187.8017
1962,manang,MANANG_S1.2_P3123_R1,2025,22.0,39.2,0.0,-61.2
1963,manang,MANANG_S1.2_P3123_R1,2023,180.0,434.32,1039.8300000000002,425.51000000000016
1964,manang,MANANG_S12_P0000_R9,2024,133.0,255.26919999999998,0.0,-388.26919999999996
1965,manang,MANANG_S12_P0000_R9,2025,22.0,39.2,0.0,-61.2
1966,manang,MANANG_S12_P0000_R9,2023,193.5,412.09999999999997,896.302,290.70200000000006
1967,manang,MANANG_S6_P1111_R3,2024,230.0,416.05148280000003,214.5,-431.55148280000003
1968,manang,MANANG_S6_P1111_R3,2025,22.0,39.2,0.0,-61.2
1969,manang,MANANG_S6_P1111_R3,2023,202.0,434.32,931.59,295.27000000000004
1970,manang,MANANG_S6_P1111_R5,2024,141.5,320.7692,0.0,-462.2692
1971,manang,MANANG_S6_P1111_R5,2025,22.0,39.2,0.0,-61.2
1972,manang,MANANG_S6_P1111_R5,2023,191.0,434.32,843.48,218.16000000000003
1973,manang,MANANG_S7_BUFFER_R2,2024,100.0,1119.5911999999998,0.0,-1219.5911999999998
1974,manang,MANANG_S7_BUFFER_R2,2025,22.0,235.2,0.0,-257.2
1975,manang,MANANG_S1.1_BUFFER_R3,2024,117.0,1279.6801999999998,0.0,-1396.6801999999998
1976,manang,MANANG_S1.1_BUFFER_R3,2025,22.0,235.2,0.0,-257.2
1977,manang,MANANG_S8.1_P2312_R1,2024,230.0,396.09793845,231.0,-395.09793845
1978,manang,MANANG_S8.1_P2312_R1,2025,22.0,39.2,0.0,-61.2
1979,manang,MANANG_S8.1_P2312_R1,2023,202.0,434.32,1166.88,530.5600000000002
1980,manang,MANANG_S5_BUFFER_R3,2024,134.0,1730.2186000000002,0.0,-1864.2186000000002
1981,manang,MANANG_S5_BUFFER_R3,2025,22.0,313.6,0.0,-335.6
1982,manang,MANANG_S11_P1212_R2,2024,230.0,386.26415265,726.0,109.73584734999997
1983,manang,MANANG_S11_P1212_R2,2025,22.0,39.2,0.0,-61.2
1984,manang,MANANG_S11_P1212_R2,2023,213.0,448.4972,0.0,-661.4972
1985,manang,MANANG_S8.1_BUFFER_R2,2024,128.0,1291.4212,0.0,-1419.4212
1986,manang,MANANG_S8.1_BUFFER_R2,2025,22.0,235.2,0.0,-257.2
1987,manang,MANANG_S5_P4123_R3,2024,193.5,189.30169999999998,1040.0,657.1983
1988,manang,MANANG_S5_P4123_R3,2025,22.0,39.2,0.0,-61.2
1989,manang,MANANG_S5_P4123_R3,2023,180.0,434.32,895.2900000000001,280.9700000000001
1990,manang,MANANG_S6_BUFFER_R1,2024,100.0,901.0768,0.0,-1001.0768
1991,manang,MANANG_S6_BUFFER_R1,2025,22.0,156.8,0.0,-178.8
1992,manang,MANANG_S1.1_BUFFER_R2,2024,117.0,1279.6802,0.0,-1396.6802
1993,manang,MANANG_S1.1_BUFFER_R2,2025,22.0,235.2,0.0,-257.2
1994,manang,MANANG_S7_P2312_R2,2024,230.0,372.24345220000004,627.0,24.756547799999964
1995,manang,MANANG_S7_P2312_R2,2025,22.0,39.2,0.0,-61.2
1996,manang,MANANG_S7_P2312_R2,2023,213.0,434.32,1049.73,402.41
1997,manang,MANANG_S11_P2121_R1,2024,210.5,371.52683735000005,297.0,-285.02683735000005
1998,manang,MANANG_S11_P2121_R1,2025,22.0,39.2,0.0,-61.2
1999,manang,MANANG_S11_P2121_R1,2023,202.0,434.32,1253.34,617.02
2000,manang,MANANG_S12_P0000_R6,2024,133.0,255.26919999999996,0.0,-388.26919999999996
2001,manang,MANANG_S12_P0000_R6,2025,22.0,39.2,0.0,-61.2
2002,manang,MANANG_S12_P0000_R6,2023,193.5,412.09999999999997,671.138,65.53800000000007
2003,manang,MANANG_S2_P2121_R1,2024,193.5,189.30169999999998,195.0,-187.80169999999998
2004,manang,MANANG_S2_P2121_R1,2025,22.0,39.2,0.0,-61.2
2005,manang,MANANG_S2_P2121_R1,2023,191.0,434.32,1271.8200000000002,646.5000000000002
2006,manang,MANANG_S1.3_BUFFER_R2,2024,117.0,1279.6802,0.0,-1396.6802
2007,manang,MANANG_S1.3_BUFFER_R2,2025,22.0,235.2,0.0,-257.2
2008,manang,MANANG_S8.1_P2312_R2,2024,230.0,396.09793845,396.0,-230.09793845000002
2009,manang,MANANG_S8.1_P2312_R2,2025,22.0,39.2,0.0,-61.2
2010,manang,MANANG_S8.1_P2312_R2,2023,191.0,434.32,1041.48,416.16
2011,manang,MANANG_S8.1_P1231_R2,2024,221.5,407.66779940000004,495.0,-134.16779940000004
2012,manang,MANANG_S8.1_P1231_R2,2025,22.0,39.2,0.0,-61.2
2013,manang,MANANG_S8.1_P1231_R2,2023,204.5,524.5,0.0,-729.0
2014,manang,MANANG_S8.2_P1231_R2,2024,221.5,363.6054763,792.0,206.89452369999998
2015,manang,MANANG_S8.2_P1231_R2,2025,22.0,39.2,0.0,-61.2
2016,manang,MANANG_S8.2_P1231_R2,2023,248.5,524.5,0.0,-773.0
2017,manang,MANANG_S1.2_P3123_R2,2024,193.5,189.3017,260.0,-122.80170000000001
2018,manang,MANANG_S1.2_P3123_R2,2025,22.0,39.2,0.0,-61.2
2019,manang,MANANG_S1.2_P3123_R2,2023,191.0,434.32,1053.36,428.0399999999999
2020,manang,MANANG_S9_P2312_R2,2024,210.5,434.5688568,1451.8,806.7311431999999
2021,manang,MANANG_S9_P2312_R2,2025,22.0,39.2,0.0,-61.2
2022,manang,MANANG_S9_P2312_R2,2023,191.0,434.32,1065.5700000000002,440.25000000000017
2023,manang,MANANG_S8.2_P2312_R1,2024,230.0,364.08917620000005,264.0,-330.08917620000005
2024,manang,MANANG_S8.2_P2312_R1,2025,22.0,39.2,0.0,-61.2
2025,manang,MANANG_S8.2_P2312_R1,2023,202.0,434.32,933.24,296.92
2026,manang,MANANG_S10.1_P1231_R1,2024,230.0,393.24006640000005,462.0,-161.24006640000005
2027,manang,MANANG_S10.1_P1231_R1,2025,22.0,39.2,0.0,-61.2
2028,manang,MANANG_S10.1_P1231_R1,2023,213.0,448.4972,0.0,-661.4972
2029,manang,MANANG_S3_P1231_R3,2024,193.5,189.30169999999998,260.0,-122.80169999999998
2030,manang,MANANG_S3_P1231_R3,2025,22.0,39.2,0.0,-61.2
2031,manang,MANANG_S3_P1231_R3,2023,204.5,501.3472,529.75,-176.0972
2032,manang,MANANG_S9_BUFFER_R1,2024,119.5,1278.9812,0.0,-1398.4812
2033,manang,MANANG_S9_BUFFER_R1,2025,22.0,235.2,0.0,-257.2
2034,manang,MANANG_S10.2_BUFFER_R1,2024,117.0,1315.3912,0.0,-1432.3912
2035,manang,MANANG_S10.2_BUFFER_R1,2025,22.0,235.2,0.0,-257.2
2036,manang,MANANG_S6_P1111_R6,2024,141.5,320.7692,0.0,-462.2692
2037,manang,MANANG_S6_P1111_R6,2025,22.0,39.2,0.0,-61.2
2038,manang,MANANG_S6_P1111_R6,2023,180.0,434.32,965.91,351.59
2039,manang,MANANG_S1.2_P2312_R2,2024,230.0,405.99796340000006,231.0,-404.99796340000006
2040,manang,MANANG_S1.2_P2312_R2,2025,22.0,39.2,0.0,-61.2
2041,manang,MANANG_S1.2_P2312_R2,2023,202.0,434.32,1267.53,631.21
2042,manang,MANANG_S10.1_P2312_R1,2024,230.0,398.2465015,462.0,-166.24650150000002
2043,manang,MANANG_S10.1_P2312_R1,2025,22.0,39.2,0.0,-61.2
2044,manang,MANANG_S10.1_P2312_R1,2023,171.5,409.82,896.94,315.62000000000006
2045,manang,MANANG_S11_P2121_R2,2024,210.5,371.52683735,330.0,-252.02683735
2046,manang,MANANG_S11_P2121_R2,2025,22.0,39.2,0.0,-61.2
2047,manang,MANANG_S11_P2121_R2,2023,191.0,434.32,913.44,288.12000000000006
2048,manang,MANANG_S1.1_P3123_R3,2024,193.5,189.30169999999998,1495.0,1112.1983
2049,manang,MANANG_S1.1_P3123_R3,2025,22.0,39.2,0.0,-61.2
2050,manang,MANANG_S1.1_P3123_R3,2023,213.0,458.82,839.85,168.03000000000003
2051,manang,MANANG_S12_BUFFER_R1,2024,117.0,1351.6152,0.0,-1468.6152
2052,manang,MANANG_S12_BUFFER_R1,2025,22.0,235.2,0.0,-257.2
2053,manang,MANANG_S4_P4123_R2,2024,193.5,189.30169999999998,260.0,-122.80169999999998
2054,manang,MANANG_S4_P4123_R2,2025,22.0,39.2,0.0,-61.2
2055,manang,MANANG_S4_P4123_R2,2023,202.0,434.32,942.48,306.16
2056,manang,MANANG_S9_P1231_R1,2024,221.5,362.70835425,231.0,-353.20835425
2057,manang,MANANG_S9_P1231_R1,2025,22.0,39.2,0.0,-61.2
2058,manang,MANANG_S9_P1231_R1,2023,237.5,524.5,0.0,-762.0
2059,manang,MANANG_S12_P0000_R7,2024,133.0,255.26919999999998,0.0,-388.26919999999996
2060,manang,MANANG_S12_P0000_R7,2025,22.0,39.2,0.0,-61.2
2061,manang,MANANG_S12_P0000_R7,2023,193.5,412.09999999999997,859.604,254.00400000000008
2062,manang,MANANG_S5_P1234_R1,2024,230.0,397.1617173,396.0,-231.16171730000002
2063,manang,MANANG_S5_P1234_R1,2025,22.0,39.2,0.0,-61.2
2064,manang,MANANG_S5_P1234_R1,2023,215.5,518.5972,589.5500000000001,-144.54719999999998
2065,manang,MANANG_S5_BUFFER_R2,2024,134.0,1730.2186,0.0,-1864.2186
2066,manang,MANANG_S5_BUFFER_R2,2025,22.0,313.6,0.0,-335.6
