,site,plot,year,crop_sequence,operational_costs_dollars,material_input_costs_dollars,plot_revenue_dollars,plot_gross_margin_dollars,,Zeros,NAS
0,manang,MANANG_S1.2_P3123_R2,2023,1,191,434.32,1053.36,428.04,,0,0
1,manang,MANANG_S1.2_P3123_R2,2024,2,193.5,189.3017,260,-122.8017,,0,0
2,manang,MANANG_S8.1_P3123_R3,2023,1,202,434.32,1104.51,468.19,,0,0
3,manang,MANANG_S8.1_P3123_R3,2024,2,204.5,215.8022,0,-420.3022,,0,0
4,manang,MANANG_S9_P1231_R2,2023,1,226.5,524.5,0,-751,,0,0
5,manang,MANANG_S9_P1231_R2,2024,2,221.5,362.7083543,759,174.7916458,,0,0
6,manang,MANANG_S9_P1231_R1,2023,1,237.5,524.5,0,-762,,0,0
7,manang,MANANG_S9_P1231_R1,2024,2,221.5,362.7083543,231,-353.2083543,,0,0
8,manang,MANANG_S4_P4123_R2,2023,1,202,434.32,942.48,306.16,,0,0
9,manang,MANANG_S4_P4123_R2,2024,2,193.5,189.3017,260,-122.8017,,0,0
10,manang,MANANG_S10.1_P3123_R2,2023,1,204.5,409.82,1138.83,524.51,,0,0
11,manang,MANANG_S10.1_P3123_R2,2024,2,193.5,207.1572,561,160.3428,,0,0
12,manang,MANANG_S2_P2121_R1,2023,1,191,434.32,1271.82,646.5,,0,0
13,manang,MANANG_S2_P2121_R1,2024,2,193.5,189.3017,195,-187.8017,,0,0
14,manang,MANANG_S1.3_P3123_R2,2023,1,202,479.32,913.44,232.12,,0,0
15,manang,MANANG_S1.3_P3123_R2,2024,2,193.5,189.3017,325,-57.8017,,0,0
16,manang,MANANG_S1.2_P3123_R3,2023,1,191,434.32,1215.72,590.4,,0,0
17,manang,MANANG_S1.2_P3123_R3,2024,2,193.5,189.3017,1625,1242.1983,,0,0
18,manang,MANANG_S10.1_P2312_R3,2023,1,193.5,409.82,1116.39,513.07,,0,0
19,manang,MANANG_S10.1_P2312_R3,2024,2,230,398.2465015,792,163.7534985,,0,0
20,manang,MANANG_S1.1_P3123_R1,2023,1,213,458.82,1201.2,529.38,,0,0
21,manang,MANANG_S1.1_P3123_R1,2024,2,193.5,189.3017,130,-252.8017,,0,0
22,manang,MANANG_S10.2_P2312_R1,2023,1,180,434.32,1206.48,592.16,,0,0
23,manang,MANANG_S10.2_P2312_R1,2024,2,221.5,403.3494389,231,-393.8494389,,0,0
24,manang,MANANG_S8.2_P1231_R1,2023,1,226.5,524.5,0,-751,,0,0
25,manang,MANANG_S8.2_P1231_R1,2024,2,221.5,363.6054763,528,-57.1054763,,0,0
26,manang,MANANG_S3_P3123_R2,2023,1,202,434.32,1192.62,556.3,,0,0
27,manang,MANANG_S3_P3123_R2,2024,2,193.5,189.3017,1040,657.1983,,0,0
28,manang,MANANG_S11_P1212_R2,2023,1,213,448.4972,0,-661.4972,,0,0
29,manang,MANANG_S11_P1212_R2,2024,2,230,386.2641527,726,109.7358473,,0,0
30,manang,MANANG_S1.2_P2312_R2,2023,1,202,434.32,1267.53,631.21,,0,0
31,manang,MANANG_S1.2_P2312_R2,2024,2,230,405.9979634,231,-404.9979634,,0,0
32,manang,MANANG_S8.2_P3123_R1,2023,1,202,434.32,948.42,312.1,,0,0
33,manang,MANANG_S8.2_P3123_R1,2024,2,193.5,210.7522,0,-404.2522,,0,0
34,manang,MANANG_S13_P0000_R5,2023,1,171.5,513.1,785.586,100.986,,0,0
35,manang,MANANG_S13_P0000_R2,2023,1,182.5,513.1,732.094,36.494,,0,0
36,manang,MANANG_S13_P0000_R2,2024,2,221.5,311.9154218,506,-27.41542175,,0,0
37,manang,MANANG_S6_P1111_R6,2023,1,180,434.32,965.91,351.59,,0,0
38,manang,MANANG_S1.3_P1231_R1,2023,1,215.5,518.5972,708.5,-25.5972,,0,0
39,manang,MANANG_S1.3_P1231_R1,2024,2,230,451.3714875,330,-351.3714875,,0,0
40,manang,MANANG_S13_P0000_R6,2023,1,182.5,513.1,747.644,52.044,,0,0
41,manang,MANANG_S11_P2121_R1,2023,1,202,434.32,1253.34,617.02,,0,0
42,manang,MANANG_S11_P2121_R1,2024,2,210.5,371.5268374,297,-285.0268374,,0,0
43,manang,MANANG_S1.3_P2312_R1,2023,1,213,479.32,1229.58,537.26,,0,0
44,manang,MANANG_S1.3_P2312_R1,2024,2,221.5,498.4422485,429,-290.9422485,,0,0
45,manang,MANANG_S12_P0000_R2,2023,1,182.5,412.1,865.202,270.602,,0,0
46,manang,MANANG_S12_P0000_R2,2024,2,221.5,335.561904,561,3.93809605,,0,0
47,manang,MANANG_S1.3_P1231_R3,2023,1,204.5,501.3472,564.2,-141.6472,,0,0
48,manang,MANANG_S1.3_P1231_R3,2024,2,230,451.3714875,132,-549.3714875,,0,0
49,manang,MANANG_S8.2_P1231_R2,2023,1,248.5,524.5,0,-773,,0,0
50,manang,MANANG_S8.2_P1231_R2,2024,2,221.5,363.6054763,792,206.8945237,,0,0
51,manang,MANANG_S3_P3123_R1,2023,1,202,434.32,860.31,223.99,,0,0
52,manang,MANANG_S3_P3123_R1,2024,2,193.5,189.3017,130,-252.8017,,0,0
53,manang,MANANG_S8.2_P2312_R1,2023,1,202,434.32,933.24,296.92,,0,0
54,manang,MANANG_S8.2_P2312_R1,2024,2,230,364.0891762,264,-330.0891762,,0,0
55,manang,MANANG_S5_P4123_R3,2023,1,180,434.32,895.29,280.97,,0,0
56,manang,MANANG_S5_P4123_R3,2024,2,193.5,189.3017,1040,657.1983,,0,0
57,manang,MANANG_S4_P4123_R1,2023,1,213,434.32,1032.57,385.25,,0,0
58,manang,MANANG_S4_P4123_R1,2024,2,193.5,189.3017,130,-252.8017,,0,0
59,manang,MANANG_S1.2_P3123_R1,2023,1,180,434.32,1039.83,425.51,,0,0
60,manang,MANANG_S1.2_P3123_R1,2024,2,193.5,189.3017,195,-187.8017,,0,0
61,manang,MANANG_S4_P1234_R3,2023,1,226.5,501.3472,574.6,-153.2472,,0,0
62,manang,MANANG_S4_P1234_R3,2024,2,210.5,357.8069634,497.6,-70.7069634,,0,0
63,manang,MANANG_S2_P1212_R3,2023,1,215.5,501.3472,438.1,-278.7472,,0,0
64,manang,MANANG_S2_P1212_R3,2024,2,230,420.2705155,297,-353.2705155,,0,0
65,manang,MANANG_S1.1_P2312_R3,2023,1,213,458.82,1099.23,427.41,,0,0
66,manang,MANANG_S1.1_P2312_R3,2024,2,213,315.7692,660,131.2308,,0,0
67,manang,MANANG_S3_P1231_R1,2023,1,204.5,501.3472,577.2,-128.6472,,0,0
68,manang,MANANG_S3_P1231_R1,2024,2,193.5,189.3017,130,-252.8017,,0,0
69,manang,MANANG_S9_P1231_R3,2023,1,226.5,524.5,0,-751,,0,0
70,manang,MANANG_S9_P1231_R3,2024,2,221.5,362.7083543,792,207.7916458,,0,0
71,manang,MANANG_S3_P2312_R1,2023,1,193.5,501.3472,613.6,-81.2472,,0,0
72,manang,MANANG_S3_P2312_R1,2024,2,221.5,402.6359803,561,-63.1359803,,0,0
73,manang,MANANG_S8.2_P2312_R3,2023,1,202,434.32,768.9,132.58,,0,0
74,manang,MANANG_S8.2_P2312_R3,2024,2,230,364.0891762,858,263.9108238,,0,0
75,manang,MANANG_S6_P1111_R5,2023,1,191,434.32,843.48,218.16,,0,0
76,manang,MANANG_S9_P3123_R2,2023,1,224,517.72,0,-741.72,,0,0
77,manang,MANANG_S9_P3123_R2,2024,2,193.5,210.7522,0,-404.2522,,0,0
78,manang,MANANG_S4_P2341_R2,2023,1,202,450.5,835.968,183.468,,0,0
79,manang,MANANG_S4_P2341_R2,2024,2,221.5,376.4705177,627,29.02948235,,0,0
80,manang,MANANG_S1.2_P1231_R2,2023,1,204.5,501.3472,616.2,-89.6472,,0,0
81,manang,MANANG_S1.2_P1231_R2,2024,2,230,380.6001286,627,16.3998714,,0,0
82,manang,MANANG_S7_P3123_R2,2023,1,202,434.32,887.7,251.38,,0,0
83,manang,MANANG_S13_P0000_R8,2023,1,182.5,513.1,896.302,200.702,,0,0
84,manang,MANANG_S10.2_P1231_R1,2023,1,213,448.4972,0,-661.4972,,0,0
85,manang,MANANG_S10.2_P1231_R1,2024,2,221.5,375.0788044,198,-398.5788044,,0,0
86,manang,MANANG_S7_P3123_R3,2023,1,202,434.32,996.27,359.95,,0,0
87,manang,MANANG_S10.1_P1231_R1,2023,1,213,448.4972,0,-661.4972,,0,0
88,manang,MANANG_S10.1_P1231_R1,2024,2,230,393.2400664,462,-161.2400664,,0,0
89,manang,MANANG_S8.1_P3123_R1,2023,1,191,434.32,1071.51,446.19,,0,0
90,manang,MANANG_S8.1_P3123_R1,2024,2,204.5,215.8022,0,-420.3022,,0,0
91,manang,MANANG_S12_P0000_R5,2023,1,193.5,412.1,1021.324,415.724,,0,0
92,manang,MANANG_S12_P0000_R8,2023,1,171.5,412.1,712.19,128.59,,0,0
93,manang,MANANG_S13_P0000_R9,2023,1,182.5,513.1,801.758,106.158,,0,0
94,manang,MANANG_S13_P0000_R3,2023,1,182.5,513.1,720.276,24.676,,0,0
95,manang,MANANG_S13_P0000_R3,2024,2,221.5,311.9154218,715,181.5845783,,0,0
96,manang,MANANG_S8.1_P2312_R2,2023,1,191,434.32,1041.48,416.16,,0,0
97,manang,MANANG_S8.1_P2312_R2,2024,2,230,396.0979385,396,-230.0979385,,0,0
98,manang,MANANG_S13_P0000_R4,2023,1,193.5,513.1,918.072,211.472,,0,0
99,manang,MANANG_S7_P2312_R2,2023,1,213,434.32,1049.73,402.41,,0,0
100,manang,MANANG_S7_P2312_R2,2024,2,230,372.2434522,627,24.7565478,,0,0
101,manang,MANANG_S6_P1111_R2,2023,1,180,434.32,1199.88,585.56,,0,0
102,manang,MANANG_S6_P1111_R2,2024,2,230,416.0514828,643.5,-2.5514828,,0,0
103,manang,MANANG_S7_P2312_R1,2023,1,191,434.32,905.52,280.2,,0,0
104,manang,MANANG_S7_P2312_R1,2024,2,230,372.2434522,396,-206.2434522,,0,0
105,manang,MANANG_S10.1_P1231_R2,2023,1,202,448.4972,0,-650.4972,,0,0
106,manang,MANANG_S10.1_P1231_R2,2024,2,230,393.2400664,594,-29.2400664,,0,0
107,manang,MANANG_S7_P2312_R3,2023,1,202,434.32,983.73,347.41,,0,0
108,manang,MANANG_S7_P2312_R3,2024,2,230,372.2434522,693,90.7565478,,0,0
109,manang,MANANG_S1.2_P1231_R1,2023,1,215.5,518.5972,498.55,-235.5472,,0,0
110,manang,MANANG_S1.2_P1231_R1,2024,2,230,380.6001286,561,-49.6001286,,0,0
111,manang,MANANG_S12_P0000_R3,2023,1,182.5,412.1,711.568,116.968,,0,0
112,manang,MANANG_S12_P0000_R3,2024,2,221.5,335.561904,726,168.938096,,0,0
113,manang,MANANG_S7_P1231_R1,2023,1,274,746.7126587,627,-393.7126587,,0,0
114,manang,MANANG_S8.1_P1231_R2,2023,1,204.5,524.5,0,-729,,0,0
115,manang,MANANG_S8.1_P1231_R2,2024,2,221.5,407.6677994,495,-134.1677994,,0,0
116,manang,MANANG_S5_P3412_R1,2023,1,191,434.32,834.24,208.92,,0,0
117,manang,MANANG_S5_P3412_R1,2024,2,230,386.0716228,231,-385.0716228,,0,0
118,manang,MANANG_S10.2_P3123_R1,2023,1,202,434.32,1219.02,582.7,,0,0
119,manang,MANANG_S10.2_P3123_R1,2024,2,219,354.1849807,264,-309.1849807,,0,0
120,manang,MANANG_S9_P2312_R1,2023,1,202,434.32,938.19,301.87,,0,0
121,manang,MANANG_S9_P2312_R1,2024,2,210.5,434.5688568,1213.8,568.7311432,,0,0
122,manang,MANANG_S5_P1234_R3,2023,1,204.5,501.3472,616.2,-89.6472,,0,0
123,manang,MANANG_S5_P1234_R3,2024,2,230,397.1617173,759,131.8382827,,0,0
124,manang,MANANG_S3_P1231_R2,2023,1,215.5,501.3472,575.25,-141.5972,,0,0
125,manang,MANANG_S3_P1231_R2,2024,2,193.5,189.3017,260,-122.8017,,0,0
126,manang,MANANG_S12_P0000_R9,2023,1,193.5,412.1,896.302,290.702,,0,0
127,manang,MANANG_S1.1_P3123_R3,2023,1,213,458.82,839.85,168.03,,0,0
128,manang,MANANG_S1.1_P3123_R3,2024,2,193.5,189.3017,1495,1112.1983,,0,0
129,manang,MANANG_S4_P3412_R2,2023,1,180,434.32,1032.57,418.25,,0,0
130,manang,MANANG_S4_P3412_R2,2024,2,230,389.3020102,495,-124.3020102,,0,0
131,manang,MANANG_S7_P1231_R3,2023,1,274,746.7126587,627,-393.7126587,,0,0
132,manang,MANANG_S8.1_P2312_R1,2023,1,202,434.32,1166.88,530.56,,0,0
133,manang,MANANG_S8.1_P2312_R1,2024,2,230,396.0979385,231,-395.0979385,,0,0
134,manang,MANANG_S5_P2341_R2,2023,1,213,434.32,1055.01,407.69,,0,0
135,manang,MANANG_S5_P2341_R2,2024,2,230,432.2510423,165,-497.2510423,,0,0
136,manang,MANANG_S3_P1231_R3,2023,1,204.5,501.3472,529.75,-176.0972,,0,0
137,manang,MANANG_S3_P1231_R3,2024,2,193.5,189.3017,260,-122.8017,,0,0
138,manang,MANANG_S8.1_P1231_R3,2023,1,204.5,524.5,0,-729,,0,0
139,manang,MANANG_S8.1_P1231_R3,2024,2,221.5,407.6677994,627,-2.1677994,,0,0
140,manang,MANANG_S4_P1234_R1,2023,1,226.5,501.3472,436.8,-291.0472,,0,0
141,manang,MANANG_S4_P1234_R1,2024,2,210.5,357.8069634,1368.4,800.0930366,,0,0
142,manang,MANANG_S10.1_P3123_R3,2023,1,182.5,409.82,862.95,270.63,,0,0
143,manang,MANANG_S10.1_P3123_R3,2024,2,193.5,207.1572,759,358.3428,,0,0
144,manang,MANANG_S5_P3412_R2,2023,1,202,434.32,895.62,259.3,,0,0
145,manang,MANANG_S5_P3412_R2,2024,2,230,386.0716228,462,-154.0716228,,0,0
146,manang,MANANG_S4_P1234_R2,2023,1,204.5,501.3472,701.35,-4.4972,,0,0
147,manang,MANANG_S4_P1234_R2,2024,2,210.5,357.8069634,373.2,-195.1069634,,0,0
148,manang,MANANG_S2_P2121_R3,2023,1,202,434.32,1050.06,413.74,,0,0
149,manang,MANANG_S2_P2121_R3,2024,2,193.5,189.3017,195,-187.8017,,0,0
150,manang,MANANG_S3_P3123_R3,2023,1,191,434.32,821.04,195.72,,0,0
151,manang,MANANG_S3_P3123_R3,2024,2,193.5,189.3017,1495,1112.1983,,0,0
152,manang,MANANG_S11_P2121_R2,2023,1,191,434.32,913.44,288.12,,0,0
153,manang,MANANG_S11_P2121_R2,2024,2,210.5,371.5268374,330,-252.0268374,,0,0
154,manang,MANANG_S5_P1234_R2,2023,1,204.5,501.3472,702.65,-3.1972,,0,0
155,manang,MANANG_S5_P1234_R2,2024,2,230,397.1617173,693,65.8382827,,0,0
156,manang,MANANG_S10.1_P3123_R1,2023,1,182.5,409.82,1079.1,486.78,,0,0
157,manang,MANANG_S10.1_P3123_R1,2024,2,193.5,207.1572,297,-103.6572,,0,0
158,manang,MANANG_S8.1_P2312_R3,2023,1,191,434.32,1068.54,443.22,,0,0
159,manang,MANANG_S8.1_P2312_R3,2024,2,230,396.0979385,693,66.90206155,,0,0
160,manang,MANANG_S13_P0000_R7,2023,1,171.5,513.1,882.618,198.018,,0,0
161,manang,MANANG_S13_P0000_R1,2023,1,182.5,513.1,567.264,-128.336,,0,0
162,manang,MANANG_S13_P0000_R1,2024,2,221.5,311.9154218,385,-148.4154217,,0,0
163,manang,MANANG_S4_P3412_R3,2023,1,191,434.32,816.09,190.77,,0,0
164,manang,MANANG_S4_P3412_R3,2024,2,230,389.3020102,726,106.6979898,,0,0
165,manang,MANANG_S3_P2312_R3,2023,1,193.5,501.3472,568.75,-126.0972,,0,0
166,manang,MANANG_S3_P2312_R3,2024,2,221.5,402.6359803,858,233.8640197,,0,0
167,manang,MANANG_S11_P1212_R1,2023,1,213,448.4972,0,-661.4972,,0,0
168,manang,MANANG_S11_P1212_R1,2024,2,230,386.2641527,231,-385.2641527,,0,0
169,manang,MANANG_S1.1_P2312_R2,2023,1,213,458.82,1110.45,438.63,,0,0
170,manang,MANANG_S1.1_P2312_R2,2024,2,213,315.7692,495,-33.7692,,0,0
171,manang,MANANG_S10.1_P2312_R1,2023,1,171.5,409.82,896.94,315.62,,0,0
172,manang,MANANG_S10.1_P2312_R1,2024,2,230,398.2465015,462,-166.2465015,,0,0
173,manang,MANANG_S1.3_P2312_R3,2023,1,191,479.32,1080.42,410.1,,0,0
174,manang,MANANG_S1.3_P2312_R3,2024,2,221.5,498.4422485,627,-92.94224845,,0,0
175,manang,MANANG_S10.2_P3123_R3,2023,1,213,434.32,944.46,297.14,,0,0
176,manang,MANANG_S10.2_P3123_R3,2024,2,219,354.1849807,693,119.8150194,,0,0
177,manang,MANANG_S4_P3412_R1,2023,1,213,434.32,1035.54,388.22,,0,0
178,manang,MANANG_S4_P3412_R1,2024,2,230,389.3020102,462,-157.3020102,,0,0
179,manang,MANANG_S1.3_P3123_R3,2023,1,213,479.32,1038.18,345.86,,0,0
180,manang,MANANG_S1.3_P3123_R3,2024,2,193.5,189.3017,195,-187.8017,,0,0
181,manang,MANANG_S1.1_P1231_R3,2023,1,215.5,501.3472,659.1,-57.7472,,0,0
182,manang,MANANG_S1.1_P1231_R3,2024,2,213,294.2692,660,152.7308,,0,0
183,manang,MANANG_S10.1_P1231_R3,2023,1,213,448.4972,0,-661.4972,,0,0
184,manang,MANANG_S10.1_P1231_R3,2024,2,230,393.2400664,693,69.7599336,,0,0
185,manang,MANANG_S10.1_P2312_R2,2023,1,204.5,409.82,978.78,364.46,,0,0
186,manang,MANANG_S10.1_P2312_R2,2024,2,230,398.2465015,561,-67.2465015,,0,0
187,manang,MANANG_S5_P1234_R1,2023,1,215.5,518.5972,589.55,-144.5472,,0,0
188,manang,MANANG_S5_P1234_R1,2024,2,230,397.1617173,396,-231.1617173,,0,0
189,manang,MANANG_S11_P2121_R3,2023,1,202,434.32,949.74,313.42,,0,0
190,manang,MANANG_S11_P2121_R3,2024,2,210.5,371.5268374,660,77.97316265,,0,0
191,manang,MANANG_S3_P2312_R2,2023,1,204.5,501.3472,451.75,-254.0972,,0,0
192,manang,MANANG_S3_P2312_R2,2024,2,221.5,402.6359803,627,2.8640197,,0,0
193,manang,MANANG_S6_P1111_R1,2023,1,191,434.32,1136.85,511.53,,0,0
194,manang,MANANG_S6_P1111_R1,2024,2,230,416.0514828,313.5,-332.5514828,,0,0
195,manang,MANANG_S1.1_P2312_R1,2023,1,213,458.82,1162.26,490.44,,0,0
196,manang,MANANG_S1.1_P2312_R1,2024,2,213,315.7692,330,-198.7692,,0,0
197,manang,MANANG_S11_P1212_R3,2023,1,213,448.4972,0,-661.4972,,0,0
198,manang,MANANG_S11_P1212_R3,2024,2,230,386.2641527,792,175.7358473,,0,0
199,manang,MANANG_S2_P1212_R1,2023,1,204.5,501.3472,565.5,-140.3472,,0,0
200,manang,MANANG_S2_P1212_R1,2024,2,230,420.2705155,561,-89.2705155,,0,0
201,manang,MANANG_S1.2_P2312_R3,2023,1,202,434.32,970.2,333.88,,0,0
202,manang,MANANG_S1.2_P2312_R3,2024,2,230,405.9979634,726,90.0020366,,0,0
203,manang,MANANG_S1.2_P1231_R3,2023,1,215.5,501.3472,450.45,-266.3972,,0,0
204,manang,MANANG_S1.2_P1231_R3,2024,2,230,380.6001286,792,181.3998714,,0,0
205,manang,MANANG_S4_P4123_R3,2023,1,202,434.32,960.3,323.98,,0,0
206,manang,MANANG_S4_P4123_R3,2024,2,193.5,189.3017,260,-122.8017,,0,0
207,manang,MANANG_S4_P2341_R1,2023,1,191,450.5,776.256,134.756,,0,0
208,manang,MANANG_S4_P2341_R1,2024,2,221.5,376.4705177,396,-201.9705176,,0,0
209,manang,MANANG_S1.3_P1231_R2,2023,1,226.5,501.3472,670.15,-57.6972,,0,0
210,manang,MANANG_S1.3_P1231_R2,2024,2,230,451.3714875,561,-120.3714875,,0,0
211,manang,MANANG_S1.1_P1231_R2,2023,1,204.5,501.3472,468,-237.8472,,0,0
212,manang,MANANG_S1.1_P1231_R2,2024,2,213,294.2692,594,86.7308,,0,0
213,manang,MANANG_S8.2_P3123_R2,2023,1,213,434.32,1170.84,523.52,,0,0
214,manang,MANANG_S8.2_P3123_R2,2024,2,193.5,210.7522,0,-404.2522,,0,0
215,manang,MANANG_S10.2_P3123_R2,2023,1,191,434.32,910.14,284.82,,0,0
216,manang,MANANG_S10.2_P3123_R2,2024,2,219,354.1849807,627,53.81501935,,0,0
217,manang,MANANG_S5_P3412_R3,2023,1,202,434.32,1146.75,510.43,,0,0
218,manang,MANANG_S5_P3412_R3,2024,2,230,386.0716228,99,-517.0716228,,0,0
219,manang,MANANG_S8.2_P3123_R3,2023,1,202,434.32,1158.96,522.64,,0,0
220,manang,MANANG_S8.2_P3123_R3,2024,2,193.5,210.7522,0,-404.2522,,0,0
221,manang,MANANG_S9_P2312_R2,2023,1,191,434.32,1065.57,440.25,,0,0
222,manang,MANANG_S9_P2312_R2,2024,2,210.5,434.5688568,1451.8,806.7311432,,0,0
223,manang,MANANG_S12_P0000_R4,2023,1,182.5,412.1,918.694,324.094,,0,0
224,manang,MANANG_S1.1_P1231_R1,2023,1,204.5,518.5972,770.9,47.8028,,0,0
225,manang,MANANG_S1.1_P1231_R1,2024,2,213,294.2692,462,-45.2692,,0,0
226,manang,MANANG_S1.1_P3123_R2,2023,1,202,458.82,1248.06,587.24,,0,0
227,manang,MANANG_S1.1_P3123_R2,2024,2,193.5,189.3017,195,-187.8017,,0,0
228,manang,MANANG_S5_P4123_R2,2023,1,191,434.32,776.49,151.17,,0,0
229,manang,MANANG_S5_P4123_R2,2024,2,193.5,189.3017,195,-187.8017,,0,0
230,manang,MANANG_S1.3_P2312_R2,2023,1,202,479.32,1050.72,369.4,,0,0
231,manang,MANANG_S1.3_P2312_R2,2024,2,221.5,498.4422485,660,-59.94224845,,0,0
232,manang,MANANG_S8.2_P1231_R3,2023,1,215.5,524.5,0,-740,,0,0
233,manang,MANANG_S8.2_P1231_R3,2024,2,221.5,363.6054763,660,74.8945237,,0,0
234,manang,MANANG_S12_P0000_R7,2023,1,193.5,412.1,859.604,254.004,,0,0
235,manang,MANANG_S5_P2341_R3,2023,1,191,434.32,1168.2,542.88,,0,0
236,manang,MANANG_S5_P2341_R3,2024,2,230,432.2510423,627,-35.2510423,,0,0
237,manang,MANANG_S10.2_P1231_R2,2023,1,213,448.4972,0,-661.4972,,0,0
238,manang,MANANG_S10.2_P1231_R2,2024,2,221.5,375.0788045,594,-2.57880445,,0,0
239,manang,MANANG_S10.2_P1231_R3,2023,1,213,448.4972,0,-661.4972,,0,0
240,manang,MANANG_S10.2_P1231_R3,2024,2,221.5,375.0788045,693,96.42119555,,0,0
241,manang,MANANG_S9_P3123_R1,2023,1,224,517.72,0,-741.72,,0,0
242,manang,MANANG_S9_P3123_R1,2024,2,193.5,210.7522,0,-404.2522,,0,0
243,manang,MANANG_S1.3_P3123_R1,2023,1,202,479.32,1187.34,506.02,,0,0
244,manang,MANANG_S1.3_P3123_R1,2024,2,193.5,189.3017,130,-252.8017,,0,0
245,manang,MANANG_S9_P2312_R3,2023,1,202,434.32,1002.21,365.89,,0,0
246,manang,MANANG_S9_P2312_R3,2024,2,210.5,434.5688568,1190,544.9311432,,0,0
247,manang,MANANG_S12_P0000_R6,2023,1,193.5,412.1,671.138,65.538,,0,0
248,manang,MANANG_S6_P1111_R3,2023,1,202,434.32,931.59,295.27,,0,0
249,manang,MANANG_S6_P1111_R3,2024,2,230,416.0514828,214.5,-431.5514828,,0,0
250,manang,MANANG_S5_P2341_R1,2023,1,202,434.32,1029.93,393.61,,0,0
251,manang,MANANG_S5_P2341_R1,2024,2,230,432.2510423,363,-299.2510423,,0,0
252,manang,MANANG_S2_P1212_R2,2023,1,204.5,501.3472,744.25,38.4028,,0,0
253,manang,MANANG_S2_P1212_R2,2024,2,230,420.2705155,627,-23.2705155,,0,0
254,manang,MANANG_S8.1_P3123_R2,2023,1,191,434.32,1278.75,653.43,,0,0
255,manang,MANANG_S8.1_P3123_R2,2024,2,204.5,215.8022,0,-420.3022,,0,0
256,manang,MANANG_S9_P3123_R3,2023,1,224,517.72,0,-741.72,,0,0
257,manang,MANANG_S9_P3123_R3,2024,2,193.5,210.7522,0,-404.2522,,0,0
258,manang,MANANG_S8.1_P1231_R1,2023,1,215.5,524.5,0,-740,,0,0
259,manang,MANANG_S8.1_P1231_R1,2024,2,221.5,407.6677994,495,-134.1677994,,0,0
260,manang,MANANG_S7_P1231_R2,2023,1,285,746.7126587,561,-470.7126587,,0,0
261,manang,MANANG_S7_P3123_R1,2023,1,191,434.32,1123.65,498.33,,0,0
262,manang,MANANG_S12_P0000_R1,2023,1,182.5,412.1,581.57,-13.03,,0,0
263,manang,MANANG_S12_P0000_R1,2024,2,221.5,335.561904,528,-29.06190395,,0,0
264,manang,MANANG_S1.2_P2312_R1,2023,1,202,434.32,1105.17,468.85,,0,0
265,manang,MANANG_S1.2_P2312_R1,2024,2,230,405.9979634,264,-371.9979634,,0,0
266,manang,MANANG_S4_P2341_R3,2023,1,191,450.5,832.236,190.736,,0,0
267,manang,MANANG_S4_P2341_R3,2024,2,221.5,376.4705177,726,128.0294823,,0,0
268,manang,MANANG_S8.2_P2312_R2,2023,1,213,434.32,1105.17,457.85,,0,0
269,manang,MANANG_S8.2_P2312_R2,2024,2,230,364.0891762,594,-0.0891762,,0,0
270,manang,MANANG_S10.2_P2312_R2,2023,1,191,434.32,857.34,232.02,,0,0
271,manang,MANANG_S10.2_P2312_R2,2024,2,221.5,403.3494389,594,-30.8494389,,0,0
272,manang,MANANG_S5_P4123_R1,2023,1,202,434.32,921.03,284.71,,0,0
273,manang,MANANG_S5_P4123_R1,2024,2,193.5,189.3017,65,-317.8017,,0,0
274,manang,MANANG_S2_P2121_R2,2023,1,202,434.32,992.31,355.99,,0,0
275,manang,MANANG_S2_P2121_R2,2024,2,193.5,189.3017,325,-57.8017,,0,0
276,manang,MANANG_S6_P1111_R4,2023,1,180,434.32,1197.24,582.92,,0,0
277,manang,MANANG_S10.2_P2312_R3,2023,1,191,434.32,1058.31,432.99,,0,0
278,manang,MANANG_S10.2_P2312_R3,2024,2,221.5,403.3494389,693,68.1505611,,0,0
279,wallup,WALLUP_S4_P1231_R2,2023,1,171.5,233.2472,1751.1,1346.3528,,0,0
280,wallup,WALLUP_S1_P3123_R1,2023,1,169,190.47,1405.47,1046,,0,0
281,wallup,WALLUP_S3_P2341_R3,2023,1,147,521.3,1633.372,965.072,,0,0
282,wallup,WALLUP_S2_P2341_R3,2023,1,158,521.3,1634.616,955.316,,0,0
283,wallup,WALLUP_S5_P0000_R1,2023,1,158,201.47,1503.81,1144.34,,0,0
284,wallup,WALLUP_S2_P4123_R2,2023,1,158,377.97,1716.99,1181.02,,0,0
285,wallup,WALLUP_S3_P3412_R2,2023,1,180,377.97,1351.02,793.05,,0,0
286,wallup,WALLUP_S2_P2341_R2,2023,1,147,521.3,1360.314,692.014,,0,0
287,wallup,WALLUP_S2_P3412_R2,2023,1,180,377.97,1581.36,1023.39,,0,0
288,wallup,WALLUP_S4_P1231_R1,2023,1,160.5,205.7472,2217.15,1850.9028,,0,0
289,wallup,WALLUP_S4_P2312_R3,2023,1,158,377.97,1565.52,1029.55,,0,0
290,wallup,WALLUP_S1_P3123_R3,2023,1,169,190.47,1537.8,1178.33,,0,0
291,wallup,WALLUP_S1_P2312_R2,2023,1,169,190.47,1398.87,1039.4,,0,0
292,wallup,WALLUP_S3_P1234_R1,2023,1,171.5,204.3972,0,-375.8972,,0,0
293,wallup,WALLUP_S4_P3123_R2,2023,1,158,377.97,1637.13,1101.16,,0,0
294,wallup,WALLUP_S1_P2312_R3,2023,1,169,190.47,1624.92,1265.45,,0,0
295,wallup,WALLUP_S3_P3412_R1,2023,1,180,377.97,1680.36,1122.39,,0,0
296,wallup,WALLUP_S2_P3412_R3,2023,1,180,377.97,1618.65,1060.68,,0,0
297,wallup,WALLUP_S2_P1234_R2,2023,1,171.5,205.7472,2028,1650.7528,,0,0
298,wallup,WALLUP_S1_P3123_R2,2023,1,158,190.47,1547.7,1199.23,,0,0
299,wallup,WALLUP_S1_P2312_R1,2023,1,169,190.47,1427.91,1068.44,,0,0
300,wallup,WALLUP_S2_P4123_R1,2023,1,180,377.97,1518.99,961.02,,0,0
301,wallup,WALLUP_S4_P2312_R1,2023,1,180,377.97,1618.65,1060.68,,0,0
302,wallup,WALLUP_S1_P1231_R1,2023,1,160.5,205.7472,1577.55,1211.3028,,0,0
303,wallup,WALLUP_S3_P2341_R2,2023,1,147,521.3,1530.742,862.442,,0,0
304,wallup,WALLUP_S2_P1234_R3,2023,1,171.5,205.7472,1396.85,1019.6028,,0,0
305,wallup,WALLUP_S3_P1234_R3,2023,1,160.5,204.3972,0,-364.8972,,0,0
306,wallup,WALLUP_S4_P1231_R3,2023,1,160.5,178.2472,1895.4,1556.6528,,0,0
307,wallup,WALLUP_S6_P0000_R3,2023,1,158,218.72,1539.45,1162.73,,0,0
308,wallup,WALLUP_S3_P4123_R1,2023,1,169,377.97,1525.26,978.29,,0,0
309,wallup,WALLUP_S3_P2341_R1,2023,1,147,521.3,1551.89,883.59,,0,0
310,wallup,WALLUP_S4_P3123_R3,2023,1,169,377.97,1577.73,1030.76,,0,0
311,wallup,WALLUP_S3_P3412_R3,2023,1,180,377.97,1659.24,1101.27,,0,0
312,wallup,WALLUP_S4_P3123_R1,2023,1,158,377.97,1619.64,1083.67,,0,0
313,wallup,WALLUP_S2_P4123_R3,2023,1,180,377.97,1649.67,1091.7,,0,0
314,wallup,WALLUP_S1_P1231_R2,2023,1,160.5,205.7472,1973.4,1607.1528,,0,0
315,wallup,WALLUP_S1_P1231_R3,2023,1,160.5,205.7472,1798.55,1432.3028,,0,0
316,wallup,WALLUP_S3_P4123_R2,2023,1,180,377.97,1578.06,1020.09,,0,0
317,wallup,WALLUP_S2_P3412_R1,2023,1,169,377.97,1552.32,1005.35,,0,0
318,wallup,WALLUP_S6_P0000_R2,2023,1,169,245.97,1632.51,1217.54,,0,0
319,wallup,WALLUP_S3_P4123_R3,2023,1,180,377.97,1696.2,1138.23,,0,0
320,wallup,WALLUP_S5_P0000_R3,2023,1,169,201.47,1326.27,955.8,,0,0
321,wallup,WALLUP_S3_P1234_R2,2023,1,160.5,204.3972,0,-364.8972,,0,0
322,wallup,WALLUP_S5_P0000_R2,2023,1,158,201.47,1542.75,1183.28,,0,0
323,wallup,WALLUP_S6_P0000_R1,2023,1,169,245.97,1592.58,1177.61,,0,0
324,wallup,WALLUP_S4_P2312_R2,2023,1,158,377.97,1625.91,1089.94,,0,0
325,wallup,WALLUP_S2_P2341_R1,2023,1,158,521.3,1621.554,942.254,,0,0
326,wallup,WALLUP_S2_P1234_R1,2023,1,171.5,205.7472,1735.5,1358.2528,,0,0
327,hart,HART_S4.3_P4123_R3,2023,1,202,258.75835,1142.234,681.47565,,0,0
328,hart,HART_S4.3_P4123_R3,2024,2,193.5,242.3244,794.3,358.4756,,0,0
329,hart,HART_S1.2_P1231_R3,2023,1,204.5,222.5193,1082.25,655.2307,,0,0
330,hart,HART_S1.2_P1231_R3,2024,2,202,202.6106741,509.19,104.5793259,,0,0
331,hart,HART_S1.3_P1231_R1,2023,1,204.5,222.5193,998.4,571.3807,,0,0
332,hart,HART_S1.3_P1231_R1,2024,2,202,243.052,74.91,-370.142,,0,0
333,hart,HART_S6_P3412_R1,2023,1,202,246.75835,1185.69,736.93165,,0,0
334,hart,HART_S6_P3412_R1,2024,2,202,171.8577747,259.26,-114.5977747,,0,0
335,hart,HART_S1.1_P3123_R1,2023,1,202,235.75835,1053.728,615.96965,,0,0
336,hart,HART_S1.1_P3123_R1,2024,2,193.5,242.3244,453.05,17.2256,,0,0
337,hart,HART_S1.1_P3123_R3,2023,1,202,235.75835,1073.694,635.93565,,0,0
338,hart,HART_S1.1_P3123_R3,2024,2,193.5,242.3244,438.1,2.2756,,0,0
339,hart,HART_S1.3_P3123_R2,2023,1,202,258.75835,939.594,478.83565,,0,0
340,hart,HART_S1.3_P3123_R2,2024,2,193.5,242.3244,441.35,5.5256,,0,0
341,hart,HART_S3_P2341_R1,2023,1,202,246.75835,1028.61,579.85165,,0,0
342,hart,HART_S3_P2341_R1,2024,2,193.5,242.3244,470.6,34.7756,,0,0
343,hart,HART_S7_P2341_R3,2023,1,204.5,209.9862,790.152,375.6658,,0,0
344,hart,HART_S7_P2341_R3,2024,2,202,229.6281983,685.74,254.1118017,,0,0
345,hart,HART_S10.1_P2312_R2,2023,1,193.5,190.25835,927.3,543.54165,,0,0
346,hart,HART_S10.1_P2312_R2,2024,2,202,193.1668083,235.718,-159.4488083,,0,0
347,hart,HART_S5_P0000_R1,2023,1,204.5,222.5193,1192.75,765.7307,,0,0
348,hart,HART_S5_P0000_R1,2024,2,193.5,238.4444,0,-431.9444,,0,0
349,hart,HART_S10.3_P1231_R2,2023,1,204.5,227.7693,842.056,409.7867,,0,0
350,hart,HART_S10.3_P1231_R2,2024,2,202,232.1794759,291.39,-142.7894759,,0,0
351,hart,HART_S4.2_P1234_R2,2023,1,204.5,222.5193,758.55,331.5307,,0,0
352,hart,HART_S4.2_P1234_R2,2024,2,202,223.8246765,454.74,28.9153235,,0,0
353,hart,HART_S4.2_P4123_R1,2023,1,202,235.75835,1000.386,562.62765,,0,0
354,hart,HART_S4.2_P4123_R1,2024,2,193.5,242.3244,489.45,53.6256,,0,0
355,hart,HART_S10.1_P3123_R2,2023,1,193.5,190.25835,1044.788,661.02965,,0,0
356,hart,HART_S10.1_P3123_R2,2024,2,182.5,203.295,502.428,116.633,,0,0
357,hart,HART_S10.1_P3123_R3,2023,1,193.5,190.25835,1151.472,767.71365,,0,0
358,hart,HART_S10.1_P3123_R3,2024,2,182.5,203.295,372.32,-13.475,,0,0
359,hart,HART_S5_P0000_R6,2023,1,204.5,222.5193,1340.3,913.2807,,0,0
360,hart,HART_S5_P0000_R6,2024,2,193.5,238.4444,0,-431.9444,,0,0
361,hart,HART_S4.1_P1234_R1,2023,1,204.5,222.5193,1041.3,614.2807,,0,0
362,hart,HART_S4.1_P1234_R1,2024,2,202,214.7594818,571.23,154.4705182,,0,0
363,hart,HART_S9_P1234_R2,2023,1,204.5,235.9362,0,-440.4362,,0,0
364,hart,HART_S9_P1234_R2,2024,2,210.5,235.516,102.008,-344.008,,0,0
365,hart,HART_S4.2_P2341_R1,2023,1,202,246.75835,830.94,382.18165,,0,0
366,hart,HART_S4.2_P2341_R1,2024,2,210.5,237.4248707,120.668,-327.2568707,,0,0
367,hart,HART_S9_P4123_R1,2023,1,202,235.75835,1102.6,664.84165,,0,0
368,hart,HART_S9_P4123_R1,2024,2,182.5,139.03,0,-321.53,,0,0
369,hart,HART_S1.2_P3123_R3,2023,1,202,235.75835,1191.106,753.34765,,0,0
370,hart,HART_S1.2_P3123_R3,2024,2,193.5,242.3244,525.2,89.3756,,0,0
371,hart,HART_S5_P0000_R3,2023,1,204.5,222.5193,984.75,557.7307,,0,0
372,hart,HART_S5_P0000_R3,2024,2,193.5,238.4444,0,-431.9444,,0,0
373,hart,HART_S10.3_P3123_R2,2023,1,202,235.75835,971.48,533.72165,,0,0
374,hart,HART_S10.3_P3123_R2,2024,2,191,247.1269513,343.902,-94.22495128,,0,0
375,hart,HART_S1.1_P2312_R2,2023,1,202,246.75835,984.72,535.96165,,0,0
376,hart,HART_S1.1_P2312_R2,2024,2,202,205.8544,373.096,-34.7584,,0,0
377,hart,HART_S10.2_P3123_R3,2023,1,202,213.25835,1258.156,842.89765,,0,0
378,hart,HART_S10.2_P3123_R3,2024,2,191,226.4258412,166.488,-250.9378412,,0,0
379,hart,HART_S2.1_P0000_R3,2023,1,202,238.25835,1432.2,991.94165,,0,0
380,hart,HART_S2.1_P0000_R3,2024,2,202,183.2139105,481.3296,96.11568947,,0,0
381,hart,HART_S6_P1234_R1,2023,1,204.5,222.5193,928.2,501.1807,,0,0
382,hart,HART_S6_P1234_R1,2024,2,210.5,235.516,348.32,-97.696,,0,0
383,hart,HART_S4.3_P2341_R1,2023,1,202,259.75835,859.65,397.89165,,0,0
384,hart,HART_S4.3_P2341_R1,2024,2,210.5,274.071721,241.336,-243.235721,,0,0
385,hart,HART_S4.1_P1234_R2,2023,1,204.5,222.5193,821.6,394.5807,,0,0
386,hart,HART_S4.1_P1234_R2,2024,2,202,214.7594818,497.64,80.88051824,,0,0
387,hart,HART_S2.3_P0000_R3,2023,1,202,285.75835,1222.98,735.22165,,0,0
388,hart,HART_S2.3_P0000_R3,2024,2,202,182.7649921,360.1926,-24.57239213,,0,0
389,hart,HART_S10.2_P1231_R3,2023,1,204.5,227.7693,836.65,404.3807,,0,0
390,hart,HART_S10.2_P1231_R3,2024,2,202,250.7441863,269.94,-182.8041863,,0,0
391,hart,HART_S9_P2341_R2,2023,1,213,236.5018,289.852,-159.6498,,0,0
392,hart,HART_S9_P2341_R2,2024,2,202,221.5951118,215.82,-207.7751118,,0,0
393,hart,HART_S5_P0000_R4,2023,1,204.5,222.5193,951.6,524.5807,,0,0
394,hart,HART_S5_P0000_R4,2024,2,193.5,238.4444,0,-431.9444,,0,0
395,hart,HART_S7_P4123_R2,2023,1,202,235.75835,963.732,525.97365,,0,0
396,hart,HART_S7_P4123_R2,2024,2,193.5,242.3244,504.4,68.5756,,0,0
397,hart,HART_S10.3_P3123_R1,2023,1,202,235.75835,1287.062,849.30365,,0,0
398,hart,HART_S10.3_P3123_R1,2024,2,191,247.1269513,216.456,-221.6709513,,0,0
399,hart,HART_S6_P1234_R3,2023,1,204.5,222.5193,1212.9,785.8807,,0,0
400,hart,HART_S6_P1234_R3,2024,2,210.5,235.516,427.314,-18.702,,0,0
401,hart,HART_S8_P3412_R1,2023,1,202,235.75835,1057.006,619.24765,,0,0
402,hart,HART_S8_P3412_R1,2024,2,202,256.6111731,562.98,104.3688269,,0,0
403,hart,HART_S10.1_P1231_R2,2023,1,204.5,227.7693,1017.254,584.9847,,0,0
404,hart,HART_S10.1_P1231_R2,2024,2,202,228.3950739,317.13,-113.2650739,,0,0
405,hart,HART_S6_P2341_R2,2023,1,213,236.5018,394.348,-55.1538,,0,0
406,hart,HART_S6_P2341_R2,2024,2,202,189.6031516,167.97,-223.6331516,,0,0
407,hart,HART_S3_P3412_R3,2023,1,204.5,222.5193,881.4,454.3807,,0,0
408,hart,HART_S3_P3412_R3,2024,2,202,155.8544,576.928,219.0736,,0,0
409,hart,HART_S6_P1234_R2,2023,1,204.5,222.5193,877.5,450.4807,,0,0
410,hart,HART_S6_P1234_R2,2024,2,210.5,235.516,3.11,-442.906,,0,0
411,hart,HART_S2.1_P0000_R1,2023,1,202,238.25835,1337.16,896.90165,,0,0
412,hart,HART_S2.1_P0000_R1,2024,2,202,183.2139105,62.8482,-322.3657105,,0,0
413,hart,HART_S1.2_P2312_R2,2023,1,202,246.75835,947.43,498.67165,,0,0
414,hart,HART_S1.2_P2312_R2,2024,2,202,180.7204495,151.98,-230.7404495,,0,0
415,hart,HART_S8_P4123_R1,2023,1,202,246.75835,1116.39,667.63165,,0,0
416,hart,HART_S8_P4123_R1,2024,2,193.5,242.3244,438.75,2.9256,,0,0
417,hart,HART_S2.2_P0000_R1,2023,1,202,264.25835,1190.64,724.38165,,0,0
418,hart,HART_S2.2_P0000_R1,2024,2,202,182.4172712,441.1592,56.74192882,,0,0
419,hart,HART_S4.2_P1234_R3,2023,1,204.5,222.5193,1250.6,823.5807,,0,0
420,hart,HART_S4.2_P1234_R3,2024,2,202,223.8246765,661.98,236.1553235,,0,0
421,hart,HART_S7_P4123_R1,2023,1,202,235.75835,1335.934,898.17565,,0,0
422,hart,HART_S7_P4123_R1,2024,2,193.5,242.3244,367.25,-68.5744,,0,0
423,hart,HART_S4.3_P1234_R1,2023,1,204.5,222.5193,791.7,364.6807,,0,0
424,hart,HART_S4.3_P1234_R1,2024,2,202,255.722505,570.9,113.177495,,0,0
425,hart,HART_S8_P1234_R3,2023,1,204.5,222.5193,914.55,487.5307,,0,0
426,hart,HART_S8_P1234_R3,2024,2,202,214.2938734,621.72,205.4261266,,0,0
427,hart,HART_S4.1_P3412_R1,2023,1,213,215.0018,652.478,224.4762,,0,0
428,hart,HART_S4.1_P3412_R1,2024,2,202,204.7580611,4.172,-402.5860611,,0,0
429,hart,HART_S6_P4123_R3,2023,1,202,235.75835,1207.794,770.03565,,0,0
430,hart,HART_S6_P4123_R3,2024,2,193.5,242.3244,383.5,-52.3244,,0,0
431,hart,HART_S4.3_P3412_R2,2023,1,213,249.5018,416.74,-45.7618,,0,0
432,hart,HART_S4.3_P3412_R2,2024,2,202,205.277914,79.566,-327.711914,,0,0
433,hart,HART_S6_P2341_R3,2023,1,213,236.5018,388.128,-61.3738,,0,0
434,hart,HART_S6_P2341_R3,2024,2,202,189.6031516,345.51,-46.09315159,,0,0
435,hart,HART_S4.2_P3412_R1,2023,1,213,236.5018,544.25,94.7482,,0,0
436,hart,HART_S4.2_P3412_R1,2024,2,202,179.2822903,50.958,-330.3242903,,0,0
437,hart,HART_S4.1_P4123_R2,2023,1,202,209.25835,956.282,545.02365,,0,0
438,hart,HART_S4.1_P4123_R2,2024,2,193.5,242.3244,664.3,228.4756,,0,0
439,hart,HART_S1.2_P3123_R1,2023,1,202,235.75835,1329.974,892.21565,,0,0
440,hart,HART_S1.2_P3123_R1,2024,2,193.5,242.3244,24.7,-411.1244,,0,0
441,hart,HART_S1.3_P2312_R1,2023,1,202,259.75835,1148.4,686.64165,,0,0
442,hart,HART_S1.3_P2312_R1,2024,2,202,230.8544,40.23,-392.6244,,0,0
443,hart,HART_S10.3_P2312_R1,2023,1,202,246.75835,923.67,474.91165,,0,0
444,hart,HART_S10.3_P2312_R1,2024,2,202,194.9781552,411.24,14.26184479,,0,0
445,hart,HART_S10.2_P3123_R2,2023,1,202,213.25835,997.406,582.14765,,0,0
446,hart,HART_S10.2_P3123_R2,2024,2,191,226.4258412,414.962,-2.46384117,,0,0
447,hart,HART_S5_P0000_R5,2023,1,204.5,222.5193,1068.6,641.5807,,0,0
448,hart,HART_S5_P0000_R5,2024,2,193.5,238.4444,0,-431.9444,,0,0
449,hart,HART_S7_P1234_R2,2023,1,204.5,222.5193,937.95,510.9307,,0,0
450,hart,HART_S7_P1234_R2,2024,2,193.5,229.7944,348.623,-74.6714,,0,0
451,hart,HART_S9_P2341_R3,2023,1,213,236.5018,388.128,-61.3738,,0,0
452,hart,HART_S9_P2341_R3,2024,2,202,221.5951118,257.73,-165.8651118,,0,0
453,hart,HART_S9_P1234_R1,2023,1,204.5,235.9362,0,-440.4362,,0,0
454,hart,HART_S9_P1234_R1,2024,2,210.5,235.516,485.16,39.144,,0,0
455,hart,HART_S10.1_P2312_R3,2023,1,193.5,190.25835,869.88,486.12165,,0,0
456,hart,HART_S10.1_P2312_R3,2024,2,202,193.1668083,328.992,-66.1748083,,0,0
457,hart,HART_S8_P2341_R1,2023,1,202,246.75835,1074.15,625.39165,,0,0
458,hart,HART_S8_P2341_R1,2024,2,202,198.8489038,327.8,-73.04890383,,0,0
459,hart,HART_S1.1_P1231_R2,2023,1,204.5,222.5193,857.35,430.3307,,0,0
460,hart,HART_S1.1_P1231_R2,2024,2,202,223.052,605.55,180.498,,0,0
461,hart,HART_S4.1_P1234_R3,2023,1,204.5,222.5193,1137.5,710.4807,,0,0
462,hart,HART_S4.1_P1234_R3,2024,2,202,214.7594818,728.97,312.2105182,,0,0
463,hart,HART_S10.3_P3123_R3,2023,1,202,235.75835,974.46,536.70165,,0,0
464,hart,HART_S10.3_P3123_R3,2024,2,191,247.1269513,435.73,-2.39695128,,0,0
465,hart,HART_S4.3_P3412_R1,2023,1,213,249.5018,359.516,-102.9858,,0,0
466,hart,HART_S4.3_P3412_R1,2024,2,202,205.277914,19.966,-387.311914,,0,0
467,hart,HART_S6_P4123_R1,2023,1,202,235.75835,1334.444,896.68565,,0,0
468,hart,HART_S6_P4123_R1,2024,2,193.5,242.3244,319.15,-116.6744,,0,0
469,hart,HART_S10.3_P2312_R3,2023,1,202,246.75835,1047.09,598.33165,,0,0
470,hart,HART_S10.3_P2312_R3,2024,2,202,194.9781552,301.874,-95.10415521,,0,0
471,hart,HART_S2.1_P0000_R2,2023,1,202,238.25835,1032.57,592.31165,,0,0
472,hart,HART_S2.1_P0000_R2,2024,2,202,183.2139105,614.1482,228.9342895,,0,0
473,hart,HART_S4.3_P2341_R3,2023,1,202,259.75835,1106.16,644.40165,,0,0
474,hart,HART_S4.3_P2341_R3,2024,2,210.5,274.071721,38.564,-446.007721,,0,0
475,hart,HART_S3_P3412_R2,2023,1,204.5,222.5193,1014.65,587.6307,,0,0
476,hart,HART_S3_P3412_R2,2024,2,202,155.8544,605.834,247.9796,,0,0
477,hart,HART_S4.1_P2341_R2,2023,1,202,225.25835,886.71,459.45165,,0,0
478,hart,HART_S4.1_P2341_R2,2024,2,210.5,254.7337181,42.918,-422.3157181,,0,0
479,hart,HART_S3_P2341_R2,2023,1,202,246.75835,891.66,442.90165,,0,0
480,hart,HART_S3_P2341_R2,2024,2,193.5,242.3244,404.3,-31.5244,,0,0
481,hart,HART_S3_P1234_R3,2023,1,204.5,222.5193,1124.5,697.4807,,0,0
482,hart,HART_S3_P1234_R3,2024,2,202,216.2718824,379.17,-39.10188242,,0,0
483,hart,HART_S9_P3412_R2,2023,1,202,246.75835,807.18,358.42165,,0,0
484,hart,HART_S9_P3412_R2,2024,2,202,220.6835143,404.982,-17.70151425,,0,0
485,hart,HART_S4.2_P4123_R3,2023,1,202,235.75835,1191.106,753.34765,,0,0
486,hart,HART_S4.2_P4123_R3,2024,2,193.5,242.3244,516.75,80.9256,,0,0
487,hart,HART_S5_P0000_R8,2023,1,204.5,222.5193,817.7,390.6807,,0,0
488,hart,HART_S5_P0000_R8,2024,2,193.5,238.4444,0,-431.9444,,0,0
489,hart,HART_S10.2_P1231_R2,2023,1,204.5,227.7693,828.686,396.4167,,0,0
490,hart,HART_S10.2_P1231_R2,2024,2,202,250.7441863,458.7,5.95581375,,0,0
491,hart,HART_S9_P4123_R2,2023,1,202,235.75835,1130.016,692.25765,,0,0
492,hart,HART_S9_P4123_R2,2024,2,182.5,139.03,0,-321.53,,0,0
493,hart,HART_S8_P2341_R2,2023,1,202,246.75835,851.07,402.31165,,0,0
494,hart,HART_S8_P2341_R2,2024,2,202,198.8489038,216.05,-184.7989038,,0,0
495,hart,HART_S8_P4123_R3,2023,1,202,246.75835,1150.05,701.29165,,0,0
496,hart,HART_S8_P4123_R3,2024,2,193.5,242.3244,446.55,10.7256,,0,0
497,hart,HART_S7_P1234_R3,2023,1,204.5,222.5193,1138.8,711.7807,,0,0
498,hart,HART_S7_P1234_R3,2024,2,193.5,229.7944,427.999,4.7046,,0,0
499,hart,HART_S8_P3412_R2,2023,1,202,235.75835,1116.308,678.54965,,0,0
500,hart,HART_S8_P3412_R2,2024,2,202,256.6111731,475.2,16.58882685,,0,0
501,hart,HART_S3_P4123_R1,2023,1,202,235.75835,1027.802,590.04365,,0,0
502,hart,HART_S3_P4123_R1,2024,2,193.5,242.3244,419.9,-15.9244,,0,0
503,hart,HART_S10.2_P3123_R1,2023,1,202,213.25835,1319.246,903.98765,,0,0
504,hart,HART_S10.2_P3123_R1,2024,2,191,226.4258412,286.56,-130.8658412,,0,0
505,hart,HART_S4.3_P2341_R2,2023,1,202,259.75835,859.65,397.89165,,0,0
506,hart,HART_S4.3_P2341_R2,2024,2,210.5,274.071721,14.928,-469.643721,,0,0
507,hart,HART_S4.1_P4123_R1,2023,1,202,209.25835,1064.456,653.19765,,0,0
508,hart,HART_S4.1_P4123_R1,2024,2,193.5,242.3244,458.9,23.0756,,0,0
509,hart,HART_S4.3_P3412_R3,2023,1,213,249.5018,350.186,-112.3158,,0,0
510,hart,HART_S4.3_P3412_R3,2024,2,202,205.277914,95.658,-311.619914,,0,0
511,hart,HART_S1.2_P1231_R1,2023,1,204.5,222.5193,804.05,377.0307,,0,0
512,hart,HART_S1.2_P1231_R1,2024,2,202,202.6106741,689.37,284.7593259,,0,0
513,hart,HART_S10.3_P1231_R1,2023,1,204.5,227.7693,922.236,489.9667,,0,0
514,hart,HART_S10.3_P1231_R1,2024,2,202,232.1794759,303.6,-130.5794759,,0,0
515,hart,HART_S3_P2341_R3,2023,1,202,246.75835,1047.09,598.33165,,0,0
516,hart,HART_S3_P2341_R3,2024,2,193.5,242.3244,630.5,194.6756,,0,0
517,hart,HART_S6_P3412_R2,2023,1,202,246.75835,983.07,534.31165,,0,0
518,hart,HART_S6_P3412_R2,2024,2,202,171.8577747,298,-75.85777473,,0,0
519,hart,HART_S6_P2341_R1,2023,1,213,236.5018,311,-138.5018,,0,0
520,hart,HART_S6_P2341_R1,2024,2,202,189.6031516,225.06,-166.5431516,,0,0
521,hart,HART_S4.1_P3412_R2,2023,1,213,215.0018,334.014,-93.9878,,0,0
522,hart,HART_S4.1_P3412_R2,2024,2,202,204.7580611,110.856,-295.9020611,,0,0
523,hart,HART_S9_P3412_R3,2023,1,202,246.75835,1008.15,559.39165,,0,0
524,hart,HART_S9_P3412_R3,2024,2,202,220.6835143,323.032,-99.65151425,,0,0
525,hart,HART_S3_P4123_R3,2023,1,202,235.75835,1180.378,742.61965,,0,0
526,hart,HART_S3_P4123_R3,2024,2,193.5,242.3244,234,-201.8244,,0,0
527,hart,HART_S1.3_P1231_R3,2023,1,204.5,222.5193,810.55,383.5307,,0,0
528,hart,HART_S1.3_P1231_R3,2024,2,202,243.052,529.65,84.598,,0,0
529,hart,HART_S5_P0000_R7,2023,1,204.5,222.5193,1142.7,715.6807,,0,0
530,hart,HART_S5_P0000_R7,2024,2,193.5,238.4444,0,-431.9444,,0,0
531,hart,HART_S7_P2341_R2,2023,1,204.5,209.9862,713.482,298.9958,,0,0
532,hart,HART_S7_P2341_R2,2024,2,202,229.6281983,533.94,102.3118017,,0,0
533,hart,HART_S8_P1234_R1,2023,1,204.5,222.5193,828.1,401.0807,,0,0
534,hart,HART_S8_P1234_R1,2024,2,202,214.2938734,616.44,200.1461266,,0,0
535,hart,HART_S8_P2341_R3,2023,1,202,246.75835,1128.27,679.51165,,0,0
536,hart,HART_S8_P2341_R3,2024,2,202,198.8489038,0,-400.8489038,,0,0
537,hart,HART_S4.3_P1234_R3,2023,1,204.5,222.5193,1160.9,733.8807,,0,0
538,hart,HART_S4.3_P1234_R3,2024,2,202,255.722505,786.06,328.337495,,0,0
539,hart,HART_S7_P3412_R2,2023,1,202,246.75835,930.6,481.84165,,0,0
540,hart,HART_S7_P3412_R2,2024,2,202,214.9032939,218.136,-198.7672939,,0,0
541,hart,HART_S4.2_P3412_R2,2023,1,213,236.5018,356.406,-93.0958,,0,0
542,hart,HART_S4.2_P3412_R2,2024,2,202,179.2822903,120.094,-261.1882903,,0,0
543,hart,HART_S7_P3412_R3,2023,1,202,246.75835,1080.75,631.99165,,0,0
544,hart,HART_S7_P3412_R3,2024,2,202,214.9032939,519.116,102.2127061,,0,0
545,hart,HART_S10.1_P1231_R3,2023,1,204.5,227.7693,949.408,517.1387,,0,0
546,hart,HART_S10.1_P1231_R3,2024,2,202,228.3950739,280.5,-149.8950739,,0,0
547,hart,HART_S4.1_P3412_R3,2023,1,213,215.0018,436.022,8.0202,,0,0
548,hart,HART_S4.1_P3412_R3,2024,2,202,204.7580611,160.324,-246.4340611,,0,0
549,hart,HART_S10.2_P1231_R1,2023,1,204.5,227.7693,911.618,479.3487,,0,0
550,hart,HART_S10.2_P1231_R1,2024,2,202,250.7441863,342.54,-110.2041862,,0,0
551,hart,HART_S5_P0000_R9,2023,1,204.5,222.5193,787.15,360.1307,,0,0
552,hart,HART_S5_P0000_R9,2024,2,193.5,238.4444,0,-431.9444,,0,0
553,hart,HART_S2.2_P0000_R3,2023,1,202,264.25835,1299.54,833.28165,,0,0
554,hart,HART_S2.2_P0000_R3,2024,2,202,182.4172712,332.3296,-52.08767118,,0,0
555,hart,HART_S2.3_P0000_R1,2023,1,202,285.75835,1461.24,973.48165,,0,0
556,hart,HART_S2.3_P0000_R1,2024,2,202,182.7649921,121.7926,-262.9723921,,0,0
557,hart,HART_S4.2_P1234_R1,2023,1,204.5,222.5193,1190.8,763.7807,,0,0
558,hart,HART_S4.2_P1234_R1,2024,2,202,223.8246765,296.01,-129.8146765,,0,0
559,hart,HART_S1.1_P2312_R1,2023,1,202,246.75835,1097.91,649.15165,,0,0
560,hart,HART_S1.1_P2312_R1,2024,2,202,205.8544,203.236,-204.6184,,0,0
561,hart,HART_S1.2_P2312_R1,2023,1,202,246.75835,1072.5,623.74165,,0,0
562,hart,HART_S1.2_P2312_R1,2024,2,202,180.7204495,78.076,-304.6444495,,0,0
563,hart,HART_S10.1_P3123_R1,2023,1,193.5,190.25835,1326.696,942.93765,,0,0
564,hart,HART_S10.1_P3123_R1,2024,2,182.5,203.295,363.124,-22.671,,0,0
565,hart,HART_S3_P4123_R2,2023,1,202,235.75835,985.188,547.42965,,0,0
566,hart,HART_S3_P4123_R2,2024,2,193.5,242.3244,605.8,169.9756,,0,0
567,hart,HART_S7_P1234_R1,2023,1,204.5,222.5193,1196,768.9807,,0,0
568,hart,HART_S7_P1234_R1,2024,2,193.5,229.7944,260.678,-162.6164,,0,0
569,hart,HART_S7_P4123_R3,2023,1,202,235.75835,1130.016,692.25765,,0,0
570,hart,HART_S7_P4123_R3,2024,2,193.5,242.3244,438.75,2.9256,,0,0
571,hart,HART_S10.1_P2312_R1,2023,1,193.5,190.25835,858,474.24165,,0,0
572,hart,HART_S10.1_P2312_R1,2024,2,202,193.1668083,474.118,78.9511917,,0,0
573,hart,HART_S1.3_P2312_R2,2023,1,202,259.75835,912.12,450.36165,,0,0
574,hart,HART_S1.3_P2312_R2,2024,2,202,230.8544,209.196,-223.6584,,0,0
575,hart,HART_S1.3_P2312_R3,2023,1,202,259.75835,1026.96,565.20165,,0,0
576,hart,HART_S1.3_P2312_R3,2024,2,202,230.8544,361.176,-71.6784,,0,0
577,hart,HART_S1.2_P3123_R2,2023,1,202,235.75835,1005.154,567.39565,,0,0
578,hart,HART_S1.2_P3123_R2,2024,2,193.5,242.3244,383.5,-52.3244,,0,0
579,hart,HART_S9_P2341_R1,2023,1,213,236.5018,490.136,40.6342,,0,0
580,hart,HART_S9_P2341_R1,2024,2,202,221.5951118,301.95,-121.6451118,,0,0
581,hart,HART_S4.3_P4123_R2,2023,1,202,258.75835,1005.154,544.39565,,0,0
582,hart,HART_S4.3_P4123_R2,2024,2,193.5,242.3244,516.1,80.2756,,0,0
583,hart,HART_S6_P4123_R2,2023,1,202,235.75835,1082.932,645.17365,,0,0
584,hart,HART_S6_P4123_R2,2024,2,193.5,242.3244,519.35,83.5256,,0,0
585,hart,HART_S8_P1234_R2,2023,1,204.5,222.5193,931.45,504.4307,,0,0
586,hart,HART_S8_P1234_R2,2024,2,202,214.2938734,698.28,281.9861266,,0,0
587,hart,HART_S6_P3412_R3,2023,1,202,246.75835,852.72,403.96165,,0,0
588,hart,HART_S6_P3412_R3,2024,2,202,171.8577747,527.758,153.9002253,,0,0
589,hart,HART_S4.2_P4123_R2,2023,1,202,235.75835,1035.55,597.79165,,0,0
590,hart,HART_S4.2_P4123_R2,2024,2,193.5,242.3244,466.7,30.8756,,0,0
591,hart,HART_S4.3_P1234_R2,2023,1,204.5,222.5193,1151.15,724.1307,,0,0
592,hart,HART_S4.3_P1234_R2,2024,2,202,255.722505,589.38,131.657495,,0,0
593,hart,HART_S5_P0000_R2,2023,1,204.5,222.5193,1092,664.9807,,0,0
594,hart,HART_S5_P0000_R2,2024,2,193.5,238.4444,0,-431.9444,,0,0
595,hart,HART_S10.2_P2312_R3,2023,1,202,218.75835,950.73,529.97165,,0,0
596,hart,HART_S10.2_P2312_R3,2024,2,202,181.9724503,512.56,128.5875497,,0,0
597,hart,HART_S3_P1234_R1,2023,1,204.5,222.5193,984.75,557.7307,,0,0
598,hart,HART_S3_P1234_R1,2024,2,202,216.2718824,596.31,178.0381176,,0,0
599,hart,HART_S8_P4123_R2,2023,1,202,246.75835,898.59,449.83165,,0,0
600,hart,HART_S8_P4123_R2,2024,2,193.5,242.3244,440.05,4.2256,,0,0
601,hart,HART_S4.2_P2341_R2,2023,1,202,246.75835,781.77,333.01165,,0,0
602,hart,HART_S4.2_P2341_R2,2024,2,210.5,237.4248707,46.65,-401.2748707,,0,0
603,hart,HART_S4.3_P4123_R1,2023,1,202,258.75835,1296.3,835.54165,,0,0
604,hart,HART_S4.3_P4123_R1,2024,2,193.5,242.3244,269.75,-166.0744,,0,0
605,hart,HART_S1.1_P2312_R3,2023,1,202,246.75835,935.55,486.79165,,0,0
606,hart,HART_S1.1_P2312_R3,2024,2,202,205.8544,211.58,-196.2744,,0,0
607,hart,HART_S1.2_P1231_R2,2023,1,204.5,222.5193,1045.2,618.1807,,0,0
608,hart,HART_S1.2_P1231_R2,2024,2,202,202.6106741,723.69,319.0793259,,0,0
609,hart,HART_S3_P3412_R1,2023,1,204.5,222.5193,1044.55,617.5307,,0,0
610,hart,HART_S3_P3412_R1,2024,2,202,155.8544,766.754,408.8996,,0,0
611,hart,HART_S1.1_P3123_R2,2023,1,202,235.75835,1091.872,654.11365,,0,0
612,hart,HART_S1.1_P3123_R2,2024,2,193.5,242.3244,0,-435.8244,,0,0
613,hart,HART_S10.2_P2312_R1,2023,1,202,218.75835,1246.41,825.65165,,0,0
614,hart,HART_S10.2_P2312_R1,2024,2,202,181.9724503,63.474,-320.4984503,,0,0
615,hart,HART_S8_P3412_R3,2023,1,202,235.75835,1186.636,748.87765,,0,0
616,hart,HART_S8_P3412_R3,2024,2,202,256.6111731,444.84,-13.77117315,,0,0
617,hart,HART_S4.2_P2341_R3,2023,1,202,246.75835,1148.4,699.64165,,0,0
618,hart,HART_S4.2_P2341_R3,2024,2,210.5,237.4248707,239.47,-208.4548707,,0,0
619,hart,HART_S7_P3412_R1,2023,1,202,246.75835,1249.71,800.95165,,0,0
620,hart,HART_S7_P3412_R1,2024,2,202,214.9032939,72.712,-344.1912939,,0,0
621,hart,HART_S2.3_P0000_R2,2023,1,202,285.75835,1233.21,745.45165,,0,0
622,hart,HART_S2.3_P0000_R2,2024,2,202,182.7649921,221.563,-163.2019921,,0,0
623,hart,HART_S3_P1234_R2,2023,1,204.5,222.5193,851.5,424.4807,,0,0
624,hart,HART_S3_P1234_R2,2024,2,202,216.2718824,561,142.7281176,,0,0
625,hart,HART_S1.1_P1231_R3,2023,1,204.5,222.5193,1015.3,588.2807,,0,0
626,hart,HART_S1.1_P1231_R3,2024,2,202,223.052,490.71,65.658,,0,0
627,hart,HART_S1.3_P3123_R1,2023,1,202,258.75835,1085.912,625.15365,,0,0
628,hart,HART_S1.3_P3123_R1,2024,2,193.5,242.3244,438.75,2.9256,,0,0
629,hart,HART_S1.3_P3123_R3,2023,1,202,258.75835,1244.448,783.68965,,0,0
630,hart,HART_S1.3_P3123_R3,2024,2,193.5,242.3244,362.05,-73.7744,,0,0
631,hart,HART_S9_P4123_R3,2023,1,202,235.75835,1281.102,843.34365,,0,0
632,hart,HART_S9_P4123_R3,2024,2,182.5,139.03,0,-321.53,,0,0
633,hart,HART_S4.2_P3412_R3,2023,1,213,236.5018,190.954,-258.5478,,0,0
634,hart,HART_S4.2_P3412_R3,2024,2,202,179.2822903,51.852,-329.4302903,,0,0
635,hart,HART_S1.1_P1231_R1,2023,1,204.5,222.5193,1259.7,832.6807,,0,0
636,hart,HART_S1.1_P1231_R1,2024,2,202,223.052,441.54,16.488,,0,0
637,hart,HART_S4.1_P2341_R3,2023,1,202,225.25835,1084.38,657.12165,,0,0
638,hart,HART_S4.1_P2341_R3,2024,2,210.5,254.7337181,69.664,-395.5697181,,0,0
639,hart,HART_S4.1_P2341_R1,2023,1,202,225.25835,903.54,476.28165,,0,0
640,hart,HART_S4.1_P2341_R1,2024,2,210.5,254.7337181,88.946,-376.2877181,,0,0
641,hart,HART_S9_P3412_R1,2023,1,202,246.75835,1082.4,633.64165,,0,0
642,hart,HART_S9_P3412_R1,2024,2,202,220.6835143,119.498,-303.1855143,,0,0
643,hart,HART_S10.2_P2312_R2,2023,1,202,218.75835,940.83,520.07165,,0,0
644,hart,HART_S10.2_P2312_R2,2024,2,202,181.9724503,332.27,-51.7024503,,0,0
645,hart,HART_S9_P1234_R3,2023,1,204.5,235.9362,0,-440.4362,,0,0
646,hart,HART_S9_P1234_R3,2024,2,210.5,235.516,209.614,-236.402,,0,0
647,hart,HART_S1.3_P1231_R2,2023,1,204.5,222.5193,827.45,400.4307,,0,0
648,hart,HART_S1.3_P1231_R2,2024,2,202,243.052,589.05,143.998,,0,0
649,hart,HART_S10.3_P1231_R3,2023,1,204.5,227.7693,938.976,506.7067,,0,0
650,hart,HART_S10.3_P1231_R3,2024,2,202,232.1794759,367.95,-66.22947586,,0,0
651,hart,HART_S10.3_P2312_R2,2023,1,202,246.75835,989.67,540.91165,,0,0
652,hart,HART_S10.3_P2312_R2,2024,2,202,194.9781552,473.82,76.84184479,,0,0
653,hart,HART_S7_P2341_R1,2023,1,204.5,209.9862,664.774,250.2878,,0,0
654,hart,HART_S7_P2341_R1,2024,2,202,229.6281983,647.79,216.1618017,,0,0
655,hart,HART_S10.1_P1231_R1,2023,1,204.5,227.7693,793.39,361.1207,,0,0
656,hart,HART_S10.1_P1231_R1,2024,2,202,228.3950739,382.8,-47.59507386,,0,0
657,hart,HART_S1.2_P2312_R3,2023,1,202,246.75835,1033.56,584.80165,,0,0
658,hart,HART_S1.2_P2312_R3,2024,2,202,180.7204495,216.646,-166.0744495,,0,0
659,hart,HART_S2.2_P0000_R2,2023,1,202,264.25835,950.73,484.47165,,0,0
660,hart,HART_S2.2_P0000_R2,2024,2,202,182.4172712,502.726,118.3087288,,0,0
661,hart,HART_S4.1_P4123_R3,2023,1,202,209.25835,1031.08,619.82165,,0,0
662,hart,HART_S4.1_P4123_R3,2024,2,193.5,242.3244,430.95,-4.8744,,0,0
663,warrambine,WARRAMBINE_S7_P0000_R2,2023,1,204.5,771.1006,1559.91,584.3094,,0,0
664,warrambine,WARRAMBINE_S2_P1231_R3,2023,1,215.5,703.663,1691.82,772.657,,0,0
665,warrambine,WARRAMBINE_S5_P1231_R2,2023,1,237.5,611.001,0,-848.501,,0,0
666,warrambine,WARRAMBINE_S3_P3123_R1,2023,1,232.5,775.8506,1215.72,207.3694,,0,0
667,warrambine,WARRAMBINE_S1_P2121_R3,2023,1,243.5,775.8506,1259.94,240.5894,,0,0
668,warrambine,WARRAMBINE_S3_P3123_R2,2023,1,221.5,775.8506,1009.8,12.4494,,0,0
669,warrambine,WARRAMBINE_S4_P2312_R3,2023,1,232.5,708.108,1990.4,1049.792,,0,0
670,warrambine,WARRAMBINE_S3_P1231_R3,2023,1,215.5,609.801,1489.202,663.901,,0,0
671,warrambine,WARRAMBINE_S4_P2312_R2,2023,1,221.5,708.108,1594.186,664.578,,0,0
672,warrambine,WARRAMBINE_S7_P0000_R3,2023,1,204.5,741.1006,1625.25,679.6494,,0,0
673,warrambine,WARRAMBINE_S4_P1231_R3,2023,1,215.5,458.038,0,-673.538,,0,0
674,warrambine,WARRAMBINE_S2_P1231_R1,2023,1,215.5,703.663,2650.86,1731.697,,0,0
675,warrambine,WARRAMBINE_S5_P2312_R1,2023,1,221.5,708.108,1706.768,777.16,,0,0
676,warrambine,WARRAMBINE_S4_P2312_R1,2023,1,232.5,708.108,1146.968,206.36,,0,0
677,warrambine,WARRAMBINE_S6_P0000_R3,2023,1,204.5,557.813,1203.014,440.701,,0,0
678,warrambine,WARRAMBINE_S5_P2312_R2,2023,1,243.5,708.108,1831.168,879.56,,0,0
679,warrambine,WARRAMBINE_S5_P1231_R3,2023,1,248.5,611.001,0,-859.501,,0,0
680,warrambine,WARRAMBINE_S5_P1231_R1,2023,1,248.5,611.001,0,-859.501,,0,0
681,warrambine,WARRAMBINE_S6_P0000_R2,2023,1,193.5,557.813,1427.366,676.053,,0,0
682,warrambine,WARRAMBINE_S2_P1231_R2,2023,1,215.5,703.663,2118.42,1199.257,,0,0
683,warrambine,WARRAMBINE_S2_P3123_R1,2023,1,221.5,775.8506,1491.27,493.9194,,0,0
684,warrambine,WARRAMBINE_S3_P3123_R3,2023,1,221.5,775.8506,1443.75,446.3994,,0,0
685,warrambine,WARRAMBINE_S4_P1231_R1,2023,1,204.5,458.038,0,-662.538,,0,0
686,warrambine,WARRAMBINE_S2_P3123_R2,2023,1,232.5,775.8506,1218.69,210.3394,,0,0
687,warrambine,WARRAMBINE_S1_P1212_R2,2023,1,232.5,708.108,1237.158,296.55,,0,0
688,warrambine,WARRAMBINE_S1_P2121_R1,2023,1,221.5,775.8506,1361.58,364.2294,,0,0
689,warrambine,WARRAMBINE_S4_P3123_R2,2023,1,232.5,775.8506,1171.83,163.4794,,0,0
690,warrambine,WARRAMBINE_S5_P3123_R2,2023,1,232.5,775.8506,1339.14,330.7894,,0,0
691,warrambine,WARRAMBINE_S2_P2312_R2,2023,1,221.5,708.108,1551.89,622.282,,0,0
692,warrambine,WARRAMBINE_S3_P1231_R2,2023,1,237.5,609.801,1614.58,767.279,,0,0
693,warrambine,WARRAMBINE_S7_P0000_R1,2023,1,215.5,815.3506,1250.37,219.5194,,0,0
694,warrambine,WARRAMBINE_S1_P1212_R1,2023,1,232.5,708.108,1541.316,600.708,,0,0
695,warrambine,WARRAMBINE_S3_P2312_R2,2023,1,243.5,708.108,1548.158,596.55,,0,0
696,warrambine,WARRAMBINE_S3_P2312_R1,2023,1,232.5,708.108,1812.508,871.9,,0,0
697,warrambine,WARRAMBINE_S4_P3123_R3,2023,1,232.5,775.8506,1784.97,776.6194,,0,0
698,warrambine,WARRAMBINE_S3_P1231_R1,2023,1,226.5,609.801,1798.137,961.836,,0,0
699,warrambine,WARRAMBINE_S5_P3123_R3,2023,1,221.5,775.8506,1432.53,435.1794,,0,0
700,warrambine,WARRAMBINE_S2_P2312_R3,2023,1,232.5,708.108,1750.308,809.7,,0,0
701,warrambine,WARRAMBINE_S6_P0000_R1,2023,1,215.5,557.813,1085.314,312.001,,0,0
702,warrambine,WARRAMBINE_S3_P2312_R3,2023,1,243.5,708.108,1775.188,823.58,,0,0
703,warrambine,WARRAMBINE_S4_P3123_R1,2023,1,232.5,775.8506,1369.83,361.4794,,0,0
704,warrambine,WARRAMBINE_S1_P1212_R3,2023,1,243.5,708.108,1463.566,511.958,,0,0
705,warrambine,WARRAMBINE_S2_P3123_R3,2023,1,221.5,775.8506,1228.59,231.2394,,0,0
706,warrambine,WARRAMBINE_S5_P3123_R1,2023,1,232.5,775.8506,1346.73,338.3794,,0,0
707,warrambine,WARRAMBINE_S1_P2121_R2,2023,1,232.5,775.8506,1243.77,235.4194,,0,0
708,warrambine,WARRAMBINE_S4_P1231_R2,2023,1,215.5,458.038,0,-673.538,,0,0
709,warrambine,WARRAMBINE_S2_P2312_R1,2023,1,254.5,708.108,1077.304,114.696,,0,0
710,warrambine,WARRAMBINE_S5_P2312_R3,2023,1,232.5,708.108,1661.362,720.754,,0,0
711,streatham,STREATHAM_S6.2_P1231_R1,2023,1,226.5,961.9,0,-1188.4,,0,0
712,streatham,STREATHAM_S6.2_P1231_R1,2024,2,226.5,958.3714366,1301.941639,117.0702021,,0,0
713,streatham,STREATHAM_S9.3_P2121_R3,2023,1,296,1399.8676,1958.22,262.3524,,0,0
714,streatham,STREATHAM_S9.3_P2121_R3,2024,2,215.5,767.4003496,1752.774417,769.8740678,,0,0
715,streatham,STREATHAM_S2.1_P1234_R2,2023,1,292.5,1266.35,1185.84,-373.01,,0,0
716,streatham,STREATHAM_S2.1_P1234_R2,2024,2,248.5,825.0279638,1633.535353,560.0073896,,0,0
717,streatham,STREATHAM_S2.2_P1234_R3,2023,1,292.5,1266.35,932.58,-626.27,,0,0
718,streatham,STREATHAM_S2.2_P1234_R3,2024,2,248.5,910.4324656,1891.498656,732.5661905,,0,0
719,streatham,STREATHAM_S2.4_P2341_R3,2023,1,307,1315.4,2785.938,1163.538,,0,0
720,streatham,STREATHAM_S2.4_P2341_R3,2024,2,259.5,1141.533834,1022.933468,-378.100366,,0,0
721,streatham,STREATHAM_S2.4_P3412_R3,2023,1,296,1442.3676,1903.11,164.7424,,0,0
722,streatham,STREATHAM_S2.4_P3412_R3,2024,2,259.5,1111.908935,1168.934812,-202.4741232,,0,0
723,streatham,STREATHAM_S3_P3412_R2,2023,1,307,1275.4,2822.636,1240.236,,0,0
724,streatham,STREATHAM_S3_P3412_R2,2024,2,215.5,859.9486975,1144.444444,68.99574698,,0,0
725,streatham,STREATHAM_S6.1_P3123_R3,2023,1,296,1399.8676,1903.11,207.2424,,0,0
726,streatham,STREATHAM_S6.1_P3123_R3,2024,2,218,646.475,0,-864.475,,0,0
727,streatham,STREATHAM_S1.1_P1212_R2,2023,1,307,1225.4,2480.536,948.136,,0,0
728,streatham,STREATHAM_S1.1_P1212_R2,2024,2,248.5,1075.087013,973.1481481,-350.438865,,0,0
729,streatham,STREATHAM_S6.2_P3123_R2,2023,1,296,1399.8676,1982.97,287.1024,,0,0
730,streatham,STREATHAM_S6.2_P3123_R2,2024,2,218,646.475,0,-864.475,,0,0
731,streatham,STREATHAM_S9.3_P2121_R1,2023,1,296,1399.8676,1906.74,210.8724,,0,0
732,streatham,STREATHAM_S9.3_P2121_R1,2024,2,215.5,767.4003496,1317.391695,334.491345,,0,0
733,streatham,STREATHAM_S2.1_P1234_R3,2023,1,292.5,1266.35,1317.6,-241.25,,0,0
734,streatham,STREATHAM_S2.1_P1234_R3,2024,2,248.5,825.0279638,1900.207213,826.6792497,,0,0
735,streatham,STREATHAM_S1.1_P1212_R1,2023,1,307,1225.4,2729.958,1197.558,,0,0
736,streatham,STREATHAM_S1.1_P1212_R1,2024,2,248.5,1075.087013,828.7037039,-494.8833092,,0,0
737,streatham,STREATHAM_S7_P3412_R1,2023,1,307,1275.4,2578.812,996.412,,0,0
738,streatham,STREATHAM_S7_P3412_R1,2024,2,215.5,879.5862047,827.7777776,-267.3084271,,0,0
739,streatham,STREATHAM_S12_P0000_R6,2023,1,296,1399.8676,1605.45,-90.4176,,0,0
740,streatham,STREATHAM_S11_P0000_R9,2023,1,292.5,1225.4225,1590.15,72.2275,,0,0
741,streatham,STREATHAM_S2.3_P1234_R2,2023,1,270.5,1200.1525,1016.28,-454.3725,,0,0
742,streatham,STREATHAM_S2.3_P1234_R2,2023,2,281.5,1000.508277,1582.923681,300.9154039,,0,0
743,streatham,STREATHAM_S13_P0000_R8,2023,1,226.5,961.9,0,-1188.4,,0,0
744,streatham,STREATHAM_S4_P2312_R3,2023,1,307,1275.4,2594.984,1012.584,,0,0
745,streatham,STREATHAM_S4_P2312_R3,2024,2,215.5,885.3147844,806.7036292,-294.1111553,,0,0
746,streatham,STREATHAM_S2.3_P1234_R1,2023,1,270.5,1200.1525,1388.88,-81.7725,,0,0
747,streatham,STREATHAM_S2.3_P1234_R1,2023,2,281.5,1000.508277,1478.209877,196.2015994,,0,0
748,streatham,STREATHAM_S5_P1231_R1,2023,1,307,1275.4,2868.664,1286.264,,0,0
749,streatham,STREATHAM_S5_P1231_R1,2024,2,215.5,855.0121467,987.9629628,-82.54918394,,0,0
750,streatham,STREATHAM_S2.1_P2341_R1,2023,1,307,1225.4,2690.772,1158.372,,0,0
751,streatham,STREATHAM_S2.1_P2341_R1,2024,2,259.5,1077.079767,865.7407407,-470.839026,,0,0
752,streatham,STREATHAM_S13_P0000_R1,2023,1,226.5,961.9,0,-1188.4,,0,0
753,streatham,STREATHAM_S13_P0000_R1,2024,2,185,1833,0,-2018,,0,0
754,streatham,STREATHAM_S1.3_P2121_R3,2023,1,296,1414.8676,1439.13,-271.7376,,0,0
755,streatham,STREATHAM_S1.3_P2121_R3,2024,2,262,811.545,1762.612007,689.0670072,,0,0
756,streatham,STREATHAM_S1.3_P2121_R2,2023,1,296,1414.8676,1357.29,-353.5776,,0,0
757,streatham,STREATHAM_S1.3_P2121_R2,2024,2,262,811.545,1528.821549,455.2765489,,0,0
758,streatham,STREATHAM_S9.1_P1212_R2,2023,1,259.5,1073.95,2670.246,1336.796,,0,0
759,streatham,STREATHAM_S9.1_P1212_R2,2024,2,215.5,876.8992772,919.4444444,-172.9548328,,0,0
760,streatham,STREATHAM_S2.1_P1234_R1,2023,1,292.5,1266.35,1370.52,-188.33,,0,0
761,streatham,STREATHAM_S2.1_P1234_R1,2024,2,248.5,825.0279638,1926.734007,853.2060432,,0,0
762,streatham,STREATHAM_S7_P4123_R2,2023,1,296,1399.8676,1854.6,158.7324,,0,0
763,streatham,STREATHAM_S7_P4123_R2,2024,2,185,611,0,-796,,0,0
764,streatham,STREATHAM_S2.1_P2341_R2,2023,1,307,1225.4,2576.324,1043.924,,0,0
765,streatham,STREATHAM_S2.1_P2341_R2,2024,2,259.5,1077.079767,996.2962964,-340.2834703,,0,0
766,streatham,STREATHAM_S9.3_P2121_R2,2023,1,296,1399.8676,1722.93,27.0624,,0,0
767,streatham,STREATHAM_S9.3_P2121_R2,2024,2,215.5,767.4003496,1417.043771,434.1434212,,0,0
768,streatham,STREATHAM_S1.2_P1212_R3,2023,1,307,1275.4,2361.734,779.334,,0,0
769,streatham,STREATHAM_S1.2_P1212_R3,2024,2,240,861.0076,856.6028226,-244.4047774,,0,0
770,streatham,STREATHAM_S2.3_P3412_R3,2023,1,296,1414.8676,1623.6,-87.2676,,0,0
771,streatham,STREATHAM_S2.3_P3412_R3,2024,2,259.5,1015.904979,1204.049059,-71.35591933,,0,0
772,streatham,STREATHAM_S7_P4123_R3,2023,1,296,1399.8676,1557.27,-138.5976,,0,0
773,streatham,STREATHAM_S7_P4123_R3,2024,2,185,611,0,-796,,0,0
774,streatham,STREATHAM_S2.4_P1234_R3,2023,1,292.5,1266.35,1210.68,-348.17,,0,0
775,streatham,STREATHAM_S2.4_P1234_R3,2024,2,248.5,916.3794221,1840.989024,676.1096015,,0,0
776,streatham,STREATHAM_S2.3_P4123_R1,2023,1,296,1414.8676,1507.77,-203.0976,,0,0
777,streatham,STREATHAM_S2.3_P4123_R1,2024,2,273,932.066,1387.878788,182.8127876,,0,0
778,streatham,STREATHAM_S10_P1212_R3,2023,1,276.5,1123.95,2833.832,1433.382,,0,0
779,streatham,STREATHAM_S10_P1212_R3,2024,2,193.5,822.5826975,371.4717742,-644.6109233,,0,0
780,streatham,STREATHAM_S2.4_P4123_R1,2023,1,296,1442.3676,1934.46,196.0924,,0,0
781,streatham,STREATHAM_S2.4_P4123_R1,2024,2,240,836.633,1645.454545,568.8215454,,0,0
782,streatham,STREATHAM_S1.1_P2121_R1,2023,1,296,1352.3676,1961.19,312.8224,,0,0
783,streatham,STREATHAM_S1.1_P2121_R1,2024,2,248.5,852.0550362,2000.03367,899.4786335,,0,0
784,streatham,STREATHAM_S6.2_P1231_R3,2023,1,226.5,961.9,0,-1188.4,,0,0
785,streatham,STREATHAM_S6.2_P1231_R3,2024,2,226.5,958.3714366,1212.231183,27.35974609,,0,0
786,streatham,STREATHAM_S8_P3123_R1,2023,1,296,1399.8676,1674.75,-21.1176,,0,0
787,streatham,STREATHAM_S8_P3123_R1,2024,2,207,659.3,0,-866.3,,0,0
788,streatham,STREATHAM_S2.2_P3412_R3,2023,1,296,1399.8676,1592.25,-103.6176,,0,0
789,streatham,STREATHAM_S2.2_P3412_R3,2024,2,259.5,1105.459312,856.6028226,-508.3564894,,0,0
790,streatham,STREATHAM_S2.1_P4123_R3,2023,1,296,1352.3676,1215.39,-432.9776,,0,0
791,streatham,STREATHAM_S2.1_P4123_R3,2024,2,240,836.633,1613.407258,536.7742583,,0,0
792,streatham,STREATHAM_S1.2_P2121_R3,2023,1,296,1399.8676,1707.75,11.8824,,0,0
793,streatham,STREATHAM_S1.2_P2121_R3,2024,2,240,736.39,2137.079973,1160.689973,,0,0
794,streatham,STREATHAM_S6.2_P1231_R2,2023,1,226.5,961.9,0,-1188.4,,0,0
795,streatham,STREATHAM_S6.2_P1231_R2,2024,2,226.5,958.3714366,1171.049382,-13.82205412,,0,0
796,streatham,STREATHAM_S12_P0000_R2,2023,1,296,1399.8676,1683.66,-12.2076,,0,0
797,streatham,STREATHAM_S6.1_P3123_R1,2023,1,296,1399.8676,1655.61,-40.2576,,0,0
798,streatham,STREATHAM_S6.1_P3123_R1,2024,2,218,646.475,0,-864.475,,0,0
799,streatham,STREATHAM_S4_P3123_R1,2023,1,296,1399.8676,1813.35,117.4824,,0,0
800,streatham,STREATHAM_S4_P3123_R1,2024,2,196,635,0,-831,,0,0
801,streatham,STREATHAM_S1.3_P1212_R3,2023,1,279,1160.4,1109.648,-329.752,,0,0
802,streatham,STREATHAM_S1.3_P1212_R3,2024,2,240,831.6826,1021.08535,-50.59725043,,0,0
803,streatham,STREATHAM_S3_P4123_R2,2023,1,296,1399.8676,2029.17,333.3024,,0,0
804,streatham,STREATHAM_S3_P4123_R2,2024,2,240,836.633,1818.181818,741.5488182,,0,0
805,streatham,STREATHAM_S9.2_P2121_R1,2023,1,296,1399.8676,1632.84,-63.0276,,0,0
806,streatham,STREATHAM_S9.2_P2121_R1,2024,2,215.5,725.0014067,1311.296296,370.7948897,,0,0
807,streatham,STREATHAM_S5_P3123_R1,2023,1,285,1354.47,2050.538,411.068,,0,0
808,streatham,STREATHAM_S5_P3123_R1,2024,2,215.5,810.964654,1935.460157,908.9955029,,0,0
809,streatham,STREATHAM_S4_P2312_R2,2023,1,307,1275.4,2581.922,999.522,,0,0
810,streatham,STREATHAM_S4_P2312_R2,2024,2,215.5,885.3147844,870.3703704,-230.444414,,0,0
811,streatham,STREATHAM_S1.4_P1212_R3,2023,1,307,1315.4,2775.364,1152.964,,0,0
812,streatham,STREATHAM_S1.4_P1212_R3,2024,2,248.5,1106.626674,999.8319893,-355.294685,,0,0
813,streatham,STREATHAM_S1.1_P2121_R3,2023,1,296,1352.3676,1730.19,81.8224,,0,0
814,streatham,STREATHAM_S1.1_P2121_R3,2024,2,248.5,852.0550362,1945.491711,844.9366751,,0,0
815,streatham,STREATHAM_S6.1_P1231_R3,2023,1,226.5,961.9,0,-1188.4,,0,0
816,streatham,STREATHAM_S6.1_P1231_R3,2024,2,226.5,925.4431178,1419.494847,267.5517297,,0,0
817,streatham,STREATHAM_S2.4_P4123_R3,2023,1,296,1442.3676,1861.53,123.1624,,0,0
818,streatham,STREATHAM_S2.4_P4123_R3,2024,2,240,836.633,1832.66129,756.0282902,,0,0
819,streatham,STREATHAM_S6.1_P2312_R1,2023,1,307,1275.4,2690.772,1108.372,,0,0
820,streatham,STREATHAM_S6.1_P2312_R1,2024,2,215.5,926.8369873,667.5925925,-474.7443948,,0,0
821,streatham,STREATHAM_S2.1_P4123_R1,2023,1,296,1352.3676,1856.25,207.8824,,0,0
822,streatham,STREATHAM_S2.1_P4123_R1,2024,2,240,836.633,0,-1076.633,,0,0
823,streatham,STREATHAM_S2.1_P2341_R3,2023,1,307,1225.4,2561.396,1028.996,,0,0
824,streatham,STREATHAM_S2.1_P2341_R3,2024,2,259.5,1077.079767,919.438844,-417.1409227,,0,0
825,streatham,STREATHAM_S8_P1231_R1,2023,1,248.5,994.926,0,-1243.426,,0,0
826,streatham,STREATHAM_S8_P1231_R1,2024,2,215.5,767.2763931,1930.224467,947.4480738,,0,0
827,streatham,STREATHAM_S4_P1231_R1,2023,1,248.5,994.926,0,-1243.426,,0,0
828,streatham,STREATHAM_S4_P1231_R1,2024,2,215.5,805.4104511,1612.592593,591.6821418,,0,0
829,streatham,STREATHAM_S2.1_P3412_R3,2023,1,296,1352.3676,1609.41,-38.9576,,0,0
830,streatham,STREATHAM_S2.1_P3412_R3,2024,2,259.5,1084.72681,1202.200941,-142.0258693,,0,0
831,streatham,STREATHAM_S2.2_P4123_R1,2023,1,296,1399.8676,1884.96,189.0924,,0,0
832,streatham,STREATHAM_S2.2_P4123_R1,2024,2,240,836.633,1657.575757,580.9427574,,0,0
833,streatham,STREATHAM_S12_P0000_R8,2023,1,296,1399.8676,1762.2,66.3324,,0,0
834,streatham,STREATHAM_S9.2_P1212_R1,2023,1,276.5,1123.95,0,-1400.45,,0,0
835,streatham,STREATHAM_S9.2_P1212_R1,2024,2,215.5,877.9735091,798.1481482,-295.3253609,,0,0
836,streatham,STREATHAM_S8_P1231_R3,2023,1,248.5,994.926,0,-1243.426,,0,0
837,streatham,STREATHAM_S8_P1231_R3,2024,2,215.5,767.2763931,2056.961246,1074.184853,,0,0
838,streatham,STREATHAM_S13_P0000_R9,2023,1,226.5,961.9,0,-1188.4,,0,0
839,streatham,STREATHAM_S10_P2121_R2,2023,1,257,1090.88,1187.34,-160.54,,0,0
840,streatham,STREATHAM_S10_P2121_R2,2024,2,215.5,819.9151902,1207.65881,172.24362,,0,0
841,streatham,STREATHAM_S7_P1234_R1,2023,1,226.5,961.9,0,-1188.4,,0,0
842,streatham,STREATHAM_S7_P1234_R1,2024,2,185,611,0,-796,,0,0
843,streatham,STREATHAM_S12_P0000_R5,2023,1,296,1399.8676,1554.96,-140.9076,,0,0
844,streatham,STREATHAM_S7_P1234_R2,2023,1,226.5,961.9,0,-1188.4,,0,0
845,streatham,STREATHAM_S7_P1234_R2,2024,2,185,611,0,-796,,0,0
846,streatham,STREATHAM_S4_P3123_R3,2023,1,296,1399.8676,1794.54,98.6724,,0,0
847,streatham,STREATHAM_S4_P3123_R3,2024,2,196,635,0,-831,,0,0
848,streatham,STREATHAM_S1.4_P2121_R2,2023,1,296,1442.3676,1754.61,16.2424,,0,0
849,streatham,STREATHAM_S1.4_P2121_R2,2024,2,248.5,903.0347554,2089.040404,937.5056489,,0,0
850,streatham,STREATHAM_S3_P2341_R2,2023,1,296,1399.8676,1752.63,56.7624,,0,0
851,streatham,STREATHAM_S3_P2341_R2,2024,2,215.5,798.0360163,2082.059484,1068.523467,,0,0
852,streatham,STREATHAM_S2.2_P4123_R2,2023,1,296,1399.8676,1818.96,123.0924,,0,0
853,streatham,STREATHAM_S2.2_P4123_R2,2024,2,240,836.633,1815.151515,738.5185153,,0,0
854,streatham,STREATHAM_S2.2_P3412_R2,2023,1,296,1399.8676,1839.09,143.2224,,0,0
855,streatham,STREATHAM_S2.2_P3412_R2,2024,2,259.5,1105.459312,963.8888889,-401.070423,,0,0
856,streatham,STREATHAM_S5_P3123_R2,2023,1,285,1354.47,1841.044,201.574,,0,0
857,streatham,STREATHAM_S5_P3123_R2,2024,2,215.5,810.964654,1733.013468,706.5488139,,0,0
858,streatham,STREATHAM_S9.1_P1212_R1,2023,1,259.5,1073.95,2863.688,1530.238,,0,0
859,streatham,STREATHAM_S9.1_P1212_R1,2024,2,215.5,876.8992772,888.888889,-203.5103882,,0,0
860,streatham,STREATHAM_S8_P3123_R2,2023,1,296,1399.8676,1897.5,201.6324,,0,0
861,streatham,STREATHAM_S8_P3123_R2,2024,2,207,659.3,0,-866.3,,0,0
862,streatham,STREATHAM_S1.3_P1212_R2,2023,1,279,1160.4,2524.076,1084.676,,0,0
863,streatham,STREATHAM_S1.3_P1212_R2,2024,2,240,831.6826,919.4444444,-152.2381556,,0,0
864,streatham,STREATHAM_S12_P0000_R9,2023,1,296,1399.8676,1739.76,43.8924,,0,0
865,streatham,STREATHAM_S13_P0000_R5,2023,1,226.5,961.9,0,-1188.4,,0,0
866,streatham,STREATHAM_S10_P1212_R2,2023,1,276.5,1123.95,2811.44,1410.99,,0,0
867,streatham,STREATHAM_S10_P1212_R2,2024,2,193.5,822.5826975,411.1111112,-604.9715863,,0,0
868,streatham,STREATHAM_S7_P2341_R2,2023,1,226.5,961.9,0,-1188.4,,0,0
869,streatham,STREATHAM_S7_P2341_R2,2024,2,215.5,815.4328279,1106.47587,75.54304177,,0,0
870,streatham,STREATHAM_S2.2_P2341_R1,2023,1,307,1275.4,2460.01,877.61,,0,0
871,streatham,STREATHAM_S2.2_P2341_R1,2024,2,259.5,1111.250761,589.8148149,-780.9359463,,0,0
872,streatham,STREATHAM_S2.4_P1234_R1,2023,1,292.5,1266.35,1340.82,-218.03,,0,0
873,streatham,STREATHAM_S2.4_P1234_R1,2024,2,248.5,916.3794221,1829.001122,664.1217003,,0,0
874,streatham,STREATHAM_S8_P1231_R2,2023,1,248.5,994.926,0,-1243.426,,0,0
875,streatham,STREATHAM_S8_P1231_R2,2024,2,215.5,767.2763931,1619.573513,636.7971197,,0,0
876,streatham,STREATHAM_S3_P1234_R3,2023,1,292.5,1266.35,1589.76,30.91,,0,0
877,streatham,STREATHAM_S3_P1234_R3,2024,2,215.5,867.2489583,1500.672043,417.9230845,,0,0
878,streatham,STREATHAM_S2.4_P3412_R1,2023,1,296,1442.3676,1840.08,101.7124,,0,0
879,streatham,STREATHAM_S2.4_P3412_R1,2024,2,259.5,1111.908935,707.4074073,-664.0015278,,0,0
880,streatham,STREATHAM_S5_P1231_R2,2023,1,307,1275.4,2909.094,1326.694,,0,0
881,streatham,STREATHAM_S5_P1231_R2,2024,2,215.5,855.0121467,1136.111111,65.59896445,,0,0
882,streatham,STREATHAM_S6.1_P2312_R2,2023,1,307,1275.4,2592.496,1010.096,,0,0
883,streatham,STREATHAM_S6.1_P2312_R2,2024,2,215.5,926.8369873,844.4444445,-297.8925428,,0,0
884,streatham,STREATHAM_S3_P2341_R3,2023,1,296,1399.8676,1948.65,252.7824,,0,0
885,streatham,STREATHAM_S3_P2341_R3,2024,2,215.5,798.0360163,1947.233423,933.6974064,,0,0
886,streatham,STREATHAM_S11_P0000_R4,2023,1,292.5,1225.4225,1616.22,98.2975,,0,0
887,streatham,STREATHAM_S8_P2312_R3,2023,1,307,1275.4,2598.716,1016.316,,0,0
888,streatham,STREATHAM_S8_P2312_R3,2024,2,215.5,889.8746395,924.983199,-180.3914405,,0,0
889,streatham,STREATHAM_S10_P2121_R1,2023,1,257,1090.88,948.09,-399.79,,0,0
890,streatham,STREATHAM_S10_P2121_R1,2024,2,215.5,819.9151902,1168.177329,132.7621385,,0,0
891,streatham,STREATHAM_S12_P0000_R4,2023,1,296,1399.8676,1829.52,133.6524,,0,0
892,streatham,STREATHAM_S1.2_P1212_R1,2023,1,307,1275.4,2713.786,1131.386,,0,0
893,streatham,STREATHAM_S1.2_P1212_R1,2024,2,240,861.0076,1084.259259,-16.74834073,,0,0
894,streatham,STREATHAM_S2.3_P2341_R3,2023,1,279,1185.4,2390.346,925.946,,0,0
895,streatham,STREATHAM_S2.3_P2341_R3,2024,2,248.5,1078.392776,974.8823924,-352.0103833,,0,0
896,streatham,STREATHAM_S6.2_P3123_R3,2023,1,296,1399.8676,1474.11,-221.7576,,0,0
897,streatham,STREATHAM_S6.2_P3123_R3,2024,2,218,646.475,0,-864.475,,0,0
898,streatham,STREATHAM_S2.2_P1234_R1,2023,1,292.5,1266.35,1274.94,-283.91,,0,0
899,streatham,STREATHAM_S2.2_P1234_R1,2024,2,248.5,910.4324656,1815.039282,656.1068163,,0,0
900,streatham,STREATHAM_S9.3_P1212_R1,2023,1,276.5,1173.95,2991.198,1540.748,,0,0
901,streatham,STREATHAM_S9.3_P1212_R1,2024,2,215.5,909.8117699,823.1481482,-302.1636217,,0,0
902,streatham,STREATHAM_S5_P2312_R2,2023,1,296,1399.8676,1795.86,99.9924,,0,0
903,streatham,STREATHAM_S5_P2312_R2,2024,2,237.5,911.8072772,1427.289562,277.9822852,,0,0
904,streatham,STREATHAM_S1.2_P2121_R1,2023,1,296,1399.8676,1995.51,299.6424,,0,0
905,streatham,STREATHAM_S1.2_P2121_R1,2024,2,240,736.39,2176.301908,1199.911908,,0,0
906,streatham,STREATHAM_S9.1_P2121_R1,2023,1,296,1399.8676,2047.32,351.4524,,0,0
907,streatham,STREATHAM_S9.1_P2121_R1,2024,2,207,654.1,1374.346802,513.2468015,,0,0
908,streatham,STREATHAM_S7_P3412_R2,2023,1,307,1275.4,2876.75,1294.35,,0,0
909,streatham,STREATHAM_S7_P3412_R2,2024,2,215.5,879.5862047,899.074074,-196.0121307,,0,0
910,streatham,STREATHAM_S2.3_P2341_R2,2023,1,279,1185.4,2520.344,1055.944,,0,0
911,streatham,STREATHAM_S2.3_P2341_R2,2024,2,248.5,1078.392776,919.4444444,-407.4483313,,0,0
912,streatham,STREATHAM_S6.2_P2312_R3,2023,1,298.5,1200.4,2281.496,782.596,,0,0
913,streatham,STREATHAM_S6.2_P2312_R3,2024,2,215.5,889.1400598,902.8057797,-201.8342801,,0,0
914,streatham,STREATHAM_S9.1_P2121_R2,2023,1,296,1399.8676,1506.12,-189.7476,,0,0
915,streatham,STREATHAM_S9.1_P2121_R2,2024,2,207,654.1,1462.114478,601.0144783,,0,0
916,streatham,STREATHAM_S13_P0000_R6,2023,1,226.5,961.9,0,-1188.4,,0,0
917,streatham,STREATHAM_S2.2_P4123_R3,2023,1,296,1399.8676,1785.3,89.4324,,0,0
918,streatham,STREATHAM_S2.2_P4123_R3,2024,2,240,836.633,1711.693548,635.0605482,,0,0
919,streatham,STREATHAM_S1.3_P2121_R1,2023,1,296,1414.8676,1446.72,-264.1476,,0,0
920,streatham,STREATHAM_S1.3_P2121_R1,2024,2,262,811.545,1801.077441,727.5324413,,0,0
921,streatham,STREATHAM_S5_P2312_R1,2023,1,296,1399.8676,1702.47,6.6024,,0,0
922,streatham,STREATHAM_S5_P2312_R1,2024,2,237.5,911.8072772,908.8832771,-240.424,,0,0
923,streatham,STREATHAM_S6.1_P1231_R2,2023,1,226.5,961.9,0,-1188.4,,0,0
924,streatham,STREATHAM_S6.1_P1231_R2,2024,2,226.5,925.4431178,1539.292929,387.3498117,,0,0
925,streatham,STREATHAM_S5_P1231_R3,2023,1,307,1275.4,2907.228,1324.828,,0,0
926,streatham,STREATHAM_S5_P1231_R3,2024,2,215.5,855.0121467,1030.325941,-40.18620581,,0,0
927,streatham,STREATHAM_S11_P0000_R7,2023,1,292.5,1225.4225,1477.62,-40.3025,,0,0
928,streatham,STREATHAM_S11_P0000_R1,2023,1,292.5,1225.4225,1560.78,42.8575,,0,0
929,streatham,STREATHAM_S1.4_P1212_R2,2023,1,307,1315.4,267.46,-1354.94,,0,0
930,streatham,STREATHAM_S1.4_P1212_R2,2024,2,248.5,1106.626674,851.8518518,-503.2748224,,0,0
931,streatham,STREATHAM_S12_P0000_R7,2023,1,296,1399.8676,1668.15,-27.7176,,0,0
932,streatham,STREATHAM_S6.1_P2312_R3,2023,1,307,1275.4,2450.68,868.28,,0,0
933,streatham,STREATHAM_S6.1_P2312_R3,2024,2,215.5,926.8369873,923.1350806,-219.2019068,,0,0
934,streatham,STREATHAM_S11_P0000_R6,2023,1,292.5,1225.4225,1514.58,-3.3425,,0,0
935,streatham,STREATHAM_S2.3_P4123_R3,2023,1,296,1414.8676,1920.27,209.4024,,0,0
936,streatham,STREATHAM_S2.3_P4123_R3,2024,2,273,932.066,1639.112903,434.0469031,,0,0
937,streatham,STREATHAM_S1.2_P1212_R2,2023,1,307,1275.4,2679.576,1097.176,,0,0
938,streatham,STREATHAM_S1.2_P1212_R2,2024,2,240,861.0076,894.4444443,-206.5631557,,0,0
939,streatham,STREATHAM_S11_P0000_R2,2023,1,292.5,1225.4225,1523.82,5.8975,,0,0
940,streatham,STREATHAM_S9.2_P2121_R2,2023,1,296,1399.8676,1608.75,-87.1176,,0,0
941,streatham,STREATHAM_S9.2_P2121_R2,2024,2,215.5,725.0014067,1531.730639,591.2292328,,0,0
942,streatham,STREATHAM_S9.2_P2121_R3,2023,1,296,1399.8676,1341.78,-354.0876,,0,0
943,streatham,STREATHAM_S9.2_P2121_R3,2024,2,215.5,725.0014067,0,-940.5014067,,0,0
944,streatham,STREATHAM_S8_P2312_R1,2023,1,307,1275.4,2501.684,919.284,,0,0
945,streatham,STREATHAM_S8_P2312_R1,2024,2,215.5,889.8746395,719.4444444,-385.9301951,,0,0
946,streatham,STREATHAM_S11_P0000_R8,2023,1,292.5,1225.4225,1546.92,28.9975,,0,0
947,streatham,STREATHAM_S11_P0000_R5,2023,1,292.5,1225.4225,1633.38,115.4575,,0,0
948,streatham,STREATHAM_S2.2_P2341_R2,2023,1,307,1275.4,2762.924,1180.524,,0,0
949,streatham,STREATHAM_S2.2_P2341_R2,2024,2,259.5,1111.250761,1066.666667,-304.0840947,,0,0
950,streatham,STREATHAM_S8_P3123_R3,2023,1,296,1399.8676,1766.16,70.2924,,0,0
951,streatham,STREATHAM_S8_P3123_R3,2024,2,207,659.3,0,-866.3,,0,0
952,streatham,STREATHAM_S10_P1212_R1,2023,1,276.5,1123.95,2735.556,1335.106,,0,0
953,streatham,STREATHAM_S10_P1212_R1,2024,2,193.5,822.5826975,337.962963,-678.1197344,,0,0
954,streatham,STREATHAM_S4_P1231_R3,2023,1,248.5,994.926,0,-1243.426,,0,0
955,streatham,STREATHAM_S4_P1231_R3,2024,2,215.5,805.4104511,1778.28741,757.3769594,,0,0
956,streatham,STREATHAM_S8_P2312_R2,2023,1,307,1275.4,2795.268,1212.868,,0,0
957,streatham,STREATHAM_S8_P2312_R2,2024,2,215.5,889.8746395,933.3333332,-172.0413063,,0,0
958,streatham,STREATHAM_S13_P0000_R4,2023,1,226.5,961.9,0,-1188.4,,0,0
959,streatham,STREATHAM_S7_P2341_R3,2023,1,226.5,961.9,0,-1188.4,,0,0
960,streatham,STREATHAM_S7_P2341_R3,2024,2,215.5,815.4328279,1099.019937,68.08710911,,0,0
961,streatham,STREATHAM_S13_P0000_R3,2023,1,226.5,1137.9,0,-1364.4,,0,0
962,streatham,STREATHAM_S13_P0000_R3,2024,2,185,1833,0,-2018,,0,0
963,streatham,STREATHAM_S1.4_P1212_R1,2023,1,307,1315.4,2919.046,1296.646,,0,0
964,streatham,STREATHAM_S1.4_P1212_R1,2024,2,248.5,1106.626674,1009.259259,-345.8674149,,0,0
965,streatham,STREATHAM_S2.3_P2341_R1,2023,1,279,1185.4,2713.786,1249.386,,0,0
966,streatham,STREATHAM_S2.3_P2341_R1,2024,2,248.5,1078.392776,1025.925926,-300.9668499,,0,0
967,streatham,STREATHAM_S3_P4123_R1,2023,1,296,1399.8676,1928.85,232.9824,,0,0
968,streatham,STREATHAM_S3_P4123_R1,2024,2,240,836.633,0,-1076.633,,0,0
969,streatham,STREATHAM_S2.1_P4123_R2,2023,1,296,1352.3676,1489.62,-158.7476,,0,0
970,streatham,STREATHAM_S2.1_P4123_R2,2024,2,240,836.633,1527.272727,450.6397271,,0,0
971,streatham,STREATHAM_S6.2_P2312_R1,2023,1,307,1275.4,2705.078,1122.678,,0,0
972,streatham,STREATHAM_S6.2_P2312_R1,2024,2,215.5,889.1400598,956.4814816,-148.1585782,,0,0
973,streatham,STREATHAM_S9.3_P1212_R3,2023,1,276.5,1173.95,2935.218,1484.768,,0,0
974,streatham,STREATHAM_S9.3_P1212_R3,2024,2,215.5,909.8117699,0,-1125.31177,,0,0
975,streatham,STREATHAM_S13_P0000_R7,2023,1,226.5,961.9,0,-1188.4,,0,0
976,streatham,STREATHAM_S9.3_P1212_R2,2023,1,276.5,1173.95,2963.208,1512.758,,0,0
977,streatham,STREATHAM_S9.3_P1212_R2,2024,2,215.5,909.8117699,974.0740739,-151.237696,,0,0
978,streatham,STREATHAM_S7_P1234_R3,2023,1,226.5,961.9,0,-1188.4,,0,0
979,streatham,STREATHAM_S7_P1234_R3,2024,2,185,611,0,-796,,0,0
980,streatham,STREATHAM_S2.4_P4123_R2,2023,1,296,1442.3676,2082.96,344.5924,,0,0
981,streatham,STREATHAM_S2.4_P4123_R2,2024,2,240,836.633,1963.636363,887.0033634,,0,0
982,streatham,STREATHAM_S7_P4123_R1,2023,1,296,1399.8676,1855.26,159.3924,,0,0
983,streatham,STREATHAM_S7_P4123_R1,2024,2,185,611,0,-796,,0,0
984,streatham,STREATHAM_S6.1_P3123_R2,2023,1,296,1399.8676,1719.96,24.0924,,0,0
985,streatham,STREATHAM_S6.1_P3123_R2,2024,2,218,646.475,0,-864.475,,0,0
986,streatham,STREATHAM_S5_P2312_R3,2023,1,296,1399.8676,1941.06,245.1924,,0,0
987,streatham,STREATHAM_S5_P2312_R3,2024,2,237.5,911.8072772,1154.883513,5.576235468,,0,0
988,streatham,STREATHAM_S9.1_P1212_R3,2023,1,259.5,1073.95,2985.6,1652.15,,0,0
989,streatham,STREATHAM_S9.1_P1212_R3,2024,2,215.5,876.8992772,1045.110887,-47.28839013,,0,0
990,streatham,STREATHAM_S4_P1231_R2,2023,1,248.5,994.926,0,-1243.426,,0,0
991,streatham,STREATHAM_S4_P1231_R2,2024,2,215.5,805.4104511,1809.803591,788.8931402,,0,0
992,streatham,STREATHAM_S2.1_P3412_R1,2023,1,296,1352.3676,1795.2,146.8324,,0,0
993,streatham,STREATHAM_S2.1_P3412_R1,2024,2,259.5,1084.72681,905.5555555,-438.6712546,,0,0
994,streatham,STREATHAM_S12_P0000_R1,2023,1,296,1399.8676,1592.58,-103.2876,,0,0
995,streatham,STREATHAM_S2.4_P2341_R2,2023,1,307,1315.4,2623.596,1001.196,,0,0
996,streatham,STREATHAM_S2.4_P2341_R2,2024,2,259.5,1141.533834,893.5185184,-507.5153153,,0,0
997,streatham,STREATHAM_S9.1_P2121_R3,2023,1,296,1399.8676,1657.59,-38.2776,,0,0
998,streatham,STREATHAM_S9.1_P2121_R3,2024,2,207,654.1,1834.022178,972.9221776,,0,0
999,streatham,STREATHAM_S1.2_P2121_R2,2023,1,296,1399.8676,2000.46,304.5924,,0,0
1000,streatham,STREATHAM_S1.2_P2121_R2,2024,2,240,736.39,1844.708193,868.318193,,0,0
1001,streatham,STREATHAM_S2.2_P3412_R1,2023,1,296,1399.8676,1930.83,234.9624,,0,0
1002,streatham,STREATHAM_S2.2_P3412_R1,2024,2,259.5,1105.459312,1004.62963,-360.3296823,,0,0
1003,streatham,STREATHAM_S1.1_P2121_R2,2023,1,296,1352.3676,1815,166.6324,,0,0
1004,streatham,STREATHAM_S1.1_P2121_R2,2024,2,248.5,852.0550362,2033.193041,932.6380052,,0,0
1005,streatham,STREATHAM_S4_P2312_R1,2023,1,307,1275.4,2636.658,1054.258,,0,0
1006,streatham,STREATHAM_S4_P2312_R1,2024,2,215.5,885.3147844,503.7037038,-597.1110806,,0,0
1007,streatham,STREATHAM_S2.4_P1234_R2,2023,1,292.5,1266.35,1542.24,-16.61,,0,0
1008,streatham,STREATHAM_S2.4_P1234_R2,2024,2,248.5,916.3794221,1933.714927,768.8355048,,0,0
1009,streatham,STREATHAM_S2.2_P1234_R2,2023,1,292.5,1266.35,1380.78,-178.07,,0,0
1010,streatham,STREATHAM_S2.2_P1234_R2,2024,2,248.5,910.4324656,1720.796857,561.8643917,,0,0
1011,streatham,STREATHAM_S6.2_P2312_R2,2023,1,307,1275.4,2568.86,986.46,,0,0
1012,streatham,STREATHAM_S6.2_P2312_R2,2024,2,215.5,889.1400598,899.9999999,-204.6400599,,0,0
1013,streatham,STREATHAM_S4_P3123_R2,2023,1,296,1399.8676,1755.6,59.7324,,0,0
1014,streatham,STREATHAM_S4_P3123_R2,2024,2,196,635,0,-831,,0,0
1015,streatham,STREATHAM_S9.2_P1212_R3,2023,1,276.5,1123.95,0,-1400.45,,0,0
1016,streatham,STREATHAM_S9.2_P1212_R3,2024,2,215.5,877.9735091,975.8064515,-117.6670575,,0,0
1017,streatham,STREATHAM_S2.4_P2341_R1,2023,1,307,1315.4,2797.134,1174.734,,0,0
1018,streatham,STREATHAM_S2.4_P2341_R1,2024,2,259.5,1141.533834,1068.518519,-332.515315,,0,0
1019,streatham,STREATHAM_S5_P3123_R3,2023,1,285,1354.47,1722.142,82.672,,0,0
1020,streatham,STREATHAM_S5_P3123_R3,2024,2,215.5,810.964654,1957.683692,931.219038,,0,0
1021,streatham,STREATHAM_S10_P2121_R3,2023,1,257,1090.88,1148.07,-199.81,,0,0
1022,streatham,STREATHAM_S10_P2121_R3,2024,2,215.5,819.9151902,1092.18694,56.7717498,,0,0
1023,streatham,STREATHAM_S7_P3412_R3,2023,1,307,1275.4,2575.702,993.302,,0,0
1024,streatham,STREATHAM_S7_P3412_R3,2024,2,215.5,879.5862047,1007.224463,-87.86174218,,0,0
1025,streatham,STREATHAM_S2.3_P4123_R2,2023,1,296,1414.8676,1638.45,-72.4176,,0,0
1026,streatham,STREATHAM_S2.3_P4123_R2,2024,2,273,932.066,1533.333333,328.2673334,,0,0
1027,streatham,STREATHAM_S1.4_P2121_R3,2023,1,296,1442.3676,1623.6,-114.7676,,0,0
1028,streatham,STREATHAM_S1.4_P2121_R3,2024,2,248.5,903.0347554,2241.582661,1090.047906,,0,0
1029,streatham,STREATHAM_S3_P2341_R1,2023,1,296,1399.8676,1890.57,194.7024,,0,0
1030,streatham,STREATHAM_S3_P2341_R1,2024,2,215.5,798.0360163,2303.703704,1290.167688,,0,0
1031,streatham,STREATHAM_S9.2_P1212_R2,2023,1,276.5,1123.95,2670.246,1269.796,,0,0
1032,streatham,STREATHAM_S9.2_P1212_R2,2024,2,215.5,877.9735091,889.8148149,-203.6586942,,0,0
1033,streatham,STREATHAM_S6.2_P3123_R1,2023,1,296,1399.8676,1974.72,278.8524,,0,0
1034,streatham,STREATHAM_S6.2_P3123_R1,2024,2,218,646.475,0,-864.475,,0,0
1035,streatham,STREATHAM_S2.4_P3412_R2,2023,1,296,1442.3676,1596.21,-142.1576,,0,0
1036,streatham,STREATHAM_S2.4_P3412_R2,2024,2,259.5,1111.908935,995.3703705,-376.0385646,,0,0
1037,streatham,STREATHAM_S3_P1234_R1,2023,1,292.5,1266.35,1189.08,-369.77,,0,0
1038,streatham,STREATHAM_S3_P1234_R1,2024,2,215.5,867.2489583,968.5185187,-114.2304397,,0,0
1039,streatham,STREATHAM_S2.3_P3412_R1,2023,1,296,1414.8676,1283.37,-427.4976,,0,0
1040,streatham,STREATHAM_S2.3_P3412_R1,2024,2,259.5,1015.904979,534.2592592,-741.1457195,,0,0
1041,streatham,STREATHAM_S11_P0000_R3,2023,1,292.5,1225.4225,1525.8,7.8775,,0,0
1042,streatham,STREATHAM_S1.1_P1212_R3,2023,1,307,1225.4,2267.19,734.79,,0,0
1043,streatham,STREATHAM_S1.1_P1212_R3,2024,2,248.5,1075.087013,1055.275537,-268.3114756,,0,0
1044,streatham,STREATHAM_S3_P3412_R1,2023,1,307,1275.4,2663.404,1081.004,,0,0
1045,streatham,STREATHAM_S3_P3412_R1,2024,2,215.5,859.9486975,870.3703704,-205.078327,,0,0
1046,streatham,STREATHAM_S7_P2341_R1,2023,1,226.5,961.9,0,-1188.4,,0,0
1047,streatham,STREATHAM_S7_P2341_R1,2024,2,215.5,815.4328279,1132.654321,101.7214929,,0,0
1048,streatham,STREATHAM_S13_P0000_R2,2023,1,226.5,961.9,0,-1188.4,,0,0
1049,streatham,STREATHAM_S13_P0000_R2,2024,2,185,1833,0,-2018,,0,0
1050,streatham,STREATHAM_S12_P0000_R3,2023,1,296,1399.8676,1365.54,-330.3276,,0,0
1051,streatham,STREATHAM_S2.1_P3412_R2,2023,1,296,1352.3676,1874.73,226.3624,,0,0
1052,streatham,STREATHAM_S2.1_P3412_R2,2024,2,259.5,1084.72681,1500,155.7731897,,0,0
1053,streatham,STREATHAM_S2.2_P2341_R3,2023,1,307,1275.4,2703.834,1121.434,,0,0
1054,streatham,STREATHAM_S2.2_P2341_R3,2024,2,259.5,1111.250761,911.122312,-459.6284492,,0,0
1055,streatham,STREATHAM_S3_P4123_R3,2023,1,296,1399.8676,2186.91,491.0424,,0,0
1056,streatham,STREATHAM_S3_P4123_R3,2024,2,240,836.633,2251.512097,1174.879097,,0,0
1057,streatham,STREATHAM_S1.4_P2121_R1,2023,1,296,1442.3676,1811.37,73.0024,,0,0
1058,streatham,STREATHAM_S1.4_P2121_R1,2024,2,248.5,903.0347554,0,-1151.534755,,0,0
1059,streatham,STREATHAM_S3_P3412_R3,2023,1,307,1275.4,2440.106,857.706,,0,0
1060,streatham,STREATHAM_S3_P3412_R3,2024,2,215.5,859.9486975,1022.009409,-53.43928882,,0,0
1061,streatham,STREATHAM_S2.3_P3412_R2,2023,1,296,1414.8676,1551,-159.8676,,0,0
1062,streatham,STREATHAM_S2.3_P3412_R2,2024,2,259.5,1015.904979,1341.666667,66.26168816,,0,0
1063,streatham,STREATHAM_S3_P1234_R2,2023,1,292.5,1266.35,1124.82,-434.03,,0,0
1064,streatham,STREATHAM_S3_P1234_R2,2024,2,215.5,867.2489583,1198.148148,115.3991898,,0,0
1065,streatham,STREATHAM_S1.3_P1212_R1,2023,1,279,1160.4,2420.824,981.424,,0,0
1066,streatham,STREATHAM_S1.3_P1212_R1,2024,2,240,831.6826,860.1851851,-211.4974149,,0,0
1067,streatham,STREATHAM_S6.1_P1231_R1,2023,1,226.5,961.9,0,-1188.4,,0,0
1068,streatham,STREATHAM_S6.1_P1231_R1,2024,2,226.5,925.4431178,1450.286196,298.3430778,,0,0
1069,streatham,STREATHAM_S2.3_P1234_R3,2023,1,270.5,1200.1525,1586.52,115.8675,,0,0
1070,streatham,STREATHAM_S2.3_P1234_R3,2023,2,281.5,1000.508277,1849.697581,567.6893037,,0,0
1071,edillilie,EDILLILIE_S1.1_P2121_R3,2023,1,160.5,171.0286,1335.84,1004.3114,,0,0
1072,edillilie,EDILLILIE_S2.2_P2341_R3,2023,1,160.5,266.847,986.492,559.145,,0,0
1073,edillilie,EDILLILIE_S1.1_P2121_R2,2023,1,171.5,171.0286,1219.35,876.8214,,0,0
1074,edillilie,EDILLILIE_S2.1_P2341_R1,2023,1,160.5,266.847,1189.264,761.917,,0,0
1075,edillilie,EDILLILIE_S2.1_P2341_R3,2023,1,149.5,266.847,928.024,511.677,,0,0
1076,edillilie,EDILLILIE_S1.3_P1212_R1,2023,1,171.5,266.847,1288.162,849.815,,0,0
1077,edillilie,EDILLILIE_S2.2_P1234_R1,2023,1,171.5,108.853,1021.8,741.447,,0,0
1078,edillilie,EDILLILIE_S1.2 _P1212_R1,2023,1,171.5,266.847,1288.162,849.815,,0,0
1079,edillilie,EDILLILIE_S2.2 _P2341_R1,2023,1,160.5,266.847,1168.738,741.391,,0,0
1080,edillilie,EDILLILIE_S1.3_P2121_R1,2023,1,160.5,171.0286,1105.5,773.9714,,0,0
1081,edillilie,EDILLILIE_S2.2_P3412_R3,2023,1,160.5,171.0286,1247.73,916.2014,,0,0
1082,edillilie,EDILLILIE_S2.2_P4123_R3,2023,1,171.5,171.0286,1261.92,919.3914,,0,0
1083,edillilie,EDILLILIE_S1.2 _P2121_R1,2023,1,171.5,171.0286,1400.19,1057.6614,,0,0
1084,edillilie,EDILLILIE_S2.1_P3412_R2,2023,1,149.5,171.0286,1422.3,1101.7714,,0,0
1085,edillilie,EDILLILIE_S2.2_P2341_R2,2023,1,160.5,266.847,997.688,570.341,,0,0
1086,edillilie,EDILLILIE_S2.2_P1234_R2,2023,1,171.5,108.853,1114.1,833.747,,0,0
1087,edillilie,EDILLILIE_S2.2_P4123_R2,2023,1,171.5,171.0286,1046.1,703.5714,,0,0
1088,edillilie,EDILLILIE_S3_P3412_R2,2023,1,171.5,171.0286,1163.25,820.7214,,0,0
1089,edillilie,EDILLILIE_S1.3_P2121_R3,2023,1,160.5,171.0286,1340.13,1008.6014,,0,0
1090,edillilie,EDILLILIE_S1.3_P1212_R3,2023,1,149.5,266.847,1110.892,694.545,,0,0
1091,edillilie,EDILLILIE_S2.1_P3412_R3,2023,1,160.5,171.0286,1252.68,921.1514,,0,0
1092,edillilie,EDILLILIE_S2.1_P1234_R2,2023,1,160.5,108.853,1069.9,800.547,,0,0
1093,edillilie,EDILLILIE_S2.1_P4123_R2,2023,1,171.5,171.0286,1329.9,987.3714,,0,0
1094,edillilie,EDILLILIE_S1.1 _P2121_R1,2023,1,171.5,171.0286,1330.89,988.3614,,0,0
1095,edillilie,EDILLILIE_S3_P2341_R1,2023,1,160.5,266.847,1178.068,750.721,,0,0
1096,edillilie,EDILLILIE_S3_P2341_R3,2023,1,160.5,266.847,1164.384,737.037,,0,0
1097,edillilie,EDILLILIE_S3_P4123_R3,2023,1,160.5,171.0286,1206.81,875.2814,,0,0
1098,edillilie,EDILLILIE_S3_P4123_R1,2023,1,171.5,171.0286,1269.18,926.6514,,0,0
1099,edillilie,EDILLILIE_S2.1_P3412_R1,2023,1,149.5,171.0286,1405.14,1084.6114,,0,0
1100,edillilie,EDILLILIE_S1.1_P1212_R3,2023,1,149.5,266.847,1053.046,636.699,,0,0
1101,edillilie,EDILLILIE_S2.2_P4123_R1,2023,1,160.5,171.0286,1199.55,868.0214,,0,0
1102,edillilie,EDILLILIE_S1.2 _P1212_R3,2023,1,160.5,266.847,914.34,486.993,,0,0
1103,edillilie,EDILLILIE_S2.2_P3412_R2,2023,1,171.5,171.0286,1228.26,885.7314,,0,0
1104,edillilie,EDILLILIE_S1.3_P1212_R2,2023,1,149.5,266.847,1155.676,739.329,,0,0
1105,edillilie,EDILLILIE_S1.2 _P2121_R3,2023,1,149.5,171.0286,1329.9,1009.3714,,0,0
1106,edillilie,EDILLILIE_S1.3_P2121_R2,2023,1,171.5,171.0286,1239.15,896.6214,,0,0
1107,edillilie,EDILLILIE_S2.1_P4123_R3,2023,1,171.5,171.0286,1191.63,849.1014,,0,0
1108,edillilie,EDILLILIE_S2.2_P3412_R1,2023,1,160.5,171.0286,1341.45,1009.9214,,0,0
1109,edillilie,EDILLILIE_S3_P1234_R2,2023,1,160.5,108.853,804.06,534.707,,0,0
1110,edillilie,EDILLILIE_S2.2_P1234_R3,2023,1,160.5,108.853,1109.55,840.197,,0,0
1111,edillilie,EDILLILIE_S3_P3412_R1,2023,1,149.5,171.0286,1310.76,990.2314,,0,0
1112,edillilie,EDILLILIE_S3_P3412_R3,2023,1,171.5,171.0286,1145.1,802.5714,,0,0
1113,edillilie,EDILLILIE_S2.1_P1234_R1,2023,1,160.5,108.853,975,705.647,,0,0
1114,edillilie,EDILLILIE_S3_P4123_R2,2023,1,160.5,171.0286,1155,823.4714,,0,0
1115,edillilie,EDILLILIE_S1.2 _P2121_R2,2023,1,149.5,171.0286,1364.22,1043.6914,,0,0
1116,edillilie,EDILLILIE_S1.1_P1212_R1,2023,1,160.5,266.847,1498.398,1071.051,,0,0
1117,edillilie,EDILLILIE_S2.1_P4123_R1,2023,1,160.5,171.0286,1677.06,1345.5314,,0,0
1118,edillilie,EDILLILIE_S2.1_P2341_R2,2023,1,171.5,266.847,905.01,466.663,,0,0
1119,edillilie,EDILLILIE_S2.1_P1234_R3,2023,1,160.5,108.853,1019.85,750.497,,0,0
1120,edillilie,EDILLILIE_S3_P1234_R1,2023,1,160.5,108.853,1126.98,857.627,,0,0
1121,edillilie,EDILLILIE_S1.1_P1212_R2,2023,1,160.5,266.847,937.976,510.629,,0,0
1122,edillilie,EDILLILIE_S3_P2341_R2,2023,1,160.5,266.847,848.408,421.061,,0,0
1123,edillilie,EDILLILIE_S3_P1234_R3,2023,1,171.5,108.853,1191.24,910.887,,0,0
1124,edillilie,EDILLILIE_S1.2 _P1212_R2,2023,1,160.5,266.847,842.188,414.841,,0,0
1125,appila,APPILA_S3_P3412_R1,2023,1,158,192.4,181.5,-168.9,,0,0
1126,appila,APPILA_S4_P1231_R3,2023,1,149.5,102.7,0,-252.2,,0,0
1127,appila,APPILA_S3_P2341_R1,2023,1,158,182.9,0,-340.9,,0,0
1128,appila,APPILA_S4_P2312_R2,2023,1,158,192.4,194.7,-155.7,,0,0
1129,appila,APPILA_S1_P2312_R3,2023,1,158,169.9,224.4,-103.5,,0,0
1130,appila,APPILA_S3_P2341_R3,2023,1,158,182.9,62.2,-278.7,,0,0
1131,appila,APPILA_S3_P3412_R3,2023,1,158,192.4,217.8,-132.6,,0,0
1132,appila,APPILA_S2_P1212_R2,2023,1,149.5,125.6,253.5,-21.6,,0,0
1133,appila,APPILA_S4_P1231_R2,2023,1,149.5,102.7,0,-252.2,,0,0
1134,appila,APPILA_S3_P4123_R1,2023,1,158,192.4,181.5,-168.9,,0,0
1135,appila,APPILA_S5_P0000_R2,2023,1,149.5,144.9,191.4,-103,,0,0
1136,appila,APPILA_S1_P1231_R1,2023,1,149.5,125.6,0,-275.1,,0,0
1137,appila,APPILA_S3_P4123_R3,2023,1,158,192.4,201.3,-149.1,,0,0
1138,appila,APPILA_S3_P1234_R2,2023,1,149.5,125.6,26,-249.1,,0,0
1139,appila,APPILA_S2_P2121_R3,2023,1,158,192.4,0,-350.4,,0,0
1140,appila,APPILA_S3_P4123_R2,2023,1,158,192.4,207.9,-142.5,,0,0
1141,appila,APPILA_S2_P1212_R3,2023,1,149.5,125.6,0,-275.1,,0,0
1142,appila,APPILA_S4_P3123_R3,2023,1,158,192.4,270.6,-79.8,,0,0
1143,appila,APPILA_S6_P0000_R2,2023,1,158,226.4,62.2,-322.2,,0,0
1144,appila,APPILA_S1_P3123_R1,2023,1,158,169.9,77.48,-250.42,,0,0
1145,appila,APPILA_S1_P1231_R2,2023,1,149.5,125.6,0,-275.1,,0,0
1146,appila,APPILA_S4_P2312_R3,2023,1,158,192.4,191.4,-159,,0,0
1147,appila,APPILA_S3_P1234_R3,2023,1,149.5,125.6,13,-262.1,,0,0
1148,appila,APPILA_S4_P2312_R1,2023,1,158,192.4,194.7,-155.7,,0,0
1149,appila,APPILA_S2_P1212_R1,2023,1,149.5,125.6,6.5,-268.6,,0,0
1150,appila,APPILA_S2_P2121_R2,2023,1,158,192.4,214.5,-135.9,,0,0
1151,appila,APPILA_S6_P0000_R1,2023,1,158,226.4,68.42,-315.98,,0,0
1152,appila,APPILA_S5_P0000_R3,2023,1,149.5,144.9,181.5,-112.9,,0,0
1153,appila,APPILA_S2_P2121_R1,2023,1,158,192.4,211.2,-139.2,,0,0
1154,appila,APPILA_S3_P2341_R2,2023,1,158,182.9,62.2,-278.7,,0,0
1155,appila,APPILA_S3_P3412_R2,2023,1,158,192.4,240.9,-109.5,,0,0
1156,appila,APPILA_S3_P1234_R1,2023,1,149.5,125.6,32.5,-242.6,,0,0
1157,appila,APPILA_S1_P3123_R2,2023,1,158,169.9,65.56,-262.34,,0,0
1158,appila,APPILA_S1_P3123_R3,2023,1,158,169.9,131.12,-196.78,,0,0
1159,appila,APPILA_S4_P1231_R1,2023,1,149.5,102.7,0,-252.2,,0,0
1160,appila,APPILA_S6_P0000_R3,2023,1,158,226.4,37.32,-347.08,,0,0
1161,appila,APPILA_S5_P0000_R1,2023,1,149.5,144.9,168.3,-126.1,,0,0
1162,appila,APPILA_S1_P2312_R1,2023,1,158,169.9,151.8,-176.1,,0,0
1163,appila,APPILA_S4_P3123_R1,2023,1,158,192.4,0,-350.4,,0,0
1164,appila,APPILA_S4_P3123_R2,2023,1,158,192.4,191.4,-159,,0,0
1165,appila,APPILA_S1_P1231_R3,2023,1,149.5,125.6,0,-275.1,,0,0
1166,appila,APPILA_S1_P2312_R2,2023,1,158,169.9,181.5,-146.4,,0,0
1167,kinnabulla,KINNABULLA_S1.2_P1231_R2,2023,1,193.5,254.772,1142.7,694.428,,0,0
1168,kinnabulla,KINNABULLA_S2.1_P1212_R2,2023,1,215.5,254.772,900.9,430.628,,0,0
1169,kinnabulla,KINNABULLA_S1.3_P1231_R3,2023,1,204.5,254.772,728.65,269.378,,0,0
1170,kinnabulla,KINNABULLA_S5_P1212_R1,2023,1,193.5,254.772,812.5,364.228,,0,0
1171,kinnabulla,KINNABULLA_S9.2_P2312_R2,2023,1,171.5,163.54,1689.93,1354.89,,0,0
1172,kinnabulla,KINNABULLA_S2.1_P1212_R3,2023,1,193.5,254.772,804.05,355.778,,0,0
1173,kinnabulla,KINNABULLA_S1.3_P3123_R2,2023,1,180,334.04,1702.47,1188.43,,0,0
1174,kinnabulla,KINNABULLA_S4_P4123_R1,2023,1,169,292.04,1617.99,1156.95,,0,0
1175,kinnabulla,KINNABULLA_S13_P0000_R6,2023,1,169,342.8425962,894.436,382.5934038,,0,0
1176,kinnabulla,KINNABULLA_S10_P3123_R1,2023,1,169,292.04,1943.04,1482,,0,0
1177,kinnabulla,KINNABULLA_S4_P4123_R3,2023,1,169,292.04,1404.15,943.11,,0,0
1178,kinnabulla,KINNABULLA_S9.2_P3123_R1,2023,1,160.5,163.54,1900.8,1576.76,,0,0
1179,kinnabulla,KINNABULLA_S1.2_P2312_R1,2023,1,191,292.04,1708.41,1225.37,,0,0
1180,kinnabulla,KINNABULLA_S6_P3412_R1,2023,1,180,292.04,1562.55,1090.51,,0,0
1181,kinnabulla,KINNABULLA_S4_P3412_R2,2023,1,191,292.04,1649.67,1166.63,,0,0
1182,kinnabulla,KINNABULLA_S8_P2312_R2,2023,1,169,292.04,1646.37,1185.33,,0,0
1183,kinnabulla,KINNABULLA_S4_P4123_R2,2023,1,169,292.04,1607.76,1146.72,,0,0
1184,kinnabulla,KINNABULLA_S9.1_P3123_R2,2023,1,171.5,163.54,1677.72,1342.68,,0,0
1185,kinnabulla,KINNABULLA_S14_P0000_R9,2023,1,180,450.8425962,910.608,279.7654038,,0,0
1186,kinnabulla,KINNABULLA_S6_P4123_R1,2023,1,180,292.04,1905.75,1433.71,,0,0
1187,kinnabulla,KINNABULLA_S3_P2312_R2,2023,1,193.5,254.772,934.7,486.428,,0,0
1188,kinnabulla,KINNABULLA_S13_P0000_R9,2023,1,180,342.8425962,911.23,388.3874038,,0,0
1189,kinnabulla,KINNABULLA_S2.1_P2121_R2,2023,1,169,292.04,1771.11,1310.07,,0,0
1190,kinnabulla,KINNABULLA_S8_P2312_R3,2023,1,169,292.04,1445.07,984.03,,0,0
1191,kinnabulla,KINNABULLA_S2.2_P2121_R1,2023,1,169,334.04,1691.58,1188.54,,0,0
1192,kinnabulla,KINNABULLA_S5_P1212_R2,2023,1,193.5,254.772,882.7,434.428,,0,0
1193,kinnabulla,KINNABULLA_S14_P0000_R1,2023,1,169,450.8425962,1308.688,688.8454038,,0,0
1194,kinnabulla,KINNABULLA_S10_P2312_R2,2023,1,180,292.04,1572.12,1100.08,,0,0
1195,kinnabulla,KINNABULLA_S2.2_P2121_R3,2023,1,180,334.04,1501.83,987.79,,0,0
1196,kinnabulla,KINNABULLA_S1.2_P3123_R3,2023,1,180,292.04,1439.79,967.75,,0,0
1197,kinnabulla,KINNABULLA_S6_P2341_R2,2023,1,180,292.04,1625.58,1153.54,,0,0
1198,kinnabulla,KINNABULLA_S9.2_P1231_R3,2023,1,182.5,248.22,0,-430.72,,0,0
1199,kinnabulla,KINNABULLA_S4_P2341_R2,2023,1,169,450.8425962,974.674,354.8314038,,0,0
1200,kinnabulla,KINNABULLA_S8_P1231_R2,NA,NA,NA,NA,NA,NA,,0,1
1201,kinnabulla,KINNABULLA_S4_P1234_R2,2023,1,193.5,254.772,940.55,492.278,,0,0
1202,kinnabulla,KINNABULLA_S9.2_P1231_R2,2023,1,193.5,248.22,0,-441.72,,0,0
1203,kinnabulla,KINNABULLA_S1.2_P3123_R1,2023,1,191,292.04,1882.65,1399.61,,0,0
1204,kinnabulla,KINNABULLA_S12_P0000_R2,2023,1,169,450.8425962,1031.276,411.4334038,,0,0
1205,kinnabulla,KINNABULLA_S1.1_P3123_R3,2023,1,169,212.54,1528.89,1147.35,,0,0
1206,kinnabulla,KINNABULLA_S14_P0000_R6,2023,1,180,450.8425962,925.536,294.6934038,,0,0
1207,kinnabulla,KINNABULLA_S9.2_P2312_R1,2023,1,182.5,163.54,1782.99,1436.95,,0,0
1208,kinnabulla,KINNABULLA_S9.2_P2312_R3,2023,1,171.5,163.54,1679.04,1344,,0,0
1209,kinnabulla,KINNABULLA_S8_P3123_R3,2023,1,169,292.04,1666.83,1205.79,,0,0
1210,kinnabulla,KINNABULLA_S2.2_P1212_R2,2023,1,193.5,254.772,1118.65,670.378,,0,0
1211,kinnabulla,KINNABULLA_S12_P0000_R3,2023,1,169,450.8425962,1264.526,644.6834038,,0,0
1212,kinnabulla,KINNABULLA_S6_P1234_R3,2023,1,193.5,254.772,1007.5,559.228,,0,0
1213,kinnabulla,KINNABULLA_S9.1_P3123_R1,2023,1,160.5,163.54,1641.75,1317.71,,0,0
1214,kinnabulla,KINNABULLA_S6_P2341_R1,2023,1,191,292.04,1869.45,1386.41,,0,0
1215,kinnabulla,KINNABULLA_S13_P0000_R1,2023,1,169,342.8425962,1330.458,818.6154038,,0,0
1216,kinnabulla,KINNABULLA_S1.2_P2312_R3,2023,1,180,292.04,1476.09,1004.05,,0,0
1217,kinnabulla,KINNABULLA_S11_P2312_R3,2023,1,180,292.04,1499.19,1027.15,,0,0
1218,kinnabulla,KINNABULLA_S13_P0000_R4,2023,1,180,342.8425962,1087.878,565.0354038,,0,0
1219,kinnabulla,KINNABULLA_S11_P2312_R1,2023,1,191,292.04,1560.57,1077.53,,0,0
1220,kinnabulla,KINNABULLA_S1.3_P3123_R1,2023,1,180,334.04,1864.17,1350.13,,0,0
1221,kinnabulla,KINNABULLA_S10_P2312_R3,2023,1,180,292.04,1527.24,1055.2,,0,0
1222,kinnabulla,KINNABULLA_S10_P3123_R3,2023,1,180,292.04,1634.49,1162.45,,0,0
1223,kinnabulla,KINNABULLA_S6_P3412_R3,2023,1,180,292.04,1525.92,1053.88,,0,0
1224,kinnabulla,KINNABULLA_S2.2_P1212_R3,2023,1,204.5,254.772,785.85,326.578,,0,0
1225,kinnabulla,KINNABULLA_S4_P3412_R3,2023,1,180,292.04,1574.76,1102.72,,0,0
1226,kinnabulla,KINNABULLA_S1.3_P1231_R1,2023,1,204.5,254.772,614.25,154.978,,0,0
1227,kinnabulla,KINNABULLA_S5_P2121_R1,2023,1,180,282.04,1448.28,986.24,,0,0
1228,kinnabulla,KINNABULLA_S1.3_P2312_R2,2023,1,180,334.04,1719.3,1205.26,,0,0
1229,kinnabulla,KINNABULLA_S7_P1111_R6,2023,1,169,292.04,1650,1188.96,,0,0
1230,kinnabulla,KINNABULLA_S3_P3123_R2,2023,1,191,292.04,1534.83,1051.79,,0,0
1231,kinnabulla,KINNABULLA_S11_P3123_R3,2023,1,169,292.04,1266.21,805.17,,0,0
1232,kinnabulla,KINNABULLA_S13_P0000_R3,2023,1,169,342.8425962,1016.97,505.1274038,,0,0
1233,kinnabulla,KINNABULLA_S11_P3123_R1,2023,1,180,292.04,2020.92,1548.88,,0,0
1234,kinnabulla,KINNABULLA_S1.2_P3123_R2,2023,1,180,292.04,1655.94,1183.9,,0,0
1235,kinnabulla,KINNABULLA_S9.2_P3123_R3,2023,1,182.5,163.54,1585.65,1239.61,,0,0
1236,kinnabulla,KINNABULLA_S10_P1231_R3,2023,1,171.5,211.37,0,-382.87,,0,0
1237,kinnabulla,KINNABULLA_S14_P0000_R4,2023,1,169,450.8425962,885.106,265.2634038,,0,0
1238,kinnabulla,KINNABULLA_S11_P2312_R2,2023,1,180,292.04,1792.89,1320.85,,0,0
1239,kinnabulla,KINNABULLA_S4_P1234_R1,2023,1,204.5,254.772,770.9,311.628,,0,0
1240,kinnabulla,KINNABULLA_S1.1_P2312_R3,2023,1,180,212.54,1550.34,1157.8,,0,0
1241,kinnabulla,KINNABULLA_S4_P2341_R1,2023,1,169,450.8425962,1077.926,458.0834038,,0,0
1242,kinnabulla,KINNABULLA_S1.2_P1231_R3,2023,1,182.5,254.772,1001,563.728,,0,0
1243,kinnabulla,KINNABULLA_S6_P1234_R2,2023,1,193.5,254.772,950.3,502.028,,0,0
1244,kinnabulla,KINNABULLA_S12_P0000_R6,2023,1,169,450.8425962,1007.018,387.1754038,,0,0
1245,kinnabulla,KINNABULLA_S12_P0000_R4,2023,1,169,450.8425962,1038.74,418.8974038,,0,0
1246,kinnabulla,KINNABULLA_S4_P1234_R3,2023,1,193.5,254.772,895.05,446.778,,0,0
1247,kinnabulla,KINNABULLA_S3_P2312_R3,2023,1,204.5,254.772,850.2,390.928,,0,0
1248,kinnabulla,KINNABULLA_S6_P4123_R3,2023,1,169,292.04,1459.59,998.55,,0,0
1249,kinnabulla,KINNABULLA_S5_P1212_R3,2023,1,182.5,254.772,961.35,524.078,,0,0
1250,kinnabulla,KINNABULLA_S1.1_P1231_R2,2023,1,215.5,254.772,1052.35,582.078,,0,0
1251,kinnabulla,KINNABULLA_S3_P1231_R3,2023,1,204.5,254.772,819,359.728,,0,0
1252,kinnabulla,KINNABULLA_S13_P0000_R2,2023,1,169,342.8425962,1285.052,773.2094038,,0,0
1253,kinnabulla,KINNABULLA_S6_P1234_R1,2023,1,193.5,254.772,760.5,312.228,,0,0
1254,kinnabulla,KINNABULLA_S1.1_P2312_R1,2023,1,180,212.54,1728.21,1335.67,,0,0
1255,kinnabulla,KINNABULLA_S14_P0000_R5,2023,1,169,450.8425962,1007.018,387.1754038,,0,0
1256,kinnabulla,KINNABULLA_S8_P3123_R2,2023,1,180,292.04,1645.05,1173.01,,0,0
1257,kinnabulla,KINNABULLA_S9.1_P1231_R1,2023,1,171.5,266.22,0,-437.72,,0,0
1258,kinnabulla,KINNABULLA_S14_P0000_R2,2023,1,169,450.8425962,1202.326,582.4834038,,0,0
1259,kinnabulla,KINNABULLA_S1.3_P2312_R3,2023,1,169,334.04,1438.14,935.1,,0,0
1260,kinnabulla,KINNABULLA_S14_P0000_R3,2023,1,169,450.8425962,1301.846,682.0034038,,0,0
1261,kinnabulla,KINNABULLA_S8_P1231_R3,NA,NA,NA,NA,NA,NA,,0,1
1262,kinnabulla,KINNABULLA_S10_P3123_R2,2023,1,191,292.04,1848,1364.96,,0,0
1263,kinnabulla,KINNABULLA_S3_P1231_R2,2023,1,182.5,254.772,876.2,438.928,,0,0
1264,kinnabulla,KINNABULLA_S1.3_P3123_R3,2023,1,169,334.04,1630.2,1127.16,,0,0
1265,kinnabulla,KINNABULLA_S11_P1231_R1,2023,1,171.5,211.37,0,-382.87,,0,0
1266,kinnabulla,KINNABULLA_S1.1_P3123_R2,2023,1,180,212.54,1528.89,1136.35,,0,0
1267,kinnabulla,KINNABULLA_S2.1_P1212_R1,2023,1,204.5,254.772,848.9,389.628,,0,0
1268,kinnabulla,KINNABULLA_S12_P0000_R8,2023,1,169,450.8425962,975.918,356.0754038,,0,0
1269,kinnabulla,KINNABULLA_S11_P3123_R2,2023,1,169,292.04,1587.63,1126.59,,0,0
1270,kinnabulla,KINNABULLA_S1.1_P3123_R1,2023,1,191,212.54,1707.09,1303.55,,0,0
1271,kinnabulla,KINNABULLA_S9.2_P3123_R2,2023,1,171.5,163.54,1648.35,1313.31,,0,0
1272,kinnabulla,KINNABULLA_S3_P1231_R1,2023,1,204.5,254.772,815.1,355.828,,0,0
1273,kinnabulla,KINNABULLA_S8_P1231_R1,NA,NA,NA,NA,NA,NA,,0,1
1274,kinnabulla,KINNABULLA_S8_P3123_R1,2023,1,169,292.04,1639.77,1178.73,,0,0
1275,kinnabulla,KINNABULLA_S5_P2121_R2,2023,1,180,282.04,1351.43,889.39,,0,0
1276,kinnabulla,KINNABULLA_S14_P0000_R7,2023,1,169,450.8425962,815.442,195.5994038,,0,0
1277,kinnabulla,KINNABULLA_S1.1_P2312_R2,2023,1,169,212.54,1539.45,1157.91,,0,0
1278,kinnabulla,KINNABULLA_S9.1_P2312_R3,2023,1,171.5,163.54,1602.48,1267.44,,0,0
1279,kinnabulla,KINNABULLA_S7_P1111_R5,2023,1,180,292.04,1663.86,1191.82,,0,0
1280,kinnabulla,KINNABULLA_S10_P1231_R2,2023,1,193.5,211.37,0,-404.87,,0,0
1281,kinnabulla,KINNABULLA_S8_P2312_R1,2023,1,180,292.04,1714.35,1242.31,,0,0
1282,kinnabulla,KINNABULLA_S11_P1231_R2,2023,1,171.5,211.37,0,-382.87,,0,0
1283,kinnabulla,KINNABULLA_S1.1_P1231_R1,2023,1,193.5,254.772,766.35,318.078,,0,0
1284,kinnabulla,KINNABULLA_S6_P4123_R2,2023,1,180,292.04,1749.66,1277.62,,0,0
1285,kinnabulla,KINNABULLA_S6_P3412_R2,2023,1,169,292.04,1643.73,1182.69,,0,0
1286,kinnabulla,KINNABULLA_S1.3_P2312_R1,2023,1,191,334.04,1642.74,1117.7,,0,0
1287,kinnabulla,KINNABULLA_S12_P0000_R9,2023,1,169,450.8425962,778.122,158.2794038,,0,0
1288,kinnabulla,KINNABULLA_S4_P3412_R1,2023,1,180,292.04,1759.56,1287.52,,0,0
1289,kinnabulla,KINNABULLA_S12_P0000_R1,2023,1,169,450.8425962,1065.486,445.6434038,,0,0
1290,kinnabulla,KINNABULLA_S3_P3123_R1,2023,1,180,292.04,1618.32,1146.28,,0,0
1291,kinnabulla,KINNABULLA_S10_P1231_R1,2023,1,182.5,211.37,0,-393.87,,0,0
1292,kinnabulla,KINNABULLA_S13_P0000_R8,2023,1,169,342.8425962,998.31,486.4674038,,0,0
1293,kinnabulla,KINNABULLA_S1.1_P1231_R3,2023,1,204.5,254.772,919.1,459.828,,0,0
1294,kinnabulla,KINNABULLA_S2.2_P2121_R2,2023,1,180,334.04,1674.42,1160.38,,0,0
1295,kinnabulla,KINNABULLA_S13_P0000_R7,2023,1,169,342.8425962,873.288,361.4454038,,0,0
1296,kinnabulla,KINNABULLA_S9.1_P2312_R2,2023,1,171.5,163.54,1689.93,1354.89,,0,0
1297,kinnabulla,KINNABULLA_S7_P1111_R3,2023,1,180,292.04,1617.66,1145.62,,0,0
1298,kinnabulla,KINNABULLA_S9.1_P3123_R3,2023,1,171.5,163.54,1589.28,1254.24,,0,0
1299,kinnabulla,KINNABULLA_S9.1_P1231_R2,2023,1,182.5,266.22,0,-448.72,,0,0
1300,kinnabulla,KINNABULLA_S10_P2312_R1,2023,1,169,292.04,1941.72,1480.68,,0,0
1301,kinnabulla,KINNABULLA_S9.2_P1231_R1,2023,1,182.5,248.22,0,-430.72,,0,0
1302,kinnabulla,KINNABULLA_S11_P1231_R3,2023,1,171.5,211.37,0,-382.87,,0,0
1303,kinnabulla,KINNABULLA_S12_P0000_R5,2023,1,169,450.8425962,867.69,247.8474038,,0,0
1304,kinnabulla,KINNABULLA_S2.1_P2121_R3,2023,1,169,292.04,1536.48,1075.44,,0,0
1305,kinnabulla,KINNABULLA_S12_P0000_R7,2023,1,169,450.8425962,919.938,300.0954038,,0,0
1306,kinnabulla,KINNABULLA_S1.2_P2312_R2,2023,1,191,292.04,1673.1,1190.06,,0,0
1307,kinnabulla,KINNABULLA_S2.2_P1212_R1,2023,1,204.5,254.772,723.45,264.178,,0,0
1308,kinnabulla,KINNABULLA_S1.3_P1231_R2,2023,1,193.5,254.772,1021.8,573.528,,0,0
1309,kinnabulla,KINNABULLA_S3_P2312_R1,2023,1,193.5,254.772,1084.85,636.578,,0,0
1310,kinnabulla,KINNABULLA_S2.1_P2121_R1,2023,1,180,292.04,1858.23,1386.19,,0,0
1311,kinnabulla,KINNABULLA_S3_P3123_R3,2023,1,180,292.04,1536.48,1064.44,,0,0
1312,kinnabulla,KINNABULLA_S13_P0000_R5,2023,1,169,342.8425962,949.172,437.3294038,,0,0
1313,kinnabulla,KINNABULLA_S6_P2341_R3,2023,1,180,292.04,1552.98,1080.94,,0,0
1314,kinnabulla,KINNABULLA_S9.1_P1231_R3,2023,1,171.5,266.22,0,-437.72,,0,0
1315,kinnabulla,KINNABULLA_S7_P1111_R4,2023,1,169,292.04,1725.57,1264.53,,0,0
1316,kinnabulla,KINNABULLA_S9.1_P2312_R1,2023,1,171.5,163.54,1815.33,1480.29,,0,0
1317,kinnabulla,KINNABULLA_S5_P2121_R3,2023,1,169,282.04,1208.092,757.052,,0,0
1318,kinnabulla,KINNABULLA_S7_P1111_R1,2023,1,180,292.04,1764.18,1292.14,,0,0
1319,kinnabulla,KINNABULLA_S1.2_P1231_R1,2023,1,204.5,254.772,1075.1,615.828,,0,0
1320,kinnabulla,KINNABULLA_S14_P0000_R8,2023,1,169,450.8425962,923.67,303.8274038,,0,0
1321,kinnabulla,KINNABULLA_S7_P1111_R2,2023,1,180,292.04,1886.28,1414.24,,0,0
1322,kinnabulla,KINNABULLA_S4_P2341_R3,2023,1,169,450.8425962,1000.798,380.9554038,,0,0
1323,roseworthy,ROSEWORTHY_S8_P0212_R3,2024,1,180,231.98,376.0695445,-35.9104555,,0,0
1324,roseworthy,ROSEWORTHY_S1.2_P3123_R2,2023,1,279,592.1894,1532.018,660.8286,,0,0
1325,roseworthy,ROSEWORTHY_S1.2_P3123_R2,2023,2,193.5,478.53,648.8800973,-23.14990268,,0,0
1326,roseworthy,ROSEWORTHY_S2_P1212_R2,2023,1,281.5,786.8794,949,-119.3794,,0,0
1327,roseworthy,ROSEWORTHY_S2_P1212_R2,2023,2,202,289.936,536.6214325,44.68543249,,0,0
1328,roseworthy,ROSEWORTHY_S1.1_P3123_R1,2023,1,279,592.1894,1567.48,696.2906,,0,0
1329,roseworthy,ROSEWORTHY_S1.1_P3123_R1,2023,2,193.5,478.53,697.5038967,25.4738967,,0,0
1330,roseworthy,ROSEWORTHY_S4_P1231_R2,2023,1,281.5,579.2794,1151.472,290.6926,,0,0
1331,roseworthy,ROSEWORTHY_S4_P1231_R2,2023,2,171.5,439.23,569.1751782,-41.55482175,,0,0
1332,roseworthy,ROSEWORTHY_S1.1_P2312_R3,2023,1,279,592.1894,1537.47,666.2806,,0,0
1333,roseworthy,ROSEWORTHY_S1.1_P2312_R3,2023,2,202,299.936,184.0602479,-317.8757521,,0,0
1334,roseworthy,ROSEWORTHY_S1.1_P1231_R2,2023,1,281.5,786.8794,726.7,-341.6794,,0,0
1335,roseworthy,ROSEWORTHY_S1.1_P1231_R2,2023,2,191,299.936,620.4737194,129.5377194,,0,0
1336,roseworthy,ROSEWORTHY_S1.2_P2312_R1,2023,1,268,592.1894,1844.7,984.5106,,0,0
1337,roseworthy,ROSEWORTHY_S1.2_P2312_R1,2023,2,202,289.936,646.0801248,154.1441248,,0,0
1338,roseworthy,ROSEWORTHY_S4_P3123_R3,2023,1,270.5,558.6094,1381.474,552.3646,,0,0
1339,roseworthy,ROSEWORTHY_S4_P3123_R3,2023,2,193.5,267.18,478.1004845,17.42048452,,0,0
1340,roseworthy,ROSEWORTHY_S8_P0121_R1,2024,1,182.5,394.53,532.4535072,-44.57649277,,0,0
1341,roseworthy,ROSEWORTHY_S1.2_P3123_R3,2023,1,268,592.1894,1564.5,704.3106,,0,0
1342,roseworthy,ROSEWORTHY_S1.2_P3123_R3,2023,2,193.5,478.53,479.821133,-192.208867,,0,0
1343,roseworthy,ROSEWORTHY_S1.1_P3123_R2,2023,1,257,592.1894,1623.206,774.0166,,0,0
1344,roseworthy,ROSEWORTHY_S1.1_P3123_R2,2023,2,193.5,478.53,296.0598079,-375.9701921,,0,0
1345,roseworthy,ROSEWORTHY_S4_P2312_R3,2023,1,270.5,816.4514,1490.72,403.7686,,0,0
1346,roseworthy,ROSEWORTHY_S4_P2312_R3,2023,2,171.5,232.98,437.6179096,33.13790963,,0,0
1347,roseworthy,ROSEWORTHY_S7_P0000_R3,2023,1,257,6808.2294,1796.316,-5268.9134,,0,0
1348,roseworthy,ROSEWORTHY_S7_P0000_R3,2023,2,182.5,10348.086,185.1074883,-10345.47851,,0,0
1349,roseworthy,ROSEWORTHY_S4_P2312_R1,2023,1,270.5,816.4514,1398.38,311.4286,,0,0
1350,roseworthy,ROSEWORTHY_S4_P2312_R1,2023,2,182.5,232.98,321.9764076,-93.50359238,,0,0
1351,roseworthy,ROSEWORTHY_S3_P1212_R2,2023,1,248.5,576.9044,0,-825.4044,,0,0
1352,roseworthy,ROSEWORTHY_S3_P1212_R2,2023,2,193.5,249.936,697.1455356,253.7095356,,0,0
1353,roseworthy,ROSEWORTHY_S1.2_P1231_R1,2023,1,270.5,786.8794,1053.65,-3.7294,,0,0
1354,roseworthy,ROSEWORTHY_S1.2_P1231_R1,2023,2,191,289.936,829.874001,348.938001,,0,0
1355,roseworthy,ROSEWORTHY_S6_P0000_R2,2023,1,279,592.1894,1750.98,879.7906,,0,0
1356,roseworthy,ROSEWORTHY_S6_P0000_R2,2023,2,202,258.456,3.223407795,-457.2325922,,0,0
1357,roseworthy,ROSEWORTHY_S6_P0000_R3,2023,1,268,592.1894,1152.69,292.5006,,0,0
1358,roseworthy,ROSEWORTHY_S6_P0000_R3,2023,2,191,258.456,0.765421702,-448.6905783,,0,0
1359,roseworthy,ROSEWORTHY_S7_P0000_R1,2023,1,279,6808.2294,1407.264,-5679.9654,,0,0
1360,roseworthy,ROSEWORTHY_S7_P0000_R1,2023,2,182.5,10348.086,657.8923939,-9872.693606,,0,0
1361,roseworthy,ROSEWORTHY_S2_P1212_R3,2023,1,270.5,786.8794,1021.8,-35.5794,,0,0
1362,roseworthy,ROSEWORTHY_S2_P1212_R3,2023,2,191,289.936,627.4542368,146.5182368,,0,0
1363,roseworthy,ROSEWORTHY_S2_P2121_R3,2023,1,279,592.1894,1078.132,206.9426,,0,0
1364,roseworthy,ROSEWORTHY_S2_P2121_R3,2023,2,182.5,478.53,590.2047163,-70.82528373,,0,0
1365,roseworthy,ROSEWORTHY_S1.2_P2312_R2,2023,1,279,592.1894,1852.29,981.1006,,0,0
1366,roseworthy,ROSEWORTHY_S1.2_P2312_R2,2023,2,202,289.936,402.14138,-89.79462004,,0,0
1367,roseworthy,ROSEWORTHY_S4_P2312_R2,2023,1,270.5,816.4514,1381.57,294.6186,,0,0
1368,roseworthy,ROSEWORTHY_S4_P2312_R2,2023,2,182.5,232.98,412.9893308,-2.490669158,,0,0
1369,roseworthy,ROSEWORTHY_S3_P1212_R1,2023,1,248.5,576.9044,0,-825.4044,,0,0
1370,roseworthy,ROSEWORTHY_S3_P1212_R1,2023,2,182.5,249.936,791.0682354,358.6322354,,0,0
1371,roseworthy,ROSEWORTHY_S1.2_P1231_R3,2023,1,270.5,786.8794,961.35,-96.0294,,0,0
1372,roseworthy,ROSEWORTHY_S1.2_P1231_R3,2023,2,191,289.936,500.6283579,19.6923579,,0,0
1373,roseworthy,ROSEWORTHY_S1.1_P2312_R1,2023,1,268,592.1894,1657.59,797.4006,,0,0
1374,roseworthy,ROSEWORTHY_S1.1_P2312_R1,2023,2,202,299.936,269.9947401,-231.9412599,,0,0
1375,roseworthy,ROSEWORTHY_S2_P2121_R2,2023,1,268,592.1894,1550.216,690.0266,,0,0
1376,roseworthy,ROSEWORTHY_S2_P2121_R2,2023,2,182.5,478.53,667.649595,6.61959495,,0,0
1377,roseworthy,ROSEWORTHY_S1.1_P1231_R1,2023,1,270.5,786.8794,1288.95,231.5706,,0,0
1378,roseworthy,ROSEWORTHY_S1.1_P1231_R1,2023,2,191,299.936,775.0870588,284.1510588,,0,0
1379,roseworthy,ROSEWORTHY_S8_P0121_R3,2024,1,182.5,394.53,654.2440268,77.2140268,,0,0
1380,roseworthy,ROSEWORTHY_S4_P1231_R1,2023,1,281.5,579.2794,1245.472,384.6926,,0,0
1381,roseworthy,ROSEWORTHY_S4_P1231_R1,2023,2,171.5,439.23,504.3612821,-106.3687179,,0,0
1382,roseworthy,ROSEWORTHY_S5_P0000_R2,2023,1,274,695.1294,1300.602,331.4726,,0,0
1383,roseworthy,ROSEWORTHY_S5_P0000_R2,2023,2,193.5,249.936,500.0999794,56.66397939,,0,0
1384,roseworthy,ROSEWORTHY_S1.1_P3123_R3,2023,1,279,592.1894,1405.666,534.4766,,0,0
1385,roseworthy,ROSEWORTHY_S1.1_P3123_R3,2023,2,182.5,478.53,632.3588367,-28.67116328,,0,0
1386,roseworthy,ROSEWORTHY_S1.1_P2312_R2,2023,1,268,592.1894,1684.32,824.1306,,0,0
1387,roseworthy,ROSEWORTHY_S1.1_P2312_R2,2023,2,202,299.936,453.6457871,-48.2902129,,0,0
1388,roseworthy,ROSEWORTHY_S3_P1212_R3,2023,1,259.5,576.9044,0,-836.4044,,0,0
1389,roseworthy,ROSEWORTHY_S3_P1212_R3,2023,2,182.5,249.936,612.0218468,179.5858468,,0,0
1390,roseworthy,ROSEWORTHY_S1.2_P3123_R1,2023,1,268,592.1894,1510.562,650.3726,,0,0
1391,roseworthy,ROSEWORTHY_S1.2_P3123_R1,2023,2,182.5,478.53,672.1926783,11.1626783,,0,0
1392,roseworthy,ROSEWORTHY_S4_P3123_R2,2023,1,259.5,558.6094,1436.97,618.8606,,0,0
1393,roseworthy,ROSEWORTHY_S4_P3123_R2,2023,2,193.5,267.18,677.3766719,216.6966719,,0,0
1394,roseworthy,ROSEWORTHY_S1.1_P1231_R3,2023,1,270.5,786.8794,1169.35,111.9706,,0,0
1395,roseworthy,ROSEWORTHY_S1.1_P1231_R3,2023,2,202,299.936,657.1199633,155.1839633,,0,0
1396,roseworthy,ROSEWORTHY_S2_P1212_R1,2023,1,281.5,786.8794,1319.5,251.1206,,0,0
1397,roseworthy,ROSEWORTHY_S2_P1212_R1,2023,2,202,289.936,1189.612663,697.6766628,,0,0
1398,roseworthy,ROSEWORTHY_S2_P2121_R1,2023,1,268,592.1894,1452.632,592.4426,,0,0
1399,roseworthy,ROSEWORTHY_S2_P2121_R1,2023,2,182.5,478.53,666.0389612,5.00896125,,0,0
1400,roseworthy,ROSEWORTHY_S3_P2121_R2,2023,1,257,592.1894,1771.492,922.3026,,0,0
1401,roseworthy,ROSEWORTHY_S3_P2121_R2,2023,2,182.5,298.455,0,-480.955,,0,0
1402,roseworthy,ROSEWORTHY_S8_P0212_R2,2024,1,180,231.98,218.3795876,-193.6004124,,0,0
1403,roseworthy,ROSEWORTHY_S5_P0000_R3,2023,1,285,695.1294,987.114,6.9846,,0,0
1404,roseworthy,ROSEWORTHY_S5_P0000_R3,2023,2,193.5,249.936,568.020849,124.584849,,0,0
1405,roseworthy,ROSEWORTHY_S1.2_P2312_R3,2023,1,279,592.1894,1238.82,367.6306,,0,0
1406,roseworthy,ROSEWORTHY_S1.2_P2312_R3,2023,2,191,289.936,150.7373585,-330.1986415,,0,0
1407,roseworthy,ROSEWORTHY_S3_P2121_R1,2023,1,279,592.1894,1574.184,702.9946,,0,0
1408,roseworthy,ROSEWORTHY_S3_P2121_R1,2023,2,182.5,298.455,0,-480.955,,0,0
1409,roseworthy,ROSEWORTHY_S8_P0212_R1,2024,1,180,231.98,174.9266106,-237.0533894,,0,0
1410,roseworthy,ROSEWORTHY_S8_P0121_R2,2024,1,182.5,394.53,507.7126799,-69.31732011,,0,0
1411,roseworthy,ROSEWORTHY_S5_P0000_R1,2023,1,274,695.1294,1263.282,294.1526,,0,0
1412,roseworthy,ROSEWORTHY_S5_P0000_R1,2023,2,193.5,249.936,659.5458771,216.1098771,,0,0
1413,roseworthy,ROSEWORTHY_S7_P0000_R2,2023,1,257,6808.2294,1530.1,-5535.1294,,0,0
1414,roseworthy,ROSEWORTHY_S7_P0000_R2,2023,2,182.5,10348.086,397.7666762,-10132.81932,,0,0
1415,roseworthy,ROSEWORTHY_S4_P1231_R3,2023,1,281.5,579.2794,1240.061,379.2816,,0,0
1416,roseworthy,ROSEWORTHY_S4_P1231_R3,2023,2,182.5,439.23,574.5299537,-47.20004627,,0,0
1417,roseworthy,ROSEWORTHY_S1.2_P1231_R2,2023,1,270.5,786.8794,988.65,-68.7294,,0,0
1418,roseworthy,ROSEWORTHY_S1.2_P1231_R2,2023,2,202,289.936,701.9466779,210.0106778,,0,0
1419,roseworthy,ROSEWORTHY_S6_P0000_R1,2023,1,257,592.1894,1949.64,1100.4506,,0,0
1420,roseworthy,ROSEWORTHY_S6_P0000_R1,2023,2,202,258.456,5.358133769,-455.0978662,,0,0
1421,roseworthy,ROSEWORTHY_S3_P2121_R3,2023,1,268,592.1894,971.56,111.3706,,0,0
1422,roseworthy,ROSEWORTHY_S3_P2121_R3,2023,2,182.5,298.455,0,-480.955,,0,0
1423,roseworthy,ROSEWORTHY_S4_P3123_R1,2023,1,270.5,558.6094,1395.464,566.3546,,0,0
1424,roseworthy,ROSEWORTHY_S4_P3123_R1,2023,2,193.5,267.18,718.060169,257.380169,,0,0
