,site,plot,year,crop_sequence,operational_costs_dollars,material_input_costs_dollars,crop_1_name,crop_2_name,crop_3_name,crop_1_yield,crop_2_yield,crop_3_yield,plot_revenue_dollars,plot_gross_margin_dollars
0,hart,HART_S10.3_P1231_R1,2023,1,240.2,227.7693,canola,lentil,NA,213.0,1215.0,NA,1081.305,613.3357000000001
1,hart,HART_S10.3_P1231_R1,2024,2,202.0,232.17947586,Wheat,NA,NA,919.57,0.0,NA,331.0452,-103.13427585999997
2,hart,HART_S10.3_P1231_R1,2025,3,193.5,209.55079999999998,Barley,NA,NA,2958.03,NA,NA,920.538936,517.488136
3,hart,HART_S5_P0000_R4,2023,1,204.5,222.5193,lentil,NA,NA,1464.0,NA,NA,1125.816,698.7967000000001
4,hart,HART_S5_P0000_R4,2024,2,193.5,238.44439999999997,Chickpea,NA,NA,0.0,0.0,NA,0.0,-431.9444
5,hart,HART_S6_P2341_R2,2023,1,213.0,236.50179999999997,canola,NA,NA,634.0,NA,NA,437.46,-12.041799999999995
6,hart,HART_S6_P2341_R2,2024,2,202.0,189.60315159,Wheat,NA,NA,509.13,0.0,NA,183.2868,-208.31635159
7,hart,HART_S6_P2341_R2,2025,3,193.5,209.55079999999998,Barley,NA,NA,2482.09,NA,NA,772.426408,369.37560800000006
8,hart,HART_S9_P4123_R3,2023,1,202.0,235.75835,barley,NA,NA,4299.0,NA,NA,1337.8488,900.0904499999999
9,hart,HART_S9_P4123_R3,2024,2,182.5,139.03,Vetch,NA,NA,0.0,0.0,NA,0.0,-321.53
10,hart,HART_S9_P4123_R3,2025,3,215.5,226.2658,Canola,NA,NA,0.0,NA,NA,0.0,-441.7658
11,hart,HART_S2.2_P0000_R1,2023,1,202.0,264.25834999999995,wheat,NA,NA,3608.0,NA,NA,1298.88,832.6216500000002
12,hart,HART_S2.2_P0000_R1,2024,2,202.0,182.41727117500002,Barley,NA,NA,1480.4,0.0,NA,460.70048,76.283208825
13,hart,HART_S2.2_P0000_R1,2025,3,204.5,365.5483,Lentil,NA,NA,1095.19,NA,NA,842.2011100000001,272.1528100000001
14,hart,HART_S4.2_P4123_R1,2023,1,202.0,235.75835,barley,NA,NA,3357.0,NA,NA,1044.6984,606.9400499999999
15,hart,HART_S4.2_P4123_R1,2024,2,193.5,242.32439999999997,Lentil,NA,NA,752.83,0.0,NA,578.92627,143.10187000000008
16,hart,HART_S4.2_P4123_R1,2025,3,202.0,287.3101391304348,Wheat,NA,NA,2507.68,NA,NA,902.7648,413.45466086956526
17,hart,HART_S10.1_P1231_R3,2023,1,241.3,227.7693,canola,lentil,NA,264.0,1208.0,NA,1111.112,642.0427000000002
18,hart,HART_S10.1_P1231_R3,2024,2,202.0,228.395073865,Wheat,NA,NA,849.78,0.0,NA,305.9208,-124.47427386500001
19,hart,HART_S10.1_P1231_R3,2025,3,193.5,209.55079999999998,Barley,NA,NA,2983.62,NA,NA,928.502544,525.451744
20,hart,HART_S6_P1234_R3,2023,1,204.5,222.5193,lentil,NA,NA,1866.0,NA,NA,1434.954,1007.9347
21,hart,HART_S6_P1234_R3,2024,2,210.5,235.51599999999996,Canola,NA,NA,686.96,0.0,NA,474.0024,27.98640000000006
22,hart,HART_S6_P1234_R3,2025,3,202.0,272.3210086956522,Wheat,NA,NA,2374.62,NA,NA,854.8631999999999,380.5421913043477
23,hart,HART_S9_P2341_R1,2023,1,213.0,236.50179999999997,canola,NA,NA,788.0,NA,NA,543.7199999999999,94.21819999999994
24,hart,HART_S9_P2341_R1,2024,2,202.0,221.59511175000003,Wheat,NA,NA,915.22,0.0,NA,329.4792,-94.11591175000004
25,hart,HART_S9_P2341_R1,2025,3,193.5,209.55079999999998,Barley,NA,NA,3085.98,NA,NA,960.356976,557.306176
26,hart,HART_S4.2_P1234_R3,2023,1,204.5,222.5193,lentil,NA,NA,1924.0,NA,NA,1479.556,1052.5367
27,hart,HART_S4.2_P1234_R3,2024,2,202.0,223.82467649999998,Wheat,NA,NA,2005.87,0.0,NA,722.1131999999999,296.2885234999999
28,hart,HART_S4.2_P1234_R3,2025,3,215.5,226.26579999999998,Canola,NA,NA,0.0,NA,NA,0.0,-441.7658
29,hart,HART_S1.2_P3123_R1,2023,1,202.0,235.75835,barley,NA,NA,4463.0,NA,NA,1388.8855999999998,951.1272499999998
30,hart,HART_S1.2_P3123_R1,2024,2,193.5,242.32440000000003,Lentil,NA,NA,38.04,0.0,NA,29.25276,-406.57164
31,hart,HART_S1.2_P3123_R1,2025,3,202.0,296.07100869565215,Wheat,NA,NA,2502.56,NA,NA,900.9216,402.85059130434786
32,hart,HART_S5_P0000_R3,2023,1,204.5,222.5193,lentil,NA,NA,1515.0,NA,NA,1165.035,738.0157000000002
33,hart,HART_S5_P0000_R3,2024,2,193.5,238.44439999999997,Chickpea,NA,NA,0.0,0.0,NA,0.0,-431.9444
34,hart,HART_S5_P0000_R3,2025,3,193.5,191.29080000000002,Oats,NA,NA,2047.1,NA,NA,515.8692,131.07839999999996
35,hart,HART_S10.2_P1231_R2,2023,1,236.575,227.7693,canola,lentil,NA,188.0,1095.0,NA,971.775,507.43070000000006
36,hart,HART_S10.2_P1231_R2,2024,2,202.0,250.74418625,Wheat,NA,NA,1389.78,0.0,NA,500.3208,47.57661375000001
37,hart,HART_S10.2_P1231_R2,2025,3,193.5,209.55079999999998,Barley,NA,NA,2569.09,NA,NA,799.500808,396.450008
38,hart,HART_S7_P2341_R1,2023,1,204.5,209.9862,field pea,NA,NA,1474.0,NA,NA,675.092,260.6058
39,hart,HART_S7_P2341_R1,2024,2,202.0,229.628198315,Wheat,NA,NA,1962.83,0.0,NA,706.6188,274.990601685
40,hart,HART_S7_P2341_R1,2025,3,193.5,209.55079999999998,Barley,NA,NA,2824.97,NA,NA,879.1306639999999,476.07986399999993
41,hart,HART_S1.3_P1231_R2,2023,1,204.5,222.5193,lentil,NA,NA,1273.0,NA,NA,978.937,551.9177
42,hart,HART_S1.3_P1231_R2,2024,2,202.0,243.052,Wheat,NA,NA,1784.78,0.0,NA,642.5208,197.46880000000002
43,hart,HART_S1.3_P1231_R2,2025,3,202.0,284.5508,Barley,NA,NA,2482.09,NA,NA,772.426408,285.87560800000006
44,hart,HART_S5_P0000_R5,2023,1,204.5,222.5193,lentil,NA,NA,1644.0,NA,NA,1264.236,837.2167000000002
45,hart,HART_S5_P0000_R5,2024,2,193.5,238.44439999999997,Chickpea,NA,NA,0.0,0.0,NA,0.0,-431.9444
46,hart,HART_S2.2_P0000_R3,2023,1,202.0,264.25835,wheat,NA,NA,3938.0,NA,NA,1417.6799999999998,951.4216499999998
47,hart,HART_S2.2_P0000_R3,2024,2,202.0,182.41727117500002,Barley,NA,NA,1115.2,0.0,NA,347.05024,-37.36703117500005
48,hart,HART_S2.2_P0000_R3,2025,3,204.5,365.5483,Lentil,NA,NA,1013.31,NA,NA,779.2353899999999,209.18708999999996
49,hart,HART_S4.2_P4123_R3,2023,1,202.0,235.75835,barley,NA,NA,3997.0,NA,NA,1243.8664,806.10805
50,hart,HART_S4.2_P4123_R3,2024,2,193.5,242.32439999999997,Lentil,NA,NA,795.22,0.0,NA,611.52418,175.69978000000003
51,hart,HART_S4.2_P4123_R3,2025,3,202.0,287.3101391304348,Wheat,NA,NA,2594.68,NA,NA,934.0848,444.7746608695652
52,hart,HART_S1.1_P2312_R2,2023,1,202.0,246.75835,wheat,NA,NA,2984.0,NA,NA,1074.24,625.48165
53,hart,HART_S1.1_P2312_R2,2024,2,202.0,205.85439999999997,Barley,NA,NA,1251.52,0.0,NA,389.473024,-18.38137599999996
54,hart,HART_S1.1_P2312_R2,2025,3,204.5,365.5483,Lentil,NA,NA,962.13,NA,NA,739.87797,169.82967000000002
55,hart,HART_S10.3_P2312_R1,2023,1,202.0,246.75834999999998,wheat,NA,NA,2799.0,NA,NA,1007.64,558.88165
56,hart,HART_S10.3_P2312_R1,2024,2,202.0,194.978155215,Barley,NA,NA,1380.43,0.0,NA,429.589816,32.611660785
57,hart,HART_S10.3_P2312_R1,2025,3,209.91899999999998,187.1908,Canola,Lentil,NA,99.33,557.43,NA,497.20137,100.09157000000002
58,hart,HART_S7_P2341_R3,2023,1,204.5,209.9862,field pea,NA,NA,1752.0,NA,NA,802.416,387.92980000000006
59,hart,HART_S7_P2341_R3,2024,2,202.0,229.628198315,Wheat,NA,NA,2078.26,0.0,NA,748.1736000000001,316.5454016850001
60,hart,HART_S7_P2341_R3,2025,3,193.5,209.55079999999998,Barley,NA,NA,2896.62,NA,NA,901.428144,498.377344
61,hart,HART_S8_P4123_R1,2023,1,202.0,246.75835,wheat,NA,NA,3383.0,NA,NA,1217.88,769.12165
62,hart,HART_S8_P4123_R1,2024,2,193.5,242.32440000000003,Lentil,NA,NA,675.43,0.0,NA,519.40567,83.58126999999996
63,hart,HART_S8_P4123_R1,2025,3,202.0,277.83767536231886,Wheat,NA,NA,2558.85,NA,NA,921.186,441.3483246376812
64,hart,HART_S7_P1234_R1,2023,1,204.5,222.5193,lentil,NA,NA,1840.0,NA,NA,1414.96,987.9407000000001
65,hart,HART_S7_P1234_R1,2024,2,193.5,229.7944,Field pea,NA,NA,577.61,0.0,NA,264.54538,-158.74901999999997
66,hart,HART_S7_P1234_R1,2025,3,202.0,263.8644869565218,Wheat,NA,NA,2405.32,NA,NA,865.9152,400.05071304347825
67,hart,HART_S4.3_P2341_R3,2023,1,202.0,259.75834999999995,wheat,NA,NA,3352.0,NA,NA,1206.72,744.9616500000001
68,hart,HART_S4.3_P2341_R3,2024,2,210.5,274.07172099999997,Canola,NA,NA,62.39,0.0,NA,43.0491,-441.52262099999996
69,hart,HART_S4.3_P2341_R3,2025,3,193.5,209.55079999999998,Barley,NA,NA,2855.68,NA,NA,888.6876159999999,485.63681599999995
70,hart,HART_S2.2_P0000_R2,2023,1,202.0,264.25835,wheat,NA,NA,2881.0,NA,NA,1037.16,570.90165
71,hart,HART_S2.2_P0000_R2,2024,2,202.0,182.41727117500002,Barley,NA,NA,1687.0,0.0,NA,524.9943999999999,140.5771288249999
72,hart,HART_S2.2_P0000_R2,2025,3,204.5,365.54830000000004,Lentil,NA,NA,829.07,NA,NA,637.55483,67.50653
73,hart,HART_S10.2_P3123_R1,2023,1,202.0,213.25835,barley,NA,NA,4427.0,NA,NA,1377.6824,962.4240499999999
74,hart,HART_S10.2_P3123_R1,2024,2,198.63049999999998,226.42584116999998,Canola,Lentil,NA,148.7,156.52,NA,222.96688,-202.08946116999996
75,hart,HART_S10.2_P3123_R1,2025,3,202.0,299.7992695652174,Wheat,NA,NA,2466.73,NA,NA,888.0228,386.22353043478256
76,hart,HART_S10.1_P3123_R1,2023,1,193.5,190.25835,barley,NA,NA,4452.0,NA,NA,1385.4624,1001.7040499999998
77,hart,HART_S10.1_P3123_R1,2024,2,196.04325,203.29500000000002,Canola,Lentil,NA,40.43,501.3,NA,413.3964,14.058150000000012
78,hart,HART_S10.1_P3123_R1,2025,3,202.0,297.22318260869565,Wheat,NA,NA,2466.73,NA,NA,888.0228,388.7996173913043
79,hart,HART_S4.1_P2341_R3,2023,1,202.0,225.25835,wheat,NA,NA,3286.0,NA,NA,1182.96,755.70165
80,hart,HART_S4.1_P2341_R3,2024,2,210.5,254.733718125,Canola,NA,NA,112.17,0.0,NA,77.3973,-387.836418125
81,hart,HART_S4.1_P2341_R3,2025,3,193.5,209.5508,Barley,NA,NA,2415.56,NA,NA,751.722272,348.671472
82,hart,HART_S1.1_P3123_R1,2023,1,202.0,235.75834999999998,barley,NA,NA,3536.0,NA,NA,1100.4032,662.64485
83,hart,HART_S1.1_P3123_R1,2024,2,193.5,242.32440000000003,Lentil,NA,NA,696.52,0.0,NA,535.62388,99.79947999999996
84,hart,HART_S1.1_P3123_R1,2025,3,202.0,280.7484,Wheat,NA,NA,2292.73,NA,NA,825.3828,342.63439999999997
85,hart,HART_S7_P3412_R3,2023,1,202.0,246.75835,wheat,NA,NA,3275.0,NA,NA,1179.0,730.2416499999999
86,hart,HART_S7_P3412_R3,2024,2,202.0,214.90329390000002,Barley,NA,NA,1741.52,0.0,NA,541.961024,125.05773009999993
87,hart,HART_S7_P3412_R3,2025,3,204.5,365.5483,Lentil,NA,NA,1079.84,NA,NA,830.3969599999999,260.34865999999994
88,hart,HART_S7_P2341_R2,2023,1,204.5,209.9862,field pea,NA,NA,1582.0,NA,NA,724.556,310.06980000000004
89,hart,HART_S7_P2341_R2,2024,2,202.0,229.628198315,Wheat,NA,NA,1618.26,0.0,NA,582.5735999999999,150.94540168499995
90,hart,HART_S7_P2341_R2,2025,3,193.5,209.55079999999998,Barley,NA,NA,2466.73,NA,NA,767.6463759999999,364.59557599999994
91,hart,HART_S1.2_P2312_R1,2023,1,202.0,246.75835,wheat,NA,NA,3250.0,NA,NA,1170.0,721.2416499999999
92,hart,HART_S1.2_P2312_R1,2024,2,202.0,180.720449485,Barley,NA,NA,261.74,0.0,NA,81.453488,-301.266961485
93,hart,HART_S1.2_P2312_R1,2025,3,204.5,365.5483,Lentil,NA,NA,931.42,NA,NA,716.26198,146.21368
94,hart,HART_S4.2_P3412_R2,2023,1,213.0,236.5018,canola,NA,NA,573.0,NA,NA,395.37,-54.1318
95,hart,HART_S4.2_P3412_R2,2024,2,202.0,179.28229034,Barley,NA,NA,403.04,0.0,NA,125.426048,-255.85624234
96,hart,HART_S4.2_P3412_R2,2025,3,204.5,365.5483,Lentil,NA,NA,890.48,NA,NA,684.77912,114.73082000000005
97,hart,HART_S5_P0000_R2,2023,1,204.5,222.5193,lentil,NA,NA,1680.0,NA,NA,1291.92,864.9007000000001
98,hart,HART_S5_P0000_R2,2024,2,193.5,238.44439999999997,Chickpea,NA,NA,0.0,0.0,NA,0.0,-431.9444
99,hart,HART_S5_P0000_R2,2025,3,193.5,191.2908,Oats,NA,NA,2125.36,NA,NA,535.59072,150.79992000000004
100,hart,HART_S4.1_P1234_R3,2023,1,204.5,222.5193,lentil,NA,NA,1750.0,NA,NA,1345.75,918.7307000000001
101,hart,HART_S4.1_P1234_R3,2024,2,202.0,214.75948176,Wheat,NA,NA,2208.7,0.0,NA,795.132,378.37251824
102,hart,HART_S4.1_P1234_R3,2025,3,215.5,226.2658,Canola,NA,NA,0.0,NA,NA,0.0,-441.7658
103,hart,HART_S6_P2341_R1,2023,1,213.0,236.50179999999997,canola,NA,NA,500.0,NA,NA,345.0,-104.50179999999997
104,hart,HART_S6_P2341_R1,2024,2,202.0,189.60315159,Wheat,NA,NA,682.17,0.0,NA,245.5812,-146.02195159000001
105,hart,HART_S6_P2341_R1,2025,3,193.5,209.5508,Barley,NA,NA,2543.5,NA,NA,791.5372,388.4864
106,hart,HART_S1.3_P2312_R2,2023,1,202.0,259.75834999999995,wheat,NA,NA,2764.0,NA,NA,995.04,533.28165
107,hart,HART_S1.3_P2312_R2,2024,2,202.0,230.85440000000003,Barley,NA,NA,701.74,0.0,NA,218.381488,-214.47291200000004
108,hart,HART_S1.3_P2312_R2,2025,3,204.5,365.5483,Lentil,NA,NA,885.36,NA,NA,680.84184,110.79354000000006
109,hart,HART_S7_P3412_R2,2023,1,202.0,246.75834999999998,wheat,NA,NA,2820.0,NA,NA,1015.2,566.4416500000001
110,hart,HART_S7_P3412_R2,2024,2,202.0,214.90329390000002,Barley,NA,NA,731.52,0.0,NA,227.649024,-189.25426990000003
111,hart,HART_S7_P3412_R2,2025,3,204.5,365.5483,Lentil,NA,NA,921.19,NA,NA,708.39511,138.34681000000006
112,hart,HART_S4.1_P3412_R2,2023,1,213.0,215.0018,canola,NA,NA,537.0,NA,NA,370.53,-57.47180000000003
113,hart,HART_S4.1_P3412_R2,2024,2,202.0,204.75806106500002,Barley,NA,NA,371.96,0.0,NA,115.75395199999998,-291.004109065
114,hart,HART_S4.1_P3412_R2,2025,3,204.5,365.5483,Lentil,NA,NA,777.89,NA,NA,598.19741,28.149110000000007
115,hart,HART_S4.3_P1234_R3,2023,1,204.5,222.5193,lentil,NA,NA,1786.0,NA,NA,1373.434,946.4147
116,hart,HART_S4.3_P1234_R3,2024,2,202.0,255.72250499999998,Wheat,NA,NA,2382.17,0.0,NA,857.5812,399.858695
117,hart,HART_S4.3_P1234_R3,2025,3,215.5,226.2658,Canola,NA,NA,0.0,NA,NA,0.0,-441.7658
118,hart,HART_S4.3_P4123_R1,2023,1,202.0,258.75834999999995,barley,NA,NA,4350.0,NA,NA,1353.7199999999998,892.9616499999998
119,hart,HART_S4.3_P4123_R1,2024,2,193.5,242.32440000000003,Lentil,NA,NA,414.57,0.0,NA,318.80433,-117.02007000000003
120,hart,HART_S4.3_P4123_R1,2025,3,202.0,312.0972695652174,Wheat,NA,NA,3019.45,NA,NA,1087.002,572.9047304347826
121,hart,HART_S1.2_P3123_R3,2023,1,202.0,235.75835,barley,NA,NA,3997.0,NA,NA,1243.8664,806.10805
122,hart,HART_S1.2_P3123_R3,2024,2,193.5,242.32440000000003,Lentil,NA,NA,807.83,0.0,NA,621.22127,185.39686999999998
123,hart,HART_S1.2_P3123_R3,2025,3,202.0,296.07100869565215,Wheat,NA,NA,2574.21,NA,NA,926.7156,428.64459130434784
124,hart,HART_S9_P2341_R3,2023,1,213.0,236.5018,canola,NA,NA,624.0,NA,NA,430.56,-18.9418
125,hart,HART_S9_P2341_R3,2024,2,202.0,221.59511175000003,Wheat,NA,NA,780.65,0.0,NA,281.034,-142.56111175000004
126,hart,HART_S9_P2341_R3,2025,3,193.5,209.55079999999998,Barley,NA,NA,2753.33,NA,NA,856.836296,453.78549599999997
127,hart,HART_S9_P3412_R1,2023,1,202.0,246.75835,wheat,NA,NA,3280.0,NA,NA,1180.8,732.0416499999999
128,hart,HART_S9_P3412_R1,2024,2,202.0,220.68351425,Barley,NA,NA,401.09,0.0,NA,124.819208,-297.86430625
129,hart,HART_S9_P3412_R1,2025,3,215.5,226.94779999999997,Vetch,NA,NA,0.0,NA,NA,0.0,-442.4478
130,hart,HART_S4.3_P4123_R3,2023,1,202.0,258.75834999999995,barley,NA,NA,3833.0,NA,NA,1192.8295999999998,732.0712499999998
131,hart,HART_S4.3_P4123_R3,2024,2,193.5,242.32440000000003,Lentil,NA,NA,1221.96,0.0,NA,939.68724,503.86283999999995
132,hart,HART_S4.3_P4123_R3,2025,3,202.0,312.0972695652174,Wheat,NA,NA,3152.51,NA,NA,1134.9036,620.8063304347827
133,hart,HART_S3_P3412_R1,2023,1,204.5,222.5193,lentil,NA,NA,1607.0,NA,NA,1235.783,808.7637
134,hart,HART_S3_P3412_R1,2024,2,202.0,155.85440000000003,Barley,NA,NA,2572.83,0.0,NA,800.6646959999999,442.8102959999999
135,hart,HART_S3_P3412_R1,2025,3,204.5,365.5483,Lentil,NA,NA,1151.48,NA,NA,885.48812,315.43982
136,hart,HART_S10.1_P1231_R1,2023,1,235.225,227.7693,canola,lentil,NA,195.0,1034.0,NA,929.696,466.7017
137,hart,HART_S10.1_P1231_R1,2024,2,202.0,228.395073865,Wheat,NA,NA,1159.78,0.0,NA,417.5208,-12.874273864999992
138,hart,HART_S10.1_P1231_R1,2025,3,193.5,209.55079999999998,Barley,NA,NA,3004.09,NA,NA,934.872808,531.822008
139,hart,HART_S1.1_P2312_R1,2023,1,202.0,246.75834999999998,wheat,NA,NA,3327.0,NA,NA,1197.72,748.9616500000001
140,hart,HART_S1.1_P2312_R1,2024,2,202.0,205.85439999999997,Barley,NA,NA,681.74,0.0,NA,212.157488,-195.69691199999997
141,hart,HART_S1.1_P2312_R1,2025,3,204.5,365.5483,Lentil,NA,NA,1059.37,NA,NA,814.6555299999999,244.6072299999999
142,hart,HART_S1.2_P2312_R2,2023,1,202.0,246.75835,wheat,NA,NA,2871.0,NA,NA,1033.56,584.8016499999999
143,hart,HART_S1.2_P2312_R2,2024,2,202.0,180.720449485,Barley,NA,NA,509.57,0.0,NA,158.578184,-224.142265485
144,hart,HART_S1.2_P2312_R2,2025,3,204.5,365.5483,Lentil,NA,NA,859.77,NA,NA,661.16313,91.11483000000004
145,hart,HART_S5_P0000_R6,2023,1,204.5,222.5193,lentil,NA,NA,2062.0,NA,NA,1585.678,1158.6587000000002
146,hart,HART_S5_P0000_R6,2024,2,193.5,238.44439999999997,Chickpea,NA,NA,0.0,0.0,NA,0.0,-431.9444
147,hart,HART_S3_P1234_R2,2023,1,204.5,222.5193,lentil,NA,NA,1310.0,NA,NA,1007.39,580.3706999999999
148,hart,HART_S3_P1234_R2,2024,2,202.0,216.27188242000003,Wheat,NA,NA,1700.0,0.0,NA,612.0,193.72811757999997
149,hart,HART_S3_P1234_R2,2025,3,204.5,365.5483,Lentil,NA,NA,875.13,NA,NA,672.97497,102.92667
150,hart,HART_S1.2_P1231_R2,2023,1,204.5,222.5193,lentil,NA,NA,1608.0,NA,NA,1236.552,809.5327
151,hart,HART_S1.2_P1231_R2,2024,2,202.0,202.61067411000002,Wheat,NA,NA,2192.83,0.0,NA,789.4187999999999,384.8081258899999
152,hart,HART_S1.2_P1231_R2,2025,3,193.5,209.55079999999998,Barley,NA,NA,2589.56,NA,NA,805.8710719999999,402.82027199999993
153,hart,HART_S8_P1234_R3,2023,1,204.5,222.5193,lentil,NA,NA,1407.0,NA,NA,1081.983,654.9637
154,hart,HART_S8_P1234_R3,2024,2,202.0,214.29387340500003,Wheat,NA,NA,1884.35,0.0,NA,678.366,262.072126595
155,hart,HART_S8_P1234_R3,2025,3,193.5,209.55079999999998,Barley,NA,NA,2169.91,NA,NA,675.2759919999999,272.2251919999999
156,hart,HART_S10.2_P2312_R3,2023,1,202.0,218.75835,wheat,NA,NA,2881.0,NA,NA,1037.16,616.40165
157,hart,HART_S10.2_P2312_R3,2024,2,202.0,181.97245029500002,Barley,NA,NA,1719.78,0.0,NA,535.195536,151.22308570499993
158,hart,HART_S10.2_P2312_R3,2025,3,218.94575,191.50906086956522,Canola,Lentil,NA,53.67,624.16,NA,517.01134,106.55652913043482
159,hart,HART_S10.3_P1231_R2,2023,1,237.1,227.7693,canola,lentil,NA,198.0,1106.0,NA,987.134,522.2647
160,hart,HART_S10.3_P1231_R2,2024,2,202.0,232.17947586,Wheat,NA,NA,883.48,0.0,NA,318.0528,-116.12667586
161,hart,HART_S10.3_P1231_R2,2025,3,193.5,209.55079999999998,Barley,NA,NA,2359.26,NA,NA,734.201712,331.15091200000006
162,hart,HART_S3_P1234_R1,2023,1,204.5,222.5193,lentil,NA,NA,1515.0,NA,NA,1165.035,738.0157000000002
163,hart,HART_S3_P1234_R1,2024,2,202.0,216.27188242000003,Wheat,NA,NA,1806.52,0.0,NA,650.3471999999999,232.0753175799999
164,hart,HART_S3_P1234_R1,2025,3,204.5,365.5483,Lentil,NA,NA,885.36,NA,NA,680.84184,110.79354000000006
165,hart,HART_S4.2_P3412_R3,2023,1,213.0,236.5018,canola,NA,NA,307.0,NA,NA,211.83,-237.6718
166,hart,HART_S4.2_P3412_R3,2024,2,202.0,179.28229034,Barley,NA,NA,174.13,0.0,NA,54.18925599999999,-327.09303434000003
167,hart,HART_S4.2_P3412_R3,2025,3,204.5,365.5483,Lentil,NA,NA,895.6,NA,NA,688.7164,118.66810000000004
168,hart,HART_S3_P3412_R2,2023,1,204.5,222.5193,lentil,NA,NA,1561.0,NA,NA,1200.409,773.3897000000002
169,hart,HART_S3_P3412_R2,2024,2,202.0,155.85440000000003,Barley,NA,NA,2033.04,0.0,NA,632.6820479999999,274.82764799999984
170,hart,HART_S3_P3412_R2,2025,3,204.5,365.5483,Lentil,NA,NA,931.42,NA,NA,716.26198,146.21368
171,hart,HART_S2.3_P0000_R2,2023,1,202.0,285.75834999999995,wheat,NA,NA,3737.0,NA,NA,1345.32,857.56165
172,hart,HART_S2.3_P0000_R2,2024,2,202.0,182.76499213000002,Barley,NA,NA,743.5,0.0,NA,231.3772,-153.38779213000004
173,hart,HART_S2.3_P0000_R2,2025,3,204.5,365.5483,Lentil,NA,NA,951.89,NA,NA,732.00341,161.95511000000005
174,hart,HART_S5_P0000_R9,2023,1,204.5,222.5193,lentil,NA,NA,1211.0,NA,NA,931.259,504.2397
175,hart,HART_S5_P0000_R9,2024,2,193.5,238.44439999999997,Chickpea,NA,NA,0.0,0.0,NA,0.0,-431.9444
176,hart,HART_S4.2_P4123_R2,2023,1,202.0,235.75835,barley,NA,NA,3475.0,NA,NA,1081.4199999999998,643.6616499999998
177,hart,HART_S4.2_P4123_R2,2024,2,193.5,242.32439999999997,Lentil,NA,NA,717.61,0.0,NA,551.84209,116.01769000000002
178,hart,HART_S4.2_P4123_R2,2025,3,202.0,287.31013913043483,Wheat,NA,NA,2395.09,NA,NA,862.2324,372.92226086956515
179,hart,HART_S6_P1234_R2,2023,1,204.5,222.5193,lentil,NA,NA,1350.0,NA,NA,1038.15,611.1307000000002
180,hart,HART_S6_P1234_R2,2024,2,210.5,235.51599999999996,Canola,NA,NA,4.57,0.0,NA,3.1533,-442.86269999999996
181,hart,HART_S6_P1234_R2,2025,3,202.0,272.3210086956522,Wheat,NA,NA,1878.2,NA,NA,676.152,201.83099130434783
182,hart,HART_S6_P4123_R1,2023,1,202.0,235.75835,barley,NA,NA,4478.0,NA,NA,1393.5536,955.7952499999999
183,hart,HART_S6_P4123_R1,2024,2,193.5,242.32439999999997,Lentil,NA,NA,490.87,0.0,NA,377.47903,-58.345369999999946
184,hart,HART_S6_P4123_R1,2025,3,224.0,240.17406086956527,Canola,NA,NA,0.0,NA,NA,0.0,-464.17406086956527
185,hart,HART_S8_P1234_R2,2023,1,204.5,222.5193,lentil,NA,NA,1433.0,NA,NA,1101.977,674.9577000000002
186,hart,HART_S8_P1234_R2,2024,2,202.0,214.29387340500003,Wheat,NA,NA,2115.87,0.0,NA,761.7131999999999,345.4193265949999
187,hart,HART_S8_P1234_R2,2025,3,193.5,209.55079999999998,Barley,NA,NA,2456.5,NA,NA,764.4627999999999,361.4119999999999
188,hart,HART_S10.3_P2312_R3,2023,1,202.0,246.75835,wheat,NA,NA,3173.0,NA,NA,1142.28,693.5216499999999
189,hart,HART_S10.3_P2312_R3,2024,2,202.0,194.978155215,Barley,NA,NA,1013.48,0.0,NA,315.394976,-81.583179215
190,hart,HART_S10.3_P2312_R3,2025,3,209.43925000000002,187.1908,Canola,Lentil,NA,112.91,524.66,NA,481.37144,84.74139
191,hart,HART_S10.2_P2312_R2,2023,1,202.0,218.75835,wheat,NA,NA,2851.0,NA,NA,1026.36,605.6016499999998
192,hart,HART_S10.2_P2312_R2,2024,2,202.0,181.97245029500002,Barley,NA,NA,1115.22,0.0,NA,347.056464,-36.91598629500001
193,hart,HART_S10.2_P2312_R2,2025,3,214.95725,191.50906086956522,Canola,Lentil,NA,72.34,445.95,NA,392.85015,-13.61616086956522
194,hart,HART_S10.1_P2312_R3,2023,1,193.5,190.25834999999998,wheat,NA,NA,2636.0,NA,NA,948.96,565.2016500000001
195,hart,HART_S10.1_P2312_R3,2024,2,202.0,193.16680829999999,Barley,NA,NA,1103.91,0.0,NA,343.536792,-51.630016299999994
196,hart,HART_S10.1_P2312_R3,2025,3,206.0265,187.1908,Canola,Lentil,NA,50.21,450.85,NA,381.3485500000001,-11.868749999999892
197,hart,HART_S4.1_P1234_R1,2023,1,204.5,222.5193,lentil,NA,NA,1602.0,NA,NA,1231.938,804.9187000000002
198,hart,HART_S4.1_P1234_R1,2024,2,202.0,214.75948176,Wheat,NA,NA,1731.09,0.0,NA,623.1923999999999,206.4329182399999
199,hart,HART_S4.1_P1234_R1,2025,3,215.5,226.26579999999998,Canola,NA,NA,0.0,NA,NA,0.0,-441.7658
200,hart,HART_S10.3_P2312_R2,2023,1,202.0,246.75834999999998,wheat,NA,NA,2999.0,NA,NA,1079.64,630.8816500000001
201,hart,HART_S10.3_P2312_R2,2024,2,202.0,194.978155215,Barley,NA,NA,1590.22,0.0,NA,494.876464,97.89830878500001
202,hart,HART_S10.3_P2312_R2,2025,3,207.33775,187.1908,Canola,Lentil,NA,35.63,517.88,NA,422.83442,28.305870000000027
203,hart,HART_S4.1_P2341_R1,2023,1,202.0,225.25834999999998,wheat,NA,NA,2738.0,NA,NA,985.68,558.42165
204,hart,HART_S4.1_P2341_R1,2024,2,210.5,254.733718125,Canola,NA,NA,142.61,0.0,NA,98.4009,-366.832818125
205,hart,HART_S4.1_P2341_R1,2025,3,193.5,209.55079999999998,Barley,NA,NA,2589.56,NA,NA,805.8710719999999,402.82027199999993
206,hart,HART_S10.3_P3123_R1,2023,1,202.0,235.75835,barley,NA,NA,4319.0,NA,NA,1344.0728,906.3144499999999
207,hart,HART_S10.3_P3123_R1,2024,2,199.7065,247.12695128000001,Canola,Lentil,NA,0.0,348.26,NA,267.81194,-179.02151128000003
208,hart,HART_S10.3_P3123_R1,2025,3,193.5,240.74839999999998,Wheat,NA,NA,2308.09,NA,NA,830.9124,396.6640000000001
209,hart,HART_S8_P2341_R1,2023,1,202.0,246.75835,wheat,NA,NA,3255.0,NA,NA,1171.8,723.0416499999999
210,hart,HART_S8_P2341_R1,2024,2,202.0,198.84890383,Barley,NA,NA,1099.57,0.0,NA,342.186184,-58.662719829999986
211,hart,HART_S8_P2341_R1,2025,3,202.0,282.9405739130435,Wheat,NA,NA,2210.85,NA,NA,795.906,310.9654260869564
212,hart,HART_S4.1_P2341_R2,2023,1,202.0,225.25835,wheat,NA,NA,2687.0,NA,NA,967.32,540.0616500000001
213,hart,HART_S4.1_P2341_R2,2024,2,210.5,254.733718125,Canola,NA,NA,69.13,0.0,NA,47.69969999999999,-417.534018125
214,hart,HART_S4.1_P2341_R2,2025,3,193.5,209.55079999999998,Barley,NA,NA,2415.56,NA,NA,751.722272,348.671472
215,hart,HART_S4.1_P4123_R3,2023,1,202.0,209.25835,barley,NA,NA,3460.0,NA,NA,1076.752,665.4936499999999
216,hart,HART_S4.1_P4123_R3,2024,2,193.5,242.32439999999997,Lentil,NA,NA,663.26,0.0,NA,510.04694,74.22254000000004
217,hart,HART_S4.1_P4123_R3,2025,3,202.0,257.81674782608695,Wheat,NA,NA,2226.2,NA,NA,801.4319999999999,341.61525217391295
218,hart,HART_S2.3_P0000_R1,2023,1,202.0,285.75835,wheat,NA,NA,4428.0,NA,NA,1594.08,1106.3216499999999
219,hart,HART_S2.3_P0000_R1,2024,2,202.0,182.76499213000002,Barley,NA,NA,408.7,0.0,NA,127.18743999999998,-257.5775521300001
220,hart,HART_S2.3_P0000_R1,2025,3,204.5,365.5483,Lentil,NA,NA,1100.31,NA,NA,846.13839,276.09009
221,hart,HART_S7_P1234_R2,2023,1,204.5,222.5193,lentil,NA,NA,1443.0,NA,NA,1109.667,682.6477
222,hart,HART_S7_P1234_R2,2024,2,193.5,229.7944,Field pea,NA,NA,773.26,0.0,NA,354.15308,-69.14132000000001
223,hart,HART_S7_P1234_R2,2025,3,202.0,263.8644869565218,Wheat,NA,NA,2185.26,NA,NA,786.6936000000001,320.8291130434783
224,hart,HART_S3_P1234_R3,2023,1,204.5,222.5193,lentil,NA,NA,1730.0,NA,NA,1330.37,903.3507
225,hart,HART_S3_P1234_R3,2024,2,202.0,216.27188242000003,Wheat,NA,NA,1149.35,0.0,NA,413.766,-4.505882420000006
226,hart,HART_S3_P1234_R3,2025,3,204.5,365.5483,Lentil,NA,NA,1115.66,NA,NA,857.9425400000001,287.89424000000014
227,hart,HART_S5_P0000_R8,2023,1,204.5,222.5193,lentil,NA,NA,1258.0,NA,NA,967.402,540.3827000000001
228,hart,HART_S5_P0000_R8,2024,2,193.5,238.44439999999997,Chickpea,NA,NA,0.0,0.0,NA,0.0,-431.9444
229,hart,HART_S6_P3412_R1,2023,1,202.0,246.75835,wheat,NA,NA,3593.0,NA,NA,1293.48,844.72165
230,hart,HART_S6_P3412_R1,2024,2,202.0,171.85777473,Barley,NA,NA,870.43,0.0,NA,270.87781599999994,-102.97995873000005
231,hart,HART_S6_P3412_R1,2025,3,204.5,365.5483,Lentil,NA,NA,1243.6,NA,NA,956.3284,386.2801
232,hart,HART_S8_P3412_R3,2023,1,202.0,235.75835,barley,NA,NA,3982.0,NA,NA,1239.1984,801.4400499999999
233,hart,HART_S8_P3412_R3,2024,2,202.0,256.61117314999996,Wheat,NA,NA,1347.83,0.0,NA,485.21879999999993,26.607626849999974
234,hart,HART_S8_P3412_R3,2025,3,204.5,365.5483,Lentil,NA,NA,1166.84,NA,NA,897.2999599999999,327.25165999999996
235,hart,HART_S4.1_P4123_R2,2023,1,202.0,209.25835,barley,NA,NA,3209.0,NA,NA,998.6408,587.3824500000001
236,hart,HART_S4.1_P4123_R2,2024,2,193.5,242.32439999999997,Lentil,NA,NA,1022.39,0.0,NA,786.21791,350.39351
237,hart,HART_S4.1_P4123_R2,2025,3,202.0,257.81674782608695,Wheat,NA,NA,2389.97,NA,NA,860.3891999999998,400.5724521739129
238,hart,HART_S6_P4123_R3,2023,1,202.0,235.75835,barley,NA,NA,4053.0,NA,NA,1261.2936,823.5352499999999
239,hart,HART_S6_P4123_R3,2024,2,193.5,242.32440000000003,Lentil,NA,NA,590.43,0.0,NA,454.04067,18.216269999999952
240,hart,HART_S6_P4123_R3,2025,3,224.0,240.17406086956527,Canola,NA,NA,0.0,NA,NA,0.0,-464.17406086956527
241,hart,HART_S7_P4123_R3,2023,1,202.0,235.75835,barley,NA,NA,3792.0,NA,NA,1180.0703999999998,742.3120499999998
242,hart,HART_S7_P4123_R3,2024,2,193.5,242.32440000000003,Lentil,NA,NA,675.0,0.0,NA,519.075,83.25060000000002
243,hart,HART_S7_P4123_R3,2025,3,193.5,200.43579999999997,Field pea,NA,NA,1402.25,NA,NA,642.2305,248.29470000000003
244,hart,HART_S1.1_P2312_R3,2023,1,202.0,246.75835,wheat,NA,NA,2835.0,NA,NA,1020.6,571.8416500000001
245,hart,HART_S1.1_P2312_R3,2024,2,202.0,205.85440000000003,Barley,NA,NA,710.0,0.0,NA,220.952,-186.90240000000003
246,hart,HART_S1.1_P2312_R3,2025,3,204.5,365.5483,Lentil,NA,NA,931.42,NA,NA,716.26198,146.21368
247,hart,HART_S1.2_P3123_R2,2023,1,202.0,235.75835,barley,NA,NA,3373.0,NA,NA,1049.6776,611.9192499999999
248,hart,HART_S1.2_P3123_R2,2024,2,193.5,242.32440000000003,Lentil,NA,NA,590.43,0.0,NA,454.04067,18.216269999999952
249,hart,HART_S1.2_P3123_R2,2025,3,202.0,296.07100869565215,Wheat,NA,NA,2328.56,NA,NA,838.2815999999999,340.21059130434776
250,hart,HART_S6_P3412_R2,2023,1,202.0,246.75835,wheat,NA,NA,2979.0,NA,NA,1072.44,623.68165
251,hart,HART_S6_P3412_R2,2024,2,202.0,171.85777473,Barley,NA,NA,1000.43,0.0,NA,311.333816,-62.523958729999976
252,hart,HART_S6_P3412_R2,2025,3,204.5,365.5483,Lentil,NA,NA,992.84,NA,NA,763.49396,193.44566000000003
253,hart,HART_S9_P2341_R2,2023,1,213.0,236.50179999999997,canola,NA,NA,466.0,NA,NA,321.54,-127.96179999999995
254,hart,HART_S9_P2341_R2,2024,2,202.0,221.59511175000003,Wheat,NA,NA,654.35,0.0,NA,235.566,-188.02911175000003
255,hart,HART_S9_P2341_R2,2025,3,193.5,209.55079999999998,Barley,NA,NA,2318.32,NA,NA,721.461184,318.410384
256,hart,HART_S10.1_P3123_R2,2023,1,193.5,190.25835,barley,NA,NA,3506.0,NA,NA,1091.0672,707.3088499999999
257,hart,HART_S10.1_P3123_R2,2024,2,199.3425,203.29500000000002,Canola,Lentil,NA,128.48,545.22,NA,507.92538,105.28788000000003
258,hart,HART_S10.1_P3123_R2,2025,3,202.0,297.22318260869565,Wheat,NA,NA,2400.2,NA,NA,864.0719999999999,364.84881739130424
259,hart,HART_S4.2_P3412_R1,2023,1,213.0,236.50180000000003,canola,NA,NA,875.0,NA,NA,603.75,154.24819999999997
260,hart,HART_S4.2_P3412_R1,2024,2,202.0,179.28229034,Barley,NA,NA,171.3,0.0,NA,53.30856,-327.97373034
261,hart,HART_S4.2_P3412_R1,2025,3,204.5,365.5483,Lentil,NA,NA,1166.84,NA,NA,897.2999599999999,327.25165999999996
262,hart,HART_S3_P2341_R3,2023,1,202.0,246.75835,wheat,NA,NA,3173.0,NA,NA,1142.28,693.5216499999999
263,hart,HART_S3_P2341_R3,2024,2,193.5,242.32440000000003,Lentil,NA,NA,969.57,0.0,NA,745.59933,309.77493
264,hart,HART_S3_P2341_R3,2025,3,202.0,227.015147826087,Barley,NA,NA,2702.15,NA,NA,840.90908,411.893932173913
265,hart,HART_S2.3_P0000_R3,2023,1,202.0,285.75835,wheat,NA,NA,3706.0,NA,NA,1334.16,846.40165
266,hart,HART_S2.3_P0000_R3,2024,2,202.0,182.76499213000002,Barley,NA,NA,1208.7,0.0,NA,376.14744,-8.617552130000007
267,hart,HART_S2.3_P0000_R3,2025,3,204.5,365.5483,Lentil,NA,NA,972.36,NA,NA,747.7448400000001,177.69654000000008
268,hart,HART_S8_P4123_R3,2023,1,202.0,246.75835,wheat,NA,NA,3485.0,NA,NA,1254.6,805.8416499999998
269,hart,HART_S8_P4123_R3,2024,2,193.5,242.32440000000003,Lentil,NA,NA,686.74,0.0,NA,528.10306,92.27866
270,hart,HART_S8_P4123_R3,2025,3,202.0,277.83767536231886,Wheat,NA,NA,2553.74,NA,NA,919.3464,439.50872463768115
271,hart,HART_S1.1_P1231_R1,2023,1,204.5,222.5193,lentil,NA,NA,1938.0,NA,NA,1490.322,1063.3027
272,hart,HART_S1.1_P1231_R1,2024,2,202.0,223.052,Wheat,NA,NA,1338.04,0.0,NA,481.6944,56.64239999999998
273,hart,HART_S1.1_P1231_R1,2025,3,202.0,259.5508,Barley,NA,NA,3239.51,NA,NA,1008.135512,546.584712
274,hart,HART_S10.3_P3123_R3,2023,1,202.0,235.75834999999998,barley,NA,NA,3270.0,NA,NA,1017.624,579.8656500000001
275,hart,HART_S10.3_P3123_R3,2024,2,207.625,247.12695128000001,Canola,Lentil,NA,34.35,630.65,NA,508.67135,53.919398720000004
276,hart,HART_S10.3_P3123_R3,2025,3,193.5,240.74839999999998,Wheat,NA,NA,1965.2,NA,NA,707.472,273.22360000000003
277,hart,HART_S1.2_P1231_R3,2023,1,204.5,222.5193,lentil,NA,NA,1665.0,NA,NA,1280.385,853.3657000000001
278,hart,HART_S1.2_P1231_R3,2024,2,202.0,202.61067411000002,Wheat,NA,NA,1543.04,0.0,NA,555.4943999999999,150.8837258899999
279,hart,HART_S1.2_P1231_R3,2025,3,193.5,209.55079999999998,Barley,NA,NA,2328.56,NA,NA,724.6478719999999,321.5970719999999
280,hart,HART_S10.3_P1231_R3,2023,1,241.0,227.7693,canola,lentil,NA,358.0,1102.0,NA,1094.458,625.6887000000002
281,hart,HART_S10.3_P1231_R3,2024,2,202.0,232.17947586,Wheat,NA,NA,1115.43,0.0,NA,401.5548,-32.624675859999996
282,hart,HART_S10.3_P1231_R3,2025,3,193.5,209.55079999999998,Barley,NA,NA,3111.57,NA,NA,968.320584,565.2697840000001
283,hart,HART_S8_P3412_R1,2023,1,202.0,235.75835,barley,NA,NA,3547.0,NA,NA,1103.8264,666.0680499999999
284,hart,HART_S8_P3412_R1,2024,2,202.0,256.61117314999996,Wheat,NA,NA,1706.3,0.0,NA,614.2679999999999,155.65682684999996
285,hart,HART_S8_P3412_R1,2025,3,204.5,365.5483,Lentil,NA,NA,1018.42,NA,NA,783.16498,213.11668000000003
286,hart,HART_S1.3_P3123_R3,2023,1,202.0,258.75835,barley,NA,NA,4176.0,NA,NA,1299.5712,838.81285
287,hart,HART_S1.3_P3123_R3,2024,2,193.5,242.32440000000003,Lentil,NA,NA,557.17,0.0,NA,428.46373,-7.360670000000027
288,hart,HART_S1.3_P3123_R3,2025,3,202.0,300.7484,Wheat,NA,NA,2876.15,NA,NA,1035.414,532.6656
289,hart,HART_S1.1_P3123_R2,2023,1,202.0,235.75834999999998,barley,NA,NA,3664.0,NA,NA,1140.2368,702.47845
290,hart,HART_S1.1_P3123_R2,2024,2,193.5,242.32440000000003,Lentil,NA,NA,0.0,0.0,NA,0.0,-435.8244
291,hart,HART_S1.1_P3123_R2,2025,3,202.0,280.7484,Wheat,NA,NA,2563.97,NA,NA,923.0292,440.28079999999994
292,hart,HART_S1.3_P1231_R3,2023,1,204.5,222.5193,lentil,NA,NA,1247.0,NA,NA,958.943,531.9237
293,hart,HART_S1.3_P1231_R3,2024,2,202.0,243.052,Wheat,NA,NA,1604.57,0.0,NA,577.6451999999999,132.59319999999994
294,hart,HART_S1.3_P1231_R3,2025,3,202.0,284.5508,Barley,NA,NA,2374.62,NA,NA,738.9817439999999,252.43094399999995
295,hart,HART_S1.3_P2312_R3,2023,1,202.0,259.75835,wheat,NA,NA,3112.0,NA,NA,1120.32,658.5616499999999
296,hart,HART_S1.3_P2312_R3,2024,2,202.0,230.85440000000003,Barley,NA,NA,1211.96,0.0,NA,377.161952,-55.69244800000004
297,hart,HART_S1.3_P2312_R3,2025,3,204.5,365.5483,Lentil,NA,NA,1284.54,NA,NA,987.81126,417.76295999999996
298,hart,HART_S7_P3412_R1,2023,1,202.0,246.75835,wheat,NA,NA,3787.0,NA,NA,1363.32,914.5616499999999
299,hart,HART_S7_P3412_R1,2024,2,202.0,214.90329390000002,Barley,NA,NA,244.35,0.0,NA,76.04172,-340.86157390000005
300,hart,HART_S7_P3412_R1,2025,3,204.5,365.5483,Lentil,NA,NA,1069.6,NA,NA,822.5224,252.47409999999996
301,hart,HART_S2.1_P0000_R3,2023,1,202.0,238.25835,wheat,NA,NA,4340.0,NA,NA,1562.4,1122.14165
302,hart,HART_S2.1_P0000_R3,2024,2,202.0,183.213910535,Barley,NA,NA,1615.2,0.0,NA,502.65024,117.436329465
303,hart,HART_S2.1_P0000_R3,2025,3,204.5,365.5483,Lentil,NA,NA,1013.31,NA,NA,779.2353899999999,209.18708999999996
304,hart,HART_S4.1_P3412_R1,2023,1,213.0,215.0018,canola,NA,NA,1049.0,NA,NA,723.81,295.80819999999994
305,hart,HART_S4.1_P3412_R1,2024,2,202.0,204.75806106500002,Barley,NA,NA,13.7,0.0,NA,4.263439999999999,-402.49462106500005
306,hart,HART_S4.1_P3412_R1,2025,3,204.5,365.5483,Lentil,NA,NA,649.95,NA,NA,499.81155000000007,-70.23674999999992
307,hart,HART_S4.3_P3412_R3,2023,1,213.0,249.50179999999997,canola,NA,NA,563.0,NA,NA,388.47,-74.03179999999995
308,hart,HART_S4.3_P3412_R3,2024,2,202.0,205.27791397000001,Barley,NA,NA,320.87,0.0,NA,99.854744,-307.42316997
309,hart,HART_S4.3_P3412_R3,2025,3,204.5,365.5483,Lentil,NA,NA,849.54,NA,NA,653.29626,83.24795999999998
310,hart,HART_S4.1_P3412_R3,2023,1,213.0,215.00179999999997,canola,NA,NA,701.0,NA,NA,483.69,55.68820000000002
311,hart,HART_S4.1_P3412_R3,2024,2,202.0,204.75806106500002,Barley,NA,NA,538.04,0.0,NA,167.43804799999998,-239.32001306500004
312,hart,HART_S4.1_P3412_R3,2025,3,204.5,365.5483,Lentil,NA,NA,910.95,NA,NA,700.5205500000001,130.4722500000001
313,hart,HART_S4.3_P4123_R2,2023,1,202.0,258.75835,barley,NA,NA,3373.0,NA,NA,1049.6776,588.9192499999999
314,hart,HART_S4.3_P4123_R2,2024,2,193.5,242.32440000000003,Lentil,NA,NA,794.35,0.0,NA,610.85515,175.03074999999995
315,hart,HART_S4.3_P4123_R2,2025,3,202.0,312.0972695652174,Wheat,NA,NA,2369.5,NA,NA,853.02,338.9227304347826
316,hart,HART_S10.1_P1231_R2,2023,1,243.875,227.7693,canola,lentil,NA,232.0,1343.0,NA,1192.847,721.2027
317,hart,HART_S10.1_P1231_R2,2024,2,202.0,228.395073865,Wheat,NA,NA,960.65,0.0,NA,345.834,-84.561073865
318,hart,HART_S10.1_P1231_R2,2025,3,193.5,209.5508,Barley,NA,NA,2686.8,NA,NA,836.13216,433.08136
319,hart,HART_S6_P3412_R3,2023,1,202.0,246.75835,wheat,NA,NA,2584.0,NA,NA,930.24,481.48165
320,hart,HART_S6_P3412_R3,2024,2,202.0,171.85777473,Barley,NA,NA,1770.87,0.0,NA,551.0947439999999,177.2369692699999
321,hart,HART_S6_P3412_R3,2025,3,204.5,365.5483,Lentil,NA,NA,864.89,NA,NA,665.10041,95.05211000000003
322,hart,HART_S9_P1234_R2,2023,1,204.5,235.93619999999999,vetch,NA,NA,0.0,NA,NA,0.0,-440.4362
323,hart,HART_S9_P1234_R2,2024,2,210.5,235.51600000000002,Canola,NA,NA,164.13,0.0,NA,113.2497,-332.7663
324,hart,HART_S9_P1234_R2,2025,3,193.5,240.74839999999998,Wheat,NA,NA,1990.79,NA,NA,716.6844,282.43600000000004
325,hart,HART_S9_P3412_R3,2023,1,202.0,246.75835,wheat,NA,NA,3055.0,NA,NA,1099.8,651.0416499999999
326,hart,HART_S9_P3412_R3,2024,2,202.0,220.68351425,Barley,NA,NA,1084.13,0.0,NA,337.381256,-85.30225825
327,hart,HART_S9_P3412_R3,2025,3,215.5,226.94779999999997,Vetch,NA,NA,0.0,NA,NA,0.0,-442.4478
328,hart,HART_S6_P1234_R1,2023,1,204.5,222.5193,lentil,NA,NA,1428.0,NA,NA,1098.132,671.1127000000001
329,hart,HART_S6_P1234_R1,2024,2,210.5,235.51599999999996,Canola,NA,NA,560.0,0.0,NA,386.4,-59.615999999999985
330,hart,HART_S6_P1234_R1,2025,3,202.0,272.3210086956522,Wheat,NA,NA,2333.67,NA,NA,840.1212,365.80019130434783
331,hart,HART_S9_P1234_R1,2023,1,204.5,235.9362,vetch,NA,NA,0.0,NA,NA,0.0,-440.4362
332,hart,HART_S9_P1234_R1,2024,2,210.5,235.51599999999996,Canola,NA,NA,780.22,0.0,NA,538.3518,92.33580000000006
333,hart,HART_S9_P1234_R1,2025,3,193.5,240.74839999999998,Wheat,NA,NA,2006.14,NA,NA,722.2104,287.9620000000001
334,hart,HART_S7_P1234_R3,2023,1,204.5,222.5193,lentil,NA,NA,1752.0,NA,NA,1347.288,920.2687000000001
335,hart,HART_S7_P1234_R3,2024,2,193.5,229.7944,Field pea,NA,NA,949.35,0.0,NA,434.8023,11.507900000000006
336,hart,HART_S7_P1234_R3,2025,3,202.0,263.8644869565218,Wheat,NA,NA,2538.38,NA,NA,913.8168,447.95231304347817
337,hart,HART_S1.2_P2312_R3,2023,1,202.0,246.75835,wheat,NA,NA,3132.0,NA,NA,1127.52,678.7616499999999
338,hart,HART_S1.2_P2312_R3,2024,2,202.0,180.720449485,Barley,NA,NA,726.96,0.0,NA,226.229952,-156.490497485
339,hart,HART_S1.2_P2312_R3,2025,3,204.5,365.5483,Lentil,NA,NA,1003.07,NA,NA,771.3608300000001,201.3125300000001
340,hart,HART_S7_P4123_R2,2023,1,202.0,235.75834999999998,barley,NA,NA,3234.0,NA,NA,1006.4208,568.66245
341,hart,HART_S7_P4123_R2,2024,2,193.5,242.32439999999997,Lentil,NA,NA,776.09,0.0,NA,596.81321,160.98881000000006
342,hart,HART_S7_P4123_R2,2025,3,193.5,200.43579999999997,Field pea,NA,NA,1197.54,NA,NA,548.4733200000001,154.5375200000001
343,hart,HART_S6_P2341_R3,2023,1,213.0,236.50180000000003,canola,NA,NA,624.0,NA,NA,430.56,-18.94180000000003
344,hart,HART_S6_P2341_R3,2024,2,202.0,189.60315159,Wheat,NA,NA,1046.96,0.0,NA,376.9056,-14.697551590000018
345,hart,HART_S6_P2341_R3,2025,3,193.5,209.55079999999998,Barley,NA,NA,2881.27,NA,NA,896.651224,493.600424
346,hart,HART_S3_P3412_R3,2023,1,204.5,222.5193,lentil,NA,NA,1356.0,NA,NA,1042.764,615.7447
347,hart,HART_S3_P3412_R3,2024,2,202.0,155.85440000000003,Barley,NA,NA,1936.09,0.0,NA,602.5112079999999,244.65680799999987
348,hart,HART_S3_P3412_R3,2025,3,204.5,365.5483,Lentil,NA,NA,885.36,NA,NA,680.84184,110.79354000000006
349,hart,HART_S4.2_P2341_R1,2023,1,202.0,246.75834999999998,wheat,NA,NA,2518.0,NA,NA,906.48,457.72165000000007
350,hart,HART_S4.2_P2341_R1,2024,2,210.5,237.424870683,Canola,NA,NA,194.35,0.0,NA,134.1015,-313.823370683
351,hart,HART_S4.2_P2341_R1,2025,3,202.0,239.09123478260872,Barley,NA,NA,2686.8,NA,NA,836.13216,395.0409252173913
352,hart,HART_S1.3_P3123_R1,2023,1,202.0,258.75834999999995,barley,NA,NA,3644.0,NA,NA,1134.0128,673.25445
353,hart,HART_S1.3_P3123_R1,2024,2,193.5,242.32439999999997,Lentil,NA,NA,674.57,0.0,NA,518.7443300000001,82.91993000000014
354,hart,HART_S1.3_P3123_R1,2025,3,202.0,300.7484,Wheat,NA,NA,2420.68,NA,NA,871.4447999999999,368.69639999999987
355,hart,HART_S10.1_P2312_R1,2023,1,193.5,190.25835,wheat,NA,NA,2600.0,NA,NA,936.0,552.2416499999999
356,hart,HART_S10.1_P2312_R1,2024,2,202.0,193.16680829999999,Barley,NA,NA,1591.09,0.0,NA,495.1472079999999,99.98039969999994
357,hart,HART_S10.1_P2312_R1,2025,3,207.3555,187.1908,Canola,Lentil,NA,58.41,495.81,NA,421.58079,27.034489999999977
358,hart,HART_S1.3_P3123_R2,2023,1,202.0,258.75835,barley,NA,NA,3153.0,NA,NA,981.2136,520.45525
359,hart,HART_S1.3_P3123_R2,2024,2,193.5,242.32439999999997,Lentil,NA,NA,679.35,0.0,NA,522.42015,86.59575000000007
360,hart,HART_S1.3_P3123_R2,2025,3,202.0,300.7484,Wheat,NA,NA,2302.97,NA,NA,829.0691999999999,326.3207999999999
361,hart,HART_S1.3_P2312_R1,2023,1,202.0,259.75835,wheat,NA,NA,3480.0,NA,NA,1252.8,791.0416499999999
362,hart,HART_S1.3_P2312_R1,2024,2,202.0,230.85439999999997,Barley,NA,NA,135.0,0.0,NA,42.01199999999999,-390.8424
363,hart,HART_S1.3_P2312_R1,2025,3,204.5,365.5483,Lentil,NA,NA,854.66,NA,NA,657.23354,87.18523999999996
364,hart,HART_S10.2_P3123_R2,2023,1,202.0,213.25835,barley,NA,NA,3347.0,NA,NA,1041.5864,626.3280499999998
365,hart,HART_S10.2_P3123_R2,2024,2,205.2825,226.42584116999998,Canola,Lentil,NA,92.39,478.91,NA,432.03089,0.32254883000001655
366,hart,HART_S10.2_P3123_R2,2025,3,202.0,299.7992695652174,Wheat,NA,NA,2210.85,NA,NA,795.906,294.10673043478255
367,hart,HART_S3_P4123_R2,2023,1,202.0,235.75834999999998,barley,NA,NA,3306.0,NA,NA,1028.8272,591.06885
368,hart,HART_S3_P4123_R2,2024,2,193.5,242.32440000000003,Lentil,NA,NA,932.17,0.0,NA,716.8387299999999,281.0143299999999
369,hart,HART_S3_P4123_R2,2025,3,202.0,258.12535652173915,Wheat,NA,NA,2400.2,NA,NA,864.0719999999999,403.94664347826074
370,hart,HART_S9_P4123_R1,2023,1,202.0,235.75835,barley,NA,NA,3700.0,NA,NA,1151.4399999999998,713.6816499999998
371,hart,HART_S9_P4123_R1,2024,2,182.5,139.03,Vetch,NA,NA,0.0,0.0,NA,0.0,-321.53
372,hart,HART_S9_P4123_R1,2025,3,215.5,226.26579999999998,Canola,NA,NA,0.0,NA,NA,0.0,-441.7658
373,hart,HART_S1.1_P3123_R3,2023,1,202.0,235.75834999999998,barley,NA,NA,3603.0,NA,NA,1121.2536,683.49525
374,hart,HART_S1.1_P3123_R3,2024,2,193.5,242.32440000000003,Lentil,NA,NA,674.13,0.0,NA,518.40597,82.58157
375,hart,HART_S1.1_P3123_R3,2025,3,202.0,280.7484,Wheat,NA,NA,2758.44,NA,NA,993.0384,510.29
376,hart,HART_S4.2_P2341_R3,2023,1,202.0,246.75835,wheat,NA,NA,3480.0,NA,NA,1252.8,804.0416499999999
377,hart,HART_S4.2_P2341_R3,2024,2,210.5,237.424870683,Canola,NA,NA,384.78,0.0,NA,265.49819999999994,-182.42667068300005
378,hart,HART_S4.2_P2341_R3,2025,3,202.0,239.09123478260872,Barley,NA,NA,2666.33,NA,NA,829.7618959999999,388.67066121739117
379,hart,HART_S2.1_P0000_R2,2023,1,202.0,238.25835,wheat,NA,NA,3129.0,NA,NA,1126.44,686.18165
380,hart,HART_S2.1_P0000_R2,2024,2,202.0,183.213910535,Barley,NA,NA,2060.9,0.0,NA,641.35208,256.13816946500003
381,hart,HART_S2.1_P0000_R2,2025,3,204.5,365.5483,Lentil,NA,NA,767.66,NA,NA,590.33054,20.28224000000006
382,hart,HART_S8_P4123_R2,2023,1,202.0,246.75835,wheat,NA,NA,2723.0,NA,NA,980.28,531.5216499999999
383,hart,HART_S8_P4123_R2,2024,2,193.5,242.32440000000003,Lentil,NA,NA,677.39,0.0,NA,520.91291,85.08850999999999
384,hart,HART_S8_P4123_R2,2025,3,202.0,277.83767536231886,Wheat,NA,NA,2246.67,NA,NA,808.8012,328.96352463768113
385,hart,HART_S8_P2341_R3,2023,1,202.0,246.75834999999998,wheat,NA,NA,3419.0,NA,NA,1230.84,782.08165
386,hart,HART_S8_P2341_R3,2024,2,202.0,198.84890383,Barley,NA,NA,0.0,0.0,NA,0.0,-400.84890383000004
387,hart,HART_S8_P2341_R3,2025,3,202.0,282.9405739130435,Wheat,NA,NA,2001.02,NA,NA,720.3671999999999,235.4266260869564
388,hart,HART_S9_P1234_R3,2023,1,204.5,235.93619999999999,vetch,NA,NA,0.0,NA,NA,0.0,-440.4362
389,hart,HART_S9_P1234_R3,2024,2,210.5,235.51599999999996,Canola,NA,NA,336.52,0.0,NA,232.1988,-213.81719999999996
390,hart,HART_S9_P1234_R3,2025,3,193.5,240.7484,Wheat,NA,NA,2175.03,NA,NA,783.0108,348.7624
391,hart,HART_S6_P4123_R2,2023,1,202.0,235.75835,barley,NA,NA,3634.0,NA,NA,1130.9008,693.1424499999998
392,hart,HART_S6_P4123_R2,2024,2,193.5,242.32440000000003,Lentil,NA,NA,798.91,0.0,NA,614.36179,178.53739000000002
393,hart,HART_S6_P4123_R2,2025,3,224.0,240.17406086956527,Canola,NA,NA,0.0,NA,NA,0.0,-464.17406086956527
394,hart,HART_S4.2_P1234_R1,2023,1,204.5,222.5193,lentil,NA,NA,1832.0,NA,NA,1408.808,981.7887000000001
395,hart,HART_S4.2_P1234_R1,2024,2,202.0,223.82467649999998,Wheat,NA,NA,896.96,0.0,NA,322.9056,-102.91907649999999
396,hart,HART_S4.2_P1234_R1,2025,3,215.5,226.26579999999998,Canola,NA,NA,0.0,NA,NA,0.0,-441.7658
397,hart,HART_S3_P2341_R1,2023,1,202.0,246.75834999999998,wheat,NA,NA,3117.0,NA,NA,1122.12,673.3616499999999
398,hart,HART_S3_P2341_R1,2024,2,193.5,242.32440000000003,Lentil,NA,NA,724.13,0.0,NA,556.85597,121.03156999999993
399,hart,HART_S3_P2341_R1,2025,3,202.0,227.01514782608697,Barley,NA,NA,3167.86,NA,NA,985.838032,556.822884173913
400,hart,HART_S1.3_P1231_R1,2023,1,204.5,222.5193,lentil,NA,NA,1536.0,NA,NA,1181.184,754.1647
401,hart,HART_S1.3_P1231_R1,2024,2,202.0,243.052,Wheat,NA,NA,226.52,0.0,NA,81.5472,-363.5048
402,hart,HART_S1.3_P1231_R1,2025,3,202.0,284.5508,Barley,NA,NA,1765.61,NA,NA,549.4578319999999,62.90703199999996
403,hart,HART_S3_P4123_R1,2023,1,202.0,235.75835,barley,NA,NA,3449.0,NA,NA,1073.3288,635.5704499999999
404,hart,HART_S3_P4123_R1,2024,2,193.5,242.32440000000003,Lentil,NA,NA,645.65,0.0,NA,496.50485,60.68044999999995
405,hart,HART_S3_P4123_R1,2025,3,202.0,258.12535652173915,Wheat,NA,NA,2676.56,NA,NA,963.5616,503.43624347826085
406,hart,HART_S9_P3412_R2,2023,1,202.0,246.75835,wheat,NA,NA,2446.0,NA,NA,880.56,431.80164999999994
407,hart,HART_S9_P3412_R2,2024,2,202.0,220.68351425,Barley,NA,NA,1358.91,0.0,NA,422.892792,0.20927774999998405
408,hart,HART_S9_P3412_R2,2025,3,215.5,226.94779999999997,Vetch,NA,NA,0.0,NA,NA,0.0,-442.4478
409,hart,HART_S1.2_P1231_R1,2023,1,204.5,222.5193,lentil,NA,NA,1237.0,NA,NA,951.253,524.2337
410,hart,HART_S1.2_P1231_R1,2024,2,202.0,202.61067411000002,Wheat,NA,NA,2089.35,0.0,NA,752.1659999999999,347.55532588999995
411,hart,HART_S1.2_P1231_R1,2025,3,193.5,209.55079999999998,Barley,NA,NA,2645.85,NA,NA,823.3885199999999,420.3377199999999
412,hart,HART_S5_P0000_R1,2023,1,204.5,222.5193,lentil,NA,NA,1835.0,NA,NA,1411.115,984.0957000000001
413,hart,HART_S5_P0000_R1,2024,2,193.5,238.44439999999997,Chickpea,NA,NA,0.0,0.0,NA,0.0,-431.9444
414,hart,HART_S5_P0000_R1,2025,3,193.5,191.2908,Oats,NA,NA,2239.49,NA,NA,564.3514799999999,179.56067999999993
415,hart,HART_S4.3_P2341_R1,2023,1,202.0,259.75835,wheat,NA,NA,2605.0,NA,NA,937.8,476.04164999999995
416,hart,HART_S4.3_P2341_R1,2024,2,210.5,274.07172099999997,Canola,NA,NA,388.48,0.0,NA,268.0512,-216.52052099999997
417,hart,HART_S4.3_P2341_R1,2025,3,193.5,209.55079999999998,Barley,NA,NA,2589.56,NA,NA,805.8710719999999,402.82027199999993
418,hart,HART_S5_P0000_R7,2023,1,204.5,222.5193,lentil,NA,NA,1758.0,NA,NA,1351.902,924.8827000000001
419,hart,HART_S5_P0000_R7,2024,2,193.5,238.44439999999997,Chickpea,NA,NA,0.0,0.0,NA,0.0,-431.9444
420,hart,HART_S4.3_P1234_R1,2023,1,204.5,222.5193,lentil,NA,NA,1218.0,NA,NA,936.642,509.62270000000007
421,hart,HART_S4.3_P1234_R1,2024,2,202.0,255.72250499999998,Wheat,NA,NA,1730.43,0.0,NA,622.9548,165.232295
422,hart,HART_S4.3_P1234_R1,2025,3,215.5,226.26579999999998,Canola,NA,NA,0.0,NA,NA,0.0,-441.7658
423,hart,HART_S4.3_P3412_R2,2023,1,213.0,249.5018,canola,NA,NA,670.0,NA,NA,462.3,-0.20179999999999154
424,hart,HART_S4.3_P3412_R2,2024,2,202.0,205.27791397000001,Barley,NA,NA,267.39,0.0,NA,83.21176799999999,-324.06614597000004
425,hart,HART_S4.3_P3412_R2,2025,3,204.5,365.5483,Lentil,NA,NA,767.66,NA,NA,590.33054,20.28224000000006
426,hart,HART_S4.2_P2341_R2,2023,1,202.0,246.75835,wheat,NA,NA,2369.0,NA,NA,852.8399999999999,404.0816499999999
427,hart,HART_S4.2_P2341_R2,2024,2,210.5,237.424870683,Canola,NA,NA,75.22,0.0,NA,51.9018,-396.023070683
428,hart,HART_S4.2_P2341_R2,2025,3,202.0,239.09123478260875,Barley,NA,NA,2461.62,NA,NA,766.0561439999999,324.96490921739115
429,hart,HART_S4.3_P1234_R2,2023,1,204.5,222.5193,lentil,NA,NA,1771.0,NA,NA,1361.899,934.8797
430,hart,HART_S4.3_P1234_R2,2024,2,202.0,255.72250499999998,Wheat,NA,NA,1785.87,0.0,NA,642.9132,185.19069499999998
431,hart,HART_S4.3_P1234_R2,2025,3,215.5,226.26579999999998,Canola,NA,NA,0.0,NA,NA,0.0,-441.7658
432,hart,HART_S4.3_P2341_R2,2023,1,202.0,259.75834999999995,wheat,NA,NA,2605.0,NA,NA,937.8,476.04165
433,hart,HART_S4.3_P2341_R2,2024,2,210.5,274.071721,Canola,NA,NA,23.91,0.0,NA,16.497899999999998,-468.07382100000007
434,hart,HART_S4.3_P2341_R2,2025,3,193.5,209.55079999999998,Barley,NA,NA,2384.85,NA,NA,742.16532,339.11451999999997
435,hart,HART_S3_P2341_R2,2023,1,202.0,246.75834999999998,wheat,NA,NA,2702.0,NA,NA,972.72,523.9616500000001
436,hart,HART_S3_P2341_R2,2024,2,193.5,242.32439999999997,Lentil,NA,NA,621.52,0.0,NA,477.94888,42.124480000000005
437,hart,HART_S3_P2341_R2,2025,3,202.0,227.015147826087,Barley,NA,NA,2773.8,NA,NA,863.20656,434.19141217391297
438,hart,HART_S1.1_P1231_R3,2023,1,204.5,222.5193,lentil,NA,NA,1562.0,NA,NA,1201.178,774.1587000000002
439,hart,HART_S1.1_P1231_R3,2024,2,202.0,223.052,Wheat,NA,NA,1487.39,0.0,NA,535.4604,110.40840000000006
440,hart,HART_S1.1_P1231_R3,2025,3,202.0,259.5508,Barley,NA,NA,2456.5,NA,NA,764.4627999999999,302.9119999999999
441,hart,HART_S4.3_P3412_R1,2023,1,213.0,249.50179999999997,canola,NA,NA,578.0,NA,NA,398.82,-63.68179999999998
442,hart,HART_S4.3_P3412_R1,2024,2,202.0,205.27791397000001,Barley,NA,NA,67.39,0.0,NA,20.971768,-386.30614597
443,hart,HART_S4.3_P3412_R1,2025,3,204.5,365.5483,Lentil,NA,NA,1054.25,NA,NA,810.71825,240.66995000000003
444,hart,HART_S4.1_P1234_R2,2023,1,204.5,222.5193,lentil,NA,NA,1264.0,NA,NA,972.016,544.9966999999999
445,hart,HART_S4.1_P1234_R2,2024,2,202.0,214.75948176,Wheat,NA,NA,1507.83,0.0,NA,542.8188,126.05931824000001
446,hart,HART_S4.1_P1234_R2,2025,3,215.5,226.26579999999998,Canola,NA,NA,0.0,NA,NA,0.0,-441.7658
447,hart,HART_S3_P4123_R3,2023,1,202.0,235.75835,barley,NA,NA,3961.0,NA,NA,1232.6632,794.9048499999999
448,hart,HART_S3_P4123_R3,2024,2,193.5,242.32439999999997,Lentil,NA,NA,360.22,0.0,NA,277.00918,-158.81521999999995
449,hart,HART_S3_P4123_R3,2025,3,202.0,258.12535652173915,Wheat,NA,NA,2958.03,NA,NA,1064.8908,604.7654434782607
450,hart,HART_S1.1_P1231_R2,2023,1,204.5,222.5193,lentil,NA,NA,1319.0,NA,NA,1014.311,587.2917
451,hart,HART_S1.1_P1231_R2,2024,2,202.0,223.052,Wheat,NA,NA,1835.22,0.0,NA,660.6792,235.62720000000004
452,hart,HART_S1.1_P1231_R2,2025,3,202.0,259.5508,Barley,NA,NA,2144.32,NA,NA,667.312384,205.76158399999997
453,hart,HART_S8_P3412_R2,2023,1,202.0,235.75834999999998,barley,NA,NA,3746.0,NA,NA,1165.7551999999998,727.9968499999999
454,hart,HART_S8_P3412_R2,2024,2,202.0,256.61117314999996,Wheat,NA,NA,1440.43,0.0,NA,518.5548,59.943626850000044
455,hart,HART_S8_P3412_R2,2025,3,204.5,365.5483,Lentil,NA,NA,1018.42,NA,NA,783.16498,213.11668000000003
456,hart,HART_S10.2_P1231_R3,2023,1,236.975,227.7693,canola,lentil,NA,275.0,1024.0,NA,977.206,512.4617000000001
457,hart,HART_S10.2_P1231_R3,2024,2,202.0,250.74418625,Wheat,NA,NA,818.04,0.0,NA,294.4944,-158.24978625000003
458,hart,HART_S10.2_P1231_R3,2025,3,193.5,209.55079999999998,Barley,NA,NA,2374.62,NA,NA,738.9817439999999,335.93094399999995
459,hart,HART_S4.2_P1234_R2,2023,1,204.5,222.5193,lentil,NA,NA,1167.0,NA,NA,897.423,470.4037
460,hart,HART_S4.2_P1234_R2,2024,2,202.0,223.82467649999998,Wheat,NA,NA,1377.83,0.0,NA,496.0188,70.19412350000002
461,hart,HART_S4.2_P1234_R2,2025,3,215.5,226.26579999999998,Canola,NA,NA,0.0,NA,NA,0.0,-441.7658
462,hart,HART_S2.1_P0000_R1,2023,1,202.0,238.25835,wheat,NA,NA,4052.0,NA,NA,1458.72,1018.46165
463,hart,HART_S2.1_P0000_R1,2024,2,202.0,183.213910535,Barley,NA,NA,210.9,0.0,NA,65.63208,-319.581830535
464,hart,HART_S2.1_P0000_R1,2025,3,204.5,365.5483,Lentil,NA,NA,772.77,NA,NA,594.26013,24.21183000000002
465,hart,HART_S8_P1234_R1,2023,1,204.5,222.5193,lentil,NA,NA,1274.0,NA,NA,979.706,552.6867
466,hart,HART_S8_P1234_R1,2024,2,202.0,214.29387340500003,Wheat,NA,NA,1868.04,0.0,NA,672.4943999999999,256.2005265949999
467,hart,HART_S8_P1234_R1,2025,3,193.5,209.55079999999998,Barley,NA,NA,0.0,NA,NA,0.0,-403.0508
468,hart,HART_S10.2_P2312_R1,2023,1,202.0,218.75835,wheat,NA,NA,3777.0,NA,NA,1359.72,938.96165
469,hart,HART_S10.2_P2312_R1,2024,2,202.0,181.97245029500002,Barley,NA,NA,212.83,0.0,NA,66.232696,-317.739754295
470,hart,HART_S10.2_P2312_R1,2025,3,217.756,191.50906086956522,Canola,Lentil,NA,40.04,590.2,NA,481.4914,72.22633913043481
471,hart,HART_S9_P4123_R2,2023,1,202.0,235.75835,barley,NA,NA,3792.0,NA,NA,1180.0703999999998,742.3120499999998
472,hart,HART_S9_P4123_R2,2024,2,182.5,139.03,Vetch,NA,NA,0.0,0.0,NA,0.0,-321.53
473,hart,HART_S9_P4123_R2,2025,3,215.5,226.26579999999998,Canola,NA,NA,0.0,NA,NA,0.0,-441.7658
474,hart,HART_S10.3_P3123_R2,2023,1,202.0,235.75835,barley,NA,NA,3260.0,NA,NA,1014.512,576.7536499999999
475,hart,HART_S10.3_P3123_R2,2024,2,201.40224999999998,247.12695128,Canola,Lentil,NA,131.09,285.0,NA,309.6171,-138.91210127999997
476,hart,HART_S10.3_P3123_R2,2025,3,193.5,240.74839999999998,Wheat,NA,NA,2251.79,NA,NA,810.6443999999999,376.39599999999996
477,hart,HART_S10.2_P3123_R3,2023,1,202.0,213.25835,barley,NA,NA,4222.0,NA,NA,1313.8864,898.62805
478,hart,HART_S10.2_P3123_R3,2024,2,196.72825,226.42584116999998,Canola,Lentil,NA,36.74,192.39,NA,173.29850999999996,-249.85558117000002
479,hart,HART_S10.2_P3123_R3,2025,3,202.0,299.7992695652174,Wheat,NA,NA,2569.09,NA,NA,924.8724,423.07313043478257
480,hart,HART_S8_P2341_R2,2023,1,202.0,246.75835,wheat,NA,NA,2579.0,NA,NA,928.44,479.68165000000005
481,hart,HART_S8_P2341_R2,2024,2,202.0,198.84890383,Barley,NA,NA,724.57,0.0,NA,225.486184,-175.36271983
482,hart,HART_S8_P2341_R2,2025,3,202.0,282.9405739130435,Wheat,NA,NA,1821.9,NA,NA,655.884,170.9434260869565
483,hart,HART_S10.1_P3123_R3,2023,1,193.5,190.25835,barley,NA,NA,3864.0,NA,NA,1202.4768,818.7184499999998
484,hart,HART_S10.1_P3123_R3,2024,2,197.136,203.295,Canola,Lentil,NA,13.48,571.96,NA,449.13844000000006,48.70744000000008
485,hart,HART_S10.1_P3123_R3,2025,3,202.0,297.22318260869565,Wheat,NA,NA,2359.26,NA,NA,849.3336,350.1104173913044
486,hart,HART_S7_P4123_R1,2023,1,202.0,235.75835,barley,NA,NA,4483.0,NA,NA,1395.1096,957.3512499999999
487,hart,HART_S7_P4123_R1,2024,2,193.5,242.32440000000003,Lentil,NA,NA,565.22,0.0,NA,434.65418000000005,-1.170219999999972
488,hart,HART_S7_P4123_R1,2025,3,193.5,200.4358,Field pea,NA,NA,1177.07,NA,NA,539.09806,145.16226000000003
489,hart,HART_S4.1_P4123_R1,2023,1,202.0,209.25835,barley,NA,NA,3572.0,NA,NA,1111.6064,700.3480499999998
490,hart,HART_S4.1_P4123_R1,2024,2,193.5,242.32439999999997,Lentil,NA,NA,705.87,0.0,NA,542.81403,106.98963000000003
491,hart,HART_S4.1_P4123_R1,2025,3,202.0,257.81674782608695,Wheat,NA,NA,2773.8,NA,NA,998.568,538.751252173913
492,hart,HART_S10.2_P1231_R1,2023,1,239.825,227.7693,canola,lentil,NA,244.0,1169.0,NA,1067.321,599.7266999999999
493,hart,HART_S10.2_P1231_R1,2024,2,202.0,250.74418625,Wheat,NA,NA,1038.04,0.0,NA,373.6944,-79.04978625000004
494,hart,HART_S10.2_P1231_R1,2025,3,193.5,209.55079999999998,Barley,NA,NA,3172.98,NA,NA,987.431376,584.380576
495,hart,HART_S10.1_P2312_R2,2023,1,193.5,190.25835,wheat,NA,NA,2810.0,NA,NA,1011.6,627.8416500000001
496,hart,HART_S10.1_P2312_R2,2024,2,202.0,193.16680829999999,Barley,NA,NA,791.09,0.0,NA,246.187208,-148.9796003
497,hart,HART_S10.1_P2312_R2,2025,3,208.34199999999998,187.1908,Canola,Lentil,NA,22.57,571.11,NA,454.75689000000006,59.224090000000075
498,warrambine,WARRAMBINE_S1_P2121_R3,2023,1,221.5,790.3376000000001,Wheat,NA,NA,3818.0,NA,NA,1374.48,362.64239999999995
499,warrambine,WARRAMBINE_S7_P0000_R1,2023,1,204.5,829.8376000000001,Wheat,NA,NA,3789.0,NA,NA,1364.04,329.7023999999999
500,warrambine,WARRAMBINE_S2_P2312_R2,2023,1,232.5,722.595,Canola,NA,NA,2495.0,NA,NA,1721.55,766.4549999999999
501,warrambine,WARRAMBINE_S3_P2312_R3,2023,1,221.5,722.5949999999999,Canola,NA,NA,2854.0,NA,NA,1969.26,1025.165
502,warrambine,WARRAMBINE_S4_P1231_R2,2023,1,215.5,472.5250000000001,balansa clover,chicory,NA,0.0,0.0,NA,0.0,-688.0250000000001
503,warrambine,WARRAMBINE_S3_P2312_R1,2023,1,232.5,722.595,Canola,NA,NA,2914.0,NA,NA,2010.66,1055.565
504,warrambine,WARRAMBINE_S1_P2121_R1,2023,1,221.5,790.3376000000001,Wheat,NA,NA,4126.0,NA,NA,1485.36,473.52239999999983
505,warrambine,WARRAMBINE_S7_P0000_R3,2023,1,226.5,755.5876000000001,Wheat,NA,NA,4925.0,NA,NA,1773.0,790.9123999999999
506,warrambine,WARRAMBINE_S3_P1231_R1,2023,1,226.5,624.288,fieldpea,NA,NA,3987.0,NA,NA,1826.046,975.258
507,warrambine,WARRAMBINE_S2_P1231_R1,2023,1,215.5,718.15,Faba bean,NA,NA,4909.0,NA,NA,2331.775,1398.125
508,warrambine,WARRAMBINE_S4_P2312_R1,2023,1,221.5,722.5949999999999,Canola,NA,NA,1844.0,NA,NA,1272.36,328.265
509,warrambine,WARRAMBINE_S6_P0000_R3,2023,1,285.25,572.3,Wheat,Barley,Faba bean,1799.0,1798.0,73.0,1241.8526,384.3026
510,warrambine,WARRAMBINE_S6_P0000_R2,2023,1,303.025,572.3,Wheat,Barley,Faba bean,1833.0,1832.0,276.0,1361.0984,485.77340000000027
511,warrambine,WARRAMBINE_S3_P1231_R3,2023,1,237.5,624.288,fieldpea,NA,NA,3302.0,NA,NA,1512.316,650.528
512,warrambine,WARRAMBINE_S3_P3123_R2,2023,1,243.5,790.3376000000001,Wheat,NA,NA,3060.0,NA,NA,1101.6,67.76239999999984
513,warrambine,WARRAMBINE_S5_P3123_R1,2023,1,221.5,790.3376,Wheat,NA,NA,4081.0,NA,NA,1469.16,457.32240000000013
514,warrambine,WARRAMBINE_S2_P3123_R3,2023,1,221.5,790.3376,Wheat,NA,NA,3723.0,NA,NA,1340.28,328.4424
515,warrambine,WARRAMBINE_S5_P1231_R3,2023,1,248.5,625.488,fieldpea,NA,NA,0.0,NA,NA,0.0,-873.988
516,warrambine,WARRAMBINE_S7_P0000_R2,2023,1,226.5,785.5876000000001,Wheat,NA,NA,4727.0,NA,NA,1701.72,689.6324
517,warrambine,WARRAMBINE_S5_P2312_R2,2023,1,243.5,722.595,Canola,NA,NA,2944.0,NA,NA,2031.36,1065.2649999999999
518,warrambine,WARRAMBINE_S5_P1231_R2,2023,1,237.5,625.488,fieldpea,NA,NA,0.0,NA,NA,0.0,-862.988
519,warrambine,WARRAMBINE_S5_P1231_R1,2023,1,248.5,625.488,fieldpea,NA,NA,0.0,NA,NA,0.0,-873.988
520,warrambine,WARRAMBINE_S4_P2312_R2,2023,1,221.5,722.5949999999999,Canola,NA,NA,2563.0,NA,NA,1768.4699999999998,824.3749999999999
521,warrambine,WARRAMBINE_S5_P2312_R1,2023,1,232.5,722.5949999999999,Canola,NA,NA,2744.0,NA,NA,1893.36,938.265
522,warrambine,WARRAMBINE_S3_P1231_R2,2023,1,215.5,624.288,fieldpea,NA,NA,3580.0,NA,NA,1639.64,799.8520000000001
523,warrambine,WARRAMBINE_S1_P1212_R1,2023,1,232.5,722.5949999999999,Canola,NA,NA,2478.0,NA,NA,1709.82,754.725
524,warrambine,WARRAMBINE_S2_P1231_R2,2023,1,215.5,718.15,Faba bean,NA,NA,3923.0,NA,NA,1863.425,929.775
525,warrambine,WARRAMBINE_S6_P0000_R1,2023,1,283.875,572.3,Wheat,Barley,Faba bean,1524.0,1523.0,128.0,1083.3976,227.22260000000006
526,warrambine,WARRAMBINE_S2_P3123_R1,2023,1,221.5,790.3376000000001,Wheat,NA,NA,4519.0,NA,NA,1626.84,615.0023999999999
527,warrambine,WARRAMBINE_S1_P1212_R2,2023,1,232.5,722.5949999999999,Canola,NA,NA,1989.0,NA,NA,1372.41,417.31500000000017
528,warrambine,WARRAMBINE_S4_P3123_R3,2023,1,221.5,790.3376000000001,Wheat,NA,NA,5409.0,NA,NA,1947.24,935.4024
529,warrambine,WARRAMBINE_S4_P1231_R3,2023,1,215.5,472.5250000000001,balansa clover,chicory,NA,0.0,0.0,NA,0.0,-688.0250000000001
530,warrambine,WARRAMBINE_S2_P2312_R3,2023,1,243.5,722.595,Canola,NA,NA,2814.0,NA,NA,1941.66,975.565
531,warrambine,WARRAMBINE_S3_P3123_R1,2023,1,221.5,790.3376000000001,Wheat,NA,NA,3684.0,NA,NA,1326.24,314.40239999999994
532,warrambine,WARRAMBINE_S5_P3123_R3,2023,1,221.5,790.3376000000001,Wheat,NA,NA,4341.0,NA,NA,1562.76,550.9223999999999
533,warrambine,WARRAMBINE_S4_P3123_R2,2023,1,221.5,790.3376000000001,Wheat,NA,NA,3551.0,NA,NA,1278.36,266.52239999999983
534,warrambine,WARRAMBINE_S3_P3123_R3,2023,1,221.5,790.3376000000001,Wheat,NA,NA,4375.0,NA,NA,1575.0,563.1623999999999
535,warrambine,WARRAMBINE_S4_P1231_R1,2023,1,215.5,472.5250000000001,balansa clover,chicory,NA,0.0,0.0,NA,0.0,-688.0250000000001
536,warrambine,WARRAMBINE_S2_P1231_R3,2023,1,226.5,718.15,Faba bean,NA,NA,3133.0,NA,NA,1488.175,543.525
537,warrambine,WARRAMBINE_S4_P2312_R3,2023,1,232.5,722.595,Canola,NA,NA,3200.0,NA,NA,2208.0,1252.905
538,warrambine,WARRAMBINE_S5_P2312_R3,2023,1,232.5,722.595,Canola,NA,NA,2671.0,NA,NA,1842.99,887.895
539,warrambine,WARRAMBINE_S3_P2312_R2,2023,1,243.5,722.595,Canola,NA,NA,2489.0,NA,NA,1717.41,751.315
540,warrambine,WARRAMBINE_S1_P2121_R2,2023,1,232.5,790.3376000000001,Wheat,NA,NA,3769.0,NA,NA,1356.84,334.00239999999985
541,warrambine,WARRAMBINE_S5_P3123_R2,2023,1,232.5,790.3376000000001,Wheat,NA,NA,4058.0,NA,NA,1460.88,438.04240000000004
542,warrambine,WARRAMBINE_S4_P3123_R1,2023,1,232.5,790.3376000000001,Wheat,NA,NA,4151.0,NA,NA,1494.36,471.52239999999983
543,warrambine,WARRAMBINE_S2_P2312_R1,2023,1,232.5,722.5949999999999,Canola,NA,NA,1732.0,NA,NA,1195.08,239.985
544,warrambine,WARRAMBINE_S2_P3123_R2,2023,1,221.5,790.3376000000001,Wheat,NA,NA,3693.0,NA,NA,1329.48,317.64239999999995
545,warrambine,WARRAMBINE_S1_P1212_R3,2023,1,243.5,722.595,Canola,NA,NA,2353.0,NA,NA,1623.57,657.4749999999999
546,kinnabulla,KINNABULLA_S9.1_P2312_R2,2023,1,182.5,163.54,wheat,NA,NA,5121.0,NA,NA,1843.56,1497.52
547,kinnabulla,KINNABULLA_S4_P3412_R1,2023,1,191.0,292.03999999999996,wheat,NA,NA,5332.0,NA,NA,1919.52,1436.48
548,kinnabulla,KINNABULLA_S11_P1231_R2,2023,1,275.9,211.37,tillage radish,vetch,NA,1761.0,2415.0,NA,0.0,-487.27
549,kinnabulla,KINNABULLA_S3_P3123_R3,2023,1,169.0,292.03999999999996,wheat,NA,NA,4656.0,NA,NA,1676.16,1215.1200000000001
550,kinnabulla,KINNABULLA_S5_P2121_R1,2023,1,180.0,282.04,barley,NA,NA,4860.0,NA,NA,1512.4319999999998,1050.3919999999998
551,kinnabulla,KINNABULLA_S6_P3412_R3,2023,1,180.0,292.03999999999996,wheat,NA,NA,4624.0,NA,NA,1664.64,1192.6000000000001
552,kinnabulla,KINNABULLA_S10_P1231_R1,2023,1,182.5,211.37,tillage radish,NA,NA,6600.0,NA,NA,0.0,-393.87
553,kinnabulla,KINNABULLA_S5_P1212_R2,2023,1,204.5,254.77200000000002,lentil,NA,NA,1358.0,NA,NA,1044.302,585.0299999999999
554,kinnabulla,KINNABULLA_S1.2_P3123_R1,2023,1,180.0,292.03999999999996,wheat,NA,NA,5705.0,NA,NA,2053.8,1581.7600000000002
555,kinnabulla,KINNABULLA_S1.2_P3123_R3,2023,1,169.0,292.03999999999996,wheat,NA,NA,4363.0,NA,NA,1570.6799999999998,1109.6399999999999
556,kinnabulla,KINNABULLA_S13_P0000_R8,2023,1,169.0,345.0434126984127,canola,NA,NA,1605.0,NA,NA,1107.4499999999998,593.4065873015871
557,kinnabulla,KINNABULLA_S1.3_P2312_R3,2023,1,180.0,334.03999999999996,wheat,NA,NA,4358.0,NA,NA,1568.88,1054.8400000000001
558,kinnabulla,KINNABULLA_S14_P0000_R3,2023,1,169.0,453.0434126984127,canola,NA,NA,2093.0,NA,NA,1444.1699999999998,822.1265873015872
559,kinnabulla,KINNABULLA_S9.1_P1231_R2,2023,1,182.5,266.22,vetch,NA,NA,4347.0,NA,NA,0.0,-448.72
560,kinnabulla,KINNABULLA_S1.2_P1231_R2,2023,1,204.5,254.77200000000002,lentil,NA,NA,1758.0,NA,NA,1351.902,892.63
561,kinnabulla,KINNABULLA_S3_P1231_R2,2023,1,193.5,254.77200000000002,lentil,NA,NA,1348.0,NA,NA,1036.612,588.34
562,kinnabulla,KINNABULLA_S12_P0000_R6,2023,1,169.0,453.0434126984127,canola,NA,NA,1619.0,NA,NA,1117.11,495.0665873015872
563,kinnabulla,KINNABULLA_S6_P4123_R2,2023,1,180.0,292.03999999999996,wheat,NA,NA,5302.0,NA,NA,1908.72,1436.68
564,kinnabulla,KINNABULLA_S1.3_P2312_R2,2023,1,169.0,334.04,wheat,NA,NA,5210.0,NA,NA,1875.6,1372.56
565,kinnabulla,KINNABULLA_S8_P3123_R2,2023,1,169.0,292.03999999999996,wheat,NA,NA,4985.0,NA,NA,1794.6,1333.56
566,kinnabulla,KINNABULLA_S2.2_P2121_R2,2023,1,169.0,334.03999999999996,wheat,NA,NA,5074.0,NA,NA,1826.64,1323.6000000000001
567,kinnabulla,KINNABULLA_S14_P0000_R2,2023,1,169.0,453.0434126984127,canola,NA,NA,1933.0,NA,NA,1333.77,711.7265873015873
568,kinnabulla,KINNABULLA_S9.2_P3123_R1,2023,1,160.5,163.54000000000002,wheat,NA,NA,5760.0,NA,NA,2073.6,1749.56
569,kinnabulla,KINNABULLA_S4_P1234_R1,2023,1,204.5,254.77200000000002,lentil,NA,NA,1186.0,NA,NA,912.034,452.76199999999994
570,kinnabulla,KINNABULLA_S13_P0000_R5,2023,1,180.0,345.0434126984127,canola,NA,NA,1526.0,NA,NA,1052.9399999999998,527.8965873015871
571,kinnabulla,KINNABULLA_S1.2_P2312_R1,2023,1,180.0,292.03999999999996,wheat,NA,NA,5177.0,NA,NA,1863.72,1391.68
572,kinnabulla,KINNABULLA_S8_P1231_R1,NA,NA,NA,NA,NA,NA,NA,NA,NA,NA,NA,NA
573,kinnabulla,KINNABULLA_S13_P0000_R9,2023,1,169.0,345.0434126984127,canola,NA,NA,1465.0,NA,NA,1010.85,496.80658730158734
574,kinnabulla,KINNABULLA_S1.1_P1231_R2,2023,1,193.5,254.77200000000002,lentil,NA,NA,1619.0,NA,NA,1245.011,796.7389999999999
575,kinnabulla,KINNABULLA_S5_P2121_R2,2023,1,180.0,282.03999999999996,barley,NA,NA,4535.0,NA,NA,1411.292,949.252
576,kinnabulla,KINNABULLA_S9.2_P1231_R2,2023,1,171.5,248.22000000000003,vetch,NA,NA,3551.0,NA,NA,0.0,-419.72
577,kinnabulla,KINNABULLA_S1.1_P2312_R3,2023,1,169.0,212.54,wheat,NA,NA,4698.0,NA,NA,1691.28,1309.74
578,kinnabulla,KINNABULLA_S4_P1234_R3,2023,1,182.5,254.77200000000002,lentil,NA,NA,1377.0,NA,NA,1058.913,621.641
579,kinnabulla,KINNABULLA_S1.2_P2312_R3,2023,1,191.0,292.03999999999996,wheat,NA,NA,4473.0,NA,NA,1610.28,1127.24
580,kinnabulla,KINNABULLA_S12_P0000_R3,2023,1,169.0,453.0434126984127,canola,NA,NA,2033.0,NA,NA,1402.77,780.7265873015873
581,kinnabulla,KINNABULLA_S3_P2312_R1,2023,1,193.5,254.77200000000002,lentil,NA,NA,1669.0,NA,NA,1283.461,835.189
582,kinnabulla,KINNABULLA_S10_P2312_R3,2023,1,180.0,292.03999999999996,wheat,NA,NA,4628.0,NA,NA,1666.08,1194.04
583,kinnabulla,KINNABULLA_S13_P0000_R4,2023,1,169.0,345.0434126984127,canola,NA,NA,1749.0,NA,NA,1206.81,692.7665873015873
584,kinnabulla,KINNABULLA_S8_P3123_R1,2023,1,180.0,292.04,wheat,NA,NA,4969.0,NA,NA,1788.84,1316.8
585,kinnabulla,KINNABULLA_S9.2_P2312_R3,2023,1,171.5,163.54000000000002,wheat,NA,NA,5088.0,NA,NA,1831.68,1496.64
586,kinnabulla,KINNABULLA_S6_P2341_R2,2023,1,180.0,292.03999999999996,wheat,NA,NA,4926.0,NA,NA,1773.36,1301.32
587,kinnabulla,KINNABULLA_S14_P0000_R5,2023,1,169.0,453.0434126984127,canola,NA,NA,1619.0,NA,NA,1117.11,495.0665873015872
588,kinnabulla,KINNABULLA_S6_P3412_R1,2023,1,180.0,292.04,wheat,NA,NA,4735.0,NA,NA,1704.6,1232.56
589,kinnabulla,KINNABULLA_S11_P1231_R3,2023,1,239.2,211.37,tillage radish,vetch,NA,1865.0,843.0,NA,0.0,-450.57
590,kinnabulla,KINNABULLA_S11_P3123_R2,2023,1,169.0,292.03999999999996,wheat,NA,NA,4811.0,NA,NA,1731.96,1270.92
591,kinnabulla,KINNABULLA_S12_P0000_R7,2023,1,169.0,453.0434126984127,canola,NA,NA,1479.0,NA,NA,1020.51,398.4665873015873
592,kinnabulla,KINNABULLA_S3_P3123_R1,2023,1,180.0,292.03999999999996,wheat,NA,NA,4904.0,NA,NA,1765.4399999999998,1293.3999999999999
593,kinnabulla,KINNABULLA_S10_P3123_R2,2023,1,180.0,292.03999999999996,wheat,NA,NA,5600.0,NA,NA,2016.0,1543.96
594,kinnabulla,KINNABULLA_S10_P3123_R3,2023,1,180.0,292.03999999999996,wheat,NA,NA,4953.0,NA,NA,1783.08,1311.04
595,kinnabulla,KINNABULLA_S1.1_P3123_R2,2023,1,180.0,212.54000000000002,wheat,NA,NA,4633.0,NA,NA,1667.88,1275.3400000000001
596,kinnabulla,KINNABULLA_S3_P1231_R3,2023,1,182.5,254.77200000000002,lentil,NA,NA,1260.0,NA,NA,968.94,531.668
597,kinnabulla,KINNABULLA_S14_P0000_R7,2023,1,169.0,453.0434126984127,canola,NA,NA,1311.0,NA,NA,904.59,282.54658730158735
598,kinnabulla,KINNABULLA_S4_P1234_R2,2023,1,193.5,254.77200000000002,lentil,NA,NA,1447.0,NA,NA,1112.743,664.4709999999999
599,kinnabulla,KINNABULLA_S3_P2312_R3,2023,1,193.5,254.77200000000002,lentil,NA,NA,1308.0,NA,NA,1005.852,557.5799999999999
600,kinnabulla,KINNABULLA_S1.2_P1231_R3,2023,1,193.5,254.77200000000002,lentil,NA,NA,1540.0,NA,NA,1184.26,735.9879999999999
601,kinnabulla,KINNABULLA_S6_P3412_R2,2023,1,180.0,292.03999999999996,wheat,NA,NA,4981.0,NA,NA,1793.16,1321.1200000000001
602,kinnabulla,KINNABULLA_S4_P4123_R1,2023,1,191.0,292.04,wheat,NA,NA,4903.0,NA,NA,1765.08,1282.04
603,kinnabulla,KINNABULLA_S2.2_P1212_R1,2023,1,204.5,254.77200000000002,lentil,NA,NA,1113.0,NA,NA,855.897,396.625
604,kinnabulla,KINNABULLA_S12_P0000_R5,2023,1,169.0,453.0434126984127,canola,NA,NA,1395.0,NA,NA,962.55,340.5065873015873
605,kinnabulla,KINNABULLA_S10_P1231_R3,2023,1,171.5,211.37,tillage radish,NA,NA,3557.0,NA,NA,0.0,-382.87
606,kinnabulla,KINNABULLA_S9.2_P1231_R3,2023,1,182.5,248.22000000000003,vetch,NA,NA,2706.0,NA,NA,0.0,-430.72
607,kinnabulla,KINNABULLA_S2.1_P2121_R3,2023,1,180.0,292.04,wheat,NA,NA,4656.0,NA,NA,1676.16,1204.1200000000001
608,kinnabulla,KINNABULLA_S13_P0000_R3,2023,1,169.0,345.0434126984127,canola,NA,NA,1635.0,NA,NA,1128.15,614.1065873015874
609,kinnabulla,KINNABULLA_S4_P2341_R2,2023,1,169.0,453.0434126984127,canola,NA,NA,1567.0,NA,NA,1081.23,459.18658730158734
610,kinnabulla,KINNABULLA_S3_P2312_R2,2023,1,182.5,254.77200000000002,lentil,NA,NA,1438.0,NA,NA,1105.822,668.5499999999998
611,kinnabulla,KINNABULLA_S7_P1111_R2,2023,1,180.0,292.03999999999996,wheat,NA,NA,5716.0,NA,NA,2057.76,1585.7200000000003
612,kinnabulla,KINNABULLA_S4_P2341_R3,2023,1,169.0,453.0434126984127,canola,NA,NA,1609.0,NA,NA,1110.2099999999998,488.16658730158713
613,kinnabulla,KINNABULLA_S5_P2121_R3,2023,1,180.0,282.04,barley,NA,NA,4054.0,NA,NA,1261.6047999999998,799.5647999999999
614,kinnabulla,KINNABULLA_S6_P2341_R1,2023,1,169.0,292.03999999999996,wheat,NA,NA,5665.0,NA,NA,2039.4,1578.3600000000001
615,kinnabulla,KINNABULLA_S1.3_P1231_R1,2023,1,193.5,254.77200000000002,lentil,NA,NA,945.0,NA,NA,726.705,278.433
616,kinnabulla,KINNABULLA_S8_P2312_R2,2023,1,180.0,292.03999999999996,wheat,NA,NA,4989.0,NA,NA,1796.04,1324.0
617,kinnabulla,KINNABULLA_S13_P0000_R7,2023,1,180.0,345.0434126984127,canola,NA,NA,1404.0,NA,NA,968.76,443.7165873015873
618,kinnabulla,KINNABULLA_S6_P1234_R1,2023,1,193.5,254.77200000000002,lentil,NA,NA,1170.0,NA,NA,899.73,451.45799999999997
619,kinnabulla,KINNABULLA_S9.1_P1231_R3,2023,1,182.5,266.22,vetch,NA,NA,2381.0,NA,NA,0.0,-448.72
620,kinnabulla,KINNABULLA_S11_P1231_R1,2023,1,288.75,211.37,tillage radish,vetch,NA,2307.0,1503.0,NA,0.0,-500.12
621,kinnabulla,KINNABULLA_S14_P0000_R9,2023,1,169.0,453.0434126984127,canola,NA,NA,1464.0,NA,NA,1010.16,388.1165873015873
622,kinnabulla,KINNABULLA_S14_P0000_R1,2023,1,169.0,453.0434126984127,canola,NA,NA,2104.0,NA,NA,1451.76,829.7165873015873
623,kinnabulla,KINNABULLA_S2.2_P1212_R2,2023,1,193.5,254.77200000000002,lentil,NA,NA,1721.0,NA,NA,1323.449,875.177
624,kinnabulla,KINNABULLA_S14_P0000_R8,2023,1,169.0,453.0434126984127,canola,NA,NA,1485.0,NA,NA,1024.65,402.6065873015874
625,kinnabulla,KINNABULLA_S14_P0000_R6,2023,1,180.0,453.0434126984127,canola,NA,NA,1488.0,NA,NA,1026.72,393.67658730158735
626,kinnabulla,KINNABULLA_S13_P0000_R2,2023,1,169.0,345.0434126984127,canola,NA,NA,2066.0,NA,NA,1425.54,911.4965873015873
627,kinnabulla,KINNABULLA_S6_P1234_R2,2023,1,193.5,254.77200000000002,lentil,NA,NA,1462.0,NA,NA,1124.278,676.006
628,kinnabulla,KINNABULLA_S12_P0000_R8,2023,1,169.0,453.0434126984127,canola,NA,NA,1569.0,NA,NA,1082.61,460.5665873015872
629,kinnabulla,KINNABULLA_S4_P3412_R2,2023,1,191.0,292.03999999999996,wheat,NA,NA,4999.0,NA,NA,1799.64,1316.6000000000001
630,kinnabulla,KINNABULLA_S9.2_P1231_R1,2023,1,193.5,248.22000000000003,vetch,NA,NA,2601.0,NA,NA,0.0,-441.72
631,kinnabulla,KINNABULLA_S2.2_P2121_R1,2023,1,169.0,334.04,wheat,NA,NA,5126.0,NA,NA,1845.36,1342.32
632,kinnabulla,KINNABULLA_S11_P2312_R1,2023,1,180.0,292.03999999999996,wheat,NA,NA,4729.0,NA,NA,1702.4399999999998,1230.3999999999999
633,kinnabulla,KINNABULLA_S1.3_P1231_R2,2023,1,182.5,254.77200000000002,lentil,NA,NA,1572.0,NA,NA,1208.868,771.5959999999999
634,kinnabulla,KINNABULLA_S2.1_P2121_R2,2023,1,180.0,292.03999999999996,wheat,NA,NA,5367.0,NA,NA,1932.12,1460.08
635,kinnabulla,KINNABULLA_S10_P1231_R2,2023,1,171.5,211.37,tillage radish,NA,NA,4740.0,NA,NA,0.0,-382.87
636,kinnabulla,KINNABULLA_S9.2_P2312_R1,2023,1,160.5,163.54,wheat,NA,NA,5403.0,NA,NA,1945.08,1621.04
637,kinnabulla,KINNABULLA_S8_P1231_R2,NA,NA,NA,NA,NA,NA,NA,NA,NA,NA,NA,NA
638,kinnabulla,KINNABULLA_S1.3_P3123_R3,2023,1,180.0,334.04,wheat,NA,NA,4940.0,NA,NA,1778.4,1264.3600000000001
639,kinnabulla,KINNABULLA_S1.1_P3123_R3,2023,1,169.0,212.54,wheat,NA,NA,4633.0,NA,NA,1667.88,1286.3400000000001
640,kinnabulla,KINNABULLA_S7_P1111_R6,2023,1,191.0,292.03999999999996,wheat,NA,NA,5000.0,NA,NA,1800.0,1316.96
641,kinnabulla,KINNABULLA_S6_P4123_R3,2023,1,180.0,292.03999999999996,wheat,NA,NA,4423.0,NA,NA,1592.28,1120.24
642,kinnabulla,KINNABULLA_S4_P4123_R3,2023,1,191.0,292.03999999999996,wheat,NA,NA,4255.0,NA,NA,1531.8,1048.76
643,kinnabulla,KINNABULLA_S10_P3123_R1,2023,1,169.0,292.03999999999996,wheat,NA,NA,5888.0,NA,NA,2119.68,1658.6399999999999
644,kinnabulla,KINNABULLA_S7_P1111_R1,2023,1,180.0,292.03999999999996,wheat,NA,NA,5346.0,NA,NA,1924.56,1452.52
645,kinnabulla,KINNABULLA_S3_P1231_R1,2023,1,193.5,254.77200000000002,lentil,NA,NA,1254.0,NA,NA,964.326,516.054
646,kinnabulla,KINNABULLA_S13_P0000_R1,2023,1,169.0,345.0434126984127,canola,NA,NA,2139.0,NA,NA,1475.91,961.8665873015874
647,kinnabulla,KINNABULLA_S9.1_P2312_R1,2023,1,182.5,163.54000000000002,wheat,NA,NA,5501.0,NA,NA,1980.36,1634.32
648,kinnabulla,KINNABULLA_S1.1_P2312_R2,2023,1,169.0,212.54,wheat,NA,NA,4665.0,NA,NA,1679.4,1297.8600000000001
649,kinnabulla,KINNABULLA_S2.1_P2121_R1,2023,1,169.0,292.03999999999996,wheat,NA,NA,5631.0,NA,NA,2027.16,1566.1200000000001
650,kinnabulla,KINNABULLA_S11_P2312_R2,2023,1,191.0,292.03999999999996,wheat,NA,NA,5433.0,NA,NA,1955.88,1472.8400000000001
651,kinnabulla,KINNABULLA_S4_P2341_R1,2023,1,169.0,453.0434126984127,canola,NA,NA,1733.0,NA,NA,1195.77,573.7265873015873
652,kinnabulla,KINNABULLA_S13_P0000_R6,2023,1,169.0,345.0434126984127,canola,NA,NA,1438.0,NA,NA,992.22,478.17658730158735
653,kinnabulla,KINNABULLA_S4_P4123_R2,2023,1,180.0,292.03999999999996,wheat,NA,NA,4872.0,NA,NA,1753.9199999999998,1281.8799999999999
654,kinnabulla,KINNABULLA_S11_P3123_R1,2023,1,180.0,292.03999999999996,wheat,NA,NA,6124.0,NA,NA,2204.64,1732.6
655,kinnabulla,KINNABULLA_S2.1_P1212_R2,2023,1,182.5,254.77200000000002,lentil,NA,NA,1386.0,NA,NA,1065.834,628.562
656,kinnabulla,KINNABULLA_S1.3_P1231_R3,2023,1,193.5,254.77200000000002,lentil,NA,NA,1121.0,NA,NA,862.049,413.77699999999993
657,kinnabulla,KINNABULLA_S12_P0000_R1,2023,1,169.0,453.0434126984127,canola,NA,NA,1713.0,NA,NA,1181.9699999999998,559.9265873015871
658,kinnabulla,KINNABULLA_S2.2_P1212_R3,2023,1,204.5,254.77200000000002,lentil,NA,NA,1209.0,NA,NA,929.721,470.44899999999996
659,kinnabulla,KINNABULLA_S7_P1111_R3,2023,1,180.0,292.03999999999996,wheat,NA,NA,4902.0,NA,NA,1764.72,1292.68
660,kinnabulla,KINNABULLA_S2.1_P1212_R3,2023,1,182.5,254.77200000000002,lentil,NA,NA,1237.0,NA,NA,951.253,513.981
661,kinnabulla,KINNABULLA_S12_P0000_R9,2023,1,169.0,453.04341269841274,canola,NA,NA,1251.0,NA,NA,863.1899999999999,241.1465873015872
662,kinnabulla,KINNABULLA_S2.1_P1212_R1,2023,1,193.5,254.77200000000002,lentil,NA,NA,1306.0,NA,NA,1004.314,556.0419999999999
663,kinnabulla,KINNABULLA_S6_P2341_R3,2023,1,180.0,292.03999999999996,wheat,NA,NA,4706.0,NA,NA,1694.16,1222.1200000000001
664,kinnabulla,KINNABULLA_S1.2_P1231_R1,2023,1,204.5,254.77200000000002,lentil,NA,NA,1654.0,NA,NA,1271.926,812.6539999999999
665,kinnabulla,KINNABULLA_S7_P1111_R5,2023,1,169.0,292.03999999999996,wheat,NA,NA,5042.0,NA,NA,1815.12,1354.08
666,kinnabulla,KINNABULLA_S9.2_P3123_R3,2023,1,160.5,163.54000000000002,wheat,NA,NA,4805.0,NA,NA,1729.8,1405.76
667,kinnabulla,KINNABULLA_S9.2_P3123_R2,2023,1,160.5,163.54000000000002,wheat,NA,NA,4995.0,NA,NA,1798.2,1474.16
668,kinnabulla,KINNABULLA_S9.1_P2312_R3,2023,1,171.5,163.54000000000002,wheat,NA,NA,4856.0,NA,NA,1748.16,1413.1200000000001
669,kinnabulla,KINNABULLA_S4_P3412_R3,2023,1,180.0,292.03999999999996,wheat,NA,NA,4772.0,NA,NA,1717.9199999999998,1245.8799999999999
670,kinnabulla,KINNABULLA_S10_P2312_R2,2023,1,191.0,292.03999999999996,wheat,NA,NA,4764.0,NA,NA,1715.04,1232.0
671,kinnabulla,KINNABULLA_S9.1_P3123_R1,2023,1,182.5,163.54000000000002,wheat,NA,NA,4975.0,NA,NA,1791.0,1444.96
672,kinnabulla,KINNABULLA_S9.1_P1231_R1,2023,1,182.5,266.22,vetch,NA,NA,1911.0,NA,NA,0.0,-448.72
673,kinnabulla,KINNABULLA_S1.2_P3123_R2,2023,1,180.0,292.03999999999996,wheat,NA,NA,5018.0,NA,NA,1806.48,1334.44
674,kinnabulla,KINNABULLA_S5_P1212_R1,2023,1,204.5,254.77200000000002,lentil,NA,NA,1250.0,NA,NA,961.25,501.97799999999995
675,kinnabulla,KINNABULLA_S1.3_P3123_R2,2023,1,180.0,334.03999999999996,wheat,NA,NA,5159.0,NA,NA,1857.24,1343.2
676,kinnabulla,KINNABULLA_S6_P4123_R1,2023,1,191.0,292.03999999999996,wheat,NA,NA,5775.0,NA,NA,2079.0,1595.96
677,kinnabulla,KINNABULLA_S8_P1231_R3,NA,NA,NA,NA,NA,NA,NA,NA,NA,NA,NA,NA
678,kinnabulla,KINNABULLA_S1.1_P1231_R3,2023,1,193.5,254.77200000000002,lentil,NA,NA,1414.0,NA,NA,1087.366,639.0939999999999
679,kinnabulla,KINNABULLA_S8_P2312_R1,2023,1,180.0,292.03999999999996,wheat,NA,NA,5195.0,NA,NA,1870.2,1398.16
680,kinnabulla,KINNABULLA_S1.1_P3123_R1,2023,1,169.0,212.54,wheat,NA,NA,5173.0,NA,NA,1862.28,1480.74
681,kinnabulla,KINNABULLA_S11_P3123_R3,2023,1,180.0,292.03999999999996,wheat,NA,NA,3837.0,NA,NA,1381.32,909.28
682,kinnabulla,KINNABULLA_S1.3_P3123_R1,2023,1,180.0,334.03999999999996,wheat,NA,NA,5649.0,NA,NA,2033.64,1519.6000000000001
683,kinnabulla,KINNABULLA_S9.2_P2312_R2,2023,1,160.5,163.54000000000002,wheat,NA,NA,5121.0,NA,NA,1843.56,1519.52
684,kinnabulla,KINNABULLA_S8_P2312_R3,2023,1,180.0,292.03999999999996,wheat,NA,NA,4379.0,NA,NA,1576.44,1104.4
685,kinnabulla,KINNABULLA_S8_P3123_R3,2023,1,191.0,292.03999999999996,wheat,NA,NA,5051.0,NA,NA,1818.36,1335.32
686,kinnabulla,KINNABULLA_S1.1_P1231_R1,2023,1,193.5,254.77200000000002,lentil,NA,NA,1179.0,NA,NA,906.651,458.3789999999999
687,kinnabulla,KINNABULLA_S1.1_P2312_R1,2023,1,169.0,212.54,wheat,NA,NA,5237.0,NA,NA,1885.32,1503.78
688,kinnabulla,KINNABULLA_S9.1_P3123_R3,2023,1,182.5,163.54000000000002,wheat,NA,NA,4816.0,NA,NA,1733.76,1387.72
689,kinnabulla,KINNABULLA_S1.2_P2312_R2,2023,1,180.0,292.03999999999996,wheat,NA,NA,5070.0,NA,NA,1825.2,1353.16
690,kinnabulla,KINNABULLA_S5_P1212_R3,2023,1,204.5,254.77200000000002,lentil,NA,NA,1479.0,NA,NA,1137.351,678.0790000000001
691,kinnabulla,KINNABULLA_S3_P3123_R2,2023,1,169.0,292.03999999999996,wheat,NA,NA,4651.0,NA,NA,1674.36,1213.32
692,kinnabulla,KINNABULLA_S14_P0000_R4,2023,1,169.0,453.0434126984127,canola,NA,NA,1423.0,NA,NA,981.87,359.8265873015873
693,kinnabulla,KINNABULLA_S12_P0000_R2,2023,1,169.0,453.0434126984127,canola,NA,NA,1658.0,NA,NA,1144.02,521.9765873015873
694,kinnabulla,KINNABULLA_S10_P2312_R1,2023,1,180.0,292.03999999999996,wheat,NA,NA,5884.0,NA,NA,2118.24,1646.1999999999998
695,kinnabulla,KINNABULLA_S7_P1111_R4,2023,1,180.0,292.03999999999996,wheat,NA,NA,5229.0,NA,NA,1882.44,1410.4
696,kinnabulla,KINNABULLA_S11_P2312_R3,2023,1,180.0,292.03999999999996,wheat,NA,NA,4543.0,NA,NA,1635.48,1163.44
697,kinnabulla,KINNABULLA_S9.1_P3123_R2,2023,1,182.5,163.54000000000002,wheat,NA,NA,5084.0,NA,NA,1830.24,1484.2
698,kinnabulla,KINNABULLA_S2.2_P2121_R3,2023,1,180.0,334.03999999999996,wheat,NA,NA,4551.0,NA,NA,1638.36,1124.32
699,kinnabulla,KINNABULLA_S12_P0000_R4,2023,1,169.0,453.0434126984127,canola,NA,NA,1670.0,NA,NA,1152.3,530.2565873015873
700,kinnabulla,KINNABULLA_S6_P1234_R3,2023,1,193.5,254.77200000000002,lentil,NA,NA,1550.0,NA,NA,1191.95,743.678
701,kinnabulla,KINNABULLA_S1.3_P2312_R1,2023,1,180.0,334.03999999999996,wheat,NA,NA,4978.0,NA,NA,1792.08,1278.04
702,manang,MANANG_S11_P1212_R1,2023,1,286.375,448.4972,wheat,vetch,NA,2935.0,0.0,NA,0.0,-734.8722
703,manang,MANANG_S11_P1212_R1,2024,2,221.5,305.7692,Wheat,NA,NA,808.38,NA,NA,291.0168,-236.25240000000002
704,manang,MANANG_S11_P1212_R1,2025,3,288.9835,428.9943999999999,Wheat,Vetch,NA,2699.34,NA,NA,971.7624,253.7845000000001
705,manang,MANANG_S1.3_P1231_R1,2023,1,204.5,518.5972,lentil,NA,NA,1090.0,NA,NA,838.21,115.1128
706,manang,MANANG_S1.3_P1231_R1,2024,2,221.5,338.2692,Wheat,NA,NA,963.8,NA,NA,346.968,-212.8012
707,manang,MANANG_S1.3_P1231_R1,2025,3,202.0,320.98539999999997,Wheat,NA,NA,2972.93,NA,NA,1070.2548,547.2693999999999
708,manang,MANANG_S1.2_P2312_R3,2023,1,202.0,434.32,wheat,NA,NA,2940.0,NA,NA,1058.4,422.0800000000001
709,manang,MANANG_S1.2_P2312_R3,2024,2,221.5,315.7692,Wheat,NA,NA,2008.07,NA,NA,722.9051999999999,185.6359999999999
710,manang,MANANG_S1.2_P2312_R3,2025,3,193.5,207.39989999999997,Lentil,NA,NA,1898.59,NA,NA,1460.01571,1059.11581
711,manang,MANANG_S7_P3123_R1,2023,1,202.0,434.32,wheat,NA,NA,3405.0,NA,NA,1225.8,589.48
712,manang,MANANG_S7_P3123_R1,2025,2,246.0,374.2426,Wheat,NA,NA,4405.36,NA,NA,1585.9296,965.6869999999999
713,manang,MANANG_S7_P2312_R2,2023,1,202.0,434.32,wheat,NA,NA,3181.0,NA,NA,1145.16,508.8400000000001
714,manang,MANANG_S7_P2312_R2,2024,2,221.5,298.76919999999996,Wheat,NA,NA,1879.34,NA,NA,676.5623999999999,156.29319999999996
715,manang,MANANG_S12_P0000_R2,2023,1,182.5,412.09999999999997,canola,NA,NA,1391.0,NA,NA,959.79,365.19
716,manang,MANANG_S12_P0000_R2,2024,2,213.0,255.26919999999998,Wheat,NA,NA,1668.66,NA,NA,600.7176000000001,132.44840000000008
717,manang,MANANG_S12_P0000_R2,2025,3,193.5,231.0854,Barley,NA,NA,3952.02,NA,NA,1229.868624,805.283224
718,manang,MANANG_S1.1_P2312_R2,2023,1,191.0,458.82,wheat,NA,NA,3365.0,NA,NA,1211.4,561.5800000000002
719,manang,MANANG_S1.1_P2312_R2,2024,2,213.0,315.7692,Wheat,NA,NA,1524.81,NA,NA,548.9316,20.16239999999999
720,manang,MANANG_S1.1_P2312_R2,2025,3,193.5,207.3999,Lentil,NA,NA,1679.6,NA,NA,1291.6124,890.7125
721,manang,MANANG_S4_P4123_R1,2023,1,191.0,434.32,wheat,NA,NA,3129.0,NA,NA,1126.44,501.12000000000006
722,manang,MANANG_S4_P4123_R1,2024,2,193.5,189.30169999999998,Lentil,NA,NA,239.5,NA,NA,184.1755,-198.62619999999998
723,manang,MANANG_S4_P4123_R1,2025,3,213.0,337.0804,Canola,NA,NA,2003.72,NA,NA,1382.5667999999998,832.4863999999998
724,manang,MANANG_S10.2_P2312_R2,2023,1,191.0,434.32,wheat,NA,NA,2598.0,NA,NA,935.28,309.96
725,manang,MANANG_S10.2_P2312_R2,2024,2,213.0,325.26920000000007,Wheat,NA,NA,1765.01,NA,NA,635.4036,97.13439999999991
726,manang,MANANG_S10.2_P2312_R2,2025,3,315.20725,425.9944,Wheat,Vetch,NA,3748.29,NA,NA,1349.3844,608.1827499999999
727,manang,MANANG_S1.1_P3123_R1,2023,1,213.0,458.82,wheat,NA,NA,3640.0,NA,NA,1310.4,638.5800000000002
728,manang,MANANG_S1.1_P3123_R1,2024,2,193.5,189.30169999999998,Lentil,NA,NA,191.8,NA,NA,147.4942,-235.30749999999998
729,manang,MANANG_S1.1_P3123_R1,2025,3,202.0,274.48539999999997,Wheat,NA,NA,4093.02,NA,NA,1473.4872,997.0018
730,manang,MANANG_S1.3_P1231_R3,2023,1,215.5,501.3472,lentil,NA,NA,868.0,NA,NA,667.492,-49.355200000000025
731,manang,MANANG_S1.3_P1231_R3,2024,2,221.5,338.2692,Wheat,NA,NA,2296.81,NA,NA,826.8516,267.08239999999995
732,manang,MANANG_S1.3_P1231_R3,2025,3,202.0,320.98539999999997,Wheat,NA,NA,3909.5,NA,NA,1407.4199999999998,884.4345999999998
733,manang,MANANG_S2_P2121_R2,2023,1,202.0,434.32,wheat,NA,NA,3007.0,NA,NA,1082.52,446.2
734,manang,MANANG_S2_P2121_R2,2024,2,193.5,189.30169999999998,Lentil,NA,NA,460.32,NA,NA,353.98608,-28.815619999999967
735,manang,MANANG_S2_P2121_R2,2025,3,202.0,299.48539999999997,Wheat,NA,NA,3514.23,NA,NA,1265.1228,763.6374000000001
736,manang,MANANG_S4_P2341_R1,2023,1,202.0,450.5,canola,NA,NA,1248.0,NA,NA,861.1199999999999,208.6199999999999
737,manang,MANANG_S4_P2341_R1,2024,2,213.0,317.2692,Wheat,NA,NA,1238.73,NA,NA,445.9428,-84.32640000000004
738,manang,MANANG_S4_P2341_R1,2025,3,202.0,247.9854,Wheat,NA,NA,3414.3,NA,NA,1229.148,779.1625999999999
739,manang,MANANG_S4_P1234_R1,2023,1,226.5,501.3472,lentil,NA,NA,672.0,NA,NA,516.768,-211.07919999999996
740,manang,MANANG_S4_P1234_R1,2024,2,202.0,298.44719999999995,Canola,NA,NA,855.54,NA,NA,590.3226,89.87540000000001
741,manang,MANANG_S4_P1234_R1,2025,3,202.0,295.9854,Wheat,NA,NA,2886.06,NA,NA,1038.9815999999998,540.9961999999998
742,manang,MANANG_S8.2_P3123_R2,2023,1,191.0,434.32,wheat,NA,NA,3548.0,NA,NA,1277.28,651.96
743,manang,MANANG_S8.2_P3123_R2,2024,2,193.5,210.7522,Vetch,NA,NA,0.0,NA,NA,0.0,-404.2522
744,manang,MANANG_S8.2_P3123_R2,2025,3,202.0,257.48539999999997,Wheat,NA,NA,4012.47,NA,NA,1444.4892,985.0038
745,manang,MANANG_S1.2_P3123_R2,2023,1,213.0,434.32,wheat,NA,NA,3192.0,NA,NA,1149.12,501.7999999999999
746,manang,MANANG_S1.2_P3123_R2,2024,2,193.5,189.30169999999998,Lentil,NA,NA,395.7,NA,NA,304.2933,-78.5084
747,manang,MANANG_S1.2_P3123_R2,2025,3,202.0,288.4854,Wheat,NA,NA,4073.2,NA,NA,1466.352,975.8666000000001
748,manang,MANANG_S10.1_P3123_R3,2023,1,182.5,409.82,wheat,NA,NA,2615.0,NA,NA,941.4,349.08
749,manang,MANANG_S10.1_P3123_R3,2024,2,247.82075,207.1572,Wheat,Vetch,NA,2172.83,NA,NA,782.2188,327.24085
750,manang,MANANG_S10.1_P3123_R3,2025,3,202.0,311.4854,Wheat,NA,NA,3650.18,NA,NA,1314.0648,800.5794000000001
751,manang,MANANG_S12_P0000_R4,2023,1,182.5,412.09999999999997,canola,NA,NA,1477.0,NA,NA,1019.13,424.53000000000003
752,manang,MANANG_S12_P0000_R4,2024,2,213.0,255.26919999999998,Wheat,NA,NA,1540.7,NA,NA,554.652,86.38280000000006
753,manang,MANANG_S7_P2312_R3,2023,1,180.0,434.32,wheat,NA,NA,2981.0,NA,NA,1073.16,458.8400000000001
754,manang,MANANG_S7_P2312_R3,2024,2,221.5,298.76919999999996,Wheat,NA,NA,2229.47,NA,NA,802.6091999999999,282.3399999999999
755,manang,MANANG_S11_P1212_R3,2023,1,303.375,448.4972,wheat,vetch,NA,3615.0,0.0,NA,0.0,-751.8722
756,manang,MANANG_S11_P1212_R3,2024,2,221.5,305.76919999999996,Wheat,NA,NA,2378.33,NA,NA,856.1987999999999,328.92959999999994
757,manang,MANANG_S11_P1212_R3,2025,3,317.269,428.9944,Wheat,Vetch,NA,3830.76,NA,NA,1379.0736,632.8101999999999
758,manang,MANANG_S8.1_P3123_R3,2023,1,202.0,434.32,wheat,NA,NA,3347.0,NA,NA,1204.9199999999998,568.5999999999999
759,manang,MANANG_S8.1_P3123_R3,2024,2,204.5,215.80219999999997,Vetch,NA,NA,0.0,NA,NA,0.0,-420.30219999999997
760,manang,MANANG_S8.1_P3123_R3,2025,3,202.0,249.9854,Wheat,NA,NA,4317.38,NA,NA,1554.2568,1102.2714
761,manang,MANANG_S3_P3123_R2,2023,1,191.0,434.32,wheat,NA,NA,3614.0,NA,NA,1301.04,675.72
762,manang,MANANG_S3_P3123_R2,2024,2,193.5,189.30169999999998,Lentil,NA,NA,514.08,NA,NA,395.3275200000001,12.525820000000124
763,manang,MANANG_S3_P3123_R2,2025,3,193.5,207.39989999999997,Lentil,NA,NA,2123.05,NA,NA,1632.6254500000002,1231.7255500000003
764,manang,MANANG_S12_P0000_R9,2023,1,182.5,412.09999999999997,canola,NA,NA,1441.0,NA,NA,994.29,399.69
765,manang,MANANG_S12_P0000_R9,2024,2,213.0,255.26919999999998,Wheat,NA,NA,2358.19,NA,NA,848.9484,380.67920000000004
766,manang,MANANG_S4_P3412_R3,2023,1,202.0,434.32,wheat,NA,NA,2473.0,NA,NA,890.28,253.95999999999998
767,manang,MANANG_S4_P3412_R3,2024,2,221.5,307.26919999999996,Wheat,NA,NA,2268.04,NA,NA,816.4943999999999,287.7252
768,manang,MANANG_S4_P3412_R3,2025,3,193.5,207.39989999999997,Lentil,NA,NA,1894.95,NA,NA,1457.21655,1056.3166500000002
769,manang,MANANG_S10.1_P1231_R2,2023,1,301.375,448.4972,wheat,vetch,NA,3535.0,0.0,NA,0.0,-749.8722
770,manang,MANANG_S10.1_P1231_R2,2024,2,221.5,309.26919999999996,Wheat,NA,NA,1807.26,NA,NA,650.6136,119.84440000000006
771,manang,MANANG_S10.1_P1231_R2,2025,3,202.0,275.9854,Wheat,NA,NA,3855.69,NA,NA,1388.0484,910.0629999999999
772,manang,MANANG_S1.2_P2312_R1,2023,1,213.0,434.32,wheat,NA,NA,3349.0,NA,NA,1205.64,558.3200000000002
773,manang,MANANG_S1.2_P2312_R1,2024,2,221.5,315.7692,Wheat,NA,NA,931.93,NA,NA,335.4948,-201.7744
774,manang,MANANG_S1.2_P2312_R1,2025,3,193.5,207.39989999999995,Lentil,NA,NA,1410.76,NA,NA,1084.87444,683.9745400000002
775,manang,MANANG_S1.1_P2312_R1,2023,1,191.0,458.82,wheat,NA,NA,3522.0,NA,NA,1267.9199999999998,618.0999999999999
776,manang,MANANG_S1.1_P2312_R1,2024,2,213.0,315.7692,Wheat,NA,NA,1020.41,NA,NA,367.3476,-161.4216
777,manang,MANANG_S1.1_P2312_R1,2025,3,193.5,207.39989999999997,Lentil,NA,NA,1704.07,NA,NA,1310.42983,909.52993
778,manang,MANANG_S1.1_P2312_R3,2023,1,202.0,458.82,wheat,NA,NA,3331.0,NA,NA,1199.16,538.3400000000001
779,manang,MANANG_S1.1_P2312_R3,2024,2,213.0,315.7692,Wheat,NA,NA,2152.24,NA,NA,774.8063999999999,246.03719999999993
780,manang,MANANG_S1.1_P2312_R3,2025,3,193.5,207.39989999999997,Lentil,NA,NA,1686.26,NA,NA,1296.73394,895.8340400000001
781,manang,MANANG_S3_P2312_R3,2023,1,193.5,501.3472,lentil,NA,NA,875.0,NA,NA,672.875,-21.972199999999987
782,manang,MANANG_S3_P2312_R3,2024,2,213.0,331.2692,Wheat,NA,NA,2579.72,NA,NA,928.6992,384.43
783,manang,MANANG_S3_P2312_R3,2025,3,193.5,207.39989999999997,Lentil,NA,NA,1887.53,NA,NA,1451.51057,1050.61067
784,manang,MANANG_S4_P1234_R3,2023,1,193.5,501.3472,lentil,NA,NA,884.0,NA,NA,679.796,-15.051199999999938
785,manang,MANANG_S4_P1234_R3,2024,2,202.0,298.44719999999995,Canola,NA,NA,957.69,NA,NA,660.8061,160.35890000000006
786,manang,MANANG_S4_P1234_R3,2025,3,202.0,295.98539999999997,Wheat,NA,NA,2725.8,NA,NA,981.288,483.30260000000004
787,manang,MANANG_S5_P4123_R1,2023,1,191.0,434.32,wheat,NA,NA,2791.0,NA,NA,1004.76,379.44
788,manang,MANANG_S5_P4123_R1,2024,2,193.5,189.3017,Lentil,NA,NA,192.64,NA,NA,148.14015999999998,-234.66154000000003
789,manang,MANANG_S5_P4123_R1,2025,3,202.0,254.4854,Wheat,NA,NA,3984.79,NA,NA,1434.5244,978.039
790,manang,MANANG_S12_P0000_R7,2023,1,182.5,412.09999999999997,canola,NA,NA,1382.0,NA,NA,953.58,358.9800000000001
791,manang,MANANG_S12_P0000_R7,2024,2,213.0,255.26919999999998,Wheat,NA,NA,2275.81,NA,NA,819.2915999999999,351.02239999999995
792,manang,MANANG_S10.2_P1231_R1,2023,1,291.625,448.4972,wheat,vetch,NA,2705.0,0.0,NA,0.0,-740.1222
793,manang,MANANG_S10.2_P1231_R1,2024,2,213.0,302.26919999999996,Wheat,NA,NA,758.78,NA,NA,273.1608,-242.10839999999996
794,manang,MANANG_S10.2_P1231_R1,2025,3,202.0,280.9854,Wheat,NA,NA,2660.56,NA,NA,957.8016,474.8162
795,manang,MANANG_S8.2_P1231_R3,2023,1,204.5,524.4999999999999,vetch,NA,NA,0.0,NA,NA,0.0,-728.9999999999999
796,manang,MANANG_S8.2_P1231_R3,2024,2,213.0,300.76919999999996,Wheat,NA,NA,2687.72,NA,NA,967.5792,453.81000000000006
797,manang,MANANG_S8.2_P1231_R3,2025,3,202.0,269.98539999999997,Wheat,NA,NA,4071.48,NA,NA,1465.7328,993.7474
798,manang,MANANG_S8.2_P1231_R1,2023,1,226.5,524.4999999999999,vetch,NA,NA,0.0,NA,NA,0.0,-750.9999999999999
799,manang,MANANG_S8.2_P1231_R1,2024,2,213.0,300.76919999999996,Wheat,NA,NA,1639.89,NA,NA,590.3604,76.59120000000007
800,manang,MANANG_S8.2_P1231_R1,2025,3,202.0,269.98539999999997,Wheat,NA,NA,3802.39,NA,NA,1368.8603999999998,896.8749999999998
801,manang,MANANG_S8.1_P2312_R1,2023,1,213.0,434.32,wheat,NA,NA,3536.0,NA,NA,1272.96,625.6400000000001
802,manang,MANANG_S8.1_P2312_R1,2024,2,221.5,310.7692,Wheat,NA,NA,895.91,NA,NA,322.52759999999995,-209.74160000000006
803,manang,MANANG_S8.1_P2312_R1,2025,3,215.5,285.2244,Vetch,NA,NA,0.0,NA,NA,0.0,-500.7244
804,manang,MANANG_S8.2_P2312_R3,2023,1,191.0,434.32,wheat,NA,NA,2330.0,NA,NA,838.8,213.47999999999996
805,manang,MANANG_S8.2_P2312_R3,2024,2,221.5,294.76919999999996,Wheat,NA,NA,2419.98,NA,NA,871.1927999999999,354.92359999999996
806,manang,MANANG_S8.2_P2312_R3,2025,3,215.5,295.1744,Vetch,NA,NA,0.0,NA,NA,0.0,-510.6744
807,manang,MANANG_S10.1_P1231_R3,2023,1,289.05,448.4972,wheat,vetch,NA,2602.0,0.0,NA,0.0,-737.5472
808,manang,MANANG_S10.1_P1231_R3,2024,2,221.5,309.26919999999996,Wheat,NA,NA,2172.83,NA,NA,782.2188,251.44960000000003
809,manang,MANANG_S10.1_P1231_R3,2025,3,202.0,275.9854,Wheat,NA,NA,3946.03,NA,NA,1420.5708,942.5853999999999
810,manang,MANANG_S8.1_P3123_R1,2023,1,202.0,434.32,wheat,NA,NA,3247.0,NA,NA,1168.9199999999998,532.5999999999999
811,manang,MANANG_S8.1_P3123_R1,2024,2,204.5,215.8022,Vetch,NA,NA,0.0,NA,NA,0.0,-420.30219999999997
812,manang,MANANG_S8.1_P3123_R1,2025,3,202.0,249.9854,Wheat,NA,NA,4025.97,NA,NA,1449.3492,997.3638000000001
813,manang,MANANG_S5_P4123_R2,2023,1,202.0,434.32,wheat,NA,NA,2353.0,NA,NA,847.0799999999999,210.75999999999993
814,manang,MANANG_S5_P4123_R2,2024,2,193.5,189.30169999999998,Lentil,NA,NA,348.84,NA,NA,268.25796,-114.54373999999996
815,manang,MANANG_S5_P4123_R2,2025,3,202.0,254.4854,Wheat,NA,NA,3479.7,NA,NA,1252.6919999999998,796.2065999999998
816,manang,MANANG_S2_P1212_R2,2023,1,193.5,501.3472,lentil,NA,NA,1145.0,NA,NA,880.505,185.6578
817,manang,MANANG_S2_P1212_R2,2024,2,221.5,322.7692,Wheat,NA,NA,1920.54,NA,NA,691.3943999999999,147.1251999999999
818,manang,MANANG_S2_P1212_R2,2025,3,193.5,207.39989999999997,Lentil,NA,NA,1804.63,NA,NA,1387.7604700000002,986.8605700000002
819,manang,MANANG_S8.2_P2312_R1,2023,1,191.0,434.32,wheat,NA,NA,2828.0,NA,NA,1018.08,392.76000000000005
820,manang,MANANG_S8.2_P2312_R1,2024,2,221.5,294.76919999999996,Wheat,NA,NA,957.69,NA,NA,344.7684,-171.50079999999997
821,manang,MANANG_S8.2_P2312_R1,2025,3,215.5,295.1744,Vetch,NA,NA,0.0,NA,NA,0.0,-510.6744
822,manang,MANANG_S10.2_P3123_R2,2023,1,191.0,434.32,wheat,NA,NA,2758.0,NA,NA,992.88,367.56
823,manang,MANANG_S10.2_P3123_R2,2024,2,258.8285,280.6572,Wheat,Vetch,NA,1933.14,NA,NA,695.9304,156.44469999999995
824,manang,MANANG_S10.2_P3123_R2,2025,3,202.0,263.98539999999997,Wheat,NA,NA,4062.31,NA,NA,1462.4316,996.4461999999999
825,manang,MANANG_S13_P0000_R3,2023,1,193.5,513.1,canola,NA,NA,1158.0,NA,NA,799.02,92.41999999999996
826,manang,MANANG_S13_P0000_R3,2024,2,213.0,253.76919999999998,Wheat,NA,NA,1718.08,NA,NA,618.5088,151.73959999999997
827,manang,MANANG_S13_P0000_R3,2025,3,193.5,211.5854,Barley,NA,NA,4212.23,NA,NA,1310.8459759999998,905.7605759999999
828,manang,MANANG_S1.1_P1231_R3,2023,1,193.5,501.3472,lentil,NA,NA,1014.0,NA,NA,779.766,84.91879999999998
829,manang,MANANG_S1.1_P1231_R3,2024,2,213.0,294.26919999999996,Wheat,NA,NA,2409.68,NA,NA,867.4848,360.2156
830,manang,MANANG_S1.1_P1231_R3,2025,3,202.0,296.48539999999997,Wheat,NA,NA,4154.56,NA,NA,1495.6416000000002,997.1562000000001
831,manang,MANANG_S1.2_P3123_R3,2023,1,202.0,434.32,wheat,NA,NA,3684.0,NA,NA,1326.24,689.9200000000001
832,manang,MANANG_S1.2_P3123_R3,2024,2,193.5,189.30169999999998,Lentil,NA,NA,355.27,NA,NA,273.20263,-109.59906999999998
833,manang,MANANG_S1.2_P3123_R3,2025,3,202.0,288.4854,Wheat,NA,NA,3977.7,NA,NA,1431.972,941.4866
834,manang,MANANG_S5_P1234_R3,2023,1,193.5,501.3472,lentil,NA,NA,948.0,NA,NA,729.0120000000001,34.16480000000007
835,manang,MANANG_S5_P1234_R3,2024,2,221.5,311.26919999999996,Wheat,NA,NA,2431.45,NA,NA,875.3219999999999,342.55279999999993
836,manang,MANANG_S5_P1234_R3,2025,3,202.0,249.9854,Wheat,NA,NA,3789.15,NA,NA,1364.094,912.1086
837,manang,MANANG_S13_P0000_R5,2023,1,182.5,513.0999999999999,canola,NA,NA,1263.0,NA,NA,871.4699999999999,175.87
838,manang,MANANG_S13_P0000_R5,2024,2,213.0,253.76919999999998,Wheat,NA,NA,1947.67,NA,NA,701.1612,234.39200000000002
839,manang,MANANG_S5_P1234_R2,2023,1,193.5,501.3472,lentil,NA,NA,1081.0,NA,NA,831.289,136.4418
840,manang,MANANG_S5_P1234_R2,2024,2,221.5,311.2692,Wheat,NA,NA,2138.58,NA,NA,769.8888,237.11959999999993
841,manang,MANANG_S5_P1234_R2,2025,3,202.0,249.9854,Wheat,NA,NA,3791.82,NA,NA,1365.0552,913.0698
842,manang,MANANG_S9_P2312_R3,2023,1,180.0,434.32,wheat,NA,NA,3037.0,NA,NA,1093.32,478.99999999999994
843,manang,MANANG_S9_P2312_R3,2024,2,202.0,339.62919999999997,Oats,NA,NA,5000.0,NA,NA,1260.0,718.3708
844,manang,MANANG_S9_P2312_R3,2025,3,204.5,270.59439999999995,Vetch,NA,NA,0.0,NA,NA,0.0,-475.09439999999995
845,manang,MANANG_S13_P0000_R7,2023,1,193.5,513.1,canola,NA,NA,1419.0,NA,NA,979.11,272.51
846,manang,MANANG_S13_P0000_R7,2024,2,213.0,253.76919999999996,Wheat,NA,NA,2188.28,NA,NA,787.7808,321.01160000000004
847,manang,MANANG_S9_P3123_R1,2023,1,213.0,517.72,oat,NA,NA,0.0,NA,NA,0.0,-730.72
848,manang,MANANG_S9_P3123_R1,2024,2,193.5,210.75219999999996,Vetch,NA,NA,1384.78,NA,NA,0.0,-404.25219999999996
849,manang,MANANG_S9_P3123_R1,2025,3,202.0,243.4854,Wheat,NA,NA,4072.36,NA,NA,1466.0496,1020.5642
850,manang,MANANG_S8.1_P1231_R2,2023,1,204.5,524.5,vetch,NA,NA,0.0,NA,NA,0.0,-729.0
851,manang,MANANG_S8.1_P1231_R2,2024,2,213.0,344.7692,Wheat,NA,NA,1996.12,NA,NA,718.6031999999999,160.8339999999999
852,manang,MANANG_S8.1_P1231_R2,2025,3,202.0,239.9854,Wheat,NA,NA,3583.11,NA,NA,1289.9196,847.9341999999999
853,manang,MANANG_S10.2_P2312_R1,2023,1,191.0,434.32,wheat,NA,NA,3656.0,NA,NA,1316.16,690.8400000000001
854,manang,MANANG_S10.2_P2312_R1,2024,2,213.0,325.26920000000007,Wheat,NA,NA,1334.24,NA,NA,480.3264,-57.94280000000009
855,manang,MANANG_S10.2_P2312_R1,2025,3,311.78775,425.9944,Wheat,Vetch,NA,3611.51,NA,NA,1300.1436,562.3614500000001
856,manang,MANANG_S1.3_P2312_R2,2023,1,191.0,479.32,wheat,NA,NA,3184.0,NA,NA,1146.24,475.92
857,manang,MANANG_S1.3_P2312_R2,2024,2,213.0,373.76920000000007,Wheat,NA,NA,2141.94,NA,NA,771.0984,184.3291999999999
858,manang,MANANG_S1.3_P2312_R2,2025,3,193.5,207.3999,Lentil,NA,NA,2128.21,NA,NA,1636.59349,1235.6935899999999
859,manang,MANANG_S9_P2312_R2,2023,1,191.0,434.32,wheat,NA,NA,3229.0,NA,NA,1162.44,537.1200000000001
860,manang,MANANG_S9_P2312_R2,2024,2,202.0,339.62919999999997,Oats,NA,NA,6100.0,NA,NA,1537.2,995.5708000000001
861,manang,MANANG_S9_P2312_R2,2025,3,204.5,270.59439999999995,Vetch,NA,NA,0.0,NA,NA,0.0,-475.09439999999995
862,manang,MANANG_S6_P1111_R4,2023,1,191.0,434.32,wheat,NA,NA,3628.0,NA,NA,1306.08,680.76
863,manang,MANANG_S6_P1111_R4,2024,2,221.5,320.7692,Wheat,NA,NA,2105.9,NA,NA,758.124,215.8548
864,manang,MANANG_S13_P0000_R9,2023,1,182.5,513.0999999999999,canola,NA,NA,1289.0,NA,NA,889.41,193.81000000000006
865,manang,MANANG_S13_P0000_R9,2024,2,213.0,253.76919999999998,Wheat,NA,NA,2395.0,NA,NA,862.1999999999999,395.4308
866,manang,MANANG_S10.1_P1231_R1,2023,1,288.65,448.4972,wheat,vetch,NA,3026.0,0.0,NA,0.0,-737.1472
867,manang,MANANG_S10.1_P1231_R1,2024,2,221.5,309.2692,Wheat,NA,NA,1419.32,NA,NA,510.95519999999993,-19.814000000000078
868,manang,MANANG_S10.1_P1231_R1,2025,3,202.0,275.9854,Wheat,NA,NA,3559.76,NA,NA,1281.5136,803.5282
869,manang,MANANG_S5_P3412_R2,2023,1,191.0,434.32,wheat,NA,NA,2714.0,NA,NA,977.04,351.71999999999997
870,manang,MANANG_S5_P3412_R2,2024,2,221.5,305.76919999999996,Wheat,NA,NA,1366.58,NA,NA,491.96879999999993,-35.300400000000025
871,manang,MANANG_S5_P3412_R2,2025,3,193.5,207.3999,Lentil,NA,NA,1714.28,NA,NA,1318.28132,917.38142
872,manang,MANANG_S8.2_P3123_R3,2023,1,191.0,434.32,wheat,NA,NA,3512.0,NA,NA,1264.32,639.0
873,manang,MANANG_S8.2_P3123_R3,2024,2,193.5,210.7522,Vetch,NA,NA,0.0,NA,NA,0.0,-404.2522
874,manang,MANANG_S8.2_P3123_R3,2025,3,202.0,257.48539999999997,Wheat,NA,NA,4063.25,NA,NA,1462.77,1003.2846
875,manang,MANANG_S6_P1111_R2,2023,1,202.0,434.32,wheat,NA,NA,3636.0,NA,NA,1308.96,672.6400000000001
876,manang,MANANG_S6_P1111_R2,2024,2,221.5,320.7692,Wheat,NA,NA,1181.46,NA,NA,425.3256,-116.9436
877,manang,MANANG_S6_P1111_R2,2025,3,202.0,265.98539999999997,Wheat,NA,NA,3832.14,NA,NA,1379.5703999999998,911.5849999999998
878,manang,MANANG_S10.1_P3123_R1,2023,1,182.5,409.82,wheat,NA,NA,3270.0,NA,NA,1177.2,584.8800000000001
879,manang,MANANG_S10.1_P3123_R1,2024,2,215.92525,207.1572,Wheat,Vetch,NA,897.01,NA,NA,322.9236,-100.15884999999997
880,manang,MANANG_S10.1_P3123_R1,2025,3,202.0,311.4854,Wheat,NA,NA,3611.33,NA,NA,1300.0788,786.5934
881,manang,MANANG_S7_P1231_R1,2024,1,265.5,639.7192000000001,Wheat,NA,NA,1907.93,NA,NA,686.8548,-218.36440000000016
882,manang,MANANG_S7_P1231_R1,2025,2,202.0,260.48539999999997,Wheat,NA,NA,4098.49,NA,NA,1475.4563999999998,1012.9709999999998
883,manang,MANANG_S12_P0000_R5,2023,1,182.5,412.09999999999997,canola,NA,NA,1642.0,NA,NA,1132.98,538.3800000000001
884,manang,MANANG_S12_P0000_R5,2024,2,213.0,255.26919999999998,Wheat,NA,NA,2069.85,NA,NA,745.146,276.8768
885,manang,MANANG_S8.2_P3123_R1,2023,1,191.0,434.32,wheat,NA,NA,2874.0,NA,NA,1034.64,409.3200000000001
886,manang,MANANG_S8.2_P3123_R1,2024,2,193.5,210.75220000000002,Vetch,NA,NA,0.0,NA,NA,0.0,-404.2522
887,manang,MANANG_S8.2_P3123_R1,2025,3,202.0,257.48539999999997,Wheat,NA,NA,3660.73,NA,NA,1317.8628,858.3774000000001
888,manang,MANANG_S7_P3123_R3,2023,1,202.0,434.32,wheat,NA,NA,3019.0,NA,NA,1086.84,450.5199999999999
889,manang,MANANG_S7_P3123_R3,2025,2,246.0,374.2426,Wheat,NA,NA,4446.22,NA,NA,1600.6392,980.3966
890,manang,MANANG_S5_P1234_R1,2023,1,204.5,518.5972,lentil,NA,NA,907.0,NA,NA,697.4830000000001,-25.614199999999983
891,manang,MANANG_S5_P1234_R1,2024,2,221.5,311.26919999999996,Wheat,NA,NA,1369.6,NA,NA,493.0559999999999,-39.71320000000003
892,manang,MANANG_S5_P1234_R1,2025,3,202.0,249.9854,Wheat,NA,NA,3442.26,NA,NA,1239.2136,787.2282
893,manang,MANANG_S4_P3412_R2,2023,1,202.0,434.32,wheat,NA,NA,3129.0,NA,NA,1126.44,490.12000000000006
894,manang,MANANG_S4_P3412_R2,2024,2,221.5,307.26919999999996,Wheat,NA,NA,1167.64,NA,NA,420.3504,-108.41879999999998
895,manang,MANANG_S4_P3412_R2,2025,3,193.5,207.39989999999997,Lentil,NA,NA,1919.38,NA,NA,1476.00322,1075.1033200000002
896,manang,MANANG_S10.1_P2312_R1,2023,1,193.5,409.82,wheat,NA,NA,2718.0,NA,NA,978.48,375.16
897,manang,MANANG_S10.1_P2312_R1,2024,2,221.5,311.76919999999996,Wheat,NA,NA,1442.81,NA,NA,519.4115999999999,-13.857600000000048
898,manang,MANANG_S10.1_P2312_R1,2025,3,304.45125,368.49440000000004,Wheat,Vetch,NA,3658.05,NA,NA,1316.898,643.9523499999998
899,manang,MANANG_S1.2_P1231_R2,2023,1,215.5,501.3472,lentil,NA,NA,948.0,NA,NA,729.0120000000001,12.16480000000007
900,manang,MANANG_S1.2_P1231_R2,2024,2,221.5,302.7692,Wheat,NA,NA,1942.96,NA,NA,699.4656,175.19639999999998
901,manang,MANANG_S1.2_P1231_R2,2025,3,202.0,253.4854,Wheat,NA,NA,3567.73,NA,NA,1284.3828,828.8974000000001
902,manang,MANANG_S8.1_P2312_R3,2023,1,213.0,434.32,wheat,NA,NA,3238.0,NA,NA,1165.68,518.3600000000001
903,manang,MANANG_S8.1_P2312_R3,2024,2,221.5,310.7692,Wheat,NA,NA,2389.08,NA,NA,860.0687999999999,327.7995999999999
904,manang,MANANG_S8.1_P2312_R3,2025,3,215.5,285.2244,Vetch,NA,NA,0.0,NA,NA,0.0,-500.7244
905,manang,MANANG_S8.1_P1231_R1,2023,1,215.5,524.4999999999999,vetch,NA,NA,0.0,NA,NA,0.0,-739.9999999999999
906,manang,MANANG_S8.1_P1231_R1,2024,2,213.0,344.7692,Wheat,NA,NA,1570.41,NA,NA,565.3476,7.578400000000045
907,manang,MANANG_S8.1_P1231_R1,2025,3,202.0,239.9854,Wheat,NA,NA,3630.55,NA,NA,1306.998,865.0126
908,manang,MANANG_S11_P2121_R3,2023,1,202.0,434.32,wheat,NA,NA,2878.0,NA,NA,1036.08,399.75999999999993
909,manang,MANANG_S11_P2121_R3,2024,2,253.74625,299.1572,Wheat,Vetch,NA,2069.85,NA,NA,745.146,192.24254999999994
910,manang,MANANG_S11_P2121_R3,2025,3,202.0,285.4854,Wheat,NA,NA,3476.85,NA,NA,1251.666,764.1805999999999
911,manang,MANANG_S8.1_P1231_R3,2023,1,204.5,524.5,vetch,NA,NA,0.0,NA,NA,0.0,-729.0
912,manang,MANANG_S8.1_P1231_R3,2024,2,213.0,344.7692,Wheat,NA,NA,2397.51,NA,NA,863.1036,305.3344
913,manang,MANANG_S8.1_P1231_R3,2025,3,202.0,239.9854,Wheat,NA,NA,3798.73,NA,NA,1367.5428,925.5573999999999
914,manang,MANANG_S1.3_P2312_R3,2023,1,191.0,479.32,wheat,NA,NA,3274.0,NA,NA,1178.64,508.3200000000001
915,manang,MANANG_S1.3_P2312_R3,2024,2,213.0,373.7692,Wheat,NA,NA,1870.06,NA,NA,673.2216,86.45239999999995
916,manang,MANANG_S1.3_P2312_R3,2025,3,193.5,207.39989999999997,Lentil,NA,NA,1750.98,NA,NA,1346.50362,945.60372
917,manang,MANANG_S3_P2312_R1,2023,1,193.5,501.3472,lentil,NA,NA,944.0,NA,NA,725.936,31.08880000000005
918,manang,MANANG_S3_P2312_R1,2024,2,213.0,331.2692,Wheat,NA,NA,1863.86,NA,NA,670.9896,126.72039999999998
919,manang,MANANG_S3_P2312_R1,2025,3,193.5,207.3999,Lentil,NA,NA,2144.19,NA,NA,1648.88211,1247.9822100000001
920,manang,MANANG_S5_P3412_R1,2023,1,191.0,434.32,wheat,NA,NA,2528.0,NA,NA,910.08,284.76000000000005
921,manang,MANANG_S5_P3412_R1,2024,2,221.5,305.76919999999996,Wheat,NA,NA,661.71,NA,NA,238.2156,-289.05359999999996
922,manang,MANANG_S5_P3412_R1,2025,3,193.5,207.3999,Lentil,NA,NA,1585.28,NA,NA,1219.08032,818.18042
923,manang,MANANG_S5_P2341_R1,2023,1,191.0,434.32,wheat,NA,NA,3121.0,NA,NA,1123.56,498.23999999999995
924,manang,MANANG_S5_P2341_R1,2024,2,221.5,328.7692,Wheat,NA,NA,1098.06,NA,NA,395.3016,-154.9676
925,manang,MANANG_S5_P2341_R1,2025,3,202.0,260.98539999999997,Wheat,NA,NA,3806.19,NA,NA,1370.2284,907.2429999999999
926,manang,MANANG_S10.2_P3123_R3,2023,1,202.0,434.32,wheat,NA,NA,2862.0,NA,NA,1030.32,393.99999999999994
927,manang,MANANG_S10.2_P3123_R3,2024,2,261.80674999999997,280.6572,Wheat,Vetch,NA,2052.27,NA,NA,738.8172,196.35325
928,manang,MANANG_S10.2_P3123_R3,2025,3,202.0,263.98539999999997,Wheat,NA,NA,3825.4,NA,NA,1377.144,911.1586
929,manang,MANANG_S1.3_P2312_R1,2023,1,191.0,479.32,wheat,NA,NA,3726.0,NA,NA,1341.36,671.04
930,manang,MANANG_S1.3_P2312_R1,2024,2,213.0,373.7692,Wheat,NA,NA,1333.65,NA,NA,480.114,-106.65520000000004
931,manang,MANANG_S1.3_P2312_R1,2025,3,193.5,207.39989999999997,Lentil,NA,NA,1863.9,NA,NA,1433.3391,1032.4392
932,manang,MANANG_S7_P2312_R1,2023,1,202.0,434.32,wheat,NA,NA,2744.0,NA,NA,987.84,351.52000000000004
933,manang,MANANG_S7_P2312_R1,2024,2,221.5,298.76919999999996,Wheat,NA,NA,1167.54,NA,NA,420.3144,-99.95479999999998
934,manang,MANANG_S12_P0000_R8,2023,1,193.5,412.09999999999997,canola,NA,NA,1145.0,NA,NA,790.05,184.45
935,manang,MANANG_S12_P0000_R8,2024,2,213.0,255.26919999999998,Wheat,NA,NA,2203.72,NA,NA,793.3391999999999,325.06999999999994
936,manang,MANANG_S6_P1111_R3,2023,1,191.0,434.32,wheat,NA,NA,2823.0,NA,NA,1016.28,390.96
937,manang,MANANG_S6_P1111_R3,2024,2,221.5,320.76920000000007,Wheat,NA,NA,2280.96,NA,NA,821.1456,278.8763999999999
938,manang,MANANG_S6_P1111_R3,2025,3,202.0,265.98539999999997,Wheat,NA,NA,4073.39,NA,NA,1466.4204,998.435
939,manang,MANANG_S5_P2341_R2,2023,1,202.0,434.32,wheat,NA,NA,3197.0,NA,NA,1150.9199999999998,514.5999999999999
940,manang,MANANG_S5_P2341_R2,2024,2,221.5,328.7692,Wheat,NA,NA,1603.61,NA,NA,577.2995999999999,27.03039999999993
941,manang,MANANG_S5_P2341_R2,2025,3,202.0,260.98539999999997,Wheat,NA,NA,3569.95,NA,NA,1285.1819999999998,822.1965999999998
942,manang,MANANG_S6_P1111_R1,2023,1,213.0,434.32,wheat,NA,NA,3445.0,NA,NA,1240.2,592.8800000000001
943,manang,MANANG_S6_P1111_R1,2024,2,221.5,320.7692,Wheat,NA,NA,998.88,NA,NA,359.5968,-182.67240000000004
944,manang,MANANG_S6_P1111_R1,2025,3,202.0,265.98539999999997,Wheat,NA,NA,3388.82,NA,NA,1219.9752,751.9898000000001
945,manang,MANANG_S8.1_P2312_R2,2023,1,202.0,434.32,wheat,NA,NA,3156.0,NA,NA,1136.16,499.8400000000001
946,manang,MANANG_S8.1_P2312_R2,2024,2,221.5,310.7692,Wheat,NA,NA,1108.99,NA,NA,399.2364,-133.0328
947,manang,MANANG_S8.1_P2312_R2,2025,3,215.5,285.2244,Vetch,NA,NA,0.0,NA,NA,0.0,-500.7244
948,manang,MANANG_S10.2_P3123_R1,2023,1,180.0,434.32,wheat,NA,NA,3694.0,NA,NA,1329.84,715.52
949,manang,MANANG_S10.2_P3123_R1,2024,2,232.4975,280.6572,Wheat,Vetch,NA,879.9,NA,NA,316.76399999999995,-196.39070000000004
950,manang,MANANG_S10.2_P3123_R1,2025,3,202.0,263.98539999999997,Wheat,NA,NA,3691.2,NA,NA,1328.832,862.8466000000001
951,manang,MANANG_S5_P3412_R3,2023,1,202.0,434.32,wheat,NA,NA,3475.0,NA,NA,1251.0,614.6800000000001
952,manang,MANANG_S5_P3412_R3,2024,2,221.5,305.76919999999996,Wheat,NA,NA,2028.66,NA,NA,730.3176,203.04840000000002
953,manang,MANANG_S5_P3412_R3,2025,3,193.5,207.3999,Lentil,NA,NA,1750.98,NA,NA,1346.50362,945.60372
954,manang,MANANG_S10.2_P1231_R2,2023,1,299.125,448.4972,wheat,vetch,NA,3005.0,0.0,NA,0.0,-747.6222
955,manang,MANANG_S10.2_P1231_R2,2024,2,213.0,302.26919999999996,Wheat,NA,NA,2046.16,NA,NA,736.6176,221.34840000000008
956,manang,MANANG_S10.2_P1231_R2,2025,3,202.0,280.9854,Wheat,NA,NA,4136.56,NA,NA,1489.1616,1006.1761999999999
957,manang,MANANG_S9_P1231_R2,2023,1,226.5,524.4999999999999,vetch,NA,NA,0.0,NA,NA,0.0,-750.9999999999999
958,manang,MANANG_S9_P1231_R2,2024,2,213.0,301.2692,Wheat,NA,NA,2286.82,NA,NA,823.2552000000001,308.98600000000005
959,manang,MANANG_S9_P1231_R2,2025,3,213.0,327.3654,Oats,NA,NA,7053.33,NA,NA,1777.43916,1237.0737599999998
960,manang,MANANG_S1.1_P3123_R2,2023,1,191.0,458.82,wheat,NA,NA,3782.0,NA,NA,1361.52,711.7
961,manang,MANANG_S1.1_P3123_R2,2024,2,193.5,189.30169999999998,Lentil,NA,NA,386.17,NA,NA,296.96473000000003,-85.83696999999995
962,manang,MANANG_S1.1_P3123_R2,2025,3,202.0,274.48539999999997,Wheat,NA,NA,4042.06,NA,NA,1455.1416,978.6561999999999
963,manang,MANANG_S1.3_P1231_R2,2023,1,215.5,501.3472,lentil,NA,NA,1031.0,NA,NA,792.839,75.99180000000007
964,manang,MANANG_S1.3_P1231_R2,2024,2,221.5,338.2692,Wheat,NA,NA,1807.26,NA,NA,650.6136,90.84440000000001
965,manang,MANANG_S1.3_P1231_R2,2025,3,202.0,320.98539999999997,Wheat,NA,NA,3464.91,NA,NA,1247.3675999999998,724.3821999999998
966,manang,MANANG_S9_P1231_R3,2023,1,226.5,524.5,vetch,NA,NA,0.0,NA,NA,0.0,-751.0
967,manang,MANANG_S9_P1231_R3,2024,2,213.0,301.26919999999996,Wheat,NA,NA,2450.87,NA,NA,882.3131999999999,368.044
968,manang,MANANG_S9_P1231_R3,2025,3,213.0,327.3654,Oats,NA,NA,6316.17,NA,NA,1591.67484,1051.30944
969,manang,MANANG_S10.2_P2312_R3,2023,1,202.0,434.32,wheat,NA,NA,3207.0,NA,NA,1154.52,518.2
970,manang,MANANG_S10.2_P2312_R3,2024,2,213.0,325.26920000000007,Wheat,NA,NA,2075.0,NA,NA,747.0,208.73079999999993
971,manang,MANANG_S10.2_P2312_R3,2025,3,319.06,425.9944,Wheat,Vetch,NA,3902.4,NA,NA,1404.864,659.8096
972,manang,MANANG_S9_P2312_R1,2023,1,202.0,434.32,wheat,NA,NA,2843.0,NA,NA,1023.48,387.16
973,manang,MANANG_S9_P2312_R1,2024,2,202.0,339.62919999999997,Oats,NA,NA,5100.0,NA,NA,1285.2,743.5708000000001
974,manang,MANANG_S9_P2312_R1,2025,3,204.5,270.5944,Vetch,NA,NA,0.0,NA,NA,0.0,-475.0944
975,manang,MANANG_S3_P3123_R1,2023,1,191.0,434.32,wheat,NA,NA,2607.0,NA,NA,938.52,313.2
976,manang,MANANG_S3_P3123_R1,2024,2,193.5,189.30169999999998,Lentil,NA,NA,208.33,NA,NA,160.20577,-222.59592999999998
977,manang,MANANG_S3_P3123_R1,2025,3,193.5,207.39989999999997,Lentil,NA,NA,1870.82,NA,NA,1438.66058,1037.76068
978,manang,MANANG_S10.1_P3123_R2,2023,1,193.5,409.82,wheat,NA,NA,3451.0,NA,NA,1242.36,639.04
979,manang,MANANG_S10.1_P3123_R2,2024,2,236.2955,207.1572,Wheat,Vetch,NA,1711.82,NA,NA,616.2552,172.80249999999995
980,manang,MANANG_S10.1_P3123_R2,2025,3,202.0,311.4854,Wheat,NA,NA,3589.87,NA,NA,1292.3532,778.8678
981,manang,MANANG_S1.3_P3123_R1,2023,1,202.0,479.32,wheat,NA,NA,3598.0,NA,NA,1295.28,613.96
982,manang,MANANG_S1.3_P3123_R1,2024,2,193.5,189.3017,Lentil,NA,NA,210.0,NA,NA,161.49,-221.3117
983,manang,MANANG_S1.3_P3123_R1,2025,3,202.0,323.98539999999997,Wheat,NA,NA,4003.9,NA,NA,1441.404,915.4186
984,manang,MANANG_S11_P2121_R2,2023,1,191.0,434.32,wheat,NA,NA,2768.0,NA,NA,996.48,371.16
985,manang,MANANG_S11_P2121_R2,2024,2,234.58225,299.1572,Wheat,Vetch,NA,1303.29,NA,NA,469.1844,-64.55505
986,manang,MANANG_S11_P2121_R2,2025,3,202.0,285.4854,Wheat,NA,NA,3235.11,NA,NA,1164.6396,677.1542
987,manang,MANANG_S10.2_P1231_R3,2023,1,309.725,448.4972,wheat,vetch,NA,3429.0,0.0,NA,0.0,-758.2222
988,manang,MANANG_S10.2_P1231_R3,2024,2,213.0,302.26919999999996,Wheat,NA,NA,2255.21,NA,NA,811.8756,296.6064
989,manang,MANANG_S10.2_P1231_R3,2025,3,202.0,280.9854,Wheat,NA,NA,3852.23,NA,NA,1386.8028,903.8173999999999
990,manang,MANANG_S3_P2312_R2,2023,1,193.5,501.3472,lentil,NA,NA,695.0,NA,NA,534.455,-160.39219999999995
991,manang,MANANG_S3_P2312_R2,2024,2,213.0,331.2692,Wheat,NA,NA,1946.78,NA,NA,700.8408,156.57159999999993
992,manang,MANANG_S3_P2312_R2,2025,3,193.5,207.39989999999997,Lentil,NA,NA,1553.53,NA,NA,1194.66457,793.7646699999999
993,manang,MANANG_S2_P1212_R3,2023,1,226.5,501.34720000000004,lentil,NA,NA,674.0,NA,NA,518.306,-209.5412
994,manang,MANANG_S2_P1212_R3,2024,2,221.5,322.76919999999996,Wheat,NA,NA,2248.86,NA,NA,809.5896,265.32040000000006
995,manang,MANANG_S2_P1212_R3,2025,3,193.5,207.39989999999997,Lentil,NA,NA,1914.16,NA,NA,1471.9890400000002,1071.0891400000003
996,manang,MANANG_S10.1_P2312_R3,2023,1,193.5,409.82,wheat,NA,NA,3383.0,NA,NA,1217.88,614.5600000000002
997,manang,MANANG_S10.1_P2312_R3,2024,2,221.5,311.76919999999996,Wheat,NA,NA,2449.5,NA,NA,881.8199999999999,348.5508
998,manang,MANANG_S10.1_P2312_R3,2025,3,312.347,368.4944,Wheat,Vetch,NA,3973.88,NA,NA,1430.5968,749.7554
999,manang,MANANG_S13_P0000_R2,2023,1,171.5,513.0999999999999,canola,NA,NA,1177.0,NA,NA,812.1299999999999,127.52999999999997
1000,manang,MANANG_S13_P0000_R2,2024,2,213.0,253.76919999999996,Wheat,NA,NA,1067.87,NA,NA,384.4332,-82.33599999999996
1001,manang,MANANG_S13_P0000_R2,2025,3,193.5,211.5854,Barley,NA,NA,4354.92,NA,NA,1355.251104,950.165704
1002,manang,MANANG_S1.2_P3123_R1,2023,1,202.0,434.32,wheat,NA,NA,3151.0,NA,NA,1134.36,498.0399999999999
1003,manang,MANANG_S1.2_P3123_R1,2024,2,193.5,189.30169999999998,Lentil,NA,NA,325.92,NA,NA,250.63248,-132.16922
1004,manang,MANANG_S1.2_P3123_R1,2025,3,202.0,288.4854,Wheat,NA,NA,3531.9,NA,NA,1271.484,780.9985999999999
1005,manang,MANANG_S9_P1231_R1,2023,1,226.5,524.5,vetch,NA,NA,0.0,NA,NA,0.0,-751.0
1006,manang,MANANG_S9_P1231_R1,2024,2,213.0,301.2692,Wheat,NA,NA,803.23,NA,NA,289.1628,-225.1064
1007,manang,MANANG_S9_P1231_R1,2025,3,213.0,327.3654,Oats,NA,NA,5013.0,NA,NA,1263.276,722.9106
1008,manang,MANANG_S13_P0000_R4,2023,1,182.5,513.0999999999999,canola,NA,NA,1476.0,NA,NA,1018.44,322.84000000000015
1009,manang,MANANG_S13_P0000_R4,2024,2,213.0,253.76919999999998,Wheat,NA,NA,1941.13,NA,NA,698.8068000000001,232.03760000000008
1010,manang,MANANG_S4_P4123_R3,2023,1,202.0,434.32,wheat,NA,NA,2910.0,NA,NA,1047.6,411.2799999999999
1011,manang,MANANG_S4_P4123_R3,2024,2,193.5,189.30169999999998,Lentil,NA,NA,422.21,NA,NA,324.67949,-58.122209999999995
1012,manang,MANANG_S4_P4123_R3,2025,3,213.0,337.0804,Canola,NA,NA,2508.98,NA,NA,1731.1962,1181.1158
1013,manang,MANANG_S11_P1212_R2,2023,1,297.65,448.4972,wheat,vetch,NA,3386.0,0.0,NA,0.0,-746.1472
1014,manang,MANANG_S11_P1212_R2,2024,2,221.5,305.76919999999996,Wheat,NA,NA,2228.39,NA,NA,802.2203999999999,274.9512
1015,manang,MANANG_S11_P1212_R2,2025,3,320.9445,428.9944,Wheat,Vetch,NA,3977.78,NA,NA,1432.0008,682.0618999999999
1016,manang,MANANG_S12_P0000_R1,2023,1,182.5,412.09999999999997,canola,NA,NA,935.0,NA,NA,645.15,50.55000000000001
1017,manang,MANANG_S12_P0000_R1,2024,2,213.0,255.26919999999998,Wheat,NA,NA,1240.88,NA,NA,446.7168,-21.552400000000006
1018,manang,MANANG_S12_P0000_R1,2025,3,193.5,231.0854,Barley,NA,NA,4145.0,NA,NA,1289.924,865.3386
1019,manang,MANANG_S7_P1231_R2,2024,1,265.5,639.7192000000001,Wheat,NA,NA,1738.98,NA,NA,626.0328,-279.18640000000016
1020,manang,MANANG_S7_P1231_R2,2025,2,202.0,260.48539999999997,Wheat,NA,NA,3174.53,NA,NA,1142.8308,680.3453999999999
1021,manang,MANANG_S1.2_P1231_R3,2023,1,226.5,501.3472,lentil,NA,NA,693.0,NA,NA,532.917,-194.93019999999996
1022,manang,MANANG_S1.2_P1231_R3,2024,2,221.5,302.76919999999996,Wheat,NA,NA,2528.1,NA,NA,910.116,385.84680000000003
1023,manang,MANANG_S1.2_P1231_R3,2025,3,202.0,253.4854,Wheat,NA,NA,3826.09,NA,NA,1377.3924,921.9069999999999
1024,manang,MANANG_S8.2_P2312_R2,2023,1,191.0,434.32,wheat,NA,NA,3349.0,NA,NA,1205.64,580.3200000000002
1025,manang,MANANG_S8.2_P2312_R2,2024,2,221.5,294.76919999999996,Wheat,NA,NA,1838.15,NA,NA,661.734,145.46480000000008
1026,manang,MANANG_S8.2_P2312_R2,2025,3,215.5,295.1744,Vetch,NA,NA,0.0,NA,NA,0.0,-510.6744
1027,manang,MANANG_S4_P2341_R3,2023,1,191.0,450.5,canola,NA,NA,1338.0,NA,NA,923.22,281.72
1028,manang,MANANG_S4_P2341_R3,2024,2,213.0,317.26919999999996,Wheat,NA,NA,2270.66,NA,NA,817.4375999999999,287.1683999999999
1029,manang,MANANG_S4_P2341_R3,2025,3,202.0,247.9854,Wheat,NA,NA,3877.92,NA,NA,1396.0512,946.0658000000001
1030,manang,MANANG_S13_P0000_R1,2023,1,182.5,513.0999999999999,canola,NA,NA,912.0,NA,NA,629.28,-66.31999999999994
1031,manang,MANANG_S13_P0000_R1,2024,2,213.0,253.76919999999998,Wheat,NA,NA,751.74,NA,NA,270.6264,-196.1428
1032,manang,MANANG_S13_P0000_R1,2025,3,193.5,211.5854,Barley,NA,NA,3584.85,NA,NA,1115.60532,710.51992
1033,manang,MANANG_S2_P1212_R1,2023,1,193.5,501.3472,lentil,NA,NA,870.0,NA,NA,669.03,-25.817200000000014
1034,manang,MANANG_S2_P1212_R1,2024,2,221.5,322.7692,Wheat,NA,NA,1782.38,NA,NA,641.6568,97.38759999999996
1035,manang,MANANG_S2_P1212_R1,2025,3,193.5,207.3999,Lentil,NA,NA,1952.5,NA,NA,1501.4725,1100.5726
1036,manang,MANANG_S1.3_P3123_R3,2023,1,213.0,479.32,wheat,NA,NA,3146.0,NA,NA,1132.56,440.23999999999995
1037,manang,MANANG_S1.3_P3123_R3,2024,2,193.5,189.30169999999998,Lentil,NA,NA,360.42,NA,NA,277.16298,-105.63871999999998
1038,manang,MANANG_S1.3_P3123_R3,2025,3,202.0,323.9854,Wheat,NA,NA,4477.32,NA,NA,1611.8351999999998,1085.8497999999997
1039,manang,MANANG_S3_P1231_R1,2023,1,204.5,501.3472,lentil,NA,NA,888.0,NA,NA,682.8720000000001,-22.975199999999916
1040,manang,MANANG_S3_P1231_R1,2024,2,193.5,189.30169999999998,Lentil,NA,NA,216.25,NA,NA,166.29625,-216.50545
1041,manang,MANANG_S3_P1231_R1,2025,3,202.0,251.4854,Wheat,NA,NA,4246.1,NA,NA,1528.596,1075.1106
1042,manang,MANANG_S5_P2341_R3,2023,1,202.0,434.32,wheat,NA,NA,3540.0,NA,NA,1274.4,638.0800000000002
1043,manang,MANANG_S5_P2341_R3,2024,2,221.5,328.7692,Wheat,NA,NA,1716.61,NA,NA,617.9795999999999,67.71039999999988
1044,manang,MANANG_S5_P2341_R3,2025,3,202.0,260.98539999999997,Wheat,NA,NA,3265.23,NA,NA,1175.4828,712.4974
1045,manang,MANANG_S1.2_P2312_R2,2023,1,202.0,434.32,wheat,NA,NA,3841.0,NA,NA,1382.76,746.44
1046,manang,MANANG_S1.2_P2312_R2,2024,2,221.5,315.7692,Wheat,NA,NA,1699.13,NA,NA,611.6868000000001,74.41760000000005
1047,manang,MANANG_S1.2_P2312_R2,2025,3,193.5,207.39989999999997,Lentil,NA,NA,1868.13,NA,NA,1436.5919700000002,1035.6920700000003
1048,manang,MANANG_S12_P0000_R6,2023,1,193.5,412.09999999999997,canola,NA,NA,1079.0,NA,NA,744.51,138.91000000000003
1049,manang,MANANG_S12_P0000_R6,2024,2,213.0,255.26919999999998,Wheat,NA,NA,1992.62,NA,NA,717.3431999999999,249.07399999999993
1050,manang,MANANG_S6_P1111_R5,2023,1,213.0,434.32,wheat,NA,NA,2556.0,NA,NA,920.16,272.84
1051,manang,MANANG_S6_P1111_R5,2024,2,221.5,320.7692,Wheat,NA,NA,2270.66,NA,NA,817.4375999999999,275.16839999999985
1052,manang,MANANG_S4_P3412_R1,2023,1,202.0,434.32,wheat,NA,NA,3138.0,NA,NA,1129.68,493.36000000000007
1053,manang,MANANG_S4_P3412_R1,2024,2,221.5,307.26919999999996,Wheat,NA,NA,1379.9,NA,NA,496.764,-32.005199999999945
1054,manang,MANANG_S4_P3412_R1,2025,3,193.5,207.39989999999997,Lentil,NA,NA,1711.43,NA,NA,1316.08967,915.1897700000001
1055,manang,MANANG_S8.2_P1231_R2,2023,1,215.5,524.4999999999999,vetch,NA,NA,0.0,NA,NA,0.0,-739.9999999999999
1056,manang,MANANG_S8.2_P1231_R2,2024,2,213.0,300.76919999999996,Wheat,NA,NA,2399.38,NA,NA,863.7768,350.0076
1057,manang,MANANG_S8.2_P1231_R2,2025,3,202.0,269.98539999999997,Wheat,NA,NA,3798.06,NA,NA,1367.3016,895.3162
1058,manang,MANANG_S4_P4123_R2,2023,1,191.0,434.32,wheat,NA,NA,2856.0,NA,NA,1028.16,402.8400000000001
1059,manang,MANANG_S4_P4123_R2,2024,2,193.5,189.30169999999998,Lentil,NA,NA,401.61,NA,NA,308.83809,-73.96360999999996
1060,manang,MANANG_S4_P4123_R2,2025,3,213.0,337.0804,Canola,NA,NA,2138.79,NA,NA,1475.7650999999998,925.6846999999998
1061,manang,MANANG_S11_P2121_R1,2023,1,191.0,434.32,wheat,NA,NA,3798.0,NA,NA,1367.28,741.96
1062,manang,MANANG_S11_P2121_R1,2024,2,225.73525,299.1572,Wheat,Vetch,NA,949.41,NA,NA,341.7876,-183.10485
1063,manang,MANANG_S11_P2121_R1,2025,3,202.0,285.4854,Wheat,NA,NA,3474.78,NA,NA,1250.9208,763.4354000000001
1064,manang,MANANG_S1.1_P1231_R2,2023,1,204.5,501.3472,lentil,NA,NA,720.0,NA,NA,553.6800000000001,-152.16719999999992
1065,manang,MANANG_S1.1_P1231_R2,2024,2,213.0,294.26919999999996,Wheat,NA,NA,2317.0,NA,NA,834.12,326.85080000000005
1066,manang,MANANG_S1.1_P1231_R2,2025,3,202.0,296.48539999999997,Wheat,NA,NA,3795.71,NA,NA,1366.4556,867.9702
1067,manang,MANANG_S10.1_P2312_R2,2023,1,171.5,409.82,wheat,NA,NA,2966.0,NA,NA,1067.76,486.44
1068,manang,MANANG_S10.1_P2312_R2,2024,2,221.5,311.7692,Wheat,NA,NA,1915.39,NA,NA,689.5404,156.27119999999996
1069,manang,MANANG_S10.1_P2312_R2,2025,3,307.15525,368.49440000000004,Wheat,Vetch,NA,3766.21,NA,NA,1355.8356,680.18595
1070,manang,MANANG_S8.1_P3123_R2,2023,1,202.0,434.32,wheat,NA,NA,3875.0,NA,NA,1395.0,758.6800000000001
1071,manang,MANANG_S8.1_P3123_R2,2024,2,204.5,215.80219999999997,Vetch,NA,NA,0.0,NA,NA,0.0,-420.30219999999997
1072,manang,MANANG_S8.1_P3123_R2,2025,3,202.0,249.9854,Wheat,NA,NA,4266.6,NA,NA,1535.976,1083.9906
1073,manang,MANANG_S1.1_P3123_R3,2023,1,202.0,458.82,wheat,NA,NA,2545.0,NA,NA,916.2,255.38000000000005
1074,manang,MANANG_S1.1_P3123_R3,2024,2,193.5,189.30169999999998,Lentil,NA,NA,374.01,NA,NA,287.61369,-95.18800999999996
1075,manang,MANANG_S1.1_P3123_R3,2025,3,202.0,274.48539999999997,Wheat,NA,NA,4198.16,NA,NA,1511.3375999999998,1034.8521999999998
1076,manang,MANANG_S5_P4123_R3,2023,1,213.0,434.32,wheat,NA,NA,2713.0,NA,NA,976.68,329.35999999999996
1077,manang,MANANG_S5_P4123_R3,2024,2,193.5,189.3017,Lentil,NA,NA,762.41,NA,NA,586.29329,203.49158999999995
1078,manang,MANANG_S5_P4123_R3,2025,3,202.0,254.4854,Wheat,NA,NA,4480.4,NA,NA,1612.9439999999995,1156.4585999999995
1079,manang,MANANG_S4_P2341_R2,2023,1,202.0,450.5,canola,NA,NA,1344.0,NA,NA,927.36,274.86
1080,manang,MANANG_S4_P2341_R2,2024,2,213.0,317.26919999999996,Wheat,NA,NA,1905.59,NA,NA,686.0124,155.7432
1081,manang,MANANG_S4_P2341_R2,2025,3,202.0,247.9854,Wheat,NA,NA,4129.61,NA,NA,1486.6595999999995,1036.6741999999995
1082,manang,MANANG_S3_P1231_R3,2023,1,204.5,501.3472,lentil,NA,NA,815.0,NA,NA,626.735,-79.11219999999997
1083,manang,MANANG_S3_P1231_R3,2024,2,193.5,189.30169999999998,Lentil,NA,NA,499.44,NA,NA,384.06936,1.2676600000000349
1084,manang,MANANG_S3_P1231_R3,2025,3,202.0,251.4854,Wheat,NA,NA,4459.65,NA,NA,1605.4739999999997,1151.9885999999997
1085,manang,MANANG_S7_P3123_R2,2023,1,191.0,434.32,wheat,NA,NA,2690.0,NA,NA,968.4,343.08
1086,manang,MANANG_S7_P3123_R2,2025,2,246.0,374.2426,Wheat,NA,NA,4623.22,NA,NA,1664.3592,1044.1166
1087,manang,MANANG_S6_P1111_R6,2023,1,191.0,434.32,wheat,NA,NA,2927.0,NA,NA,1053.72,428.40000000000003
1088,manang,MANANG_S6_P1111_R6,2024,2,221.5,320.76919999999996,Wheat,NA,NA,2272.84,NA,NA,818.2224,275.95320000000004
1089,manang,MANANG_S3_P3123_R3,2023,1,180.0,434.32,wheat,NA,NA,2488.0,NA,NA,895.68,281.35999999999996
1090,manang,MANANG_S3_P3123_R3,2024,2,193.5,189.30169999999998,Lentil,NA,NA,530.34,NA,NA,407.8314600000001,25.029760000000124
1091,manang,MANANG_S3_P3123_R3,2025,3,193.5,207.39989999999997,Lentil,NA,NA,1960.2,NA,NA,1507.3938,1106.4939000000002
1092,manang,MANANG_S2_P2121_R3,2023,1,202.0,434.32,wheat,NA,NA,3182.0,NA,NA,1145.52,509.2
1093,manang,MANANG_S2_P2121_R3,2024,2,193.5,189.30169999999998,Lentil,NA,NA,334.68,NA,NA,257.36892,-125.43277999999998
1094,manang,MANANG_S2_P2121_R3,2025,3,202.0,299.4854,Wheat,NA,NA,4363.25,NA,NA,1570.77,1069.2846
1095,manang,MANANG_S13_P0000_R8,2023,1,182.5,513.0999999999999,canola,NA,NA,1441.0,NA,NA,994.29,298.69000000000005
1096,manang,MANANG_S13_P0000_R8,2024,2,213.0,253.76919999999998,Wheat,NA,NA,2275.81,NA,NA,819.2915999999999,352.52239999999995
1097,manang,MANANG_S2_P2121_R1,2023,1,202.0,434.32,wheat,NA,NA,3854.0,NA,NA,1387.44,751.1200000000001
1098,manang,MANANG_S2_P2121_R1,2024,2,193.5,189.3017,Lentil,NA,NA,285.18,NA,NA,219.30342,-163.49828000000002
1099,manang,MANANG_S2_P2121_R1,2025,3,202.0,299.48539999999997,Wheat,NA,NA,4271.53,NA,NA,1537.7507999999998,1036.2653999999998
1100,manang,MANANG_S1.1_P1231_R1,2023,1,215.5,518.5972,lentil,NA,NA,1186.0,NA,NA,912.034,177.93679999999995
1101,manang,MANANG_S1.1_P1231_R1,2024,2,213.0,294.26919999999996,Wheat,NA,NA,1366.58,NA,NA,491.96879999999993,-15.300400000000025
1102,manang,MANANG_S1.1_P1231_R1,2025,3,202.0,296.4854,Wheat,NA,NA,3412.76,NA,NA,1228.5936,730.1081999999999
1103,manang,MANANG_S13_P0000_R6,2023,1,182.5,513.0999999999999,canola,NA,NA,1202.0,NA,NA,829.3799999999999,133.77999999999997
1104,manang,MANANG_S13_P0000_R6,2024,2,213.0,253.76919999999998,Wheat,NA,NA,1889.64,NA,NA,680.2704,213.5012
1105,manang,MANANG_S3_P1231_R2,2023,1,204.5,501.3472,lentil,NA,NA,885.0,NA,NA,680.565,-25.282199999999932
1106,manang,MANANG_S3_P1231_R2,2024,2,193.5,189.30169999999998,Lentil,NA,NA,411.26,NA,NA,316.25894,-66.54275999999999
1107,manang,MANANG_S3_P1231_R2,2025,3,202.0,251.4854,Wheat,NA,NA,4153.18,NA,NA,1495.1448,1041.6594
1108,manang,MANANG_S1.2_P1231_R1,2023,1,226.5,518.5972,lentil,NA,NA,767.0,NA,NA,589.823,-155.27420000000006
1109,manang,MANANG_S1.2_P1231_R1,2024,2,221.5,302.7692,Wheat,NA,NA,1853.6,NA,NA,667.2959999999999,143.02679999999992
1110,manang,MANANG_S1.2_P1231_R1,2025,3,202.0,253.4854,Wheat,NA,NA,3804.99,NA,NA,1369.7964,914.3109999999999
1111,manang,MANANG_S7_P1231_R3,2024,1,265.5,639.7192000000001,Wheat,NA,NA,2564.15,NA,NA,923.094,17.874799999999937
1112,manang,MANANG_S7_P1231_R3,2025,2,202.0,260.48539999999997,Wheat,NA,NA,3878.02,NA,NA,1396.0872,933.6017999999999
1113,manang,MANANG_S4_P1234_R2,2023,1,215.5,501.3472,lentil,NA,NA,1079.0,NA,NA,829.751,112.90379999999999
1114,manang,MANANG_S4_P1234_R2,2024,2,202.0,298.44719999999995,Canola,NA,NA,662.03,NA,NA,456.8007,-43.646499999999946
1115,manang,MANANG_S4_P1234_R2,2025,3,202.0,295.98539999999997,Wheat,NA,NA,2076.15,NA,NA,747.414,249.42860000000002
1116,manang,MANANG_S9_P3123_R2,2023,1,224.0,517.72,oat,NA,NA,0.0,NA,NA,0.0,-741.72
1117,manang,MANANG_S9_P3123_R2,2024,2,193.5,210.75219999999996,Vetch,NA,NA,2017.14,NA,NA,0.0,-404.25219999999996
1118,manang,MANANG_S9_P3123_R2,2025,3,202.0,243.4854,Wheat,NA,NA,4147.64,NA,NA,1493.1504,1047.665
1119,manang,MANANG_S9_P3123_R3,2023,1,224.0,517.72,oat,NA,NA,0.0,NA,NA,0.0,-741.72
1120,manang,MANANG_S9_P3123_R3,2024,2,193.5,210.75219999999996,Vetch,NA,NA,2502.0,NA,NA,0.0,-404.25219999999996
1121,manang,MANANG_S9_P3123_R3,2025,3,202.0,243.4854,Wheat,NA,NA,4459.56,NA,NA,1605.4416,1159.9562
1122,manang,MANANG_S12_P0000_R3,2023,1,171.5,412.09999999999997,canola,NA,NA,1144.0,NA,NA,789.3599999999999,205.75999999999993
1123,manang,MANANG_S12_P0000_R3,2024,2,213.0,255.26919999999998,Wheat,NA,NA,1879.45,NA,NA,676.602,208.3328
1124,manang,MANANG_S12_P0000_R3,2025,3,193.5,231.0854,Barley,NA,NA,4061.67,NA,NA,1263.991704,839.4063040000001
1125,manang,MANANG_S1.3_P3123_R2,2023,1,202.0,479.32,wheat,NA,NA,2768.0,NA,NA,996.48,315.16
1126,manang,MANANG_S1.3_P3123_R2,2024,2,193.5,189.30169999999998,Lentil,NA,NA,1520.31,NA,NA,1169.11839,786.3166900000001
1127,manang,MANANG_S1.3_P3123_R2,2025,3,202.0,323.9854,Wheat,NA,NA,4293.07,NA,NA,1545.5051999999998,1019.5197999999998
1128,appila,APPILA_S4_P3123_R1,2023,1,158.0,192.4,Wheat,NA,NA,0.0,NA,NA,0.0,-350.4
1129,appila,APPILA_S1_P3123_R3,2023,1,158.0,169.89999999999998,Barley,NA,NA,440.0,NA,NA,136.928,-190.97199999999998
1130,appila,APPILA_S6_P0000_R2,2023,1,158.0,226.4,Canola,NA,NA,100.0,NA,NA,69.0,-315.4
1131,appila,APPILA_S1_P3123_R2,2023,1,158.0,169.89999999999998,Barley,NA,NA,220.0,NA,NA,68.464,-259.436
1132,appila,APPILA_S3_P1234_R2,2023,1,149.5,125.6,Lentil,NA,NA,40.0,NA,NA,30.76,-244.33999999999997
1133,appila,APPILA_S5_P0000_R3,2023,1,149.5,144.9,Wheat,NA,NA,550.0,NA,NA,198.0,-96.4
1134,appila,APPILA_S2_P2121_R2,2023,1,158.0,192.39999999999998,Wheat,NA,NA,650.0,NA,NA,234.0,-116.39999999999998
1135,appila,APPILA_S3_P3412_R1,2023,1,158.0,192.4,Wheat,NA,NA,550.0,NA,NA,198.0,-152.4
1136,appila,APPILA_S4_P1231_R1,2023,1,151.25,102.69999999999999,Vetch ,Oat,NA,70.0,0.0,NA,0.0,-253.95
1137,appila,APPILA_S3_P1234_R3,2023,1,149.5,125.6,Lentil,NA,NA,20.0,NA,NA,15.38,-259.72
1138,appila,APPILA_S1_P1231_R1,2023,1,149.5,125.6,Vetch ,NA,NA,0.0,NA,NA,0.0,-275.1
1139,appila,APPILA_S3_P3412_R2,2023,1,158.0,192.4,Wheat,NA,NA,730.0,NA,NA,262.8,-87.6
1140,appila,APPILA_S1_P2312_R3,2023,1,158.0,169.9,Wheat,NA,NA,680.0,NA,NA,244.8,-83.1
1141,appila,APPILA_S4_P2312_R1,2023,1,158.0,192.39999999999998,Wheat,NA,NA,590.0,NA,NA,212.4,-137.99999999999997
1142,appila,APPILA_S4_P1231_R3,2023,1,156.5,102.69999999999999,Vetch ,Oat,NA,280.0,0.0,NA,0.0,-259.2
1143,appila,APPILA_S1_P2312_R2,2023,1,158.0,169.9,Wheat,NA,NA,550.0,NA,NA,198.0,-129.9
1144,appila,APPILA_S3_P4123_R2,2023,1,158.0,192.39999999999998,Wheat,NA,NA,630.0,NA,NA,226.8,-123.59999999999997
1145,appila,APPILA_S3_P2341_R1,2023,1,158.0,182.9,Canola,NA,NA,0.0,NA,NA,0.0,-340.9
1146,appila,APPILA_S3_P4123_R1,2023,1,158.0,192.4,Wheat,NA,NA,550.0,NA,NA,198.0,-152.4
1147,appila,APPILA_S6_P0000_R3,2023,1,158.0,226.4,Canola,NA,NA,60.0,NA,NA,41.4,-343.0
1148,appila,APPILA_S4_P3123_R2,2023,1,158.0,192.4,Wheat,NA,NA,580.0,NA,NA,208.8,-141.6
1149,appila,APPILA_S4_P2312_R2,2023,1,158.0,192.4,Wheat,NA,NA,590.0,NA,NA,212.4,-138.0
1150,appila,APPILA_S2_P1212_R1,2023,1,149.5,125.6,Lentil,NA,NA,10.0,NA,NA,7.69,-267.40999999999997
1151,appila,APPILA_S3_P2341_R3,2023,1,158.0,182.89999999999998,Canola,NA,NA,100.0,NA,NA,69.0,-271.9
1152,appila,APPILA_S3_P1234_R1,2023,1,149.5,125.6,Lentil,NA,NA,50.0,NA,NA,38.45,-236.64999999999998
1153,appila,APPILA_S1_P2312_R1,2023,1,158.0,169.89999999999998,Wheat,NA,NA,460.0,NA,NA,165.6,-162.29999999999998
1154,appila,APPILA_S4_P3123_R3,2023,1,158.0,192.4,Wheat,NA,NA,820.0,NA,NA,295.2,-55.20000000000002
1155,appila,APPILA_S2_P2121_R1,2023,1,158.0,192.4,Wheat,NA,NA,640.0,NA,NA,230.4,-120.0
1156,appila,APPILA_S6_P0000_R1,2023,1,158.0,226.4,Canola,NA,NA,110.0,NA,NA,75.89999999999999,-308.5
1157,appila,APPILA_S3_P3412_R3,2023,1,158.0,192.4,Wheat,NA,NA,660.0,NA,NA,237.6,-112.80000000000001
1158,appila,APPILA_S3_P4123_R3,2023,1,158.0,192.4,Wheat,NA,NA,610.0,NA,NA,219.6,-130.8
1159,appila,APPILA_S4_P1231_R2,2023,1,154.75,102.69999999999999,Vetch ,Oat,NA,210.0,0.0,NA,0.0,-257.45
1160,appila,APPILA_S1_P1231_R2,2023,1,149.5,125.6,Vetch ,NA,NA,0.0,NA,NA,0.0,-275.1
1161,appila,APPILA_S2_P1212_R3,2023,1,149.5,125.6,Lentil,NA,NA,0.0,NA,NA,0.0,-275.1
1162,appila,APPILA_S1_P1231_R3,2023,1,149.5,125.6,Vetch ,NA,NA,0.0,NA,NA,0.0,-275.1
1163,appila,APPILA_S2_P2121_R3,2023,1,158.0,192.4,Wheat,NA,NA,0.0,NA,NA,0.0,-350.4
1164,appila,APPILA_S2_P1212_R2,2023,1,149.5,125.6,Lentil,NA,NA,390.0,NA,NA,299.91,24.81000000000003
1165,appila,APPILA_S5_P0000_R1,2023,1,149.5,144.9,Wheat,NA,NA,510.0,NA,NA,183.6,-110.80000000000001
1166,appila,APPILA_S3_P2341_R2,2023,1,158.0,182.9,Canola,NA,NA,100.0,NA,NA,69.0,-271.9
1167,appila,APPILA_S4_P2312_R3,2023,1,158.0,192.4,Wheat,NA,NA,580.0,NA,NA,208.8,-141.6
1168,appila,APPILA_S1_P3123_R1,2023,1,158.0,169.9,Barley,NA,NA,260.0,NA,NA,80.91199999999999,-246.988
1169,appila,APPILA_S5_P0000_R2,2023,1,149.5,144.89999999999998,Wheat,NA,NA,580.0,NA,NA,208.8,-85.59999999999997
1170,wallup,WALLUP_S4_P2312_R1,2023,1,169.0,377.97,Wheat,NA,NA,4905.0,NA,NA,1765.8,1218.83
1171,wallup,WALLUP_S4_P2312_R1,2024,2,202.0,221.63400000000001,Wheat,NA,NA,2122.38,NA,NA,764.0568000000001,340.42280000000005
1172,wallup,WALLUP_S1_P1231_R3,2023,1,160.5,205.74720000000002,Lentil,NA,NA,2767.0,NA,NA,2127.823,1761.5757999999998
1173,wallup,WALLUP_S1_P1231_R3,2024,2,180.0,206.675,Wheat,NA,NA,1167.54,NA,NA,420.3144,33.639399999999966
1174,wallup,WALLUP_S1_P2312_R3,2023,1,158.0,190.47,Wheat,NA,NA,4924.0,NA,NA,1772.64,1424.17
1175,wallup,WALLUP_S1_P2312_R3,2024,2,191.0,302.634,Wheat,NA,NA,2534.41,NA,NA,912.3876,418.7536
1176,wallup,WALLUP_S2_P2341_R2,2023,1,158.0,521.3,Canola,NA,NA,2187.0,NA,NA,1509.03,829.73
1177,wallup,WALLUP_S2_P2341_R2,2024,2,191.0,214.675,Wheat,NA,NA,1153.85,NA,NA,415.386,9.711000000000013
1178,wallup,WALLUP_S3_P1234_R1,2023,1,182.5,204.3972,Vetch,NA,NA,0.0,NA,NA,0.0,-386.8972
1179,wallup,WALLUP_S3_P1234_R1,2024,2,193.5,240.74099999999999,Canola,NA,NA,1372.77,NA,NA,947.2113,512.9703000000001
1180,wallup,WALLUP_S2_P3412_R1,2023,1,169.0,377.97,Wheat,NA,NA,4704.0,NA,NA,1693.4399999999998,1146.4699999999998
1181,wallup,WALLUP_S2_P3412_R1,2024,2,191.0,227.63400000000001,Wheat,NA,NA,2144.95,NA,NA,772.1819999999999,353.5479999999999
1182,wallup,WALLUP_S1_P2312_R2,2023,1,158.0,190.47,Wheat,NA,NA,4239.0,NA,NA,1526.04,1177.57
1183,wallup,WALLUP_S1_P2312_R2,2024,2,202.0,302.634,Wheat,NA,NA,1879.07,NA,NA,676.4652,171.83119999999997
1184,wallup,WALLUP_S4_P3123_R1,2023,1,169.0,377.96999999999997,Wheat,NA,NA,4908.0,NA,NA,1766.88,1219.91
1185,wallup,WALLUP_S4_P3123_R1,2024,2,201.872,131.99,Lentil,Faba Bean,NA,334.88,NA,NA,257.52272,-76.33928000000003
1186,wallup,WALLUP_S4_P2312_R2,2023,1,169.0,377.96999999999997,Wheat,NA,NA,4927.0,NA,NA,1773.72,1226.75
1187,wallup,WALLUP_S4_P2312_R2,2024,2,191.0,221.63400000000001,Wheat,NA,NA,1686.05,NA,NA,606.978,194.34399999999994
1188,wallup,WALLUP_S3_P4123_R2,2023,1,158.0,377.96999999999997,Wheat,NA,NA,4782.0,NA,NA,1721.52,1185.55
1189,wallup,WALLUP_S3_P4123_R2,2024,2,193.5,129.3115,Vetch,NA,NA,0.0,NA,NA,0.0,-322.8115
1190,wallup,WALLUP_S5_P0000_R1,2023,1,180.0,201.47,Wheat,NA,NA,4557.0,NA,NA,1640.52,1259.05
1191,wallup,WALLUP_S5_P0000_R1,2024,2,193.5,132.52220000000003,Lentil,NA,NA,1991.42,NA,NA,1531.40198,1205.37978
1192,wallup,WALLUP_S5_P0000_R3,2023,1,169.0,201.47,Wheat,NA,NA,4019.0,NA,NA,1446.84,1076.37
1193,wallup,WALLUP_S5_P0000_R3,2024,2,204.5,132.52219999999997,Lentil,NA,NA,901.76,NA,NA,693.45344,356.43124
1194,wallup,WALLUP_S3_P4123_R3,2023,1,158.0,377.96999999999997,Wheat,NA,NA,5140.0,NA,NA,1850.4,1314.43
1195,wallup,WALLUP_S3_P4123_R3,2024,2,193.5,129.3115,Vetch,NA,NA,0.0,NA,NA,0.0,-322.8115
1196,wallup,WALLUP_S4_P1231_R2,2023,1,227.85,233.24720000000002,Lentil,fababean,NA,2694.0,0.0,NA,2071.686,1610.5888000000002
1197,wallup,WALLUP_S4_P1231_R2,2024,2,191.0,208.175,Wheat,NA,NA,1483.72,NA,NA,534.1392,134.96419999999995
1198,wallup,WALLUP_S2_P2341_R1,2023,1,147.0,521.3,Canola,NA,NA,2607.0,NA,NA,1798.83,1130.53
1199,wallup,WALLUP_S2_P2341_R1,2024,2,191.0,214.675,Wheat,NA,NA,1544.37,NA,NA,555.9731999999999,150.2981999999999
1200,wallup,WALLUP_S3_P1234_R3,2023,1,171.5,204.3972,Vetch,NA,NA,0.0,NA,NA,0.0,-375.8972
1201,wallup,WALLUP_S3_P1234_R3,2024,2,193.5,240.74099999999999,Canola,NA,NA,1366.87,NA,NA,943.1402999999998,508.8992999999998
1202,wallup,WALLUP_S4_P3123_R2,2023,1,169.0,377.96999999999997,Wheat,NA,NA,4961.0,NA,NA,1785.96,1238.99
1203,wallup,WALLUP_S4_P3123_R2,2024,2,248.07999999999998,131.99,Lentil,Faba Bean,NA,2183.2,NA,NA,1678.8808,1298.8108
1204,wallup,WALLUP_S1_P1231_R2,2023,1,171.5,205.74720000000002,Lentil,NA,NA,3036.0,NA,NA,2334.684,1957.4368000000002
1205,wallup,WALLUP_S1_P1231_R2,2024,2,180.0,206.675,Wheat,NA,NA,1027.91,NA,NA,370.0476,-16.627400000000023
1206,wallup,WALLUP_S3_P2341_R1,2023,1,147.0,521.3,Canola,NA,NA,2495.0,NA,NA,1721.55,1053.25
1207,wallup,WALLUP_S3_P2341_R1,2024,2,180.0,171.175,Wheat,NA,NA,1693.02,NA,NA,609.4871999999999,258.3121999999999
1208,wallup,WALLUP_S2_P3412_R2,2023,1,169.0,377.97,Wheat,NA,NA,4792.0,NA,NA,1725.12,1178.1499999999999
1209,wallup,WALLUP_S2_P3412_R2,2024,2,191.0,227.63400000000001,Wheat,NA,NA,2562.89,NA,NA,922.6404,504.0064
1210,wallup,WALLUP_S1_P3123_R2,2023,1,169.0,190.47,Wheat,NA,NA,4690.0,NA,NA,1688.4,1328.93
1211,wallup,WALLUP_S1_P3123_R2,2024,2,193.5,132.52219999999997,Lentil,NA,NA,1006.17,NA,NA,773.74473,447.72253
1212,wallup,WALLUP_S6_P0000_R3,2023,1,158.0,218.72,Wheat,NA,NA,4665.0,NA,NA,1679.4,1302.68
1213,wallup,WALLUP_S6_P0000_R3,2024,2,193.5,132.52220000000003,Lentil,NA,NA,1187.02,NA,NA,912.81838,586.79618
1214,wallup,WALLUP_S2_P4123_R1,2023,1,169.0,377.96999999999997,Wheat,NA,NA,4603.0,NA,NA,1657.08,1110.11
1215,wallup,WALLUP_S2_P4123_R1,2024,2,193.5,132.52219999999997,Lentil,NA,NA,1051.16,NA,NA,808.3420400000001,482.3198400000001
1216,wallup,WALLUP_S3_P3412_R1,2023,1,158.0,377.96999999999997,Wheat,NA,NA,5092.0,NA,NA,1833.12,1297.1499999999999
1217,wallup,WALLUP_S3_P3412_R1,2024,2,182.5,186.63400000000001,Wheat,NA,NA,2409.3,NA,NA,867.3480000000001,498.21400000000006
1218,wallup,WALLUP_S2_P4123_R3,2023,1,158.0,377.97,Wheat,NA,NA,4999.0,NA,NA,1799.64,1263.67
1219,wallup,WALLUP_S2_P4123_R3,2024,2,193.5,132.52219999999997,Lentil,NA,NA,1457.05,NA,NA,1120.47145,794.44925
1220,wallup,WALLUP_S2_P1234_R2,2023,1,160.5,205.74720000000002,Lentil,NA,NA,3120.0,NA,NA,2399.28,2033.0328000000002
1221,wallup,WALLUP_S2_P1234_R2,2024,2,213.0,264.741,Canola,NA,NA,128.14,NA,NA,88.41659999999999,-389.32439999999997
1222,wallup,WALLUP_S1_P3123_R3,2023,1,180.0,190.47,Wheat,NA,NA,4660.0,NA,NA,1677.6,1307.1299999999999
1223,wallup,WALLUP_S1_P3123_R3,2024,2,193.5,132.52219999999997,Lentil,NA,NA,1034.65,NA,NA,795.6458500000001,469.6236500000001
1224,wallup,WALLUP_S2_P3412_R3,2023,1,169.0,377.97,Wheat,NA,NA,4905.0,NA,NA,1765.8,1218.83
1225,wallup,WALLUP_S2_P3412_R3,2024,2,191.0,227.634,Wheat,NA,NA,2107.26,NA,NA,758.6136,339.9796
1226,wallup,WALLUP_S3_P3412_R2,2023,1,169.0,377.97,Wheat,NA,NA,4094.0,NA,NA,1473.84,926.8699999999999
1227,wallup,WALLUP_S3_P3412_R2,2024,2,193.5,186.63400000000001,Wheat,NA,NA,1607.59,NA,NA,578.7324,198.59839999999997
1228,wallup,WALLUP_S6_P0000_R1,2023,1,169.0,245.97,Wheat,NA,NA,4826.0,NA,NA,1737.36,1322.3899999999999
1229,wallup,WALLUP_S6_P0000_R1,2024,2,193.5,132.52219999999997,Lentil,NA,NA,1250.85,NA,NA,961.90365,635.88145
1230,wallup,WALLUP_S3_P1234_R2,2023,1,160.5,204.3972,Vetch,NA,NA,0.0,NA,NA,0.0,-364.8972
1231,wallup,WALLUP_S3_P1234_R2,2024,2,193.5,240.74099999999999,Canola,NA,NA,1353.9,NA,NA,934.191,499.95000000000005
1232,wallup,WALLUP_S2_P2341_R3,2023,1,147.0,521.3,Canola,NA,NA,2628.0,NA,NA,1813.32,1145.02
1233,wallup,WALLUP_S2_P2341_R3,2024,2,180.0,214.675,Wheat,NA,NA,1595.35,NA,NA,574.3259999999999,179.6509999999999
1234,wallup,WALLUP_S3_P3412_R3,2023,1,180.0,377.97,Wheat,NA,NA,5028.0,NA,NA,1810.08,1252.11
1235,wallup,WALLUP_S3_P3412_R3,2024,2,193.5,186.63400000000001,Wheat,NA,NA,2314.35,NA,NA,833.1659999999999,453.0319999999999
1236,wallup,WALLUP_S1_P1231_R1,2023,1,171.5,205.7472,Lentil,NA,NA,2427.0,NA,NA,1866.363,1489.1158
1237,wallup,WALLUP_S1_P1231_R1,2024,2,180.0,206.675,Wheat,NA,NA,1806.28,NA,NA,650.2608,263.5858
1238,wallup,WALLUP_S1_P2312_R1,2023,1,169.0,190.47,Wheat,NA,NA,4327.0,NA,NA,1557.72,1198.25
1239,wallup,WALLUP_S1_P2312_R1,2024,2,191.0,302.634,Wheat,NA,NA,2344.19,NA,NA,843.9084,350.2744
1240,wallup,WALLUP_S5_P0000_R2,2023,1,180.0,201.47,Wheat,NA,NA,4675.0,NA,NA,1683.0,1301.53
1241,wallup,WALLUP_S5_P0000_R2,2024,2,193.5,132.52219999999997,Lentil,NA,NA,1216.46,NA,NA,935.45774,609.43554
1242,wallup,WALLUP_S4_P2312_R3,2023,1,180.0,377.96999999999997,Wheat,NA,NA,4744.0,NA,NA,1707.84,1149.87
1243,wallup,WALLUP_S4_P2312_R3,2024,2,202.0,221.63400000000001,Wheat,NA,NA,2211.68,NA,NA,796.2047999999999,372.57079999999985
1244,wallup,WALLUP_S3_P2341_R2,2023,1,147.0,521.3,Canola,NA,NA,2461.0,NA,NA,1698.09,1029.79
1245,wallup,WALLUP_S3_P2341_R2,2024,2,180.0,171.175,Wheat,NA,NA,1431.13,NA,NA,515.2068,164.03180000000003
1246,wallup,WALLUP_S1_P3123_R1,2023,1,158.0,190.47,Wheat,NA,NA,4259.0,NA,NA,1533.24,1184.77
1247,wallup,WALLUP_S1_P3123_R1,2024,2,193.5,132.52219999999997,Lentil,NA,NA,796.06,NA,NA,612.17014,286.14793999999995
1248,wallup,WALLUP_S2_P1234_R1,2023,1,171.5,205.7472,Lentil,NA,NA,2670.0,NA,NA,2053.23,1675.9828
1249,wallup,WALLUP_S2_P1234_R1,2024,2,213.0,264.741,Canola,NA,NA,339.53,NA,NA,234.2757,-243.46529999999998
1250,wallup,WALLUP_S6_P0000_R2,2023,1,169.0,245.97,Wheat,NA,NA,4947.0,NA,NA,1780.9199999999998,1365.9499999999998
1251,wallup,WALLUP_S6_P0000_R2,2024,2,193.5,132.52219999999997,Lentil,NA,NA,776.74,NA,NA,597.3130600000001,271.29086000000007
1252,wallup,WALLUP_S2_P4123_R2,2023,1,169.0,377.96999999999997,Wheat,NA,NA,5203.0,NA,NA,1873.08,1326.11
1253,wallup,WALLUP_S2_P4123_R2,2024,2,204.5,132.52219999999997,Lentil,NA,NA,1240.31,NA,NA,953.79839,616.77619
1254,wallup,WALLUP_S2_P1234_R3,2023,1,160.5,205.74720000000002,Lentil,NA,NA,2149.0,NA,NA,1652.581,1286.3337999999999
1255,wallup,WALLUP_S2_P1234_R3,2024,2,202.0,264.741,Canola,NA,NA,161.37,NA,NA,111.3453,-355.3957
1256,wallup,WALLUP_S4_P3123_R3,2023,1,169.0,377.96999999999997,Wheat,NA,NA,4781.0,NA,NA,1721.16,1174.19
1257,wallup,WALLUP_S4_P3123_R3,2024,2,229.09575,131.99,Lentil,Faba Bean,NA,1423.83,NA,NA,1094.92527,733.83952
1258,wallup,WALLUP_S3_P4123_R1,2023,1,180.0,377.97,Wheat,NA,NA,4622.0,NA,NA,1663.9199999999998,1105.9499999999998
1259,wallup,WALLUP_S3_P4123_R1,2024,2,193.5,129.3115,Vetch,NA,NA,0.0,NA,NA,0.0,-322.8115
1260,wallup,WALLUP_S4_P1231_R3,2023,1,244.39999999999998,178.2472,Lentil,fababean,NA,2916.0,0.0,NA,2242.404,1819.7567999999999
1261,wallup,WALLUP_S4_P1231_R3,2024,2,191.0,208.175,Wheat,NA,NA,2453.73,NA,NA,883.3428,484.1678
1262,wallup,WALLUP_S4_P1231_R1,2023,1,245.775,205.74720000000002,Lentil,fababean,NA,3411.0,0.0,NA,2623.059,2171.5368
1263,wallup,WALLUP_S4_P1231_R1,2024,2,180.0,208.175,Wheat,NA,NA,1674.42,NA,NA,602.7912,214.6162
1264,wallup,WALLUP_S3_P2341_R3,2023,1,147.0,521.3,Canola,NA,NA,2626.0,NA,NA,1811.94,1143.64
1265,wallup,WALLUP_S3_P2341_R3,2024,2,180.0,171.175,Wheat,NA,NA,1371.62,NA,NA,493.7832,142.6082
1266,streatham,STREATHAM_S9.1_P2121_R3,2023,1,296.0,1399.8675999999998,wheat,NA,NA,5023.0,NA,NA,1808.28,112.41240000000016
1267,streatham,STREATHAM_S9.1_P2121_R3,2024,2,280.71471775,654.1,Canola,Field Pea,NA,2948.58871,0.0,NA,2034.5262099,1099.7114921500001
1268,streatham,STREATHAM_S9.1_P2121_R3,2025,3,230.0,1072.7083478,Wheat,NA,NA,8019.86,0.0,NA,2887.1496,1584.4412522000002
1269,streatham,STREATHAM_S9.3_P1212_R2,2023,1,395.58808999999997,1173.95,canola,field pea,NA,3175.6824,1587.8412,NA,2918.4521256,1348.9140355999996
1270,streatham,STREATHAM_S9.3_P1212_R2,2024,2,259.5,1137.8693699275361,Wheat,NA,NA,2951.739618,0.0,NA,1062.62626248,-334.7431074475362
1271,streatham,STREATHAM_S9.3_P1212_R2,2025,3,340.2735,905.10985508,Canola,Field pea,NA,3364.53,946.41,NA,2754.9814800000004,1509.5981249200001
1272,streatham,STREATHAM_S2.3_P2341_R3,2023,1,279.0,1185.3999999999999,canola,NA,NA,3843.0,NA,NA,2651.67,1187.2700000000002
1273,streatham,STREATHAM_S2.3_P2341_R3,2024,2,248.5,1078.3927757246377,Wheat,NA,NA,2954.189068,0.0,NA,1063.50806448,-263.38471124463763
1274,streatham,STREATHAM_S2.3_P2341_R3,2025,3,221.5,1000.3500637999999,Wheat,NA,NA,7201.31,0.0,NA,2592.4716,1370.6215361999998
1275,streatham,STREATHAM_S1.4_P2121_R1,2023,1,296.0,1442.3675999999998,wheat,NA,NA,5489.0,NA,NA,1976.04,237.67240000000015
1276,streatham,STREATHAM_S1.4_P2121_R1,2024,2,248.5,903.0347554347826,Canola,NA,NA,0.0,0.0,NA,0.0,-1151.5347554347827
1277,streatham,STREATHAM_S1.4_P2121_R1,2025,3,230.0,1098.6594044,Wheat,NA,NA,7269.49,0.0,NA,2617.0164,1288.3569956
1278,streatham,STREATHAM_S2.2_P3412_R3,2023,1,296.0,1399.8675999999998,wheat,NA,NA,4825.0,NA,NA,1737.0,41.13240000000019
1279,streatham,STREATHAM_S2.2_P3412_R3,2024,2,259.5,1105.4593119565218,Wheat,NA,NA,2595.766129,0.0,NA,934.47580644,-430.48350551652175
1280,streatham,STREATHAM_S2.2_P3412_R3,2025,3,215.5,846.0500000000001,Faba bean,NA,NA,3819.05,0.0,NA,1814.04875,752.4987499999999
1281,streatham,STREATHAM_S6.2_P2312_R3,2023,1,298.5,1200.4,canola,NA,NA,3668.0,NA,NA,2530.92,1032.02
1282,streatham,STREATHAM_S6.2_P2312_R3,2024,2,259.5,1117.1976597826088,Wheat,NA,NA,2735.77509,0.0,NA,984.8790324,-391.8186273826087
1283,streatham,STREATHAM_S6.2_P2312_R3,2025,3,215.5,716.6999999999999,Pasture,NA,NA,0.0,0.0,NA,0.0,-932.1999999999999
1284,streatham,STREATHAM_S2.1_P4123_R2,2023,1,296.0,1352.3675999999998,wheat,NA,NA,4514.0,NA,NA,1625.04,-23.327599999999848
1285,streatham,STREATHAM_S2.1_P4123_R2,2024,2,240.0,836.633,Faba bean,NA,NA,2828.282828,0.0,NA,1343.4343433,266.80134329999987
1286,streatham,STREATHAM_S2.1_P4123_R2,2025,3,232.5,979.0160870000001,Canola,NA,NA,0.0,0.0,NA,0.0,-1211.516087
1287,streatham,STREATHAM_S6.1_P2312_R2,2023,1,307.0,1275.4,canola,NA,NA,4168.0,NA,NA,2875.92,1293.52
1288,streatham,STREATHAM_S6.1_P2312_R2,2024,2,259.5,1154.8945873188404,Wheat,NA,NA,2558.922559,0.0,NA,921.21212124,-493.18246607884043
1289,streatham,STREATHAM_S6.1_P2312_R2,2025,3,204.5,710.1,Pasture,NA,NA,0.0,0.0,NA,0.0,-914.6
1290,streatham,STREATHAM_S9.1_P2121_R1,2023,1,296.0,1399.8675999999998,wheat,NA,NA,6204.0,NA,NA,2233.44,537.5724000000002
1291,streatham,STREATHAM_S9.1_P2121_R1,2024,2,266.427609435,654.1,Canola,Field Pea,NA,1767.676768,609.4276094,NA,1498.8148150252,578.2872055902
1292,streatham,STREATHAM_S9.1_P2121_R1,2025,3,230.0,1072.7083478,Wheat,NA,NA,7570.2,0.0,NA,2725.272,1422.5636522
1293,streatham,STREATHAM_S2.2_P3412_R1,2023,1,296.0,1399.8675999999998,wheat,NA,NA,5851.0,NA,NA,2106.36,410.4924000000003
1294,streatham,STREATHAM_S2.2_P3412_R1,2024,2,259.5,1105.4593119565218,Wheat,NA,NA,3044.332211,0.0,NA,1095.95959596,-268.9997159965219
1295,streatham,STREATHAM_S2.2_P3412_R1,2025,3,215.5,846.0500000000001,Faba bean,NA,NA,5362.19,0.0,NA,2547.04025,1485.4902499999998
1296,streatham,STREATHAM_S4_P2312_R3,2023,1,307.0,1275.4,canola,NA,NA,4172.0,NA,NA,2878.68,1296.2799999999997
1297,streatham,STREATHAM_S4_P2312_R3,2024,2,259.5,1113.37238442029,Wheat,NA,NA,2444.556452,0.0,NA,880.04032272,-492.83206170029007
1298,streatham,STREATHAM_S4_P2312_R3,2025,3,204.5,711.0,Wheat,Vetch,NA,0.0,0.0,NA,0.0,-915.5
1299,streatham,STREATHAM_S1.3_P2121_R1,2023,1,296.0,1414.8675999999998,wheat,NA,NA,4384.0,NA,NA,1578.24,-132.6275999999998
1300,streatham,STREATHAM_S1.3_P2121_R1,2024,2,262.0,811.5450000000001,Canola,NA,NA,2895.622896,0.0,NA,1997.97979824,924.43479824
1301,streatham,STREATHAM_S1.3_P2121_R1,2025,3,221.5,1011.0975999999999,Wheat,NA,NA,6200.98,0.0,NA,2232.3528,999.7552000000002
1302,streatham,STREATHAM_S6.2_P1231_R1,2023,1,226.5,961.9,balansa clover,balansa clover,chicory ,0.0,NA,NA,0.0,-1188.4
1303,streatham,STREATHAM_S6.2_P1231_R1,2024,2,259.5,1041.8964365942031,Canola,NA,NA,2093.15376,0.0,NA,1444.2760944,142.8796578057968
1304,streatham,STREATHAM_S6.2_P1231_R1,2025,3,230.0,1057.8897695,Wheat,NA,NA,4266.26,0.0,NA,1535.8536,247.96383049999986
1305,streatham,STREATHAM_S13_P0000_R3,2023,1,146.5,1137.9,Perennial ryegrass,sub clover,NA,0.0,NA,NA,0.0,-1284.4
1306,streatham,STREATHAM_S13_P0000_R3,2024,2,265.0,1833.0,Pasture,NA,NA,0.0,0.0,NA,0.0,-2098.0
1307,streatham,STREATHAM_S13_P0000_R3,2025,3,202.0,2262.3,Pasture,NA,NA,0.0,0.0,NA,0.0,-2464.3
1308,streatham,STREATHAM_S2.4_P1234_R3,2023,1,292.5,1266.3500000000001,faba bean,NA,NA,2242.0,NA,NA,1064.95,-493.9000000000001
1309,streatham,STREATHAM_S2.4_P1234_R3,2024,2,248.5,916.3794221014492,Canola,NA,NA,2959.789427,0.0,NA,2042.25470463,877.3752825285509
1310,streatham,STREATHAM_S2.4_P1234_R3,2025,3,230.0,1089.5669,Wheat,NA,NA,7185.45,0.0,NA,2586.762,1267.1951000000001
1311,streatham,STREATHAM_S3_P3412_R1,2023,1,307.0,1275.4,canola,NA,NA,4282.0,NA,NA,2954.58,1372.1799999999998
1312,streatham,STREATHAM_S3_P3412_R1,2024,2,259.5,1088.006297463768,Wheat,NA,NA,2637.485971,0.0,NA,949.49494956,-398.01134790376807
1313,streatham,STREATHAM_S3_P3412_R1,2025,3,215.5,846.0500000000001,Faba bean,NA,NA,3811.66,0.0,NA,1810.5385,748.9885
1314,streatham,STREATHAM_S13_P0000_R7,NA,NA,NA,NA,NA,NA,NA,NA,NA,NA,NA,NA
1315,streatham,STREATHAM_S3_P3412_R3,2023,1,307.0,1275.4,canola,NA,NA,3923.0,NA,NA,2706.87,1124.4699999999998
1316,streatham,STREATHAM_S3_P3412_R3,2024,2,259.5,1088.006297463768,Wheat,NA,NA,3096.998208,0.0,NA,1114.91935488,-232.58694258376818
1317,streatham,STREATHAM_S3_P3412_R3,2025,3,215.5,846.0500000000001,Faba bean,NA,NA,4421.78,0.0,NA,2100.3455,1038.7954999999997
1318,streatham,STREATHAM_S1.4_P2121_R3,2023,1,296.0,1442.3675999999998,wheat,NA,NA,4920.0,NA,NA,1771.2,32.832400000000234
1319,streatham,STREATHAM_S1.4_P2121_R3,2024,2,248.5,903.0347554347825,Canola,NA,NA,3603.830645,0.0,NA,2486.64314505,1335.1083896152174
1320,streatham,STREATHAM_S1.4_P2121_R3,2025,3,230.0,1098.6594044,Wheat,NA,NA,6977.23,0.0,NA,2511.8028,1183.1433955999998
1321,streatham,STREATHAM_S10_P2121_R2,2023,1,346.95,1090.88,wheat ,vetch ,NA,3598.0,NA,NA,1295.28,-142.55000000000018
1322,streatham,STREATHAM_S10_P2121_R2,2024,2,268.081369245,819.9151902173915,Canola,Field Pea,NA,1515.151515,588.1032548,NA,1314.8058360484,226.80927658600854
1323,streatham,STREATHAM_S10_P2121_R2,2025,3,313.931,837.57897105,Wheat,Vetch,NA,3697.24,0.0,NA,1331.0064,179.49642895
1324,streatham,STREATHAM_S11_P0000_R4,NA,NA,NA,NA,NA,NA,NA,NA,NA,NA,NA,NA
1325,streatham,STREATHAM_S3_P4123_R3,2023,1,296.0,1399.8675999999998,wheat,NA,NA,6627.0,NA,NA,2385.72,689.8524
1326,streatham,STREATHAM_S3_P4123_R3,2024,2,240.0,836.633,Faba bean,NA,NA,4169.466846,0.0,NA,1980.49675185,903.86375185
1327,streatham,STREATHAM_S3_P4123_R3,2025,3,230.0,1025.3671217,Wheat,NA,NA,10456.38,0.0,NA,3764.2968,2508.9296783
1328,streatham,STREATHAM_S1.2_P1212_R1,2023,1,307.0,1275.4,canola,NA,NA,4363.0,NA,NA,3010.47,1428.0699999999997
1329,streatham,STREATHAM_S1.2_P1212_R1,2024,2,240.0,861.0076,Wheat,NA,NA,3285.634119,0.0,NA,1182.82828284,81.8206828399999
1330,streatham,STREATHAM_S1.2_P1212_R1,2025,3,252.0,1022.5500000000001,Canola,NA,NA,3727.82,0.0,NA,2572.1958,1297.6457999999998
1331,streatham,STREATHAM_S1.1_P2121_R3,2023,1,296.0,1352.3675999999998,wheat,NA,NA,5243.0,NA,NA,1887.48,239.1124000000002
1332,streatham,STREATHAM_S1.1_P2121_R3,2024,2,248.5,852.0550362318841,Canola,NA,NA,3127.800179,0.0,NA,2158.18212351,1057.627087278116
1333,streatham,STREATHAM_S1.1_P2121_R3,2025,3,230.0,1051.3935044,Wheat,NA,NA,7047.39,0.0,NA,2537.0604,1255.6668955999999
1334,streatham,STREATHAM_S9.2_P2121_R2,2023,1,296.0,1399.8675999999998,wheat,NA,NA,4875.0,NA,NA,1755.0,59.13240000000019
1335,streatham,STREATHAM_S9.2_P2121_R2,2024,2,281.114478105,725.0014067028986,Canola,Field Pea,NA,2035.353535,589.2255892,NA,1674.2592590035997,668.1433741957011
1336,streatham,STREATHAM_S9.2_P2121_R2,2025,3,230.0,1068.2880695000001,Wheat,NA,NA,8133.75,0.0,NA,2928.15,1629.8619305
1337,streatham,STREATHAM_S7_P4123_R1,2023,1,296.0,1399.8675999999998,wheat,NA,NA,5622.0,NA,NA,2023.92,328.05240000000026
1338,streatham,STREATHAM_S7_P4123_R1,2024,2,185.0,611.0,Pasture,NA,NA,0.0,0.0,NA,0.0,-796.0
1339,streatham,STREATHAM_S9.3_P2121_R2,2023,1,296.0,1399.8675999999998,wheat,NA,NA,5221.0,NA,NA,1879.56,183.69240000000013
1340,streatham,STREATHAM_S9.3_P2121_R2,2024,2,275.43265992249997,767.4003496376812,Canola,Field Pea,NA,1964.085297,433.2210999,NA,1553.6341186841998,510.8011091240188
1341,streatham,STREATHAM_S9.3_P2121_R2,2025,3,230.0,1045.38506525,Wheat,NA,NA,6896.43,0.0,NA,2482.7148,1207.3297347500002
1342,streatham,STREATHAM_S9.1_P2121_R2,2023,1,296.0,1399.8675999999998,wheat,NA,NA,4564.0,NA,NA,1643.04,-52.82759999999985
1343,streatham,STREATHAM_S9.1_P2121_R2,2024,2,269.9629629725,654.1,Canola,Field Pea,NA,1907.968575,610.5499439,NA,1596.1301910562,672.0672280836999
1344,streatham,STREATHAM_S9.1_P2121_R2,2025,3,230.0,1072.7083478,Wheat,NA,NA,7357.95,0.0,NA,2648.862,1346.1536522000001
1345,streatham,STREATHAM_S13_P0000_R1,2023,1,146.5,961.9,Perennial ryegrass,sub clover,NA,0.0,NA,NA,0.0,-1108.4
1346,streatham,STREATHAM_S13_P0000_R1,2024,2,243.0,1833.0,Pasture,NA,NA,0.0,0.0,NA,0.0,-2076.0
1347,streatham,STREATHAM_S13_P0000_R1,2025,3,180.0,2262.3,Pasture,NA,NA,0.0,0.0,NA,0.0,-2442.3
1348,streatham,STREATHAM_S4_P1231_R2,2023,1,248.5,994.926,wheat,vetch ,NA,0.0,NA,NA,0.0,-1243.426
1349,streatham,STREATHAM_S4_P1231_R2,2024,2,248.5,888.9354510869566,Canola,NA,NA,2909.652076,0.0,NA,2007.65993244,870.2244813530433
1350,streatham,STREATHAM_S4_P1231_R2,2025,3,230.0,1070.59936085,Wheat,NA,NA,7443.77,0.0,NA,2679.7572,1379.15783915
1351,streatham,STREATHAM_S13_P0000_R9,NA,NA,NA,NA,NA,NA,NA,NA,NA,NA,NA,NA
1352,streatham,STREATHAM_S2.2_P2341_R1,2023,1,307.0,1275.4,canola,NA,NA,3955.0,NA,NA,2728.95,1146.5499999999997
1353,streatham,STREATHAM_S2.2_P2341_R1,2024,2,259.5,1111.250761231884,Wheat,NA,NA,1787.317621,0.0,NA,643.43434356,-727.3164176718841
1354,streatham,STREATHAM_S2.2_P2341_R1,2025,3,230.0,1058.2549217,Wheat,NA,NA,8225.38,0.0,NA,2961.1368,1672.8818783000002
1355,streatham,STREATHAM_S4_P2312_R1,2023,1,307.0,1275.4,canola,NA,NA,4239.0,NA,NA,2924.91,1342.5099999999998
1356,streatham,STREATHAM_S4_P2312_R1,2024,2,259.5,1113.37238442029,Wheat,NA,NA,1526.37486,0.0,NA,549.4949495999999,-823.3774348202901
1357,streatham,STREATHAM_S4_P2312_R1,2025,3,204.5,711.0,Wheat,Vetch,NA,0.0,0.0,NA,0.0,-915.5
1358,streatham,STREATHAM_S1.2_P2121_R3,2023,1,296.0,1399.8675999999998,wheat,NA,NA,5175.0,NA,NA,1863.0,167.1324000000002
1359,streatham,STREATHAM_S1.2_P2121_R3,2024,2,240.0,736.39,Canola,NA,NA,3435.819892,0.0,NA,2370.71572548,1394.32572548
1360,streatham,STREATHAM_S1.2_P2121_R3,2025,3,230.0,1046.4326,Wheat,NA,NA,7474.86,0.0,NA,2690.9496,1414.5169999999998
1361,streatham,STREATHAM_S13_P0000_R6,NA,NA,NA,NA,NA,NA,NA,NA,NA,NA,NA,NA
1362,streatham,STREATHAM_S2.4_P1234_R2,2023,1,292.5,1266.3500000000001,faba bean,NA,NA,2856.0,NA,NA,1356.6,-202.25000000000023
1363,streatham,STREATHAM_S2.4_P1234_R2,2024,2,248.5,916.3794221014492,Canola,NA,NA,3108.866442,0.0,NA,2145.11784498,980.2384228785508
1364,streatham,STREATHAM_S2.4_P1234_R2,2025,3,230.0,1089.5669,Wheat,NA,NA,6218.5,0.0,NA,2238.66,919.0930999999998
1365,streatham,STREATHAM_S2.4_P4123_R2,2023,1,296.0,1442.3675999999998,wheat,NA,NA,6312.0,NA,NA,2272.32,533.9524000000004
1366,streatham,STREATHAM_S2.4_P4123_R2,2024,2,240.0,836.633,Faba bean,NA,NA,3636.363636,0.0,NA,1727.2727271,650.6397271000001
1367,streatham,STREATHAM_S2.4_P4123_R2,2025,3,241.0,1025.21666665,Canola,NA,NA,5228.02,0.0,NA,3607.3338,2341.1171333499997
1368,streatham,STREATHAM_S6.2_P3123_R3,2023,1,296.0,1399.8675999999998,wheat,NA,NA,4467.0,NA,NA,1608.12,-87.74759999999992
1369,streatham,STREATHAM_S6.2_P3123_R3,2024,2,218.0,646.475,Pasture,NA,NA,0.0,0.0,NA,0.0,-864.475
1370,streatham,STREATHAM_S6.2_P3123_R3,2025,3,252.0,1040.07971015,Canola,NA,NA,4631.92,0.0,NA,3196.0248,1903.9450898500002
1371,streatham,STREATHAM_S2.3_P1234_R3,2023,1,270.5,1200.1525,faba bean,NA,NA,2938.0,NA,NA,1395.55,-75.10249999999996
1372,streatham,STREATHAM_S2.3_P1234_R3,2024,2,281.5,1000.5082771739131,Canola,NA,NA,2973.790323,0.0,NA,2051.91532287,769.907045696087
1373,streatham,STREATHAM_S2.3_P1234_R3,2025,3,221.5,980.6987593999999,Wheat,NA,NA,8838.19,0.0,NA,3181.7484,1979.5496406000002
1374,streatham,STREATHAM_S2.2_P2341_R3,2023,1,307.0,1275.4,canola,NA,NA,4347.0,NA,NA,2999.43,1417.0299999999997
1375,streatham,STREATHAM_S2.2_P2341_R3,2024,2,259.5,1111.250761231884,Wheat,NA,NA,2760.976703,0.0,NA,993.95161308,-376.7991481518841
1376,streatham,STREATHAM_S2.2_P2341_R3,2025,3,230.0,1058.2549217,Wheat,NA,NA,9064.36,0.0,NA,3263.1696,1974.9146783
1377,streatham,STREATHAM_S12_P0000_R9,NA,NA,NA,NA,NA,NA,NA,NA,NA,NA,NA,NA
1378,streatham,STREATHAM_S2.1_P1234_R2,2023,1,292.5,1266.3500000000001,faba bean,NA,NA,2196.0,NA,NA,1043.1,-515.7500000000002
1379,streatham,STREATHAM_S2.1_P1234_R2,2024,2,248.5,825.027963768116,Canola,NA,NA,2626.262626,0.0,NA,1812.12121194,738.5932481718839
1380,streatham,STREATHAM_S2.1_P1234_R2,2025,3,230.0,1026.6882695,Wheat,NA,NA,7973.07,0.0,NA,2870.3052,1613.6169304999999
1381,streatham,STREATHAM_S2.4_P3412_R2,2023,1,296.0,1442.3675999999998,wheat,NA,NA,4837.0,NA,NA,1741.32,2.952400000000125
1382,streatham,STREATHAM_S2.4_P3412_R2,2024,2,259.5,1111.9089351449277,Wheat,NA,NA,3016.27385,0.0,NA,1085.858586,-285.5503491449276
1383,streatham,STREATHAM_S2.4_P3412_R2,2025,3,215.5,846.0500000000001,Faba bean,NA,NA,3773.75,0.0,NA,1792.53125,730.9812499999999
1384,streatham,STREATHAM_S2.2_P1234_R2,2023,1,292.5,1266.3500000000001,faba bean,NA,NA,2557.0,NA,NA,1214.575,-344.2750000000001
1385,streatham,STREATHAM_S2.2_P1234_R2,2024,2,248.5,910.4324655797102,Canola,NA,NA,2766.554433,0.0,NA,1908.92255877,749.9900931902898
1386,streatham,STREATHAM_S2.2_P1234_R2,2025,3,230.0,1054.4114261,Wheat,NA,NA,6977.28,0.0,NA,2511.8208,1227.4093739
1387,streatham,STREATHAM_S5_P1231_R1,2023,1,307.0,1275.4,canola,NA,NA,4612.0,NA,NA,3182.28,1599.88
1388,streatham,STREATHAM_S5_P1231_R1,2024,2,259.5,1083.0697467391303,Wheat,NA,NA,2993.82716,0.0,NA,1077.7777775999998,-264.7919691391305
1389,streatham,STREATHAM_S5_P1231_R1,2025,3,232.5,978.8171014,Barley,NA,NA,10955.82,0.0,NA,3409.451184,2198.1340826
1390,streatham,STREATHAM_S2.1_P2341_R3,2023,1,307.0,1225.4,canola,NA,NA,4118.0,NA,NA,2841.42,1309.02
1391,streatham,STREATHAM_S2.1_P2341_R3,2024,2,259.5,1077.0797666666667,Wheat,NA,NA,2786.178315,0.0,NA,1003.0241934,-333.5555732666668
1392,streatham,STREATHAM_S2.1_P2341_R3,2025,3,221.5,991.7373826,Wheat,NA,NA,8354.26,0.0,NA,3007.5336,1794.2962174000002
1393,streatham,STREATHAM_S4_P1231_R3,2023,1,248.5,994.926,wheat,vetch ,NA,0.0,NA,NA,0.0,-1243.426
1394,streatham,STREATHAM_S4_P1231_R3,2024,2,248.5,888.9354510869566,Canola,NA,NA,2858.982975,0.0,NA,1972.69825275,835.2628016630433
1395,streatham,STREATHAM_S4_P1231_R3,2025,3,230.0,1070.59936085,Wheat,NA,NA,7366.44,0.0,NA,2651.9184,1351.31903915
1396,streatham,STREATHAM_S6.1_P1231_R1,2023,1,226.5,961.9,balansa clover,balansa clover,chicory ,0.0,NA,NA,0.0,-1188.4
1397,streatham,STREATHAM_S6.1_P1231_R1,2024,2,259.5,1008.9681177536232,Canola,NA,NA,2331.649832,0.0,NA,1608.83838408,340.37026632637674
1398,streatham,STREATHAM_S6.1_P1231_R1,2025,3,230.0,1060.1304695,Wheat,NA,NA,5995.41,0.0,NA,2158.3476,868.2171305000002
1399,streatham,STREATHAM_S2.4_P2341_R2,2023,1,307.0,1315.4,canola,NA,NA,4218.0,NA,NA,2910.42,1288.02
1400,streatham,STREATHAM_S2.4_P2341_R2,2024,2,259.5,1141.533833695652,Wheat,NA,NA,2707.631874,0.0,NA,974.74747464,-426.28635905565204
1401,streatham,STREATHAM_S2.4_P2341_R2,2025,3,230.0,1011.7831739000001,Wheat,NA,NA,7406.44,0.0,NA,2666.3184,1424.5352261
1402,streatham,STREATHAM_S1.3_P1212_R2,2023,1,279.0,1160.3999999999999,canola,NA,NA,4058.0,NA,NA,2800.02,1360.6200000000001
1403,streatham,STREATHAM_S1.3_P1212_R2,2024,2,240.0,831.6826,Wheat,NA,NA,2786.195286,0.0,NA,1003.03030296,-68.65229704000001
1404,streatham,STREATHAM_S1.3_P1212_R2,2025,3,232.5,964.45,Canola,NA,NA,4216.35,0.0,NA,2909.2815,1712.3315
1405,streatham,STREATHAM_S2.3_P4123_R1,2023,1,296.0,1414.8675999999998,wheat,NA,NA,4569.0,NA,NA,1644.84,-66.0275999999999
1406,streatham,STREATHAM_S2.3_P4123_R1,2024,2,273.0,932.0660000000001,Faba bean,NA,NA,2570.145903,0.0,NA,1220.819303925,15.753303924999841
1407,streatham,STREATHAM_S2.3_P4123_R1,2025,3,243.5,985.0688405999999,Canola,NA,NA,3828.26,0.0,NA,2641.4994,1412.9305594000002
1408,streatham,STREATHAM_S8_P2312_R1,2023,1,307.0,1275.4,canola,NA,NA,4022.0,NA,NA,2775.18,1192.7799999999997
1409,streatham,STREATHAM_S8_P2312_R1,2024,2,259.5,1117.9322394927535,Wheat,NA,NA,2180.13468,0.0,NA,784.8484848,-592.5837546927535
1410,streatham,STREATHAM_S8_P2312_R1,2025,3,193.5,687.0,Vetch,NA,NA,0.0,0.0,NA,0.0,-880.5
1411,streatham,STREATHAM_S9.2_P2121_R1,2023,1,296.0,1399.8675999999998,wheat,NA,NA,4948.0,NA,NA,1781.28,85.41240000000016
1412,streatham,STREATHAM_S9.2_P2121_R1,2024,2,270.6346801375,725.0014067028986,Canola,Field Pea,NA,1851.851852,353.5353535,NA,1439.6969697829998,444.0608829426011
1413,streatham,STREATHAM_S9.2_P2121_R1,2025,3,230.0,1068.2880695,Wheat,NA,NA,7424.3,0.0,NA,2672.748,1374.4599305000002
1414,streatham,STREATHAM_S5_P2312_R1,2023,1,296.0,1399.8675999999998,wheat,NA,NA,5159.0,NA,NA,1857.24,161.3724000000002
1415,streatham,STREATHAM_S5_P2312_R1,2024,2,237.5,911.807277173913,Barley,NA,NA,3049.943883,0.0,NA,949.1425363896,-200.16474078431304
1416,streatham,STREATHAM_S5_P2312_R1,2025,3,232.5,906.03869565,Canola,NA,NA,3659.12,0.0,NA,2524.7928,1386.25410435
1417,streatham,STREATHAM_S3_P1234_R1,2023,1,292.5,1266.3500000000001,faba bean,NA,NA,2202.0,NA,NA,1045.95,-512.9000000000001
1418,streatham,STREATHAM_S3_P1234_R1,2024,2,259.5,1095.3065583333334,Wheat,NA,NA,2934.904602,0.0,NA,1056.56565672,-298.24090161333334
1419,streatham,STREATHAM_S3_P1234_R1,2025,3,232.5,936.14855074,Canola,NA,NA,3584.8,0.0,NA,2473.512,1304.8634492600002
1420,streatham,STREATHAM_S8_P1231_R2,2023,1,248.5,994.926,vetch,NA,NA,0.0,NA,NA,0.0,-1243.426
1421,streatham,STREATHAM_S8_P1231_R2,2024,2,248.5,850.801393115942,Canola,NA,NA,2603.815937,0.0,NA,1796.6329965299997,697.3316034140577
1422,streatham,STREATHAM_S8_P1231_R2,2025,3,230.0,1034.87413475,Wheat,NA,NA,5945.08,0.0,NA,2140.2288,875.3546652499999
1423,streatham,STREATHAM_S2.1_P2341_R1,2023,1,307.0,1225.4,canola,NA,NA,4326.0,NA,NA,2984.94,1452.54
1424,streatham,STREATHAM_S2.1_P2341_R1,2024,2,259.5,1077.0797666666665,Wheat,NA,NA,2623.45679,0.0,NA,944.4444444,-392.13532226666655
1425,streatham,STREATHAM_S2.1_P2341_R1,2025,3,221.5,991.7373826,Wheat,NA,NA,7565.21,0.0,NA,2723.4756,1510.2382174000002
1426,streatham,STREATHAM_S10_P2121_R1,2023,1,328.825,1090.88,wheat ,vetch ,NA,2873.0,NA,NA,1034.28,-385.4250000000002
1427,streatham,STREATHAM_S10_P2121_R1,2024,2,265.892817055,819.9151902173915,Canola,Field Pea,NA,1515.151515,500.5611672,NA,1274.7115599276,188.9035526552086
1428,streatham,STREATHAM_S10_P2121_R1,2025,3,313.45825,837.57897105,Wheat,Vetch,NA,3678.33,0.0,NA,1324.1988,173.16157894999992
1429,streatham,STREATHAM_S2.2_P3412_R2,2023,1,296.0,1399.8675999999998,wheat,NA,NA,5573.0,NA,NA,2006.28,310.41240000000016
1430,streatham,STREATHAM_S2.2_P3412_R2,2024,2,259.5,1105.4593119565218,Wheat,NA,NA,2920.875421,0.0,NA,1051.51515156,-313.44416039652174
1431,streatham,STREATHAM_S2.2_P3412_R2,2025,3,215.5,846.0500000000001,Faba bean,NA,NA,3892.98,0.0,NA,1849.1655,787.6155
1432,streatham,STREATHAM_S2.3_P2341_R1,2023,1,279.0,1185.3999999999999,canola,NA,NA,4363.0,NA,NA,3010.47,1546.07
1433,streatham,STREATHAM_S2.3_P2341_R1,2024,2,248.5,1078.3927757246377,Wheat,NA,NA,3108.866442,0.0,NA,1119.19191912,-207.7008566046377
1434,streatham,STREATHAM_S2.3_P2341_R1,2025,3,221.5,1000.3500637999999,Wheat,NA,NA,7953.82,0.0,NA,2863.3752,1641.5251362
1435,streatham,STREATHAM_S5_P1231_R3,2023,1,307.0,1275.4,canola,NA,NA,4674.0,NA,NA,3225.06,1642.6599999999999
1436,streatham,STREATHAM_S5_P1231_R3,2024,2,259.5,1083.0697467391306,Wheat,NA,NA,3122.199821,0.0,NA,1123.99193556,-218.57781117913055
1437,streatham,STREATHAM_S5_P1231_R3,2025,3,232.5,978.8171014,Barley,NA,NA,10139.23,0.0,NA,3155.3283759999995,1944.0112745999995
1438,streatham,STREATHAM_S2.4_P4123_R1,2023,1,296.0,1442.3675999999998,wheat,NA,NA,5862.0,NA,NA,2110.32,371.95240000000035
1439,streatham,STREATHAM_S2.4_P4123_R1,2024,2,240.0,836.633,Faba bean,NA,NA,3047.138047,0.0,NA,1447.390572325,370.75757232499996
1440,streatham,STREATHAM_S2.4_P4123_R1,2025,3,241.0,1025.21666665,Canola,NA,NA,3794.44,0.0,NA,2618.1636,1351.9469333499999
1441,streatham,STREATHAM_S2.4_P2341_R3,2023,1,307.0,1315.4,canola,NA,NA,4479.0,NA,NA,3090.51,1468.1100000000001
1442,streatham,STREATHAM_S2.4_P2341_R3,2024,2,259.5,1141.533833695652,Wheat,NA,NA,3099.798387,0.0,NA,1115.92741932,-285.1064143756521
1443,streatham,STREATHAM_S2.4_P2341_R3,2025,3,230.0,1011.7831739000001,Wheat,NA,NA,8220.65,0.0,NA,2959.434,1717.6508261000001
1444,streatham,STREATHAM_S6.1_P3123_R2,2023,1,296.0,1399.8675999999998,wheat,NA,NA,5212.0,NA,NA,1876.32,180.45240000000013
1445,streatham,STREATHAM_S6.1_P3123_R2,2024,2,218.0,646.475,Pasture,NA,NA,0.0,0.0,NA,0.0,-864.475
1446,streatham,STREATHAM_S6.1_P3123_R2,2025,3,243.5,990.7555072,Canola,NA,NA,4457.42,0.0,NA,3075.6198,1841.3642928
1447,streatham,STREATHAM_S5_P1231_R2,2023,1,307.0,1275.4,canola,NA,NA,4677.0,NA,NA,3227.13,1644.73
1448,streatham,STREATHAM_S5_P1231_R2,2024,2,259.5,1083.0697467391306,Wheat,NA,NA,3442.760943,0.0,NA,1239.39393948,-103.17580725913058
1449,streatham,STREATHAM_S5_P1231_R2,2025,3,232.5,978.8171014,Barley,NA,NA,11017.55,0.0,NA,3428.66156,2217.3444586
1450,streatham,STREATHAM_S7_P2341_R2,2023,1,226.5,961.9,Perennial ryegrass,sub clover,NA,0.0,NA,NA,0.0,-1188.4
1451,streatham,STREATHAM_S7_P2341_R2,2024,2,248.5,898.9578278985507,Canola,NA,NA,1778.900112,0.0,NA,1227.44107728,79.98324938144924
1452,streatham,STREATHAM_S7_P2341_R2,2025,3,230.0,1072.8518261,Wheat,NA,NA,6086.8,0.0,NA,2191.248,888.3961739000001
1453,streatham,STREATHAM_S9.3_P2121_R3,2023,1,296.0,1399.8675999999998,wheat,NA,NA,5934.0,NA,NA,2136.24,440.37239999999997
1454,streatham,STREATHAM_S9.3_P2121_R3,2024,2,291.16084228750003,767.4003496376812,Canola,Field Pea,NA,2268.145161,758.2885305,NA,1912.316308059,853.7551161338189
1455,streatham,STREATHAM_S9.3_P2121_R3,2025,3,230.0,1045.38506525,Wheat,NA,NA,7938.78,0.0,NA,2857.9608,1582.5757347499998
1456,streatham,STREATHAM_S13_P0000_R4,NA,NA,NA,NA,NA,NA,NA,NA,NA,NA,NA,NA
1457,streatham,STREATHAM_S2.3_P3412_R3,2023,1,296.0,1414.8675999999998,wheat,NA,NA,4920.0,NA,NA,1771.2,60.332400000000234
1458,streatham,STREATHAM_S2.3_P3412_R3,2024,2,259.5,1015.9049786231884,Wheat,NA,NA,3648.633513,0.0,NA,1313.50806468,38.10308605681155
1459,streatham,STREATHAM_S2.3_P3412_R3,2025,3,215.5,826.65,Faba bean,NA,NA,6815.76,0.0,NA,3237.486,2195.336
1460,streatham,STREATHAM_S11_P0000_R1,2023,1,410.7,1225.4225,wheat,barley,faba bean,4728.0,NA,NA,1702.08,65.95749999999998
1461,streatham,STREATHAM_S11_P0000_R1,2024,2,449.8,2158.8602192028984,Wheat,barley,fababean,4896.0,0.0,NA,5482.89867546,2874.2384562571015
1462,streatham,STREATHAM_S11_P0000_R1,2025,3,208.0,2745.0915923000007,Wheat,NA,NA,6378.08,0.0,NA,2296.1088,-656.9827923000007
1463,streatham,STREATHAM_S9.1_P1212_R2,2023,1,366.8142675,1073.95,canola,field pea,NA,2861.7138,1430.8569,NA,2629.9149822,1189.1507147
1464,streatham,STREATHAM_S9.1_P1212_R2,2024,2,259.5,1104.9568771739132,Wheat,NA,NA,2786.195286,0.0,NA,1003.03030296,-361.4265742139132
1465,streatham,STREATHAM_S9.1_P1212_R2,2025,3,306.15575,785.0500000000001,Canola,Field pea,NA,2541.72,1084.51,NA,2250.49238,1159.28663
1466,streatham,STREATHAM_S2.4_P4123_R3,2023,1,296.0,1442.3675999999998,wheat,NA,NA,5641.0,NA,NA,2030.76,292.3924000000002
1467,streatham,STREATHAM_S2.4_P4123_R3,2024,2,240.0,836.633,Faba bean,NA,NA,3393.817204,0.0,NA,1612.0631718999998,535.4301718999998
1468,streatham,STREATHAM_S2.4_P4123_R3,2025,3,241.0,1025.21666665,Canola,NA,NA,5447.07,0.0,NA,3758.4782999999993,2492.261633349999
1469,streatham,STREATHAM_S9.1_P1212_R1,2023,1,374.58849,1073.95,canola,field pea,NA,3069.0264,1534.5132,NA,2820.4352616,1371.8967716
1470,streatham,STREATHAM_S9.1_P1212_R1,2024,2,259.5,1104.9568771739132,Wheat,NA,NA,2693.602694,0.0,NA,969.69696984,-394.75990733391325
1471,streatham,STREATHAM_S9.1_P1212_R1,2025,3,280.38125,785.0500000000001,Canola,Field pea,NA,1782.69,812.56,NA,1602.20858,536.77733
1472,streatham,STREATHAM_S9.2_P1212_R3,2023,1,276.5,1123.9499999999998,canola,field pea,NA,0.0,NA,NA,0.0,-1400.4499999999998
1473,streatham,STREATHAM_S9.2_P1212_R3,2024,2,259.5,1106.031109057971,Wheat,NA,NA,2956.989247,0.0,NA,1064.51612892,-301.01498013797095
1474,streatham,STREATHAM_S9.2_P1212_R3,2025,3,337.3625,865.45898551,Canola,Field pea,NA,3576.69,617.81,NA,2750.87308,1548.0515944899996
1475,streatham,STREATHAM_S7_P1234_R2,2023,1,226.5,961.9,balansa clover,balansa clover,chicory ,0.0,NA,NA,0.0,-1188.4
1476,streatham,STREATHAM_S7_P1234_R2,2024,2,185.0,611.0,Pasture,NA,NA,0.0,0.0,NA,0.0,-796.0
1477,streatham,STREATHAM_S7_P1234_R2,2025,3,252.0,1036.62028985,Canola,NA,NA,3958.09,0.0,NA,2731.0821,1442.46181015
1478,streatham,STREATHAM_S7_P3412_R1,2023,1,307.0,1275.4,canola,NA,NA,4146.0,NA,NA,2860.74,1278.3399999999997
1479,streatham,STREATHAM_S7_P3412_R1,2024,2,259.5,1107.6438047101449,Wheat,NA,NA,2508.417508,0.0,NA,903.03030288,-464.11350183014486
1480,streatham,STREATHAM_S7_P3412_R1,2025,3,204.5,779.0,Pasture,NA,NA,0.0,0.0,NA,0.0,-983.5
1481,streatham,STREATHAM_S6.1_P2312_R1,2023,1,307.0,1275.4,canola,NA,NA,4326.0,NA,NA,2984.94,1402.54
1482,streatham,STREATHAM_S6.1_P2312_R1,2024,2,259.5,1154.8945873188406,Wheat,NA,NA,2023.007856,0.0,NA,728.28282816,-686.1117591588406
1483,streatham,STREATHAM_S6.1_P2312_R1,2025,3,204.5,710.0999999999999,Pasture,NA,NA,0.0,0.0,NA,0.0,-914.5999999999999
1484,streatham,STREATHAM_S2.4_P3412_R3,2023,1,296.0,1442.3675999999998,wheat,NA,NA,5767.0,NA,NA,2076.12,337.7524000000001
1485,streatham,STREATHAM_S2.4_P3412_R3,2024,2,259.5,1111.9089351449275,Wheat,NA,NA,3542.226703,0.0,NA,1275.2016130799998,-96.20732206492767
1486,streatham,STREATHAM_S2.4_P3412_R3,2025,3,215.5,846.0500000000001,Faba bean,NA,NA,4194.7,0.0,NA,1992.4825,930.9325
1487,streatham,STREATHAM_S3_P2341_R3,2023,1,296.0,1399.8675999999998,wheat,NA,NA,5905.0,NA,NA,2125.8,429.93240000000037
1488,streatham,STREATHAM_S3_P2341_R3,2024,2,248.5,881.5610163043478,Canola,NA,NA,3130.600358,0.0,NA,2160.11424702,1030.0532307156523
1489,streatham,STREATHAM_S3_P2341_R3,2025,3,230.0,1088.2988391499998,Wheat,NA,NA,7725.71,0.0,NA,2781.2556,1462.9567608500001
1490,streatham,STREATHAM_S4_P3123_R3,2023,1,296.0,1399.8675999999998,wheat,NA,NA,5438.0,NA,NA,1957.68,261.81240000000025
1491,streatham,STREATHAM_S4_P3123_R3,2024,2,286.0,635.0,Wheat,Vetch,NA,3600.0,0.0,NA,0.0,-921.0
1492,streatham,STREATHAM_S4_P3123_R3,2025,3,243.5,920.652028995,Canola,NA,NA,5148.99,0.0,NA,3552.8031,2388.651071005
1493,streatham,STREATHAM_S12_P0000_R7,NA,NA,NA,NA,NA,NA,NA,NA,NA,NA,NA,NA
1494,streatham,STREATHAM_S2.2_P1234_R1,2023,1,292.5,1266.3500000000001,faba bean,NA,NA,2361.0,NA,NA,1121.475,-437.3750000000002
1495,streatham,STREATHAM_S2.2_P1234_R1,2024,2,248.5,910.4324655797102,Canola,NA,NA,2918.069585,0.0,NA,2013.46801365,854.5355480702899
1496,streatham,STREATHAM_S2.2_P1234_R1,2025,3,230.0,1054.4114261,Wheat,NA,NA,6947.59,0.0,NA,2501.1324,1216.7209739
1497,streatham,STREATHAM_S2.1_P3412_R2,2023,1,296.0,1352.3675999999998,wheat,NA,NA,5681.0,NA,NA,2045.16,396.79240000000027
1498,streatham,STREATHAM_S2.1_P3412_R2,2024,2,259.5,1084.7268101449274,Wheat,NA,NA,4545.454545,0.0,NA,1636.3636361999995,292.1368260550721
1499,streatham,STREATHAM_S2.1_P3412_R2,2025,3,215.5,846.0500000000001,Faba bean,NA,NA,3965.57,0.0,NA,1883.64575,822.0957499999998
1500,streatham,STREATHAM_S13_P0000_R2,2023,1,146.5,961.9,Perennial ryegrass,sub clover,NA,0.0,NA,NA,0.0,-1108.4
1501,streatham,STREATHAM_S13_P0000_R2,2024,2,265.0,1833.0,Pasture,NA,NA,0.0,0.0,NA,0.0,-2098.0
1502,streatham,STREATHAM_S13_P0000_R2,2025,3,202.0,2262.3,Pasture,NA,NA,0.0,0.0,NA,0.0,-2464.3
1503,streatham,STREATHAM_S1.4_P1212_R1,2023,1,307.0,1315.4,canola,NA,NA,4693.0,NA,NA,3238.17,1615.77
1504,streatham,STREATHAM_S1.4_P1212_R1,2024,2,248.5,1106.6266742753623,Wheat,NA,NA,3058.361392,0.0,NA,1101.01010112,-254.1165731553624
1505,streatham,STREATHAM_S1.4_P1212_R1,2025,3,243.5,951.1166667000001,Canola,NA,NA,3935.64,0.0,NA,2715.5916,1520.9749333
1506,streatham,STREATHAM_S1.4_P1212_R2,2023,1,307.0,1315.4,canola,NA,NA,430.0,NA,NA,296.7,-1325.7
1507,streatham,STREATHAM_S1.4_P1212_R2,2024,2,248.5,1106.6266742753623,Wheat,NA,NA,2581.369248,0.0,NA,929.29292928,-425.8337449953624
1508,streatham,STREATHAM_S1.4_P1212_R2,2025,3,243.5,951.1166667000001,Canola,NA,NA,4811.01,0.0,NA,3319.5969,2124.9802333
1509,streatham,STREATHAM_S8_P3123_R3,2023,1,296.0,1399.8675999999998,wheat,NA,NA,5352.0,NA,NA,1926.72,230.85240000000022
1510,streatham,STREATHAM_S8_P3123_R3,2024,2,207.0,659.3,Vetch,NA,NA,0.0,0.0,NA,0.0,-866.3
1511,streatham,STREATHAM_S8_P3123_R3,2025,3,232.5,925.464927515,Canola,NA,NA,5385.29,0.0,NA,3715.8501,2557.885172485
1512,streatham,STREATHAM_S1.1_P1212_R3,2023,1,307.0,1225.4,canola,NA,NA,3645.0,NA,NA,2515.05,982.6500000000001
1513,streatham,STREATHAM_S1.1_P1212_R3,2024,2,248.5,1075.0870130434782,Wheat,NA,NA,3197.804659,0.0,NA,1151.20967724,-172.37733580347822
1514,streatham,STREATHAM_S1.1_P1212_R3,2025,3,243.5,891.45550725,Canola,NA,NA,4718.17,0.0,NA,3255.5373,2120.58179275
1515,streatham,STREATHAM_S3_P3412_R2,2023,1,307.0,1275.4,canola,NA,NA,4538.0,NA,NA,3131.22,1548.8199999999997
1516,streatham,STREATHAM_S3_P3412_R2,2024,2,259.5,1088.006297463768,Wheat,NA,NA,3468.013468,0.0,NA,1248.48484848,-99.0214489837681
1517,streatham,STREATHAM_S3_P3412_R2,2025,3,215.5,846.0500000000001,Faba bean,NA,NA,4478.4,0.0,NA,2127.24,1065.6899999999996
1518,streatham,STREATHAM_S10_P1212_R2,2023,1,389.4887,1123.95,canola,field pea,NA,3013.032,1506.516,NA,2768.976408,1255.537708
1519,streatham,STREATHAM_S10_P1212_R2,2024,2,224.64478115,822.5826974637681,Wheat,Vetch,NA,1245.791246,0.0,NA,448.48484856,-598.7426300537682
1520,streatham,STREATHAM_S10_P1212_R2,2025,3,332.98075,856.9655072500001,Canola,Field pea,NA,3509.46,509.77,NA,2655.00206,1465.0558027499997
1521,streatham,STREATHAM_S1.2_P2121_R2,2023,1,296.0,1399.8675999999998,wheat,NA,NA,6062.0,NA,NA,2182.32,486.45240000000035
1522,streatham,STREATHAM_S1.2_P2121_R2,2024,2,240.0,736.39,Canola,NA,NA,2965.768799,0.0,NA,2046.38047131,1069.99047131
1523,streatham,STREATHAM_S1.2_P2121_R2,2025,3,230.0,1046.4326,Wheat,NA,NA,8797.7,0.0,NA,3167.172,1890.7394
1524,streatham,STREATHAM_S1.2_P1212_R2,2023,1,307.0,1275.4,canola,NA,NA,4308.0,NA,NA,2972.52,1390.12
1525,streatham,STREATHAM_S1.2_P1212_R2,2024,2,240.0,861.0076,Wheat,NA,NA,2710.43771,0.0,NA,975.7575756,-125.25002440000003
1526,streatham,STREATHAM_S1.2_P1212_R2,2025,3,252.0,1022.5500000000001,Canola,NA,NA,4558.36,0.0,NA,3145.2683999999995,1870.7183999999993
1527,streatham,STREATHAM_S7_P3412_R3,2023,1,307.0,1275.4,canola,NA,NA,4141.0,NA,NA,2857.29,1274.8899999999999
1528,streatham,STREATHAM_S7_P3412_R3,2024,2,259.5,1107.6438047101449,Wheat,NA,NA,3052.195341,0.0,NA,1098.79032276,-268.3534819501449
1529,streatham,STREATHAM_S7_P3412_R3,2025,3,204.5,779.0,Pasture,NA,NA,0.0,0.0,NA,0.0,-983.5
1530,streatham,STREATHAM_S5_P3123_R1,2023,1,285.0,1354.4699999999998,barley,NA,NA,6881.0,NA,NA,2141.3672,501.89720000000034
1531,streatham,STREATHAM_S5_P3123_R1,2024,2,248.5,894.4896539855074,Canola,NA,NA,3111.672278,0.0,NA,2147.05387182,1004.0642178344926
1532,streatham,STREATHAM_S5_P3123_R1,2025,3,230.0,1061.8728695,Wheat,NA,NA,7800.12,0.0,NA,2808.0432,1516.1703305
1533,streatham,STREATHAM_S6.2_P1231_R2,2023,1,226.5,961.9,balansa clover,balansa clover,chicory ,0.0,NA,NA,0.0,-1188.4
1534,streatham,STREATHAM_S6.2_P1231_R2,2024,2,259.5,1041.896436594203,Canola,NA,NA,1882.716049,0.0,NA,1299.07407381,-2.3223627842028236
1535,streatham,STREATHAM_S6.2_P1231_R2,2025,3,230.0,1057.8897695,Wheat,NA,NA,4655.57,0.0,NA,1676.0051999999998,388.1154304999998
1536,streatham,STREATHAM_S1.3_P2121_R3,2023,1,296.0,1414.8675999999998,wheat,NA,NA,4361.0,NA,NA,1569.96,-140.90759999999977
1537,streatham,STREATHAM_S1.3_P2121_R3,2024,2,262.0,811.5450000000001,Canola,NA,NA,2833.781362,0.0,NA,1955.30913978,881.7641397799998
1538,streatham,STREATHAM_S1.3_P2121_R3,2025,3,221.5,1011.0975999999999,Wheat,NA,NA,7488.06,0.0,NA,2695.7016,1463.1039999999998
1539,streatham,STREATHAM_S5_P3123_R2,2023,1,285.0,1354.4699999999998,barley,NA,NA,6178.0,NA,NA,1922.5936,283.1236000000001
1540,streatham,STREATHAM_S5_P3123_R2,2024,2,248.5,894.4896539855073,Canola,NA,NA,2786.195286,0.0,NA,1922.47474734,779.4850933544927
1541,streatham,STREATHAM_S5_P3123_R2,2025,3,230.0,1061.8728695,Wheat,NA,NA,7816.79,0.0,NA,2814.0444,1522.1715305000002
1542,streatham,STREATHAM_S7_P4123_R3,2023,1,296.0,1399.8675999999998,wheat,NA,NA,4719.0,NA,NA,1698.84,2.972400000000107
1543,streatham,STREATHAM_S7_P4123_R3,2024,2,185.0,611.0,Pasture,NA,NA,0.0,0.0,NA,0.0,-796.0
1544,streatham,STREATHAM_S10_P2121_R3,2023,1,343.975,1090.88,wheat ,vetch ,NA,3479.0,NA,NA,1252.44,-182.41500000000008
1545,streatham,STREATHAM_S10_P2121_R3,2024,2,264.6291442675,819.9151902173915,Canola,Field Pea,NA,1204.077061,761.0887097,NA,1179.3918011326,94.84746664770853
1546,streatham,STREATHAM_S10_P2121_R3,2025,3,290.7175,837.57897105,Wheat,Vetch,NA,2768.7,0.0,NA,996.732,-131.56447104999995
1547,streatham,STREATHAM_S6.1_P3123_R1,2023,1,296.0,1399.8675999999998,wheat,NA,NA,5017.0,NA,NA,1806.12,110.25240000000008
1548,streatham,STREATHAM_S6.1_P3123_R1,2024,2,218.0,646.475,Pasture,NA,NA,0.0,0.0,NA,0.0,-864.475
1549,streatham,STREATHAM_S6.1_P3123_R1,2025,3,243.5,990.7555072000001,Canola,NA,NA,4163.63,0.0,NA,2872.9047,1638.6491928
1550,streatham,STREATHAM_S2.1_P4123_R1,2023,1,296.0,1352.3675999999998,wheat,NA,NA,5625.0,NA,NA,2025.0,376.6324000000002
1551,streatham,STREATHAM_S2.1_P4123_R1,2024,2,240.0,836.633,Faba bean,NA,NA,0.0,0.0,NA,0.0,-1076.633
1552,streatham,STREATHAM_S2.1_P4123_R1,2025,3,232.5,979.0160870000001,Canola,NA,NA,4224.85,0.0,NA,2915.1465,1703.6304129999999
1553,streatham,STREATHAM_S2.3_P2341_R2,2023,1,279.0,1185.3999999999999,canola,NA,NA,4052.0,NA,NA,2795.88,1331.4800000000002
1554,streatham,STREATHAM_S2.3_P2341_R2,2024,2,248.5,1078.3927757246377,Wheat,NA,NA,2786.195286,0.0,NA,1003.03030296,-323.8624727646377
1555,streatham,STREATHAM_S2.3_P2341_R2,2025,3,221.5,1000.3500637999999,Wheat,NA,NA,6747.43,0.0,NA,2429.0748,1207.2247361999998
1556,streatham,STREATHAM_S4_P1231_R1,2023,1,248.5,994.926,wheat,vetch ,NA,0.0,NA,NA,0.0,-1243.426
1557,streatham,STREATHAM_S4_P1231_R1,2024,2,248.5,888.9354510869566,Canola,NA,NA,2592.592593,0.0,NA,1788.88888917,651.4534380830435
1558,streatham,STREATHAM_S4_P1231_R1,2025,3,230.0,1070.59936085,Wheat,NA,NA,7740.46,0.0,NA,2786.5656,1485.9662391499999
1559,streatham,STREATHAM_S12_P0000_R3,2023,1,296.0,1399.8675999999998,wheat,NA,NA,4138.0,NA,NA,1489.6799999999998,-206.18759999999997
1560,streatham,STREATHAM_S12_P0000_R3,2024,2,215.5,2152.9063351449277,Wheat,NA,NA,5272.0,0.0,NA,5842.92439062,3474.5180554750723
1561,streatham,STREATHAM_S12_P0000_R3,2025,3,213.0,2405.25,Faba bean,NA,NA,4474.73,0.0,NA,2125.49675,-492.7532500000002
1562,streatham,STREATHAM_S2.3_P4123_R3,2023,1,296.0,1414.8675999999998,wheat,NA,NA,5819.0,NA,NA,2094.84,383.97240000000033
1563,streatham,STREATHAM_S2.3_P4123_R3,2024,2,273.0,932.0660000000001,Faba bean,NA,NA,3035.394265,0.0,NA,1441.8122758749998,236.7462758749997
1564,streatham,STREATHAM_S2.3_P4123_R3,2025,3,243.5,985.0688405999999,Canola,NA,NA,4991.07,0.0,NA,3443.8382999999994,2215.2694593999995
1565,streatham,STREATHAM_S8_P2312_R3,2023,1,307.0,1275.4,canola,NA,NA,4178.0,NA,NA,2882.82,1300.42
1566,streatham,STREATHAM_S8_P2312_R3,2024,2,259.5,1117.9322394927535,Wheat,NA,NA,2802.979391,0.0,NA,1009.07258076,-368.3596587327535
1567,streatham,STREATHAM_S8_P2312_R3,2025,3,193.5,687.0,Vetch,NA,NA,0.0,0.0,NA,0.0,-880.5
1568,streatham,STREATHAM_S2.1_P4123_R3,2023,1,296.0,1352.3675999999998,wheat,NA,NA,3683.0,NA,NA,1325.88,-322.4875999999997
1569,streatham,STREATHAM_S2.1_P4123_R3,2024,2,240.0,836.633,Faba bean,NA,NA,2987.791219,0.0,NA,1419.200829025,342.56782902500004
1570,streatham,STREATHAM_S2.1_P4123_R3,2025,3,232.5,979.016087,Canola,NA,NA,4963.83,0.0,NA,3425.0426999999995,2213.5266129999995
1571,streatham,STREATHAM_S11_P0000_R3,2023,1,332.925,1225.4225,wheat,barley,faba bean,4817.0,NA,NA,1734.12,175.77250000000004
1572,streatham,STREATHAM_S11_P0000_R3,2024,2,525.75,2158.8602192028984,Wheat,barley,fababean,4588.0,0.0,NA,5420.326702259999,2735.716483057101
1573,streatham,STREATHAM_S11_P0000_R3,2025,3,216.5,2745.0915923000002,Wheat,NA,NA,7127.45,0.0,NA,2565.882,-395.70959230000017
1574,streatham,STREATHAM_S6.1_P1231_R2,2023,1,226.5,961.9,balansa clover,balansa clover,chicory ,0.0,NA,NA,0.0,-1188.4
1575,streatham,STREATHAM_S6.1_P1231_R2,2024,2,259.5,1008.9681177536232,Canola,NA,NA,2474.747475,0.0,NA,1707.57575775,439.10763999637686
1576,streatham,STREATHAM_S6.1_P1231_R2,2025,3,230.0,1060.1304695000001,Wheat,NA,NA,5072.67,0.0,NA,1826.1612,536.0307304999999
1577,streatham,STREATHAM_S1.3_P2121_R2,2023,1,296.0,1414.8675999999998,wheat,NA,NA,4113.0,NA,NA,1480.6799999999998,-230.18759999999997
1578,streatham,STREATHAM_S1.3_P2121_R2,2024,2,262.0,811.5450000000001,Canola,NA,NA,2457.912458,0.0,NA,1695.9595960199997,622.4145960199996
1579,streatham,STREATHAM_S1.3_P2121_R2,2025,3,221.5,1011.0976,Wheat,NA,NA,6485.33,0.0,NA,2334.7188,1102.1212
1580,streatham,STREATHAM_S9.3_P1212_R1,2023,1,396.71297749999997,1173.95,canola,field pea,NA,3205.6794,1602.8397,NA,2946.0193686,1375.3563910999999
1581,streatham,STREATHAM_S9.3_P1212_R1,2024,2,259.5,1137.8693699275361,Wheat,NA,NA,2494.388328,0.0,NA,897.97979808,-499.3895718475361
1582,streatham,STREATHAM_S9.3_P1212_R1,2025,3,330.80975,905.1098551000001,Canola,Field pea,NA,2803.93,1128.46,NA,2451.54638,1215.6267749000003
1583,streatham,STREATHAM_S2.3_P1234_R1,2023,1,270.5,1200.1525,faba bean,NA,NA,2572.0,NA,NA,1221.7,-248.95249999999987
1584,streatham,STREATHAM_S2.3_P1234_R1,2024,2,281.5,1000.5082771739131,Canola,NA,NA,2376.54321,0.0,NA,1639.8148148999996,357.8065377260865
1585,streatham,STREATHAM_S2.3_P1234_R1,2025,3,221.5,980.6987593999999,Wheat,NA,NA,6469.79,0.0,NA,2329.1244,1126.9256406000004
1586,streatham,STREATHAM_S5_P2312_R3,2023,1,296.0,1399.8675999999998,wheat,NA,NA,5882.0,NA,NA,2117.52,421.65240000000017
1587,streatham,STREATHAM_S5_P2312_R3,2024,2,237.5,911.807277173913,Barley,NA,NA,3875.448029,0.0,NA,1206.0394266248,56.732149450886936
1588,streatham,STREATHAM_S5_P2312_R3,2025,3,232.5,906.0386956500001,Canola,NA,NA,5244.26,0.0,NA,3618.5394,2480.00070435
1589,streatham,STREATHAM_S7_P1234_R3,2023,1,226.5,961.9,balansa clover,balansa clover,chicory ,0.0,NA,NA,0.0,-1188.4
1590,streatham,STREATHAM_S7_P1234_R3,2024,2,185.0,611.0,Pasture,NA,NA,0.0,0.0,NA,0.0,-796.0
1591,streatham,STREATHAM_S7_P1234_R3,2025,3,252.0,1036.62028985,Canola,NA,NA,4832.67,0.0,NA,3334.5423,2045.92201015
1592,streatham,STREATHAM_S2.1_P3412_R1,2023,1,296.0,1352.3675999999998,wheat,NA,NA,5440.0,NA,NA,1958.4,310.0324000000003
1593,streatham,STREATHAM_S2.1_P3412_R1,2024,2,259.5,1084.7268101449274,Wheat,NA,NA,2744.107744,0.0,NA,987.87878784,-356.34802230492744
1594,streatham,STREATHAM_S2.1_P3412_R1,2025,3,215.5,846.0500000000001,Faba bean,NA,NA,4334.2,0.0,NA,2058.745,997.1949999999998
1595,streatham,STREATHAM_S1.4_P1212_R3,2023,1,307.0,1315.4,canola,NA,NA,4462.0,NA,NA,3078.78,1456.38
1596,streatham,STREATHAM_S1.4_P1212_R3,2024,2,248.5,1106.6266742753623,Wheat,NA,NA,3029.793907,0.0,NA,1090.72580652,-264.40086775536224
1597,streatham,STREATHAM_S1.4_P1212_R3,2025,3,243.5,951.1166667000001,Canola,NA,NA,4929.24,0.0,NA,3401.1756,2206.5589333
1598,streatham,STREATHAM_S5_P2312_R2,2023,1,296.0,1399.8675999999998,wheat,NA,NA,5442.0,NA,NA,1959.12,263.2524000000001
1599,streatham,STREATHAM_S5_P2312_R2,2024,2,237.5,911.807277173913,Barley,NA,NA,4789.56229,0.0,NA,1490.5117846479998,341.20450747408677
1600,streatham,STREATHAM_S5_P2312_R2,2025,3,232.5,906.03869565,Canola,NA,NA,5242.56,0.0,NA,3617.3664,2478.8277043499997
1601,streatham,STREATHAM_S9.1_P1212_R3,2023,1,379.488,1073.95,canola,field pea,NA,3199.68,1599.84,NA,2940.50592,1487.0679200000002
1602,streatham,STREATHAM_S9.1_P1212_R3,2024,2,259.5,1104.9568771739132,Wheat,NA,NA,3167.002688,0.0,NA,1140.12096768,-224.33590949391328
1603,streatham,STREATHAM_S9.1_P1212_R3,2025,3,322.2525,785.0500000000001,Canola,Field pea,NA,2894.29,1375.81,NA,2627.18108,1519.8785799999996
1604,streatham,STREATHAM_S9.2_P2121_R3,2023,1,296.0,1399.8675999999998,wheat,NA,NA,4066.0,NA,NA,1463.76,-232.10759999999982
1605,streatham,STREATHAM_S9.2_P2121_R3,2024,2,215.5,725.0014067028986,Canola,Field Pea,NA,0.0,0.0,NA,0.0,-940.5014067028986
1606,streatham,STREATHAM_S9.2_P2121_R3,2025,3,230.0,1068.2880695000001,Wheat,NA,NA,6630.16,0.0,NA,2386.8576,1088.5695304999997
1607,streatham,STREATHAM_S6.2_P3123_R2,2023,1,296.0,1399.8675999999998,wheat,NA,NA,6009.0,NA,NA,2163.24,467.37239999999997
1608,streatham,STREATHAM_S6.2_P3123_R2,2024,2,218.0,646.475,Pasture,NA,NA,0.0,0.0,NA,0.0,-864.475
1609,streatham,STREATHAM_S6.2_P3123_R2,2025,3,252.0,1040.07971015,Canola,NA,NA,4313.59,0.0,NA,2976.3771,1684.2973898500002
1610,streatham,STREATHAM_S2.2_P1234_R3,2023,1,292.5,1266.3500000000001,faba bean,NA,NA,1727.0,NA,NA,820.3249999999999,-738.5250000000002
1611,streatham,STREATHAM_S2.2_P1234_R3,2024,2,248.5,910.4324655797102,Canola,NA,NA,3040.994624,0.0,NA,2098.28629056,939.3538249802898
1612,streatham,STREATHAM_S2.2_P1234_R3,2025,3,230.0,1054.4114261,Wheat,NA,NA,7692.99,0.0,NA,2769.4764,1485.0649739
1613,streatham,STREATHAM_S7_P4123_R2,2023,1,296.0,1399.8675999999998,wheat,NA,NA,5620.0,NA,NA,2023.2,327.33240000000023
1614,streatham,STREATHAM_S7_P4123_R2,2024,2,185.0,611.0,Pasture,NA,NA,0.0,0.0,NA,0.0,-796.0
1615,streatham,STREATHAM_S11_P0000_R2,2023,1,329.65,1225.4225,wheat,barley,faba bean,4686.0,NA,NA,1686.96,131.88750000000005
1616,streatham,STREATHAM_S11_P0000_R2,2024,2,534.6,2158.8602192028984,Wheat,barley,fababean,4948.0,0.0,NA,5606.22742974,2912.767210537101
1617,streatham,STREATHAM_S11_P0000_R2,2025,3,227.5,2745.0915923000002,Wheat,NA,NA,7089.46,0.0,NA,2552.2056,-420.38599230000045
1618,streatham,STREATHAM_S8_P2312_R2,2023,1,307.0,1275.4,canola,NA,NA,4494.0,NA,NA,3100.86,1518.46
1619,streatham,STREATHAM_S8_P2312_R2,2024,2,259.5,1117.9322394927538,Wheat,NA,NA,2828.282828,0.0,NA,1018.18181808,-359.2504214127538
1620,streatham,STREATHAM_S8_P2312_R2,2025,3,193.5,687.0,Vetch,NA,NA,0.0,0.0,NA,0.0,-880.5
1621,streatham,STREATHAM_S10_P1212_R3,2023,1,390.38860999999997,1123.95,canola,field pea,NA,3037.0296,1518.5148,NA,2791.0302024,1276.6915923999998
1622,streatham,STREATHAM_S10_P1212_R3,2024,2,221.641801075,822.5826974637681,Wheat,Vetch,NA,1125.672043,0.0,NA,405.24193548,-638.9825630587682
1623,streatham,STREATHAM_S10_P1212_R3,2025,3,344.17925,856.9655072500001,Canola,Field pea,NA,3646.25,820.92,NA,2891.89386,1690.74910275
1624,streatham,STREATHAM_S4_P3123_R1,2023,1,296.0,1399.8675999999998,wheat,NA,NA,5495.0,NA,NA,1978.2,282.33240000000023
1625,streatham,STREATHAM_S4_P3123_R1,2024,2,291.0,635.0,Wheat,Vetch,NA,3800.0,0.0,NA,0.0,-926.0
1626,streatham,STREATHAM_S4_P3123_R1,2025,3,243.5,920.652028995,Canola,NA,NA,2841.23,0.0,NA,1960.4487,796.2966710049999
1627,streatham,STREATHAM_S2.1_P3412_R3,2023,1,296.0,1352.3675999999998,wheat,NA,NA,4877.0,NA,NA,1755.72,107.35240000000022
1628,streatham,STREATHAM_S2.1_P3412_R3,2024,2,259.5,1084.7268101449276,Wheat,NA,NA,3643.033154,0.0,NA,1311.49193544,-32.73487470492773
1629,streatham,STREATHAM_S2.1_P3412_R3,2025,3,215.5,846.0500000000001,Faba bean,NA,NA,4226.34,0.0,NA,2007.5115,945.9615
1630,streatham,STREATHAM_S4_P3123_R2,2023,1,296.0,1399.8675999999998,wheat,NA,NA,5320.0,NA,NA,1915.2,219.33240000000023
1631,streatham,STREATHAM_S4_P3123_R2,2024,2,296.0,635.0,Wheat,Vetch,NA,4000.0,0.0,NA,0.0,-931.0
1632,streatham,STREATHAM_S4_P3123_R2,2025,3,243.5,920.652028995,Canola,NA,NA,4640.89,0.0,NA,3202.2141,2038.0620710050002
1633,streatham,STREATHAM_S1.1_P2121_R1,2023,1,296.0,1352.3675999999998,wheat,NA,NA,5943.0,NA,NA,2139.48,491.1124000000002
1634,streatham,STREATHAM_S1.1_P2121_R1,2024,2,248.5,852.0550362318841,Canola,NA,NA,3215.488215,0.0,NA,2218.68686835,1118.131832118116
1635,streatham,STREATHAM_S1.1_P2121_R1,2025,3,230.0,1051.3935044,Wheat,NA,NA,7352.87,0.0,NA,2647.0332,1365.6396955999999
1636,streatham,STREATHAM_S1.3_P1212_R3,2023,1,279.0,1160.3999999999999,canola,NA,NA,1784.0,NA,NA,1230.9599999999998,-208.44000000000005
1637,streatham,STREATHAM_S1.3_P1212_R3,2024,2,240.0,831.6826,Wheat,NA,NA,3094.198029,0.0,NA,1113.91129044,42.22869043999992
1638,streatham,STREATHAM_S1.3_P1212_R3,2025,3,232.5,964.45,Canola,NA,NA,4709.14,0.0,NA,3249.3066,2052.3566
1639,streatham,STREATHAM_S2.4_P2341_R1,2023,1,307.0,1315.4,canola,NA,NA,4497.0,NA,NA,3102.93,1480.5299999999997
1640,streatham,STREATHAM_S2.4_P2341_R1,2024,2,259.5,1141.533833695652,Wheat,NA,NA,3237.934905,0.0,NA,1165.6565658,-235.37726789565204
1641,streatham,STREATHAM_S2.4_P2341_R1,2025,3,230.0,1011.7831739000001,Wheat,NA,NA,9487.97,0.0,NA,3415.6692,2173.8860261
1642,streatham,STREATHAM_S3_P1234_R3,2023,1,292.5,1266.3500000000001,faba bean,NA,NA,2944.0,NA,NA,1398.4,-160.45000000000005
1643,streatham,STREATHAM_S3_P1234_R3,2024,2,259.5,1095.3065583333332,Wheat,NA,NA,4547.491039,0.0,NA,1637.0967740399997,282.29021570666646
1644,streatham,STREATHAM_S3_P1234_R3,2025,3,232.5,936.14855074,Canola,NA,NA,5468.79,0.0,NA,3773.4651,2604.81654926
1645,streatham,STREATHAM_S8_P3123_R2,2023,1,296.0,1399.8675999999998,wheat,NA,NA,5750.0,NA,NA,2070.0,374.1324000000002
1646,streatham,STREATHAM_S8_P3123_R2,2024,2,207.0,659.3,Vetch,NA,NA,0.0,0.0,NA,0.0,-866.3
1647,streatham,STREATHAM_S8_P3123_R2,2025,3,232.5,925.464927515,Canola,NA,NA,5362.66,0.0,NA,3700.2354,2542.270472485
1648,streatham,STREATHAM_S2.2_P4123_R3,2023,1,296.0,1399.8675999999998,wheat,NA,NA,5410.0,NA,NA,1947.6,251.7324000000001
1649,streatham,STREATHAM_S2.2_P4123_R3,2024,2,240.0,836.633,Faba bean,NA,NA,3169.802867,0.0,NA,1505.656361825,429.02336182499994
1650,streatham,STREATHAM_S2.2_P4123_R3,2025,3,232.5,982.7952174000001,Canola,NA,NA,5272.61,0.0,NA,3638.1009,2422.8056825999997
1651,streatham,STREATHAM_S8_P1231_R1,2023,1,248.5,994.926,vetch,NA,NA,0.0,NA,NA,0.0,-1243.426
1652,streatham,STREATHAM_S8_P1231_R1,2024,2,248.5,850.801393115942,Canola,NA,NA,3103.25477,0.0,NA,2141.2457913,1041.9443981840577
1653,streatham,STREATHAM_S8_P1231_R1,2025,3,230.0,1034.87413475,Wheat,NA,NA,5553.2,0.0,NA,1999.152,734.2778652500001
1654,streatham,STREATHAM_S9.3_P2121_R1,2023,1,296.0,1399.8675999999998,wheat,NA,NA,5778.0,NA,NA,2080.08,384.2124000000001
1655,streatham,STREATHAM_S9.3_P2121_R1,2024,2,271.504489335,767.4003496376812,Canola,Field Pea,NA,1795.735129,444.4444444,NA,1442.6127945452,403.7079555725187
1656,streatham,STREATHAM_S9.3_P2121_R1,2025,3,230.0,1045.38506525,Wheat,NA,NA,7135.35,0.0,NA,2568.726,1293.34093475
1657,streatham,STREATHAM_S7_P3412_R2,2023,1,307.0,1275.4,canola,NA,NA,4625.0,NA,NA,3191.2499999999995,1608.8499999999995
1658,streatham,STREATHAM_S7_P3412_R2,2024,2,259.5,1107.643804710145,Wheat,NA,NA,2724.466891,0.0,NA,980.80808076,-386.33572395014505
1659,streatham,STREATHAM_S7_P3412_R2,2025,3,204.5,779.0,Pasture,NA,NA,0.0,0.0,NA,0.0,-983.5
1660,streatham,STREATHAM_S6.1_P3123_R3,2023,1,296.0,1399.8675999999998,wheat,NA,NA,5767.0,NA,NA,2076.12,380.2524000000001
1661,streatham,STREATHAM_S6.1_P3123_R3,2024,2,218.0,646.475,Pasture,NA,NA,0.0,0.0,NA,0.0,-864.475
1662,streatham,STREATHAM_S6.1_P3123_R3,2025,3,243.5,990.7555072000001,Canola,NA,NA,5002.17,0.0,NA,3451.4973,2217.2417928
1663,streatham,STREATHAM_S1.1_P1212_R1,2023,1,307.0,1225.4,canola,NA,NA,4389.0,NA,NA,3028.41,1496.0099999999998
1664,streatham,STREATHAM_S1.1_P1212_R1,2024,2,248.5,1075.0870130434782,Wheat,NA,NA,2511.223345,0.0,NA,904.0404042,-419.5466088434782
1665,streatham,STREATHAM_S1.1_P1212_R1,2025,3,243.5,891.45550725,Canola,NA,NA,2984.63,0.0,NA,2059.3947,924.4391927499998
1666,streatham,STREATHAM_S6.2_P2312_R1,2023,1,307.0,1275.4,canola,NA,NA,4349.0,NA,NA,3000.81,1418.4099999999999
1667,streatham,STREATHAM_S6.2_P2312_R1,2024,2,259.5,1117.1976597826088,Wheat,NA,NA,2898.428732,0.0,NA,1043.43434352,-333.26331626260867
1668,streatham,STREATHAM_S6.2_P2312_R1,2025,3,215.5,716.6999999999999,Pasture,NA,NA,0.0,0.0,NA,0.0,-932.1999999999999
1669,streatham,STREATHAM_S9.3_P1212_R3,2023,1,394.46320249999997,1173.95,canola,field pea,NA,3145.6854,1572.8427,NA,2890.8848825999994,1322.4716800999993
1670,streatham,STREATHAM_S9.3_P1212_R3,2024,2,259.5,1137.8693699275364,Wheat,NA,NA,0.0,0.0,NA,0.0,-1397.3693699275364
1671,streatham,STREATHAM_S9.3_P1212_R3,2025,3,332.1015,905.1098551000001,Canola,Field pea,NA,3248.82,735.24,NA,2578.42572,1341.2143649000004
1672,streatham,STREATHAM_S2.3_P1234_R2,2023,1,270.5,1200.1525,faba bean,NA,NA,1882.0,NA,NA,893.9499999999999,-576.7025
1673,streatham,STREATHAM_S2.3_P1234_R2,2024,2,281.5,1000.508277173913,Canola,NA,NA,2544.893378,0.0,NA,1755.97643082,473.9681536460869
1674,streatham,STREATHAM_S2.3_P1234_R2,2025,3,221.5,980.6987593999999,Wheat,NA,NA,6263.82,0.0,NA,2254.9752,1052.7764406000001
1675,streatham,STREATHAM_S3_P4123_R2,2023,1,296.0,1399.8675999999998,wheat,NA,NA,6149.0,NA,NA,2213.64,517.7724000000001
1676,streatham,STREATHAM_S3_P4123_R2,2024,2,240.0,836.633,Faba bean,NA,NA,3367.003367,0.0,NA,1599.3265993249995,522.6935993249995
1677,streatham,STREATHAM_S3_P4123_R2,2025,3,230.0,1025.3671217,Wheat,NA,NA,7766.76,0.0,NA,2796.0336,1540.6664783
1678,streatham,STREATHAM_S7_P2341_R1,2023,1,226.5,961.9,Perennial ryegrass,sub clover,NA,0.0,NA,NA,0.0,-1188.4
1679,streatham,STREATHAM_S7_P2341_R1,2024,2,248.5,898.9578278985507,Canola,NA,NA,1820.987654,0.0,NA,1256.48148126,109.0236533614493
1680,streatham,STREATHAM_S7_P2341_R1,2025,3,230.0,1072.8518261,Wheat,NA,NA,6742.86,0.0,NA,2427.4296,1124.5777739
1681,streatham,STREATHAM_S7_P2341_R3,2023,1,226.5,961.9,Perennial ryegrass,sub clover,NA,0.0,NA,NA,0.0,-1188.4
1682,streatham,STREATHAM_S7_P2341_R3,2024,2,248.5,898.9578278985507,Canola,NA,NA,1766.913082,0.0,NA,1219.17002658,71.71219868144931
1683,streatham,STREATHAM_S7_P2341_R3,2025,3,230.0,1072.8518261,Wheat,NA,NA,6784.17,0.0,NA,2442.3012,1139.4493739
1684,streatham,STREATHAM_S1.1_P2121_R2,2023,1,296.0,1352.3675999999998,wheat,NA,NA,5500.0,NA,NA,1980.0,331.6324000000002
1685,streatham,STREATHAM_S1.1_P2121_R2,2024,2,248.5,852.0550362318841,Canola,NA,NA,3268.799102,0.0,NA,2255.47138038,1154.916344148116
1686,streatham,STREATHAM_S1.1_P2121_R2,2025,3,230.0,1051.3935044,Wheat,NA,NA,34.32,0.0,NA,12.3552,-1269.0383044
1687,streatham,STREATHAM_S11_P0000_R6,NA,NA,NA,NA,NA,NA,NA,NA,NA,NA,NA,NA
1688,streatham,STREATHAM_S2.3_P3412_R2,2023,1,296.0,1414.8675999999998,wheat,NA,NA,4700.0,NA,NA,1692.0,-18.86759999999981
1689,streatham,STREATHAM_S2.3_P3412_R2,2024,2,259.5,1015.9049786231884,Wheat,NA,NA,4065.656566,0.0,NA,1463.63636376,188.23138513681158
1690,streatham,STREATHAM_S2.3_P3412_R2,2025,3,215.5,826.65,Faba bean,NA,NA,5230.78,0.0,NA,2484.6204999999995,1442.4704999999994
1691,streatham,STREATHAM_S2.2_P4123_R1,2023,1,296.0,1399.8675999999998,wheat,NA,NA,5712.0,NA,NA,2056.32,360.45240000000035
1692,streatham,STREATHAM_S2.2_P4123_R1,2024,2,240.0,836.633,Faba bean,NA,NA,3069.584736,0.0,NA,1458.0527495999995,381.4197495999995
1693,streatham,STREATHAM_S2.2_P4123_R1,2025,3,232.5,982.7952174000001,Canola,NA,NA,3945.27,0.0,NA,2722.2363,1506.9410825999998
1694,streatham,STREATHAM_S1.1_P1212_R2,2023,1,307.0,1225.4,canola,NA,NA,3988.0,NA,NA,2751.72,1219.3199999999997
1695,streatham,STREATHAM_S1.1_P1212_R2,2024,2,248.5,1075.0870130434782,Wheat,NA,NA,2948.933782,0.0,NA,1061.61616152,-261.97085152347813
1696,streatham,STREATHAM_S1.1_P1212_R2,2025,3,243.5,891.45550725,Canola,NA,NA,4416.89,0.0,NA,3047.6541,1912.6985927500002
1697,streatham,STREATHAM_S2.1_P1234_R3,2023,1,292.5,1266.3500000000001,faba bean,NA,NA,2440.0,NA,NA,1159.0,-399.85000000000014
1698,streatham,STREATHAM_S2.1_P1234_R3,2024,2,248.5,825.027963768116,Canola,NA,NA,3054.99552,0.0,NA,2107.9469088,1034.418945031884
1699,streatham,STREATHAM_S2.1_P1234_R3,2025,3,230.0,1026.6882695,Wheat,NA,NA,7461.59,0.0,NA,2686.1724,1429.4841305
1700,streatham,STREATHAM_S6.1_P1231_R3,2023,1,226.5,961.9,balansa clover,balansa clover,chicory ,0.0,NA,NA,0.0,-1188.4
1701,streatham,STREATHAM_S6.1_P1231_R3,2024,2,259.5,1008.9681177536233,Canola,NA,NA,2282.146057,0.0,NA,1574.6807793299995,306.21266157637615
1702,streatham,STREATHAM_S6.1_P1231_R3,2025,3,230.0,1060.1304695000001,Wheat,NA,NA,5354.66,0.0,NA,1927.6776,637.5471304999999
1703,streatham,STREATHAM_S6.1_P2312_R3,2023,1,307.0,1275.4,canola,NA,NA,3940.0,NA,NA,2718.6,1136.1999999999998
1704,streatham,STREATHAM_S6.1_P2312_R3,2024,2,259.5,1154.8945873188406,Wheat,NA,NA,2797.379032,0.0,NA,1007.05645152,-407.33813579884065
1705,streatham,STREATHAM_S6.1_P2312_R3,2025,3,204.5,710.0999999999999,Pasture,NA,NA,0.0,0.0,NA,0.0,-914.5999999999999
1706,streatham,STREATHAM_S11_P0000_R7,NA,NA,NA,NA,NA,NA,NA,NA,NA,NA,NA,NA
1707,streatham,STREATHAM_S3_P2341_R1,2023,1,296.0,1399.8675999999998,wheat,NA,NA,5729.0,NA,NA,2062.44,366.57240000000024
1708,streatham,STREATHAM_S3_P2341_R1,2024,2,248.5,881.5610163043478,Canola,NA,NA,3703.703704,0.0,NA,2555.55555576,1425.494539455652
1709,streatham,STREATHAM_S3_P2341_R1,2025,3,230.0,1088.2988391499998,Wheat,NA,NA,6451.8,0.0,NA,2322.648,1004.3491608500003
1710,streatham,STREATHAM_S3_P1234_R2,2023,1,292.5,1266.3500000000001,faba bean,NA,NA,2083.0,NA,NA,989.425,-569.4250000000002
1711,streatham,STREATHAM_S3_P1234_R2,2024,2,259.5,1095.3065583333334,Wheat,NA,NA,3630.751964,0.0,NA,1307.07070704,-47.73585129333355
1712,streatham,STREATHAM_S3_P1234_R2,2025,3,232.5,936.14855074,Canola,NA,NA,4866.14,0.0,NA,3357.6366,2188.9880492599996
1713,streatham,STREATHAM_S6.2_P1231_R3,2023,1,226.5,961.9,balansa clover,balansa clover,chicory ,0.0,NA,NA,0.0,-1188.4
1714,streatham,STREATHAM_S6.2_P1231_R3,2024,2,259.5,1041.8964365942031,Canola,NA,NA,1948.924731,0.0,NA,1344.7580643899998,43.36162779579672
1715,streatham,STREATHAM_S6.2_P1231_R3,2025,3,230.0,1057.8897695,Wheat,NA,NA,6296.78,0.0,NA,2266.8408,978.9510304999999
1716,streatham,STREATHAM_S12_P0000_R6,NA,NA,NA,NA,NA,NA,NA,NA,NA,NA,NA,NA
1717,streatham,STREATHAM_S2.4_P1234_R1,2023,1,292.5,1266.3500000000001,faba bean,NA,NA,2483.0,NA,NA,1179.425,-379.4250000000002
1718,streatham,STREATHAM_S2.4_P1234_R1,2024,2,248.5,916.3794221014492,Canola,NA,NA,2940.516274,0.0,NA,2028.95622906,864.0768069585507
1719,streatham,STREATHAM_S2.4_P1234_R1,2025,3,230.0,1089.5669,Wheat,NA,NA,6245.09,0.0,NA,2248.2324,928.6654999999998
1720,streatham,STREATHAM_S11_P0000_R8,NA,NA,NA,NA,NA,NA,NA,NA,NA,NA,NA,NA
1721,streatham,STREATHAM_S1.3_P1212_R1,2023,1,279.0,1160.3999999999999,canola,NA,NA,3892.0,NA,NA,2685.48,1246.0800000000002
1722,streatham,STREATHAM_S1.3_P1212_R1,2024,2,240.0,831.6826,Wheat,NA,NA,2606.621773,0.0,NA,938.38383828,-133.29876172000002
1723,streatham,STREATHAM_S1.3_P1212_R1,2025,3,232.5,964.45,Canola,NA,NA,3542.43,0.0,NA,2444.2767,1247.3266999999998
1724,streatham,STREATHAM_S6.2_P2312_R2,2023,1,307.0,1275.4,canola,NA,NA,4130.0,NA,NA,2849.7,1267.2999999999997
1725,streatham,STREATHAM_S6.2_P2312_R2,2024,2,259.5,1117.1976597826088,Wheat,NA,NA,2727.272727,0.0,NA,981.81818172,-394.87947806260877
1726,streatham,STREATHAM_S6.2_P2312_R2,2025,3,215.5,716.6999999999999,Pasture,NA,NA,0.0,0.0,NA,0.0,-932.1999999999999
1727,streatham,STREATHAM_S13_P0000_R5,NA,NA,NA,NA,NA,NA,NA,NA,NA,NA,NA,NA
1728,streatham,STREATHAM_S10_P1212_R1,2023,1,386.439005,1123.95,canola,field pea,NA,2931.7068,1465.8534,NA,2694.2385492,1183.8495441999996
1729,streatham,STREATHAM_S10_P1212_R1,2024,2,219.10325477499998,822.5826974637681,Wheat,Vetch,NA,1024.130191,0.0,NA,368.68686876,-672.9990834787682
1730,streatham,STREATHAM_S10_P1212_R1,2025,3,318.413,856.9655072500001,Canola,Field pea,NA,2606.73,829.79,NA,2178.68752,1003.3090127499999
1731,streatham,STREATHAM_S12_P0000_R1,2023,1,216.0,1399.8675999999998,wheat,NA,NA,5544.0,NA,NA,1995.84,379.9724000000001
1732,streatham,STREATHAM_S12_P0000_R1,2024,2,295.5,2152.9063351449277,Wheat,NA,NA,5055.0,0.0,NA,5662.26662178,3213.860286635072
1733,streatham,STREATHAM_S12_P0000_R1,2025,3,202.0,2405.25,Faba bean,NA,NA,3869.31,0.0,NA,1837.92225,-769.3277499999999
1734,streatham,STREATHAM_S12_P0000_R8,NA,NA,NA,NA,NA,NA,NA,NA,NA,NA,NA,NA
1735,streatham,STREATHAM_S11_P0000_R9,NA,NA,NA,NA,NA,NA,NA,NA,NA,NA,NA,NA
1736,streatham,STREATHAM_S13_P0000_R8,NA,NA,NA,NA,NA,NA,NA,NA,NA,NA,NA,NA
1737,streatham,STREATHAM_S3_P4123_R1,2023,1,296.0,1399.8675999999998,wheat,NA,NA,5845.0,NA,NA,2104.2,408.3324
1738,streatham,STREATHAM_S3_P4123_R1,2024,2,240.0,836.633,Faba bean,NA,NA,0.0,0.0,NA,0.0,-1076.633
1739,streatham,STREATHAM_S3_P4123_R1,2025,3,230.0,1025.3671217,Wheat,NA,NA,8618.22,0.0,NA,3102.5592,1847.1920783
1740,streatham,STREATHAM_S2.1_P2341_R2,2023,1,307.0,1225.4,canola,NA,NA,4142.0,NA,NA,2857.98,1325.58
1741,streatham,STREATHAM_S2.1_P2341_R2,2024,2,259.5,1077.0797666666667,Wheat,NA,NA,3019.079686,0.0,NA,1086.86868696,-249.71107970666662
1742,streatham,STREATHAM_S2.1_P2341_R2,2025,3,221.5,991.7373826,Wheat,NA,NA,8103.47,0.0,NA,2917.2492,1704.0118174000002
1743,streatham,STREATHAM_S1.4_P2121_R2,2023,1,296.0,1442.3675999999998,wheat,NA,NA,5317.0,NA,NA,1914.12,175.75240000000008
1744,streatham,STREATHAM_S1.4_P2121_R2,2024,2,248.5,903.0347554347826,Canola,NA,NA,3358.585859,0.0,NA,2317.42424271,1165.889487275217
1745,streatham,STREATHAM_S1.4_P2121_R2,2025,3,230.0,1098.6594044,Wheat,NA,NA,8382.25,0.0,NA,3017.61,1688.9505956
1746,streatham,STREATHAM_S6.2_P3123_R1,2023,1,296.0,1399.8675999999998,wheat,NA,NA,5984.0,NA,NA,2154.24,458.37239999999997
1747,streatham,STREATHAM_S6.2_P3123_R1,2024,2,218.0,646.475,Pasture,NA,NA,0.0,0.0,NA,0.0,-864.475
1748,streatham,STREATHAM_S6.2_P3123_R1,2025,3,252.0,1040.07971015,Canola,NA,NA,3992.0,0.0,NA,2754.48,1462.40028985
1749,streatham,STREATHAM_S9.2_P1212_R1,2023,1,276.5,1123.9499999999998,canola,field pea,NA,0.0,NA,NA,0.0,-1400.4499999999998
1750,streatham,STREATHAM_S9.2_P1212_R1,2024,2,259.5,1106.031109057971,Wheat,NA,NA,2418.630752,0.0,NA,870.7070707199999,-494.82403833797105
1751,streatham,STREATHAM_S9.2_P1212_R1,2025,3,327.46625,865.45898551,Canola,Field pea,NA,2508.78,1289.87,NA,2321.81866,1128.89342449
1752,streatham,STREATHAM_S1.2_P2121_R1,2023,1,296.0,1399.8675999999998,wheat,NA,NA,6047.0,NA,NA,2176.92,481.05240000000026
1753,streatham,STREATHAM_S1.2_P2121_R1,2024,2,240.0,736.39,Canola,NA,NA,3498.877666,0.0,NA,2414.22558954,1437.83558954
1754,streatham,STREATHAM_S1.2_P2121_R1,2025,3,230.0,1046.4326,Wheat,NA,NA,6802.12,0.0,NA,2448.7632,1172.3305999999998
1755,streatham,STREATHAM_S3_P2341_R2,2023,1,296.0,1399.8675999999998,wheat,NA,NA,5311.0,NA,NA,1911.96,216.09240000000023
1756,streatham,STREATHAM_S3_P2341_R2,2024,2,248.5,881.5610163043478,Canola,NA,NA,3347.362514,0.0,NA,2309.68013466,1179.619118355652
1757,streatham,STREATHAM_S3_P2341_R2,2025,3,230.0,1088.29883915,Wheat,NA,NA,7065.08,0.0,NA,2543.4288,1225.12996085
1758,streatham,STREATHAM_S5_P3123_R3,2023,1,285.0,1354.4699999999998,barley,NA,NA,5779.0,NA,NA,1798.4247999999998,158.95479999999998
1759,streatham,STREATHAM_S5_P3123_R3,2024,2,248.5,894.4896539855074,Canola,NA,NA,3147.401434,0.0,NA,2171.70698946,1028.7173354744925
1760,streatham,STREATHAM_S5_P3123_R3,2025,3,230.0,1061.8728695,Wheat,NA,NA,8550.61,0.0,NA,3078.2196,1786.3467305
1761,streatham,STREATHAM_S2.3_P4123_R2,2023,1,296.0,1414.8675999999998,wheat,NA,NA,4965.0,NA,NA,1787.4,76.53240000000028
1762,streatham,STREATHAM_S2.3_P4123_R2,2024,2,273.0,932.0660000000001,Faba bean,NA,NA,2839.506173,0.0,NA,1348.765432175,143.69943217499974
1763,streatham,STREATHAM_S2.3_P4123_R2,2025,3,243.5,985.0688405999999,Canola,NA,NA,4484.76,0.0,NA,3094.4844,1865.9155594
1764,streatham,STREATHAM_S2.2_P2341_R2,2023,1,307.0,1275.4,canola,NA,NA,4442.0,NA,NA,3064.98,1482.58
1765,streatham,STREATHAM_S2.2_P2341_R2,2024,2,259.5,1111.250761231884,Wheat,NA,NA,3232.323232,0.0,NA,1163.63636352,-207.11439771188407
1766,streatham,STREATHAM_S2.2_P2341_R2,2025,3,230.0,1058.2549217,Wheat,NA,NA,9415.7,0.0,NA,3389.652,2101.3970783
1767,streatham,STREATHAM_S1.2_P1212_R3,2023,1,307.0,1275.4,canola,NA,NA,3797.0,NA,NA,2619.93,1037.5299999999997
1768,streatham,STREATHAM_S1.2_P1212_R3,2024,2,240.0,861.0076,Wheat,NA,NA,2595.766129,0.0,NA,934.47580644,-166.53179355999998
1769,streatham,STREATHAM_S1.2_P1212_R3,2025,3,252.0,1022.5500000000001,Canola,NA,NA,5134.77,0.0,NA,3542.9913,2268.4413
1770,streatham,STREATHAM_S8_P1231_R3,2023,1,248.5,994.926,vetch,NA,NA,0.0,NA,NA,0.0,-1243.426
1771,streatham,STREATHAM_S8_P1231_R3,2024,2,248.5,850.8013931159421,Canola,NA,NA,3307.011649,0.0,NA,2281.83803781,1182.536644694058
1772,streatham,STREATHAM_S8_P1231_R3,2025,3,230.0,1034.87413475,Wheat,NA,NA,7135.39,0.0,NA,2568.7404,1303.8662652500002
1773,streatham,STREATHAM_S11_P0000_R5,NA,NA,NA,NA,NA,NA,NA,NA,NA,NA,NA,NA
1774,streatham,STREATHAM_S12_P0000_R5,NA,NA,NA,NA,NA,NA,NA,NA,NA,NA,NA,NA
1775,streatham,STREATHAM_S2.4_P3412_R1,2023,1,296.0,1442.3675999999998,wheat,NA,NA,5576.0,NA,NA,2007.36,268.9924000000001
1776,streatham,STREATHAM_S2.4_P3412_R1,2024,2,259.5,1111.9089351449275,Wheat,NA,NA,2143.65881,0.0,NA,771.7171715999999,-599.6917635449275
1777,streatham,STREATHAM_S2.4_P3412_R1,2025,3,215.5,846.0500000000001,Faba bean,NA,NA,4853.6,0.0,NA,2305.46,1243.9099999999999
1778,streatham,STREATHAM_S2.3_P3412_R1,2023,1,296.0,1414.8675999999998,wheat,NA,NA,3889.0,NA,NA,1400.04,-310.82759999999985
1779,streatham,STREATHAM_S2.3_P3412_R1,2024,2,259.5,1015.9049786231884,Wheat,NA,NA,1618.967452,0.0,NA,582.8282827200001,-692.5766959031884
1780,streatham,STREATHAM_S2.3_P3412_R1,2025,3,215.5,826.65,Faba bean,NA,NA,4834.09,0.0,NA,2296.19275,1254.04275
1781,streatham,STREATHAM_S9.2_P1212_R2,2023,1,383.8142675,1123.95,canola,field pea,NA,2861.7138,1430.8569,NA,2629.9149822,1122.1507147
1782,streatham,STREATHAM_S9.2_P1212_R2,2024,2,259.5,1106.031109057971,Wheat,NA,NA,2696.40853,0.0,NA,970.7070708,-394.824038257971
1783,streatham,STREATHAM_S9.2_P1212_R2,2025,3,327.2265,865.45898551,Canola,Field pea,NA,3145.72,643.34,NA,2465.1965199999995,1272.5110344899997
1784,streatham,STREATHAM_S2.2_P4123_R2,2023,1,296.0,1399.8675999999998,wheat,NA,NA,5512.0,NA,NA,1984.32,288.4524000000001
1785,streatham,STREATHAM_S2.2_P4123_R2,2024,2,240.0,836.633,Faba bean,NA,NA,3361.391695,0.0,NA,1596.6610551249998,520.0280551249998
1786,streatham,STREATHAM_S2.2_P4123_R2,2025,3,232.5,982.7952174000001,Canola,NA,NA,5035.83,0.0,NA,3474.7227,2259.4274825999996
1787,streatham,STREATHAM_S7_P1234_R1,2023,1,226.5,961.9,balansa clover,balansa clover,chicory ,0.0,NA,NA,0.0,-1188.4
1788,streatham,STREATHAM_S7_P1234_R1,2024,2,185.0,611.0,Pasture,NA,NA,0.0,0.0,NA,0.0,-796.0
1789,streatham,STREATHAM_S7_P1234_R1,2025,3,252.0,1036.62028985,Canola,NA,NA,2992.59,0.0,NA,2064.8871,776.2668101499999
1790,streatham,STREATHAM_S12_P0000_R4,NA,NA,NA,NA,NA,NA,NA,NA,NA,NA,NA,NA
1791,streatham,STREATHAM_S8_P3123_R1,2023,1,296.0,1399.8675999999998,wheat,NA,NA,5075.0,NA,NA,1827.0,131.1324000000002
1792,streatham,STREATHAM_S8_P3123_R1,2024,2,207.0,659.3,Vetch,NA,NA,0.0,0.0,NA,0.0,-866.3
1793,streatham,STREATHAM_S8_P3123_R1,2025,3,232.5,925.464927515,Canola,NA,NA,4034.1,0.0,NA,2783.5289999999995,1625.5640724849995
1794,streatham,STREATHAM_S2.1_P1234_R1,2023,1,292.5,1266.3500000000001,faba bean,NA,NA,2538.0,NA,NA,1205.55,-353.3000000000002
1795,streatham,STREATHAM_S2.1_P1234_R1,2024,2,248.5,825.027963768116,Canola,NA,NA,3097.643098,0.0,NA,2137.37373762,1063.8457738518841
1796,streatham,STREATHAM_S2.1_P1234_R1,2025,3,230.0,1026.6882695,Wheat,NA,NA,6931.84,0.0,NA,2495.4624,1238.7741305
1797,streatham,STREATHAM_S12_P0000_R2,2023,1,216.0,1399.8675999999998,wheat,NA,NA,4712.0,NA,NA,1696.32,80.45240000000013
1798,streatham,STREATHAM_S12_P0000_R2,2024,2,295.5,2152.9063351449277,Wheat,NA,NA,5340.0,0.0,NA,5834.54087529,3386.1345401450726
1799,streatham,STREATHAM_S12_P0000_R2,2025,3,202.0,2405.25,Faba bean,NA,NA,4071.41,0.0,NA,1933.91975,-673.33025
1800,streatham,STREATHAM_S4_P2312_R2,2023,1,307.0,1275.4,canola,NA,NA,4151.0,NA,NA,2864.19,1281.79
1801,streatham,STREATHAM_S4_P2312_R2,2024,2,259.5,1113.37238442029,Wheat,NA,NA,2637.485971,0.0,NA,949.49494956,-423.37743486029
1802,streatham,STREATHAM_S4_P2312_R2,2025,3,204.5,711.0,Wheat,Vetch,NA,0.0,0.0,NA,0.0,-915.5
1803,roseworthy,ROSEWORTHY_S1.1_P3123_R3,2023,1,257.0,592.1894,barley,NA,NA,4717.0,NA,NA,1467.9304,618.741
1804,roseworthy,ROSEWORTHY_S1.1_P3123_R3,2024,2,182.5,478.53,Lentil,NA,NA,972.8597488,NA,NA,748.1291468272001,87.09914682720012
1805,roseworthy,ROSEWORTHY_S1.1_P3123_R3,2025,3,210.5,810.2444,Wheat,NA,NA,3970.04,0.0,NA,1429.2143999999998,408.4699999999998
1806,roseworthy,ROSEWORTHY_S2_P1212_R2,2023,1,270.5,786.8794,lentil,NA,NA,1460.0,NA,NA,1122.74,65.36059999999998
1807,roseworthy,ROSEWORTHY_S2_P1212_R2,2024,2,191.0,289.93600000000004,Wheat,NA,NA,1626.125553,NA,NA,585.40519908,104.46919907999995
1808,roseworthy,ROSEWORTHY_S2_P1212_R2,2025,3,193.5,376.7944,Lentil,NA,NA,1113.17,0.0,NA,856.02773,285.73333
1809,roseworthy,ROSEWORTHY_S3_P1212_R1,2023,1,259.5,576.9044,vetch,NA,NA,5090.0,NA,NA,0.0,-836.4044
1810,roseworthy,ROSEWORTHY_S3_P1212_R1,2024,2,182.5,249.936,Wheat,NA,NA,2397.176471,NA,NA,862.9835295600001,430.54752956000004
1811,roseworthy,ROSEWORTHY_S3_P1212_R1,2025,3,193.5,169.91940000000002,Vetch,NA,NA,0.0,0.0,NA,0.0,-363.4194
1812,roseworthy,ROSEWORTHY_S1.2_P1231_R3,2023,1,281.5,786.8794,lentil,NA,NA,1479.0,NA,NA,1137.351,68.97160000000008
1813,roseworthy,ROSEWORTHY_S1.2_P1231_R3,2024,2,202.0,289.93600000000004,Wheat,NA,NA,1517.05563,NA,NA,546.1400268,54.20402679999995
1814,roseworthy,ROSEWORTHY_S1.2_P1231_R3,2025,3,210.5,749.2444,Barley,NA,NA,4250.94,0.0,NA,1322.892528,363.14812800000004
1815,roseworthy,ROSEWORTHY_S4_P1231_R2,2023,1,339.85,579.2794,canola,fieldpea,NA,578.0,1756.0,NA,1203.068,283.93859999999995
1816,roseworthy,ROSEWORTHY_S4_P1231_R2,2024,2,225.08516899724998,439.23,Wheat,Lentil,NA,1681.372549,22.03421089,NA,622.23842581441,-42.076743182840005
1817,roseworthy,ROSEWORTHY_S4_P1231_R2,2025,3,246.67424999999997,132.3944,Barley,Faba bean,NA,1814.35,312.62,NA,713.1202199999999,334.05156999999997
1818,roseworthy,ROSEWORTHY_S7_P0000_R1,2023,1,279.0,675.5094,durum,NA,NA,3288.0,NA,NA,1568.376,613.8666
1819,roseworthy,ROSEWORTHY_S7_P0000_R1,2024,2,193.5,402.88599999999997,Barley,NA,NA,2207.692597,NA,NA,687.0339361864,90.64793618639999
1820,roseworthy,ROSEWORTHY_S7_P0000_R1,2025,3,185.0,316.41939999999994,Lentil,NA,NA,2795.3,0.0,NA,2149.5857,1648.1663
1821,roseworthy,ROSEWORTHY_S3_P2121_R1,2023,1,257.0,592.1894,durum,NA,NA,3678.0,NA,NA,1754.406,905.2166
1822,roseworthy,ROSEWORTHY_S3_P2121_R1,2024,2,193.5,298.455,Vetch,NA,NA,0.0,NA,NA,0.0,-491.955
1823,roseworthy,ROSEWORTHY_S3_P2121_R1,2025,3,210.5,776.0944000000001,Durum,NA,NA,2921.35,0.0,NA,1393.4839499999998,406.88954999999976
1824,roseworthy,ROSEWORTHY_S8_P0212_R2,2024,1,180.0,231.98,Canola,NA,NA,351.0925845,NA,NA,242.253883305,-169.726116695
1825,roseworthy,ROSEWORTHY_S8_P0212_R2,2025,2,171.5,119.8944,Lentil,NA,NA,1335.81,0.0,NA,1027.23789,735.8434900000001
1826,roseworthy,ROSEWORTHY_S1.1_P1231_R3,2023,1,281.5,786.8794,lentil,NA,NA,1799.0,NA,NA,1383.431,315.0516
1827,roseworthy,ROSEWORTHY_S1.1_P1231_R3,2024,2,191.0,299.93600000000004,Wheat,NA,NA,1991.272616,NA,NA,716.85814176,225.92214175999993
1828,roseworthy,ROSEWORTHY_S1.1_P1231_R3,2025,3,210.5,810.2444,Barley,NA,NA,4063.67,0.0,NA,1264.614104,243.86970399999996
1829,roseworthy,ROSEWORTHY_S8_P0121_R2,2024,1,182.5,394.53,Lentil,NA,NA,781.0964306,NA,NA,600.6631551314,23.63315513140003
1830,roseworthy,ROSEWORTHY_S8_P0121_R2,2025,2,199.5,397.84439999999995,Canola,NA,NA,1099.07,0.0,NA,758.3582999999999,161.01389999999992
1831,roseworthy,ROSEWORTHY_S4_P2312_R3,2023,1,370.9,816.4513999999999,wheat,lentil,NA,3499.0,517.0,NA,1657.213,469.8616000000002
1832,roseworthy,ROSEWORTHY_S4_P2312_R3,2024,2,218.664808241,232.98000000000002,Barley,Faba Bean,NA,1419.594828,26.99750164,NA,454.6017237525999,2.9569155115999024
1833,roseworthy,ROSEWORTHY_S4_P2312_R3,2025,3,231.13825,144.5444,Canola,Field pea,NA,1505.53,0.0,NA,1038.8157,663.1330500000001
1834,roseworthy,ROSEWORTHY_S2_P1212_R3,2023,1,270.5,786.8794,lentil,NA,NA,1572.0,NA,NA,1208.868,151.4885999999999
1835,roseworthy,ROSEWORTHY_S2_P1212_R3,2024,2,191.0,289.93600000000004,Wheat,NA,NA,1901.376475,NA,NA,684.495531,203.559531
1836,roseworthy,ROSEWORTHY_S2_P1212_R3,2025,3,193.5,376.7944,Lentil,NA,NA,1200.0,0.0,NA,922.8,352.50559999999996
1837,roseworthy,ROSEWORTHY_S2_P2121_R3,2023,1,279.0,592.1894,durum,NA,NA,2519.0,NA,NA,1201.563,330.3736000000001
1838,roseworthy,ROSEWORTHY_S2_P2121_R3,2024,2,182.5,478.53,Lentil,NA,NA,908.0072558,NA,NA,698.2575797102,37.227579710200075
1839,roseworthy,ROSEWORTHY_S2_P2121_R3,2025,3,210.5,806.7444,Durum,NA,NA,2097.38,0.0,NA,1000.45026,-16.794140000000084
1840,roseworthy,ROSEWORTHY_S1.2_P2312_R2,2023,1,268.0,592.1894,wheat,NA,NA,5613.0,NA,NA,2020.68,1160.4906
1841,roseworthy,ROSEWORTHY_S1.2_P2312_R2,2024,2,191.0,289.93600000000004,Barley,NA,NA,1349.467718,NA,NA,419.9543538416,-60.98164615840005
1842,roseworthy,ROSEWORTHY_S1.2_P2312_R2,2025,3,193.5,376.7944,Lentil,NA,NA,3215.83,0.0,NA,2472.97327,1902.67887
1843,roseworthy,ROSEWORTHY_S1.1_P2312_R3,2023,1,257.0,592.1894,wheat,NA,NA,4659.0,NA,NA,1677.24,828.0506
1844,roseworthy,ROSEWORTHY_S1.1_P2312_R3,2024,2,202.0,299.93600000000004,Barley,NA,NA,617.6518386,NA,NA,192.21325217232,-309.72274782768
1845,roseworthy,ROSEWORTHY_S1.1_P2312_R3,2025,3,193.5,376.7944,Lentil,NA,NA,1731.6,0.0,NA,1331.6004,761.306
1846,roseworthy,ROSEWORTHY_S1.1_P2312_R2,2023,1,279.0,592.1894,wheat,NA,NA,5104.0,NA,NA,1837.44,966.2506000000001
1847,roseworthy,ROSEWORTHY_S1.1_P2312_R2,2024,2,202.0,299.93600000000004,Barley,NA,NA,1522.301299,NA,NA,473.7401642488,-28.195835751200036
1848,roseworthy,ROSEWORTHY_S1.1_P2312_R2,2025,3,193.5,376.7944,Lentil,NA,NA,2424.24,0.0,NA,1864.24056,1293.94616
1849,roseworthy,ROSEWORTHY_S6_P0000_R2,2023,1,279.0,592.1894,wheat,NA,NA,5306.0,NA,NA,1910.16,1038.9706
1850,roseworthy,ROSEWORTHY_S6_P0000_R2,2024,2,191.0,258.456,Barley,NA,NA,10.81680468,NA,NA,3.366189616416,-446.089810383584
1851,roseworthy,ROSEWORTHY_S6_P0000_R2,2025,3,193.5,376.7944,Lentil,NA,NA,1508.97,0.0,NA,1160.39793,590.1035300000001
1852,roseworthy,ROSEWORTHY_S3_P2121_R3,2023,1,279.0,592.1894,durum,NA,NA,2270.0,NA,NA,1082.79,211.6006
1853,roseworthy,ROSEWORTHY_S3_P2121_R3,2024,2,193.5,298.455,Vetch,NA,NA,0.0,NA,NA,0.0,-491.955
1854,roseworthy,ROSEWORTHY_S3_P2121_R3,2025,3,210.5,776.0944000000001,Durum,NA,NA,1853.93,0.0,NA,884.32461,-102.26979000000006
1855,roseworthy,ROSEWORTHY_S8_P0121_R3,2024,1,182.5,394.53,Lentil,NA,NA,1006.529272,NA,NA,774.021010168,196.991010168
1856,roseworthy,ROSEWORTHY_S8_P0121_R3,2025,2,199.5,397.84439999999995,Canola,NA,NA,2139.07,0.0,NA,1475.9583,878.6139000000001
1857,roseworthy,ROSEWORTHY_S7_P0000_R2,2023,1,268.0,675.5094,durum,NA,NA,3575.0,NA,NA,1705.275,761.7656000000001
1858,roseworthy,ROSEWORTHY_S7_P0000_R2,2024,2,193.5,402.88599999999997,Barley,NA,NA,1334.787504,NA,NA,415.3858712448,-181.00012875519997
1859,roseworthy,ROSEWORTHY_S7_P0000_R2,2025,3,185.0,316.41939999999994,Lentil,NA,NA,2671.61,0.0,NA,2054.4680900000003,1553.0486900000003
1860,roseworthy,ROSEWORTHY_S1.2_P1231_R1,2023,1,281.5,786.8794,lentil,NA,NA,1621.0,NA,NA,1246.549,178.16959999999995
1861,roseworthy,ROSEWORTHY_S1.2_P1231_R1,2024,2,191.0,289.93600000000004,Wheat,NA,NA,2514.7697,NA,NA,905.317092,424.38109199999997
1862,roseworthy,ROSEWORTHY_S1.2_P1231_R1,2025,3,210.5,749.2444,Barley,NA,NA,4288.39,0.0,NA,1334.546968,374.80256800000006
1863,roseworthy,ROSEWORTHY_S1.2_P1231_R2,2023,1,281.5,786.8794,lentil,NA,NA,1521.0,NA,NA,1169.649,101.26959999999985
1864,roseworthy,ROSEWORTHY_S1.2_P1231_R2,2024,2,191.0,289.93600000000004,Wheat,NA,NA,2127.111145,NA,NA,765.7600121999999,284.82401219999986
1865,roseworthy,ROSEWORTHY_S1.2_P1231_R2,2025,3,210.5,749.2444,Barley,NA,NA,4569.29,0.0,NA,1421.9630479999998,462.2186479999998
1866,roseworthy,ROSEWORTHY_S4_P1231_R1,2023,1,341.525,579.2794,canola,fieldpea,NA,951.0,1450.0,NA,1320.29,399.4856
1867,roseworthy,ROSEWORTHY_S4_P1231_R1,2024,2,219.45653937999998,439.23,Wheat,Lentil,NA,1426.589818,51.6717572,NA,553.3079157668,-105.37862361320003
1868,roseworthy,ROSEWORTHY_S4_P1231_R1,2025,3,258.608,132.3944,Barley,Faba bean,NA,2008.07,596.25,NA,908.130134,517.127734
1869,roseworthy,ROSEWORTHY_S1.2_P2312_R3,2023,1,257.0,592.1894,wheat,NA,NA,3754.0,NA,NA,1351.44,502.2506000000001
1870,roseworthy,ROSEWORTHY_S1.2_P2312_R3,2024,2,191.0,289.93600000000004,Barley,NA,NA,505.830062,NA,NA,157.41431529439998,-323.5216847056
1871,roseworthy,ROSEWORTHY_S1.2_P2312_R3,2025,3,193.5,376.7944,Lentil,NA,NA,2275.8,0.0,NA,1750.0902,1179.7958
1872,roseworthy,ROSEWORTHY_S1.1_P1231_R1,2023,1,281.5,786.8794,lentil,NA,NA,1983.0,NA,NA,1524.927,456.5475999999999
1873,roseworthy,ROSEWORTHY_S1.1_P1231_R1,2024,2,202.0,299.93600000000004,Wheat,NA,NA,2348.748663,NA,NA,845.5495186799999,343.61351867999986
1874,roseworthy,ROSEWORTHY_S1.1_P1231_R1,2025,3,210.5,810.2444,Barley,NA,NA,4250.94,0.0,NA,1322.892528,302.14812800000004
1875,roseworthy,ROSEWORTHY_S6_P0000_R3,2023,1,268.0,592.1894,wheat,NA,NA,3493.0,NA,NA,1257.48,397.29060000000004
1876,roseworthy,ROSEWORTHY_S6_P0000_R3,2024,2,191.0,258.456,Barley,NA,NA,2.568529201,NA,NA,0.7993262873511999,-448.65667371264885
1877,roseworthy,ROSEWORTHY_S6_P0000_R3,2025,3,193.5,376.7944,Lentil,NA,NA,1434.8,0.0,NA,1103.3612,533.0668000000001
1878,roseworthy,ROSEWORTHY_S4_P2312_R2,2023,1,362.825,816.4513999999999,wheat,lentil,NA,3184.0,509.0,NA,1537.661,358.3846000000001
1879,roseworthy,ROSEWORTHY_S4_P2312_R2,2024,2,216.3249453565,232.98000000000002,Barley,Faba Bean,NA,1312.518549,40.47926526,NA,427.6834234473,-21.6215219092
1880,roseworthy,ROSEWORTHY_S4_P2312_R2,2025,3,240.466,144.5444,Canola,Field pea,NA,1851.14,27.5,NA,1289.8816,904.8711999999998
1881,roseworthy,ROSEWORTHY_S1.1_P1231_R2,2023,1,270.5,786.8794,lentil,NA,NA,1118.0,NA,NA,859.7420000000001,-197.63739999999996
1882,roseworthy,ROSEWORTHY_S1.1_P1231_R2,2024,2,191.0,299.93600000000004,Wheat,NA,NA,1880.223392,NA,NA,676.88042112,185.94442112000002
1883,roseworthy,ROSEWORTHY_S1.1_P1231_R2,2025,3,210.5,810.2444,Barley,NA,NA,4119.85,0.0,NA,1282.09732,261.35292000000004
1884,roseworthy,ROSEWORTHY_S6_P0000_R1,2023,1,268.0,592.1894,wheat,NA,NA,5908.0,NA,NA,2126.88,1266.6906000000001
1885,roseworthy,ROSEWORTHY_S6_P0000_R1,2024,2,191.0,258.456,Barley,NA,NA,17.98031466,NA,NA,5.595473922192,-443.860526077808
1886,roseworthy,ROSEWORTHY_S6_P0000_R1,2025,3,193.5,376.7944,Lentil,NA,NA,2176.87,0.0,NA,1674.0130299999998,1103.7186299999998
1887,roseworthy,ROSEWORTHY_S8_P0212_R3,2024,1,180.0,231.98,Canola,NA,NA,604.6134156,NA,NA,417.183256764,5.203256764000031
1888,roseworthy,ROSEWORTHY_S8_P0212_R3,2025,2,171.5,119.8944,Lentil,NA,NA,1731.6,0.0,NA,1331.6004,1040.2060000000001
1889,roseworthy,ROSEWORTHY_S1.2_P3123_R1,2023,1,268.0,592.1894,barley,NA,NA,5069.0,NA,NA,1577.4727999999998,717.2833999999998
1890,roseworthy,ROSEWORTHY_S1.2_P3123_R1,2024,2,182.5,478.53000000000003,Lentil,NA,NA,1034.142582,NA,NA,795.255645558,134.22564555799994
1891,roseworthy,ROSEWORTHY_S1.2_P3123_R1,2025,3,210.5,809.8944,Wheat,NA,NA,4269.66,0.0,NA,1537.0775999999998,516.6831999999998
1892,roseworthy,ROSEWORTHY_S1.1_P2312_R1,2023,1,268.0,592.1894,wheat,NA,NA,5023.0,NA,NA,1808.28,948.0906
1893,roseworthy,ROSEWORTHY_S1.1_P2312_R1,2024,2,191.0,299.93600000000004,Barley,NA,NA,906.0226177,NA,NA,281.95423862824,-208.98176137176006
1894,roseworthy,ROSEWORTHY_S1.1_P2312_R1,2025,3,193.5,376.7944,Lentil,NA,NA,1855.29,0.0,NA,1426.71801,856.42361
1895,roseworthy,ROSEWORTHY_S3_P1212_R2,2023,1,259.5,576.9044,vetch,NA,NA,5710.0,NA,NA,0.0,-836.4044
1896,roseworthy,ROSEWORTHY_S3_P1212_R2,2024,2,193.5,249.936,Wheat,NA,NA,2112.562229,NA,NA,760.5224024400001,317.08640244000003
1897,roseworthy,ROSEWORTHY_S3_P1212_R2,2025,3,193.5,169.9194,Vetch,NA,NA,0.0,0.0,NA,0.0,-363.4194
1898,roseworthy,ROSEWORTHY_S1.2_P2312_R1,2023,1,279.0,592.1894,wheat,NA,NA,5590.0,NA,NA,2012.4,1141.2106
1899,roseworthy,ROSEWORTHY_S1.2_P2312_R1,2024,2,191.0,289.93600000000004,Barley,NA,NA,2168.05411,NA,NA,674.698439032,193.76243903199997
1900,roseworthy,ROSEWORTHY_S1.2_P2312_R1,2025,3,193.5,376.7944,Lentil,NA,NA,2572.67,0.0,NA,1978.38323,1408.08883
1901,roseworthy,ROSEWORTHY_S1.2_P3123_R2,2023,1,268.0,592.1894,barley,NA,NA,5141.0,NA,NA,1599.8792,739.6898000000001
1902,roseworthy,ROSEWORTHY_S1.2_P3123_R2,2024,2,182.5,478.53000000000003,Lentil,NA,NA,998.2770728,NA,NA,767.6750689832,106.64506898320002
1903,roseworthy,ROSEWORTHY_S1.2_P3123_R2,2025,3,210.5,809.8944,Wheat,NA,NA,4176.03,0.0,NA,1503.3708,482.9763999999999
1904,roseworthy,ROSEWORTHY_S4_P1231_R3,2023,1,343.5,579.2794,canola,fieldpea,NA,711.0,1769.0,NA,1300.792,378.0125999999999
1905,roseworthy,ROSEWORTHY_S4_P1231_R3,2024,2,225.32340459575,439.23,Wheat,Lentil,NA,1683.995518,28.94066583,NA,628.4937585032699,-36.059646092480136
1906,roseworthy,ROSEWORTHY_S4_P1231_R3,2025,3,242.34825,132.3944,Barley,Faba bean,NA,1471.04,482.89,NA,687.160398,312.41774799999996
1907,roseworthy,ROSEWORTHY_S4_P2312_R1,2023,1,365.65,816.4513999999999,wheat,lentil,NA,3361.0,445.0,NA,1552.165,370.06359999999995
1908,roseworthy,ROSEWORTHY_S4_P2312_R1,2024,2,209.000045812,232.98000000000002,Barley,Faba Bean,NA,1034.812322,25.18951048,NA,333.99861208439995,-107.98143372760006
1909,roseworthy,ROSEWORTHY_S4_P2312_R1,2025,3,246.8265,144.5444,Canola,Field pea,NA,2133.06,0.0,NA,1471.8113999999998,1080.4405
1910,roseworthy,ROSEWORTHY_S2_P2121_R2,2023,1,279.0,592.1894,durum,NA,NA,3622.0,NA,NA,1727.694,856.5046
1911,roseworthy,ROSEWORTHY_S2_P2121_R2,2024,2,182.5,478.53,Lentil,NA,NA,1027.153223,NA,NA,789.880828487,128.85082848700006
1912,roseworthy,ROSEWORTHY_S2_P2121_R2,2025,3,210.5,806.7444,Durum,NA,NA,3052.43,0.0,NA,1456.00911,438.7647099999999
1913,roseworthy,ROSEWORTHY_S3_P1212_R3,2023,1,259.5,576.9044,vetch,NA,NA,6330.0,NA,NA,0.0,-836.4044
1914,roseworthy,ROSEWORTHY_S3_P1212_R3,2024,2,193.5,249.936,Wheat,NA,NA,1854.611657,NA,NA,667.66019652,224.22419652
1915,roseworthy,ROSEWORTHY_S3_P1212_R3,2025,3,193.5,169.9194,Vetch,NA,NA,0.0,0.0,NA,0.0,-363.4194
1916,roseworthy,ROSEWORTHY_S4_P3123_R1,2023,1,376.2,558.6094,barley,fababean,NA,3668.0,560.0,NA,1407.4815999999998,472.67219999999975
1917,roseworthy,ROSEWORTHY_S4_P3123_R1,2024,2,213.257062345,267.18,Canola,Field Pea,NA,954.4021304,275.8803634,NA,784.8906764132,304.4536140682
1918,roseworthy,ROSEWORTHY_S4_P3123_R1,2025,3,302.6375,398.21639999999996,Wheat,Lentil,NA,4364.61,0.89,NA,1571.94401,871.0901099999999
1919,roseworthy,ROSEWORTHY_S4_P3123_R2,2023,1,370.225,558.6094,barley,fababean,NA,3945.0,484.0,NA,1457.5839999999998,528.7495999999999
1920,roseworthy,ROSEWORTHY_S4_P3123_R2,2024,2,210.7404611475,267.18,Canola,Field Pea,NA,981.9810103,147.6374356,NA,745.1848426117999,267.2643814642999
1921,roseworthy,ROSEWORTHY_S4_P3123_R2,2025,3,293.11925,398.2164,Wheat,Lentil,NA,3983.84,0.93,NA,1434.89757,743.5619200000001
1922,roseworthy,ROSEWORTHY_S8_P0212_R1,2024,1,180.0,231.98,Canola,NA,NA,281.232493,NA,NA,194.05042017,-217.92957983
1923,roseworthy,ROSEWORTHY_S8_P0212_R1,2025,2,171.5,119.8944,Lentil,NA,NA,1682.13,0.0,NA,1293.55797,1002.16357
1924,roseworthy,ROSEWORTHY_S5_P0000_R1,2023,1,274.0,695.1294,canola,NA,NA,2031.0,NA,NA,1401.39,432.26060000000007
1925,roseworthy,ROSEWORTHY_S5_P0000_R1,2024,2,193.5,249.936,Wheat,NA,NA,1998.62387,NA,NA,719.5045931999999,276.0685931999999
1926,roseworthy,ROSEWORTHY_S5_P0000_R1,2025,3,210.5,416.9443999999999,Canola,NA,NA,1687.4,0.0,NA,1164.306,536.8616000000002
1927,roseworthy,ROSEWORTHY_S3_P2121_R2,2023,1,279.0,592.1894,durum,NA,NA,4139.0,NA,NA,1974.303,1103.1136000000001
1928,roseworthy,ROSEWORTHY_S3_P2121_R2,2024,2,193.5,298.455,Vetch,NA,NA,0.0,NA,NA,0.0,-491.955
1929,roseworthy,ROSEWORTHY_S3_P2121_R2,2025,3,210.5,776.0944000000001,Durum,NA,NA,2902.62,0.0,NA,1384.54974,397.95533999999986
1930,roseworthy,ROSEWORTHY_S5_P0000_R2,2023,1,274.0,695.1294,canola,NA,NA,2091.0,NA,NA,1442.79,473.66059999999993
1931,roseworthy,ROSEWORTHY_S5_P0000_R2,2024,2,182.5,249.936,Wheat,NA,NA,1515.454483,NA,NA,545.5636138799999,113.12761387999993
1932,roseworthy,ROSEWORTHY_S5_P0000_R2,2025,3,210.5,416.9444,Canola,NA,NA,1955.76,0.0,NA,1349.4743999999998,722.0299999999999
1933,roseworthy,ROSEWORTHY_S7_P0000_R3,2023,1,268.0,675.5094,durum,NA,NA,4197.0,NA,NA,2001.969,1058.4596000000001
1934,roseworthy,ROSEWORTHY_S7_P0000_R3,2024,2,182.5,402.88599999999997,Barley,NA,NA,621.166068,NA,NA,193.3068803616,-392.07911963839996
1935,roseworthy,ROSEWORTHY_S7_P0000_R3,2025,3,185.0,316.41939999999994,Lentil,NA,NA,2597.4,0.0,NA,1997.4006,1495.9812
1936,roseworthy,ROSEWORTHY_S2_P2121_R1,2023,1,279.0,592.1894,durum,NA,NA,3394.0,NA,NA,1618.938,747.7486000000001
1937,roseworthy,ROSEWORTHY_S2_P2121_R1,2024,2,193.5,478.53,Lentil,NA,NA,1024.675325,NA,NA,787.975324925,115.94532492500002
1938,roseworthy,ROSEWORTHY_S2_P2121_R1,2025,3,210.5,806.7444,Durum,NA,NA,3239.7,0.0,NA,1545.3368999999998,528.0924999999997
1939,roseworthy,ROSEWORTHY_S1.1_P3123_R1,2023,1,268.0,592.1894,barley,NA,NA,5260.0,NA,NA,1636.9119999999998,776.7225999999998
1940,roseworthy,ROSEWORTHY_S1.1_P3123_R1,2024,2,182.5,478.53000000000003,Lentil,NA,NA,1073.082918,NA,NA,825.2007639420001,164.17076394200006
1941,roseworthy,ROSEWORTHY_S1.1_P3123_R1,2025,3,210.5,810.2444,Wheat,NA,NA,4194.76,0.0,NA,1510.1136,489.36919999999986
1942,roseworthy,ROSEWORTHY_S1.2_P3123_R3,2023,1,257.0,592.1894,barley,NA,NA,5250.0,NA,NA,1633.8,784.6106
1943,roseworthy,ROSEWORTHY_S1.2_P3123_R3,2024,2,193.5,478.53000000000003,Lentil,NA,NA,738.1863584,NA,NA,567.6653096096001,-104.36469039039997
1944,roseworthy,ROSEWORTHY_S1.2_P3123_R3,2025,3,210.5,809.8944,Wheat,NA,NA,3932.58,0.0,NA,1415.7288,395.3344000000001
1945,roseworthy,ROSEWORTHY_S2_P1212_R1,2023,1,270.5,786.8794,lentil,NA,NA,2030.0,NA,NA,1561.07,503.6905999999999
1946,roseworthy,ROSEWORTHY_S2_P1212_R1,2024,2,191.0,289.93600000000004,Wheat,NA,NA,3604.886857,NA,NA,1297.75926852,816.8232685199999
1947,roseworthy,ROSEWORTHY_S2_P1212_R1,2025,3,193.5,376.7944,Lentil,NA,NA,1781.08,0.0,NA,1369.65052,799.3561199999999
1948,roseworthy,ROSEWORTHY_S1.1_P3123_R2,2023,1,268.0,592.1894,barley,NA,NA,5447.0,NA,NA,1695.1064,834.9169999999999
1949,roseworthy,ROSEWORTHY_S1.1_P3123_R2,2024,2,193.5,478.53000000000003,Lentil,NA,NA,455.4766276,NA,NA,350.2615266244,-321.7684733756
1950,roseworthy,ROSEWORTHY_S1.1_P3123_R2,2025,3,210.5,810.2444,Wheat,NA,NA,4569.29,0.0,NA,1644.9444,624.2
1951,roseworthy,ROSEWORTHY_S5_P0000_R3,2023,1,274.0,695.1294,canola,NA,NA,1587.0,NA,NA,1095.03,125.90059999999994
1952,roseworthy,ROSEWORTHY_S5_P0000_R3,2024,2,193.5,249.936,Wheat,NA,NA,1721.2753,NA,NA,619.659108,176.22310799999994
1953,roseworthy,ROSEWORTHY_S5_P0000_R3,2025,3,210.5,416.9444,Canola,NA,NA,2401.3,0.0,NA,1656.897,1029.4526
1954,roseworthy,ROSEWORTHY_S8_P0121_R1,2024,1,182.5,394.53,Lentil,NA,NA,819.1592419,NA,NA,629.9334570211,52.90345702110005
1955,roseworthy,ROSEWORTHY_S8_P0121_R1,2025,2,199.5,397.84439999999995,Canola,NA,NA,1301.3,0.0,NA,897.8969999999999,300.5526
1956,roseworthy,ROSEWORTHY_S4_P3123_R3,2023,1,377.625,558.6094,barley,fababean,NA,3853.0,432.0,NA,1404.2536,468.01919999999996
1957,roseworthy,ROSEWORTHY_S4_P3123_R3,2024,2,202.23923865275,267.18,Canola,Field Pea,NA,713.4773054,76.09224071,NA,527.1495869711799,57.73034831842989
1958,roseworthy,ROSEWORTHY_S4_P3123_R3,2025,3,305.6865,398.21639999999996,Wheat,Lentil,NA,4486.21,1.25,NA,1615.99685,912.09395
1959,edillilie,EDILLILIE_S2.1_P1234_R2,2023,1,180.0,271.35299999999995,lentil,NA,NA,1646.0,NA,NA,1265.774,814.4209999999999
1960,edillilie,EDILLILIE_S2.1_P1234_R2,2024,2,160.5,61.875,Canola,NA,NA,4290.56,NA,NA,2960.4864,2738.1114
1961,edillilie,EDILLILIE_S2.1_P1234_R2,2025,3,169.0,213.3476,Wheat,NA,NA,4290.56,NA,NA,1544.6016000000002,1162.2540000000001
1962,edillilie,EDILLILIE_S2.1_P3412_R3,2023,1,191.0,299.6262,wheat,NA,NA,3796.0,NA,NA,1366.56,875.9338
1963,edillilie,EDILLILIE_S2.1_P3412_R3,2024,2,177.5,222.95,Wheat,NA,NA,1752.78,NA,NA,631.0007999999999,230.55079999999992
1964,edillilie,EDILLILIE_S2.1_P3412_R3,2025,3,171.5,139.6,Lentil,NA,NA,1752.78,NA,NA,1347.88782,1036.78782
1965,edillilie,EDILLILIE_S2.2_P1234_R3,2023,1,180.0,271.35299999999995,lentil,NA,NA,1707.0,NA,NA,1312.683,861.33
1966,edillilie,EDILLILIE_S2.2_P1234_R3,2024,2,149.5,114.375,Canola,NA,NA,3982.22,NA,NA,2747.7318,2483.8568
1967,edillilie,EDILLILIE_S2.2_P1234_R3,2025,3,177.5,233.8476,Wheat,NA,NA,3982.22,NA,NA,1433.5992,1022.2516
1968,edillilie,EDILLILIE_S1.2_P1212_R3,2023,1,180.0,395.4446,canola,NA,NA,1470.0,NA,NA,1014.3,438.8554
1969,edillilie,EDILLILIE_S1.2_P1212_R3,2024,2,177.5,217.65,Wheat,NA,NA,2856.67,NA,NA,1028.4012,633.2512
1970,edillilie,EDILLILIE_S1.2_P1212_R3,2025,3,188.5,223.6,Canola,NA,NA,2856.67,NA,NA,1971.1023,1559.0023
1971,edillilie,EDILLILIE_S1.2_P1212_R1,2023,1,180.0,395.4446,canola,NA,NA,2071.0,NA,NA,1428.9899999999998,853.5453999999997
1972,edillilie,EDILLILIE_S1.2_P1212_R1,2024,2,177.5,217.65,Wheat,NA,NA,3288.89,NA,NA,1184.0004,788.8503999999999
1973,edillilie,EDILLILIE_S1.2_P1212_R1,2025,3,188.5,223.6,Canola,NA,NA,3288.89,NA,NA,2269.3341,1857.2341000000001
1974,edillilie,EDILLILIE_S2.2_P3412_R2,2023,1,180.0,299.6262,wheat,NA,NA,3722.0,NA,NA,1339.9199999999998,860.2937999999999
1975,edillilie,EDILLILIE_S2.2_P3412_R2,2024,2,194.5,362.45,Wheat,NA,NA,1837.22,NA,NA,661.3992,104.44919999999996
1976,edillilie,EDILLILIE_S2.2_P3412_R2,2025,3,171.5,139.6,Lentil,NA,NA,1837.22,NA,NA,1412.82218,1101.72218
1977,edillilie,EDILLILIE_S3_P1234_R2,2023,1,180.0,271.35299999999995,fababean,NA,NA,1489.0,NA,NA,707.275,255.92200000000003
1978,edillilie,EDILLILIE_S3_P1234_R2,2024,2,149.5,168.875,Canola,NA,NA,4921.67,NA,NA,3395.9523,3077.5773
1979,edillilie,EDILLILIE_S3_P1234_R2,2025,3,177.5,206.8476,Wheat,NA,NA,4921.67,NA,NA,1771.8012,1387.4536
1980,edillilie,EDILLILIE_S1.1_P1212_R1,2023,1,180.0,395.4446,canola,NA,NA,2409.0,NA,NA,1662.2099999999998,1086.7653999999998
1981,edillilie,EDILLILIE_S1.1_P1212_R1,2024,2,197.0,293.15,Wheat,NA,NA,3366.11,NA,NA,1211.7996,721.6496000000001
1982,edillilie,EDILLILIE_S1.1_P1212_R1,2025,3,188.5,265.6,Canola,NA,NA,3366.11,NA,NA,2322.6159,1868.5158999999999
1983,edillilie,EDILLILIE_S1.2_P2121_R2,2023,1,191.0,333.5286,wheat,NA,NA,4134.0,NA,NA,1488.24,963.7114
1984,edillilie,EDILLILIE_S1.2_P2121_R2,2024,2,177.5,205.95,Canola,NA,NA,4307.22,NA,NA,2971.9818,2588.5318
1985,edillilie,EDILLILIE_S1.2_P2121_R2,2025,3,169.0,206.8476,Wheat,NA,NA,4307.22,NA,NA,1550.5992,1174.7516
1986,edillilie,EDILLILIE_S2.1_P2341_R2,2023,1,191.0,395.4445999999999,canola,NA,NA,1455.0,NA,NA,1003.95,417.5054000000001
1987,edillilie,EDILLILIE_S2.1_P2341_R2,2024,2,177.5,217.65,Wheat,NA,NA,3910.0,NA,NA,1407.6,1012.4499999999999
1988,edillilie,EDILLILIE_S2.1_P2341_R2,2025,3,169.0,193.3476,Wheat,NA,NA,3910.0,NA,NA,1407.6,1045.2523999999999
1989,edillilie,EDILLILIE_S1.3_P1212_R3,2023,1,180.0,395.4446,canola,NA,NA,1786.0,NA,NA,1232.34,656.8953999999999
1990,edillilie,EDILLILIE_S1.3_P1212_R3,2024,2,205.5,352.15,Wheat,NA,NA,3612.22,NA,NA,1300.3991999999998,742.7491999999999
1991,edillilie,EDILLILIE_S1.3_P1212_R3,2025,3,188.5,313.6,Canola,NA,NA,3612.22,NA,NA,2492.4318,1990.3318
1992,edillilie,EDILLILIE_S2.2_P2341_R2,2023,1,180.0,395.4446,canola,NA,NA,1604.0,NA,NA,1106.76,531.3154
1993,edillilie,EDILLILIE_S2.2_P2341_R2,2024,2,205.5,352.15,Wheat,NA,NA,3951.67,NA,NA,1422.6012,864.9512000000001
1994,edillilie,EDILLILIE_S2.2_P2341_R2,2025,3,177.5,256.3476,Wheat,NA,NA,3951.67,NA,NA,1422.6012,988.7536
1995,edillilie,EDILLILIE_S1.3_P2121_R3,2023,1,180.0,333.52860000000004,wheat,NA,NA,4061.0,NA,NA,1461.96,948.4313999999999
1996,edillilie,EDILLILIE_S1.3_P2121_R3,2024,2,194.5,347.95,Canola,NA,NA,4090.0,NA,NA,2822.1,2279.65
1997,edillilie,EDILLILIE_S1.3_P2121_R3,2025,3,177.5,286.3476,Wheat,NA,NA,4090.0,NA,NA,1472.4,1008.5524
1998,edillilie,EDILLILIE_S2.1_P1234_R1,2023,1,180.0,271.35299999999995,lentil,NA,NA,1500.0,NA,NA,1153.5,702.147
1999,edillilie,EDILLILIE_S2.1_P1234_R1,2024,2,160.5,61.875,Canola,NA,NA,5252.78,NA,NA,3624.4182,3402.0432
2000,edillilie,EDILLILIE_S2.1_P1234_R1,2025,3,169.0,213.3476,Wheat,NA,NA,5252.78,NA,NA,1891.0008,1508.6532
2001,edillilie,EDILLILIE_S1.2_P1212_R2,2023,1,180.0,395.4446,canola,NA,NA,1354.0,NA,NA,934.26,358.8154
2002,edillilie,EDILLILIE_S1.2_P1212_R2,2024,2,188.5,217.65,Wheat,NA,NA,2941.67,NA,NA,1059.0012,652.8512
2003,edillilie,EDILLILIE_S1.2_P1212_R2,2025,3,188.5,223.6,Canola,NA,NA,2941.67,NA,NA,2029.7523,1617.6523000000002
2004,edillilie,EDILLILIE_S2.2_P2341_R3,2023,1,180.0,395.44460000000004,canola,NA,NA,1586.0,NA,NA,1094.34,518.8953999999999
2005,edillilie,EDILLILIE_S2.2_P2341_R3,2024,2,205.5,352.15,Wheat,NA,NA,3717.78,NA,NA,1338.4008,780.7507999999999
2006,edillilie,EDILLILIE_S2.2_P2341_R3,2025,3,177.5,256.3476,Wheat,NA,NA,3717.78,NA,NA,1338.4008,904.5531999999998
2007,edillilie,EDILLILIE_S1.3_P1212_R1,2023,1,180.0,395.4446,canola,NA,NA,2071.0,NA,NA,1428.9899999999998,853.5453999999997
2008,edillilie,EDILLILIE_S1.3_P1212_R1,2024,2,205.5,352.15,Wheat,NA,NA,3285.0,NA,NA,1182.6,624.9499999999999
2009,edillilie,EDILLILIE_S1.3_P1212_R1,2025,3,188.5,313.6,Canola,NA,NA,3285.0,NA,NA,2266.65,1764.5500000000002
2010,edillilie,EDILLILIE_S2.2_P1234_R1,2023,1,180.0,271.35299999999995,lentil,NA,NA,1572.0,NA,NA,1208.868,757.515
2011,edillilie,EDILLILIE_S2.2_P1234_R1,2024,2,149.5,114.375,Canola,NA,NA,4586.11,NA,NA,3164.4158999999995,2900.5408999999995
2012,edillilie,EDILLILIE_S2.2_P1234_R1,2025,3,177.5,233.8476,Wheat,NA,NA,4586.11,NA,NA,1650.9996,1239.652
2013,edillilie,EDILLILIE_S3_P2341_R2,2023,1,180.0,395.4446,canola,NA,NA,1364.0,NA,NA,941.16,365.7154
2014,edillilie,EDILLILIE_S3_P2341_R2,2024,2,186.0,279.15,Wheat,NA,NA,3769.44,NA,NA,1356.9984,891.8484
2015,edillilie,EDILLILIE_S3_P2341_R2,2025,3,177.5,236.3476,Wheat,NA,NA,3769.44,NA,NA,1356.9984,943.1507999999999
2016,edillilie,EDILLILIE_S3_P4123_R3,2023,1,180.0,228.52859999999995,wheat,NA,NA,3657.0,NA,NA,1316.52,907.9914
2017,edillilie,EDILLILIE_S3_P4123_R3,2024,2,197.0,328.45,Faba Bean ,NA,NA,3514.44,NA,NA,1669.359,1143.9089999999999
2018,edillilie,EDILLILIE_S3_P4123_R3,2025,3,177.5,282.75,Canola,NA,NA,3514.44,NA,NA,2424.9636,1964.7136
2019,edillilie,EDILLILIE_S1.1_P2121_R1,2023,1,180.0,333.52860000000004,wheat,NA,NA,4033.0,NA,NA,1451.88,938.3514
2020,edillilie,EDILLILIE_S1.1_P2121_R1,2024,2,175.0,285.45,Canola,NA,NA,5327.22,NA,NA,3675.7818,3215.3318000000004
2021,edillilie,EDILLILIE_S1.1_P2121_R1,2025,3,177.5,231.3476,Wheat,NA,NA,5327.22,NA,NA,1917.7992,1508.9515999999999
2022,edillilie,EDILLILIE_S1.1_P2121_R2,2023,1,180.0,333.5286,wheat,NA,NA,3695.0,NA,NA,1330.2,816.6714000000001
2023,edillilie,EDILLILIE_S1.1_P2121_R2,2024,2,186.0,285.45,Canola,NA,NA,4272.22,NA,NA,2947.8318,2476.3818
2024,edillilie,EDILLILIE_S1.1_P2121_R2,2025,3,177.5,231.3476,Wheat,NA,NA,4272.22,NA,NA,1537.9992,1129.1516
2025,edillilie,EDILLILIE_S2.2_P2341_R1,2023,1,180.0,395.4446,canola,NA,NA,1879.0,NA,NA,1296.51,721.0654
2026,edillilie,EDILLILIE_S2.2_P2341_R1,2024,2,205.5,352.15,Wheat,NA,NA,4182.78,NA,NA,1505.8007999999998,948.1507999999998
2027,edillilie,EDILLILIE_S2.2_P2341_R1,2025,3,177.5,256.3476,Wheat,NA,NA,4182.78,NA,NA,1505.8007999999998,1071.9531999999997
2028,edillilie,EDILLILIE_S1.3_P2121_R2,2023,1,180.0,333.5286,wheat,NA,NA,3755.0,NA,NA,1351.8,838.2714
2029,edillilie,EDILLILIE_S1.3_P2121_R2,2024,2,194.5,347.95,Canola,NA,NA,4166.67,NA,NA,2875.0023,2332.5523000000003
2030,edillilie,EDILLILIE_S1.3_P2121_R2,2025,3,177.5,286.3476,Wheat,NA,NA,4166.67,NA,NA,1500.0012,1036.1535999999999
2031,edillilie,EDILLILIE_S2.2_P4123_R2,2023,1,191.0,232.3686,wheat,NA,NA,3170.0,NA,NA,1141.2,717.8314
2032,edillilie,EDILLILIE_S2.2_P4123_R2,2024,2,197.0,307.45,Lentil,NA,NA,3543.33,NA,NA,2724.82077,2220.37077
2033,edillilie,EDILLILIE_S2.2_P4123_R2,2025,3,188.5,251.6,Canola,NA,NA,3543.33,NA,NA,2444.8977,2004.7977
2034,edillilie,EDILLILIE_S3_P4123_R1,2023,1,169.0,228.52859999999995,wheat,NA,NA,3846.0,NA,NA,1384.56,987.0314
2035,edillilie,EDILLILIE_S3_P4123_R1,2024,2,197.0,328.45,Faba Bean ,NA,NA,3462.22,NA,NA,1644.5544999999995,1119.1044999999995
2036,edillilie,EDILLILIE_S3_P4123_R1,2025,3,177.5,282.75,Canola,NA,NA,3462.22,NA,NA,2388.9318,1928.6817999999998
2037,edillilie,EDILLILIE_S1.2_P2121_R1,2023,1,180.0,333.5286,wheat,NA,NA,4243.0,NA,NA,1527.48,1013.9514
2038,edillilie,EDILLILIE_S1.2_P2121_R1,2024,2,177.5,205.95,Canola,NA,NA,4284.44,NA,NA,2956.2635999999998,2572.8136
2039,edillilie,EDILLILIE_S1.2_P2121_R1,2025,3,169.0,206.8476,Wheat,NA,NA,4284.44,NA,NA,1542.3983999999998,1166.5507999999998
2040,edillilie,EDILLILIE_S3_P1234_R1,2023,1,180.0,271.35299999999995,fababean,NA,NA,2087.0,NA,NA,991.325,539.9720000000001
2041,edillilie,EDILLILIE_S3_P1234_R1,2024,2,160.5,168.875,Canola,NA,NA,5203.33,NA,NA,3590.2977,3260.9227
2042,edillilie,EDILLILIE_S3_P1234_R1,2025,3,177.5,206.8476,Wheat,NA,NA,5203.33,NA,NA,1873.1988,1488.8511999999998
2043,edillilie,EDILLILIE_S1.2_P2121_R3,2023,1,180.0,333.5286,wheat,NA,NA,4030.0,NA,NA,1450.8,937.2714
2044,edillilie,EDILLILIE_S1.2_P2121_R3,2024,2,177.5,205.95,Canola,NA,NA,3908.89,NA,NA,2697.1341,2313.6841000000004
2045,edillilie,EDILLILIE_S1.2_P2121_R3,2025,3,169.0,206.84759999999997,Wheat,NA,NA,3908.89,NA,NA,1407.2004,1031.3528
2046,edillilie,EDILLILIE_S1.3_P1212_R2,2023,1,169.0,395.4446,canola,NA,NA,1858.0,NA,NA,1282.02,717.5754
2047,edillilie,EDILLILIE_S1.3_P1212_R2,2024,2,194.5,352.15,Wheat,NA,NA,3372.22,NA,NA,1213.9992,667.3492
2048,edillilie,EDILLILIE_S1.3_P1212_R2,2025,3,188.5,313.6,Canola,NA,NA,3372.22,NA,NA,2326.8317999999995,1824.7317999999996
2049,edillilie,EDILLILIE_S3_P2341_R1,2023,1,169.0,395.4446,canola,NA,NA,1894.0,NA,NA,1306.86,742.4153999999999
2050,edillilie,EDILLILIE_S3_P2341_R1,2024,2,186.0,279.15,Wheat,NA,NA,4737.22,NA,NA,1705.3992,1240.2492000000002
2051,edillilie,EDILLILIE_S3_P2341_R1,2025,3,177.5,236.3476,Wheat,NA,NA,4737.22,NA,NA,1705.3992,1291.5516
2052,edillilie,EDILLILIE_S2.1_P1234_R3,2023,1,180.0,271.35299999999995,lentil,NA,NA,1569.0,NA,NA,1206.561,755.208
2053,edillilie,EDILLILIE_S2.1_P1234_R3,2024,2,149.5,61.875,Canola,NA,NA,4232.22,NA,NA,2920.2318,2708.8568
2054,edillilie,EDILLILIE_S2.1_P1234_R3,2025,3,169.0,213.3476,Wheat,NA,NA,4232.22,NA,NA,1523.5992,1141.2516
2055,edillilie,EDILLILIE_S2.1_P3412_R2,2023,1,180.0,299.6262,wheat,NA,NA,4310.0,NA,NA,1551.6,1071.9738
2056,edillilie,EDILLILIE_S2.1_P3412_R2,2024,2,177.5,222.95,Wheat,NA,NA,2017.78,NA,NA,726.4008,325.9508
2057,edillilie,EDILLILIE_S2.1_P3412_R2,2025,3,171.5,139.60000000000002,Lentil,NA,NA,2017.78,NA,NA,1551.67282,1240.5728199999999
2058,edillilie,EDILLILIE_S2.2_P3412_R1,2023,1,169.0,299.6262,wheat,NA,NA,4065.0,NA,NA,1463.4,994.7738000000002
2059,edillilie,EDILLILIE_S2.2_P3412_R1,2024,2,183.5,362.45,Wheat,NA,NA,2178.89,NA,NA,784.4003999999999,238.4503999999999
2060,edillilie,EDILLILIE_S2.2_P3412_R1,2025,3,171.5,139.6,Lentil,NA,NA,2178.89,NA,NA,1675.56641,1364.46641
2061,edillilie,EDILLILIE_S2.2_P4123_R3,2023,1,180.0,232.3686,wheat,NA,NA,3824.0,NA,NA,1376.64,964.2714000000001
2062,edillilie,EDILLILIE_S2.2_P4123_R3,2024,2,186.0,307.45,Lentil,NA,NA,3962.78,NA,NA,3047.37782,2553.9278200000003
2063,edillilie,EDILLILIE_S2.2_P4123_R3,2025,3,188.5,251.6,Canola,NA,NA,3962.78,NA,NA,2734.3182,2294.2182000000003
2064,edillilie,EDILLILIE_S3_P3412_R3,2023,1,180.0,299.6262,wheat,NA,NA,3470.0,NA,NA,1249.2,769.5738000000001
2065,edillilie,EDILLILIE_S3_P3412_R3,2024,2,194.5,362.45,Wheat,NA,NA,2834.44,NA,NA,1020.3984,463.44840000000005
2066,edillilie,EDILLILIE_S3_P3412_R3,2025,3,171.5,145.3,Faba bean,NA,NA,2834.44,NA,NA,1346.359,1029.559
2067,edillilie,EDILLILIE_S2.2_P4123_R1,2023,1,180.0,232.36859999999996,wheat,NA,NA,3635.0,NA,NA,1308.6,896.2313999999999
2068,edillilie,EDILLILIE_S2.2_P4123_R1,2024,2,197.0,307.45,Lentil,NA,NA,4149.44,NA,NA,3190.91936,2686.46936
2069,edillilie,EDILLILIE_S2.2_P4123_R1,2025,3,188.5,251.6,Canola,NA,NA,4149.44,NA,NA,2863.1136,2423.0136
2070,edillilie,EDILLILIE_S3_P3412_R2,2023,1,191.0,299.6262,wheat,NA,NA,3525.0,NA,NA,1269.0,778.3738000000001
2071,edillilie,EDILLILIE_S3_P3412_R2,2024,2,194.5,362.45,Wheat,NA,NA,3352.78,NA,NA,1207.0008,650.0508
2072,edillilie,EDILLILIE_S3_P3412_R2,2025,3,171.5,145.29999999999998,Faba bean,NA,NA,3352.78,NA,NA,1592.5705,1275.7705
2073,edillilie,EDILLILIE_S2.1_P2341_R3,2023,1,180.0,395.4446,canola,NA,NA,1492.0,NA,NA,1029.48,454.03540000000004
2074,edillilie,EDILLILIE_S2.1_P2341_R3,2024,2,188.5,217.65,Wheat,NA,NA,3715.56,NA,NA,1337.6016,931.4516
2075,edillilie,EDILLILIE_S2.1_P2341_R3,2025,3,169.0,193.3476,Wheat,NA,NA,3715.56,NA,NA,1337.6016,975.2539999999999
2076,edillilie,EDILLILIE_S1.1_P1212_R3,2023,1,180.0,395.44460000000004,canola,NA,NA,1693.0,NA,NA,1168.1699999999998,592.7253999999998
2077,edillilie,EDILLILIE_S1.1_P1212_R3,2024,2,186.0,293.15,Wheat,NA,NA,2842.78,NA,NA,1023.4008,544.2508
2078,edillilie,EDILLILIE_S1.1_P1212_R3,2025,3,188.5,265.6,Canola,NA,NA,2842.78,NA,NA,1961.5182,1507.4182
2079,edillilie,EDILLILIE_S3_P3412_R1,2023,1,191.0,299.6262,wheat,NA,NA,3972.0,NA,NA,1429.9199999999998,939.2937999999999
2080,edillilie,EDILLILIE_S3_P3412_R1,2024,2,183.5,362.45,Wheat,NA,NA,3915.0,NA,NA,1409.4,863.45
2081,edillilie,EDILLILIE_S3_P3412_R1,2025,3,171.5,145.29999999999998,Faba bean,NA,NA,3915.0,NA,NA,1859.625,1542.825
2082,edillilie,EDILLILIE_S2.1_P3412_R1,2023,1,180.0,299.6262,wheat,NA,NA,4258.0,NA,NA,1532.88,1053.2538000000002
2083,edillilie,EDILLILIE_S2.1_P3412_R1,2024,2,166.5,222.95,Wheat,NA,NA,1692.22,NA,NA,609.1992,219.74920000000003
2084,edillilie,EDILLILIE_S2.1_P3412_R1,2025,3,171.5,139.60000000000002,Lentil,NA,NA,1692.22,NA,NA,1301.31718,990.21718
2085,edillilie,EDILLILIE_S2.1_P2341_R1,2023,1,180.0,395.4446,canola,NA,NA,1912.0,NA,NA,1319.28,743.8353999999999
2086,edillilie,EDILLILIE_S2.1_P2341_R1,2024,2,177.5,217.65,Wheat,NA,NA,4826.67,NA,NA,1737.6012,1342.4512
2087,edillilie,EDILLILIE_S2.1_P2341_R1,2025,3,169.0,193.3476,Wheat,NA,NA,4826.67,NA,NA,1737.6012,1375.2536
2088,edillilie,EDILLILIE_S3_P2341_R3,2023,1,169.0,395.4446,canola,NA,NA,1872.0,NA,NA,1291.6799999999998,727.2353999999998
2089,edillilie,EDILLILIE_S3_P2341_R3,2024,2,197.0,279.15,Wheat,NA,NA,3823.89,NA,NA,1376.6003999999998,900.4503999999998
2090,edillilie,EDILLILIE_S3_P2341_R3,2025,3,177.5,236.3476,Wheat,NA,NA,3823.89,NA,NA,1376.6003999999998,962.7527999999998
2091,edillilie,EDILLILIE_S3_P1234_R3,2023,1,180.0,271.35299999999995,fababean,NA,NA,2206.0,NA,NA,1047.85,596.497
2092,edillilie,EDILLILIE_S3_P1234_R3,2024,2,160.5,168.875,Canola,NA,NA,4577.22,NA,NA,3158.2818,2828.9068
2093,edillilie,EDILLILIE_S3_P1234_R3,2025,3,177.5,206.8476,Wheat,NA,NA,4577.22,NA,NA,1647.7992,1263.4515999999999
2094,edillilie,EDILLILIE_S2.1_P4123_R2,2023,1,169.0,232.36859999999996,wheat,NA,NA,4030.0,NA,NA,1450.8,1049.4314
2095,edillilie,EDILLILIE_S2.1_P4123_R2,2024,2,169.0,157.45,Lentil,NA,NA,3550.0,NA,NA,2729.9500000000003,2403.5000000000005
2096,edillilie,EDILLILIE_S2.1_P4123_R2,2025,3,188.5,224.6,Canola,NA,NA,3550.0,NA,NA,2449.5,2036.4
2097,edillilie,EDILLILIE_S2.2_P3412_R3,2023,1,180.0,299.6262,wheat,NA,NA,3781.0,NA,NA,1361.16,881.5338000000002
2098,edillilie,EDILLILIE_S2.2_P3412_R3,2024,2,194.5,362.45,Wheat,NA,NA,2063.33,NA,NA,742.7987999999999,185.84879999999993
2099,edillilie,EDILLILIE_S2.2_P3412_R3,2025,3,171.5,139.60000000000002,Lentil,NA,NA,2063.33,NA,NA,1586.70077,1275.60077
2100,edillilie,EDILLILIE_S2.1_P4123_R3,2023,1,191.0,232.3686,wheat,NA,NA,3611.0,NA,NA,1299.96,876.5914
2101,edillilie,EDILLILIE_S2.1_P4123_R3,2024,2,169.0,157.45,Lentil,NA,NA,3285.0,NA,NA,2526.165,2199.715
2102,edillilie,EDILLILIE_S2.1_P4123_R3,2025,3,188.5,224.6,Canola,NA,NA,3285.0,NA,NA,2266.65,1853.5500000000002
2103,edillilie,EDILLILIE_S3_P4123_R2,2023,1,169.0,228.52859999999995,wheat,NA,NA,3500.0,NA,NA,1260.0,862.4714
2104,edillilie,EDILLILIE_S3_P4123_R2,2024,2,186.0,328.45,Faba Bean ,NA,NA,3306.11,NA,NA,1570.40225,1055.95225
2105,edillilie,EDILLILIE_S3_P4123_R2,2025,3,177.5,282.75,Canola,NA,NA,3306.11,NA,NA,2281.2159,1820.9659000000001
2106,edillilie,EDILLILIE_S1.3_P2121_R1,2023,1,180.0,333.5286,wheat,NA,NA,3350.0,NA,NA,1206.0,692.4714
2107,edillilie,EDILLILIE_S1.3_P2121_R1,2024,2,183.5,347.95,Canola,NA,NA,4278.89,NA,NA,2952.4341,2420.9841
2108,edillilie,EDILLILIE_S1.3_P2121_R1,2025,3,177.5,286.3476,Wheat,NA,NA,4278.89,NA,NA,1540.4004,1076.5528
2109,edillilie,EDILLILIE_S1.1_P1212_R2,2023,1,169.0,395.4446,canola,NA,NA,1508.0,NA,NA,1040.52,476.0754
2110,edillilie,EDILLILIE_S1.1_P1212_R2,2024,2,186.0,293.15,Wheat,NA,NA,3544.44,NA,NA,1275.9984,796.8484
2111,edillilie,EDILLILIE_S1.1_P1212_R2,2025,3,188.5,265.6,Canola,NA,NA,3544.44,NA,NA,2445.6636,1991.5636
2112,edillilie,EDILLILIE_S2.2_P1234_R2,2023,1,180.0,271.35299999999995,lentil,NA,NA,1714.0,NA,NA,1318.066,866.7130000000001
2113,edillilie,EDILLILIE_S2.2_P1234_R2,2024,2,160.5,114.375,Canola,NA,NA,4721.11,NA,NA,3257.5659,2982.6909
2114,edillilie,EDILLILIE_S2.2_P1234_R2,2025,3,177.5,233.8476,Wheat,NA,NA,4721.11,NA,NA,1699.5995999999998,1288.2519999999997
2115,edillilie,EDILLILIE_S2.1_P4123_R1,2023,1,180.0,232.36859999999996,wheat,NA,NA,5082.0,NA,NA,1829.52,1417.1514
2116,edillilie,EDILLILIE_S2.1_P4123_R1,2024,2,180.0,157.45,Lentil,NA,NA,4010.0,NA,NA,3083.69,2746.2400000000002
2117,edillilie,EDILLILIE_S2.1_P4123_R1,2025,3,188.5,224.6,Canola,NA,NA,4010.0,NA,NA,2766.9,2353.8
2118,edillilie,EDILLILIE_S1.1_P2121_R3,2023,1,169.0,333.5286,wheat,NA,NA,4048.0,NA,NA,1457.28,954.7514
2119,edillilie,EDILLILIE_S1.1_P2121_R3,2024,2,175.0,285.45,Canola,NA,NA,4042.78,NA,NA,2789.5182,2329.0682
2120,edillilie,EDILLILIE_S1.1_P2121_R3,2025,3,177.5,231.3476,Wheat,NA,NA,4042.78,NA,NA,1455.4008,1046.5531999999998
