,site,plot,year,crop_sequence,operational_costs_dollars,material_input_costs_dollars,crop_1_name,crop_2_name,crop_3_name,crop_1_yield,crop_2_yield,crop_3_yield,plot_revenue_dollars,plot_gross_margin_dollars
0,manang,MANANG_S12_P0000_R2,2023,1,171.5,437.59999999999997,canola,NA,NA,1391.0,NA,NA,959.79,350.69
1,manang,MANANG_S12_P0000_R2,2024,2,213.0,290.51919999999996,Wheat,NA,NA,1668.66,NA,NA,600.7176000000001,97.1984000000001
2,manang,MANANG_S12_P0000_R2,2025,3,193.5,256.5854,Barley,NA,NA,4090.68,NA,NA,1273.0196159999998,822.9342159999999
3,manang,MANANG_S4_P2341_R2,2023,1,191.0,476.0,canola,NA,NA,1344.0,NA,NA,927.36,260.36
4,manang,MANANG_S4_P2341_R2,2024,2,213.0,352.5192,Wheat,NA,NA,1905.59,NA,NA,686.0124,120.49319999999994
5,manang,MANANG_S4_P2341_R2,2025,3,202.0,283.2354,Wheat,NA,NA,4253.88,NA,NA,1531.3968,1046.1614
6,manang,MANANG_S6_P1111_R6,2023,1,180.0,447.91999999999996,wheat,NA,NA,2927.0,NA,NA,1053.72,425.80000000000007
7,manang,MANANG_S6_P1111_R6,2024,2,221.5,356.0192,Wheat,NA,NA,2272.84,NA,NA,818.2224,240.70319999999998
8,manang,MANANG_S6_P1111_R6,2025,3,202.0,301.23539999999997,Wheat,NA,NA,4296.47,NA,NA,1546.7292,1043.4938
9,manang,MANANG_S7_P3123_R1,2023,1,180.0,447.91999999999996,wheat,NA,NA,3405.0,NA,NA,1225.8,597.88
10,manang,MANANG_S7_P3123_R1,2025,2,246.0,409.4926,Wheat,NA,NA,4450.25,NA,NA,1602.09,946.5973999999999
11,manang,MANANG_S9_P1231_R2,2023,1,215.5,550.0000000000001,vetch,NA,NA,0.0,NA,NA,0.0,-765.5000000000001
12,manang,MANANG_S9_P1231_R2,2024,2,213.0,336.5192,Wheat,NA,NA,2286.82,NA,NA,823.2552000000001,273.73600000000005
13,manang,MANANG_S9_P1231_R2,2025,3,213.0,371.11539999999997,Oats,NA,NA,7053.33,NA,NA,1777.43916,1193.32376
14,manang,MANANG_S5_P1234_R2,2023,1,204.5,514.9472000000001,lentil,NA,NA,1081.0,NA,NA,831.289,111.84179999999992
15,manang,MANANG_S5_P1234_R2,2024,2,221.5,346.5192,Wheat,NA,NA,2138.58,NA,NA,769.8888,201.86959999999993
16,manang,MANANG_S5_P1234_R2,2025,3,202.0,285.2354,Wheat,NA,NA,3804.58,NA,NA,1369.6488,882.4133999999999
17,manang,MANANG_S13_P0000_R8,2023,1,193.5,538.6,canola,NA,NA,1441.0,NA,NA,994.29,262.18999999999994
18,manang,MANANG_S13_P0000_R8,2024,2,213.0,289.01919999999996,Wheat,NA,NA,2275.81,NA,NA,819.2915999999999,317.27239999999995
19,manang,MANANG_S13_P0000_R8,2025,3,193.5,237.0854,Barley,NA,NA,4336.24,NA,NA,1349.437888,918.852488
20,manang,MANANG_S8.1_P3123_R1,2023,1,202.0,447.91999999999996,wheat,NA,NA,3247.0,NA,NA,1168.9199999999998,518.9999999999999
21,manang,MANANG_S8.1_P3123_R1,2024,2,204.5,257.45219999999995,Vetch,NA,NA,0.0,NA,NA,0.0,-461.95219999999995
22,manang,MANANG_S8.1_P3123_R1,2025,3,202.0,285.2354,Wheat,NA,NA,4035.47,NA,NA,1452.7692,965.5337999999999
23,manang,MANANG_S5_P2341_R1,2023,1,191.0,447.91999999999996,wheat,NA,NA,3121.0,NA,NA,1123.56,484.64
24,manang,MANANG_S5_P2341_R1,2024,2,221.5,364.01920000000007,Wheat,NA,NA,1098.06,NA,NA,395.3016,-190.21760000000006
25,manang,MANANG_S5_P2341_R1,2025,3,202.0,296.23539999999997,Wheat,NA,NA,3817.83,NA,NA,1374.4188,876.1833999999999
26,manang,MANANG_S7_P1231_R3,2024,1,287.5,674.9692000000001,Wheat,NA,NA,2564.15,NA,NA,923.094,-39.37520000000006
27,manang,MANANG_S7_P1231_R3,2025,2,202.0,295.73539999999997,Wheat,NA,NA,4025.43,NA,NA,1449.1547999999998,951.4193999999998
28,manang,MANANG_S1.3_P2312_R3,2023,1,191.0,492.91999999999996,wheat,NA,NA,3274.0,NA,NA,1178.64,494.72000000000014
29,manang,MANANG_S1.3_P2312_R3,2024,2,213.0,409.0192,Wheat,NA,NA,1870.06,NA,NA,673.2216,51.202399999999955
30,manang,MANANG_S1.3_P2312_R3,2025,3,193.5,238.47390000000001,Lentil,NA,NA,1786.85,NA,NA,1374.08765,942.11375
31,manang,MANANG_S1.1_P1231_R2,2023,1,204.5,514.9472000000001,lentil,NA,NA,720.0,NA,NA,553.6800000000001,-165.7672
32,manang,MANANG_S1.1_P1231_R2,2024,2,213.0,329.5192,Wheat,NA,NA,2317.0,NA,NA,834.12,291.6008
33,manang,MANANG_S1.1_P1231_R2,2025,3,202.0,331.73539999999997,Wheat,NA,NA,3842.05,NA,NA,1383.138,849.4025999999999
34,manang,MANANG_S4_P4123_R3,2023,1,202.0,447.91999999999996,wheat,NA,NA,2910.0,NA,NA,1047.6,397.67999999999995
35,manang,MANANG_S4_P4123_R3,2024,2,193.5,222.4517,Lentil,NA,NA,422.21,NA,NA,324.67949,-91.27221
36,manang,MANANG_S4_P4123_R3,2025,3,213.0,376.6544,Canola,NA,NA,2610.01,NA,NA,1800.9069,1211.2525
37,manang,MANANG_S11_P1212_R2,2023,1,286.65,462.0972,wheat,vetch,NA,3386.0,0.0,NA,0.0,-748.7472
38,manang,MANANG_S11_P1212_R2,2024,2,221.5,341.0192,Wheat,NA,NA,2228.39,NA,NA,802.2203999999999,239.70119999999991
39,manang,MANANG_S11_P1212_R2,2025,3,322.76324999999997,507.99440000000004,Wheat,Vetch,NA,4050.53,NA,NA,1458.1908,627.4331500000001
40,manang,MANANG_S10.1_P3123_R2,2023,1,193.5,423.41999999999996,wheat,NA,NA,3451.0,NA,NA,1242.36,625.4399999999999
41,manang,MANANG_S10.1_P3123_R2,2024,2,236.2955,242.4072,Wheat,Vetch,NA,1711.82,NA,NA,616.2552,137.55249999999995
42,manang,MANANG_S10.1_P3123_R2,2025,3,202.0,346.73539999999997,Wheat,NA,NA,3613.85,NA,NA,1300.986,752.2506000000001
43,manang,MANANG_S11_P1212_R1,2023,1,286.375,462.0972,wheat,vetch,NA,2935.0,0.0,NA,0.0,-748.4721999999999
44,manang,MANANG_S11_P1212_R1,2024,2,221.5,341.01920000000007,Wheat,NA,NA,808.38,NA,NA,291.0168,-271.5024000000001
45,manang,MANANG_S11_P1212_R1,2025,3,292.27125,507.99440000000004,Wheat,Vetch,NA,2830.85,NA,NA,1019.106,218.84034999999994
46,manang,MANANG_S8.2_P3123_R2,2023,1,202.0,447.91999999999996,wheat,NA,NA,3548.0,NA,NA,1277.28,627.36
47,manang,MANANG_S8.2_P3123_R2,2024,2,193.5,252.40219999999997,Vetch,NA,NA,0.0,NA,NA,0.0,-445.9022
48,manang,MANANG_S8.2_P3123_R2,2025,3,202.0,292.7354,Wheat,NA,NA,4069.77,NA,NA,1465.1172,970.3817999999999
49,manang,MANANG_S1.1_P1231_R3,2023,1,204.5,514.9472000000001,lentil,NA,NA,1014.0,NA,NA,779.766,60.3187999999999
50,manang,MANANG_S1.1_P1231_R3,2024,2,213.0,329.5192,Wheat,NA,NA,2409.68,NA,NA,867.4848,324.96559999999994
51,manang,MANANG_S1.1_P1231_R3,2025,3,202.0,331.73539999999997,Wheat,NA,NA,4186.05,NA,NA,1506.978,973.2426
52,manang,MANANG_S4_P3412_R1,2023,1,191.0,447.91999999999996,wheat,NA,NA,3138.0,NA,NA,1129.68,490.7600000000001
53,manang,MANANG_S4_P3412_R1,2024,2,221.5,342.5192,Wheat,NA,NA,1379.9,NA,NA,496.764,-67.2552
54,manang,MANANG_S4_P3412_R1,2025,3,193.5,238.4739,Lentil,NA,NA,1821.71,NA,NA,1400.89499,968.92109
55,manang,MANANG_S8.1_P2312_R2,2023,1,213.0,447.91999999999996,wheat,NA,NA,3156.0,NA,NA,1136.16,475.2400000000001
56,manang,MANANG_S8.1_P2312_R2,2024,2,221.5,346.0192,Wheat,NA,NA,1108.99,NA,NA,399.2364,-168.2828
57,manang,MANANG_S8.1_P2312_R2,2025,3,215.5,328.9744,Vetch,NA,NA,0.0,NA,NA,0.0,-544.4744000000001
58,manang,MANANG_S2_P2121_R2,2023,1,213.0,447.91999999999996,wheat,NA,NA,3007.0,NA,NA,1082.52,421.6
59,manang,MANANG_S2_P2121_R2,2024,2,193.5,222.4517,Lentil,NA,NA,460.32,NA,NA,353.98608,-61.96561999999997
60,manang,MANANG_S2_P2121_R2,2025,3,202.0,334.73539999999997,Wheat,NA,NA,3585.27,NA,NA,1290.6971999999998,753.9617999999998
61,manang,MANANG_S4_P1234_R2,2023,1,215.5,514.9472000000001,lentil,NA,NA,1079.0,NA,NA,829.751,99.30379999999991
62,manang,MANANG_S4_P1234_R2,2024,2,202.0,340.0972,Canola,NA,NA,662.03,NA,NA,456.8007,-85.29649999999998
63,manang,MANANG_S4_P1234_R2,2025,3,202.0,331.23539999999997,Wheat,NA,NA,2098.04,NA,NA,755.2944,222.05900000000003
64,manang,MANANG_S10.2_P2312_R1,2023,1,202.0,447.91999999999996,wheat,NA,NA,3656.0,NA,NA,1316.16,666.2400000000001
65,manang,MANANG_S10.2_P2312_R1,2024,2,213.0,360.5192,Wheat,NA,NA,1334.24,NA,NA,480.3264,-93.19280000000003
66,manang,MANANG_S10.2_P2312_R1,2025,3,315.10875,504.99440000000004,Wheat,Vetch,NA,3744.35,NA,NA,1347.966,527.86285
67,manang,MANANG_S8.2_P1231_R3,2023,1,215.5,550.0,vetch,NA,NA,0.0,NA,NA,0.0,-765.5
68,manang,MANANG_S8.2_P1231_R3,2024,2,213.0,336.0192,Wheat,NA,NA,2687.72,NA,NA,967.5792,418.56
69,manang,MANANG_S8.2_P1231_R3,2025,3,202.0,305.23539999999997,Wheat,NA,NA,4137.6,NA,NA,1489.536,982.3006
70,manang,MANANG_S5_P4123_R2,2023,1,202.0,447.91999999999996,wheat,NA,NA,2353.0,NA,NA,847.0799999999999,197.15999999999997
71,manang,MANANG_S5_P4123_R2,2024,2,193.5,222.4517,Lentil,NA,NA,348.84,NA,NA,268.25796,-147.69373999999996
72,manang,MANANG_S5_P4123_R2,2025,3,202.0,289.7354,Wheat,NA,NA,3691.86,NA,NA,1329.0696,837.3342
73,manang,MANANG_S13_P0000_R9,2023,1,182.5,538.6,canola,NA,NA,1289.0,NA,NA,889.41,168.30999999999995
74,manang,MANANG_S13_P0000_R9,2024,2,213.0,289.01919999999996,Wheat,NA,NA,2395.0,NA,NA,862.1999999999999,360.1808
75,manang,MANANG_S13_P0000_R9,2025,3,193.5,237.0854,Barley,NA,NA,4316.86,NA,NA,1343.406832,912.821432
76,manang,MANANG_S13_P0000_R2,2023,1,182.5,538.6,canola,NA,NA,1177.0,NA,NA,812.1299999999999,91.02999999999986
77,manang,MANANG_S13_P0000_R2,2024,2,213.0,289.01919999999996,Wheat,NA,NA,1067.87,NA,NA,384.4332,-117.58599999999996
78,manang,MANANG_S13_P0000_R2,2025,3,193.5,237.0854,Barley,NA,NA,3458.26,NA,NA,1076.210512,645.6251120000002
79,manang,MANANG_S13_P0000_R6,2023,1,193.5,538.6,canola,NA,NA,1202.0,NA,NA,829.3799999999999,97.27999999999986
80,manang,MANANG_S13_P0000_R6,2024,2,213.0,289.01919999999996,Wheat,NA,NA,1889.64,NA,NA,680.2704,178.25120000000004
81,manang,MANANG_S13_P0000_R6,2025,3,193.5,237.0854,Barley,NA,NA,4467.05,NA,NA,1390.14596,959.5605600000001
82,manang,MANANG_S1.3_P1231_R1,2023,1,204.5,532.1972000000001,lentil,NA,NA,1090.0,NA,NA,838.21,101.51279999999997
83,manang,MANANG_S1.3_P1231_R1,2024,2,221.5,373.51920000000007,Wheat,NA,NA,963.8,NA,NA,346.968,-248.05120000000005
84,manang,MANANG_S1.3_P1231_R1,2025,3,202.0,356.23539999999997,Wheat,NA,NA,2984.5,NA,NA,1074.42,516.1846
85,manang,MANANG_S1.2_P1231_R1,2023,1,215.5,532.1972000000001,lentil,NA,NA,767.0,NA,NA,589.823,-157.8742000000001
86,manang,MANANG_S1.2_P1231_R1,2024,2,221.5,338.01920000000007,Wheat,NA,NA,1853.6,NA,NA,667.2959999999999,107.77679999999987
87,manang,MANANG_S1.2_P1231_R1,2025,3,202.0,288.7354,Wheat,NA,NA,3864.82,NA,NA,1391.3352,900.5998
88,manang,MANANG_S7_P3123_R2,2023,1,202.0,447.91999999999996,wheat,NA,NA,2690.0,NA,NA,968.4,318.48
89,manang,MANANG_S7_P3123_R2,2025,2,246.0,409.49260000000004,Wheat,NA,NA,4670.54,NA,NA,1681.3944,1025.9017999999999
90,manang,MANANG_S1.2_P2312_R2,2023,1,202.0,447.91999999999996,wheat,NA,NA,3841.0,NA,NA,1382.76,732.84
91,manang,MANANG_S1.2_P2312_R2,2024,2,221.5,351.0192,Wheat,NA,NA,1699.13,NA,NA,611.6868000000001,39.16760000000005
92,manang,MANANG_S1.2_P2312_R2,2025,3,193.5,238.4739,Lentil,NA,NA,1899.22,NA,NA,1460.50018,1028.52628
93,manang,MANANG_S7_P2312_R2,2023,1,191.0,447.91999999999996,wheat,NA,NA,3181.0,NA,NA,1145.16,506.2400000000001
94,manang,MANANG_S7_P2312_R2,2024,2,221.5,334.0192,Wheat,NA,NA,1879.34,NA,NA,676.5623999999999,121.0431999999999
95,manang,MANANG_S3_P1231_R2,2023,1,204.5,514.9472000000001,lentil,NA,NA,885.0,NA,NA,680.565,-38.88220000000001
96,manang,MANANG_S3_P1231_R2,2024,2,193.5,222.4517,Lentil,NA,NA,411.26,NA,NA,316.25894,-99.69275999999999
97,manang,MANANG_S3_P1231_R2,2025,3,202.0,286.7354,Wheat,NA,NA,4246.28,NA,NA,1528.6608,1039.9254
98,manang,MANANG_S10.2_P3123_R3,2023,1,191.0,447.91999999999996,wheat,NA,NA,2862.0,NA,NA,1030.32,391.4
99,manang,MANANG_S10.2_P3123_R3,2024,2,261.80674999999997,315.9072,Wheat,Vetch,NA,2052.27,NA,NA,738.8172,161.10325
100,manang,MANANG_S10.2_P3123_R3,2025,3,202.0,299.23539999999997,Wheat,NA,NA,3866.28,NA,NA,1391.8608,890.6253999999999
101,manang,MANANG_S3_P3123_R1,2023,1,191.0,447.91999999999996,wheat,NA,NA,2607.0,NA,NA,938.52,299.6
102,manang,MANANG_S3_P3123_R1,2024,2,193.5,222.4517,Lentil,NA,NA,208.33,NA,NA,160.20577,-255.74593
103,manang,MANANG_S3_P3123_R1,2025,3,193.5,238.4739,Lentil,NA,NA,1889.53,NA,NA,1453.04857,1021.07467
104,manang,MANANG_S7_P3123_R3,2023,1,213.0,447.91999999999996,wheat,NA,NA,3019.0,NA,NA,1086.84,425.91999999999996
105,manang,MANANG_S7_P3123_R3,2025,2,246.0,409.4926,Wheat,NA,NA,4467.05,NA,NA,1608.138,952.6453999999999
106,manang,MANANG_S10.2_P3123_R2,2023,1,202.0,447.91999999999996,wheat,NA,NA,2758.0,NA,NA,992.88,342.96000000000004
107,manang,MANANG_S10.2_P3123_R2,2024,2,258.8285,315.9072,Wheat,Vetch,NA,1933.14,NA,NA,695.9304,121.19469999999995
108,manang,MANANG_S10.2_P3123_R2,2025,3,202.0,299.2354,Wheat,NA,NA,4089.15,NA,NA,1472.094,970.8586
109,manang,MANANG_S12_P0000_R8,2023,1,171.5,437.59999999999997,canola,NA,NA,1145.0,NA,NA,790.05,180.95
110,manang,MANANG_S12_P0000_R8,2024,2,213.0,290.51919999999996,Wheat,NA,NA,2203.72,NA,NA,793.3391999999999,289.81999999999994
111,manang,MANANG_S12_P0000_R8,2025,3,193.5,256.5854,Barley,NA,NA,4127.91,NA,NA,1284.605592,834.520192
112,manang,MANANG_S6_P1111_R1,2023,1,202.0,447.91999999999996,wheat,NA,NA,3445.0,NA,NA,1240.2,590.2800000000001
113,manang,MANANG_S6_P1111_R1,2024,2,221.5,356.01920000000007,Wheat,NA,NA,998.88,NA,NA,359.5968,-217.9224000000001
114,manang,MANANG_S6_P1111_R1,2025,3,202.0,301.23539999999997,Wheat,NA,NA,3438.18,NA,NA,1237.7448,734.5093999999999
115,manang,MANANG_S9_P2312_R1,2023,1,180.0,447.91999999999996,wheat,NA,NA,2843.0,NA,NA,1023.48,395.56000000000006
116,manang,MANANG_S9_P2312_R1,2024,2,202.0,383.37919999999997,Oats,NA,NA,5100.0,NA,NA,1285.2,699.8208000000001
117,manang,MANANG_S9_P2312_R1,2025,3,204.5,314.3444,Vetch,NA,NA,0.0,NA,NA,0.0,-518.8444
118,manang,MANANG_S10.1_P3123_R1,2023,1,193.5,423.41999999999996,wheat,NA,NA,3270.0,NA,NA,1177.2,560.2800000000001
119,manang,MANANG_S10.1_P3123_R1,2024,2,215.92525,242.40720000000002,Wheat,Vetch,NA,897.01,NA,NA,322.9236,-135.40885
120,manang,MANANG_S10.1_P3123_R1,2025,3,202.0,346.73539999999997,Wheat,NA,NA,3628.88,NA,NA,1306.3968,757.6614
121,manang,MANANG_S8.2_P2312_R2,2023,1,191.0,447.91999999999996,wheat,NA,NA,3349.0,NA,NA,1205.64,566.7200000000001
122,manang,MANANG_S8.2_P2312_R2,2024,2,221.5,330.0192,Wheat,NA,NA,1838.15,NA,NA,661.734,110.21480000000003
123,manang,MANANG_S8.2_P2312_R2,2025,3,215.5,338.9244,Vetch,NA,NA,0.0,NA,NA,0.0,-554.4244
124,manang,MANANG_S12_P0000_R1,2023,1,171.5,437.59999999999997,canola,NA,NA,935.0,NA,NA,645.15,36.05000000000001
125,manang,MANANG_S12_P0000_R1,2024,2,213.0,290.51919999999996,Wheat,NA,NA,1240.88,NA,NA,446.7168,-56.80239999999998
126,manang,MANANG_S12_P0000_R1,2025,3,193.5,256.5854,Barley,NA,NA,4200.58,NA,NA,1307.220496,857.135096
127,manang,MANANG_S5_P3412_R1,2023,1,202.0,447.91999999999996,wheat,NA,NA,2528.0,NA,NA,910.08,260.1600000000001
128,manang,MANANG_S5_P3412_R1,2024,2,221.5,341.01920000000007,Wheat,NA,NA,661.71,NA,NA,238.2156,-324.3036000000001
129,manang,MANANG_S5_P3412_R1,2025,3,193.5,238.47390000000001,Lentil,NA,NA,1591.1,NA,NA,1223.5559,791.5820000000001
130,manang,MANANG_S2_P1212_R3,2023,1,204.5,514.9472000000001,lentil,NA,NA,674.0,NA,NA,518.306,-201.14120000000003
131,manang,MANANG_S2_P1212_R3,2024,2,221.5,358.0192,Wheat,NA,NA,2248.86,NA,NA,809.5896,230.0704
132,manang,MANANG_S2_P1212_R3,2025,3,193.5,238.47390000000001,Lentil,NA,NA,1991.28,NA,NA,1531.29432,1099.32042
133,manang,MANANG_S10.2_P2312_R3,2023,1,180.0,447.91999999999996,wheat,NA,NA,3207.0,NA,NA,1154.52,526.6
134,manang,MANANG_S10.2_P2312_R3,2024,2,213.0,360.5192,Wheat,NA,NA,2075.0,NA,NA,747.0,173.4808
135,manang,MANANG_S10.2_P2312_R3,2025,3,319.247,504.99440000000004,Wheat,Vetch,NA,3909.88,NA,NA,1407.5568,583.3154
136,manang,MANANG_S10.1_P2312_R3,2023,1,182.5,423.41999999999996,wheat,NA,NA,3383.0,NA,NA,1217.88,611.9600000000002
137,manang,MANANG_S10.1_P2312_R3,2024,2,221.5,347.0192,Wheat,NA,NA,2449.5,NA,NA,881.8199999999999,313.3007999999999
138,manang,MANANG_S10.1_P2312_R3,2025,3,312.56399999999996,447.4944,Wheat,Vetch,NA,3982.56,NA,NA,1433.7216,673.6632
139,manang,MANANG_S1.1_P2312_R2,2023,1,202.0,472.41999999999996,wheat,NA,NA,3365.0,NA,NA,1211.4,536.9800000000001
140,manang,MANANG_S1.1_P2312_R2,2024,2,213.0,351.0192,Wheat,NA,NA,1524.81,NA,NA,548.9316,-15.087600000000009
141,manang,MANANG_S1.1_P2312_R2,2025,3,193.5,238.4739,Lentil,NA,NA,1721.6,NA,NA,1323.9104,891.9365
142,manang,MANANG_S5_P1234_R3,2023,1,204.5,514.9472000000001,lentil,NA,NA,948.0,NA,NA,729.0120000000001,9.564799999999991
143,manang,MANANG_S5_P1234_R3,2024,2,221.5,346.5192,Wheat,NA,NA,2431.45,NA,NA,875.3219999999999,307.3027999999999
144,manang,MANANG_S5_P1234_R3,2025,3,202.0,285.2354,Wheat,NA,NA,3789.53,NA,NA,1364.2308,876.9954
145,manang,MANANG_S1.1_P2312_R3,2023,1,202.0,472.41999999999996,wheat,NA,NA,3331.0,NA,NA,1199.16,524.7400000000001
146,manang,MANANG_S1.1_P2312_R3,2024,2,213.0,351.0192,Wheat,NA,NA,2152.24,NA,NA,774.8063999999999,210.78719999999993
147,manang,MANANG_S1.1_P2312_R3,2025,3,193.5,238.4739,Lentil,NA,NA,1686.46,NA,NA,1296.88774,864.9138399999999
148,manang,MANANG_S1.3_P1231_R2,2023,1,204.5,514.9472000000001,lentil,NA,NA,1031.0,NA,NA,792.839,73.39179999999999
149,manang,MANANG_S1.3_P1231_R2,2024,2,221.5,373.5192,Wheat,NA,NA,1807.26,NA,NA,650.6136,55.59440000000001
150,manang,MANANG_S1.3_P1231_R2,2025,3,202.0,356.23539999999997,Wheat,NA,NA,3536.82,NA,NA,1273.2552,715.0198
151,manang,MANANG_S1.2_P1231_R2,2023,1,215.5,514.9472000000001,lentil,NA,NA,948.0,NA,NA,729.0120000000001,-1.435200000000009
152,manang,MANANG_S1.2_P1231_R2,2024,2,221.5,338.0192,Wheat,NA,NA,1942.96,NA,NA,699.4656,139.94639999999998
153,manang,MANANG_S1.2_P1231_R2,2025,3,202.0,288.7354,Wheat,NA,NA,3593.78,NA,NA,1293.7608,803.0254
154,manang,MANANG_S1.2_P3123_R1,2023,1,213.0,447.91999999999996,wheat,NA,NA,3151.0,NA,NA,1134.36,473.43999999999994
155,manang,MANANG_S1.2_P3123_R1,2024,2,193.5,222.4517,Lentil,NA,NA,325.92,NA,NA,250.63248,-165.31922
156,manang,MANANG_S1.2_P3123_R1,2025,3,202.0,323.73539999999997,Wheat,NA,NA,3623.89,NA,NA,1304.6003999999998,778.8649999999998
157,manang,MANANG_S12_P0000_R6,2023,1,171.5,437.59999999999997,canola,NA,NA,1079.0,NA,NA,744.51,135.41000000000003
158,manang,MANANG_S12_P0000_R6,2024,2,213.0,290.51919999999996,Wheat,NA,NA,1992.62,NA,NA,717.3431999999999,213.82399999999996
159,manang,MANANG_S12_P0000_R6,2025,3,193.5,256.5854,Barley,NA,NA,3817.83,NA,NA,1188.1086959999998,738.0232959999998
160,manang,MANANG_S1.3_P3123_R3,2023,1,213.0,492.91999999999996,wheat,NA,NA,3146.0,NA,NA,1132.56,426.64
161,manang,MANANG_S1.3_P3123_R3,2024,2,193.5,222.4517,Lentil,NA,NA,360.42,NA,NA,277.16298,-138.78871999999998
162,manang,MANANG_S1.3_P3123_R3,2025,3,202.0,359.23539999999997,Wheat,NA,NA,4637.78,NA,NA,1669.6008,1108.3654
163,manang,MANANG_S1.2_P3123_R3,2023,1,213.0,447.91999999999996,wheat,NA,NA,3684.0,NA,NA,1326.24,665.32
164,manang,MANANG_S1.2_P3123_R3,2024,2,193.5,222.4517,Lentil,NA,NA,355.27,NA,NA,273.20263,-142.74907
165,manang,MANANG_S1.2_P3123_R3,2025,3,202.0,323.73539999999997,Wheat,NA,NA,4045.51,NA,NA,1456.3836,930.6481999999999
166,manang,MANANG_S11_P2121_R3,2023,1,191.0,447.91999999999996,wheat,NA,NA,2878.0,NA,NA,1036.08,397.15999999999997
167,manang,MANANG_S11_P2121_R3,2024,2,253.74625,334.4072,Wheat,Vetch,NA,2069.85,NA,NA,745.146,156.99254999999994
168,manang,MANANG_S11_P2121_R3,2025,3,202.0,320.73539999999997,Wheat,NA,NA,3570.74,NA,NA,1285.4663999999998,762.7309999999998
169,manang,MANANG_S8.2_P1231_R1,2023,1,248.5,550.0,vetch,NA,NA,0.0,NA,NA,0.0,-798.5
170,manang,MANANG_S8.2_P1231_R1,2024,2,213.0,336.0192,Wheat,NA,NA,1639.89,NA,NA,590.3604,41.341200000000015
171,manang,MANANG_S8.2_P1231_R1,2025,3,202.0,305.23539999999997,Wheat,NA,NA,3854.78,NA,NA,1387.7208,880.4854
172,manang,MANANG_S12_P0000_R4,2023,1,182.5,437.59999999999997,canola,NA,NA,1477.0,NA,NA,1019.13,399.03000000000003
173,manang,MANANG_S12_P0000_R4,2024,2,213.0,290.51919999999996,Wheat,NA,NA,1540.7,NA,NA,554.652,51.13280000000009
174,manang,MANANG_S12_P0000_R4,2025,3,193.5,256.5854,Barley,NA,NA,3965.2,NA,NA,1233.97024,783.8848400000002
175,manang,MANANG_S10.1_P1231_R1,2023,1,288.65,462.0972,wheat,vetch,NA,3026.0,0.0,NA,0.0,-750.7472
176,manang,MANANG_S10.1_P1231_R1,2024,2,221.5,344.51920000000007,Wheat,NA,NA,1419.32,NA,NA,510.95519999999993,-55.064000000000135
177,manang,MANANG_S10.1_P1231_R1,2025,3,202.0,311.23539999999997,Wheat,NA,NA,3565.89,NA,NA,1283.7204,770.4849999999999
178,manang,MANANG_S9_P2312_R3,2023,1,191.0,447.91999999999996,wheat,NA,NA,3037.0,NA,NA,1093.32,454.4
179,manang,MANANG_S9_P2312_R3,2024,2,202.0,383.3792,Oats,NA,NA,5000.0,NA,NA,1260.0,674.6207999999999
180,manang,MANANG_S9_P2312_R3,2025,3,204.5,314.3444,Vetch,NA,NA,0.0,NA,NA,0.0,-518.8444
181,manang,MANANG_S8.2_P1231_R2,2023,1,226.5,550.0,vetch,NA,NA,0.0,NA,NA,0.0,-776.5
182,manang,MANANG_S8.2_P1231_R2,2024,2,213.0,336.0192,Wheat,NA,NA,2399.38,NA,NA,863.7768,314.75759999999997
183,manang,MANANG_S8.2_P1231_R2,2025,3,202.0,305.23539999999997,Wheat,NA,NA,3884.89,NA,NA,1398.5603999999998,891.3249999999998
184,manang,MANANG_S2_P2121_R1,2023,1,191.0,447.91999999999996,wheat,NA,NA,3854.0,NA,NA,1387.44,748.5200000000001
185,manang,MANANG_S2_P2121_R1,2024,2,193.5,222.4517,Lentil,NA,NA,285.18,NA,NA,219.30342,-196.64828
186,manang,MANANG_S2_P2121_R1,2025,3,202.0,334.73539999999997,Wheat,NA,NA,4316.86,NA,NA,1554.0695999999998,1017.3341999999998
187,manang,MANANG_S10.2_P1231_R3,2023,1,287.725,462.0972,wheat,vetch,NA,3429.0,0.0,NA,0.0,-749.8222000000001
188,manang,MANANG_S10.2_P1231_R3,2024,2,213.0,337.5192,Wheat,NA,NA,2255.21,NA,NA,811.8756,261.35639999999995
189,manang,MANANG_S10.2_P1231_R3,2025,3,202.0,316.23539999999997,Wheat,NA,NA,3935.08,NA,NA,1416.6288,898.3933999999999
190,manang,MANANG_S6_P1111_R2,2023,1,202.0,447.91999999999996,wheat,NA,NA,3636.0,NA,NA,1308.96,659.0400000000001
191,manang,MANANG_S6_P1111_R2,2024,2,221.5,356.0192,Wheat,NA,NA,1181.46,NA,NA,425.3256,-152.1936
192,manang,MANANG_S6_P1111_R2,2025,3,202.0,301.23539999999997,Wheat,NA,NA,3372.93,NA,NA,1214.2548,711.0193999999999
193,manang,MANANG_S3_P3123_R2,2023,1,213.0,447.91999999999996,wheat,NA,NA,3614.0,NA,NA,1301.04,640.12
194,manang,MANANG_S3_P3123_R2,2024,2,193.5,222.4517,Lentil,NA,NA,514.08,NA,NA,395.3275200000001,-20.624179999999882
195,manang,MANANG_S3_P3123_R2,2025,3,193.5,238.4739,Lentil,NA,NA,2148.23,NA,NA,1651.98887,1220.01497
196,manang,MANANG_S3_P1231_R3,2023,1,215.5,514.9472000000001,lentil,NA,NA,815.0,NA,NA,626.735,-103.71220000000005
197,manang,MANANG_S3_P1231_R3,2024,2,193.5,222.4517,Lentil,NA,NA,499.44,NA,NA,384.06936,-31.88233999999997
198,manang,MANANG_S3_P1231_R3,2025,3,202.0,286.7354,Wheat,NA,NA,4462.21,NA,NA,1606.3956,1117.6602
199,manang,MANANG_S10.1_P1231_R3,2023,1,278.05,462.0972,wheat,vetch,NA,2602.0,0.0,NA,0.0,-740.1472
200,manang,MANANG_S10.1_P1231_R3,2024,2,221.5,344.5192,Wheat,NA,NA,2172.83,NA,NA,782.2188,216.19959999999998
201,manang,MANANG_S10.1_P1231_R3,2025,3,202.0,311.23539999999997,Wheat,NA,NA,4035.47,NA,NA,1452.7692,939.5337999999999
202,manang,MANANG_S1.1_P3123_R3,2023,1,213.0,472.41999999999996,wheat,NA,NA,2545.0,NA,NA,916.2,230.7800000000001
203,manang,MANANG_S1.1_P3123_R3,2024,2,193.5,222.4517,Lentil,NA,NA,374.01,NA,NA,287.61369,-128.33800999999997
204,manang,MANANG_S1.1_P3123_R3,2025,3,202.0,309.73539999999997,Wheat,NA,NA,4210.27,NA,NA,1515.6972,1003.9618
205,manang,MANANG_S9_P1231_R3,2023,1,226.5,550.0,vetch,NA,NA,0.0,NA,NA,0.0,-776.5
206,manang,MANANG_S9_P1231_R3,2024,2,213.0,336.5192,Wheat,NA,NA,2450.87,NA,NA,882.3131999999999,332.7939999999999
207,manang,MANANG_S9_P1231_R3,2025,3,213.0,371.11539999999997,Oats,NA,NA,6316.17,NA,NA,1591.67484,1007.55944
208,manang,MANANG_S9_P3123_R2,2023,1,213.0,531.32,oat,NA,NA,0.0,NA,NA,0.0,-744.32
209,manang,MANANG_S9_P3123_R2,2024,2,193.5,252.40219999999997,Vetch,NA,NA,2017.14,NA,NA,0.0,-445.9022
210,manang,MANANG_S9_P3123_R2,2025,3,202.0,278.7354,Wheat,NA,NA,4206.12,NA,NA,1514.2032,1033.4678
211,manang,MANANG_S1.2_P2312_R1,2023,1,202.0,447.91999999999996,wheat,NA,NA,3349.0,NA,NA,1205.64,555.7200000000001
212,manang,MANANG_S1.2_P2312_R1,2024,2,221.5,351.0192,Wheat,NA,NA,931.93,NA,NA,335.4948,-237.0244
213,manang,MANANG_S1.2_P2312_R1,2025,3,193.5,238.4739,Lentil,NA,NA,1445.54,NA,NA,1111.62026,679.64636
214,manang,MANANG_S11_P2121_R1,2023,1,191.0,447.91999999999996,wheat,NA,NA,3798.0,NA,NA,1367.28,728.36
215,manang,MANANG_S11_P2121_R1,2024,2,225.73525,334.4072,Wheat,Vetch,NA,949.41,NA,NA,341.7876,-218.35485
216,manang,MANANG_S11_P2121_R1,2025,3,202.0,320.73539999999997,Wheat,NA,NA,3546.51,NA,NA,1276.7436,754.0082
217,manang,MANANG_S13_P0000_R4,2023,1,182.5,538.6,canola,NA,NA,1476.0,NA,NA,1018.44,297.34000000000003
218,manang,MANANG_S13_P0000_R4,2024,2,213.0,289.01919999999996,Wheat,NA,NA,1941.13,NA,NA,698.8068000000001,196.7876000000001
219,manang,MANANG_S13_P0000_R4,2025,3,193.5,237.0854,Barley,NA,NA,4130.83,NA,NA,1285.5142959999998,854.9288959999999
220,manang,MANANG_S1.1_P3123_R2,2023,1,202.0,472.41999999999996,wheat,NA,NA,3782.0,NA,NA,1361.52,687.1
221,manang,MANANG_S1.1_P3123_R2,2024,2,193.5,222.4517,Lentil,NA,NA,386.17,NA,NA,296.96473000000003,-118.98696999999996
222,manang,MANANG_S1.1_P3123_R2,2025,3,202.0,309.73539999999997,Wheat,NA,NA,4098.84,NA,NA,1475.5824,963.847
223,manang,MANANG_S1.3_P2312_R2,2023,1,191.0,492.91999999999996,wheat,NA,NA,3184.0,NA,NA,1146.24,462.32000000000005
224,manang,MANANG_S1.3_P2312_R2,2024,2,213.0,409.0192,Wheat,NA,NA,2141.94,NA,NA,771.0984,149.07919999999996
225,manang,MANANG_S1.3_P2312_R2,2025,3,193.5,238.4739,Lentil,NA,NA,2369.19,NA,NA,1821.90711,1389.9332100000001
226,manang,MANANG_S5_P3412_R3,2023,1,191.0,447.91999999999996,wheat,NA,NA,3475.0,NA,NA,1251.0,612.08
227,manang,MANANG_S5_P3412_R3,2024,2,221.5,341.0192,Wheat,NA,NA,2028.66,NA,NA,730.3176,167.79839999999996
228,manang,MANANG_S5_P3412_R3,2025,3,193.5,238.47390000000001,Lentil,NA,NA,1786.85,NA,NA,1374.08765,942.11375
229,manang,MANANG_S7_P2312_R1,2023,1,191.0,447.91999999999996,wheat,NA,NA,2744.0,NA,NA,987.84,348.9200000000001
230,manang,MANANG_S7_P2312_R1,2024,2,221.5,334.0192,Wheat,NA,NA,1167.54,NA,NA,420.3144,-135.20480000000003
231,manang,MANANG_S1.3_P1231_R3,2023,1,204.5,514.9472000000001,lentil,NA,NA,868.0,NA,NA,667.492,-51.955200000000104
232,manang,MANANG_S1.3_P1231_R3,2024,2,221.5,373.5192,Wheat,NA,NA,2296.81,NA,NA,826.8516,231.83239999999995
233,manang,MANANG_S1.3_P1231_R3,2025,3,202.0,356.23539999999997,Wheat,NA,NA,3934.11,NA,NA,1416.2796,858.0442
234,manang,MANANG_S11_P2121_R2,2023,1,191.0,447.91999999999996,wheat,NA,NA,2768.0,NA,NA,996.48,357.56000000000006
235,manang,MANANG_S11_P2121_R2,2024,2,234.58225,334.4072,Wheat,Vetch,NA,1303.29,NA,NA,469.1844,-99.80505
236,manang,MANANG_S11_P2121_R2,2025,3,202.0,320.73539999999997,Wheat,NA,NA,3272.54,NA,NA,1178.1144,655.3789999999999
237,manang,MANANG_S13_P0000_R3,2023,1,182.5,538.6,canola,NA,NA,1158.0,NA,NA,799.02,77.91999999999996
238,manang,MANANG_S13_P0000_R3,2024,2,213.0,289.01919999999996,Wheat,NA,NA,1718.08,NA,NA,618.5088,116.4896
239,manang,MANANG_S13_P0000_R3,2025,3,193.5,237.0854,Barley,NA,NA,4375.0,NA,NA,1361.5,930.9146000000001
240,manang,MANANG_S9_P3123_R3,2023,1,224.0,531.32,oat,NA,NA,0.0,NA,NA,0.0,-755.32
241,manang,MANANG_S9_P3123_R3,2024,2,193.5,252.40219999999997,Vetch,NA,NA,2502.0,NA,NA,0.0,-445.9022
242,manang,MANANG_S9_P3123_R3,2025,3,202.0,278.7354,Wheat,NA,NA,4467.05,NA,NA,1608.138,1127.4026
243,manang,MANANG_S1.1_P2312_R1,2023,1,202.0,472.41999999999996,wheat,NA,NA,3522.0,NA,NA,1267.9199999999998,593.4999999999999
244,manang,MANANG_S1.1_P2312_R1,2024,2,213.0,351.0192,Wheat,NA,NA,1020.41,NA,NA,367.3476,-196.6716
245,manang,MANANG_S1.1_P2312_R1,2025,3,193.5,238.4739,Lentil,NA,NA,1812.02,NA,NA,1393.44338,961.46948
246,manang,MANANG_S13_P0000_R5,2023,1,182.5,538.6,canola,NA,NA,1263.0,NA,NA,871.4699999999999,150.3699999999999
247,manang,MANANG_S13_P0000_R5,2024,2,213.0,289.01919999999996,Wheat,NA,NA,1947.67,NA,NA,701.1612,199.14200000000005
248,manang,MANANG_S13_P0000_R5,2025,3,193.5,237.0854,Barley,NA,NA,4617.7,NA,NA,1437.02824,1006.4428400000002
249,manang,MANANG_S4_P3412_R2,2023,1,202.0,447.91999999999996,wheat,NA,NA,3129.0,NA,NA,1126.44,476.5200000000001
250,manang,MANANG_S4_P3412_R2,2024,2,221.5,342.5192,Wheat,NA,NA,1167.64,NA,NA,420.3504,-143.66880000000003
251,manang,MANANG_S4_P3412_R2,2025,3,193.5,238.4739,Lentil,NA,NA,1997.66,NA,NA,1536.20054,1104.22664
252,manang,MANANG_S2_P2121_R3,2023,1,213.0,447.91999999999996,wheat,NA,NA,3182.0,NA,NA,1145.52,484.6
253,manang,MANANG_S2_P2121_R3,2024,2,193.5,222.4517,Lentil,NA,NA,334.68,NA,NA,257.36892,-158.58277999999999
254,manang,MANANG_S2_P2121_R3,2025,3,202.0,334.73539999999997,Wheat,NA,NA,4379.84,NA,NA,1576.7424,1040.007
255,manang,MANANG_S7_P1231_R2,2024,1,287.5,674.9692000000001,Wheat,NA,NA,1738.98,NA,NA,626.0328,-336.43640000000016
256,manang,MANANG_S7_P1231_R2,2025,2,202.0,295.73539999999997,Wheat,NA,NA,3217.05,NA,NA,1158.138,660.4025999999999
257,manang,MANANG_S7_P2312_R3,2023,1,202.0,447.91999999999996,wheat,NA,NA,2981.0,NA,NA,1073.16,423.2400000000001
258,manang,MANANG_S7_P2312_R3,2024,2,221.5,334.0192,Wheat,NA,NA,2229.47,NA,NA,802.6091999999999,247.08999999999986
259,manang,MANANG_S8.1_P1231_R1,2023,1,215.5,550.0,vetch,NA,NA,0.0,NA,NA,0.0,-765.5
260,manang,MANANG_S8.1_P1231_R1,2024,2,213.0,380.0192,Wheat,NA,NA,1570.41,NA,NA,565.3476,-27.671599999999955
261,manang,MANANG_S8.1_P1231_R1,2025,3,202.0,275.2354,Wheat,NA,NA,3724.28,NA,NA,1340.7408,863.5054
262,manang,MANANG_S3_P3123_R3,2023,1,191.0,447.91999999999996,wheat,NA,NA,2488.0,NA,NA,895.68,256.76
263,manang,MANANG_S3_P3123_R3,2024,2,193.5,222.4517,Lentil,NA,NA,530.34,NA,NA,407.8314600000001,-8.120239999999882
264,manang,MANANG_S3_P3123_R3,2025,3,193.5,238.47390000000001,Lentil,NA,NA,1977.58,NA,NA,1520.75902,1088.78512
265,manang,MANANG_S8.2_P2312_R3,2023,1,191.0,447.91999999999996,wheat,NA,NA,2330.0,NA,NA,838.8,199.88
266,manang,MANANG_S8.2_P2312_R3,2024,2,221.5,330.0192,Wheat,NA,NA,2419.98,NA,NA,871.1927999999999,319.6735999999999
267,manang,MANANG_S8.2_P2312_R3,2025,3,215.5,338.92439999999993,Vetch,NA,NA,0.0,NA,NA,0.0,-554.4243999999999
268,manang,MANANG_S4_P1234_R1,2023,1,193.5,514.9472000000001,lentil,NA,NA,672.0,NA,NA,516.768,-191.67920000000004
269,manang,MANANG_S4_P1234_R1,2024,2,202.0,340.0972,Canola,NA,NA,855.54,NA,NA,590.3226,48.22539999999998
270,manang,MANANG_S4_P1234_R1,2025,3,202.0,331.23539999999997,Wheat,NA,NA,2981.43,NA,NA,1073.3148,540.0794000000001
271,manang,MANANG_S10.2_P3123_R1,2023,1,180.0,447.91999999999996,wheat,NA,NA,3694.0,NA,NA,1329.84,701.92
272,manang,MANANG_S10.2_P3123_R1,2024,2,232.4975,315.9072,Wheat,Vetch,NA,879.9,NA,NA,316.76399999999995,-231.64070000000004
273,manang,MANANG_S10.2_P3123_R1,2025,3,202.0,299.23539999999997,Wheat,NA,NA,3729.3,NA,NA,1342.548,841.3126
274,manang,MANANG_S8.1_P1231_R3,2023,1,226.5,550.0,vetch,NA,NA,0.0,NA,NA,0.0,-776.5
275,manang,MANANG_S8.1_P1231_R3,2024,2,213.0,380.0192,Wheat,NA,NA,2397.51,NA,NA,863.1036,270.0844
276,manang,MANANG_S8.1_P1231_R3,2025,3,202.0,275.2354,Wheat,NA,NA,3953.49,NA,NA,1423.2563999999998,946.0209999999997
277,manang,MANANG_S1.1_P1231_R1,2023,1,193.5,532.1972000000001,lentil,NA,NA,1186.0,NA,NA,912.034,186.33679999999993
278,manang,MANANG_S1.1_P1231_R1,2024,2,213.0,329.5192,Wheat,NA,NA,1366.58,NA,NA,491.96879999999993,-50.55040000000008
279,manang,MANANG_S1.1_P1231_R1,2025,3,202.0,331.73539999999997,Wheat,NA,NA,3458.26,NA,NA,1244.9736,711.2382
280,manang,MANANG_S10.2_P1231_R1,2023,1,269.625,462.0972,wheat,vetch,NA,2705.0,0.0,NA,0.0,-731.7221999999999
281,manang,MANANG_S10.2_P1231_R1,2024,2,213.0,337.5192,Wheat,NA,NA,758.78,NA,NA,273.1608,-277.3584
282,manang,MANANG_S10.2_P1231_R1,2025,3,202.0,316.23539999999997,Wheat,NA,NA,2690.31,NA,NA,968.5116,450.2762000000001
283,manang,MANANG_S10.2_P1231_R2,2023,1,277.125,462.0972,wheat,vetch,NA,3005.0,0.0,NA,0.0,-739.2221999999999
284,manang,MANANG_S10.2_P1231_R2,2024,2,213.0,337.5192,Wheat,NA,NA,2046.16,NA,NA,736.6176,186.09840000000003
285,manang,MANANG_S10.2_P1231_R2,2025,3,202.0,316.23539999999997,Wheat,NA,NA,4147.29,NA,NA,1493.0244,974.789
286,manang,MANANG_S1.2_P3123_R2,2023,1,202.0,447.91999999999996,wheat,NA,NA,3192.0,NA,NA,1149.12,499.19999999999993
287,manang,MANANG_S1.2_P3123_R2,2024,2,193.5,222.4517,Lentil,NA,NA,395.7,NA,NA,304.2933,-111.6584
288,manang,MANANG_S1.2_P3123_R2,2025,3,202.0,323.73539999999997,Wheat,NA,NA,4181.2,NA,NA,1505.232,979.4966
289,manang,MANANG_S5_P4123_R1,2023,1,202.0,447.91999999999996,wheat,NA,NA,2791.0,NA,NA,1004.76,354.84000000000003
290,manang,MANANG_S5_P4123_R1,2024,2,193.5,222.4517,Lentil,NA,NA,192.64,NA,NA,148.14015999999998,-267.81154000000004
291,manang,MANANG_S5_P4123_R1,2025,3,202.0,289.7354,Wheat,NA,NA,4035.47,NA,NA,1452.7692,961.0337999999999
292,manang,MANANG_S5_P1234_R1,2023,1,204.5,532.1972000000001,lentil,NA,NA,907.0,NA,NA,697.4830000000001,-39.214200000000005
293,manang,MANANG_S5_P1234_R1,2024,2,221.5,346.51920000000007,Wheat,NA,NA,1369.6,NA,NA,493.0559999999999,-74.96320000000014
294,manang,MANANG_S5_P1234_R1,2025,3,202.0,285.2354,Wheat,NA,NA,3483.35,NA,NA,1254.006,766.7706000000001
295,manang,MANANG_S10.2_P2312_R2,2023,1,191.0,447.91999999999996,wheat,NA,NA,2598.0,NA,NA,935.28,296.36
296,manang,MANANG_S10.2_P2312_R2,2024,2,213.0,360.5192,Wheat,NA,NA,1765.01,NA,NA,635.4036,61.88439999999997
297,manang,MANANG_S10.2_P2312_R2,2025,3,317.188,504.99440000000004,Wheat,Vetch,NA,3827.52,NA,NA,1377.9072,555.7248
298,manang,MANANG_S10.1_P2312_R1,2023,1,193.5,423.41999999999996,wheat,NA,NA,2718.0,NA,NA,978.48,361.56000000000006
299,manang,MANANG_S10.1_P2312_R1,2024,2,221.5,347.0192,Wheat,NA,NA,1442.81,NA,NA,519.4115999999999,-49.107600000000105
300,manang,MANANG_S10.1_P2312_R1,2025,3,305.05425,447.4944,Wheat,Vetch,NA,3682.17,NA,NA,1325.5812,573.0325500000001
301,manang,MANANG_S13_P0000_R1,2023,1,193.5,538.6,canola,NA,NA,912.0,NA,NA,629.28,-102.82000000000005
302,manang,MANANG_S13_P0000_R1,2024,2,213.0,289.01919999999996,Wheat,NA,NA,751.74,NA,NA,270.6264,-231.39279999999997
303,manang,MANANG_S13_P0000_R1,2025,3,193.5,237.0854,Barley,NA,NA,3081.4,NA,NA,958.93168,528.34628
304,manang,MANANG_S10.1_P2312_R2,2023,1,204.5,423.41999999999996,wheat,NA,NA,2966.0,NA,NA,1067.76,439.84000000000003
305,manang,MANANG_S10.1_P2312_R2,2024,2,221.5,347.0192,Wheat,NA,NA,1915.39,NA,NA,689.5404,121.02119999999996
306,manang,MANANG_S10.1_P2312_R2,2025,3,308.20349999999996,447.4944,Wheat,Vetch,NA,3808.14,NA,NA,1370.9304,615.2325000000001
307,manang,MANANG_S3_P2312_R3,2023,1,215.5,514.9472000000001,lentil,NA,NA,875.0,NA,NA,672.875,-57.572200000000066
308,manang,MANANG_S3_P2312_R3,2024,2,213.0,366.5192,Wheat,NA,NA,2579.72,NA,NA,928.6992,349.18
309,manang,MANANG_S3_P2312_R3,2025,3,193.5,238.47390000000001,Lentil,NA,NA,1977.58,NA,NA,1520.75902,1088.78512
310,manang,MANANG_S4_P3412_R3,2023,1,191.0,447.91999999999996,wheat,NA,NA,2473.0,NA,NA,890.28,251.36
311,manang,MANANG_S4_P3412_R3,2024,2,221.5,342.5192,Wheat,NA,NA,2268.04,NA,NA,816.4943999999999,252.47519999999992
312,manang,MANANG_S4_P3412_R3,2025,3,193.5,238.4739,Lentil,NA,NA,1942.83,NA,NA,1494.03627,1062.06237
313,manang,MANANG_S8.1_P3123_R2,2023,1,191.0,447.91999999999996,wheat,NA,NA,3875.0,NA,NA,1395.0,756.08
314,manang,MANANG_S8.1_P3123_R2,2024,2,204.5,257.45219999999995,Vetch,NA,NA,0.0,NA,NA,0.0,-461.95219999999995
315,manang,MANANG_S8.1_P3123_R2,2025,3,202.0,285.2354,Wheat,NA,NA,4312.02,NA,NA,1552.3272000000002,1065.0918000000001
316,manang,MANANG_S4_P1234_R3,2023,1,226.5,514.9472000000001,lentil,NA,NA,884.0,NA,NA,679.796,-61.65120000000002
317,manang,MANANG_S4_P1234_R3,2024,2,202.0,340.09720000000004,Canola,NA,NA,957.69,NA,NA,660.8061,118.70889999999997
318,manang,MANANG_S4_P1234_R3,2025,3,202.0,331.23539999999997,Wheat,NA,NA,2771.32,NA,NA,997.6752,464.43980000000005
319,manang,MANANG_S3_P2312_R1,2023,1,226.5,514.9472000000001,lentil,NA,NA,944.0,NA,NA,725.936,-15.51120000000003
320,manang,MANANG_S3_P2312_R1,2024,2,213.0,366.5192,Wheat,NA,NA,1863.86,NA,NA,670.9896,91.47039999999998
321,manang,MANANG_S3_P2312_R1,2025,3,193.5,238.4739,Lentil,NA,NA,2389.16,NA,NA,1837.26404,1405.29014
322,manang,MANANG_S5_P2341_R3,2023,1,202.0,447.91999999999996,wheat,NA,NA,3540.0,NA,NA,1274.4,624.4800000000001
323,manang,MANANG_S5_P2341_R3,2024,2,221.5,364.0192,Wheat,NA,NA,1716.61,NA,NA,617.9795999999999,32.46039999999988
324,manang,MANANG_S5_P2341_R3,2025,3,202.0,296.23539999999997,Wheat,NA,NA,3332.78,NA,NA,1199.8008,701.5654
325,manang,MANANG_S1.2_P2312_R3,2023,1,202.0,447.91999999999996,wheat,NA,NA,2940.0,NA,NA,1058.4,408.48000000000013
326,manang,MANANG_S1.2_P2312_R3,2024,2,221.5,351.0192,Wheat,NA,NA,2008.07,NA,NA,722.9051999999999,150.3859999999999
327,manang,MANANG_S1.2_P2312_R3,2025,3,193.5,238.47390000000001,Lentil,NA,NA,1917.35,NA,NA,1474.44215,1042.4682500000001
328,manang,MANANG_S9_P1231_R1,2023,1,215.5,550.0,vetch,NA,NA,0.0,NA,NA,0.0,-765.5
329,manang,MANANG_S9_P1231_R1,2024,2,213.0,336.5192,Wheat,NA,NA,803.23,NA,NA,289.1628,-260.3564
330,manang,MANANG_S9_P1231_R1,2025,3,213.0,371.11539999999997,Oats,NA,NA,5013.0,NA,NA,1263.276,679.1606000000002
331,manang,MANANG_S8.1_P1231_R2,2023,1,204.5,550.0,vetch,NA,NA,0.0,NA,NA,0.0,-754.5
332,manang,MANANG_S8.1_P1231_R2,2024,2,213.0,380.0192,Wheat,NA,NA,1996.12,NA,NA,718.6031999999999,125.58399999999989
333,manang,MANANG_S8.1_P1231_R2,2025,3,202.0,275.2354,Wheat,NA,NA,3662.79,NA,NA,1318.6044,841.3689999999999
334,manang,MANANG_S8.2_P3123_R3,2023,1,202.0,447.91999999999996,wheat,NA,NA,3512.0,NA,NA,1264.32,614.4
335,manang,MANANG_S8.2_P3123_R3,2024,2,193.5,252.40219999999997,Vetch,NA,NA,0.0,NA,NA,0.0,-445.9022
336,manang,MANANG_S8.2_P3123_R3,2025,3,202.0,292.7354,Wheat,NA,NA,4176.36,NA,NA,1503.4896,1008.7542000000001
337,manang,MANANG_S11_P1212_R3,2023,1,292.375,462.0972,wheat,vetch,NA,3615.0,0.0,NA,0.0,-754.4721999999999
338,manang,MANANG_S11_P1212_R3,2024,2,221.5,341.0192,Wheat,NA,NA,2378.33,NA,NA,856.1987999999999,293.6795999999999
339,manang,MANANG_S11_P1212_R3,2025,3,317.6725,507.99440000000004,Wheat,Vetch,NA,3846.9,NA,NA,1384.884,559.2170999999998
340,manang,MANANG_S12_P0000_R5,2023,1,171.5,437.59999999999997,canola,NA,NA,1642.0,NA,NA,1132.98,523.8800000000001
341,manang,MANANG_S12_P0000_R5,2024,2,213.0,290.51919999999996,Wheat,NA,NA,2069.85,NA,NA,745.146,241.6268
342,manang,MANANG_S12_P0000_R5,2025,3,193.5,256.5854,Barley,NA,NA,4161.82,NA,NA,1295.1583839999998,845.0729839999999
343,manang,MANANG_S8.2_P3123_R1,2023,1,180.0,447.91999999999996,wheat,NA,NA,2874.0,NA,NA,1034.64,406.72000000000014
344,manang,MANANG_S8.2_P3123_R1,2024,2,193.5,252.40219999999997,Vetch,NA,NA,0.0,NA,NA,0.0,-445.9022
345,manang,MANANG_S8.2_P3123_R1,2025,3,202.0,292.7354,Wheat,NA,NA,3672.48,NA,NA,1322.0928,827.3573999999999
346,manang,MANANG_S8.1_P2312_R3,2023,1,202.0,447.91999999999996,wheat,NA,NA,3238.0,NA,NA,1165.68,515.7600000000001
347,manang,MANANG_S8.1_P2312_R3,2024,2,221.5,346.0192,Wheat,NA,NA,2389.08,NA,NA,860.0687999999999,292.5495999999999
348,manang,MANANG_S8.1_P2312_R3,2025,3,215.5,328.9744,Vetch,NA,NA,0.0,NA,NA,0.0,-544.4744000000001
349,manang,MANANG_S10.1_P3123_R3,2023,1,182.5,423.41999999999996,wheat,NA,NA,2615.0,NA,NA,941.4,335.48
350,manang,MANANG_S10.1_P3123_R3,2024,2,247.82075,242.4072,Wheat,Vetch,NA,2172.83,NA,NA,782.2188,291.99085
351,manang,MANANG_S10.1_P3123_R3,2025,3,202.0,346.73539999999997,Wheat,NA,NA,3701.55,NA,NA,1332.558,783.8226
352,manang,MANANG_S9_P3123_R1,2023,1,224.0,531.32,oat,NA,NA,0.0,NA,NA,0.0,-755.32
353,manang,MANANG_S9_P3123_R1,2024,2,193.5,252.40219999999997,Vetch,NA,NA,1384.78,NA,NA,0.0,-445.9022
354,manang,MANANG_S9_P3123_R1,2025,3,202.0,278.7354,Wheat,NA,NA,4196.08,NA,NA,1510.5888,1029.8534
355,manang,MANANG_S5_P3412_R2,2023,1,202.0,447.91999999999996,wheat,NA,NA,2714.0,NA,NA,977.04,327.12
356,manang,MANANG_S5_P3412_R2,2024,2,221.5,341.0192,Wheat,NA,NA,1366.58,NA,NA,491.96879999999993,-70.55040000000008
357,manang,MANANG_S5_P3412_R2,2025,3,193.5,238.4739,Lentil,NA,NA,1802.33,NA,NA,1385.99177,954.0178700000001
358,manang,MANANG_S9_P2312_R2,2023,1,191.0,447.91999999999996,wheat,NA,NA,3229.0,NA,NA,1162.44,523.5200000000001
359,manang,MANANG_S9_P2312_R2,2024,2,202.0,383.37919999999997,Oats,NA,NA,6100.0,NA,NA,1537.2,951.8208000000001
360,manang,MANANG_S9_P2312_R2,2025,3,204.5,314.3444,Vetch,NA,NA,0.0,NA,NA,0.0,-518.8444
361,manang,MANANG_S4_P4123_R1,2023,1,180.0,447.91999999999996,wheat,NA,NA,3129.0,NA,NA,1126.44,498.5200000000001
362,manang,MANANG_S4_P4123_R1,2024,2,193.5,222.45170000000002,Lentil,NA,NA,239.5,NA,NA,184.1755,-231.77620000000002
363,manang,MANANG_S4_P4123_R1,2025,3,213.0,376.6544,Canola,NA,NA,2034.88,NA,NA,1404.0672,814.4128
364,manang,MANANG_S7_P1231_R1,2024,1,265.5,674.9692,Wheat,NA,NA,1907.93,NA,NA,686.8548,-253.61440000000005
365,manang,MANANG_S7_P1231_R1,2025,2,202.0,295.73539999999997,Wheat,NA,NA,4165.97,NA,NA,1499.7492,1002.0138
366,manang,MANANG_S2_P1212_R1,2023,1,215.5,514.9472000000001,lentil,NA,NA,870.0,NA,NA,669.03,-61.41720000000009
367,manang,MANANG_S2_P1212_R1,2024,2,221.5,358.0192,Wheat,NA,NA,1782.38,NA,NA,641.6568,62.13759999999996
368,manang,MANANG_S2_P1212_R1,2025,3,193.5,238.4739,Lentil,NA,NA,1952.52,NA,NA,1501.48788,1069.51398
369,manang,MANANG_S4_P4123_R2,2023,1,191.0,447.91999999999996,wheat,NA,NA,2856.0,NA,NA,1028.16,389.2400000000001
370,manang,MANANG_S4_P4123_R2,2024,2,193.5,222.4517,Lentil,NA,NA,401.61,NA,NA,308.83809,-107.11360999999997
371,manang,MANANG_S4_P4123_R2,2025,3,213.0,376.6544,Canola,NA,NA,2199.61,NA,NA,1517.7309,928.0765
372,manang,MANANG_S8.1_P3123_R3,2023,1,191.0,447.91999999999996,wheat,NA,NA,3347.0,NA,NA,1204.9199999999998,565.9999999999999
373,manang,MANANG_S8.1_P3123_R3,2024,2,204.5,257.45219999999995,Vetch,NA,NA,0.0,NA,NA,0.0,-461.95219999999995
374,manang,MANANG_S8.1_P3123_R3,2025,3,202.0,285.2354,Wheat,NA,NA,4418.6,NA,NA,1590.696,1103.4605999999999
375,manang,MANANG_S1.3_P3123_R2,2023,1,213.0,492.91999999999996,wheat,NA,NA,2768.0,NA,NA,996.48,290.56000000000006
376,manang,MANANG_S1.3_P3123_R2,2024,2,193.5,222.4517,Lentil,NA,NA,1520.31,NA,NA,1169.11839,753.1666900000001
377,manang,MANANG_S1.3_P3123_R2,2025,3,202.0,359.23539999999997,Wheat,NA,NA,4375.0,NA,NA,1575.0,1013.7646
378,manang,MANANG_S4_P2341_R3,2023,1,191.0,476.0,canola,NA,NA,1338.0,NA,NA,923.22,256.22
379,manang,MANANG_S4_P2341_R3,2024,2,213.0,352.5192,Wheat,NA,NA,2270.66,NA,NA,817.4375999999999,251.91839999999985
380,manang,MANANG_S4_P2341_R3,2025,3,202.0,283.2354,Wheat,NA,NA,3879.87,NA,NA,1396.7532,911.5178000000001
381,manang,MANANG_S12_P0000_R3,2023,1,171.5,437.59999999999997,canola,NA,NA,1144.0,NA,NA,789.3599999999999,180.25999999999993
382,manang,MANANG_S12_P0000_R3,2024,2,213.0,290.51919999999996,Wheat,NA,NA,1879.45,NA,NA,676.602,173.08280000000002
383,manang,MANANG_S12_P0000_R3,2025,3,193.5,256.5854,Barley,NA,NA,4206.12,NA,NA,1308.944544,858.859144
384,manang,MANANG_S5_P2341_R2,2023,1,191.0,447.91999999999996,wheat,NA,NA,3197.0,NA,NA,1150.9199999999998,511.9999999999999
385,manang,MANANG_S5_P2341_R2,2024,2,221.5,364.0192,Wheat,NA,NA,1603.61,NA,NA,577.2995999999999,-8.21960000000007
386,manang,MANANG_S5_P2341_R2,2025,3,202.0,296.23539999999997,Wheat,NA,NA,3696.71,NA,NA,1330.8156,832.5801999999999
387,manang,MANANG_S8.1_P2312_R1,2023,1,213.0,447.91999999999996,wheat,NA,NA,3536.0,NA,NA,1272.96,612.0400000000001
388,manang,MANANG_S8.1_P2312_R1,2024,2,221.5,346.01920000000007,Wheat,NA,NA,895.91,NA,NA,322.52759999999995,-244.99160000000012
389,manang,MANANG_S8.1_P2312_R1,2025,3,215.5,328.9744,Vetch,NA,NA,0.0,NA,NA,0.0,-544.4744000000001
390,manang,MANANG_S12_P0000_R7,2023,1,182.5,437.59999999999997,canola,NA,NA,1382.0,NA,NA,953.58,333.4800000000001
391,manang,MANANG_S12_P0000_R7,2024,2,213.0,290.51919999999996,Wheat,NA,NA,2275.81,NA,NA,819.2915999999999,315.77239999999995
392,manang,MANANG_S12_P0000_R7,2025,3,193.5,256.5854,Barley,NA,NA,3938.95,NA,NA,1225.8012399999998,775.7158399999998
393,manang,MANANG_S6_P1111_R3,2023,1,202.0,447.91999999999996,wheat,NA,NA,2823.0,NA,NA,1016.28,366.36
394,manang,MANANG_S6_P1111_R3,2024,2,221.5,356.0192,Wheat,NA,NA,2280.96,NA,NA,821.1456,243.62639999999993
395,manang,MANANG_S6_P1111_R3,2025,3,202.0,301.23539999999997,Wheat,NA,NA,3837.21,NA,NA,1381.3956,878.1602
396,manang,MANANG_S1.3_P2312_R1,2023,1,202.0,492.91999999999996,wheat,NA,NA,3726.0,NA,NA,1341.36,646.4399999999999
397,manang,MANANG_S1.3_P2312_R1,2024,2,213.0,409.0192,Wheat,NA,NA,1333.65,NA,NA,480.114,-141.90520000000004
398,manang,MANANG_S1.3_P2312_R1,2025,3,193.5,238.4739,Lentil,NA,NA,1872.18,NA,NA,1439.70642,1007.73252
399,manang,MANANG_S3_P2312_R2,2023,1,204.5,514.9472000000001,lentil,NA,NA,695.0,NA,NA,534.455,-184.99220000000003
400,manang,MANANG_S3_P2312_R2,2024,2,213.0,366.5192,Wheat,NA,NA,1946.78,NA,NA,700.8408,121.32159999999993
401,manang,MANANG_S3_P2312_R2,2025,3,193.5,238.4739,Lentil,NA,NA,1576.04,NA,NA,1211.97476,780.0008600000001
402,manang,MANANG_S6_P1111_R5,2023,1,180.0,447.91999999999996,wheat,NA,NA,2556.0,NA,NA,920.16,292.24
403,manang,MANANG_S6_P1111_R5,2024,2,221.5,356.0192,Wheat,NA,NA,2270.66,NA,NA,817.4375999999999,239.91839999999985
404,manang,MANANG_S6_P1111_R5,2025,3,202.0,301.23539999999997,Wheat,NA,NA,3935.08,NA,NA,1416.6288,913.3933999999999
405,manang,MANANG_S3_P1231_R1,2023,1,215.5,514.9472000000001,lentil,NA,NA,888.0,NA,NA,682.8720000000001,-47.575199999999995
406,manang,MANANG_S3_P1231_R1,2024,2,193.5,222.45170000000002,Lentil,NA,NA,216.25,NA,NA,166.29625,-249.65545000000003
407,manang,MANANG_S3_P1231_R1,2025,3,202.0,286.7354,Wheat,NA,NA,4296.47,NA,NA,1546.7292,1057.9938
408,manang,MANANG_S10.1_P1231_R2,2023,1,290.375,462.0972,wheat,vetch,NA,3535.0,0.0,NA,0.0,-752.4721999999999
409,manang,MANANG_S10.1_P1231_R2,2024,2,221.5,344.5192,Wheat,NA,NA,1807.26,NA,NA,650.6136,84.59440000000001
410,manang,MANANG_S10.1_P1231_R2,2025,3,202.0,311.23539999999997,Wheat,NA,NA,3856.59,NA,NA,1388.3724,875.137
411,manang,MANANG_S1.3_P3123_R1,2023,1,202.0,492.91999999999996,wheat,NA,NA,3598.0,NA,NA,1295.28,600.36
412,manang,MANANG_S1.3_P3123_R1,2024,2,193.5,222.45170000000002,Lentil,NA,NA,210.0,NA,NA,161.49,-254.4617
413,manang,MANANG_S1.3_P3123_R1,2025,3,202.0,359.23539999999997,Wheat,NA,NA,4020.41,NA,NA,1447.3475999999998,886.1121999999998
414,manang,MANANG_S1.1_P3123_R1,2023,1,202.0,472.41999999999996,wheat,NA,NA,3640.0,NA,NA,1310.4,635.9800000000001
415,manang,MANANG_S1.1_P3123_R1,2024,2,193.5,222.45170000000002,Lentil,NA,NA,191.8,NA,NA,147.4942,-268.4575
416,manang,MANANG_S1.1_P3123_R1,2025,3,202.0,309.73539999999997,Wheat,NA,NA,4195.74,NA,NA,1510.4663999999998,998.7309999999998
417,manang,MANANG_S6_P1111_R4,2023,1,202.0,447.91999999999996,wheat,NA,NA,3628.0,NA,NA,1306.08,656.16
418,manang,MANANG_S6_P1111_R4,2024,2,221.5,356.0192,Wheat,NA,NA,2105.9,NA,NA,758.124,180.6048
419,manang,MANANG_S6_P1111_R4,2025,3,202.0,301.23539999999997,Wheat,NA,NA,3982.56,NA,NA,1433.7216,930.4862
420,manang,MANANG_S5_P4123_R3,2023,1,213.0,447.91999999999996,wheat,NA,NA,2713.0,NA,NA,976.68,315.76
421,manang,MANANG_S5_P4123_R3,2024,2,193.5,222.4517,Lentil,NA,NA,762.41,NA,NA,586.29329,170.34158999999997
422,manang,MANANG_S5_P4123_R3,2025,3,202.0,289.7354,Wheat,NA,NA,4563.95,NA,NA,1643.022,1151.2866
423,manang,MANANG_S4_P2341_R1,2023,1,191.0,476.0,canola,NA,NA,1248.0,NA,NA,861.1199999999999,194.1199999999999
424,manang,MANANG_S4_P2341_R1,2024,2,213.0,352.5192,Wheat,NA,NA,1238.73,NA,NA,445.9428,-119.57640000000004
425,manang,MANANG_S4_P2341_R1,2025,3,202.0,283.2354,Wheat,NA,NA,3420.54,NA,NA,1231.3944,746.1589999999999
426,manang,MANANG_S12_P0000_R9,2023,1,193.5,437.59999999999997,canola,NA,NA,1441.0,NA,NA,994.29,363.19
427,manang,MANANG_S12_P0000_R9,2024,2,213.0,290.51919999999996,Wheat,NA,NA,2358.19,NA,NA,848.9484,345.42920000000004
428,manang,MANANG_S12_P0000_R9,2025,3,193.5,256.5854,Barley,NA,NA,4307.17,NA,NA,1340.391304,890.305904
429,manang,MANANG_S13_P0000_R7,2023,1,193.5,538.6,canola,NA,NA,1419.0,NA,NA,979.11,247.01
430,manang,MANANG_S13_P0000_R7,2024,2,213.0,289.01919999999996,Wheat,NA,NA,2188.28,NA,NA,787.7808,285.76160000000004
431,manang,MANANG_S13_P0000_R7,2025,3,193.5,237.0854,Barley,NA,NA,4090.68,NA,NA,1273.0196159999998,842.4342159999999
432,manang,MANANG_S1.2_P1231_R3,2023,1,204.5,514.9472000000001,lentil,NA,NA,693.0,NA,NA,532.917,-186.53020000000004
433,manang,MANANG_S1.2_P1231_R3,2024,2,221.5,338.0192,Wheat,NA,NA,2528.1,NA,NA,910.116,350.5968
434,manang,MANANG_S1.2_P1231_R3,2025,3,202.0,288.7354,Wheat,NA,NA,3827.52,NA,NA,1377.9072,887.1718000000001
435,manang,MANANG_S8.2_P2312_R1,2023,1,191.0,447.91999999999996,wheat,NA,NA,2828.0,NA,NA,1018.08,379.1600000000001
436,manang,MANANG_S8.2_P2312_R1,2024,2,221.5,330.0192,Wheat,NA,NA,957.69,NA,NA,344.7684,-206.75080000000003
437,manang,MANANG_S8.2_P2312_R1,2025,3,215.5,338.92439999999993,Vetch,NA,NA,0.0,NA,NA,0.0,-554.4243999999999
438,manang,MANANG_S2_P1212_R2,2023,1,204.5,514.9472000000001,lentil,NA,NA,1145.0,NA,NA,880.505,161.05779999999993
439,manang,MANANG_S2_P1212_R2,2024,2,221.5,358.0192,Wheat,NA,NA,1920.54,NA,NA,691.3943999999999,111.8751999999999
440,manang,MANANG_S2_P1212_R2,2025,3,193.5,238.4739,Lentil,NA,NA,1806.93,NA,NA,1389.52917,957.5552700000001
441,kinnabulla,KINNABULLA_S13_P0000_R8,2023,1,169.0,371.15493150684927,canola,NA,NA,1605.0,NA,NA,1107.4499999999998,567.2950684931506
442,kinnabulla,KINNABULLA_S13_P0000_R8,2024,2,213.0,229.3645,Wheat,NA,NA,0.0,NA,NA,0.0,-442.3645
443,kinnabulla,KINNABULLA_S13_P0000_R8,2025,3,193.5,283.99047945205484,Barley,NA,NA,2330.23,NA,NA,725.1675759999999,247.6770965479451
444,kinnabulla,KINNABULLA_S3_P2312_R3,2023,1,204.5,280.27200000000005,lentil,NA,NA,1308.0,NA,NA,1005.852,521.0799999999999
445,kinnabulla,KINNABULLA_S3_P2312_R3,2024,2,204.5,231.75649999999996,Wheat,NA,NA,0.0,NA,NA,0.0,-436.25649999999996
446,kinnabulla,KINNABULLA_S3_P2312_R3,2025,3,171.5,188.784,Lentil,NA,NA,0.0,NA,NA,0.0,-360.284
447,kinnabulla,KINNABULLA_S3_P2312_R3,2025,4,141.0,32.75,Field pea,NA,NA,322.73,NA,NA,147.81034000000002,-25.939659999999975
448,kinnabulla,KINNABULLA_S12_P0000_R1,2023,1,180.0,479.1549315068493,canola,NA,NA,1713.0,NA,NA,1181.9699999999998,522.8150684931504
449,kinnabulla,KINNABULLA_S12_P0000_R1,2024,2,202.0,281.7565,Wheat,NA,NA,1618.22,NA,NA,582.5592,98.80270000000002
450,kinnabulla,KINNABULLA_S12_P0000_R1,2025,3,202.0,308.99047945205484,Barley,NA,NA,2701.43,NA,NA,840.6850159999999,329.69453654794506
451,kinnabulla,KINNABULLA_S4_P4123_R1,2023,1,180.0,317.54,wheat,NA,NA,4903.0,NA,NA,1765.08,1267.54
452,kinnabulla,KINNABULLA_S4_P4123_R1,2024,2,215.5,218.1057,Lentil,NA,NA,575.4,NA,NA,442.4826,8.876899999999978
453,kinnabulla,KINNABULLA_S4_P4123_R1,2025,3,193.5,355.025,Canola,NA,NA,0.0,NA,NA,0.0,-548.525
454,kinnabulla,KINNABULLA_S1.3_P1231_R3,2023,1,215.5,280.27200000000005,lentil,NA,NA,1121.0,NA,NA,862.049,366.27699999999993
455,kinnabulla,KINNABULLA_S1.3_P1231_R3,2024,2,202.0,270.7565,Wheat,NA,NA,0.0,NA,NA,0.0,-472.7565
456,kinnabulla,KINNABULLA_S1.3_P1231_R3,2025,3,191.0,319.3,Wheat,NA,NA,1521.76,NA,NA,547.8335999999999,37.53359999999992
457,kinnabulla,KINNABULLA_S9.1_P3123_R3,2023,1,182.5,189.04,wheat,NA,NA,4816.0,NA,NA,1733.76,1362.22
458,kinnabulla,KINNABULLA_S9.1_P3123_R3,2024,2,193.5,241.062,Vetch,NA,NA,2400.0,NA,NA,0.0,-434.562
459,kinnabulla,KINNABULLA_S9.1_P3123_R3,2025,3,191.0,274.8,Wheat,NA,NA,1898.43,NA,NA,683.4348,217.63479999999998
460,kinnabulla,KINNABULLA_S9.1_P1231_R3,2023,1,204.5,291.72,vetch,NA,NA,2381.0,NA,NA,0.0,-496.22
461,kinnabulla,KINNABULLA_S9.1_P1231_R3,2024,2,193.5,231.75649999999996,Wheat,NA,NA,0.0,NA,NA,0.0,-425.25649999999996
462,kinnabulla,KINNABULLA_S9.1_P1231_R3,2025,3,182.5,255.3,Wheat,NA,NA,1385.95,NA,NA,498.942,61.141999999999996
463,kinnabulla,KINNABULLA_S8_P2312_R1,2023,1,191.0,317.53999999999996,wheat,NA,NA,5195.0,NA,NA,1870.2,1361.66
464,kinnabulla,KINNABULLA_S8_P2312_R1,2024,2,202.0,272.2565,Wheat,NA,NA,2363.94,NA,NA,851.0184,376.7619
465,kinnabulla,KINNABULLA_S4_P2341_R2,2023,1,180.0,479.15493150684927,canola,NA,NA,1567.0,NA,NA,1081.23,422.07506849315075
466,kinnabulla,KINNABULLA_S4_P2341_R2,2024,2,213.0,331.75649999999996,Wheat,NA,NA,1608.87,NA,NA,579.1931999999999,34.43669999999997
467,kinnabulla,KINNABULLA_S4_P2341_R2,2025,3,182.5,255.3,Wheat,NA,NA,1990.63,NA,NA,716.6268,278.8268
468,kinnabulla,KINNABULLA_S12_P0000_R8,2023,1,169.0,479.1549315068493,canola,NA,NA,1569.0,NA,NA,1082.61,434.4550684931506
469,kinnabulla,KINNABULLA_S12_P0000_R8,2024,2,213.0,281.7565,Wheat,NA,NA,0.0,NA,NA,0.0,-494.7565
470,kinnabulla,KINNABULLA_S12_P0000_R8,2025,3,202.0,308.99047945205484,Barley,NA,NA,2648.32,NA,NA,824.157184,313.1667045479452
471,kinnabulla,KINNABULLA_S10_P3123_R2,2023,1,191.0,317.53999999999996,wheat,NA,NA,5600.0,NA,NA,2016.0,1507.46
472,kinnabulla,KINNABULLA_S10_P3123_R2,2024,2,193.5,267.57949999999994,Tillage radish,NA,NA,0.0,NA,NA,0.0,-461.07949999999994
473,kinnabulla,KINNABULLA_S10_P3123_R2,2025,3,191.0,308.3,Wheat,NA,NA,2200.0,NA,NA,792.0,292.7
474,kinnabulla,KINNABULLA_S9.1_P2312_R2,2023,1,171.5,189.04000000000002,wheat,NA,NA,5121.0,NA,NA,1843.56,1483.02
475,kinnabulla,KINNABULLA_S9.1_P2312_R2,2024,2,202.0,291.75649999999996,Wheat,NA,NA,2199.61,NA,NA,791.8596,298.10310000000004
476,kinnabulla,KINNABULLA_S9.1_P2312_R2,2025,3,204.5,332.0375,Vetch,NA,NA,0.0,NA,NA,0.0,-536.5375
477,kinnabulla,KINNABULLA_S12_P0000_R9,2023,1,169.0,479.15493150684927,canola,NA,NA,1251.0,NA,NA,863.1899999999999,215.03506849315067
478,kinnabulla,KINNABULLA_S12_P0000_R9,2024,2,213.0,281.7565,Wheat,NA,NA,0.0,NA,NA,0.0,-494.7565
479,kinnabulla,KINNABULLA_S12_P0000_R9,2025,3,202.0,308.99047945205484,Barley,NA,NA,2766.13,NA,NA,860.819656,349.82917654794517
480,kinnabulla,KINNABULLA_S8_P1231_R1,2024,1,237.5,317.82649999999995,Wheat,NA,NA,2522.55,NA,NA,908.118,352.7915000000001
481,kinnabulla,KINNABULLA_S8_P1231_R1,2025,2,191.0,272.8,Wheat,NA,NA,1819.19,NA,NA,654.9084,191.10840000000002
482,kinnabulla,KINNABULLA_S1.3_P2312_R1,2023,1,191.0,359.53999999999996,wheat,NA,NA,4978.0,NA,NA,1792.08,1241.54
483,kinnabulla,KINNABULLA_S1.3_P2312_R1,2024,2,204.5,231.75649999999996,Wheat,NA,NA,1975.55,NA,NA,711.198,274.9415
484,kinnabulla,KINNABULLA_S1.3_P2312_R1,2025,3,171.5,188.784,Lentil,NA,NA,0.0,NA,NA,0.0,-360.284
485,kinnabulla,KINNABULLA_S1.3_P2312_R1,2025,4,141.0,32.75,Field pea,NA,NA,301.43,NA,NA,138.05494000000002,-35.695059999999984
486,kinnabulla,KINNABULLA_S11_P1231_R1,2023,1,288.75,236.87,tillage radish,vetch,NA,2307.0,1503.0,NA,0.0,-525.62
487,kinnabulla,KINNABULLA_S11_P1231_R1,2024,2,202.0,257.25649999999996,Wheat,NA,NA,2965.12,NA,NA,1067.4432,608.1867
488,kinnabulla,KINNABULLA_S11_P1231_R1,2025,3,182.5,255.3,Wheat,NA,NA,1596.74,NA,NA,574.8264,137.02640000000002
489,kinnabulla,KINNABULLA_S4_P1234_R3,2023,1,215.5,280.27200000000005,lentil,NA,NA,1377.0,NA,NA,1058.913,563.141
490,kinnabulla,KINNABULLA_S4_P1234_R3,2024,2,204.5,246.55449999999996,Canola,NA,NA,0.0,NA,NA,0.0,-451.05449999999996
491,kinnabulla,KINNABULLA_S4_P1234_R3,2025,3,191.0,304.3,Wheat,NA,NA,1193.96,NA,NA,429.8256,-65.4744
492,kinnabulla,KINNABULLA_S2.2_P2121_R3,2023,1,191.0,359.53999999999996,wheat,NA,NA,4551.0,NA,NA,1638.36,1087.82
493,kinnabulla,KINNABULLA_S2.2_P2121_R3,2024,2,215.5,218.10569999999998,Lentil,NA,NA,0.0,NA,NA,0.0,-433.60569999999996
494,kinnabulla,KINNABULLA_S2.2_P2121_R3,2025,3,191.0,356.3,Wheat,NA,NA,1951.5,NA,NA,702.54,155.23999999999995
495,kinnabulla,KINNABULLA_S9.2_P1231_R2,2023,1,193.5,273.72,vetch,NA,NA,3551.0,NA,NA,0.0,-467.22
496,kinnabulla,KINNABULLA_S9.2_P1231_R2,2024,2,193.5,231.75649999999996,Wheat,NA,NA,0.0,NA,NA,0.0,-425.25649999999996
497,kinnabulla,KINNABULLA_S9.2_P1231_R2,2025,3,182.5,255.3,Wheat,NA,NA,1754.97,NA,NA,631.7891999999999,193.98919999999993
498,kinnabulla,KINNABULLA_S6_P2341_R1,2023,1,180.0,317.53999999999996,wheat,NA,NA,5665.0,NA,NA,2039.4,1541.8600000000001
499,kinnabulla,KINNABULLA_S6_P2341_R1,2024,2,213.0,289.2565,Wheat,NA,NA,2608.49,NA,NA,939.0564,436.79990000000004
500,kinnabulla,KINNABULLA_S6_P2341_R1,2025,3,191.0,342.54200000000003,Wheat,NA,NA,1560.65,NA,NA,561.8340000000001,28.29200000000003
501,kinnabulla,KINNABULLA_S2.1_P2121_R2,2023,1,180.0,317.53999999999996,wheat,NA,NA,5367.0,NA,NA,1932.12,1434.58
502,kinnabulla,KINNABULLA_S2.1_P2121_R2,2024,2,215.5,218.10569999999998,Lentil,NA,NA,848.25,NA,NA,652.30425,218.69855000000004
503,kinnabulla,KINNABULLA_S2.1_P2121_R2,2025,3,191.0,308.8,Wheat,NA,NA,2523.6,NA,NA,908.496,408.69599999999997
504,kinnabulla,KINNABULLA_S8_P3123_R3,2023,1,180.0,317.54,wheat,NA,NA,5051.0,NA,NA,1818.36,1320.82
505,kinnabulla,KINNABULLA_S8_P3123_R3,2025,2,226.5,336.0145,Wheat,NA,NA,2194.03,NA,NA,789.8508,227.33630000000005
506,kinnabulla,KINNABULLA_S10_P2312_R3,2023,1,191.0,317.53999999999996,wheat,NA,NA,4628.0,NA,NA,1666.08,1157.54
507,kinnabulla,KINNABULLA_S10_P2312_R3,2024,2,202.0,262.25649999999996,Wheat,NA,NA,0.0,NA,NA,0.0,-464.25649999999996
508,kinnabulla,KINNABULLA_S10_P2312_R3,2025,3,163.0,111.95,Tillage radish,NA,NA,0.0,NA,NA,0.0,-274.95
509,kinnabulla,KINNABULLA_S5_P2121_R2,2023,1,191.0,307.53999999999996,barley,NA,NA,4535.0,NA,NA,1411.292,912.752
510,kinnabulla,KINNABULLA_S5_P2121_R2,2024,2,215.5,218.1057,Lentil,NA,NA,0.0,NA,NA,0.0,-433.6057
511,kinnabulla,KINNABULLA_S5_P2121_R2,2025,3,193.5,283.99047945205484,Barley,NA,NA,3243.11,NA,NA,1009.255832,531.7653525479452
512,kinnabulla,KINNABULLA_S10_P2312_R1,2023,1,191.0,317.53999999999996,wheat,NA,NA,5884.0,NA,NA,2118.24,1609.6999999999998
513,kinnabulla,KINNABULLA_S10_P2312_R1,2024,2,202.0,262.25649999999996,Wheat,NA,NA,2338.82,NA,NA,841.9752,377.7187
514,kinnabulla,KINNABULLA_S10_P2312_R1,2025,3,163.0,111.95,Tillage radish,NA,NA,0.0,NA,NA,0.0,-274.95
515,kinnabulla,KINNABULLA_S8_P3123_R1,2023,1,191.0,317.53999999999996,wheat,NA,NA,4969.0,NA,NA,1788.84,1280.3
516,kinnabulla,KINNABULLA_S8_P3123_R1,2025,2,226.5,336.0145,Wheat,NA,NA,2583.98,NA,NA,930.2328,367.7183
517,kinnabulla,KINNABULLA_S8_P2312_R3,2023,1,191.0,317.53999999999996,wheat,NA,NA,4379.0,NA,NA,1576.44,1067.9
518,kinnabulla,KINNABULLA_S8_P2312_R3,2024,2,202.0,272.25649999999996,Wheat,NA,NA,0.0,NA,NA,0.0,-474.25649999999996
519,kinnabulla,KINNABULLA_S2.2_P1212_R3,2023,1,204.5,280.27200000000005,lentil,NA,NA,1209.0,NA,NA,929.721,444.94899999999996
520,kinnabulla,KINNABULLA_S2.2_P1212_R3,2024,2,213.0,262.25649999999996,Wheat,NA,NA,0.0,NA,NA,0.0,-475.25649999999996
521,kinnabulla,KINNABULLA_S2.2_P1212_R3,2025,3,171.5,188.784,Lentil,NA,NA,0.0,NA,NA,0.0,-360.284
522,kinnabulla,KINNABULLA_S2.2_P1212_R3,2025,4,141.0,32.75,Field pea,NA,NA,289.51,NA,NA,132.59558,-41.15441999999999
523,kinnabulla,KINNABULLA_S1.3_P3123_R2,2023,1,191.0,359.53999999999996,wheat,NA,NA,5159.0,NA,NA,1857.24,1306.7
524,kinnabulla,KINNABULLA_S1.3_P3123_R2,2024,2,215.5,218.1057,Lentil,NA,NA,0.0,NA,NA,0.0,-433.6057
525,kinnabulla,KINNABULLA_S1.3_P3123_R2,2025,3,191.0,350.3,Wheat,NA,NA,1975.11,NA,NA,711.0396,169.73959999999994
526,kinnabulla,KINNABULLA_S14_P0000_R6,2023,1,169.0,479.1549315068493,canola,NA,NA,1488.0,NA,NA,1026.72,378.5650684931507
527,kinnabulla,KINNABULLA_S14_P0000_R6,2024,2,204.5,213.8645,Wheat,Field Peas,NA,0.0,NA,NA,0.0,-418.3645
528,kinnabulla,KINNABULLA_S14_P0000_R6,2025,3,193.5,329.86249999999995,Vetch,NA,NA,0.0,NA,NA,0.0,-523.3625
529,kinnabulla,KINNABULLA_S4_P4123_R2,2023,1,191.0,317.53999999999996,wheat,NA,NA,4872.0,NA,NA,1753.9199999999998,1245.3799999999999
530,kinnabulla,KINNABULLA_S4_P4123_R2,2024,2,204.5,218.1057,Lentil,NA,NA,0.0,NA,NA,0.0,-422.6057
531,kinnabulla,KINNABULLA_S4_P4123_R2,2025,3,193.5,355.025,Canola,NA,NA,0.0,NA,NA,0.0,-548.525
532,kinnabulla,KINNABULLA_S6_P3412_R2,2023,1,191.0,317.53999999999996,wheat,NA,NA,4981.0,NA,NA,1793.16,1284.6200000000001
533,kinnabulla,KINNABULLA_S6_P3412_R2,2024,2,202.0,250.2565,Wheat,NA,NA,1831.7,NA,NA,659.412,207.15550000000005
534,kinnabulla,KINNABULLA_S6_P3412_R2,2025,3,171.5,188.784,Lentil,NA,NA,0.0,NA,NA,0.0,-360.284
535,kinnabulla,KINNABULLA_S6_P3412_R2,2025,4,141.0,32.75,Field pea,NA,NA,233.34,NA,NA,106.86972,-66.88028
536,kinnabulla,KINNABULLA_S9.1_P1231_R2,2023,1,193.5,291.71999999999997,vetch,NA,NA,4347.0,NA,NA,0.0,-485.21999999999997
537,kinnabulla,KINNABULLA_S9.1_P1231_R2,2024,2,204.5,231.75649999999996,Wheat,NA,NA,0.0,NA,NA,0.0,-436.25649999999996
538,kinnabulla,KINNABULLA_S9.1_P1231_R2,2025,3,182.5,255.3,Wheat,NA,NA,1555.09,NA,NA,559.8323999999999,122.03239999999988
539,kinnabulla,KINNABULLA_S10_P3123_R3,2023,1,180.0,317.53999999999996,wheat,NA,NA,4953.0,NA,NA,1783.08,1285.54
540,kinnabulla,KINNABULLA_S10_P3123_R3,2024,2,193.5,267.5795,Tillage radish,NA,NA,0.0,NA,NA,0.0,-461.0795
541,kinnabulla,KINNABULLA_S10_P3123_R3,2025,3,191.0,308.3,Wheat,NA,NA,2151.37,NA,NA,774.4931999999999,275.1931999999999
542,kinnabulla,KINNABULLA_S12_P0000_R4,2023,1,180.0,479.15493150684927,canola,NA,NA,1670.0,NA,NA,1152.3,493.1450684931507
543,kinnabulla,KINNABULLA_S12_P0000_R4,2024,2,213.0,281.7565,Wheat,NA,NA,1509.56,NA,NA,543.4416,48.68509999999998
544,kinnabulla,KINNABULLA_S12_P0000_R4,2025,3,202.0,308.99047945205484,Barley,NA,NA,2876.42,NA,NA,895.141904,384.1514245479451
545,kinnabulla,KINNABULLA_S5_P1212_R3,2023,1,204.5,280.27200000000005,lentil,NA,NA,1479.0,NA,NA,1137.351,652.5790000000001
546,kinnabulla,KINNABULLA_S5_P1212_R3,2024,2,204.5,240.75649999999996,Barley,NA,NA,0.0,NA,NA,0.0,-445.25649999999996
547,kinnabulla,KINNABULLA_S5_P1212_R3,2025,3,171.5,188.784,Lentil,NA,NA,0.0,NA,NA,0.0,-360.284
548,kinnabulla,KINNABULLA_S5_P1212_R3,2025,4,141.0,32.75,Field pea,NA,NA,281.89,NA,NA,129.10562,-44.64438000000001
549,kinnabulla,KINNABULLA_S1.3_P2312_R2,2023,1,191.0,359.53999999999996,wheat,NA,NA,5210.0,NA,NA,1875.6,1325.06
550,kinnabulla,KINNABULLA_S1.3_P2312_R2,2024,2,204.5,231.75649999999996,Wheat,NA,NA,0.0,NA,NA,0.0,-436.25649999999996
551,kinnabulla,KINNABULLA_S1.3_P2312_R2,2025,3,171.5,188.784,Lentil,NA,NA,0.0,NA,NA,0.0,-360.284
552,kinnabulla,KINNABULLA_S1.3_P2312_R2,2025,4,141.0,32.75,Field pea,NA,NA,389.95,NA,NA,178.5971,4.847100000000012
553,kinnabulla,KINNABULLA_S9.1_P3123_R1,2023,1,182.5,189.04000000000002,wheat,NA,NA,4975.0,NA,NA,1791.0,1419.46
554,kinnabulla,KINNABULLA_S9.1_P3123_R1,2024,2,204.5,241.062,Vetch,NA,NA,2100.0,NA,NA,0.0,-445.562
555,kinnabulla,KINNABULLA_S9.1_P3123_R1,2025,3,191.0,274.8,Wheat,NA,NA,2739.02,NA,NA,986.0472,520.2472
556,kinnabulla,KINNABULLA_S1.3_P1231_R2,2023,1,215.5,280.27200000000005,lentil,NA,NA,1572.0,NA,NA,1208.868,713.0959999999999
557,kinnabulla,KINNABULLA_S1.3_P1231_R2,2024,2,213.0,270.75649999999996,Wheat,NA,NA,2669.57,NA,NA,961.0452,477.28870000000006
558,kinnabulla,KINNABULLA_S1.3_P1231_R2,2025,3,191.0,319.3,Wheat,NA,NA,1587.97,NA,NA,571.6691999999999,61.36919999999992
559,kinnabulla,KINNABULLA_S3_P2312_R1,2023,1,182.5,280.27200000000005,lentil,NA,NA,1669.0,NA,NA,1283.461,820.689
560,kinnabulla,KINNABULLA_S3_P2312_R1,2024,2,204.5,231.75649999999996,Wheat,NA,NA,3267.4,NA,NA,1176.264,740.0074999999999
561,kinnabulla,KINNABULLA_S3_P2312_R1,2025,3,171.5,188.784,Lentil,NA,NA,0.0,NA,NA,0.0,-360.284
562,kinnabulla,KINNABULLA_S3_P2312_R1,2025,4,141.0,32.75,Field pea,NA,NA,457.01,NA,NA,209.31058,35.56057999999999
563,kinnabulla,KINNABULLA_S11_P2312_R2,2023,1,191.0,317.53999999999996,wheat,NA,NA,5433.0,NA,NA,1955.88,1447.3400000000001
564,kinnabulla,KINNABULLA_S11_P2312_R2,2024,2,202.0,262.2565,Wheat,NA,NA,2379.12,NA,NA,856.4831999999999,392.2266999999999
565,kinnabulla,KINNABULLA_S11_P2312_R2,2025,3,204.5,358.55499999999995,Vetch,Tillage radish,NA,0.0,NA,NA,0.0,-563.055
566,kinnabulla,KINNABULLA_S14_P0000_R1,2023,1,169.0,479.1549315068493,canola,NA,NA,2104.0,NA,NA,1451.76,803.6050684931506
567,kinnabulla,KINNABULLA_S14_P0000_R1,2024,2,245.0765,213.8645,Wheat,Field Peas,NA,1623.06,NA,NA,584.3016,125.3606
568,kinnabulla,KINNABULLA_S14_P0000_R1,2025,3,193.5,329.8625,Vetch,NA,NA,0.0,NA,NA,0.0,-523.3625
569,kinnabulla,KINNABULLA_S5_P2121_R1,2023,1,191.0,307.53999999999996,barley,NA,NA,4860.0,NA,NA,1512.4319999999998,1013.8919999999998
570,kinnabulla,KINNABULLA_S5_P2121_R1,2024,2,215.5,218.10569999999998,Lentil,NA,NA,724.99,NA,NA,557.5173100000001,123.91161000000008
571,kinnabulla,KINNABULLA_S5_P2121_R1,2025,3,193.5,283.99047945205484,Barley,NA,NA,3133.58,NA,NA,975.170096,497.6796165479451
572,kinnabulla,KINNABULLA_S1.3_P2312_R3,2023,1,191.0,359.53999999999996,wheat,NA,NA,4358.0,NA,NA,1568.88,1018.3400000000001
573,kinnabulla,KINNABULLA_S1.3_P2312_R3,2024,2,204.5,231.7565,Wheat,NA,NA,0.0,NA,NA,0.0,-436.25649999999996
574,kinnabulla,KINNABULLA_S1.3_P2312_R3,2025,3,171.5,188.784,Lentil,NA,NA,0.0,NA,NA,0.0,-360.284
575,kinnabulla,KINNABULLA_S1.3_P2312_R3,2025,4,141.0,32.75,Field pea,NA,NA,307.94,NA,NA,141.03652,-32.713480000000004
576,kinnabulla,KINNABULLA_S12_P0000_R5,2023,1,169.0,479.15493150684927,canola,NA,NA,1395.0,NA,NA,962.55,314.3950684931507
577,kinnabulla,KINNABULLA_S12_P0000_R5,2024,2,213.0,281.75649999999996,Wheat,NA,NA,0.0,NA,NA,0.0,-494.75649999999996
578,kinnabulla,KINNABULLA_S12_P0000_R5,2025,3,202.0,308.99047945205484,Barley,NA,NA,2607.47,NA,NA,811.4446639999999,300.45418454794503
579,kinnabulla,KINNABULLA_S14_P0000_R4,2023,1,180.0,479.1549315068493,canola,NA,NA,1423.0,NA,NA,981.87,322.7150684931507
580,kinnabulla,KINNABULLA_S14_P0000_R4,2024,2,247.453,213.8645,Wheat,Field Peas,NA,1718.12,NA,NA,618.5232,157.2057
581,kinnabulla,KINNABULLA_S14_P0000_R4,2025,3,193.5,329.8625,Vetch,NA,NA,0.0,NA,NA,0.0,-523.3625
582,kinnabulla,KINNABULLA_S6_P1234_R2,2023,1,204.5,280.27200000000005,lentil,NA,NA,1462.0,NA,NA,1124.278,639.506
583,kinnabulla,KINNABULLA_S6_P1234_R2,2024,2,193.5,231.75649999999996,Wheat,NA,NA,0.0,NA,NA,0.0,-425.25649999999996
584,kinnabulla,KINNABULLA_S6_P1234_R2,2025,3,191.0,350.04200000000003,Wheat,NA,NA,1785.86,NA,NA,642.9096,101.86759999999992
585,kinnabulla,KINNABULLA_S2.2_P1212_R1,2023,1,204.5,280.27200000000005,lentil,NA,NA,1113.0,NA,NA,855.897,371.125
586,kinnabulla,KINNABULLA_S2.2_P1212_R1,2024,2,213.0,262.25649999999996,Wheat,NA,NA,2477.86,NA,NA,892.0296,416.7731
587,kinnabulla,KINNABULLA_S2.2_P1212_R1,2025,3,171.5,188.784,Lentil,NA,NA,0.0,NA,NA,0.0,-360.284
588,kinnabulla,KINNABULLA_S2.2_P1212_R1,2025,4,141.0,32.75,Field pea,NA,NA,320.93,NA,NA,146.98594,-26.76406
589,kinnabulla,KINNABULLA_S1.1_P3123_R1,2023,1,191.0,238.04000000000002,wheat,NA,NA,5173.0,NA,NA,1862.28,1433.24
590,kinnabulla,KINNABULLA_S1.1_P3123_R1,2024,2,204.5,218.1057,Lentil,NA,NA,660.43,NA,NA,507.87067,85.26497
591,kinnabulla,KINNABULLA_S1.1_P3123_R1,2025,3,191.0,299.3,Wheat,NA,NA,2289.93,NA,NA,824.3747999999999,334.0747999999999
592,kinnabulla,KINNABULLA_S3_P3123_R3,2023,1,191.0,317.53999999999996,wheat,NA,NA,4656.0,NA,NA,1676.16,1167.6200000000001
593,kinnabulla,KINNABULLA_S3_P3123_R3,2024,2,215.5,218.1057,Lentil,NA,NA,0.0,NA,NA,0.0,-433.6057
594,kinnabulla,KINNABULLA_S3_P3123_R3,2025,3,171.5,188.784,Lentil,NA,NA,0.0,NA,NA,0.0,-360.284
595,kinnabulla,KINNABULLA_S3_P3123_R3,2025,4,141.0,32.75,Field pea,NA,NA,227.81,NA,NA,104.33698,-69.41302
596,kinnabulla,KINNABULLA_S1.2_P3123_R2,2023,1,180.0,317.53999999999996,wheat,NA,NA,5018.0,NA,NA,1806.48,1308.94
597,kinnabulla,KINNABULLA_S1.2_P3123_R2,2024,2,215.5,218.1057,Lentil,NA,NA,0.0,NA,NA,0.0,-433.6057
598,kinnabulla,KINNABULLA_S1.2_P3123_R2,2025,3,191.0,300.8,Wheat,NA,NA,1841.48,NA,NA,662.9327999999999,171.13279999999992
599,kinnabulla,KINNABULLA_S3_P1231_R3,2023,1,193.5,280.27200000000005,lentil,NA,NA,1260.0,NA,NA,968.94,495.168
600,kinnabulla,KINNABULLA_S3_P1231_R3,2024,2,204.5,218.1057,Lentil,NA,NA,0.0,NA,NA,0.0,-422.6057
601,kinnabulla,KINNABULLA_S3_P1231_R3,2025,3,182.5,255.3,Wheat,NA,NA,2339.97,NA,NA,842.3891999999998,404.58919999999983
602,kinnabulla,KINNABULLA_S3_P2312_R2,2023,1,193.5,280.27200000000005,lentil,NA,NA,1438.0,NA,NA,1105.822,632.0499999999998
603,kinnabulla,KINNABULLA_S3_P2312_R2,2024,2,204.5,231.75649999999996,Wheat,NA,NA,2335.27,NA,NA,840.6972,404.4407
604,kinnabulla,KINNABULLA_S3_P2312_R2,2025,3,171.5,188.784,Lentil,NA,NA,0.0,NA,NA,0.0,-360.284
605,kinnabulla,KINNABULLA_S3_P2312_R2,2025,4,141.0,32.75,Field pea,NA,NA,264.64,NA,NA,121.20512,-52.544880000000006
606,kinnabulla,KINNABULLA_S11_P3123_R1,2023,1,191.0,317.53999999999996,wheat,NA,NA,6124.0,NA,NA,2204.64,1696.1
607,kinnabulla,KINNABULLA_S11_P3123_R1,2024,2,193.5,267.57949999999994,Tillage radish,Vetch,NA,0.0,NA,NA,0.0,-461.07949999999994
608,kinnabulla,KINNABULLA_S11_P3123_R1,2025,3,191.0,269.8,Wheat,NA,NA,2343.04,NA,NA,843.4943999999999,382.6943999999999
609,kinnabulla,KINNABULLA_S13_P0000_R4,2023,1,169.0,371.15493150684927,canola,NA,NA,1749.0,NA,NA,1206.81,666.6550684931507
610,kinnabulla,KINNABULLA_S13_P0000_R4,2024,2,213.0,229.36449999999996,Wheat,NA,NA,933.54,NA,NA,336.0744,-106.29009999999994
611,kinnabulla,KINNABULLA_S13_P0000_R4,2025,3,193.5,283.99047945205484,Barley,NA,NA,2386.53,NA,NA,742.688136,265.19765654794514
612,kinnabulla,KINNABULLA_S1.2_P1231_R1,2023,1,204.5,280.27200000000005,lentil,NA,NA,1654.0,NA,NA,1271.926,787.1539999999999
613,kinnabulla,KINNABULLA_S1.2_P1231_R1,2024,2,202.0,272.7565,Wheat,NA,NA,2999.26,NA,NA,1079.7336,604.9771000000001
614,kinnabulla,KINNABULLA_S1.2_P1231_R1,2025,3,182.5,255.3,Wheat,NA,NA,1891.26,NA,NA,680.8535999999999,243.0535999999999
615,kinnabulla,KINNABULLA_S4_P1234_R2,2023,1,204.5,280.27200000000005,lentil,NA,NA,1447.0,NA,NA,1112.743,627.9709999999999
616,kinnabulla,KINNABULLA_S4_P1234_R2,2024,2,193.5,246.55449999999996,Canola,NA,NA,0.0,NA,NA,0.0,-440.05449999999996
617,kinnabulla,KINNABULLA_S4_P1234_R2,2025,3,191.0,304.3,Wheat,NA,NA,1836.49,NA,NA,661.1364,165.83639999999997
618,kinnabulla,KINNABULLA_S7_P1111_R3,2023,1,191.0,317.53999999999996,wheat,NA,NA,4902.0,NA,NA,1764.72,1256.18
619,kinnabulla,KINNABULLA_S7_P1111_R3,2024,2,202.0,279.75649999999996,Wheat,NA,NA,0.0,NA,NA,0.0,-481.75649999999996
620,kinnabulla,KINNABULLA_S7_P1111_R3,2025,3,191.0,353.54200000000003,Wheat,NA,NA,1435.07,NA,NA,516.6252,-27.91680000000008
621,kinnabulla,KINNABULLA_S12_P0000_R3,2023,1,180.0,479.15493150684927,canola,NA,NA,2033.0,NA,NA,1402.77,743.6150684931507
622,kinnabulla,KINNABULLA_S12_P0000_R3,2024,2,202.0,281.7565,Wheat,NA,NA,2023.5,NA,NA,728.4599999999999,244.7034999999999
623,kinnabulla,KINNABULLA_S12_P0000_R3,2025,3,202.0,308.99047945205484,Barley,NA,NA,2744.65,NA,NA,854.13508,343.1446005479452
624,kinnabulla,KINNABULLA_S3_P3123_R1,2023,1,191.0,317.53999999999996,wheat,NA,NA,4904.0,NA,NA,1765.4399999999998,1256.8999999999999
625,kinnabulla,KINNABULLA_S3_P3123_R1,2024,2,215.5,218.1057,Lentil,NA,NA,623.35,NA,NA,479.35615,45.75045
626,kinnabulla,KINNABULLA_S3_P3123_R1,2025,3,171.5,188.784,Lentil,NA,NA,0.0,NA,NA,0.0,-360.284
627,kinnabulla,KINNABULLA_S3_P3123_R1,2025,4,141.0,32.75,Field pea,NA,NA,162.79,NA,NA,74.55781999999999,-99.19218000000001
628,kinnabulla,KINNABULLA_S2.1_P1212_R2,2023,1,204.5,280.27200000000005,lentil,NA,NA,1386.0,NA,NA,1065.834,581.062
629,kinnabulla,KINNABULLA_S2.1_P1212_R2,2024,2,204.5,231.75649999999996,Wheat,NA,NA,2574.87,NA,NA,926.9532,490.6967000000001
630,kinnabulla,KINNABULLA_S2.1_P1212_R2,2025,3,171.5,188.784,Lentil,NA,NA,0.0,NA,NA,0.0,-360.284
631,kinnabulla,KINNABULLA_S2.1_P1212_R2,2025,4,141.0,32.75,Field pea,NA,NA,271.7,NA,NA,124.4386,-49.311400000000006
632,kinnabulla,KINNABULLA_S2.2_P2121_R2,2023,1,191.0,359.53999999999996,wheat,NA,NA,5074.0,NA,NA,1826.64,1276.1000000000001
633,kinnabulla,KINNABULLA_S2.2_P2121_R2,2024,2,215.5,218.10569999999998,Lentil,NA,NA,719.25,NA,NA,553.10325,119.49755000000002
634,kinnabulla,KINNABULLA_S2.2_P2121_R2,2025,3,191.0,356.3,Wheat,NA,NA,1857.22,NA,NA,668.5992,121.29919999999998
635,kinnabulla,KINNABULLA_S2.1_P2121_R1,2023,1,191.0,317.53999999999996,wheat,NA,NA,5631.0,NA,NA,2027.16,1518.6200000000001
636,kinnabulla,KINNABULLA_S2.1_P2121_R1,2024,2,215.5,218.1057,Lentil,NA,NA,963.69,NA,NA,741.07761,307.47191000000004
637,kinnabulla,KINNABULLA_S2.1_P2121_R1,2025,3,191.0,308.8,Wheat,NA,NA,1867.02,NA,NA,672.1272,172.3272
638,kinnabulla,KINNABULLA_S6_P2341_R3,2023,1,191.0,317.53999999999996,wheat,NA,NA,4706.0,NA,NA,1694.16,1185.6200000000001
639,kinnabulla,KINNABULLA_S6_P2341_R3,2024,2,213.0,289.25649999999996,Wheat,NA,NA,0.0,NA,NA,0.0,-502.25649999999996
640,kinnabulla,KINNABULLA_S6_P2341_R3,2025,3,191.0,342.54200000000003,Wheat,NA,NA,1198.82,NA,NA,431.5752,-101.96680000000003
641,kinnabulla,KINNABULLA_S2.1_P1212_R3,2023,1,204.5,280.27200000000005,lentil,NA,NA,1237.0,NA,NA,951.253,466.481
642,kinnabulla,KINNABULLA_S2.1_P1212_R3,2024,2,204.5,231.7565,Wheat,NA,NA,0.0,NA,NA,0.0,-436.25649999999996
643,kinnabulla,KINNABULLA_S2.1_P1212_R3,2025,3,171.5,188.784,Lentil,NA,NA,0.0,NA,NA,0.0,-360.284
644,kinnabulla,KINNABULLA_S2.1_P1212_R3,2025,4,141.0,32.75,Field pea,NA,NA,348.84,NA,NA,159.76872,-13.981279999999998
645,kinnabulla,KINNABULLA_S1.3_P3123_R3,2023,1,191.0,359.53999999999996,wheat,NA,NA,4940.0,NA,NA,1778.4,1227.8600000000001
646,kinnabulla,KINNABULLA_S1.3_P3123_R3,2024,2,204.5,218.1057,Lentil,NA,NA,0.0,NA,NA,0.0,-422.6057
647,kinnabulla,KINNABULLA_S1.3_P3123_R3,2025,3,191.0,350.3,Wheat,NA,NA,2221.17,NA,NA,799.6212,258.32120000000003
648,kinnabulla,KINNABULLA_S12_P0000_R6,2023,1,180.0,479.15493150684927,canola,NA,NA,1619.0,NA,NA,1117.11,457.95506849315063
649,kinnabulla,KINNABULLA_S12_P0000_R6,2024,2,213.0,281.75649999999996,Wheat,NA,NA,0.0,NA,NA,0.0,-494.75649999999996
650,kinnabulla,KINNABULLA_S12_P0000_R6,2025,3,202.0,308.99047945205484,Barley,NA,NA,2287.61,NA,NA,711.904232,200.91375254794514
651,kinnabulla,KINNABULLA_S5_P1212_R1,2023,1,204.5,280.27200000000005,lentil,NA,NA,1250.0,NA,NA,961.25,476.47799999999995
652,kinnabulla,KINNABULLA_S5_P1212_R1,2024,2,204.5,240.7565,Barley,NA,NA,2815.53,NA,NA,876.192936,430.93643600000007
653,kinnabulla,KINNABULLA_S5_P1212_R1,2025,3,171.5,188.784,Lentil,NA,NA,0.0,NA,NA,0.0,-360.284
654,kinnabulla,KINNABULLA_S5_P1212_R1,2025,4,141.0,32.75,Field pea,NA,NA,238.11,NA,NA,109.05438,-64.69562
655,kinnabulla,KINNABULLA_S12_P0000_R7,2023,1,169.0,479.15493150684927,canola,NA,NA,1479.0,NA,NA,1020.51,372.3550684931507
656,kinnabulla,KINNABULLA_S12_P0000_R7,2024,2,213.0,281.75649999999996,Wheat,NA,NA,0.0,NA,NA,0.0,-494.75649999999996
657,kinnabulla,KINNABULLA_S12_P0000_R7,2025,3,202.0,308.99047945205484,Barley,NA,NA,2130.27,NA,NA,662.940024,151.94954454794515
658,kinnabulla,KINNABULLA_S11_P1231_R2,2023,1,297.9,236.87,tillage radish,vetch,NA,1761.0,2415.0,NA,0.0,-534.77
659,kinnabulla,KINNABULLA_S11_P1231_R2,2024,2,202.0,257.25649999999996,Wheat,NA,NA,2688.95,NA,NA,968.022,508.7655000000001
660,kinnabulla,KINNABULLA_S11_P1231_R2,2025,3,182.5,255.3,Wheat,NA,NA,1651.16,NA,NA,594.4176,156.61759999999998
661,kinnabulla,KINNABULLA_S6_P1234_R1,2023,1,204.5,280.27200000000005,lentil,NA,NA,1170.0,NA,NA,899.73,414.95799999999997
662,kinnabulla,KINNABULLA_S6_P1234_R1,2024,2,193.5,231.75649999999996,Wheat,NA,NA,2282.43,NA,NA,821.6747999999999,396.41829999999993
663,kinnabulla,KINNABULLA_S6_P1234_R1,2025,3,191.0,350.04200000000003,Wheat,NA,NA,1827.24,NA,NA,657.8063999999999,116.76439999999991
664,kinnabulla,KINNABULLA_S10_P1231_R3,2023,1,193.5,236.87,tillage radish,NA,NA,3557.0,NA,NA,0.0,-430.37
665,kinnabulla,KINNABULLA_S10_P1231_R3,2024,2,193.5,231.75649999999996,Wheat,NA,NA,0.0,NA,NA,0.0,-425.25649999999996
666,kinnabulla,KINNABULLA_S10_P1231_R3,2025,3,182.5,255.3,Wheat,NA,NA,1657.89,NA,NA,596.8404,159.04040000000003
667,kinnabulla,KINNABULLA_S13_P0000_R1,2023,1,169.0,371.15493150684927,canola,NA,NA,2139.0,NA,NA,1475.91,935.7550684931508
668,kinnabulla,KINNABULLA_S13_P0000_R1,2024,2,213.0,229.3645,Wheat,NA,NA,1587.15,NA,NA,571.374,129.00950000000003
669,kinnabulla,KINNABULLA_S13_P0000_R1,2025,3,193.5,283.99047945205484,Barley,NA,NA,2594.17,NA,NA,807.305704,329.81522454794515
670,kinnabulla,KINNABULLA_S13_P0000_R7,2023,1,180.0,371.15493150684927,canola,NA,NA,1404.0,NA,NA,968.76,417.6050684931507
671,kinnabulla,KINNABULLA_S13_P0000_R7,2024,2,213.0,229.36449999999996,Wheat,NA,NA,0.0,NA,NA,0.0,-442.36449999999996
672,kinnabulla,KINNABULLA_S13_P0000_R7,2025,3,193.5,283.99047945205484,Barley,NA,NA,2469.82,NA,NA,768.607984,291.11750454794515
673,kinnabulla,KINNABULLA_S4_P3412_R1,2023,1,191.0,317.53999999999996,wheat,NA,NA,5332.0,NA,NA,1919.52,1410.98
674,kinnabulla,KINNABULLA_S4_P3412_R1,2024,2,202.0,292.25649999999996,Wheat,NA,NA,2070.68,NA,NA,745.4447999999999,251.1882999999999
675,kinnabulla,KINNABULLA_S4_P3412_R1,2025,3,171.5,188.784,Lentil,NA,NA,0.0,NA,NA,0.0,-360.284
676,kinnabulla,KINNABULLA_S4_P3412_R1,2025,4,141.0,32.75,Field pea,NA,NA,427.15,NA,NA,195.6347,21.88470000000001
677,kinnabulla,KINNABULLA_S14_P0000_R3,2023,1,180.0,479.1549315068493,canola,NA,NA,2093.0,NA,NA,1444.1699999999998,785.0150684931505
678,kinnabulla,KINNABULLA_S14_P0000_R3,2024,2,249.06675,213.8645,Wheat,Field Peas,NA,1782.67,NA,NA,641.7612,178.82995000000003
679,kinnabulla,KINNABULLA_S14_P0000_R3,2025,3,193.5,329.8625,Vetch,NA,NA,0.0,NA,NA,0.0,-523.3625
680,kinnabulla,KINNABULLA_S8_P1231_R3,2024,1,237.5,317.8265,Wheat,NA,NA,0.0,NA,NA,0.0,-555.3265
681,kinnabulla,KINNABULLA_S8_P1231_R3,2025,2,191.0,272.8,Wheat,NA,NA,1816.49,NA,NA,653.9363999999999,190.13639999999992
682,kinnabulla,KINNABULLA_S11_P2312_R3,2023,1,180.0,317.54,wheat,NA,NA,4543.0,NA,NA,1635.48,1137.94
683,kinnabulla,KINNABULLA_S11_P2312_R3,2024,2,202.0,262.25649999999996,Wheat,NA,NA,0.0,NA,NA,0.0,-464.25649999999996
684,kinnabulla,KINNABULLA_S11_P2312_R3,2025,3,204.5,358.555,Vetch,Tillage radish,NA,0.0,NA,NA,0.0,-563.0550000000001
685,kinnabulla,KINNABULLA_S9.1_P3123_R2,2023,1,182.5,189.04000000000002,wheat,NA,NA,5084.0,NA,NA,1830.24,1458.7
686,kinnabulla,KINNABULLA_S9.1_P3123_R2,2024,2,193.5,241.06199999999995,Vetch,NA,NA,2400.0,NA,NA,0.0,-434.56199999999995
687,kinnabulla,KINNABULLA_S9.1_P3123_R2,2025,3,191.0,274.8,Wheat,NA,NA,2200.91,NA,NA,792.3276,326.52759999999995
688,kinnabulla,KINNABULLA_S9.2_P2312_R1,2023,1,182.5,189.04000000000002,wheat,NA,NA,5403.0,NA,NA,1945.08,1573.54
689,kinnabulla,KINNABULLA_S9.2_P2312_R1,2024,2,202.0,282.2565,Wheat,NA,NA,1976.33,NA,NA,711.4788,227.22229999999996
690,kinnabulla,KINNABULLA_S9.2_P2312_R1,2025,3,204.5,332.0375,Vetch,NA,NA,0.0,NA,NA,0.0,-536.5375
691,kinnabulla,KINNABULLA_S9.1_P2312_R3,2023,1,182.5,189.04000000000002,wheat,NA,NA,4856.0,NA,NA,1748.16,1376.6200000000001
692,kinnabulla,KINNABULLA_S9.1_P2312_R3,2024,2,213.0,291.75649999999996,Wheat,NA,NA,0.0,NA,NA,0.0,-504.75649999999996
693,kinnabulla,KINNABULLA_S9.1_P2312_R3,2025,3,204.5,332.03749999999997,Vetch,NA,NA,0.0,NA,NA,0.0,-536.5374999999999
694,kinnabulla,KINNABULLA_S9.1_P2312_R1,2023,1,171.5,189.04000000000002,wheat,NA,NA,5501.0,NA,NA,1980.36,1619.82
695,kinnabulla,KINNABULLA_S9.1_P2312_R1,2024,2,213.0,291.7565,Wheat,NA,NA,2542.41,NA,NA,915.2676,410.5111
696,kinnabulla,KINNABULLA_S9.1_P2312_R1,2025,3,204.5,332.0375,Vetch,NA,NA,0.0,NA,NA,0.0,-536.5375
697,kinnabulla,KINNABULLA_S9.2_P2312_R3,2023,1,182.5,189.04000000000002,wheat,NA,NA,5088.0,NA,NA,1831.68,1460.14
698,kinnabulla,KINNABULLA_S9.2_P2312_R3,2024,2,213.0,282.2565,Wheat,NA,NA,0.0,NA,NA,0.0,-495.2565
699,kinnabulla,KINNABULLA_S9.2_P2312_R3,2025,3,204.5,332.0375,Vetch,NA,NA,0.0,NA,NA,0.0,-536.5375
700,kinnabulla,KINNABULLA_S9.2_P3123_R3,2023,1,171.5,189.04000000000002,wheat,NA,NA,4805.0,NA,NA,1729.8,1369.26
701,kinnabulla,KINNABULLA_S9.2_P3123_R3,2024,2,204.5,241.062,Vetch,NA,NA,1300.0,NA,NA,0.0,-445.562
702,kinnabulla,KINNABULLA_S9.2_P3123_R3,2025,3,182.5,255.3,Wheat,NA,NA,1966.4,NA,NA,707.904,270.104
703,kinnabulla,KINNABULLA_S1.1_P2312_R2,2023,1,191.0,238.04000000000002,wheat,NA,NA,4665.0,NA,NA,1679.4,1250.3600000000001
704,kinnabulla,KINNABULLA_S1.1_P2312_R2,2024,2,202.0,334.25649999999996,Wheat,NA,NA,2013.91,NA,NA,725.0076,188.75110000000006
705,kinnabulla,KINNABULLA_S1.1_P2312_R2,2025,3,171.5,188.784,Lentil,NA,NA,0.0,NA,NA,0.0,-360.284
706,kinnabulla,KINNABULLA_S1.1_P2312_R2,2025,4,141.0,32.75,Field pea,NA,NA,317.34,NA,NA,145.34171999999998,-28.40828000000002
707,kinnabulla,KINNABULLA_S12_P0000_R2,2023,1,180.0,479.15493150684927,canola,NA,NA,1658.0,NA,NA,1144.02,484.8650684931507
708,kinnabulla,KINNABULLA_S12_P0000_R2,2024,2,202.0,281.7565,Wheat,NA,NA,1539.35,NA,NA,554.1659999999999,70.40949999999992
709,kinnabulla,KINNABULLA_S12_P0000_R2,2025,3,202.0,308.99047945205484,Barley,NA,NA,2357.99,NA,NA,733.8064879999998,222.816008547945
710,kinnabulla,KINNABULLA_S9.1_P1231_R1,2023,1,193.5,291.72,vetch,NA,NA,1911.0,NA,NA,0.0,-485.22
711,kinnabulla,KINNABULLA_S9.1_P1231_R1,2024,2,204.5,231.75649999999996,Wheat,NA,NA,2311.2,NA,NA,832.0319999999999,395.77549999999997
712,kinnabulla,KINNABULLA_S9.1_P1231_R1,2025,3,182.5,255.3,Wheat,NA,NA,1737.07,NA,NA,625.3452,187.54519999999997
713,kinnabulla,KINNABULLA_S14_P0000_R5,2023,1,180.0,479.1549315068493,canola,NA,NA,1619.0,NA,NA,1117.11,457.9550684931506
714,kinnabulla,KINNABULLA_S14_P0000_R5,2024,2,204.5,213.8645,Wheat,Field Peas,NA,0.0,NA,NA,0.0,-418.3645
715,kinnabulla,KINNABULLA_S14_P0000_R5,2025,3,193.5,329.86249999999995,Vetch,NA,NA,0.0,NA,NA,0.0,-523.3625
716,kinnabulla,KINNABULLA_S14_P0000_R9,2023,1,180.0,479.1549315068493,canola,NA,NA,1464.0,NA,NA,1010.16,351.00506849315065
717,kinnabulla,KINNABULLA_S14_P0000_R9,2024,2,193.5,213.8645,Wheat,Field Peas,NA,0.0,NA,NA,0.0,-407.3645
718,kinnabulla,KINNABULLA_S14_P0000_R9,2025,3,193.5,329.8625,Vetch,NA,NA,0.0,NA,NA,0.0,-523.3625
719,kinnabulla,KINNABULLA_S13_P0000_R5,2023,1,169.0,371.1549315068493,canola,NA,NA,1526.0,NA,NA,1052.9399999999998,512.7850684931504
720,kinnabulla,KINNABULLA_S13_P0000_R5,2024,2,202.0,229.36449999999996,Wheat,NA,NA,1676.43,NA,NA,603.5148,172.15030000000007
721,kinnabulla,KINNABULLA_S13_P0000_R5,2025,3,193.5,283.99047945205484,Barley,NA,NA,2734.13,NA,NA,850.861256,373.3707765479452
722,kinnabulla,KINNABULLA_S11_P1231_R3,2023,1,250.2,236.87,tillage radish,vetch,NA,1865.0,843.0,NA,0.0,-487.07
723,kinnabulla,KINNABULLA_S11_P1231_R3,2024,2,202.0,257.25649999999996,Wheat,NA,NA,0.0,NA,NA,0.0,-459.25649999999996
724,kinnabulla,KINNABULLA_S11_P1231_R3,2025,3,182.5,255.3,Wheat,NA,NA,1513.27,NA,NA,544.7772,106.97719999999998
725,kinnabulla,KINNABULLA_S13_P0000_R2,2023,1,169.0,371.15493150684927,canola,NA,NA,2066.0,NA,NA,1425.54,885.3850684931507
726,kinnabulla,KINNABULLA_S13_P0000_R2,2024,2,213.0,229.3645,Wheat,NA,NA,1643.63,NA,NA,591.7068,149.34230000000005
727,kinnabulla,KINNABULLA_S13_P0000_R2,2025,3,193.5,283.99047945205484,Barley,NA,NA,2456.6,NA,NA,764.4939199999999,287.00344054794505
728,kinnabulla,KINNABULLA_S1.2_P1231_R2,2023,1,204.5,280.27200000000005,lentil,NA,NA,1758.0,NA,NA,1351.902,867.13
729,kinnabulla,KINNABULLA_S1.2_P1231_R2,2024,2,202.0,272.75649999999996,Wheat,NA,NA,0.0,NA,NA,0.0,-474.75649999999996
730,kinnabulla,KINNABULLA_S1.2_P1231_R2,2025,3,182.5,255.3,Wheat,NA,NA,1613.95,NA,NA,581.022,143.22200000000004
731,kinnabulla,KINNABULLA_S1.1_P3123_R3,2023,1,191.0,238.04000000000002,wheat,NA,NA,4633.0,NA,NA,1667.88,1238.8400000000001
732,kinnabulla,KINNABULLA_S1.1_P3123_R3,2024,2,204.5,218.1057,Lentil,NA,NA,0.0,NA,NA,0.0,-422.6057
733,kinnabulla,KINNABULLA_S1.1_P3123_R3,2025,3,191.0,299.3,Wheat,NA,NA,1758.93,NA,NA,633.2148,142.91479999999996
734,kinnabulla,KINNABULLA_S8_P3123_R2,2023,1,191.0,317.53999999999996,wheat,NA,NA,4985.0,NA,NA,1794.6,1286.06
735,kinnabulla,KINNABULLA_S8_P3123_R2,2025,2,226.5,336.0145,Wheat,NA,NA,2330.33,NA,NA,838.9187999999999,276.4042999999999
736,kinnabulla,KINNABULLA_S7_P1111_R6,2023,1,191.0,317.53999999999996,wheat,NA,NA,5000.0,NA,NA,1800.0,1291.46
737,kinnabulla,KINNABULLA_S7_P1111_R6,2024,2,202.0,279.7565,Wheat,NA,NA,0.0,NA,NA,0.0,-481.7565
738,kinnabulla,KINNABULLA_S7_P1111_R6,2025,3,191.0,353.54200000000003,Wheat,NA,NA,1547.74,NA,NA,557.1863999999999,12.644399999999905
739,kinnabulla,KINNABULLA_S5_P2121_R3,2023,1,191.0,307.53999999999996,barley,NA,NA,4054.0,NA,NA,1261.6047999999998,763.0647999999999
740,kinnabulla,KINNABULLA_S5_P2121_R3,2024,2,204.5,218.1057,Lentil,NA,NA,0.0,NA,NA,0.0,-422.6057
741,kinnabulla,KINNABULLA_S5_P2121_R3,2025,3,193.5,283.99047945205484,Barley,NA,NA,2304.51,NA,NA,717.163512,239.67303254794513
742,kinnabulla,KINNABULLA_S1.2_P2312_R3,2023,1,191.0,317.53999999999996,wheat,NA,NA,4473.0,NA,NA,1610.28,1101.74
743,kinnabulla,KINNABULLA_S1.2_P2312_R3,2024,2,202.0,250.75649999999996,Wheat,NA,NA,0.0,NA,NA,0.0,-452.75649999999996
744,kinnabulla,KINNABULLA_S1.2_P2312_R3,2025,3,171.5,188.784,Lentil,NA,NA,0.0,NA,NA,0.0,-360.284
745,kinnabulla,KINNABULLA_S1.2_P2312_R3,2025,4,141.0,32.75,Field pea,NA,NA,346.46,NA,NA,158.67868,-15.071319999999986
746,kinnabulla,KINNABULLA_S14_P0000_R7,2023,1,180.0,479.1549315068493,canola,NA,NA,1311.0,NA,NA,904.59,245.4350684931507
747,kinnabulla,KINNABULLA_S14_P0000_R7,2024,2,204.5,213.8645,Wheat,Field Peas,NA,0.0,NA,NA,0.0,-418.3645
748,kinnabulla,KINNABULLA_S14_P0000_R7,2025,3,193.5,329.86249999999995,Vetch,NA,NA,0.0,NA,NA,0.0,-523.3625
749,kinnabulla,KINNABULLA_S2.1_P2121_R3,2023,1,180.0,317.53999999999996,wheat,NA,NA,4656.0,NA,NA,1676.16,1178.6200000000001
750,kinnabulla,KINNABULLA_S2.1_P2121_R3,2024,2,215.5,218.1057,Lentil,NA,NA,0.0,NA,NA,0.0,-433.6057
751,kinnabulla,KINNABULLA_S2.1_P2121_R3,2025,3,191.0,308.8,Wheat,NA,NA,0.0,NA,NA,0.0,-499.8
752,kinnabulla,KINNABULLA_S1.1_P1231_R2,2023,1,215.5,280.27200000000005,lentil,NA,NA,1619.0,NA,NA,1245.011,749.2389999999999
753,kinnabulla,KINNABULLA_S1.1_P1231_R2,2024,2,202.0,303.75649999999996,Wheat,NA,NA,0.0,NA,NA,0.0,-505.75649999999996
754,kinnabulla,KINNABULLA_S1.1_P1231_R2,2025,3,191.0,329.3,Wheat,NA,NA,1730.82,NA,NA,623.0952,102.79519999999997
755,kinnabulla,KINNABULLA_S1.2_P2312_R2,2023,1,191.0,317.53999999999996,wheat,NA,NA,5070.0,NA,NA,1825.2,1316.66
756,kinnabulla,KINNABULLA_S1.2_P2312_R2,2024,2,213.0,250.75649999999996,Wheat,NA,NA,2027.77,NA,NA,729.9972,266.24070000000006
757,kinnabulla,KINNABULLA_S1.2_P2312_R2,2025,3,171.5,188.784,Lentil,NA,NA,0.0,NA,NA,0.0,-360.284
758,kinnabulla,KINNABULLA_S1.2_P2312_R2,2025,4,141.0,32.75,Field pea,NA,NA,263.98,NA,NA,120.90284,-52.84716
759,kinnabulla,KINNABULLA_S7_P1111_R4,2023,1,191.0,317.53999999999996,wheat,NA,NA,5229.0,NA,NA,1882.44,1373.9
760,kinnabulla,KINNABULLA_S7_P1111_R4,2024,2,202.0,279.75649999999996,Wheat,NA,NA,0.0,NA,NA,0.0,-481.75649999999996
761,kinnabulla,KINNABULLA_S7_P1111_R4,2025,3,191.0,353.54200000000003,Wheat,NA,NA,1693.29,NA,NA,609.5844,65.04239999999993
762,kinnabulla,KINNABULLA_S1.1_P3123_R2,2023,1,191.0,238.04000000000002,wheat,NA,NA,4633.0,NA,NA,1667.88,1238.8400000000001
763,kinnabulla,KINNABULLA_S1.1_P3123_R2,2024,2,204.5,218.10569999999998,Lentil,NA,NA,647.33,NA,NA,497.79677,75.19107
764,kinnabulla,KINNABULLA_S1.1_P3123_R2,2025,3,191.0,299.3,Wheat,NA,NA,2400.96,NA,NA,864.3456,374.0456
765,kinnabulla,KINNABULLA_S1.2_P1231_R3,2023,1,193.5,280.27200000000005,lentil,NA,NA,1540.0,NA,NA,1184.26,710.4879999999999
766,kinnabulla,KINNABULLA_S1.2_P1231_R3,2024,2,202.0,272.7565,Wheat,NA,NA,0.0,NA,NA,0.0,-474.7565
767,kinnabulla,KINNABULLA_S1.2_P1231_R3,2025,3,182.5,255.3,Wheat,NA,NA,1593.98,NA,NA,573.8328,136.0328
768,kinnabulla,KINNABULLA_S11_P3123_R3,2023,1,191.0,317.53999999999996,wheat,NA,NA,3837.0,NA,NA,1381.32,872.78
769,kinnabulla,KINNABULLA_S11_P3123_R3,2024,2,243.5,267.5795,Tillage radish,Vetch,NA,2000.0,NA,NA,0.0,-511.0795
770,kinnabulla,KINNABULLA_S11_P3123_R3,2025,3,191.0,269.8,Wheat,NA,NA,2214.68,NA,NA,797.2847999999999,336.4847999999999
771,kinnabulla,KINNABULLA_S4_P2341_R3,2023,1,169.0,479.1549315068493,canola,NA,NA,1609.0,NA,NA,1110.2099999999998,462.0550684931505
772,kinnabulla,KINNABULLA_S4_P2341_R3,2024,2,213.0,331.75649999999996,Wheat,NA,NA,0.0,NA,NA,0.0,-544.7565
773,kinnabulla,KINNABULLA_S4_P2341_R3,2025,3,182.5,255.3,Wheat,NA,NA,1367.44,NA,NA,492.2784,54.478399999999965
774,kinnabulla,KINNABULLA_S6_P4123_R1,2023,1,191.0,317.53999999999996,wheat,NA,NA,5775.0,NA,NA,2079.0,1570.46
775,kinnabulla,KINNABULLA_S6_P4123_R1,2024,2,204.5,218.10569999999998,Lentil,NA,NA,1003.06,NA,NA,771.3531399999999,348.74744
776,kinnabulla,KINNABULLA_S6_P4123_R1,2025,3,191.0,370.04200000000003,Wheat,NA,NA,2352.85,NA,NA,847.026,285.9839999999999
777,kinnabulla,KINNABULLA_S1.2_P3123_R3,2023,1,191.0,317.53999999999996,wheat,NA,NA,4363.0,NA,NA,1570.6799999999998,1062.1399999999999
778,kinnabulla,KINNABULLA_S1.2_P3123_R3,2024,2,215.5,218.1057,Lentil,NA,NA,0.0,NA,NA,0.0,-433.6057
779,kinnabulla,KINNABULLA_S1.2_P3123_R3,2025,3,191.0,300.8,Wheat,NA,NA,2216.42,NA,NA,797.9112,306.1112
780,kinnabulla,KINNABULLA_S3_P1231_R2,2023,1,204.5,280.27200000000005,lentil,NA,NA,1348.0,NA,NA,1036.612,551.84
781,kinnabulla,KINNABULLA_S3_P1231_R2,2024,2,204.5,218.10569999999998,Lentil,NA,NA,667.56,NA,NA,513.3536399999999,90.74793999999994
782,kinnabulla,KINNABULLA_S3_P1231_R2,2025,3,182.5,255.3,Wheat,NA,NA,2553.49,NA,NA,919.2564,481.4564
783,kinnabulla,KINNABULLA_S4_P1234_R1,2023,1,193.5,280.27200000000005,lentil,NA,NA,1186.0,NA,NA,912.034,438.26199999999994
784,kinnabulla,KINNABULLA_S4_P1234_R1,2024,2,204.5,246.5545,Canola,NA,NA,116.28,NA,NA,80.2332,-370.8213
785,kinnabulla,KINNABULLA_S4_P1234_R1,2025,3,191.0,304.3,Wheat,NA,NA,2043.89,NA,NA,735.8004,240.50039999999996
786,kinnabulla,KINNABULLA_S6_P4123_R2,2023,1,180.0,317.54,wheat,NA,NA,5302.0,NA,NA,1908.72,1411.18
787,kinnabulla,KINNABULLA_S6_P4123_R2,2024,2,204.5,218.10569999999998,Lentil,NA,NA,767.94,NA,NA,590.5458600000001,167.94016000000008
788,kinnabulla,KINNABULLA_S6_P4123_R2,2025,3,191.0,370.04200000000003,Wheat,NA,NA,2238.27,NA,NA,805.7772,244.73519999999996
789,kinnabulla,KINNABULLA_S6_P4123_R3,2023,1,180.0,317.54,wheat,NA,NA,4423.0,NA,NA,1592.28,1094.74
790,kinnabulla,KINNABULLA_S6_P4123_R3,2024,2,204.5,218.10569999999998,Lentil,NA,NA,0.0,NA,NA,0.0,-422.60569999999996
791,kinnabulla,KINNABULLA_S6_P4123_R3,2025,3,191.0,370.04200000000003,Wheat,NA,NA,2271.05,NA,NA,817.5780000000001,256.53600000000006
792,kinnabulla,KINNABULLA_S2.2_P1212_R2,2023,1,193.5,280.27200000000005,lentil,NA,NA,1721.0,NA,NA,1323.449,849.677
793,kinnabulla,KINNABULLA_S2.2_P1212_R2,2024,2,213.0,262.25649999999996,Wheat,NA,NA,2599.97,NA,NA,935.9892,460.7327
794,kinnabulla,KINNABULLA_S2.2_P1212_R2,2025,3,171.5,188.784,Lentil,NA,NA,0.0,NA,NA,0.0,-360.284
795,kinnabulla,KINNABULLA_S2.2_P1212_R2,2025,4,141.0,32.75,Field pea,NA,NA,294.0,NA,NA,134.65200000000002,-39.097999999999985
796,kinnabulla,KINNABULLA_S14_P0000_R8,2023,1,169.0,479.15493150684927,canola,NA,NA,1485.0,NA,NA,1024.65,376.4950684931508
797,kinnabulla,KINNABULLA_S14_P0000_R8,2024,2,204.5,213.8645,Wheat,Field Peas,NA,0.0,NA,NA,0.0,-418.3645
798,kinnabulla,KINNABULLA_S14_P0000_R8,2025,3,193.5,329.86249999999995,Vetch,NA,NA,0.0,NA,NA,0.0,-523.3625
799,kinnabulla,KINNABULLA_S6_P3412_R3,2023,1,191.0,317.53999999999996,wheat,NA,NA,4624.0,NA,NA,1664.64,1156.1000000000001
800,kinnabulla,KINNABULLA_S6_P3412_R3,2024,2,202.0,250.2565,Wheat,NA,NA,0.0,NA,NA,0.0,-452.25649999999996
801,kinnabulla,KINNABULLA_S6_P3412_R3,2025,3,171.5,188.784,Lentil,NA,NA,0.0,NA,NA,0.0,-360.284
802,kinnabulla,KINNABULLA_S6_P3412_R3,2025,4,141.0,32.75,Field pea,NA,NA,206.35,NA,NA,94.5083,-79.2417
803,kinnabulla,KINNABULLA_S11_P2312_R1,2023,1,169.0,317.54,wheat,NA,NA,4729.0,NA,NA,1702.4399999999998,1215.8999999999999
804,kinnabulla,KINNABULLA_S11_P2312_R1,2024,2,202.0,262.2565,Wheat,NA,NA,1956.47,NA,NA,704.3292,240.0727
805,kinnabulla,KINNABULLA_S11_P2312_R1,2025,3,204.5,358.555,Vetch,Tillage radish,NA,0.0,NA,NA,0.0,-563.0550000000001
806,kinnabulla,KINNABULLA_S1.2_P3123_R1,2023,1,191.0,317.53999999999996,wheat,NA,NA,5705.0,NA,NA,2053.8,1545.2600000000002
807,kinnabulla,KINNABULLA_S1.2_P3123_R1,2024,2,215.5,218.10569999999998,Lentil,NA,NA,949.41,NA,NA,730.09629,296.49059
808,kinnabulla,KINNABULLA_S1.2_P3123_R1,2025,3,191.0,300.8,Wheat,NA,NA,2397.64,NA,NA,863.1503999999999,371.35039999999987
809,kinnabulla,KINNABULLA_S3_P3123_R2,2023,1,180.0,317.54,wheat,NA,NA,4651.0,NA,NA,1674.36,1176.82
810,kinnabulla,KINNABULLA_S3_P3123_R2,2024,2,204.5,218.10569999999998,Lentil,NA,NA,0.0,NA,NA,0.0,-422.60569999999996
811,kinnabulla,KINNABULLA_S3_P3123_R2,2025,3,171.5,188.784,Lentil,NA,NA,0.0,NA,NA,0.0,-360.284
812,kinnabulla,KINNABULLA_S3_P3123_R2,2025,4,141.0,32.75,Field pea,NA,NA,213.11,NA,NA,97.60438,-76.14562
813,kinnabulla,KINNABULLA_S7_P1111_R1,2023,1,180.0,317.54,wheat,NA,NA,5346.0,NA,NA,1924.56,1427.02
814,kinnabulla,KINNABULLA_S7_P1111_R1,2024,2,202.0,279.7565,Wheat,NA,NA,2052.27,NA,NA,738.8172,257.06069999999994
815,kinnabulla,KINNABULLA_S7_P1111_R1,2025,3,191.0,353.54200000000003,Wheat,NA,NA,1860.47,NA,NA,669.7692,125.22719999999993
816,kinnabulla,KINNABULLA_S1.2_P2312_R1,2023,1,180.0,317.54,wheat,NA,NA,5177.0,NA,NA,1863.72,1366.18
817,kinnabulla,KINNABULLA_S1.2_P2312_R1,2024,2,202.0,250.7565,Wheat,NA,NA,1986.26,NA,NA,715.0536,262.2971
818,kinnabulla,KINNABULLA_S1.2_P2312_R1,2025,3,171.5,188.784,Lentil,NA,NA,0.0,NA,NA,0.0,-360.284
819,kinnabulla,KINNABULLA_S1.2_P2312_R1,2025,4,141.0,32.75,Field pea,NA,NA,380.55,NA,NA,174.2919,0.5418999999999983
820,kinnabulla,KINNABULLA_S3_P1231_R1,2023,1,193.5,280.27200000000005,lentil,NA,NA,1254.0,NA,NA,964.326,490.554
821,kinnabulla,KINNABULLA_S3_P1231_R1,2024,2,204.5,218.1057,Lentil,NA,NA,402.78,NA,NA,309.73782,-112.86788000000001
822,kinnabulla,KINNABULLA_S3_P1231_R1,2025,3,182.5,255.3,Wheat,NA,NA,2220.77,NA,NA,799.4771999999999,361.6771999999999
823,kinnabulla,KINNABULLA_S14_P0000_R2,2023,1,169.0,479.1549315068493,canola,NA,NA,1933.0,NA,NA,1333.77,685.6150684931506
824,kinnabulla,KINNABULLA_S14_P0000_R2,2024,2,253.1635,213.8645,Wheat,Field Peas,NA,1946.54,NA,NA,700.7543999999999,233.72639999999993
825,kinnabulla,KINNABULLA_S14_P0000_R2,2025,3,193.5,329.8625,Vetch,NA,NA,0.0,NA,NA,0.0,-523.3625
826,kinnabulla,KINNABULLA_S7_P1111_R5,2023,1,191.0,317.53999999999996,wheat,NA,NA,5042.0,NA,NA,1815.12,1306.58
827,kinnabulla,KINNABULLA_S7_P1111_R5,2024,2,213.0,279.7565,Wheat,NA,NA,0.0,NA,NA,0.0,-492.7565
828,kinnabulla,KINNABULLA_S7_P1111_R5,2025,3,191.0,353.54200000000003,Wheat,NA,NA,1414.14,NA,NA,509.0904000000001,-35.45159999999993
829,kinnabulla,KINNABULLA_S1.3_P3123_R1,2023,1,191.0,359.53999999999996,wheat,NA,NA,5649.0,NA,NA,2033.64,1483.1000000000001
830,kinnabulla,KINNABULLA_S1.3_P3123_R1,2024,2,215.5,218.1057,Lentil,NA,NA,749.81,NA,NA,576.60389,142.99818999999997
831,kinnabulla,KINNABULLA_S1.3_P3123_R1,2025,3,191.0,350.3,Wheat,NA,NA,2547.61,NA,NA,917.1396,375.83959999999996
832,kinnabulla,KINNABULLA_S9.2_P3123_R2,2023,1,182.5,189.04000000000002,wheat,NA,NA,4995.0,NA,NA,1798.2,1426.66
833,kinnabulla,KINNABULLA_S9.2_P3123_R2,2024,2,204.5,241.06199999999998,Vetch,NA,NA,1000.0,NA,NA,0.0,-445.562
834,kinnabulla,KINNABULLA_S9.2_P3123_R2,2025,3,182.5,255.3,Wheat,NA,NA,1871.93,NA,NA,673.8948,236.09480000000002
835,kinnabulla,KINNABULLA_S9.2_P1231_R3,2023,1,204.5,273.72,vetch,NA,NA,2706.0,NA,NA,0.0,-478.22
836,kinnabulla,KINNABULLA_S9.2_P1231_R3,2024,2,193.5,231.75649999999996,Wheat,NA,NA,0.0,NA,NA,0.0,-425.25649999999996
837,kinnabulla,KINNABULLA_S9.2_P1231_R3,2025,3,182.5,255.3,Wheat,NA,NA,1693.02,NA,NA,609.4871999999999,171.6871999999999
838,kinnabulla,KINNABULLA_S6_P1234_R3,2023,1,193.5,280.27200000000005,lentil,NA,NA,1550.0,NA,NA,1191.95,718.178
839,kinnabulla,KINNABULLA_S6_P1234_R3,2024,2,204.5,231.7565,Wheat,NA,NA,0.0,NA,NA,0.0,-436.25649999999996
840,kinnabulla,KINNABULLA_S6_P1234_R3,2025,3,191.0,350.04200000000003,Wheat,NA,NA,1550.93,NA,NA,558.3348,17.292799999999943
841,kinnabulla,KINNABULLA_S4_P4123_R3,2023,1,191.0,317.53999999999996,wheat,NA,NA,4255.0,NA,NA,1531.8,1023.26
842,kinnabulla,KINNABULLA_S4_P4123_R3,2024,2,215.5,218.1057,Lentil,NA,NA,0.0,NA,NA,0.0,-433.6057
843,kinnabulla,KINNABULLA_S4_P4123_R3,2025,3,193.5,355.025,Canola,NA,NA,0.0,NA,NA,0.0,-548.525
844,kinnabulla,KINNABULLA_S10_P2312_R2,2023,1,191.0,317.53999999999996,wheat,NA,NA,4764.0,NA,NA,1715.04,1206.5
845,kinnabulla,KINNABULLA_S10_P2312_R2,2024,2,202.0,262.25649999999996,Wheat,NA,NA,0.0,NA,NA,0.0,-464.25649999999996
846,kinnabulla,KINNABULLA_S10_P2312_R2,2025,3,163.0,111.95,Tillage radish,NA,NA,0.0,NA,NA,0.0,-274.95
847,kinnabulla,KINNABULLA_S10_P1231_R1,2023,1,193.5,236.87,tillage radish,NA,NA,6600.0,NA,NA,0.0,-430.37
848,kinnabulla,KINNABULLA_S10_P1231_R1,2024,2,204.5,231.75649999999996,Wheat,NA,NA,2378.33,NA,NA,856.1987999999999,419.94229999999993
849,kinnabulla,KINNABULLA_S10_P1231_R1,2025,3,182.5,255.3,Wheat,NA,NA,1805.2,NA,NA,649.872,212.07199999999995
850,kinnabulla,KINNABULLA_S7_P1111_R2,2023,1,180.0,317.53999999999996,wheat,NA,NA,5716.0,NA,NA,2057.76,1560.2200000000003
851,kinnabulla,KINNABULLA_S7_P1111_R2,2024,2,202.0,279.7565,Wheat,NA,NA,2254.41,NA,NA,811.5876,329.83109999999994
852,kinnabulla,KINNABULLA_S7_P1111_R2,2025,3,191.0,353.54200000000003,Wheat,NA,NA,1623.16,NA,NA,584.3376,39.79559999999992
853,kinnabulla,KINNABULLA_S2.1_P1212_R1,2023,1,215.5,280.27200000000005,lentil,NA,NA,1306.0,NA,NA,1004.314,508.5419999999999
854,kinnabulla,KINNABULLA_S2.1_P1212_R1,2024,2,204.5,231.75649999999996,Wheat,NA,NA,2353.72,NA,NA,847.3391999999999,411.08269999999993
855,kinnabulla,KINNABULLA_S2.1_P1212_R1,2025,3,171.5,188.784,Lentil,NA,NA,0.0,NA,NA,0.0,-360.284
856,kinnabulla,KINNABULLA_S2.1_P1212_R1,2025,4,141.0,32.75,Field pea,NA,NA,281.89,NA,NA,129.10562,-44.64438000000001
857,kinnabulla,KINNABULLA_S8_P2312_R2,2023,1,191.0,317.53999999999996,wheat,NA,NA,4989.0,NA,NA,1796.04,1287.5
858,kinnabulla,KINNABULLA_S8_P2312_R2,2024,2,202.0,272.25649999999996,Wheat,NA,NA,2002.68,NA,NA,720.9648,246.7083
859,kinnabulla,KINNABULLA_S1.1_P1231_R1,2023,1,193.5,280.27200000000005,lentil,NA,NA,1179.0,NA,NA,906.651,432.8789999999999
860,kinnabulla,KINNABULLA_S1.1_P1231_R1,2024,2,202.0,303.75649999999996,Wheat,NA,NA,2162.55,NA,NA,778.518,272.76150000000007
861,kinnabulla,KINNABULLA_S1.1_P1231_R1,2025,3,191.0,329.3,Wheat,NA,NA,1547.22,NA,NA,556.9992,36.69919999999996
862,kinnabulla,KINNABULLA_S10_P1231_R2,2023,1,182.5,236.87,tillage radish,NA,NA,4740.0,NA,NA,0.0,-419.37
863,kinnabulla,KINNABULLA_S10_P1231_R2,2024,2,193.5,231.75649999999996,Wheat,NA,NA,0.0,NA,NA,0.0,-425.25649999999996
864,kinnabulla,KINNABULLA_S10_P1231_R2,2025,3,182.5,255.3,Wheat,NA,NA,1876.84,NA,NA,675.6623999999999,237.86239999999992
865,kinnabulla,KINNABULLA_S4_P3412_R2,2023,1,191.0,317.53999999999996,wheat,NA,NA,4999.0,NA,NA,1799.64,1291.1000000000001
866,kinnabulla,KINNABULLA_S4_P3412_R2,2024,2,213.0,292.25649999999996,Wheat,NA,NA,0.0,NA,NA,0.0,-505.25649999999996
867,kinnabulla,KINNABULLA_S4_P3412_R2,2025,3,171.5,188.784,Lentil,NA,NA,0.0,NA,NA,0.0,-360.284
868,kinnabulla,KINNABULLA_S4_P3412_R2,2025,4,141.0,32.75,Field pea,NA,NA,170.86,NA,NA,78.25388000000001,-95.49611999999999
869,kinnabulla,KINNABULLA_S4_P3412_R3,2023,1,191.0,317.53999999999996,wheat,NA,NA,4772.0,NA,NA,1717.9199999999998,1209.3799999999999
870,kinnabulla,KINNABULLA_S4_P3412_R3,2024,2,213.0,292.25649999999996,Wheat,NA,NA,0.0,NA,NA,0.0,-505.25649999999996
871,kinnabulla,KINNABULLA_S4_P3412_R3,2025,3,171.5,188.784,Lentil,NA,NA,0.0,NA,NA,0.0,-360.284
872,kinnabulla,KINNABULLA_S4_P3412_R3,2025,4,141.0,32.75,Field pea,NA,NA,290.12,NA,NA,132.87496000000002,-40.875039999999984
873,kinnabulla,KINNABULLA_S9.2_P3123_R1,2023,1,182.5,189.04000000000002,wheat,NA,NA,5760.0,NA,NA,2073.6,1702.06
874,kinnabulla,KINNABULLA_S9.2_P3123_R1,2024,2,204.5,241.06199999999998,Vetch,NA,NA,1300.0,NA,NA,0.0,-445.562
875,kinnabulla,KINNABULLA_S9.2_P3123_R1,2025,3,182.5,255.3,Wheat,NA,NA,2358.69,NA,NA,849.1283999999999,411.32839999999993
876,kinnabulla,KINNABULLA_S10_P3123_R1,2023,1,191.0,317.53999999999996,wheat,NA,NA,5888.0,NA,NA,2119.68,1611.1399999999999
877,kinnabulla,KINNABULLA_S10_P3123_R1,2024,2,193.5,267.5795,Tillage radish,NA,NA,0.0,NA,NA,0.0,-461.0795
878,kinnabulla,KINNABULLA_S10_P3123_R1,2025,3,191.0,308.3,Wheat,NA,NA,2605.6,NA,NA,938.016,438.71599999999995
879,kinnabulla,KINNABULLA_S13_P0000_R9,2023,1,169.0,371.1549315068493,canola,NA,NA,1465.0,NA,NA,1010.85,470.6950684931507
880,kinnabulla,KINNABULLA_S13_P0000_R9,2024,2,213.0,229.36449999999996,Wheat,NA,NA,0.0,NA,NA,0.0,-442.36449999999996
881,kinnabulla,KINNABULLA_S13_P0000_R9,2025,3,193.5,283.9904794520548,Barley,NA,NA,2495.97,NA,NA,776.7458639999999,299.2553845479451
882,kinnabulla,KINNABULLA_S5_P1212_R2,2023,1,215.5,280.27200000000005,lentil,NA,NA,1358.0,NA,NA,1044.302,548.5299999999999
883,kinnabulla,KINNABULLA_S5_P1212_R2,2024,2,193.5,240.7565,Barley,NA,NA,2333.86,NA,NA,726.297232,292.04073200000005
884,kinnabulla,KINNABULLA_S5_P1212_R2,2025,3,171.5,188.784,Lentil,NA,NA,0.0,NA,NA,0.0,-360.284
885,kinnabulla,KINNABULLA_S5_P1212_R2,2025,4,141.0,32.75,Field pea,NA,NA,277.28,NA,NA,126.99424,-46.755759999999995
886,kinnabulla,KINNABULLA_S1.3_P1231_R1,2023,1,215.5,280.27200000000005,lentil,NA,NA,945.0,NA,NA,726.705,230.933
887,kinnabulla,KINNABULLA_S1.3_P1231_R1,2024,2,213.0,270.7565,Wheat,NA,NA,2333.86,NA,NA,840.1896,356.4331
888,kinnabulla,KINNABULLA_S1.3_P1231_R1,2025,3,191.0,319.3,Wheat,NA,NA,1804.33,NA,NA,649.5587999999999,139.2587999999999
889,kinnabulla,KINNABULLA_S6_P3412_R1,2023,1,191.0,317.53999999999996,wheat,NA,NA,4735.0,NA,NA,1704.6,1196.06
890,kinnabulla,KINNABULLA_S6_P3412_R1,2024,2,213.0,250.2565,Wheat,NA,NA,2045.85,NA,NA,736.506,273.2495
891,kinnabulla,KINNABULLA_S6_P3412_R1,2025,3,171.5,188.784,Lentil,NA,NA,0.0,NA,NA,0.0,-360.284
892,kinnabulla,KINNABULLA_S6_P3412_R1,2025,4,141.0,32.75,Field pea,NA,NA,296.4,NA,NA,135.75119999999998,-37.99880000000002
893,kinnabulla,KINNABULLA_S1.1_P2312_R1,2023,1,191.0,238.04000000000002,wheat,NA,NA,5237.0,NA,NA,1885.32,1456.28
894,kinnabulla,KINNABULLA_S1.1_P2312_R1,2024,2,202.0,334.25649999999996,Wheat,NA,NA,2529.07,NA,NA,910.4652,374.2087
895,kinnabulla,KINNABULLA_S1.1_P2312_R1,2025,3,171.5,188.784,Lentil,NA,NA,0.0,NA,NA,0.0,-360.284
896,kinnabulla,KINNABULLA_S1.1_P2312_R1,2025,4,141.0,32.75,Field pea,NA,NA,216.75,NA,NA,99.2715,-74.4785
897,kinnabulla,KINNABULLA_S4_P2341_R1,2023,1,169.0,479.15493150684927,canola,NA,NA,1733.0,NA,NA,1195.77,547.6150684931507
898,kinnabulla,KINNABULLA_S4_P2341_R1,2024,2,213.0,331.75649999999996,Wheat,NA,NA,1497.09,NA,NA,538.9523999999999,-5.804100000000062
899,kinnabulla,KINNABULLA_S4_P2341_R1,2025,3,182.5,255.3,Wheat,NA,NA,1916.84,NA,NA,690.0623999999999,252.2623999999999
900,kinnabulla,KINNABULLA_S9.2_P2312_R2,2023,1,171.5,189.04000000000002,wheat,NA,NA,5121.0,NA,NA,1843.56,1483.02
901,kinnabulla,KINNABULLA_S9.2_P2312_R2,2024,2,213.0,282.25649999999996,Wheat,NA,NA,0.0,NA,NA,0.0,-495.25649999999996
902,kinnabulla,KINNABULLA_S9.2_P2312_R2,2025,3,204.5,332.0375,Vetch,NA,NA,0.0,NA,NA,0.0,-536.5375
903,kinnabulla,KINNABULLA_S1.1_P2312_R3,2023,1,191.0,238.04000000000002,wheat,NA,NA,4698.0,NA,NA,1691.28,1262.24
904,kinnabulla,KINNABULLA_S1.1_P2312_R3,2024,2,213.0,334.25649999999996,Wheat,NA,NA,0.0,NA,NA,0.0,-547.2565
905,kinnabulla,KINNABULLA_S1.1_P2312_R3,2025,3,171.5,188.784,Lentil,NA,NA,0.0,NA,NA,0.0,-360.284
906,kinnabulla,KINNABULLA_S1.1_P2312_R3,2025,4,141.0,32.75,Field pea,NA,NA,342.88,NA,NA,157.03904,-16.71096
907,kinnabulla,KINNABULLA_S6_P2341_R2,2023,1,191.0,317.53999999999996,wheat,NA,NA,4926.0,NA,NA,1773.36,1264.82
908,kinnabulla,KINNABULLA_S6_P2341_R2,2024,2,213.0,289.2565,Wheat,NA,NA,1986.26,NA,NA,715.0536,212.79709999999994
909,kinnabulla,KINNABULLA_S6_P2341_R2,2025,3,191.0,342.54200000000003,Wheat,NA,NA,1534.88,NA,NA,552.5568000000001,19.014800000000037
910,kinnabulla,KINNABULLA_S13_P0000_R3,2023,1,169.0,371.15493150684927,canola,NA,NA,1635.0,NA,NA,1128.15,587.9950684931508
911,kinnabulla,KINNABULLA_S13_P0000_R3,2024,2,213.0,229.3645,Wheat,NA,NA,982.98,NA,NA,353.8728,-88.49170000000001
912,kinnabulla,KINNABULLA_S13_P0000_R3,2025,3,193.5,283.99047945205484,Barley,NA,NA,2859.77,NA,NA,889.9604239999999,412.46994454794503
913,kinnabulla,KINNABULLA_S13_P0000_R6,2023,1,169.0,371.15493150684927,canola,NA,NA,1438.0,NA,NA,992.22,452.06506849315076
914,kinnabulla,KINNABULLA_S13_P0000_R6,2024,2,213.0,229.36449999999996,Wheat,NA,NA,0.0,NA,NA,0.0,-442.36449999999996
915,kinnabulla,KINNABULLA_S13_P0000_R6,2025,3,193.5,283.99047945205484,Barley,NA,NA,2653.13,NA,NA,825.654056,348.1635765479451
916,kinnabulla,KINNABULLA_S11_P3123_R2,2023,1,191.0,317.53999999999996,wheat,NA,NA,4811.0,NA,NA,1731.96,1223.42
917,kinnabulla,KINNABULLA_S11_P3123_R2,2024,2,254.5,267.57949999999994,Tillage radish,Vetch,NA,2000.0,NA,NA,0.0,-522.0794999999999
918,kinnabulla,KINNABULLA_S11_P3123_R2,2025,3,191.0,269.8,Wheat,NA,NA,2297.1,NA,NA,826.9559999999999,366.1559999999999
919,kinnabulla,KINNABULLA_S8_P1231_R2,2024,1,237.5,317.8265,Wheat,NA,NA,2133.18,NA,NA,767.9447999999999,212.61829999999986
920,kinnabulla,KINNABULLA_S8_P1231_R2,2025,2,191.0,272.8,Wheat,NA,NA,1682.2,NA,NA,605.592,141.79199999999997
921,kinnabulla,KINNABULLA_S1.1_P1231_R3,2023,1,204.5,280.27200000000005,lentil,NA,NA,1414.0,NA,NA,1087.366,602.5939999999999
922,kinnabulla,KINNABULLA_S1.1_P1231_R3,2024,2,202.0,303.75649999999996,Wheat,NA,NA,0.0,NA,NA,0.0,-505.75649999999996
923,kinnabulla,KINNABULLA_S1.1_P1231_R3,2025,3,191.0,329.3,Wheat,NA,NA,1749.1,NA,NA,629.6759999999999,109.37599999999992
924,kinnabulla,KINNABULLA_S2.2_P2121_R1,2023,1,191.0,359.53999999999996,wheat,NA,NA,5126.0,NA,NA,1845.36,1294.82
925,kinnabulla,KINNABULLA_S2.2_P2121_R1,2024,2,215.5,218.1057,Lentil,NA,NA,537.04,NA,NA,412.98376,-20.621939999999995
926,kinnabulla,KINNABULLA_S2.2_P2121_R1,2025,3,191.0,356.3,Wheat,NA,NA,2316.09,NA,NA,833.7924,286.49240000000003
927,kinnabulla,KINNABULLA_S9.2_P1231_R1,2023,1,193.5,273.72,vetch,NA,NA,2601.0,NA,NA,0.0,-467.22
928,kinnabulla,KINNABULLA_S9.2_P1231_R1,2024,2,193.5,231.75649999999996,Wheat,NA,NA,2451.55,NA,NA,882.558,457.30150000000003
929,kinnabulla,KINNABULLA_S9.2_P1231_R1,2025,3,182.5,255.3,Wheat,NA,NA,1599.43,NA,NA,575.7948,137.9948
930,roseworthy,ROSEWORTHY_S8_P0121_R1,2024,1,182.5,205.15499999999997,Lentil,NA,NA,819.1592419,NA,NA,629.9334570211,242.27845702110005
931,roseworthy,ROSEWORTHY_S8_P0121_R1,2025,2,199.5,208.46939999999998,Canola,NA,NA,1301.3,0.0,NA,897.8969999999999,489.9276
932,roseworthy,ROSEWORTHY_S2_P2121_R2,2023,1,268.0,592.1894,durum,NA,NA,3622.0,NA,NA,1727.694,867.5046
933,roseworthy,ROSEWORTHY_S2_P2121_R2,2024,2,193.5,289.15500000000003,Lentil,NA,NA,1027.153223,NA,NA,789.880828487,307.225828487
934,roseworthy,ROSEWORTHY_S2_P2121_R2,2025,3,210.5,806.7444,Durum wheat,NA,NA,3052.43,0.0,NA,1456.00911,438.7647099999999
935,roseworthy,ROSEWORTHY_S5_P0000_R3,2023,1,263.0,695.1294,canola,NA,NA,1587.0,NA,NA,1095.03,136.90059999999994
936,roseworthy,ROSEWORTHY_S5_P0000_R3,2024,2,193.5,249.936,Wheat,NA,NA,1721.2753,NA,NA,619.659108,176.22310799999994
937,roseworthy,ROSEWORTHY_S5_P0000_R3,2025,3,210.5,227.5694,Canola,NA,NA,2401.3,0.0,NA,1656.897,1218.8275999999998
938,roseworthy,ROSEWORTHY_S3_P2121_R3,2023,1,257.0,592.1894,durum,NA,NA,2270.0,NA,NA,1082.79,233.6006
939,roseworthy,ROSEWORTHY_S3_P2121_R3,2024,2,193.5,298.45500000000004,Vetch,NA,NA,0.0,NA,NA,0.0,-491.95500000000004
940,roseworthy,ROSEWORTHY_S3_P2121_R3,2025,3,210.5,776.0944000000001,Durum wheat,NA,NA,1853.93,0.0,NA,884.32461,-102.26979000000006
941,roseworthy,ROSEWORTHY_S1.1_P2312_R2,2023,1,268.0,592.1894,wheat,NA,NA,5104.0,NA,NA,1837.44,977.2506000000001
942,roseworthy,ROSEWORTHY_S1.1_P2312_R2,2024,2,191.0,299.93600000000004,Barley,NA,NA,1522.301299,NA,NA,473.7401642488,-17.195835751200036
943,roseworthy,ROSEWORTHY_S1.1_P2312_R2,2025,3,193.5,187.41940000000002,Lentil,NA,NA,2424.24,0.0,NA,1864.24056,1483.32116
944,roseworthy,ROSEWORTHY_S7_P0000_R1,2023,1,257.0,675.5094,durum,NA,NA,3288.0,NA,NA,1568.376,635.8666
945,roseworthy,ROSEWORTHY_S7_P0000_R1,2024,2,193.5,402.88599999999997,Barley,NA,NA,2207.692597,NA,NA,687.0339361864,90.64793618639999
946,roseworthy,ROSEWORTHY_S7_P0000_R1,2025,3,185.0,127.04440000000001,Lentil,NA,NA,2795.3,0.0,NA,2149.5857,1837.5413
947,roseworthy,ROSEWORTHY_S8_P0121_R2,2024,1,182.5,205.15499999999997,Lentil,NA,NA,781.0964306,NA,NA,600.6631551314,213.00815513140003
948,roseworthy,ROSEWORTHY_S8_P0121_R2,2025,2,199.5,208.46939999999998,Canola,NA,NA,1099.07,0.0,NA,758.3582999999999,350.3888999999999
949,roseworthy,ROSEWORTHY_S1.1_P1231_R3,2023,1,281.5,597.5044,lentil,NA,NA,1799.0,NA,NA,1383.431,504.4266
950,roseworthy,ROSEWORTHY_S1.1_P1231_R3,2024,2,202.0,299.93600000000004,Wheat,NA,NA,1991.272616,NA,NA,716.85814176,214.92214175999993
951,roseworthy,ROSEWORTHY_S1.1_P1231_R3,2025,3,210.5,810.2444,Barley,NA,NA,4063.67,0.0,NA,1264.614104,243.86970399999996
952,roseworthy,ROSEWORTHY_S1.2_P1231_R1,2023,1,281.5,597.5044,lentil,NA,NA,1621.0,NA,NA,1246.549,367.54459999999995
953,roseworthy,ROSEWORTHY_S1.2_P1231_R1,2024,2,191.0,289.93600000000004,Wheat,NA,NA,2514.7697,NA,NA,905.317092,424.38109199999997
954,roseworthy,ROSEWORTHY_S1.2_P1231_R1,2025,3,210.5,749.2444,Barley,NA,NA,4288.39,0.0,NA,1334.546968,374.80256800000006
955,roseworthy,ROSEWORTHY_S1.1_P3123_R2,2023,1,268.0,592.1894,barley,NA,NA,5447.0,NA,NA,1695.1064,834.9169999999999
956,roseworthy,ROSEWORTHY_S1.1_P3123_R2,2024,2,182.5,289.15500000000003,Lentil,NA,NA,455.4766276,NA,NA,350.2615266244,-121.39347337560002
957,roseworthy,ROSEWORTHY_S1.1_P3123_R2,2025,3,210.5,810.2444,Wheat,NA,NA,4569.29,0.0,NA,1644.9444,624.2
958,roseworthy,ROSEWORTHY_S1.1_P2312_R3,2023,1,268.0,592.1894,wheat,NA,NA,4659.0,NA,NA,1677.24,817.0506
959,roseworthy,ROSEWORTHY_S1.1_P2312_R3,2024,2,191.0,299.93600000000004,Barley,NA,NA,617.6518386,NA,NA,192.21325217232,-298.72274782768
960,roseworthy,ROSEWORTHY_S1.1_P2312_R3,2025,3,193.5,187.41940000000002,Lentil,NA,NA,1731.6,0.0,NA,1331.6004,950.681
961,roseworthy,ROSEWORTHY_S4_P1231_R1,2023,1,330.525,579.2794,canola,fieldpea,NA,951.0,1450.0,NA,1320.29,410.4856
962,roseworthy,ROSEWORTHY_S4_P1231_R1,2024,2,219.45653937999998,249.85500000000002,Wheat,Lentil,NA,1426.589818,51.6717572,NA,553.3079157668,83.99637638679997
963,roseworthy,ROSEWORTHY_S4_P1231_R1,2025,3,258.608,132.3944,Barley,Faba bean,NA,2008.07,596.25,NA,908.130134,517.127734
964,roseworthy,ROSEWORTHY_S5_P0000_R1,2023,1,274.0,695.1294,canola,NA,NA,2031.0,NA,NA,1401.39,432.26060000000007
965,roseworthy,ROSEWORTHY_S5_P0000_R1,2024,2,182.5,249.936,Wheat,NA,NA,1998.62387,NA,NA,719.5045931999999,287.0685931999999
966,roseworthy,ROSEWORTHY_S5_P0000_R1,2025,3,210.5,227.5694,Canola,NA,NA,1687.4,0.0,NA,1164.306,726.2366000000001
967,roseworthy,ROSEWORTHY_S6_P0000_R3,2023,1,279.0,592.1894,wheat,NA,NA,3493.0,NA,NA,1257.48,386.29060000000004
968,roseworthy,ROSEWORTHY_S6_P0000_R3,2024,2,202.0,258.456,Barley,NA,NA,2.568529201,NA,NA,0.7993262873511999,-459.65667371264885
969,roseworthy,ROSEWORTHY_S6_P0000_R3,2025,3,193.5,187.41940000000002,Lentil,NA,NA,1434.8,0.0,NA,1103.3612,722.4418000000001
970,roseworthy,ROSEWORTHY_S1.2_P2312_R3,2023,1,268.0,592.1894,wheat,NA,NA,3754.0,NA,NA,1351.44,491.2506000000001
971,roseworthy,ROSEWORTHY_S1.2_P2312_R3,2024,2,202.0,289.93600000000004,Barley,NA,NA,505.830062,NA,NA,157.41431529439998,-334.5216847056
972,roseworthy,ROSEWORTHY_S1.2_P2312_R3,2025,3,193.5,187.41940000000002,Lentil,NA,NA,2275.8,0.0,NA,1750.0902,1369.1708
973,roseworthy,ROSEWORTHY_S4_P3123_R1,2023,1,365.2,558.6094,barley,fababean,NA,3668.0,560.0,NA,1407.4815999999998,483.67219999999975
974,roseworthy,ROSEWORTHY_S4_P3123_R1,2024,2,224.257062345,267.18,Canola,Field Pea,NA,954.4021304,275.8803634,NA,784.8906764132,293.4536140682
975,roseworthy,ROSEWORTHY_S4_P3123_R1,2025,3,302.6375,208.84139999999996,Wheat,Lentil,NA,4364.61,0.89,NA,1571.94401,1060.4651099999999
976,roseworthy,ROSEWORTHY_S2_P2121_R1,2023,1,268.0,592.1894,durum,NA,NA,3394.0,NA,NA,1618.938,758.7486000000001
977,roseworthy,ROSEWORTHY_S2_P2121_R1,2024,2,193.5,289.15500000000003,Lentil,NA,NA,1024.675325,NA,NA,787.975324925,305.32032492499997
978,roseworthy,ROSEWORTHY_S2_P2121_R1,2025,3,210.5,806.7444,Durum wheat,NA,NA,3239.7,0.0,NA,1545.3368999999998,528.0924999999997
979,roseworthy,ROSEWORTHY_S2_P1212_R3,2023,1,281.5,597.5044,lentil,NA,NA,1572.0,NA,NA,1208.868,329.8635999999999
980,roseworthy,ROSEWORTHY_S2_P1212_R3,2024,2,202.0,289.93600000000004,Wheat,NA,NA,1901.376475,NA,NA,684.495531,192.559531
981,roseworthy,ROSEWORTHY_S2_P1212_R3,2025,3,193.5,187.41940000000002,Lentil,NA,NA,1200.0,0.0,NA,922.8,541.8806
982,roseworthy,ROSEWORTHY_S1.2_P2312_R1,2023,1,257.0,592.1894,wheat,NA,NA,5590.0,NA,NA,2012.4,1163.2106
983,roseworthy,ROSEWORTHY_S1.2_P2312_R1,2024,2,191.0,289.93600000000004,Barley,NA,NA,2168.05411,NA,NA,674.698439032,193.76243903199997
984,roseworthy,ROSEWORTHY_S1.2_P2312_R1,2025,3,193.5,187.41940000000002,Lentil,NA,NA,2572.67,0.0,NA,1978.38323,1597.46383
985,roseworthy,ROSEWORTHY_S4_P2312_R2,2023,1,351.825,627.0764,wheat,lentil,NA,3184.0,509.0,NA,1537.661,558.7596
986,roseworthy,ROSEWORTHY_S4_P2312_R2,2024,2,216.3249453565,232.98000000000002,Barley,Faba Bean,NA,1312.518549,40.47926526,NA,427.6834234473,-21.6215219092
987,roseworthy,ROSEWORTHY_S4_P2312_R2,2025,3,247.3635,144.5444,Canola,Field pea,NA,1851.14,303.4,NA,1416.2438,1024.3359
988,roseworthy,ROSEWORTHY_S4_P2312_R3,2023,1,359.9,627.0764,wheat,lentil,NA,3499.0,517.0,NA,1657.213,670.2366000000001
989,roseworthy,ROSEWORTHY_S4_P2312_R3,2024,2,218.664808241,232.98000000000002,Barley,Faba Bean,NA,1419.594828,26.99750164,NA,454.6017237525999,2.9569155115999024
990,roseworthy,ROSEWORTHY_S4_P2312_R3,2025,3,237.70225,144.5444,Canola,Field pea,NA,1505.53,262.56,NA,1159.06818,776.8215299999999
991,roseworthy,ROSEWORTHY_S2_P1212_R2,2023,1,281.5,597.5044,lentil,NA,NA,1460.0,NA,NA,1122.74,243.73559999999998
992,roseworthy,ROSEWORTHY_S2_P1212_R2,2024,2,191.0,289.93600000000004,Wheat,NA,NA,1626.125553,NA,NA,585.40519908,104.46919907999995
993,roseworthy,ROSEWORTHY_S2_P1212_R2,2025,3,193.5,187.41940000000002,Lentil,NA,NA,1113.17,0.0,NA,856.02773,475.10833
994,roseworthy,ROSEWORTHY_S3_P2121_R2,2023,1,257.0,592.1894,durum,NA,NA,4139.0,NA,NA,1974.303,1125.1136000000001
995,roseworthy,ROSEWORTHY_S3_P2121_R2,2024,2,193.5,298.45500000000004,Vetch,NA,NA,0.0,NA,NA,0.0,-491.95500000000004
996,roseworthy,ROSEWORTHY_S3_P2121_R2,2025,3,210.5,776.0944000000001,Durum wheat,NA,NA,2902.62,0.0,NA,1384.54974,397.95533999999986
997,roseworthy,ROSEWORTHY_S8_P0212_R1,2024,1,180.0,231.98,Canola,NA,NA,281.232493,NA,NA,194.05042017,-217.92957983
998,roseworthy,ROSEWORTHY_S8_P0212_R1,2025,2,171.5,119.8944,Lentil,NA,NA,1682.13,0.0,NA,1293.55797,1002.16357
999,roseworthy,ROSEWORTHY_S1.1_P3123_R1,2023,1,268.0,592.1894,barley,NA,NA,5260.0,NA,NA,1636.9119999999998,776.7225999999998
1000,roseworthy,ROSEWORTHY_S1.1_P3123_R1,2024,2,182.5,289.15500000000003,Lentil,NA,NA,1073.082918,NA,NA,825.2007639420001,353.54576394200006
1001,roseworthy,ROSEWORTHY_S1.1_P3123_R1,2025,3,210.5,810.2444,Wheat,NA,NA,4194.76,0.0,NA,1510.1136,489.36919999999986
1002,roseworthy,ROSEWORTHY_S1.2_P1231_R3,2023,1,270.5,597.5044,lentil,NA,NA,1479.0,NA,NA,1137.351,269.3466000000001
1003,roseworthy,ROSEWORTHY_S1.2_P1231_R3,2024,2,191.0,289.93600000000004,Wheat,NA,NA,1517.05563,NA,NA,546.1400268,65.20402679999995
1004,roseworthy,ROSEWORTHY_S1.2_P1231_R3,2025,3,210.5,749.2444,Barley,NA,NA,4250.94,0.0,NA,1322.892528,363.14812800000004
1005,roseworthy,ROSEWORTHY_S1.2_P2312_R2,2023,1,257.0,592.1894,wheat,NA,NA,5613.0,NA,NA,2020.68,1171.4906
1006,roseworthy,ROSEWORTHY_S1.2_P2312_R2,2024,2,202.0,289.93600000000004,Barley,NA,NA,1349.467718,NA,NA,419.9543538416,-71.98164615840005
1007,roseworthy,ROSEWORTHY_S1.2_P2312_R2,2025,3,193.5,187.41940000000002,Lentil,NA,NA,3215.83,0.0,NA,2472.97327,2092.0538699999997
1008,roseworthy,ROSEWORTHY_S1.2_P1231_R2,2023,1,281.5,597.5044,lentil,NA,NA,1521.0,NA,NA,1169.649,290.64459999999985
1009,roseworthy,ROSEWORTHY_S1.2_P1231_R2,2024,2,191.0,289.93600000000004,Wheat,NA,NA,2127.111145,NA,NA,765.7600121999999,284.82401219999986
1010,roseworthy,ROSEWORTHY_S1.2_P1231_R2,2025,3,210.5,749.2444,Barley,NA,NA,4569.29,0.0,NA,1421.9630479999998,462.2186479999998
1011,roseworthy,ROSEWORTHY_S1.1_P1231_R2,2023,1,270.5,597.5044,lentil,NA,NA,1118.0,NA,NA,859.7420000000001,-8.262399999999957
1012,roseworthy,ROSEWORTHY_S1.1_P1231_R2,2024,2,191.0,299.93600000000004,Wheat,NA,NA,1880.223392,NA,NA,676.88042112,185.94442112000002
1013,roseworthy,ROSEWORTHY_S1.1_P1231_R2,2025,3,210.5,810.2444,Barley,NA,NA,4119.85,0.0,NA,1282.09732,261.35292000000004
1014,roseworthy,ROSEWORTHY_S4_P3123_R3,2023,1,366.625,558.6094,barley,fababean,NA,3853.0,432.0,NA,1404.2536,479.01919999999996
1015,roseworthy,ROSEWORTHY_S4_P3123_R3,2024,2,213.23923865275,267.18,Canola,Field Pea,NA,713.4773054,76.09224071,NA,527.1495869711799,46.73034831842989
1016,roseworthy,ROSEWORTHY_S4_P3123_R3,2025,3,305.6865,208.84139999999996,Wheat,Lentil,NA,4486.21,1.25,NA,1615.99685,1101.46895
1017,roseworthy,ROSEWORTHY_S1.2_P3123_R2,2023,1,268.0,592.1894,barley,NA,NA,5141.0,NA,NA,1599.8792,739.6898000000001
1018,roseworthy,ROSEWORTHY_S1.2_P3123_R2,2024,2,193.5,289.15500000000003,Lentil,NA,NA,998.2770728,NA,NA,767.6750689832,285.0200689832
1019,roseworthy,ROSEWORTHY_S1.2_P3123_R2,2025,3,210.5,809.8944,Wheat,NA,NA,4176.03,0.0,NA,1503.3708,482.9763999999999
1020,roseworthy,ROSEWORTHY_S8_P0121_R3,2024,1,182.5,205.15499999999997,Lentil,NA,NA,1006.529272,NA,NA,774.021010168,386.366010168
1021,roseworthy,ROSEWORTHY_S8_P0121_R3,2025,2,199.5,208.46939999999998,Canola,NA,NA,2139.07,0.0,NA,1475.9583,1067.9889
1022,roseworthy,ROSEWORTHY_S4_P1231_R2,2023,1,328.85,579.2794,canola,fieldpea,NA,578.0,1756.0,NA,1203.068,294.93859999999995
1023,roseworthy,ROSEWORTHY_S4_P1231_R2,2024,2,225.08516899724998,249.85500000000002,Wheat,Lentil,NA,1681.372549,22.03421089,NA,622.23842581441,147.29825681716
1024,roseworthy,ROSEWORTHY_S4_P1231_R2,2025,3,246.67424999999997,132.3944,Barley,Faba bean,NA,1814.35,312.62,NA,713.1202199999999,334.05156999999997
1025,roseworthy,ROSEWORTHY_S3_P1212_R2,2023,1,259.5,576.9044,vetch,NA,NA,5710.0,NA,NA,0.0,-836.4044
1026,roseworthy,ROSEWORTHY_S3_P1212_R2,2024,2,182.5,249.936,Wheat,NA,NA,2112.562229,NA,NA,760.5224024400001,328.08640244000003
1027,roseworthy,ROSEWORTHY_S3_P1212_R2,2025,3,193.5,198.8194,Vetch,NA,NA,0.0,0.0,NA,0.0,-392.3194
1028,roseworthy,ROSEWORTHY_S6_P0000_R2,2023,1,257.0,592.1894,wheat,NA,NA,5306.0,NA,NA,1910.16,1060.9706
1029,roseworthy,ROSEWORTHY_S6_P0000_R2,2024,2,202.0,258.456,Barley,NA,NA,10.81680468,NA,NA,3.366189616416,-457.089810383584
1030,roseworthy,ROSEWORTHY_S6_P0000_R2,2025,3,193.5,187.41940000000002,Lentil,NA,NA,1508.97,0.0,NA,1160.39793,779.4785300000001
1031,roseworthy,ROSEWORTHY_S8_P0212_R2,2024,1,180.0,231.98,Canola,NA,NA,351.0925845,NA,NA,242.253883305,-169.726116695
1032,roseworthy,ROSEWORTHY_S8_P0212_R2,2025,2,171.5,119.8944,Lentil,NA,NA,1335.81,0.0,NA,1027.23789,735.8434900000001
1033,roseworthy,ROSEWORTHY_S7_P0000_R2,2023,1,257.0,675.5094,durum,NA,NA,3575.0,NA,NA,1705.275,772.7656000000001
1034,roseworthy,ROSEWORTHY_S7_P0000_R2,2024,2,193.5,402.88599999999997,Barley,NA,NA,1334.787504,NA,NA,415.3858712448,-181.00012875519997
1035,roseworthy,ROSEWORTHY_S7_P0000_R2,2025,3,185.0,127.04440000000001,Lentil,NA,NA,2671.61,0.0,NA,2054.4680900000003,1742.4236900000003
1036,roseworthy,ROSEWORTHY_S3_P2121_R1,2023,1,268.0,592.1894,durum,NA,NA,3678.0,NA,NA,1754.406,894.2166
1037,roseworthy,ROSEWORTHY_S3_P2121_R1,2024,2,193.5,298.45500000000004,Vetch,NA,NA,0.0,NA,NA,0.0,-491.95500000000004
1038,roseworthy,ROSEWORTHY_S3_P2121_R1,2025,3,210.5,776.0944000000001,Durum wheat,NA,NA,2921.35,0.0,NA,1393.4839499999998,406.88954999999976
1039,roseworthy,ROSEWORTHY_S1.1_P2312_R1,2023,1,268.0,592.1894,wheat,NA,NA,5023.0,NA,NA,1808.28,948.0906
1040,roseworthy,ROSEWORTHY_S1.1_P2312_R1,2024,2,191.0,299.93600000000004,Barley,NA,NA,906.0226177,NA,NA,281.95423862824,-208.98176137176006
1041,roseworthy,ROSEWORTHY_S1.1_P2312_R1,2025,3,193.5,187.41940000000002,Lentil,NA,NA,1855.29,0.0,NA,1426.71801,1045.79861
1042,roseworthy,ROSEWORTHY_S6_P0000_R1,2023,1,257.0,592.1894,wheat,NA,NA,5908.0,NA,NA,2126.88,1277.6906000000001
1043,roseworthy,ROSEWORTHY_S6_P0000_R1,2024,2,191.0,258.456,Barley,NA,NA,17.98031466,NA,NA,5.595473922192,-443.860526077808
1044,roseworthy,ROSEWORTHY_S6_P0000_R1,2025,3,193.5,187.41940000000002,Lentil,NA,NA,2176.87,0.0,NA,1674.0130299999998,1293.0936299999998
1045,roseworthy,ROSEWORTHY_S2_P2121_R3,2023,1,268.0,592.1894,durum,NA,NA,2519.0,NA,NA,1201.563,341.3736000000001
1046,roseworthy,ROSEWORTHY_S2_P2121_R3,2024,2,193.5,289.15500000000003,Lentil,NA,NA,908.0072558,NA,NA,698.2575797102,215.60257971020002
1047,roseworthy,ROSEWORTHY_S2_P2121_R3,2025,3,210.5,806.7444,Durum wheat,NA,NA,2097.38,0.0,NA,1000.45026,-16.794140000000084
1048,roseworthy,ROSEWORTHY_S4_P3123_R2,2023,1,370.225,558.6094,barley,fababean,NA,3945.0,484.0,NA,1457.5839999999998,528.7495999999999
1049,roseworthy,ROSEWORTHY_S4_P3123_R2,2024,2,221.7404611475,267.18,Canola,Field Pea,NA,981.9810103,147.6374356,NA,745.1848426117999,256.2643814642999
1050,roseworthy,ROSEWORTHY_S4_P3123_R2,2025,3,293.11925,208.84139999999996,Wheat,Lentil,NA,3983.84,0.93,NA,1434.89757,932.9369200000001
1051,roseworthy,ROSEWORTHY_S1.1_P1231_R1,2023,1,270.5,597.5044,lentil,NA,NA,1983.0,NA,NA,1524.927,656.9225999999999
1052,roseworthy,ROSEWORTHY_S1.1_P1231_R1,2024,2,202.0,299.93600000000004,Wheat,NA,NA,2348.748663,NA,NA,845.5495186799999,343.61351867999986
1053,roseworthy,ROSEWORTHY_S1.1_P1231_R1,2025,3,210.5,810.2444,Barley,NA,NA,4250.94,0.0,NA,1322.892528,302.14812800000004
1054,roseworthy,ROSEWORTHY_S8_P0212_R3,2024,1,180.0,231.98,Canola,NA,NA,604.6134156,NA,NA,417.183256764,5.203256764000031
1055,roseworthy,ROSEWORTHY_S8_P0212_R3,2025,2,171.5,119.8944,Lentil,NA,NA,1731.6,0.0,NA,1331.6004,1040.2060000000001
1056,roseworthy,ROSEWORTHY_S7_P0000_R3,2023,1,257.0,675.5094,durum,NA,NA,4197.0,NA,NA,2001.969,1069.4596000000001
1057,roseworthy,ROSEWORTHY_S7_P0000_R3,2024,2,193.5,402.886,Barley,NA,NA,621.166068,NA,NA,193.3068803616,-403.0791196384
1058,roseworthy,ROSEWORTHY_S7_P0000_R3,2025,3,185.0,127.04440000000001,Lentil,NA,NA,2597.4,0.0,NA,1997.4006,1685.3562
1059,roseworthy,ROSEWORTHY_S3_P1212_R1,2023,1,248.5,576.9044,vetch,NA,NA,5090.0,NA,NA,0.0,-825.4044
1060,roseworthy,ROSEWORTHY_S3_P1212_R1,2024,2,193.5,249.936,Wheat,NA,NA,2397.176471,NA,NA,862.9835295600001,419.54752956000004
1061,roseworthy,ROSEWORTHY_S3_P1212_R1,2025,3,193.5,198.8194,Vetch,NA,NA,0.0,0.0,NA,0.0,-392.3194
1062,roseworthy,ROSEWORTHY_S5_P0000_R2,2023,1,285.0,695.1294,canola,NA,NA,2091.0,NA,NA,1442.79,462.66059999999993
1063,roseworthy,ROSEWORTHY_S5_P0000_R2,2024,2,193.5,249.936,Wheat,NA,NA,1515.454483,NA,NA,545.5636138799999,102.12761387999993
1064,roseworthy,ROSEWORTHY_S5_P0000_R2,2025,3,210.5,227.5694,Canola,NA,NA,1955.76,0.0,NA,1349.4743999999998,911.4049999999999
1065,roseworthy,ROSEWORTHY_S3_P1212_R3,2023,1,259.5,576.9044,vetch,NA,NA,6330.0,NA,NA,0.0,-836.4044
1066,roseworthy,ROSEWORTHY_S3_P1212_R3,2024,2,193.5,249.936,Wheat,NA,NA,1854.611657,NA,NA,667.66019652,224.22419652
1067,roseworthy,ROSEWORTHY_S3_P1212_R3,2025,3,193.5,198.8194,Vetch,NA,NA,0.0,0.0,NA,0.0,-392.3194
1068,roseworthy,ROSEWORTHY_S1.2_P3123_R1,2023,1,268.0,592.1894,barley,NA,NA,5069.0,NA,NA,1577.4727999999998,717.2833999999998
1069,roseworthy,ROSEWORTHY_S1.2_P3123_R1,2024,2,193.5,289.15500000000003,Lentil,NA,NA,1034.142582,NA,NA,795.255645558,312.60064555799994
1070,roseworthy,ROSEWORTHY_S1.2_P3123_R1,2025,3,210.5,809.8944,Wheat,NA,NA,4269.66,0.0,NA,1537.0775999999998,516.6831999999998
1071,roseworthy,ROSEWORTHY_S2_P1212_R1,2023,1,281.5,597.5044,lentil,NA,NA,2030.0,NA,NA,1561.07,682.0655999999999
1072,roseworthy,ROSEWORTHY_S2_P1212_R1,2024,2,191.0,289.93600000000004,Wheat,NA,NA,3604.886857,NA,NA,1297.75926852,816.8232685199999
1073,roseworthy,ROSEWORTHY_S2_P1212_R1,2025,3,193.5,187.41940000000002,Lentil,NA,NA,1781.08,0.0,NA,1369.65052,988.7311199999999
1074,roseworthy,ROSEWORTHY_S1.2_P3123_R3,2023,1,268.0,592.1894,barley,NA,NA,5250.0,NA,NA,1633.8,773.6106
1075,roseworthy,ROSEWORTHY_S1.2_P3123_R3,2024,2,193.5,289.15500000000003,Lentil,NA,NA,738.1863584,NA,NA,567.6653096096001,85.01030960960003
1076,roseworthy,ROSEWORTHY_S1.2_P3123_R3,2025,3,210.5,809.8944,Wheat,NA,NA,3932.58,0.0,NA,1415.7288,395.3344000000001
1077,roseworthy,ROSEWORTHY_S4_P1231_R3,2023,1,343.5,579.2794,canola,fieldpea,NA,711.0,1769.0,NA,1300.792,378.0125999999999
1078,roseworthy,ROSEWORTHY_S4_P1231_R3,2024,2,225.32340459575,249.85500000000002,Wheat,Lentil,NA,1683.995518,28.94066583,NA,628.4937585032699,153.31535390751986
1079,roseworthy,ROSEWORTHY_S4_P1231_R3,2025,3,242.34825,132.3944,Barley,Faba bean,NA,1471.04,482.89,NA,687.160398,312.41774799999996
1080,roseworthy,ROSEWORTHY_S4_P2312_R1,2023,1,365.65,627.0764,wheat,lentil,NA,3361.0,445.0,NA,1552.165,559.4385999999998
1081,roseworthy,ROSEWORTHY_S4_P2312_R1,2024,2,209.000045812,232.98000000000002,Barley,Faba Bean,NA,1034.812322,25.18951048,NA,333.99861208439995,-107.98143372760006
1082,roseworthy,ROSEWORTHY_S4_P2312_R1,2025,3,238.7895,144.5444,Canola,Field pea,NA,1412.53,399.05,NA,1157.4106,774.0767
1083,roseworthy,ROSEWORTHY_S1.1_P3123_R3,2023,1,268.0,592.1894,barley,NA,NA,4717.0,NA,NA,1467.9304,607.741
1084,roseworthy,ROSEWORTHY_S1.1_P3123_R3,2024,2,182.5,289.15500000000003,Lentil,NA,NA,972.8597488,NA,NA,748.1291468272001,276.47414682720006
1085,roseworthy,ROSEWORTHY_S1.1_P3123_R3,2025,3,210.5,810.2444,Wheat,NA,NA,3970.04,0.0,NA,1429.2143999999998,408.4699999999998
1086,wallup,WALLUP_S4_P2312_R3,2023,1,180.0,403.47,Wheat,NA,NA,4744.0,NA,NA,1707.84,1124.37
1087,wallup,WALLUP_S4_P2312_R3,2024,2,191.0,256.884,Wheat,NA,NA,2211.68,NA,NA,796.2047999999999,348.32079999999985
1088,wallup,WALLUP_S4_P2312_R3,2025,3,236.9235,228.8194,Lentil,Faba bean,NA,2176.94,NA,NA,1674.06686,1208.32396
1089,wallup,WALLUP_S2_P1234_R1,2023,1,182.5,231.2472,Lentil,NA,NA,2670.0,NA,NA,2053.23,1639.4828
1090,wallup,WALLUP_S2_P1234_R1,2024,2,202.0,304.315,Canola,NA,NA,339.53,NA,NA,234.2757,-272.0393
1091,wallup,WALLUP_S2_P1234_R1,2025,3,199.5,408.0833726027397,Wheat,NA,NA,2697.67,NA,NA,971.1612,363.5778273972603
1092,wallup,WALLUP_S3_P1234_R2,2023,1,171.5,229.8972,Vetch,NA,NA,0.0,NA,NA,0.0,-401.3972
1093,wallup,WALLUP_S3_P1234_R2,2024,2,193.5,280.315,Canola,NA,NA,1353.9,NA,NA,934.191,460.37600000000003
1094,wallup,WALLUP_S3_P1234_R2,2025,3,182.5,275.58337260273976,Wheat,NA,NA,2805.08,NA,NA,1009.8288,551.7454273972603
1095,wallup,WALLUP_S6_P0000_R2,2023,1,158.0,271.47,Wheat,NA,NA,4947.0,NA,NA,1780.9199999999998,1351.4499999999998
1096,wallup,WALLUP_S6_P0000_R2,2024,2,204.5,167.77219999999997,Lentil,NA,NA,776.74,NA,NA,597.3130600000001,225.0408600000001
1097,wallup,WALLUP_S6_P0000_R2,2025,3,149.5,208.15,Barley,NA,NA,0.0,NA,NA,0.0,-357.65
1098,wallup,WALLUP_S6_P0000_R2,2025,4,160.5,102.6294,Barley,NA,NA,2969.23,NA,NA,924.024376,660.8949759999999
1099,wallup,WALLUP_S2_P3412_R3,2023,1,180.0,403.46999999999997,Wheat,NA,NA,4905.0,NA,NA,1765.8,1182.33
1100,wallup,WALLUP_S2_P3412_R3,2024,2,191.0,262.884,Wheat,NA,NA,2107.26,NA,NA,758.6136,304.7296
1101,wallup,WALLUP_S2_P3412_R3,2025,3,193.5,239.5194,Lentil,NA,NA,1713.34,NA,NA,1317.55846,884.53906
1102,wallup,WALLUP_S2_P2341_R2,2023,1,147.0,546.8,Canola,NA,NA,2187.0,NA,NA,1509.03,815.23
1103,wallup,WALLUP_S2_P2341_R2,2024,2,191.0,249.925,Wheat,NA,NA,1153.85,NA,NA,415.386,-25.538999999999987
1104,wallup,WALLUP_S2_P2341_R2,2025,3,182.5,275.58337260273976,Wheat,NA,NA,2985.29,NA,NA,1074.7044,616.6210273972604
1105,wallup,WALLUP_S4_P3123_R3,2023,1,169.0,403.46999999999997,Wheat,NA,NA,4781.0,NA,NA,1721.16,1148.69
1106,wallup,WALLUP_S4_P3123_R3,2024,2,218.09575,163.74000000000004,Lentil,Faba Beans,NA,1423.83,NA,NA,1094.92527,713.08952
1107,wallup,WALLUP_S4_P3123_R3,2025,3,191.0,365.5833726027397,Wheat,NA,NA,3165.64,NA,NA,1139.6304,583.0470273972603
1108,wallup,WALLUP_S6_P0000_R1,2023,1,169.0,271.47,Wheat,NA,NA,4826.0,NA,NA,1737.36,1296.8899999999999
1109,wallup,WALLUP_S6_P0000_R1,2024,2,193.5,167.77219999999997,Lentil,NA,NA,1250.85,NA,NA,961.90365,600.63145
1110,wallup,WALLUP_S6_P0000_R1,2025,3,149.5,208.15,Barley,NA,NA,0.0,NA,NA,0.0,-357.65
1111,wallup,WALLUP_S6_P0000_R1,2025,4,160.5,102.6294,Barley,NA,NA,3124.63,NA,NA,972.384856,709.255456
1112,wallup,WALLUP_S3_P4123_R3,2023,1,158.0,403.47,Wheat,NA,NA,5140.0,NA,NA,1850.4,1288.93
1113,wallup,WALLUP_S3_P4123_R3,2024,2,193.5,169.5615,Vetch,NA,NA,0.0,NA,NA,0.0,-363.0615
1114,wallup,WALLUP_S3_P4123_R3,2025,3,191.0,296.6694,Canola,NA,NA,1205.51,NA,NA,831.8018999999999,344.13249999999994
1115,wallup,WALLUP_S1_P2312_R3,2023,1,158.0,215.97,Wheat,NA,NA,4924.0,NA,NA,1772.64,1398.67
1116,wallup,WALLUP_S1_P2312_R3,2024,2,191.0,337.884,Wheat,NA,NA,2534.41,NA,NA,912.3876,383.5036
1117,wallup,WALLUP_S1_P2312_R3,2025,3,193.5,239.51940000000002,Lentil,NA,NA,1735.79,NA,NA,1334.82251,901.80311
1118,wallup,WALLUP_S4_P1231_R2,2023,1,227.85,258.7472,Lentil,fababean,NA,2694.0,0.0,NA,2071.686,1585.0888000000002
1119,wallup,WALLUP_S4_P1231_R2,2024,2,191.0,243.425,Wheat,NA,NA,1483.72,NA,NA,534.1392,99.71419999999995
1120,wallup,WALLUP_S4_P1231_R2,2025,3,191.0,321.58337260273976,Wheat,NA,NA,3042.24,NA,NA,1095.2063999999998,582.6230273972601
1121,wallup,WALLUP_S2_P4123_R2,2023,1,169.0,403.46999999999997,Wheat,NA,NA,5203.0,NA,NA,1873.08,1300.61
1122,wallup,WALLUP_S2_P4123_R2,2024,2,193.5,167.77219999999997,Lentil,NA,NA,1240.31,NA,NA,953.79839,592.52619
1123,wallup,WALLUP_S2_P4123_R2,2025,3,191.0,329.1694,Canola,NA,NA,1404.84,NA,NA,969.3396,449.1702
1124,wallup,WALLUP_S1_P3123_R3,2023,1,180.0,215.97,Wheat,NA,NA,4660.0,NA,NA,1677.6,1281.6299999999999
1125,wallup,WALLUP_S1_P3123_R3,2024,2,193.5,167.77219999999997,Lentil,NA,NA,1034.65,NA,NA,795.6458500000001,434.3736500000001
1126,wallup,WALLUP_S1_P3123_R3,2025,3,191.0,338.5833726027397,Wheat,NA,NA,2944.14,NA,NA,1059.8904,530.3070273972603
1127,wallup,WALLUP_S4_P3123_R2,2023,1,169.0,403.46999999999997,Wheat,NA,NA,4961.0,NA,NA,1785.96,1213.49
1128,wallup,WALLUP_S4_P3123_R2,2024,2,237.07999999999998,163.74000000000004,Lentil,Faba Beans,NA,2183.2,NA,NA,1678.8808,1278.0608
1129,wallup,WALLUP_S4_P3123_R2,2025,3,191.0,365.58337260273976,Wheat,NA,NA,3339.05,NA,NA,1202.058,645.4746273972603
1130,wallup,WALLUP_S4_P2312_R1,2023,1,169.0,403.47,Wheat,NA,NA,4905.0,NA,NA,1765.8,1193.33
1131,wallup,WALLUP_S4_P2312_R1,2024,2,202.0,256.884,Wheat,NA,NA,2122.38,NA,NA,764.0568000000001,305.17280000000005
1132,wallup,WALLUP_S4_P2312_R1,2025,3,226.03,228.8194,Lentil,Faba bean,NA,1741.2,NA,NA,1338.9828,884.1334
1133,wallup,WALLUP_S1_P1231_R3,2023,1,171.5,231.2472,Lentil,NA,NA,2767.0,NA,NA,2127.823,1725.0757999999998
1134,wallup,WALLUP_S1_P1231_R3,2024,2,180.0,241.925,Wheat,NA,NA,1167.54,NA,NA,420.3144,-1.6106000000000336
1135,wallup,WALLUP_S1_P1231_R3,2025,3,191.0,387.5833726027397,Wheat,NA,NA,2713.98,NA,NA,977.0328,398.44942739726025
1136,wallup,WALLUP_S1_P1231_R1,2023,1,160.5,231.24720000000002,Lentil,NA,NA,2427.0,NA,NA,1866.363,1474.6158
1137,wallup,WALLUP_S1_P1231_R1,2024,2,180.0,241.925,Wheat,NA,NA,1806.28,NA,NA,650.2608,228.3358
1138,wallup,WALLUP_S1_P1231_R1,2025,3,191.0,387.58337260273976,Wheat,NA,NA,3014.91,NA,NA,1085.3675999999998,506.78422739726005
1139,wallup,WALLUP_S2_P3412_R2,2023,1,169.0,403.47,Wheat,NA,NA,4792.0,NA,NA,1725.12,1152.6499999999999
1140,wallup,WALLUP_S2_P3412_R2,2024,2,191.0,262.884,Wheat,NA,NA,2562.89,NA,NA,922.6404,468.7564
1141,wallup,WALLUP_S2_P3412_R2,2025,3,193.5,239.5194,Lentil,NA,NA,1983.86,NA,NA,1525.58834,1092.56894
1142,wallup,WALLUP_S3_P2341_R1,2023,1,147.0,546.8,Canola,NA,NA,2495.0,NA,NA,1721.55,1027.75
1143,wallup,WALLUP_S3_P2341_R1,2024,2,180.0,206.425,Wheat,NA,NA,1693.02,NA,NA,609.4871999999999,223.0621999999999
1144,wallup,WALLUP_S3_P2341_R1,2025,3,191.0,302.08337260273976,Wheat,NA,NA,2571.26,NA,NA,925.6536,432.5702273972602
1145,wallup,WALLUP_S4_P2312_R2,2023,1,180.0,403.47,Wheat,NA,NA,4927.0,NA,NA,1773.72,1190.25
1146,wallup,WALLUP_S4_P2312_R2,2024,2,191.0,256.884,Wheat,NA,NA,1686.05,NA,NA,606.978,159.09399999999994
1147,wallup,WALLUP_S4_P2312_R2,2025,3,224.38425,228.8194,Lentil,Faba bean,NA,1675.37,NA,NA,1288.35953,835.1558799999999
1148,wallup,WALLUP_S3_P4123_R1,2023,1,169.0,403.47,Wheat,NA,NA,4622.0,NA,NA,1663.9199999999998,1091.4499999999998
1149,wallup,WALLUP_S3_P4123_R1,2024,2,204.5,169.5615,Vetch,NA,NA,0.0,NA,NA,0.0,-374.0615
1150,wallup,WALLUP_S3_P4123_R1,2025,3,191.0,296.6694,Canola,NA,NA,1531.31,NA,NA,1056.6038999999998,568.9344999999998
1151,wallup,WALLUP_S3_P3412_R3,2023,1,169.0,403.47,Wheat,NA,NA,5028.0,NA,NA,1810.08,1237.61
1152,wallup,WALLUP_S3_P3412_R3,2024,2,182.5,221.88400000000001,Wheat,NA,NA,2314.35,NA,NA,833.1659999999999,428.7819999999999
1153,wallup,WALLUP_S3_P3412_R3,2025,3,193.5,245.44089999999997,Vetch,NA,NA,0.0,NA,NA,0.0,-438.94089999999994
1154,wallup,WALLUP_S2_P2341_R1,2023,1,147.0,546.8,Canola,NA,NA,2607.0,NA,NA,1798.83,1105.03
1155,wallup,WALLUP_S2_P2341_R1,2024,2,180.0,249.925,Wheat,NA,NA,1544.37,NA,NA,555.9731999999999,126.0481999999999
1156,wallup,WALLUP_S2_P2341_R1,2025,3,182.5,275.58337260273976,Wheat,NA,NA,3105.55,NA,NA,1117.998,659.9146273972603
1157,wallup,WALLUP_S5_P0000_R2,2023,1,158.0,226.97,Wheat,NA,NA,4675.0,NA,NA,1683.0,1298.03
1158,wallup,WALLUP_S5_P0000_R2,2024,2,193.5,167.77219999999997,Lentil,NA,NA,1216.46,NA,NA,935.45774,574.18554
1159,wallup,WALLUP_S5_P0000_R2,2025,3,149.5,208.15,Barley,NA,NA,0.0,NA,NA,0.0,-357.65
1160,wallup,WALLUP_S5_P0000_R2,2025,4,160.5,75.6294,Barley,NA,NA,2517.89,NA,NA,783.5673679999999,547.4379679999998
1161,wallup,WALLUP_S3_P2341_R3,2023,1,158.0,546.8,Canola,NA,NA,2626.0,NA,NA,1811.94,1107.14
1162,wallup,WALLUP_S3_P2341_R3,2024,2,180.0,206.425,Wheat,NA,NA,1371.62,NA,NA,493.7832,107.35820000000001
1163,wallup,WALLUP_S3_P2341_R3,2025,3,191.0,302.0833726027397,Wheat,NA,NA,3020.86,NA,NA,1087.5096,594.4262273972604
1164,wallup,WALLUP_S2_P4123_R3,2023,1,169.0,403.46999999999997,Wheat,NA,NA,4999.0,NA,NA,1799.64,1227.17
1165,wallup,WALLUP_S2_P4123_R3,2024,2,193.5,167.77219999999997,Lentil,NA,NA,1457.05,NA,NA,1120.47145,759.19925
1166,wallup,WALLUP_S2_P4123_R3,2025,3,191.0,329.1694,Canola,NA,NA,1409.73,NA,NA,972.7137,452.5443
1167,wallup,WALLUP_S4_P3123_R1,2023,1,169.0,403.47,Wheat,NA,NA,4908.0,NA,NA,1766.88,1194.41
1168,wallup,WALLUP_S4_P3123_R1,2024,2,190.872,163.74000000000004,Lentil,Faba Beans,NA,334.88,NA,NA,257.52272,-97.08928000000006
1169,wallup,WALLUP_S4_P3123_R1,2025,3,191.0,365.58337260273976,Wheat,NA,NA,2939.53,NA,NA,1058.2308,501.6474273972603
1170,wallup,WALLUP_S1_P2312_R2,2023,1,180.0,215.97,Wheat,NA,NA,4239.0,NA,NA,1526.04,1130.07
1171,wallup,WALLUP_S1_P2312_R2,2024,2,191.0,337.884,Wheat,NA,NA,1879.07,NA,NA,676.4652,147.58119999999997
1172,wallup,WALLUP_S1_P2312_R2,2025,3,193.5,239.5194,Lentil,NA,NA,1734.88,NA,NA,1334.12272,901.10332
1173,wallup,WALLUP_S1_P2312_R1,2023,1,180.0,215.97,Wheat,NA,NA,4327.0,NA,NA,1557.72,1161.75
1174,wallup,WALLUP_S1_P2312_R1,2024,2,191.0,337.884,Wheat,NA,NA,2344.19,NA,NA,843.9084,315.0244
1175,wallup,WALLUP_S1_P2312_R1,2025,3,193.5,239.5194,Lentil,NA,NA,1418.6,NA,NA,1090.9034,657.8839999999999
1176,wallup,WALLUP_S2_P1234_R3,2023,1,171.5,231.2472,Lentil,NA,NA,2149.0,NA,NA,1652.581,1249.8337999999999
1177,wallup,WALLUP_S2_P1234_R3,2024,2,202.0,304.315,Canola,NA,NA,161.37,NA,NA,111.3453,-394.9697
1178,wallup,WALLUP_S2_P1234_R3,2025,3,199.5,408.0833726027397,Wheat,NA,NA,2990.03,NA,NA,1076.4108,468.8274273972604
1179,wallup,WALLUP_S1_P3123_R1,2023,1,180.0,215.97,Wheat,NA,NA,4259.0,NA,NA,1533.24,1137.27
1180,wallup,WALLUP_S1_P3123_R1,2024,2,193.5,167.7722,Lentil,NA,NA,796.06,NA,NA,612.17014,250.89793999999995
1181,wallup,WALLUP_S1_P3123_R1,2025,3,191.0,338.58337260273976,Wheat,NA,NA,2962.43,NA,NA,1066.4748,536.8914273972603
1182,wallup,WALLUP_S3_P1234_R3,2023,1,193.5,229.8972,Vetch,NA,NA,0.0,NA,NA,0.0,-423.3972
1183,wallup,WALLUP_S3_P1234_R3,2024,2,193.5,280.315,Canola,NA,NA,1366.87,NA,NA,943.1402999999998,469.3252999999998
1184,wallup,WALLUP_S3_P1234_R3,2025,3,182.5,275.5833726027397,Wheat,NA,NA,2990.03,NA,NA,1076.4108,618.3274273972604
1185,wallup,WALLUP_S1_P3123_R2,2023,1,180.0,215.97,Wheat,NA,NA,4690.0,NA,NA,1688.4,1292.43
1186,wallup,WALLUP_S1_P3123_R2,2024,2,193.5,167.77219999999997,Lentil,NA,NA,1006.17,NA,NA,773.74473,412.47253
1187,wallup,WALLUP_S1_P3123_R2,2025,3,191.0,338.58337260273976,Wheat,NA,NA,2747.98,NA,NA,989.2728,459.6894273972602
1188,wallup,WALLUP_S2_P2341_R3,2023,1,158.0,546.8,Canola,NA,NA,2628.0,NA,NA,1813.32,1108.52
1189,wallup,WALLUP_S2_P2341_R3,2024,2,180.0,249.925,Wheat,NA,NA,1595.35,NA,NA,574.3259999999999,144.4009999999999
1190,wallup,WALLUP_S2_P2341_R3,2025,3,182.5,275.5833726027397,Wheat,NA,NA,2718.77,NA,NA,978.7572,520.6738273972603
1191,wallup,WALLUP_S1_P1231_R2,2023,1,182.5,231.2472,Lentil,NA,NA,3036.0,NA,NA,2334.684,1920.9368000000002
1192,wallup,WALLUP_S1_P1231_R2,2024,2,180.0,241.925,Wheat,NA,NA,1027.91,NA,NA,370.0476,-51.87740000000002
1193,wallup,WALLUP_S1_P1231_R2,2025,3,191.0,387.58337260273976,Wheat,NA,NA,2647.58,NA,NA,953.1288,374.5454273972602
1194,wallup,WALLUP_S3_P1234_R1,2023,1,171.5,229.89720000000003,Vetch,NA,NA,0.0,NA,NA,0.0,-401.3972
1195,wallup,WALLUP_S3_P1234_R1,2024,2,193.5,280.315,Canola,NA,NA,1372.77,NA,NA,947.2113,473.39630000000005
1196,wallup,WALLUP_S3_P1234_R1,2025,3,182.5,275.58337260273976,Wheat,NA,NA,2704.83,NA,NA,973.7388,515.6554273972602
1197,wallup,WALLUP_S6_P0000_R3,2023,1,169.0,244.22,Wheat,NA,NA,4665.0,NA,NA,1679.4,1266.18
1198,wallup,WALLUP_S6_P0000_R3,2024,2,193.5,167.77219999999997,Lentil,NA,NA,1187.02,NA,NA,912.81838,551.54618
1199,wallup,WALLUP_S6_P0000_R3,2025,3,149.5,208.15,Barley,NA,NA,0.0,NA,NA,0.0,-357.65
1200,wallup,WALLUP_S6_P0000_R3,2025,4,160.5,102.6294,Barley,NA,NA,3168.6,NA,NA,986.06832,722.9389199999999
1201,wallup,WALLUP_S4_P1231_R1,2023,1,256.775,231.24720000000002,Lentil,fababean,NA,3411.0,0.0,NA,2623.059,2135.0368
1202,wallup,WALLUP_S4_P1231_R1,2024,2,191.0,243.425,Wheat,NA,NA,1674.42,NA,NA,602.7912,168.3662
1203,wallup,WALLUP_S4_P1231_R1,2025,3,191.0,321.5833726027397,Wheat,NA,NA,3043.53,NA,NA,1095.6708,583.0874273972604
1204,wallup,WALLUP_S3_P4123_R2,2023,1,158.0,403.46999999999997,Wheat,NA,NA,4782.0,NA,NA,1721.52,1160.05
1205,wallup,WALLUP_S3_P4123_R2,2024,2,193.5,169.5615,Vetch,NA,NA,0.0,NA,NA,0.0,-363.0615
1206,wallup,WALLUP_S3_P4123_R2,2025,3,191.0,296.6694,Canola,NA,NA,1472.07,NA,NA,1015.7283,528.0589
1207,wallup,WALLUP_S3_P3412_R1,2023,1,180.0,403.46999999999997,Wheat,NA,NA,5092.0,NA,NA,1833.12,1249.6499999999999
1208,wallup,WALLUP_S3_P3412_R1,2024,2,193.5,221.88400000000001,Wheat,NA,NA,2409.3,NA,NA,867.3480000000001,451.96400000000006
1209,wallup,WALLUP_S3_P3412_R1,2025,3,193.5,245.44089999999997,Vetch,NA,NA,0.0,NA,NA,0.0,-438.94089999999994
1210,wallup,WALLUP_S2_P1234_R2,2023,1,171.5,231.2472,Lentil,NA,NA,3120.0,NA,NA,2399.28,1996.5328000000002
1211,wallup,WALLUP_S2_P1234_R2,2024,2,202.0,304.315,Canola,NA,NA,128.14,NA,NA,88.41659999999999,-417.89840000000004
1212,wallup,WALLUP_S2_P1234_R2,2025,3,199.5,408.08337260273976,Wheat,NA,NA,2703.49,NA,NA,973.2564,365.6730273972602
1213,wallup,WALLUP_S2_P3412_R1,2023,1,169.0,403.46999999999997,Wheat,NA,NA,4704.0,NA,NA,1693.4399999999998,1120.9699999999998
1214,wallup,WALLUP_S2_P3412_R1,2024,2,191.0,262.884,Wheat,NA,NA,2144.95,NA,NA,772.1819999999999,318.2979999999999
1215,wallup,WALLUP_S2_P3412_R1,2025,3,193.5,239.5194,Lentil,NA,NA,1941.56,NA,NA,1493.05964,1060.04024
1216,wallup,WALLUP_S5_P0000_R3,2023,1,169.0,226.97,Wheat,NA,NA,4019.0,NA,NA,1446.84,1050.87
1217,wallup,WALLUP_S5_P0000_R3,2024,2,193.5,167.77219999999997,Lentil,NA,NA,901.76,NA,NA,693.45344,332.18124
1218,wallup,WALLUP_S5_P0000_R3,2025,3,149.5,208.15,Barley,NA,NA,0.0,NA,NA,0.0,-357.65
1219,wallup,WALLUP_S5_P0000_R3,2025,4,160.5,75.6294,Barley,NA,NA,2622.87,NA,NA,816.237144,580.1077439999999
1220,wallup,WALLUP_S5_P0000_R1,2023,1,169.0,226.97,Wheat,NA,NA,4557.0,NA,NA,1640.52,1244.55
1221,wallup,WALLUP_S5_P0000_R1,2024,2,193.5,167.7722,Lentil,NA,NA,1991.42,NA,NA,1531.40198,1170.1297800000002
1222,wallup,WALLUP_S5_P0000_R1,2025,3,149.5,208.15,Barley,NA,NA,0.0,NA,NA,0.0,-357.65
1223,wallup,WALLUP_S5_P0000_R1,2025,4,160.5,75.6294,Barley,NA,NA,2580.8,NA,NA,803.14496,567.0155599999999
1224,wallup,WALLUP_S4_P1231_R3,2023,1,244.39999999999998,203.7472,Lentil,fababean,NA,2916.0,0.0,NA,2242.404,1794.2567999999999
1225,wallup,WALLUP_S4_P1231_R3,2024,2,191.0,243.425,Wheat,NA,NA,2453.73,NA,NA,883.3428,448.9178
1226,wallup,WALLUP_S4_P1231_R3,2025,3,191.0,321.5833726027397,Wheat,NA,NA,3213.1,NA,NA,1156.716,644.1326273972602
1227,wallup,WALLUP_S2_P4123_R1,2023,1,180.0,403.46999999999997,Wheat,NA,NA,4603.0,NA,NA,1657.08,1073.61
1228,wallup,WALLUP_S2_P4123_R1,2024,2,193.5,167.77219999999997,Lentil,NA,NA,1051.16,NA,NA,808.3420400000001,447.0698400000001
1229,wallup,WALLUP_S2_P4123_R1,2025,3,191.0,329.1694,Canola,NA,NA,1059.03,NA,NA,730.7307,210.56129999999996
1230,wallup,WALLUP_S3_P3412_R2,2023,1,169.0,403.46999999999997,Wheat,NA,NA,4094.0,NA,NA,1473.84,901.3699999999999
1231,wallup,WALLUP_S3_P3412_R2,2024,2,182.5,221.88400000000001,Wheat,NA,NA,1607.59,NA,NA,578.7324,174.34839999999997
1232,wallup,WALLUP_S3_P3412_R2,2025,3,193.5,245.44089999999997,Vetch,NA,NA,0.0,NA,NA,0.0,-438.94089999999994
1233,wallup,WALLUP_S3_P2341_R2,2023,1,147.0,546.8,Canola,NA,NA,2461.0,NA,NA,1698.09,1004.29
1234,wallup,WALLUP_S3_P2341_R2,2024,2,180.0,206.425,Wheat,NA,NA,1431.13,NA,NA,515.2068,128.78180000000003
1235,wallup,WALLUP_S3_P2341_R2,2025,3,191.0,302.08337260273976,Wheat,NA,NA,2853.03,NA,NA,1027.0908,534.0074273972602
1236,hart,HART_S2.3_P0000_R3,2023,1,202.0,285.75834999999995,wheat,NA,NA,3706.0,NA,NA,1334.16,846.4016500000001
1237,hart,HART_S2.3_P0000_R3,2024,2,202.0,182.76499213000002,Barley,NA,NA,1208.7,0.0,NA,376.14744,-8.617552130000007
1238,hart,HART_S2.3_P0000_R3,2025,3,204.5,214.04829999999998,Lentil,NA,NA,972.36,NA,NA,747.7448400000001,329.1965400000001
1239,hart,HART_S10.3_P2312_R2,2023,1,202.0,246.75834999999998,wheat,NA,NA,2999.0,NA,NA,1079.64,630.8816500000001
1240,hart,HART_S10.3_P2312_R2,2024,2,202.0,194.978155215,Barley,NA,NA,1590.22,0.0,NA,494.876464,97.89830878500001
1241,hart,HART_S10.3_P2312_R2,2025,3,207.33775,187.1908,Canola,Lentil,NA,35.63,517.88,NA,422.83442,28.305870000000027
1242,hart,HART_S1.2_P2312_R2,2023,1,202.0,246.75834999999998,wheat,NA,NA,2871.0,NA,NA,1033.56,584.80165
1243,hart,HART_S1.2_P2312_R2,2024,2,202.0,180.720449485,Barley,NA,NA,509.57,0.0,NA,158.578184,-224.142265485
1244,hart,HART_S1.2_P2312_R2,2025,3,204.5,214.04829999999998,Lentil,NA,NA,859.77,NA,NA,661.16313,242.61483000000004
1245,hart,HART_S10.3_P1231_R2,2023,1,237.1,244.6893,canola,lentil,NA,198.0,1106.0,NA,987.134,505.3447
1246,hart,HART_S10.3_P1231_R2,2024,2,202.0,232.17947586,Wheat,NA,NA,883.48,0.0,NA,318.0528,-116.12667586
1247,hart,HART_S10.3_P1231_R2,2025,3,193.5,209.6068,Barley,NA,NA,2359.26,NA,NA,734.201712,331.094912
1248,hart,HART_S1.1_P3123_R2,2023,1,202.0,235.75835,barley,NA,NA,3664.0,NA,NA,1140.2368,702.4784499999998
1249,hart,HART_S1.1_P3123_R2,2024,2,193.5,238.8444,Lentil,NA,NA,0.0,0.0,NA,0.0,-432.3444
1250,hart,HART_S1.1_P3123_R2,2025,3,202.0,280.8044,Wheat,NA,NA,2563.97,NA,NA,923.0292,440.22479999999996
1251,hart,HART_S4.1_P2341_R1,2023,1,202.0,225.25834999999998,wheat,NA,NA,2738.0,NA,NA,985.68,558.42165
1252,hart,HART_S4.1_P2341_R1,2024,2,210.5,250.557718125,Canola,NA,NA,142.61,0.0,NA,98.4009,-362.65681812500003
1253,hart,HART_S4.1_P2341_R1,2025,3,193.5,209.6068,Barley,NA,NA,2589.56,NA,NA,805.8710719999999,402.7642719999999
1254,hart,HART_S1.1_P1231_R1,2023,1,204.5,239.43929999999997,lentil,NA,NA,1938.0,NA,NA,1490.322,1046.3826999999999
1255,hart,HART_S1.1_P1231_R1,2024,2,202.0,223.052,Wheat,NA,NA,1338.04,0.0,NA,481.6944,56.64239999999998
1256,hart,HART_S1.1_P1231_R1,2025,3,202.0,259.60679999999996,Barley,NA,NA,3239.51,NA,NA,1008.135512,546.528712
1257,hart,HART_S1.1_P2312_R2,2023,1,202.0,246.75834999999998,wheat,NA,NA,2984.0,NA,NA,1074.24,625.4816500000001
1258,hart,HART_S1.1_P2312_R2,2024,2,202.0,205.85439999999997,Barley,NA,NA,1251.52,0.0,NA,389.473024,-18.38137599999996
1259,hart,HART_S1.1_P2312_R2,2025,3,204.5,214.04829999999998,Lentil,NA,NA,962.13,NA,NA,739.87797,321.32967
1260,hart,HART_S8_P1234_R2,2023,1,204.5,239.4393,lentil,NA,NA,1433.0,NA,NA,1101.977,658.0377000000001
1261,hart,HART_S8_P1234_R2,2024,2,202.0,214.29387340500003,Wheat,NA,NA,2115.87,0.0,NA,761.7131999999999,345.4193265949999
1262,hart,HART_S8_P1234_R2,2025,3,193.5,209.60680000000002,Barley,NA,NA,2456.5,NA,NA,764.4627999999999,361.3559999999999
1263,hart,HART_S6_P4123_R3,2023,1,202.0,235.75835,barley,NA,NA,4053.0,NA,NA,1261.2936,823.5352499999999
1264,hart,HART_S6_P4123_R3,2024,2,193.5,238.8444,Lentil,NA,NA,590.43,0.0,NA,454.04067,21.69626999999997
1265,hart,HART_S6_P4123_R3,2025,3,224.0,240.17406086999998,Canola,NA,NA,0.0,NA,NA,0.0,-464.17406086999995
1266,hart,HART_S5_P0000_R5,2023,1,204.5,239.4393,lentil,NA,NA,1644.0,NA,NA,1264.236,820.2967000000001
1267,hart,HART_S5_P0000_R5,2024,2,193.5,238.44439999999997,Chickpea,NA,NA,0.0,0.0,NA,0.0,-431.9444
1268,hart,HART_S5_P0000_R5,2025,3,193.5,191.3468,Oats,NA,NA,1996.74,NA,NA,503.17848,118.33167999999998
1269,hart,HART_S10.3_P1231_R1,2023,1,240.2,244.6893,canola,lentil,NA,213.0,1215.0,NA,1081.305,596.4157
1270,hart,HART_S10.3_P1231_R1,2024,2,202.0,232.17947586,Wheat,NA,NA,919.57,0.0,NA,331.0452,-103.13427585999997
1271,hart,HART_S10.3_P1231_R1,2025,3,193.5,209.6068,Barley,NA,NA,2958.03,NA,NA,920.538936,517.432136
1272,hart,HART_S10.2_P1231_R2,2023,1,236.575,244.6893,canola,lentil,NA,188.0,1095.0,NA,971.775,490.51070000000004
1273,hart,HART_S10.2_P1231_R2,2024,2,202.0,250.74418625,Wheat,NA,NA,1389.78,0.0,NA,500.3208,47.57661375000001
1274,hart,HART_S10.2_P1231_R2,2025,3,193.5,209.6068,Barley,NA,NA,2569.09,NA,NA,799.500808,396.394008
1275,hart,HART_S10.2_P3123_R2,2023,1,202.0,213.25835,barley,NA,NA,3347.0,NA,NA,1041.5864,626.3280499999998
1276,hart,HART_S10.2_P3123_R2,2024,2,205.2825,222.94584117000002,Lentil,Canola,NA,92.39,478.91,NA,432.03089,3.802548829999978
1277,hart,HART_S10.2_P3123_R2,2025,3,202.0,299.85526955,Wheat,NA,NA,2210.85,NA,NA,795.906,294.05073044999995
1278,hart,HART_S4.3_P2341_R3,2023,1,202.0,259.75834999999995,wheat,NA,NA,3352.0,NA,NA,1206.72,744.9616500000001
1279,hart,HART_S4.3_P2341_R3,2024,2,210.5,269.895721,Canola,NA,NA,62.39,0.0,NA,43.0491,-437.34662099999997
1280,hart,HART_S4.3_P2341_R3,2025,3,193.5,209.60680000000002,Barley,NA,NA,2855.68,NA,NA,888.6876159999999,485.5808159999999
1281,hart,HART_S4.2_P1234_R3,2023,1,204.5,239.43929999999997,lentil,NA,NA,1924.0,NA,NA,1479.556,1035.6167
1282,hart,HART_S4.2_P1234_R3,2024,2,202.0,223.82467649999998,Wheat,NA,NA,2005.87,0.0,NA,722.1131999999999,296.2885234999999
1283,hart,HART_S4.2_P1234_R3,2025,3,215.5,226.2658,Canola,NA,NA,0.0,NA,NA,0.0,-441.7658
1284,hart,HART_S5_P0000_R2,2023,1,204.5,239.4393,lentil,NA,NA,1680.0,NA,NA,1291.92,847.9807000000001
1285,hart,HART_S5_P0000_R2,2024,2,193.5,238.44439999999997,Chickpea,NA,NA,0.0,0.0,NA,0.0,-431.9444
1286,hart,HART_S5_P0000_R2,2025,3,193.5,191.3468,Oats,NA,NA,2315.22,NA,NA,583.43544,198.58863999999997
1287,hart,HART_S6_P3412_R1,2023,1,202.0,246.75834999999998,wheat,NA,NA,3593.0,NA,NA,1293.48,844.7216500000001
1288,hart,HART_S6_P3412_R1,2024,2,202.0,171.85777473,Barley,NA,NA,870.43,0.0,NA,270.87781599999994,-102.97995873000005
1289,hart,HART_S6_P3412_R1,2025,3,204.5,214.04829999999998,Lentil,NA,NA,1243.6,NA,NA,956.3284,537.7801
1290,hart,HART_S8_P4123_R1,2023,1,202.0,246.75834999999998,wheat,NA,NA,3383.0,NA,NA,1217.88,769.1216500000002
1291,hart,HART_S8_P4123_R1,2024,2,193.5,238.8444,Lentil,NA,NA,675.43,0.0,NA,519.40567,87.06126999999998
1292,hart,HART_S8_P4123_R1,2025,3,202.0,277.89367536,Wheat,NA,NA,2558.85,NA,NA,921.186,441.29232464000006
1293,hart,HART_S4.3_P1234_R3,2023,1,204.5,239.43929999999997,lentil,NA,NA,1786.0,NA,NA,1373.434,929.4947
1294,hart,HART_S4.3_P1234_R3,2024,2,202.0,255.72250499999998,Wheat,NA,NA,2382.17,0.0,NA,857.5812,399.858695
1295,hart,HART_S4.3_P1234_R3,2025,3,215.5,226.26579999999998,Canola,NA,NA,0.0,NA,NA,0.0,-441.7658
1296,hart,HART_S4.3_P4123_R3,2023,1,202.0,258.75835,barley,NA,NA,3833.0,NA,NA,1192.8295999999998,732.0712499999997
1297,hart,HART_S4.3_P4123_R3,2024,2,193.5,238.8444,Lentil,NA,NA,1221.96,0.0,NA,939.68724,507.34283999999997
1298,hart,HART_S4.3_P4123_R3,2025,3,202.0,312.15326955,Wheat,NA,NA,3152.51,NA,NA,1134.9036,620.7503304500001
1299,hart,HART_S1.3_P3123_R3,2023,1,202.0,258.75834999999995,barley,NA,NA,4176.0,NA,NA,1299.5712,838.8128500000001
1300,hart,HART_S1.3_P3123_R3,2024,2,193.5,238.8444,Lentil,NA,NA,557.17,0.0,NA,428.46373,-3.880670000000009
1301,hart,HART_S1.3_P3123_R3,2025,3,202.0,300.8044,Wheat,NA,NA,2876.15,NA,NA,1035.414,532.6096
1302,hart,HART_S7_P4123_R1,2023,1,202.0,235.75835,barley,NA,NA,4483.0,NA,NA,1395.1096,957.3512499999999
1303,hart,HART_S7_P4123_R1,2024,2,193.5,238.8444,Lentil,NA,NA,565.22,0.0,NA,434.65418000000005,2.309780000000046
1304,hart,HART_S7_P4123_R1,2025,3,193.5,200.4358,Field pea,NA,NA,1177.07,NA,NA,539.09806,145.16226000000003
1305,hart,HART_S9_P2341_R3,2023,1,213.0,232.32580000000002,canola,NA,NA,624.0,NA,NA,430.56,-14.765800000000013
1306,hart,HART_S9_P2341_R3,2024,2,202.0,221.59511175000003,Wheat,NA,NA,780.65,0.0,NA,281.034,-142.56111175000004
1307,hart,HART_S9_P2341_R3,2025,3,193.5,209.6068,Barley,NA,NA,2753.33,NA,NA,856.836296,453.7294959999999
1308,hart,HART_S10.3_P3123_R2,2023,1,202.0,235.75834999999998,barley,NA,NA,3260.0,NA,NA,1014.512,576.75365
1309,hart,HART_S10.3_P3123_R2,2024,2,201.40224999999998,243.64695128000002,Lentil,Canola,NA,131.09,285.0,NA,309.6171,-135.43210128
1310,hart,HART_S10.3_P3123_R2,2025,3,193.5,240.8044,Wheat,NA,NA,2251.79,NA,NA,810.6443999999999,376.3399999999999
1311,hart,HART_S7_P4123_R2,2023,1,202.0,235.75835,barley,NA,NA,3234.0,NA,NA,1006.4208,568.66245
1312,hart,HART_S7_P4123_R2,2024,2,193.5,238.8444,Lentil,NA,NA,776.09,0.0,NA,596.81321,164.46881000000002
1313,hart,HART_S7_P4123_R2,2025,3,193.5,200.4358,Field pea,NA,NA,1197.54,NA,NA,548.4733200000001,154.53752000000006
1314,hart,HART_S3_P2341_R3,2023,1,202.0,246.75834999999998,wheat,NA,NA,3173.0,NA,NA,1142.28,693.52165
1315,hart,HART_S3_P2341_R3,2024,2,193.5,238.8444,Lentil,NA,NA,969.57,0.0,NA,745.59933,313.25493
1316,hart,HART_S3_P2341_R3,2025,3,202.0,227.07114782499997,Barley,NA,NA,2702.15,NA,NA,840.90908,411.83793217500005
1317,hart,HART_S8_P4123_R3,2023,1,202.0,246.75834999999998,wheat,NA,NA,3485.0,NA,NA,1254.6,805.84165
1318,hart,HART_S8_P4123_R3,2024,2,193.5,238.8444,Lentil,NA,NA,686.74,0.0,NA,528.10306,95.75866000000002
1319,hart,HART_S8_P4123_R3,2025,3,202.0,277.89367536,Wheat,NA,NA,2553.74,NA,NA,919.3464,439.45272464000004
1320,hart,HART_S8_P2341_R3,2023,1,202.0,246.75834999999998,wheat,NA,NA,3419.0,NA,NA,1230.84,782.08165
1321,hart,HART_S8_P2341_R3,2024,2,202.0,198.84890383,Barley,NA,NA,0.0,0.0,NA,0.0,-400.84890383000004
1322,hart,HART_S8_P2341_R3,2025,3,202.0,282.996573915,Wheat,NA,NA,2001.02,NA,NA,720.3671999999999,235.3706260849999
1323,hart,HART_S1.1_P2312_R3,2023,1,202.0,246.75834999999998,wheat,NA,NA,2835.0,NA,NA,1020.6,571.8416500000001
1324,hart,HART_S1.1_P2312_R3,2024,2,202.0,205.85439999999997,Barley,NA,NA,710.0,0.0,NA,220.952,-186.90239999999997
1325,hart,HART_S1.1_P2312_R3,2025,3,204.5,214.04829999999998,Lentil,NA,NA,931.42,NA,NA,716.26198,297.71368
1326,hart,HART_S7_P3412_R2,2023,1,202.0,246.75834999999998,wheat,NA,NA,2820.0,NA,NA,1015.2,566.4416500000001
1327,hart,HART_S7_P3412_R2,2024,2,202.0,214.90329390000002,Barley,NA,NA,731.52,0.0,NA,227.649024,-189.25426990000003
1328,hart,HART_S7_P3412_R2,2025,3,204.5,214.04829999999998,Lentil,NA,NA,921.19,NA,NA,708.39511,289.84681000000006
1329,hart,HART_S10.2_P3123_R1,2023,1,202.0,213.25835,barley,NA,NA,4427.0,NA,NA,1377.6824,962.4240499999999
1330,hart,HART_S10.2_P3123_R1,2024,2,198.63049999999998,222.94584117,Lentil,Canola,NA,148.7,156.52,NA,222.96688,-198.60946116999997
1331,hart,HART_S10.2_P3123_R1,2025,3,202.0,299.85526955,Wheat,NA,NA,2466.73,NA,NA,888.0228,386.16753044999996
1332,hart,HART_S6_P4123_R1,2023,1,202.0,235.75835,barley,NA,NA,4478.0,NA,NA,1393.5536,955.7952499999999
1333,hart,HART_S6_P4123_R1,2024,2,193.5,238.8444,Lentil,NA,NA,490.87,0.0,NA,377.47903,-54.865369999999984
1334,hart,HART_S6_P4123_R1,2025,3,224.0,240.17406086999998,Canola,NA,NA,0.0,NA,NA,0.0,-464.17406086999995
1335,hart,HART_S4.2_P4123_R2,2023,1,202.0,235.75835,barley,NA,NA,3475.0,NA,NA,1081.4199999999998,643.6616499999998
1336,hart,HART_S4.2_P4123_R2,2024,2,193.5,238.8444,Lentil,NA,NA,717.61,0.0,NA,551.84209,119.49768999999998
1337,hart,HART_S4.2_P4123_R2,2025,3,202.0,287.36613912999997,Wheat,NA,NA,2395.09,NA,NA,862.2324,372.86626087
1338,hart,HART_S7_P2341_R1,2023,1,204.5,230.3862,field pea,NA,NA,1474.0,NA,NA,675.092,240.20579999999998
1339,hart,HART_S7_P2341_R1,2024,2,202.0,229.628198315,Wheat,NA,NA,1962.83,0.0,NA,706.6188,274.990601685
1340,hart,HART_S7_P2341_R1,2025,3,193.5,209.60680000000002,Barley,NA,NA,2824.97,NA,NA,879.1306639999999,476.0238639999999
1341,hart,HART_S10.3_P2312_R3,2023,1,202.0,246.75835,wheat,NA,NA,3173.0,NA,NA,1142.28,693.5216499999999
1342,hart,HART_S10.3_P2312_R3,2024,2,202.0,194.978155215,Barley,NA,NA,1013.48,0.0,NA,315.394976,-81.583179215
1343,hart,HART_S10.3_P2312_R3,2025,3,209.43925000000002,187.1908,Canola,Lentil,NA,112.91,524.66,NA,481.37144,84.74139
1344,hart,HART_S7_P1234_R1,2023,1,204.5,239.4393,lentil,NA,NA,1840.0,NA,NA,1414.96,971.0207
1345,hart,HART_S7_P1234_R1,2024,2,193.5,229.7944,Field pea,NA,NA,577.61,0.0,NA,264.54538,-158.74901999999997
1346,hart,HART_S7_P1234_R1,2025,3,202.0,263.920486955,Wheat,NA,NA,2405.32,NA,NA,865.9152,399.994713045
1347,hart,HART_S6_P1234_R2,2023,1,204.5,239.4393,lentil,NA,NA,1350.0,NA,NA,1038.15,594.2107000000001
1348,hart,HART_S6_P1234_R2,2024,2,210.5,231.33999999999997,Canola,NA,NA,4.57,0.0,NA,3.1533,-438.6867
1349,hart,HART_S6_P1234_R2,2025,3,202.0,272.377008695,Wheat,NA,NA,1878.2,NA,NA,676.152,201.77499130500007
1350,hart,HART_S4.2_P3412_R3,2023,1,213.0,232.32580000000004,canola,NA,NA,307.0,NA,NA,211.83,-233.49580000000003
1351,hart,HART_S4.2_P3412_R3,2024,2,202.0,179.28229034,Barley,NA,NA,174.13,0.0,NA,54.18925599999999,-327.09303434000003
1352,hart,HART_S4.2_P3412_R3,2025,3,204.5,214.04829999999998,Lentil,NA,NA,895.6,NA,NA,688.7164,270.16810000000004
1353,hart,HART_S2.2_P0000_R3,2023,1,202.0,264.25834999999995,wheat,NA,NA,3938.0,NA,NA,1417.6799999999998,951.4216499999999
1354,hart,HART_S2.2_P0000_R3,2024,2,202.0,182.41727117500002,Barley,NA,NA,1115.2,0.0,NA,347.05024,-37.36703117500005
1355,hart,HART_S2.2_P0000_R3,2025,3,204.5,214.04829999999998,Lentil,NA,NA,1013.31,NA,NA,779.2353899999999,360.68708999999996
1356,hart,HART_S5_P0000_R6,2023,1,204.5,239.4393,lentil,NA,NA,2062.0,NA,NA,1585.678,1141.7387
1357,hart,HART_S5_P0000_R6,2024,2,193.5,238.44439999999997,Chickpea,NA,NA,0.0,0.0,NA,0.0,-431.9444
1358,hart,HART_S5_P0000_R6,2025,3,193.5,191.3468,Oats,NA,NA,2138.04,NA,NA,538.78608,153.93927999999997
1359,hart,HART_S4.1_P3412_R3,2023,1,213.0,210.82580000000002,canola,NA,NA,701.0,NA,NA,483.69,59.86419999999998
1360,hart,HART_S4.1_P3412_R3,2024,2,202.0,204.75806106500002,Barley,NA,NA,538.04,0.0,NA,167.43804799999998,-239.32001306500004
1361,hart,HART_S4.1_P3412_R3,2025,3,204.5,214.04829999999998,Lentil,NA,NA,910.95,NA,NA,700.5205500000001,281.9722500000001
1362,hart,HART_S4.3_P1234_R1,2023,1,204.5,239.43929999999997,lentil,NA,NA,1218.0,NA,NA,936.642,492.70270000000005
1363,hart,HART_S4.3_P1234_R1,2024,2,202.0,255.72250499999998,Wheat,NA,NA,1730.43,0.0,NA,622.9548,165.232295
1364,hart,HART_S4.3_P1234_R1,2025,3,215.5,226.2658,Canola,NA,NA,0.0,NA,NA,0.0,-441.7658
1365,hart,HART_S9_P1234_R1,2023,1,204.5,256.3362,vetch,NA,NA,0.0,NA,NA,0.0,-460.8362
1366,hart,HART_S9_P1234_R1,2024,2,210.5,231.33999999999997,Canola,NA,NA,780.22,0.0,NA,538.3518,96.51180000000005
1367,hart,HART_S9_P1234_R1,2025,3,193.5,240.80440000000002,Wheat,NA,NA,2006.14,NA,NA,722.2104,287.90600000000006
1368,hart,HART_S1.2_P3123_R1,2023,1,202.0,235.75835,barley,NA,NA,4463.0,NA,NA,1388.8855999999998,951.1272499999998
1369,hart,HART_S1.2_P3123_R1,2024,2,193.5,238.8444,Lentil,NA,NA,38.04,0.0,NA,29.25276,-403.09164
1370,hart,HART_S1.2_P3123_R1,2025,3,202.0,296.1270087,Wheat,NA,NA,2502.56,NA,NA,900.9216,402.79459130000004
1371,hart,HART_S6_P3412_R3,2023,1,202.0,246.75834999999998,wheat,NA,NA,2584.0,NA,NA,930.24,481.48165000000006
1372,hart,HART_S6_P3412_R3,2024,2,202.0,171.85777473,Barley,NA,NA,1770.87,0.0,NA,551.0947439999999,177.2369692699999
1373,hart,HART_S6_P3412_R3,2025,3,204.5,214.04829999999998,Lentil,NA,NA,864.89,NA,NA,665.10041,246.55211000000003
1374,hart,HART_S1.3_P2312_R2,2023,1,202.0,259.75834999999995,wheat,NA,NA,2764.0,NA,NA,995.04,533.28165
1375,hart,HART_S1.3_P2312_R2,2024,2,202.0,230.85439999999997,Barley,NA,NA,701.74,0.0,NA,218.381488,-214.47291199999998
1376,hart,HART_S1.3_P2312_R2,2025,3,204.5,214.04829999999998,Lentil,NA,NA,885.36,NA,NA,680.84184,262.29354000000006
1377,hart,HART_S10.2_P1231_R1,2023,1,239.825,244.6893,canola,lentil,NA,244.0,1169.0,NA,1067.321,582.8066999999999
1378,hart,HART_S10.2_P1231_R1,2024,2,202.0,250.74418625,Wheat,NA,NA,1038.04,0.0,NA,373.6944,-79.04978625000004
1379,hart,HART_S10.2_P1231_R1,2025,3,193.5,209.6068,Barley,NA,NA,3172.98,NA,NA,987.431376,584.324576
1380,hart,HART_S9_P1234_R2,2023,1,204.5,256.3362,vetch,NA,NA,0.0,NA,NA,0.0,-460.8362
1381,hart,HART_S9_P1234_R2,2024,2,210.5,231.33999999999997,Canola,NA,NA,164.13,0.0,NA,113.2497,-328.59029999999996
1382,hart,HART_S9_P1234_R2,2025,3,193.5,240.8044,Wheat,NA,NA,1990.79,NA,NA,716.6844,282.38
1383,hart,HART_S9_P3412_R3,2023,1,202.0,246.75834999999998,wheat,NA,NA,3055.0,NA,NA,1099.8,651.04165
1384,hart,HART_S9_P3412_R3,2024,2,202.0,220.68351425,Barley,NA,NA,1084.13,0.0,NA,337.381256,-85.30225825
1385,hart,HART_S9_P3412_R3,2025,3,215.5,226.94779999999997,Vetch,NA,NA,0.0,NA,NA,0.0,-442.4478
1386,hart,HART_S5_P0000_R4,2023,1,204.5,239.4393,lentil,NA,NA,1464.0,NA,NA,1125.816,681.8767
1387,hart,HART_S5_P0000_R4,2024,2,193.5,238.44439999999997,Chickpea,NA,NA,0.0,0.0,NA,0.0,-431.9444
1388,hart,HART_S5_P0000_R4,2025,3,193.5,191.3468,Oats,NA,NA,1736.96,NA,NA,437.71392,52.86711999999997
1389,hart,HART_S7_P1234_R2,2023,1,204.5,239.4393,lentil,NA,NA,1443.0,NA,NA,1109.667,665.7276999999999
1390,hart,HART_S7_P1234_R2,2024,2,193.5,229.7944,Field pea,NA,NA,773.26,0.0,NA,354.15308,-69.14132000000001
1391,hart,HART_S7_P1234_R2,2025,3,202.0,263.920486955,Wheat,NA,NA,2185.26,NA,NA,786.6936000000001,320.77311304500006
1392,hart,HART_S4.3_P2341_R1,2023,1,202.0,259.75834999999995,wheat,NA,NA,2605.0,NA,NA,937.8,476.04165
1393,hart,HART_S4.3_P2341_R1,2024,2,210.5,269.895721,Canola,NA,NA,388.48,0.0,NA,268.0512,-212.344521
1394,hart,HART_S4.3_P2341_R1,2025,3,193.5,209.60680000000002,Barley,NA,NA,2589.56,NA,NA,805.8710719999999,402.7642719999999
1395,hart,HART_S3_P3412_R2,2023,1,204.5,239.43929999999997,lentil,NA,NA,1561.0,NA,NA,1200.409,756.4697000000001
1396,hart,HART_S3_P3412_R2,2024,2,202.0,155.85440000000003,Barley,NA,NA,2033.04,0.0,NA,632.6820479999999,274.82764799999984
1397,hart,HART_S3_P3412_R2,2025,3,204.5,214.04829999999998,Lentil,NA,NA,931.42,NA,NA,716.26198,297.71368
1398,hart,HART_S8_P1234_R1,2023,1,204.5,239.4393,lentil,NA,NA,1274.0,NA,NA,979.706,535.7667
1399,hart,HART_S8_P1234_R1,2024,2,202.0,214.29387340500003,Wheat,NA,NA,1868.04,0.0,NA,672.4943999999999,256.2005265949999
1400,hart,HART_S8_P1234_R1,2025,3,193.5,209.60680000000002,Barley,NA,NA,0.0,NA,NA,0.0,-403.1068
1401,hart,HART_S8_P3412_R2,2023,1,202.0,235.75835,barley,NA,NA,3746.0,NA,NA,1165.7551999999998,727.9968499999998
1402,hart,HART_S8_P3412_R2,2024,2,202.0,256.61117314999996,Wheat,NA,NA,1440.43,0.0,NA,518.5548,59.943626850000044
1403,hart,HART_S8_P3412_R2,2025,3,204.5,214.04829999999998,Lentil,NA,NA,1018.42,NA,NA,783.16498,364.61668000000003
1404,hart,HART_S3_P4123_R1,2023,1,202.0,235.75834999999998,barley,NA,NA,3449.0,NA,NA,1073.3288,635.57045
1405,hart,HART_S3_P4123_R1,2024,2,193.5,238.8444,Lentil,NA,NA,645.65,0.0,NA,496.50485,64.16044999999997
1406,hart,HART_S3_P4123_R1,2025,3,202.0,258.18135652,Wheat,NA,NA,2676.56,NA,NA,963.5616,503.38024348
1407,hart,HART_S9_P4123_R2,2023,1,202.0,235.75835,barley,NA,NA,3792.0,NA,NA,1180.0703999999998,742.3120499999998
1408,hart,HART_S9_P4123_R2,2024,2,182.5,139.03,Vetch,NA,NA,0.0,0.0,NA,0.0,-321.53
1409,hart,HART_S9_P4123_R2,2025,3,215.5,226.26579999999998,Canola,NA,NA,0.0,NA,NA,0.0,-441.7658
1410,hart,HART_S3_P1234_R3,2023,1,204.5,239.43929999999997,lentil,NA,NA,1730.0,NA,NA,1330.37,886.4306999999999
1411,hart,HART_S3_P1234_R3,2024,2,202.0,216.27188242000003,Wheat,NA,NA,1149.35,0.0,NA,413.766,-4.505882420000006
1412,hart,HART_S3_P1234_R3,2025,3,204.5,214.04829999999998,Lentil,NA,NA,1115.66,NA,NA,857.9425400000001,439.39424000000014
1413,hart,HART_S8_P4123_R2,2023,1,202.0,246.75834999999998,wheat,NA,NA,2723.0,NA,NA,980.28,531.52165
1414,hart,HART_S8_P4123_R2,2024,2,193.5,238.8444,Lentil,NA,NA,677.39,0.0,NA,520.91291,88.56851
1415,hart,HART_S8_P4123_R2,2025,3,202.0,277.89367536,Wheat,NA,NA,2246.67,NA,NA,808.8012,328.90752464
1416,hart,HART_S1.1_P1231_R2,2023,1,204.5,239.43929999999997,lentil,NA,NA,1319.0,NA,NA,1014.311,570.3717
1417,hart,HART_S1.1_P1231_R2,2024,2,202.0,223.052,Wheat,NA,NA,1835.22,0.0,NA,660.6792,235.62720000000004
1418,hart,HART_S1.1_P1231_R2,2025,3,202.0,259.60679999999996,Barley,NA,NA,2144.32,NA,NA,667.312384,205.705584
1419,hart,HART_S4.2_P1234_R1,2023,1,204.5,239.43929999999997,lentil,NA,NA,1832.0,NA,NA,1408.808,964.8687
1420,hart,HART_S4.2_P1234_R1,2024,2,202.0,223.82467649999998,Wheat,NA,NA,896.96,0.0,NA,322.9056,-102.91907649999999
1421,hart,HART_S4.2_P1234_R1,2025,3,215.5,226.2658,Canola,NA,NA,0.0,NA,NA,0.0,-441.7658
1422,hart,HART_S3_P2341_R1,2023,1,202.0,246.75834999999998,wheat,NA,NA,3117.0,NA,NA,1122.12,673.3616499999999
1423,hart,HART_S3_P2341_R1,2024,2,193.5,238.8444,Lentil,NA,NA,724.13,0.0,NA,556.85597,124.51156999999995
1424,hart,HART_S3_P2341_R1,2025,3,202.0,227.07114782499997,Barley,NA,NA,3167.86,NA,NA,985.838032,556.7668841750001
1425,hart,HART_S2.3_P0000_R1,2023,1,202.0,285.75834999999995,wheat,NA,NA,4428.0,NA,NA,1594.08,1106.3216499999999
1426,hart,HART_S2.3_P0000_R1,2024,2,202.0,182.76499213000002,Barley,NA,NA,408.7,0.0,NA,127.18743999999998,-257.5775521300001
1427,hart,HART_S2.3_P0000_R1,2025,3,204.5,214.04829999999998,Lentil,NA,NA,1100.31,NA,NA,846.13839,427.59009
1428,hart,HART_S1.1_P3123_R1,2023,1,202.0,235.75835,barley,NA,NA,3536.0,NA,NA,1100.4032,662.6448499999999
1429,hart,HART_S1.1_P3123_R1,2024,2,193.5,238.8444,Lentil,NA,NA,696.52,0.0,NA,535.62388,103.27947999999998
1430,hart,HART_S1.1_P3123_R1,2025,3,202.0,280.8044,Wheat,NA,NA,2292.73,NA,NA,825.3828,342.5784
1431,hart,HART_S8_P3412_R1,2023,1,202.0,235.75835,barley,NA,NA,3547.0,NA,NA,1103.8264,666.0680499999999
1432,hart,HART_S8_P3412_R1,2024,2,202.0,256.61117314999996,Wheat,NA,NA,1706.3,0.0,NA,614.2679999999999,155.65682684999996
1433,hart,HART_S8_P3412_R1,2025,3,204.5,214.04829999999998,Lentil,NA,NA,1018.42,NA,NA,783.16498,364.61668000000003
1434,hart,HART_S10.1_P3123_R1,2023,1,193.5,190.25835,barley,NA,NA,4452.0,NA,NA,1385.4624,1001.7040499999998
1435,hart,HART_S10.1_P3123_R1,2024,2,196.04325,199.81500000000003,Lentil,Canola,NA,40.43,501.3,NA,413.3964,17.53815
1436,hart,HART_S10.1_P3123_R1,2025,3,202.0,297.2791826,Wheat,NA,NA,2466.73,NA,NA,888.0228,388.74361739999995
1437,hart,HART_S1.2_P2312_R3,2023,1,202.0,246.75834999999998,wheat,NA,NA,3132.0,NA,NA,1127.52,678.76165
1438,hart,HART_S1.2_P2312_R3,2024,2,202.0,180.720449485,Barley,NA,NA,726.96,0.0,NA,226.229952,-156.490497485
1439,hart,HART_S1.2_P2312_R3,2025,3,204.5,214.04829999999998,Lentil,NA,NA,1003.07,NA,NA,771.3608300000001,352.8125300000001
1440,hart,HART_S1.1_P3123_R3,2023,1,202.0,235.75835,barley,NA,NA,3603.0,NA,NA,1121.2536,683.4952499999999
1441,hart,HART_S1.1_P3123_R3,2024,2,193.5,238.8444,Lentil,NA,NA,674.13,0.0,NA,518.40597,86.06157000000002
1442,hart,HART_S1.1_P3123_R3,2025,3,202.0,280.8044,Wheat,NA,NA,2758.44,NA,NA,993.0384,510.23400000000004
1443,hart,HART_S4.3_P2341_R2,2023,1,202.0,259.75834999999995,wheat,NA,NA,2605.0,NA,NA,937.8,476.04165
1444,hart,HART_S4.3_P2341_R2,2024,2,210.5,269.895721,Canola,NA,NA,23.91,0.0,NA,16.497899999999998,-463.897821
1445,hart,HART_S4.3_P2341_R2,2025,3,193.5,209.60680000000002,Barley,NA,NA,2384.85,NA,NA,742.16532,339.05851999999993
1446,hart,HART_S5_P0000_R1,2023,1,204.5,239.4393,lentil,NA,NA,1835.0,NA,NA,1411.115,967.1757
1447,hart,HART_S5_P0000_R1,2024,2,193.5,238.44439999999997,Chickpea,NA,NA,0.0,0.0,NA,0.0,-431.9444
1448,hart,HART_S5_P0000_R1,2025,3,193.5,191.3468,Oats,NA,NA,2006.52,NA,NA,505.64304,120.79623999999998
1449,hart,HART_S10.2_P3123_R3,2023,1,202.0,213.25835,barley,NA,NA,4222.0,NA,NA,1313.8864,898.62805
1450,hart,HART_S10.2_P3123_R3,2024,2,196.72825,222.94584117000002,Lentil,Canola,NA,36.74,192.39,NA,173.29850999999996,-246.37558117000006
1451,hart,HART_S10.2_P3123_R3,2025,3,202.0,299.85526955,Wheat,NA,NA,2569.09,NA,NA,924.8724,423.01713044999997
1452,hart,HART_S1.3_P3123_R2,2023,1,202.0,258.75834999999995,barley,NA,NA,3153.0,NA,NA,981.2136,520.4552500000001
1453,hart,HART_S1.3_P3123_R2,2024,2,193.5,238.8444,Lentil,NA,NA,679.35,0.0,NA,522.42015,90.07575000000003
1454,hart,HART_S1.3_P3123_R2,2025,3,202.0,300.8044,Wheat,NA,NA,2302.97,NA,NA,829.0691999999999,326.2647999999999
1455,hart,HART_S4.1_P4123_R1,2023,1,202.0,209.25835,barley,NA,NA,3572.0,NA,NA,1111.6064,700.3480499999998
1456,hart,HART_S4.1_P4123_R1,2024,2,193.5,238.8444,Lentil,NA,NA,705.87,0.0,NA,542.81403,110.46963
1457,hart,HART_S4.1_P4123_R1,2025,3,202.0,257.87274782500003,Wheat,NA,NA,2773.8,NA,NA,998.568,538.695252175
1458,hart,HART_S3_P2341_R2,2023,1,202.0,246.75834999999998,wheat,NA,NA,2702.0,NA,NA,972.72,523.9616500000001
1459,hart,HART_S3_P2341_R2,2024,2,193.5,238.8444,Lentil,NA,NA,621.52,0.0,NA,477.94888,45.60447999999997
1460,hart,HART_S3_P2341_R2,2025,3,202.0,227.07114782499997,Barley,NA,NA,2773.8,NA,NA,863.20656,434.135412175
1461,hart,HART_S4.1_P2341_R2,2023,1,202.0,225.25834999999998,wheat,NA,NA,2687.0,NA,NA,967.32,540.0616500000001
1462,hart,HART_S4.1_P2341_R2,2024,2,210.5,250.557718125,Canola,NA,NA,69.13,0.0,NA,47.69969999999999,-413.358018125
1463,hart,HART_S4.1_P2341_R2,2025,3,193.5,209.6068,Barley,NA,NA,2415.56,NA,NA,751.722272,348.61547199999995
1464,hart,HART_S10.3_P2312_R1,2023,1,202.0,246.75835,wheat,NA,NA,2799.0,NA,NA,1007.64,558.88165
1465,hart,HART_S10.3_P2312_R1,2024,2,202.0,194.978155215,Barley,NA,NA,1380.43,0.0,NA,429.589816,32.611660785
1466,hart,HART_S10.3_P2312_R1,2025,3,209.91899999999998,187.1908,Canola,Lentil,NA,99.33,557.43,NA,497.20137,100.09157000000002
1467,hart,HART_S10.2_P2312_R1,2023,1,202.0,218.75835,wheat,NA,NA,3777.0,NA,NA,1359.72,938.96165
1468,hart,HART_S10.2_P2312_R1,2024,2,202.0,181.97245029500002,Barley,NA,NA,212.83,0.0,NA,66.232696,-317.739754295
1469,hart,HART_S10.2_P2312_R1,2025,3,217.756,191.5090608695,Canola,Lentil,NA,40.04,590.2,NA,481.4914,72.22633913050004
1470,hart,HART_S10.1_P3123_R3,2023,1,193.5,190.25835,barley,NA,NA,3864.0,NA,NA,1202.4768,818.7184499999998
1471,hart,HART_S10.1_P3123_R3,2024,2,197.136,199.81499999999997,Lentil,Canola,NA,13.48,571.96,NA,449.13844000000006,52.187440000000095
1472,hart,HART_S10.1_P3123_R3,2025,3,202.0,297.2791826,Wheat,NA,NA,2359.26,NA,NA,849.3336,350.05441740000003
1473,hart,HART_S7_P2341_R2,2023,1,204.5,230.3862,field pea,NA,NA,1582.0,NA,NA,724.556,289.6698
1474,hart,HART_S7_P2341_R2,2024,2,202.0,229.628198315,Wheat,NA,NA,1618.26,0.0,NA,582.5735999999999,150.94540168499995
1475,hart,HART_S7_P2341_R2,2025,3,193.5,209.6068,Barley,NA,NA,2466.73,NA,NA,767.6463759999999,364.5395759999999
1476,hart,HART_S4.3_P1234_R2,2023,1,204.5,239.43929999999997,lentil,NA,NA,1771.0,NA,NA,1361.899,917.9596999999999
1477,hart,HART_S4.3_P1234_R2,2024,2,202.0,255.72250499999998,Wheat,NA,NA,1785.87,0.0,NA,642.9132,185.19069499999998
1478,hart,HART_S4.3_P1234_R2,2025,3,215.5,226.26579999999998,Canola,NA,NA,0.0,NA,NA,0.0,-441.7658
1479,hart,HART_S2.1_P0000_R3,2023,1,202.0,238.25834999999998,wheat,NA,NA,4340.0,NA,NA,1562.4,1122.14165
1480,hart,HART_S2.1_P0000_R3,2024,2,202.0,183.213910535,Barley,NA,NA,1615.2,0.0,NA,502.65024,117.436329465
1481,hart,HART_S2.1_P0000_R3,2025,3,204.5,214.04829999999998,Lentil,NA,NA,1013.31,NA,NA,779.2353899999999,360.68708999999996
1482,hart,HART_S5_P0000_R7,2023,1,204.5,239.4393,lentil,NA,NA,1758.0,NA,NA,1351.902,907.9627
1483,hart,HART_S5_P0000_R7,2024,2,193.5,238.44439999999997,Chickpea,NA,NA,0.0,0.0,NA,0.0,-431.9444
1484,hart,HART_S5_P0000_R7,2025,3,193.5,191.3468,Oats,NA,NA,2253.26,NA,NA,567.8215200000001,182.97472000000008
1485,hart,HART_S4.2_P3412_R1,2023,1,213.0,232.32580000000004,canola,NA,NA,875.0,NA,NA,603.75,158.42419999999996
1486,hart,HART_S4.2_P3412_R1,2024,2,202.0,179.28229034,Barley,NA,NA,171.3,0.0,NA,53.30856,-327.97373034
1487,hart,HART_S4.2_P3412_R1,2025,3,204.5,214.04829999999998,Lentil,NA,NA,1166.84,NA,NA,897.2999599999999,478.75165999999996
1488,hart,HART_S4.1_P2341_R3,2023,1,202.0,225.25834999999998,wheat,NA,NA,3286.0,NA,NA,1182.96,755.7016500000001
1489,hart,HART_S4.1_P2341_R3,2024,2,210.5,250.557718125,Canola,NA,NA,112.17,0.0,NA,77.3973,-383.660418125
1490,hart,HART_S4.1_P2341_R3,2025,3,193.5,209.60680000000002,Barley,NA,NA,2415.56,NA,NA,751.722272,348.61547199999995
1491,hart,HART_S1.3_P3123_R1,2023,1,202.0,258.75834999999995,barley,NA,NA,3644.0,NA,NA,1134.0128,673.25445
1492,hart,HART_S1.3_P3123_R1,2024,2,193.5,238.8444,Lentil,NA,NA,674.57,0.0,NA,518.7443300000001,86.3999300000001
1493,hart,HART_S1.3_P3123_R1,2025,3,202.0,300.8044,Wheat,NA,NA,2420.68,NA,NA,871.4447999999999,368.6403999999999
1494,hart,HART_S1.2_P3123_R3,2023,1,202.0,235.75835,barley,NA,NA,3997.0,NA,NA,1243.8664,806.10805
1495,hart,HART_S1.2_P3123_R3,2024,2,193.5,238.8444,Lentil,NA,NA,807.83,0.0,NA,621.22127,188.87687
1496,hart,HART_S1.2_P3123_R3,2025,3,202.0,296.1270087,Wheat,NA,NA,2574.21,NA,NA,926.7156,428.5885913
1497,hart,HART_S2.1_P0000_R1,2023,1,202.0,238.25834999999998,wheat,NA,NA,4052.0,NA,NA,1458.72,1018.4616500000001
1498,hart,HART_S2.1_P0000_R1,2024,2,202.0,183.213910535,Barley,NA,NA,210.9,0.0,NA,65.63208,-319.581830535
1499,hart,HART_S2.1_P0000_R1,2025,3,204.5,214.04829999999998,Lentil,NA,NA,772.77,NA,NA,594.26013,175.71183000000002
1500,hart,HART_S3_P3412_R1,2023,1,204.5,239.43929999999997,lentil,NA,NA,1607.0,NA,NA,1235.783,791.8436999999999
1501,hart,HART_S3_P3412_R1,2024,2,202.0,155.85440000000003,Barley,NA,NA,2572.83,0.0,NA,800.6646959999999,442.8102959999999
1502,hart,HART_S3_P3412_R1,2025,3,204.5,214.04829999999998,Lentil,NA,NA,1151.48,NA,NA,885.48812,466.93982
1503,hart,HART_S10.1_P2312_R1,2023,1,193.5,190.25835,wheat,NA,NA,2600.0,NA,NA,936.0,552.2416499999999
1504,hart,HART_S10.1_P2312_R1,2024,2,202.0,193.16680829999999,Barley,NA,NA,1591.09,0.0,NA,495.1472079999999,99.98039969999994
1505,hart,HART_S10.1_P2312_R1,2025,3,207.3555,187.1908,Canola,Lentil,NA,58.41,495.81,NA,421.58079,27.034489999999977
1506,hart,HART_S9_P3412_R1,2023,1,202.0,246.75834999999998,wheat,NA,NA,3280.0,NA,NA,1180.8,732.04165
1507,hart,HART_S9_P3412_R1,2024,2,202.0,220.68351425,Barley,NA,NA,401.09,0.0,NA,124.819208,-297.86430625
1508,hart,HART_S9_P3412_R1,2025,3,215.5,226.94779999999997,Vetch,NA,NA,0.0,NA,NA,0.0,-442.4478
1509,hart,HART_S10.2_P2312_R2,2023,1,202.0,218.75835,wheat,NA,NA,2851.0,NA,NA,1026.36,605.6016499999998
1510,hart,HART_S10.2_P2312_R2,2024,2,202.0,181.97245029500002,Barley,NA,NA,1115.22,0.0,NA,347.056464,-36.91598629500001
1511,hart,HART_S10.2_P2312_R2,2025,3,214.95725,191.5090608695,Canola,Lentil,NA,72.34,445.95,NA,392.85015,-13.616160869499993
1512,hart,HART_S6_P2341_R1,2023,1,213.0,232.32580000000002,canola,NA,NA,500.0,NA,NA,345.0,-100.32580000000002
1513,hart,HART_S6_P2341_R1,2024,2,202.0,189.60315159,Wheat,NA,NA,682.17,0.0,NA,245.5812,-146.02195159000001
1514,hart,HART_S6_P2341_R1,2025,3,193.5,209.6068,Barley,NA,NA,2543.5,NA,NA,791.5372,388.43039999999996
1515,hart,HART_S4.2_P2341_R2,2023,1,202.0,246.75834999999998,wheat,NA,NA,2369.0,NA,NA,852.8399999999999,404.08164999999997
1516,hart,HART_S4.2_P2341_R2,2024,2,210.5,233.248870683,Canola,NA,NA,75.22,0.0,NA,51.9018,-391.84707068299997
1517,hart,HART_S4.2_P2341_R2,2025,3,202.0,239.14723478499997,Barley,NA,NA,2461.62,NA,NA,766.0561439999999,324.90890921499994
1518,hart,HART_S10.1_P2312_R2,2023,1,193.5,190.25835,wheat,NA,NA,2810.0,NA,NA,1011.6,627.8416500000001
1519,hart,HART_S10.1_P2312_R2,2024,2,202.0,193.16680829999999,Barley,NA,NA,791.09,0.0,NA,246.187208,-148.9796003
1520,hart,HART_S10.1_P2312_R2,2025,3,208.34199999999998,187.1908,Canola,Lentil,NA,22.57,571.11,NA,454.75689000000006,59.224090000000075
1521,hart,HART_S6_P3412_R2,2023,1,202.0,246.75834999999998,wheat,NA,NA,2979.0,NA,NA,1072.44,623.6816500000001
1522,hart,HART_S6_P3412_R2,2024,2,202.0,171.85777473,Barley,NA,NA,1000.43,0.0,NA,311.333816,-62.523958729999976
1523,hart,HART_S6_P3412_R2,2025,3,204.5,214.04829999999998,Lentil,NA,NA,992.84,NA,NA,763.49396,344.94566000000003
1524,hart,HART_S1.3_P2312_R1,2023,1,202.0,259.75834999999995,wheat,NA,NA,3480.0,NA,NA,1252.8,791.04165
1525,hart,HART_S1.3_P2312_R1,2024,2,202.0,230.85439999999997,Barley,NA,NA,135.0,0.0,NA,42.01199999999999,-390.8424
1526,hart,HART_S1.3_P2312_R1,2025,3,204.5,214.04829999999998,Lentil,NA,NA,854.66,NA,NA,657.23354,238.68523999999996
1527,hart,HART_S10.2_P1231_R3,2023,1,236.975,244.6893,canola,lentil,NA,275.0,1024.0,NA,977.206,495.5417
1528,hart,HART_S10.2_P1231_R3,2024,2,202.0,250.74418625,Wheat,NA,NA,818.04,0.0,NA,294.4944,-158.24978625000003
1529,hart,HART_S10.2_P1231_R3,2025,3,193.5,209.6068,Barley,NA,NA,2374.62,NA,NA,738.9817439999999,335.8749439999999
1530,hart,HART_S4.1_P3412_R1,2023,1,213.0,210.82580000000002,canola,NA,NA,1049.0,NA,NA,723.81,299.98419999999993
1531,hart,HART_S4.1_P3412_R1,2024,2,202.0,204.75806106500002,Barley,NA,NA,13.7,0.0,NA,4.263439999999999,-402.49462106500005
1532,hart,HART_S4.1_P3412_R1,2025,3,204.5,214.04829999999998,Lentil,NA,NA,649.95,NA,NA,499.81155000000007,81.26325000000008
1533,hart,HART_S1.3_P1231_R1,2023,1,204.5,239.43929999999997,lentil,NA,NA,1536.0,NA,NA,1181.184,737.2447
1534,hart,HART_S1.3_P1231_R1,2024,2,202.0,243.052,Wheat,NA,NA,226.52,0.0,NA,81.5472,-363.5048
1535,hart,HART_S1.3_P1231_R1,2025,3,202.0,284.60679999999996,Barley,NA,NA,1765.61,NA,NA,549.4578319999999,62.851031999999975
1536,hart,HART_S3_P3412_R3,2023,1,204.5,239.43929999999997,lentil,NA,NA,1356.0,NA,NA,1042.764,598.8246999999999
1537,hart,HART_S3_P3412_R3,2024,2,202.0,155.85440000000003,Barley,NA,NA,1936.09,0.0,NA,602.5112079999999,244.65680799999987
1538,hart,HART_S3_P3412_R3,2025,3,204.5,214.04829999999998,Lentil,NA,NA,885.36,NA,NA,680.84184,262.29354000000006
1539,hart,HART_S4.1_P1234_R2,2023,1,204.5,239.43929999999997,lentil,NA,NA,1264.0,NA,NA,972.016,528.0767
1540,hart,HART_S4.1_P1234_R2,2024,2,202.0,214.75948176,Wheat,NA,NA,1507.83,0.0,NA,542.8188,126.05931824000001
1541,hart,HART_S4.1_P1234_R2,2025,3,215.5,226.2658,Canola,NA,NA,0.0,NA,NA,0.0,-441.7658
1542,hart,HART_S7_P3412_R3,2023,1,202.0,246.75834999999998,wheat,NA,NA,3275.0,NA,NA,1179.0,730.24165
1543,hart,HART_S7_P3412_R3,2024,2,202.0,214.90329390000002,Barley,NA,NA,1741.52,0.0,NA,541.961024,125.05773009999993
1544,hart,HART_S7_P3412_R3,2025,3,204.5,214.04829999999998,Lentil,NA,NA,1079.84,NA,NA,830.3969599999999,411.84865999999994
1545,hart,HART_S9_P2341_R1,2023,1,213.0,232.32580000000002,canola,NA,NA,788.0,NA,NA,543.7199999999999,98.3941999999999
1546,hart,HART_S9_P2341_R1,2024,2,202.0,221.59511175000003,Wheat,NA,NA,915.22,0.0,NA,329.4792,-94.11591175000004
1547,hart,HART_S9_P2341_R1,2025,3,193.5,209.6068,Barley,NA,NA,3085.98,NA,NA,960.356976,557.250176
1548,hart,HART_S2.2_P0000_R2,2023,1,202.0,264.25834999999995,wheat,NA,NA,2881.0,NA,NA,1037.16,570.9016500000001
1549,hart,HART_S2.2_P0000_R2,2024,2,202.0,182.41727117500002,Barley,NA,NA,1687.0,0.0,NA,524.9943999999999,140.5771288249999
1550,hart,HART_S2.2_P0000_R2,2025,3,204.5,214.04829999999998,Lentil,NA,NA,829.07,NA,NA,637.55483,219.00653000000005
1551,hart,HART_S10.1_P2312_R3,2023,1,193.5,190.25835,wheat,NA,NA,2636.0,NA,NA,948.96,565.20165
1552,hart,HART_S10.1_P2312_R3,2024,2,202.0,193.16680829999999,Barley,NA,NA,1103.91,0.0,NA,343.536792,-51.630016299999994
1553,hart,HART_S10.1_P2312_R3,2025,3,206.0265,187.1908,Canola,Lentil,NA,50.21,450.85,NA,381.3485500000001,-11.868749999999892
1554,hart,HART_S9_P3412_R2,2023,1,202.0,246.75834999999998,wheat,NA,NA,2446.0,NA,NA,880.56,431.80165
1555,hart,HART_S9_P3412_R2,2024,2,202.0,220.68351425,Barley,NA,NA,1358.91,0.0,NA,422.892792,0.20927774999998405
1556,hart,HART_S9_P3412_R2,2025,3,215.5,226.94779999999997,Vetch,NA,NA,0.0,NA,NA,0.0,-442.4478
1557,hart,HART_S10.1_P1231_R2,2023,1,243.875,244.6893,canola,lentil,NA,232.0,1343.0,NA,1192.847,704.2827
1558,hart,HART_S10.1_P1231_R2,2024,2,202.0,228.395073865,Wheat,NA,NA,960.65,0.0,NA,345.834,-84.561073865
1559,hart,HART_S10.1_P1231_R2,2025,3,193.5,209.6068,Barley,NA,NA,2686.8,NA,NA,836.13216,433.02536
1560,hart,HART_S4.3_P4123_R1,2023,1,202.0,258.75835,barley,NA,NA,4350.0,NA,NA,1353.7199999999998,892.9616499999997
1561,hart,HART_S4.3_P4123_R1,2024,2,193.5,238.8444,Lentil,NA,NA,414.57,0.0,NA,318.80433,-113.54007000000001
1562,hart,HART_S4.3_P4123_R1,2025,3,202.0,312.15326955,Wheat,NA,NA,3019.45,NA,NA,1087.002,572.84873045
1563,hart,HART_S1.3_P1231_R3,2023,1,204.5,239.43929999999997,lentil,NA,NA,1247.0,NA,NA,958.943,515.0037
1564,hart,HART_S1.3_P1231_R3,2024,2,202.0,243.052,Wheat,NA,NA,1604.57,0.0,NA,577.6451999999999,132.59319999999994
1565,hart,HART_S1.3_P1231_R3,2025,3,202.0,284.6068,Barley,NA,NA,2374.62,NA,NA,738.9817439999999,252.3749439999999
1566,hart,HART_S8_P3412_R3,2023,1,202.0,235.75835,barley,NA,NA,3982.0,NA,NA,1239.1984,801.4400499999999
1567,hart,HART_S8_P3412_R3,2024,2,202.0,256.61117314999996,Wheat,NA,NA,1347.83,0.0,NA,485.21879999999993,26.607626849999974
1568,hart,HART_S8_P3412_R3,2025,3,204.5,214.04829999999998,Lentil,NA,NA,1166.84,NA,NA,897.2999599999999,478.75165999999996
1569,hart,HART_S7_P2341_R3,2023,1,204.5,230.3862,field pea,NA,NA,1752.0,NA,NA,802.416,367.5298
1570,hart,HART_S7_P2341_R3,2024,2,202.0,229.628198315,Wheat,NA,NA,2078.26,0.0,NA,748.1736000000001,316.5454016850001
1571,hart,HART_S7_P2341_R3,2025,3,193.5,209.6068,Barley,NA,NA,2896.62,NA,NA,901.428144,498.32134399999995
1572,hart,HART_S3_P4123_R2,2023,1,202.0,235.75834999999998,barley,NA,NA,3306.0,NA,NA,1028.8272,591.06885
1573,hart,HART_S3_P4123_R2,2024,2,193.5,238.8444,Lentil,NA,NA,932.17,0.0,NA,716.8387299999999,284.49432999999993
1574,hart,HART_S3_P4123_R2,2025,3,202.0,258.18135652,Wheat,NA,NA,2400.2,NA,NA,864.0719999999999,403.8906434799999
1575,hart,HART_S7_P1234_R3,2023,1,204.5,239.4393,lentil,NA,NA,1752.0,NA,NA,1347.288,903.3487
1576,hart,HART_S7_P1234_R3,2024,2,193.5,229.7944,Field pea,NA,NA,949.35,0.0,NA,434.8023,11.507900000000006
1577,hart,HART_S7_P1234_R3,2025,3,202.0,263.920486955,Wheat,NA,NA,2538.38,NA,NA,913.8168,447.89631304499994
1578,hart,HART_S1.1_P1231_R3,2023,1,204.5,239.43929999999997,lentil,NA,NA,1562.0,NA,NA,1201.178,757.2387000000001
1579,hart,HART_S1.1_P1231_R3,2024,2,202.0,223.052,Wheat,NA,NA,1487.39,0.0,NA,535.4604,110.40840000000006
1580,hart,HART_S1.1_P1231_R3,2025,3,202.0,259.6068,Barley,NA,NA,2456.5,NA,NA,764.4627999999999,302.8559999999999
1581,hart,HART_S10.1_P1231_R3,2023,1,241.3,244.6893,canola,lentil,NA,264.0,1208.0,NA,1111.112,625.1227000000001
1582,hart,HART_S10.1_P1231_R3,2024,2,202.0,228.395073865,Wheat,NA,NA,849.78,0.0,NA,305.9208,-124.47427386500001
1583,hart,HART_S10.1_P1231_R3,2025,3,193.5,209.60680000000002,Barley,NA,NA,2983.62,NA,NA,928.502544,525.3957439999999
1584,hart,HART_S4.1_P4123_R3,2023,1,202.0,209.25835,barley,NA,NA,3460.0,NA,NA,1076.752,665.4936499999999
1585,hart,HART_S4.1_P4123_R3,2024,2,193.5,238.8444,Lentil,NA,NA,663.26,0.0,NA,510.04694,77.70254
1586,hart,HART_S4.1_P4123_R3,2025,3,202.0,257.87274782500003,Wheat,NA,NA,2226.2,NA,NA,801.4319999999999,341.55925217499987
1587,hart,HART_S4.3_P3412_R2,2023,1,213.0,245.3258,canola,NA,NA,670.0,NA,NA,462.3,3.9742000000000246
1588,hart,HART_S4.3_P3412_R2,2024,2,202.0,205.27791397000001,Barley,NA,NA,267.39,0.0,NA,83.21176799999999,-324.06614597000004
1589,hart,HART_S4.3_P3412_R2,2025,3,204.5,214.04829999999998,Lentil,NA,NA,767.66,NA,NA,590.33054,171.78224000000006
1590,hart,HART_S4.1_P3412_R2,2023,1,213.0,210.82580000000002,canola,NA,NA,537.0,NA,NA,370.53,-53.29580000000004
1591,hart,HART_S4.1_P3412_R2,2024,2,202.0,204.75806106500002,Barley,NA,NA,371.96,0.0,NA,115.75395199999998,-291.004109065
1592,hart,HART_S4.1_P3412_R2,2025,3,204.5,214.04829999999998,Lentil,NA,NA,777.89,NA,NA,598.19741,179.64911
1593,hart,HART_S4.2_P2341_R1,2023,1,202.0,246.75834999999998,wheat,NA,NA,2518.0,NA,NA,906.48,457.72165000000007
1594,hart,HART_S4.2_P2341_R1,2024,2,210.5,233.248870683,Canola,NA,NA,194.35,0.0,NA,134.1015,-309.647370683
1595,hart,HART_S4.2_P2341_R1,2025,3,202.0,239.14723478499997,Barley,NA,NA,2686.8,NA,NA,836.13216,394.98492521500003
1596,hart,HART_S6_P1234_R3,2023,1,204.5,239.4393,lentil,NA,NA,1866.0,NA,NA,1434.954,991.0147
1597,hart,HART_S6_P1234_R3,2024,2,210.5,231.33999999999997,Canola,NA,NA,686.96,0.0,NA,474.0024,32.16240000000005
1598,hart,HART_S6_P1234_R3,2025,3,202.0,272.377008695,Wheat,NA,NA,2374.62,NA,NA,854.8631999999999,380.4861913049999
1599,hart,HART_S8_P1234_R3,2023,1,204.5,239.4393,lentil,NA,NA,1407.0,NA,NA,1081.983,638.0437
1600,hart,HART_S8_P1234_R3,2024,2,202.0,214.29387340500003,Wheat,NA,NA,1884.35,0.0,NA,678.366,262.072126595
1601,hart,HART_S8_P1234_R3,2025,3,193.5,209.6068,Barley,NA,NA,2169.91,NA,NA,675.2759919999999,272.16919199999984
1602,hart,HART_S1.2_P2312_R1,2023,1,202.0,246.75834999999998,wheat,NA,NA,3250.0,NA,NA,1170.0,721.24165
1603,hart,HART_S1.2_P2312_R1,2024,2,202.0,180.720449485,Barley,NA,NA,261.74,0.0,NA,81.453488,-301.266961485
1604,hart,HART_S1.2_P2312_R1,2025,3,204.5,214.04829999999998,Lentil,NA,NA,931.42,NA,NA,716.26198,297.71368
1605,hart,HART_S4.3_P3412_R1,2023,1,213.0,245.3258,canola,NA,NA,578.0,NA,NA,398.82,-59.505799999999994
1606,hart,HART_S4.3_P3412_R1,2024,2,202.0,205.27791397000001,Barley,NA,NA,67.39,0.0,NA,20.971768,-386.30614597
1607,hart,HART_S4.3_P3412_R1,2025,3,204.5,214.04829999999998,Lentil,NA,NA,1054.25,NA,NA,810.71825,392.16995000000003
1608,hart,HART_S8_P2341_R2,2023,1,202.0,246.75834999999998,wheat,NA,NA,2579.0,NA,NA,928.44,479.6816500000001
1609,hart,HART_S8_P2341_R2,2024,2,202.0,198.84890383,Barley,NA,NA,724.57,0.0,NA,225.486184,-175.36271983
1610,hart,HART_S8_P2341_R2,2025,3,202.0,282.996573915,Wheat,NA,NA,1821.9,NA,NA,655.884,170.88742608500002
1611,hart,HART_S1.2_P1231_R3,2023,1,204.5,239.43929999999997,lentil,NA,NA,1665.0,NA,NA,1280.385,836.4457
1612,hart,HART_S1.2_P1231_R3,2024,2,202.0,202.61067411000002,Wheat,NA,NA,1543.04,0.0,NA,555.4943999999999,150.8837258899999
1613,hart,HART_S1.2_P1231_R3,2025,3,193.5,209.6068,Barley,NA,NA,2328.56,NA,NA,724.6478719999999,321.5410719999999
1614,hart,HART_S4.2_P3412_R2,2023,1,213.0,232.32580000000004,canola,NA,NA,573.0,NA,NA,395.37,-49.95580000000004
1615,hart,HART_S4.2_P3412_R2,2024,2,202.0,179.28229034,Barley,NA,NA,403.04,0.0,NA,125.426048,-255.85624234
1616,hart,HART_S4.2_P3412_R2,2025,3,204.5,214.04829999999998,Lentil,NA,NA,890.48,NA,NA,684.77912,266.23082000000005
1617,hart,HART_S2.1_P0000_R2,2023,1,202.0,238.25834999999998,wheat,NA,NA,3129.0,NA,NA,1126.44,686.1816500000001
1618,hart,HART_S2.1_P0000_R2,2024,2,202.0,183.213910535,Barley,NA,NA,2060.9,0.0,NA,641.35208,256.13816946500003
1619,hart,HART_S2.1_P0000_R2,2025,3,204.5,214.04829999999998,Lentil,NA,NA,767.66,NA,NA,590.33054,171.78224000000006
1620,hart,HART_S3_P1234_R1,2023,1,204.5,239.43929999999997,lentil,NA,NA,1515.0,NA,NA,1165.035,721.0957000000001
1621,hart,HART_S3_P1234_R1,2024,2,202.0,216.27188242000003,Wheat,NA,NA,1806.52,0.0,NA,650.3471999999999,232.0753175799999
1622,hart,HART_S3_P1234_R1,2025,3,204.5,214.04829999999998,Lentil,NA,NA,885.36,NA,NA,680.84184,262.29354000000006
1623,hart,HART_S10.3_P3123_R3,2023,1,202.0,235.75834999999998,barley,NA,NA,3270.0,NA,NA,1017.624,579.8656500000001
1624,hart,HART_S10.3_P3123_R3,2024,2,207.625,243.64695128,Lentil,Canola,NA,34.35,630.65,NA,508.67135,57.39939872000002
1625,hart,HART_S10.3_P3123_R3,2025,3,193.5,240.80440000000002,Wheat,NA,NA,1965.2,NA,NA,707.472,273.1676
1626,hart,HART_S4.1_P4123_R2,2023,1,202.0,209.25835,barley,NA,NA,3209.0,NA,NA,998.6408,587.3824500000001
1627,hart,HART_S4.1_P4123_R2,2024,2,193.5,238.8444,Lentil,NA,NA,1022.39,0.0,NA,786.21791,353.87350999999995
1628,hart,HART_S4.1_P4123_R2,2025,3,202.0,257.872747825,Wheat,NA,NA,2389.97,NA,NA,860.3891999999998,400.51645217499987
1629,hart,HART_S4.2_P4123_R3,2023,1,202.0,235.75835,barley,NA,NA,3997.0,NA,NA,1243.8664,806.10805
1630,hart,HART_S4.2_P4123_R3,2024,2,193.5,238.8444,Lentil,NA,NA,795.22,0.0,NA,611.52418,179.17978
1631,hart,HART_S4.2_P4123_R3,2025,3,202.0,287.36613912999997,Wheat,NA,NA,2594.68,NA,NA,934.0848,444.71866087
1632,hart,HART_S1.1_P2312_R1,2023,1,202.0,246.75834999999998,wheat,NA,NA,3327.0,NA,NA,1197.72,748.9616500000001
1633,hart,HART_S1.1_P2312_R1,2024,2,202.0,205.85439999999997,Barley,NA,NA,681.74,0.0,NA,212.157488,-195.69691199999997
1634,hart,HART_S1.1_P2312_R1,2025,3,204.5,214.04829999999998,Lentil,NA,NA,1059.37,NA,NA,814.6555299999999,396.1072299999999
1635,hart,HART_S4.1_P1234_R1,2023,1,204.5,239.43929999999997,lentil,NA,NA,1602.0,NA,NA,1231.938,787.9987000000001
1636,hart,HART_S4.1_P1234_R1,2024,2,202.0,214.75948176,Wheat,NA,NA,1731.09,0.0,NA,623.1923999999999,206.4329182399999
1637,hart,HART_S4.1_P1234_R1,2025,3,215.5,226.26579999999998,Canola,NA,NA,0.0,NA,NA,0.0,-441.7658
1638,hart,HART_S5_P0000_R3,2023,1,204.5,239.4393,lentil,NA,NA,1515.0,NA,NA,1165.035,721.0957000000001
1639,hart,HART_S5_P0000_R3,2024,2,193.5,238.44439999999997,Chickpea,NA,NA,0.0,0.0,NA,0.0,-431.9444
1640,hart,HART_S5_P0000_R3,2025,3,193.5,191.3468,Oats,NA,NA,2150.0,NA,NA,541.8,156.95319999999995
1641,hart,HART_S9_P2341_R2,2023,1,213.0,232.3258,canola,NA,NA,466.0,NA,NA,321.54,-123.78579999999997
1642,hart,HART_S9_P2341_R2,2024,2,202.0,221.59511175000003,Wheat,NA,NA,654.35,0.0,NA,235.566,-188.02911175000003
1643,hart,HART_S9_P2341_R2,2025,3,193.5,209.6068,Barley,NA,NA,2318.32,NA,NA,721.461184,318.354384
1644,hart,HART_S6_P2341_R2,2023,1,213.0,232.32580000000002,canola,NA,NA,634.0,NA,NA,437.46,-7.865800000000036
1645,hart,HART_S6_P2341_R2,2024,2,202.0,189.60315159,Wheat,NA,NA,509.13,0.0,NA,183.2868,-208.31635159
1646,hart,HART_S6_P2341_R2,2025,3,193.5,209.60680000000002,Barley,NA,NA,2482.09,NA,NA,772.426408,369.319608
1647,hart,HART_S2.3_P0000_R2,2023,1,202.0,285.75834999999995,wheat,NA,NA,3737.0,NA,NA,1345.32,857.56165
1648,hart,HART_S2.3_P0000_R2,2024,2,202.0,182.76499213000002,Barley,NA,NA,743.5,0.0,NA,231.3772,-153.38779213000004
1649,hart,HART_S2.3_P0000_R2,2025,3,204.5,214.04829999999998,Lentil,NA,NA,951.89,NA,NA,732.00341,313.45511000000005
1650,hart,HART_S10.3_P1231_R3,2023,1,241.0,244.6893,canola,lentil,NA,358.0,1102.0,NA,1094.458,608.7687000000001
1651,hart,HART_S10.3_P1231_R3,2024,2,202.0,232.17947586,Wheat,NA,NA,1115.43,0.0,NA,401.5548,-32.624675859999996
1652,hart,HART_S10.3_P1231_R3,2025,3,193.5,209.60680000000002,Barley,NA,NA,3111.57,NA,NA,968.320584,565.213784
1653,hart,HART_S7_P4123_R3,2023,1,202.0,235.75835,barley,NA,NA,3792.0,NA,NA,1180.0703999999998,742.3120499999998
1654,hart,HART_S7_P4123_R3,2024,2,193.5,238.8444,Lentil,NA,NA,675.0,0.0,NA,519.075,86.73060000000004
1655,hart,HART_S7_P4123_R3,2025,3,193.5,200.4358,Field pea,NA,NA,1402.25,NA,NA,642.2305,248.2947
1656,hart,HART_S10.1_P1231_R1,2023,1,235.225,244.6893,canola,lentil,NA,195.0,1034.0,NA,929.696,449.7817
1657,hart,HART_S10.1_P1231_R1,2024,2,202.0,228.395073865,Wheat,NA,NA,1159.78,0.0,NA,417.5208,-12.874273864999992
1658,hart,HART_S10.1_P1231_R1,2025,3,193.5,209.6068,Barley,NA,NA,3004.09,NA,NA,934.872808,531.7660079999999
1659,hart,HART_S7_P3412_R1,2023,1,202.0,246.75834999999998,wheat,NA,NA,3787.0,NA,NA,1363.32,914.56165
1660,hart,HART_S7_P3412_R1,2024,2,202.0,214.90329390000002,Barley,NA,NA,244.35,0.0,NA,76.04172,-340.86157390000005
1661,hart,HART_S7_P3412_R1,2025,3,204.5,214.04829999999998,Lentil,NA,NA,1069.6,NA,NA,822.5224,403.97409999999996
1662,hart,HART_S3_P4123_R3,2023,1,202.0,235.75834999999998,barley,NA,NA,3961.0,NA,NA,1232.6632,794.90485
1663,hart,HART_S3_P4123_R3,2024,2,193.5,238.8444,Lentil,NA,NA,360.22,0.0,NA,277.00918,-155.33522
1664,hart,HART_S3_P4123_R3,2025,3,202.0,258.18135652,Wheat,NA,NA,2958.03,NA,NA,1064.8908,604.7094434799999
1665,hart,HART_S4.3_P4123_R2,2023,1,202.0,258.75835,barley,NA,NA,3373.0,NA,NA,1049.6776,588.9192499999999
1666,hart,HART_S4.3_P4123_R2,2024,2,193.5,238.8444,Lentil,NA,NA,794.35,0.0,NA,610.85515,178.51074999999997
1667,hart,HART_S4.3_P4123_R2,2025,3,202.0,312.15326955,Wheat,NA,NA,2369.5,NA,NA,853.02,338.86673045
1668,hart,HART_S9_P4123_R1,2023,1,202.0,235.75835,barley,NA,NA,3700.0,NA,NA,1151.4399999999998,713.6816499999998
1669,hart,HART_S9_P4123_R1,2024,2,182.5,139.03,Vetch,NA,NA,0.0,0.0,NA,0.0,-321.53
1670,hart,HART_S9_P4123_R1,2025,3,215.5,226.26579999999998,Canola,NA,NA,0.0,NA,NA,0.0,-441.7658
1671,hart,HART_S10.1_P3123_R2,2023,1,193.5,190.25835,barley,NA,NA,3506.0,NA,NA,1091.0672,707.3088499999999
1672,hart,HART_S10.1_P3123_R2,2024,2,199.3425,199.815,Lentil,Canola,NA,128.48,545.22,NA,507.92538,108.76788000000005
1673,hart,HART_S10.1_P3123_R2,2025,3,202.0,297.2791826,Wheat,NA,NA,2400.2,NA,NA,864.0719999999999,364.7928173999999
1674,hart,HART_S10.2_P2312_R3,2023,1,202.0,218.75835,wheat,NA,NA,2881.0,NA,NA,1037.16,616.40165
1675,hart,HART_S10.2_P2312_R3,2024,2,202.0,181.97245029500002,Barley,NA,NA,1719.78,0.0,NA,535.195536,151.22308570499993
1676,hart,HART_S10.2_P2312_R3,2025,3,218.94575,191.5090608695,Canola,Lentil,NA,53.67,624.16,NA,517.01134,106.55652913050005
1677,hart,HART_S1.2_P1231_R1,2023,1,204.5,239.43929999999997,lentil,NA,NA,1237.0,NA,NA,951.253,507.31370000000004
1678,hart,HART_S1.2_P1231_R1,2024,2,202.0,202.61067411000002,Wheat,NA,NA,2089.35,0.0,NA,752.1659999999999,347.55532588999995
1679,hart,HART_S1.2_P1231_R1,2025,3,193.5,209.6068,Barley,NA,NA,2645.85,NA,NA,823.3885199999999,420.28171999999984
1680,hart,HART_S8_P2341_R1,2023,1,202.0,246.75834999999998,wheat,NA,NA,3255.0,NA,NA,1171.8,723.04165
1681,hart,HART_S8_P2341_R1,2024,2,202.0,198.84890383,Barley,NA,NA,1099.57,0.0,NA,342.186184,-58.662719829999986
1682,hart,HART_S8_P2341_R1,2025,3,202.0,282.996573915,Wheat,NA,NA,2210.85,NA,NA,795.906,310.90942608499995
1683,hart,HART_S3_P1234_R2,2023,1,204.5,239.43929999999997,lentil,NA,NA,1310.0,NA,NA,1007.39,563.4507
1684,hart,HART_S3_P1234_R2,2024,2,202.0,216.27188242000003,Wheat,NA,NA,1700.0,0.0,NA,612.0,193.72811757999997
1685,hart,HART_S3_P1234_R2,2025,3,204.5,214.04829999999998,Lentil,NA,NA,875.13,NA,NA,672.97497,254.42667
1686,hart,HART_S10.3_P3123_R1,2023,1,202.0,235.75834999999998,barley,NA,NA,4319.0,NA,NA,1344.0728,906.31445
1687,hart,HART_S10.3_P3123_R1,2024,2,199.7065,243.64695128,Lentil,Canola,NA,0.0,348.26,NA,267.81194,-175.54151128
1688,hart,HART_S10.3_P3123_R1,2025,3,193.5,240.8044,Wheat,NA,NA,2308.09,NA,NA,830.9124,396.60800000000006
1689,hart,HART_S5_P0000_R8,2023,1,204.5,239.4393,lentil,NA,NA,1258.0,NA,NA,967.402,523.4627
1690,hart,HART_S5_P0000_R8,2024,2,193.5,238.44439999999997,Chickpea,NA,NA,0.0,0.0,NA,0.0,-431.9444
1691,hart,HART_S5_P0000_R8,2025,3,193.5,191.3468,Oats,NA,NA,1935.87,NA,NA,487.83924,102.99244000000002
1692,hart,HART_S9_P4123_R3,2023,1,202.0,235.75835,barley,NA,NA,4299.0,NA,NA,1337.8488,900.0904499999999
1693,hart,HART_S9_P4123_R3,2024,2,182.5,139.03,Vetch,NA,NA,0.0,0.0,NA,0.0,-321.53
1694,hart,HART_S9_P4123_R3,2025,3,215.5,226.2658,Canola,NA,NA,0.0,NA,NA,0.0,-441.7658
1695,hart,HART_S1.2_P1231_R2,2023,1,204.5,239.43929999999997,lentil,NA,NA,1608.0,NA,NA,1236.552,792.6126999999999
1696,hart,HART_S1.2_P1231_R2,2024,2,202.0,202.61067411000002,Wheat,NA,NA,2192.83,0.0,NA,789.4187999999999,384.8081258899999
1697,hart,HART_S1.2_P1231_R2,2025,3,193.5,209.6068,Barley,NA,NA,2589.56,NA,NA,805.8710719999999,402.7642719999999
1698,hart,HART_S9_P1234_R3,2023,1,204.5,256.3362,vetch,NA,NA,0.0,NA,NA,0.0,-460.8362
1699,hart,HART_S9_P1234_R3,2024,2,210.5,231.33999999999997,Canola,NA,NA,336.52,0.0,NA,232.1988,-209.64119999999997
1700,hart,HART_S9_P1234_R3,2025,3,193.5,240.8044,Wheat,NA,NA,2175.03,NA,NA,783.0108,348.70640000000003
1701,hart,HART_S2.2_P0000_R1,2023,1,202.0,264.25834999999995,wheat,NA,NA,3608.0,NA,NA,1298.88,832.6216500000002
1702,hart,HART_S2.2_P0000_R1,2024,2,202.0,182.41727117500002,Barley,NA,NA,1480.4,0.0,NA,460.70048,76.283208825
1703,hart,HART_S2.2_P0000_R1,2025,3,204.5,214.04829999999998,Lentil,NA,NA,1095.19,NA,NA,842.2011100000001,423.6528100000001
1704,hart,HART_S4.2_P4123_R1,2023,1,202.0,235.75835,barley,NA,NA,3357.0,NA,NA,1044.6984,606.9400499999999
1705,hart,HART_S4.2_P4123_R1,2024,2,193.5,238.8444,Lentil,NA,NA,752.83,0.0,NA,578.92627,146.58187000000004
1706,hart,HART_S4.2_P4123_R1,2025,3,202.0,287.36613912999997,Wheat,NA,NA,2507.68,NA,NA,902.7648,413.39866087000007
1707,hart,HART_S4.1_P1234_R3,2023,1,204.5,239.43929999999997,lentil,NA,NA,1750.0,NA,NA,1345.75,901.8107
1708,hart,HART_S4.1_P1234_R3,2024,2,202.0,214.75948176,Wheat,NA,NA,2208.7,0.0,NA,795.132,378.37251824
1709,hart,HART_S4.1_P1234_R3,2025,3,215.5,226.26579999999998,Canola,NA,NA,0.0,NA,NA,0.0,-441.7658
1710,hart,HART_S6_P1234_R1,2023,1,204.5,239.4393,lentil,NA,NA,1428.0,NA,NA,1098.132,654.1927000000001
1711,hart,HART_S6_P1234_R1,2024,2,210.5,231.33999999999997,Canola,NA,NA,560.0,0.0,NA,386.4,-55.44
1712,hart,HART_S6_P1234_R1,2025,3,202.0,272.377008695,Wheat,NA,NA,2333.67,NA,NA,840.1212,365.7441913050001
1713,hart,HART_S4.2_P2341_R3,2023,1,202.0,246.75834999999998,wheat,NA,NA,3480.0,NA,NA,1252.8,804.04165
1714,hart,HART_S4.2_P2341_R3,2024,2,210.5,233.248870683,Canola,NA,NA,384.78,0.0,NA,265.49819999999994,-178.25067068300007
1715,hart,HART_S4.2_P2341_R3,2025,3,202.0,239.14723478499997,Barley,NA,NA,2666.33,NA,NA,829.7618959999999,388.6146612149999
1716,hart,HART_S4.2_P1234_R2,2023,1,204.5,239.43929999999997,lentil,NA,NA,1167.0,NA,NA,897.423,453.4837
1717,hart,HART_S4.2_P1234_R2,2024,2,202.0,223.82467649999998,Wheat,NA,NA,1377.83,0.0,NA,496.0188,70.19412350000002
1718,hart,HART_S4.2_P1234_R2,2025,3,215.5,226.2658,Canola,NA,NA,0.0,NA,NA,0.0,-441.7658
1719,hart,HART_S4.3_P3412_R3,2023,1,213.0,245.3258,canola,NA,NA,563.0,NA,NA,388.47,-69.85579999999996
1720,hart,HART_S4.3_P3412_R3,2024,2,202.0,205.27791397000001,Barley,NA,NA,320.87,0.0,NA,99.854744,-307.42316997
1721,hart,HART_S4.3_P3412_R3,2025,3,204.5,214.04829999999998,Lentil,NA,NA,849.54,NA,NA,653.29626,234.74795999999998
1722,hart,HART_S5_P0000_R9,2023,1,204.5,239.4393,lentil,NA,NA,1211.0,NA,NA,931.259,487.3197
1723,hart,HART_S5_P0000_R9,2024,2,193.5,238.44439999999997,Chickpea,NA,NA,0.0,0.0,NA,0.0,-431.9444
1724,hart,HART_S5_P0000_R9,2025,3,193.5,191.3468,Oats,NA,NA,2703.26,NA,NA,681.22152,296.37472
1725,hart,HART_S1.3_P1231_R2,2023,1,204.5,239.43929999999997,lentil,NA,NA,1273.0,NA,NA,978.937,534.9977
1726,hart,HART_S1.3_P1231_R2,2024,2,202.0,243.052,Wheat,NA,NA,1784.78,0.0,NA,642.5208,197.46880000000002
1727,hart,HART_S1.3_P1231_R2,2025,3,202.0,284.6068,Barley,NA,NA,2482.09,NA,NA,772.426408,285.819608
1728,hart,HART_S6_P4123_R2,2023,1,202.0,235.75835,barley,NA,NA,3634.0,NA,NA,1130.9008,693.1424499999998
1729,hart,HART_S6_P4123_R2,2024,2,193.5,238.8444,Lentil,NA,NA,798.91,0.0,NA,614.36179,182.01739000000003
1730,hart,HART_S6_P4123_R2,2025,3,224.0,240.17406086999998,Canola,NA,NA,0.0,NA,NA,0.0,-464.17406086999995
1731,hart,HART_S1.3_P2312_R3,2023,1,202.0,259.75834999999995,wheat,NA,NA,3112.0,NA,NA,1120.32,658.56165
1732,hart,HART_S1.3_P2312_R3,2024,2,202.0,230.85440000000003,Barley,NA,NA,1211.96,0.0,NA,377.161952,-55.69244800000004
1733,hart,HART_S1.3_P2312_R3,2025,3,204.5,214.04829999999998,Lentil,NA,NA,1284.54,NA,NA,987.81126,569.26296
1734,hart,HART_S6_P2341_R3,2023,1,213.0,232.32580000000002,canola,NA,NA,624.0,NA,NA,430.56,-14.765800000000013
1735,hart,HART_S6_P2341_R3,2024,2,202.0,189.60315159,Wheat,NA,NA,1046.96,0.0,NA,376.9056,-14.697551590000018
1736,hart,HART_S6_P2341_R3,2025,3,193.5,209.6068,Barley,NA,NA,2881.27,NA,NA,896.651224,493.54442399999994
1737,hart,HART_S1.2_P3123_R2,2023,1,202.0,235.75835,barley,NA,NA,3373.0,NA,NA,1049.6776,611.9192499999999
1738,hart,HART_S1.2_P3123_R2,2024,2,193.5,238.8444,Lentil,NA,NA,590.43,0.0,NA,454.04067,21.69626999999997
1739,hart,HART_S1.2_P3123_R2,2025,3,202.0,296.1270087,Wheat,NA,NA,2328.56,NA,NA,838.2815999999999,340.15459129999994
1740,appila,APPILA_S2_P1212_R2,2023,1,149.5,125.6,Lentil,NA,NA,390.0,NA,NA,299.91,24.81000000000003
1741,appila,APPILA_S2_P1212_R2,2024,2,149.5,263.7,Wheat,NA,NA,160.0,NA,NA,57.6,-355.6
1742,appila,APPILA_S2_P1212_R2,2025,3,213.0,195.9495,Lentil,NA,NA,713.33,NA,NA,548.55077,139.60127000000006
1743,appila,APPILA_S3_P2341_R2,2023,1,158.0,196.5,Canola,NA,NA,100.0,NA,NA,69.0,-285.5
1744,appila,APPILA_S3_P2341_R2,2024,2,149.5,263.7,Wheat,NA,NA,240.0,NA,NA,86.39999999999999,-326.8
1745,appila,APPILA_S3_P2341_R2,2025,3,199.5,271.96999999999997,Wheat,NA,NA,1733.33,NA,NA,623.9988,152.5288
1746,appila,APPILA_S6_P0000_R1,2023,1,158.0,240.0,Canola,NA,NA,110.0,NA,NA,75.89999999999999,-322.1
1747,appila,APPILA_S6_P0000_R1,2024,2,149.5,263.7,Wheat,NA,NA,720.0,NA,NA,259.2,-154.0
1748,appila,APPILA_S6_P0000_R1,2025,3,171.5,108.39999999999999,Lentil,NA,NA,0.0,NA,NA,0.0,-279.9
1749,appila,APPILA_S3_P1234_R1,2023,1,149.5,125.6,Lentil,NA,NA,50.0,NA,NA,38.45,-236.64999999999998
1750,appila,APPILA_S3_P1234_R1,2024,2,149.5,232.95,Canola,NA,NA,0.0,NA,NA,0.0,-382.45
1751,appila,APPILA_S3_P1234_R1,2025,3,199.5,271.96999999999997,Wheat,NA,NA,1473.33,NA,NA,530.3987999999999,58.92879999999997
1752,appila,APPILA_S2_P2121_R3,2023,1,158.0,206.0,Wheat,NA,NA,0.0,NA,NA,0.0,-364.0
1753,appila,APPILA_S2_P2121_R3,2024,2,149.5,229.2,Lentil,NA,NA,0.0,NA,NA,0.0,-378.7
1754,appila,APPILA_S2_P2121_R3,2025,3,180.0,108.94999999999999,Wheat,NA,NA,1540.0,NA,NA,554.4,265.45
1755,appila,APPILA_S1_P2312_R1,2023,1,158.0,183.5,Wheat,NA,NA,460.0,NA,NA,165.6,-175.9
1756,appila,APPILA_S1_P2312_R1,2024,2,149.5,263.7,Barley,NA,NA,0.0,NA,NA,0.0,-413.2
1757,appila,APPILA_S1_P2312_R1,2025,3,182.5,154.2,Vetch,NA,NA,0.0,NA,NA,0.0,-336.7
1758,appila,APPILA_S3_P3412_R1,2023,1,158.0,206.0,Wheat,NA,NA,550.0,NA,NA,198.0,-166.0
1759,appila,APPILA_S3_P3412_R1,2024,2,149.5,263.7,Wheat,NA,NA,390.0,NA,NA,140.4,-272.79999999999995
1760,appila,APPILA_S3_P3412_R1,2025,3,213.0,174.1495,Lentil,NA,NA,0.0,NA,NA,0.0,-387.1495
1761,appila,APPILA_S3_P2341_R1,2023,1,158.0,196.5,Canola,NA,NA,0.0,NA,NA,0.0,-354.5
1762,appila,APPILA_S3_P2341_R1,2024,2,149.5,263.7,Wheat,NA,NA,800.0,NA,NA,288.0,-125.19999999999999
1763,appila,APPILA_S3_P2341_R1,2025,3,199.5,271.96999999999997,Wheat,NA,NA,1880.0,NA,NA,676.8,205.32999999999998
1764,appila,APPILA_S5_P0000_R3,2023,1,149.5,158.5,Wheat,NA,NA,550.0,NA,NA,198.0,-110.0
1765,appila,APPILA_S5_P0000_R3,2024,2,149.5,263.7,Barley,NA,NA,0.0,NA,NA,0.0,-413.2
1766,appila,APPILA_S5_P0000_R3,2025,3,171.5,108.39999999999999,Lentil,NA,NA,0.0,NA,NA,0.0,-279.9
1767,appila,APPILA_S6_P0000_R3,2023,1,158.0,240.0,Canola,NA,NA,60.0,NA,NA,41.4,-356.6
1768,appila,APPILA_S6_P0000_R3,2024,2,149.5,263.7,Wheat,NA,NA,0.0,NA,NA,0.0,-413.2
1769,appila,APPILA_S6_P0000_R3,2025,3,171.5,108.39999999999999,Lentil,NA,NA,0.0,NA,NA,0.0,-279.9
1770,appila,APPILA_S4_P2312_R2,2023,1,158.0,206.0,Wheat,NA,NA,590.0,NA,NA,212.4,-151.6
1771,appila,APPILA_S4_P2312_R2,2024,2,149.5,263.7,Wheat,NA,NA,370.0,NA,NA,133.2,-280.0
1772,appila,APPILA_S4_P2312_R2,2025,3,215.75,172.64999999999998,Oats,Vetch,NA,990.0,NA,NA,249.48,-138.92
1773,appila,APPILA_S5_P0000_R1,2023,1,149.5,158.5,Wheat,NA,NA,510.0,NA,NA,183.6,-124.4
1774,appila,APPILA_S5_P0000_R1,2024,2,149.5,263.7,Barley,NA,NA,230.0,NA,NA,71.576,-341.624
1775,appila,APPILA_S5_P0000_R1,2025,3,171.5,108.39999999999999,Lentil,NA,NA,0.0,NA,NA,0.0,-279.9
1776,appila,APPILA_S4_P1231_R3,2023,1,156.5,116.29999999999998,Vetch ,Oat,NA,280.0,0.0,NA,0.0,-272.79999999999995
1777,appila,APPILA_S4_P1231_R3,2024,2,149.5,263.7,Wheat,NA,NA,260.0,NA,NA,93.6,-319.6
1778,appila,APPILA_S4_P1231_R3,2025,3,199.5,250.21999999999997,Wheat,NA,NA,1900.0,NA,NA,684.0,234.28000000000003
1779,appila,APPILA_S3_P4123_R1,2023,1,158.0,206.0,Wheat,NA,NA,550.0,NA,NA,198.0,-166.0
1780,appila,APPILA_S3_P4123_R1,2024,2,149.5,229.2,Lentil,NA,NA,0.0,NA,NA,0.0,-378.7
1781,appila,APPILA_S3_P4123_R1,2025,3,182.5,161.89999999999998,Canola,NA,NA,0.0,NA,NA,0.0,-344.4
1782,appila,APPILA_S1_P1231_R1,2023,1,149.5,125.6,Vetch ,NA,NA,0.0,NA,NA,0.0,-275.1
1783,appila,APPILA_S1_P1231_R1,2024,2,149.5,263.7,Wheat,NA,NA,0.0,NA,NA,0.0,-413.2
1784,appila,APPILA_S1_P1231_R1,2025,3,191.0,237.11999999999998,Barley,NA,NA,2593.33,NA,NA,807.0442959999999,378.9242959999999
1785,appila,APPILA_S4_P1231_R1,2023,1,151.25,116.30000000000001,Vetch ,Oat,NA,70.0,0.0,NA,0.0,-267.55
1786,appila,APPILA_S4_P1231_R1,2024,2,149.5,263.7,Wheat,NA,NA,510.0,NA,NA,183.6,-229.6
1787,appila,APPILA_S4_P1231_R1,2025,3,199.5,250.21999999999997,Wheat,NA,NA,1706.67,NA,NA,614.4012,164.68120000000005
1788,appila,APPILA_S2_P2121_R2,2023,1,158.0,206.0,Wheat,NA,NA,650.0,NA,NA,234.0,-130.0
1789,appila,APPILA_S2_P2121_R2,2024,2,149.5,229.2,Lentil,NA,NA,410.0,NA,NA,315.29,-63.40999999999997
1790,appila,APPILA_S2_P2121_R2,2025,3,180.0,108.94999999999999,Wheat,NA,NA,2373.33,NA,NA,854.3987999999999,565.4487999999999
1791,appila,APPILA_S3_P1234_R2,2023,1,149.5,125.6,Lentil,NA,NA,40.0,NA,NA,30.76,-244.33999999999997
1792,appila,APPILA_S3_P1234_R2,2024,2,149.5,232.95000000000002,Canola,NA,NA,0.0,NA,NA,0.0,-382.45000000000005
1793,appila,APPILA_S3_P1234_R2,2025,3,199.5,271.96999999999997,Wheat,NA,NA,2520.0,NA,NA,907.2,435.7300000000001
1794,appila,APPILA_S3_P2341_R3,2023,1,158.0,196.5,Canola,NA,NA,100.0,NA,NA,69.0,-285.5
1795,appila,APPILA_S3_P2341_R3,2024,2,149.5,263.7,Wheat,NA,NA,220.0,NA,NA,79.2,-334.0
1796,appila,APPILA_S3_P2341_R3,2025,3,199.5,271.96999999999997,Wheat,NA,NA,2166.67,NA,NA,780.0012,308.53120000000007
1797,appila,APPILA_S5_P0000_R2,2023,1,149.5,158.5,Wheat,NA,NA,580.0,NA,NA,208.8,-99.19999999999999
1798,appila,APPILA_S5_P0000_R2,2024,2,149.5,263.7,Barley,NA,NA,0.0,NA,NA,0.0,-413.2
1799,appila,APPILA_S5_P0000_R2,2025,3,171.5,108.39999999999999,Lentil,NA,NA,0.0,NA,NA,0.0,-279.9
1800,appila,APPILA_S1_P2312_R2,2023,1,158.0,183.5,Wheat,NA,NA,550.0,NA,NA,198.0,-143.5
1801,appila,APPILA_S1_P2312_R2,2024,2,149.5,263.7,Barley,NA,NA,0.0,NA,NA,0.0,-413.2
1802,appila,APPILA_S1_P2312_R2,2025,3,182.5,154.2,Vetch,NA,NA,0.0,NA,NA,0.0,-336.7
1803,appila,APPILA_S3_P4123_R3,2023,1,158.0,206.0,Wheat,NA,NA,610.0,NA,NA,219.6,-144.4
1804,appila,APPILA_S3_P4123_R3,2024,2,149.5,229.2,Lentil,NA,NA,0.0,NA,NA,0.0,-378.7
1805,appila,APPILA_S3_P4123_R3,2025,3,182.5,161.9,Canola,NA,NA,0.0,NA,NA,0.0,-344.4
1806,appila,APPILA_S2_P1212_R1,2023,1,149.5,125.6,Lentil,NA,NA,10.0,NA,NA,7.69,-267.40999999999997
1807,appila,APPILA_S2_P1212_R1,2024,2,149.5,263.70000000000005,Wheat,NA,NA,920.0,NA,NA,331.2,-82.00000000000006
1808,appila,APPILA_S2_P1212_R1,2025,3,213.0,195.9495,Lentil,NA,NA,0.0,NA,NA,0.0,-408.9495
1809,appila,APPILA_S1_P3123_R1,2023,1,158.0,183.5,Barley,NA,NA,260.0,NA,NA,80.91199999999999,-260.588
1810,appila,APPILA_S1_P3123_R1,2024,2,149.5,229.2,Vetch,NA,NA,0.0,NA,NA,0.0,-378.7
1811,appila,APPILA_S1_P3123_R1,2025,3,191.0,237.11999999999998,Wheat,NA,NA,0.0,NA,NA,0.0,-428.12
1812,appila,APPILA_S2_P2121_R1,2023,1,158.0,206.0,Wheat,NA,NA,640.0,NA,NA,230.4,-133.6
1813,appila,APPILA_S2_P2121_R1,2024,2,149.5,229.2,Lentil,NA,NA,0.0,NA,NA,0.0,-378.7
1814,appila,APPILA_S2_P2121_R1,2025,3,180.0,108.94999999999999,Wheat,NA,NA,1880.0,NA,NA,676.8,387.84999999999997
1815,appila,APPILA_S1_P1231_R3,2023,1,149.5,125.6,Vetch ,NA,NA,0.0,NA,NA,0.0,-275.1
1816,appila,APPILA_S1_P1231_R3,2024,2,149.5,263.7,Wheat,NA,NA,190.0,NA,NA,68.39999999999999,-344.8
1817,appila,APPILA_S1_P1231_R3,2025,3,191.0,237.11999999999998,Barley,NA,NA,1560.0,NA,NA,485.472,57.352000000000004
1818,appila,APPILA_S6_P0000_R2,2023,1,158.0,240.0,Canola,NA,NA,100.0,NA,NA,69.0,-329.0
1819,appila,APPILA_S6_P0000_R2,2024,2,149.5,263.7,Wheat,NA,NA,200.0,NA,NA,72.0,-341.2
1820,appila,APPILA_S6_P0000_R2,2025,3,171.5,108.39999999999999,Lentil,NA,NA,533.33,NA,NA,410.13077,130.23077
1821,appila,APPILA_S3_P3412_R2,2023,1,158.0,206.0,Wheat,NA,NA,730.0,NA,NA,262.8,-101.19999999999999
1822,appila,APPILA_S3_P3412_R2,2024,2,149.5,263.70000000000005,Wheat,NA,NA,760.0,NA,NA,273.6,-139.60000000000002
1823,appila,APPILA_S3_P3412_R2,2025,3,213.0,174.1495,Lentil,NA,NA,1533.33,NA,NA,1179.13077,791.98127
1824,appila,APPILA_S4_P2312_R3,2023,1,158.0,206.0,Wheat,NA,NA,580.0,NA,NA,208.8,-155.2
1825,appila,APPILA_S4_P2312_R3,2024,2,149.5,263.7,Wheat,NA,NA,0.0,NA,NA,0.0,-413.2
1826,appila,APPILA_S4_P2312_R3,2025,3,217.83499999999998,172.64999999999998,Oats,Vetch,NA,1073.4,NA,NA,270.4968,-119.98819999999995
1827,appila,APPILA_S3_P3412_R3,2023,1,158.0,206.0,Wheat,NA,NA,660.0,NA,NA,237.6,-126.4
1828,appila,APPILA_S3_P3412_R3,2024,2,149.5,263.7,Wheat,NA,NA,100.0,NA,NA,36.0,-377.2
1829,appila,APPILA_S3_P3412_R3,2025,3,213.0,174.1495,Lentil,NA,NA,733.33,NA,NA,563.93077,176.78127000000006
1830,appila,APPILA_S4_P2312_R1,2023,1,158.0,206.0,Wheat,NA,NA,590.0,NA,NA,212.4,-151.6
1831,appila,APPILA_S4_P2312_R1,2024,2,149.5,263.7,Wheat,NA,NA,860.0,NA,NA,309.6,-103.59999999999997
1832,appila,APPILA_S4_P2312_R1,2025,3,213.675,172.64999999999998,Oats,Vetch,NA,907.0,NA,NA,228.564,-157.761
1833,appila,APPILA_S3_P1234_R3,2023,1,149.5,125.6,Lentil,NA,NA,20.0,NA,NA,15.38,-259.72
1834,appila,APPILA_S3_P1234_R3,2024,2,149.5,232.95000000000002,Canola,NA,NA,0.0,NA,NA,0.0,-382.45000000000005
1835,appila,APPILA_S3_P1234_R3,2025,3,199.5,271.96999999999997,Wheat,NA,NA,1633.33,NA,NA,587.9988,116.52879999999999
1836,appila,APPILA_S3_P4123_R2,2023,1,158.0,206.0,Wheat,NA,NA,630.0,NA,NA,226.8,-137.2
1837,appila,APPILA_S3_P4123_R2,2024,2,149.5,229.2,Lentil,NA,NA,0.0,NA,NA,0.0,-378.7
1838,appila,APPILA_S3_P4123_R2,2025,3,182.5,161.9,Canola,NA,NA,0.0,NA,NA,0.0,-344.4
1839,appila,APPILA_S1_P3123_R3,2023,1,158.0,183.5,Barley,NA,NA,440.0,NA,NA,136.928,-204.572
1840,appila,APPILA_S1_P3123_R3,2024,2,149.5,229.2,Vetch,NA,NA,0.0,NA,NA,0.0,-378.7
1841,appila,APPILA_S1_P3123_R3,2025,3,191.0,237.12,Wheat,NA,NA,2066.67,NA,NA,744.0012,315.88120000000004
1842,appila,APPILA_S2_P1212_R3,2023,1,149.5,125.6,Lentil,NA,NA,0.0,NA,NA,0.0,-275.1
1843,appila,APPILA_S2_P1212_R3,2024,2,149.5,263.7,Wheat,NA,NA,280.0,NA,NA,100.8,-312.4
1844,appila,APPILA_S2_P1212_R3,2025,3,213.0,195.9495,Lentil,NA,NA,453.33,NA,NA,348.61077,-60.33873
1845,appila,APPILA_S1_P1231_R2,2023,1,149.5,125.6,Vetch ,NA,NA,0.0,NA,NA,0.0,-275.1
1846,appila,APPILA_S1_P1231_R2,2024,2,149.5,263.70000000000005,Wheat,NA,NA,320.0,NA,NA,115.2,-298.00000000000006
1847,appila,APPILA_S1_P1231_R2,2025,3,191.0,237.11999999999998,Barley,NA,NA,2186.67,NA,NA,680.491704,252.37170400000005
1848,appila,APPILA_S1_P2312_R3,2023,1,158.0,183.5,Wheat,NA,NA,680.0,NA,NA,244.8,-96.69999999999999
1849,appila,APPILA_S1_P2312_R3,2024,2,149.5,263.7,Barley,NA,NA,0.0,NA,NA,0.0,-413.2
1850,appila,APPILA_S1_P2312_R3,2025,3,182.5,154.2,Vetch,NA,NA,0.0,NA,NA,0.0,-336.7
1851,appila,APPILA_S4_P3123_R3,2023,1,158.0,206.0,Wheat,NA,NA,820.0,NA,NA,295.2,-68.80000000000001
1852,appila,APPILA_S4_P3123_R3,2024,2,170.2,199.89999999999998,Oats,Vetch,NA,828.0,NA,NA,208.656,-161.44399999999996
1853,appila,APPILA_S4_P3123_R3,2025,3,199.5,250.21999999999997,Wheat,NA,NA,2353.33,NA,NA,847.1987999999999,397.4787999999999
1854,appila,APPILA_S4_P3123_R2,2023,1,158.0,206.0,Wheat,NA,NA,580.0,NA,NA,208.8,-155.2
1855,appila,APPILA_S4_P3123_R2,2024,2,149.5,199.89999999999998,Oats,Vetch,NA,0.0,NA,NA,0.0,-349.4
1856,appila,APPILA_S4_P3123_R2,2025,3,199.5,250.21999999999997,Wheat,NA,NA,2620.0,NA,NA,943.2,493.4800000000001
1857,appila,APPILA_S4_P3123_R1,2023,1,158.0,206.0,Wheat,NA,NA,0.0,NA,NA,0.0,-364.0
1858,appila,APPILA_S4_P3123_R1,2024,2,180.1,199.9,Oats,Vetch,NA,1224.0,NA,NA,308.448,-71.55200000000002
1859,appila,APPILA_S4_P3123_R1,2025,3,199.5,250.21999999999997,Wheat,NA,NA,1186.67,NA,NA,427.2012,-22.5188
1860,appila,APPILA_S4_P1231_R2,2023,1,154.75,116.30000000000001,Vetch ,Oat,NA,210.0,0.0,NA,0.0,-271.05
1861,appila,APPILA_S4_P1231_R2,2024,2,149.5,263.70000000000005,Wheat,NA,NA,420.0,NA,NA,151.2,-262.00000000000006
1862,appila,APPILA_S4_P1231_R2,2025,3,199.5,250.21999999999997,Wheat,NA,NA,1986.67,NA,NA,715.2012,265.4812
1863,appila,APPILA_S1_P3123_R2,2023,1,158.0,183.5,Barley,NA,NA,220.0,NA,NA,68.464,-273.036
1864,appila,APPILA_S1_P3123_R2,2024,2,149.5,229.2,Vetch,NA,NA,0.0,NA,NA,0.0,-378.7
1865,appila,APPILA_S1_P3123_R2,2025,3,191.0,237.11999999999998,Wheat,NA,NA,2226.67,NA,NA,801.6012,373.48119999999994
1866,streatham,STREATHAM_S12_P0000_R8,NA,NA,NA,NA,NA,NA,NA,NA,NA,NA,NA,NA
1867,streatham,STREATHAM_S11_P0000_R1,2023,1,324.4,1225.4225,wheat,barley,faba bean,4476.0,NA,NA,1611.36,61.537500000000136
1868,streatham,STREATHAM_S11_P0000_R1,2024,2,536.1,2058.2852192,Wheat,barley,fababean,4896.0,0.0,NA,5660.0958,3065.7105807999997
1869,streatham,STREATHAM_S11_P0000_R1,2025,3,221.5,2764.8019546,Wheat,NA,NA,6588.03,0.0,NA,2371.6908,-614.6111546000002
1870,streatham,STREATHAM_S9.3_P1212_R2,2023,1,395.58808999999997,1173.95,canola,field pea,NA,3175.6824,1587.8412,NA,2918.4521256,1348.9140355999996
1871,streatham,STREATHAM_S9.3_P1212_R2,2024,2,257.0,1117.2093699499999,Wheat,NA,NA,2951.74,0.0,NA,1062.6264,-311.5829699499998
1872,streatham,STREATHAM_S9.3_P1212_R2,2025,3,340.2735,937.80985508,Canola,Field pea,NA,3364.53,946.41,NA,2754.9814800000004,1476.89812492
1873,streatham,STREATHAM_S2.1_P4123_R1,2023,1,296.0,1352.3675999999998,wheat,NA,NA,5625.0,NA,NA,2025.0,376.6324000000002
1874,streatham,STREATHAM_S2.1_P4123_R1,2024,2,226.5,758.133,Faba bean,NA,NA,0.0,0.0,NA,0.0,-984.633
1875,streatham,STREATHAM_S2.1_P4123_R1,2025,3,224.0,945.8430435,Canola,NA,NA,4224.85,0.0,NA,2915.1465,1745.3034564999998
1876,streatham,STREATHAM_S2.4_P4123_R2,2023,1,296.0,1442.3675999999998,wheat,NA,NA,6312.0,NA,NA,2272.32,533.9524000000004
1877,streatham,STREATHAM_S2.4_P4123_R2,2024,2,226.5,758.133,Faba bean,NA,NA,3636.36,0.0,NA,1727.271,742.6379999999999
1878,streatham,STREATHAM_S2.4_P4123_R2,2025,3,232.5,1007.50066665,Canola,NA,NA,5228.02,0.0,NA,3607.3338,2367.33313335
1879,streatham,STREATHAM_S9.1_P2121_R2,2023,1,296.0,1399.8675999999998,wheat,NA,NA,4564.0,NA,NA,1643.04,-52.82759999999985
1880,streatham,STREATHAM_S9.1_P2121_R2,2024,2,278.46299999999997,728.85,Canola,Field Pea,NA,1907.97,610.55,NA,1596.1311999999998,588.8181999999998
1881,streatham,STREATHAM_S9.1_P2121_R2,2025,3,213.0,951.7611826000001,Wheat,NA,NA,7357.95,0.0,NA,2648.862,1484.1008173999999
1882,streatham,STREATHAM_S9.2_P1212_R2,2023,1,383.8142675,1123.95,canola,field pea,NA,2861.7138,1430.8569,NA,2629.9149822,1122.1507147
1883,streatham,STREATHAM_S9.2_P1212_R2,2024,2,257.0,1085.3711090499999,Wheat,NA,NA,2696.41,0.0,NA,970.7076,-371.6635090499999
1884,streatham,STREATHAM_S9.2_P1212_R2,2025,3,327.2265,898.15898551,Canola,Field pea,NA,3145.72,643.34,NA,2465.1965199999995,1239.8110344899997
1885,streatham,STREATHAM_S2.4_P3412_R2,2023,1,296.0,1442.3675999999998,wheat,NA,NA,4837.0,NA,NA,1741.32,2.952400000000125
1886,streatham,STREATHAM_S2.4_P3412_R2,2024,2,268.0,1091.24893515,Wheat,NA,NA,3016.27,0.0,NA,1085.8572,-273.39173515000016
1887,streatham,STREATHAM_S2.4_P3412_R2,2025,3,215.5,924.0500000000001,Faba bean,NA,NA,3773.75,0.0,NA,1792.53125,652.9812499999999
1888,streatham,STREATHAM_S2.1_P3412_R3,2023,1,296.0,1352.3675999999998,wheat,NA,NA,4877.0,NA,NA,1755.72,107.35240000000022
1889,streatham,STREATHAM_S2.1_P3412_R3,2024,2,268.0,1064.06681015,Wheat,NA,NA,3643.03,0.0,NA,1311.4908,-20.576010150000002
1890,streatham,STREATHAM_S2.1_P3412_R3,2025,3,215.5,924.0500000000001,Faba bean,NA,NA,4226.34,0.0,NA,2007.5115,867.9615
1891,streatham,STREATHAM_S4_P2312_R2,2023,1,307.0,1275.4,canola,NA,NA,4151.0,NA,NA,2864.19,1281.79
1892,streatham,STREATHAM_S4_P2312_R2,2024,2,257.0,1092.7123844,Wheat,NA,NA,2637.49,0.0,NA,949.4964,-400.2159844
1893,streatham,STREATHAM_S4_P2312_R2,2025,3,360.75,711.0,Wheat,Vetch,NA,6250.0,0.0,NA,2250.0,1178.25
1894,streatham,STREATHAM_S13_P0000_R5,NA,NA,NA,NA,NA,NA,NA,NA,NA,NA,NA,NA
1895,streatham,STREATHAM_S2.3_P1234_R2,2023,1,270.5,1200.1525,faba bean,NA,NA,1882.0,NA,NA,893.9499999999999,-576.7025
1896,streatham,STREATHAM_S2.3_P1234_R2,2024,2,268.0,969.30327715,Canola,NA,NA,2544.89,0.0,NA,1755.9740999999997,518.6708228499997
1897,streatham,STREATHAM_S2.3_P1234_R2,2025,3,213.0,940.6481796999999,Wheat,NA,NA,6263.82,0.0,NA,2254.9752,1101.3270203
1898,streatham,STREATHAM_S2.2_P1234_R3,2023,1,292.5,1266.3500000000001,faba bean,NA,NA,1727.0,NA,NA,820.3249999999999,-738.5250000000002
1899,streatham,STREATHAM_S2.2_P1234_R3,2024,2,246.0,916.2324656000001,Canola,NA,NA,3040.99,0.0,NA,2098.2831,936.0506344
1900,streatham,STREATHAM_S2.2_P1234_R3,2025,3,213.0,945.6622087000001,Wheat,NA,NA,7692.99,0.0,NA,2769.4764,1610.8141913
1901,streatham,STREATHAM_S10_P2121_R3,2023,1,343.975,1090.88,wheat ,vetch ,NA,3479.0,NA,NA,1252.44,-182.41500000000008
1902,streatham,STREATHAM_S10_P2121_R3,2024,2,273.12925,894.6651902,Canola,Field Pea,NA,1204.08,761.09,NA,1179.39442,11.599979800000142
1903,streatham,STREATHAM_S10_P2121_R3,2025,3,282.2175,837.57897105,Wheat,Vetch,NA,2768.7,0.0,NA,996.732,-123.06447104999995
1904,streatham,STREATHAM_S10_P2121_R2,2023,1,346.95,1090.88,wheat ,vetch ,NA,3598.0,NA,NA,1295.28,-142.55000000000018
1905,streatham,STREATHAM_S10_P2121_R2,2024,2,276.58125,894.6651902,Canola,Field Pea,NA,1515.15,588.1,NA,1314.8033,143.5568598000001
1906,streatham,STREATHAM_S10_P2121_R2,2025,3,305.431,837.57897105,Wheat,Vetch,NA,3697.24,0.0,NA,1331.0064,187.99642895
1907,streatham,STREATHAM_S9.2_P1212_R3,2023,1,276.5,1123.95,canola,field pea,NA,0.0,NA,NA,0.0,-1400.45
1908,streatham,STREATHAM_S9.2_P1212_R3,2024,2,257.0,1085.3711090499999,Wheat,NA,NA,2956.99,0.0,NA,1064.5164,-277.8547090499999
1909,streatham,STREATHAM_S9.2_P1212_R3,2025,3,337.3625,898.15898551,Canola,Field pea,NA,3576.69,617.81,NA,2750.87308,1515.3515944899996
1910,streatham,STREATHAM_S1.2_P1212_R2,2023,1,307.0,1275.4,canola,NA,NA,4308.0,NA,NA,2972.52,1390.12
1911,streatham,STREATHAM_S1.2_P1212_R2,2024,2,237.5,840.3475999999999,Wheat,NA,NA,2710.44,0.0,NA,975.7584,-102.08919999999989
1912,streatham,STREATHAM_S1.2_P1212_R2,2025,3,243.5,1000.15,Canola,NA,NA,4558.36,0.0,NA,3145.2683999999995,1901.6183999999994
1913,streatham,STREATHAM_S6.1_P1231_R2,2023,1,226.5,961.9,balansa clover,balansa clover,chicory ,0.0,NA,NA,0.0,-1188.4
1914,streatham,STREATHAM_S6.1_P1231_R2,2024,2,257.0,976.02311775,Canola,NA,NA,2474.75,0.0,NA,1707.5775,474.5543822500001
1915,streatham,STREATHAM_S6.1_P1231_R2,2025,3,213.0,947.5685565000001,Wheat,NA,NA,5072.67,0.0,NA,1826.1612,665.5926434999999
1916,streatham,STREATHAM_S1.2_P1212_R1,2023,1,307.0,1275.4,canola,NA,NA,4363.0,NA,NA,3010.47,1428.0699999999997
1917,streatham,STREATHAM_S1.2_P1212_R1,2024,2,237.5,840.3475999999999,Wheat,NA,NA,3285.63,0.0,NA,1182.8268,104.9792000000001
1918,streatham,STREATHAM_S1.2_P1212_R1,2025,3,243.5,1000.15,Canola,NA,NA,3727.82,0.0,NA,2572.1958,1328.5457999999999
1919,streatham,STREATHAM_S11_P0000_R4,NA,NA,NA,NA,NA,NA,NA,NA,NA,NA,NA,NA
1920,streatham,STREATHAM_S9.1_P2121_R3,2023,1,296.0,1399.8675999999998,wheat,NA,NA,5023.0,NA,NA,1808.28,112.41240000000016
1921,streatham,STREATHAM_S9.1_P2121_R3,2024,2,289.21475,728.85,Canola,Field Pea,NA,2948.59,0.0,NA,2034.5271,1016.4623500000001
1922,streatham,STREATHAM_S9.1_P2121_R3,2025,3,213.0,951.7611826,Wheat,NA,NA,8019.86,0.0,NA,2887.1496,1722.3884174000002
1923,streatham,STREATHAM_S4_P1231_R2,2023,1,248.5,994.926,wheat,vetch ,NA,0.0,NA,NA,0.0,-1243.426
1924,streatham,STREATHAM_S4_P1231_R2,2024,2,246.0,894.7354511000001,Canola,NA,NA,2909.65,0.0,NA,2007.6585,866.9230488999999
1925,streatham,STREATHAM_S4_P1231_R2,2025,3,213.0,951.05818695,Wheat,NA,NA,7443.77,0.0,NA,2679.7572,1515.6990130499998
1926,streatham,STREATHAM_S1.2_P2121_R3,2023,1,296.0,1399.8675999999998,wheat,NA,NA,5175.0,NA,NA,1863.0,167.1324000000002
1927,streatham,STREATHAM_S1.2_P2121_R3,2024,2,237.5,742.19,Canola,NA,NA,3435.82,0.0,NA,2370.7158,1391.0258
1928,streatham,STREATHAM_S1.2_P2121_R3,2025,3,213.0,943.0026,Wheat,NA,NA,7474.86,0.0,NA,2690.9496,1534.947
1929,streatham,STREATHAM_S4_P1231_R1,2023,1,248.5,994.926,wheat,vetch ,NA,0.0,NA,NA,0.0,-1243.426
1930,streatham,STREATHAM_S4_P1231_R1,2024,2,246.0,894.7354511000001,Canola,NA,NA,2592.59,0.0,NA,1788.8871,648.1516488999998
1931,streatham,STREATHAM_S4_P1231_R1,2025,3,213.0,951.05818695,Wheat,NA,NA,7740.46,0.0,NA,2786.5656,1622.5074130499997
1932,streatham,STREATHAM_S12_P0000_R7,NA,NA,NA,NA,NA,NA,NA,NA,NA,NA,NA,NA
1933,streatham,STREATHAM_S2.1_P1234_R1,2023,1,292.5,1266.3500000000001,faba bean,NA,NA,2538.0,NA,NA,1205.55,-353.3000000000002
1934,streatham,STREATHAM_S2.1_P1234_R1,2024,2,246.0,830.8279637500001,Canola,NA,NA,3097.64,0.0,NA,2137.3716,1060.54363625
1935,streatham,STREATHAM_S2.1_P1234_R1,2025,3,213.0,936.4211565,Wheat,NA,NA,6931.84,0.0,NA,2495.4624,1346.0412434999998
1936,streatham,STREATHAM_S1.3_P2121_R2,2023,1,296.0,1414.8675999999998,wheat,NA,NA,4113.0,NA,NA,1480.6799999999998,-230.18759999999997
1937,streatham,STREATHAM_S1.3_P2121_R2,2024,2,248.5,780.3399999999999,Canola,NA,NA,2457.91,0.0,NA,1695.9579,667.1179000000002
1938,streatham,STREATHAM_S1.3_P2121_R2,2025,3,213.0,955.8475999999999,Wheat,NA,NA,6485.33,0.0,NA,2334.7188,1165.8712
1939,streatham,STREATHAM_S11_P0000_R7,NA,NA,NA,NA,NA,NA,NA,NA,NA,NA,NA,NA
1940,streatham,STREATHAM_S2.2_P3412_R1,2023,1,296.0,1399.8675999999998,wheat,NA,NA,5851.0,NA,NA,2106.36,410.4924000000003
1941,streatham,STREATHAM_S2.2_P3412_R1,2024,2,268.0,1084.79931195,Wheat,NA,NA,3044.33,0.0,NA,1095.9588,-256.84051194999984
1942,streatham,STREATHAM_S2.2_P3412_R1,2025,3,215.5,924.0500000000001,Faba bean,NA,NA,5362.19,0.0,NA,2547.04025,1407.4902499999998
1943,streatham,STREATHAM_S6.2_P1231_R2,2023,1,226.5,961.9,balansa clover,balansa clover,chicory ,0.0,NA,NA,0.0,-1188.4
1944,streatham,STREATHAM_S6.2_P1231_R2,2024,2,257.0,1008.9514366000001,Canola,NA,NA,1882.72,0.0,NA,1299.0767999999998,33.12536339999974
1945,streatham,STREATHAM_S6.2_P1231_R2,2025,3,213.0,946.8216565,Wheat,NA,NA,4655.57,0.0,NA,1676.0051999999998,516.1835434999998
1946,streatham,STREATHAM_S6.1_P3123_R1,2023,1,296.0,1399.8675999999998,wheat,NA,NA,5017.0,NA,NA,1806.12,110.25240000000008
1947,streatham,STREATHAM_S6.1_P3123_R1,2024,2,226.5,721.225,Pasture,NA,NA,0.0,0.0,NA,0.0,-947.725
1948,streatham,STREATHAM_S6.1_P3123_R1,2025,3,235.0,955.0127536,Canola,NA,NA,4163.63,0.0,NA,2872.9047,1682.8919464
1949,streatham,STREATHAM_S6.1_P1231_R1,2023,1,226.5,961.9,balansa clover,balansa clover,chicory ,0.0,NA,NA,0.0,-1188.4
1950,streatham,STREATHAM_S6.1_P1231_R1,2024,2,257.0,976.02311775,Canola,NA,NA,2331.65,0.0,NA,1608.8384999999998,375.81538224999986
1951,streatham,STREATHAM_S6.1_P1231_R1,2025,3,213.0,947.5685565000001,Wheat,NA,NA,5995.41,0.0,NA,2158.3476,997.7790435
1952,streatham,STREATHAM_S1.1_P2121_R2,2023,1,296.0,1352.3675999999998,wheat,NA,NA,5500.0,NA,NA,1980.0,331.6324000000002
1953,streatham,STREATHAM_S1.1_P2121_R2,2024,2,246.0,857.85503625,Canola,NA,NA,3268.8,0.0,NA,2255.472,1151.6169637500002
1954,streatham,STREATHAM_S1.1_P2121_R2,2025,3,213.0,944.6562348,Wheat,NA,NA,34.32,0.0,NA,12.3552,-1145.3010348
1955,streatham,STREATHAM_S6.2_P2312_R3,2023,1,298.5,1200.4,canola,NA,NA,3668.0,NA,NA,2530.92,1032.02
1956,streatham,STREATHAM_S6.2_P2312_R3,2024,2,257.0,1096.5376598,Wheat,NA,NA,2735.78,0.0,NA,984.8808,-368.6568598
1957,streatham,STREATHAM_S6.2_P2312_R3,2025,3,215.5,716.6999999999999,Pasture,NA,NA,0.0,0.0,NA,0.0,-932.1999999999999
1958,streatham,STREATHAM_S4_P2312_R3,2023,1,307.0,1275.4,canola,NA,NA,4172.0,NA,NA,2878.68,1296.2799999999997
1959,streatham,STREATHAM_S4_P2312_R3,2024,2,257.0,1092.7123844,Wheat,NA,NA,2444.56,0.0,NA,880.0415999999999,-469.6707844000001
1960,streatham,STREATHAM_S4_P2312_R3,2025,3,254.175,711.0,Wheat,Vetch,NA,1987.0,0.0,NA,715.3199999999999,-249.85500000000008
1961,streatham,STREATHAM_S2.3_P3412_R1,2023,1,296.0,1414.8675999999998,wheat,NA,NA,3889.0,NA,NA,1400.04,-310.82759999999985
1962,streatham,STREATHAM_S2.3_P3412_R1,2024,2,268.0,1063.4049785999998,Wheat,NA,NA,1618.97,0.0,NA,582.8292,-748.5757785999998
1963,streatham,STREATHAM_S2.3_P3412_R1,2025,3,215.5,904.65,Faba bean,NA,NA,4834.09,0.0,NA,2296.19275,1176.04275
1964,streatham,STREATHAM_S11_P0000_R8,NA,NA,NA,NA,NA,NA,NA,NA,NA,NA,NA,NA
1965,streatham,STREATHAM_S7_P2341_R1,2023,1,226.5,961.9,Perennial ryegrass,sub clover,NA,0.0,NA,NA,0.0,-1188.4
1966,streatham,STREATHAM_S7_P2341_R1,2024,2,246.0,904.7578279,Canola,NA,NA,1820.99,0.0,NA,1256.4831,105.72527209999987
1967,streatham,STREATHAM_S7_P2341_R1,2025,3,213.0,951.8090087,Wheat,NA,NA,6742.86,0.0,NA,2427.4296,1262.6205913
1968,streatham,STREATHAM_S9.1_P1212_R3,2023,1,379.488,1073.95,canola,field pea,NA,3199.68,1599.84,NA,2940.50592,1487.0679200000002
1969,streatham,STREATHAM_S9.1_P1212_R3,2024,2,257.0,1084.29687715,Wheat,NA,NA,3167.0,0.0,NA,1140.12,-201.1768771500001
1970,streatham,STREATHAM_S9.1_P1212_R3,2025,3,322.2525,817.7500000000001,Canola,Field pea,NA,2894.29,1375.81,NA,2627.18108,1487.1785799999998
1971,streatham,STREATHAM_S6.2_P3123_R3,2023,1,296.0,1399.8675999999998,wheat,NA,NA,4467.0,NA,NA,1608.12,-87.74759999999992
1972,streatham,STREATHAM_S6.2_P3123_R3,2024,2,226.5,721.225,Pasture,NA,NA,0.0,0.0,NA,0.0,-947.725
1973,streatham,STREATHAM_S6.2_P3123_R3,2025,3,243.5,1019.8847971,Canola,NA,NA,4631.92,0.0,NA,3196.0248,1932.6400029000001
1974,streatham,STREATHAM_S10_P2121_R1,2023,1,328.825,1090.88,wheat ,vetch ,NA,2873.0,NA,NA,1034.28,-385.4250000000002
1975,streatham,STREATHAM_S10_P2121_R1,2024,2,274.39275,894.6651902,Canola,Field Pea,NA,1515.15,500.56,NA,1274.70998,105.65203980000013
1976,streatham,STREATHAM_S10_P2121_R1,2025,3,304.95825,837.57897105,Wheat,Vetch,NA,3678.33,0.0,NA,1324.1988,181.66157894999992
1977,streatham,STREATHAM_S12_P0000_R6,NA,NA,NA,NA,NA,NA,NA,NA,NA,NA,NA,NA
1978,streatham,STREATHAM_S3_P2341_R2,2023,1,296.0,1399.8675999999998,wheat,NA,NA,5311.0,NA,NA,1911.96,216.09240000000023
1979,streatham,STREATHAM_S3_P2341_R2,2024,2,246.0,887.3610163000001,Canola,NA,NA,3347.36,0.0,NA,2309.6784,1176.3173836999997
1980,streatham,STREATHAM_S3_P2341_R2,2025,3,213.0,956.9580130500001,Wheat,NA,NA,7065.08,0.0,NA,2543.4288,1373.47078695
1981,streatham,STREATHAM_S6.1_P2312_R1,2023,1,307.0,1275.4,canola,NA,NA,4326.0,NA,NA,2984.94,1402.54
1982,streatham,STREATHAM_S6.1_P2312_R1,2024,2,257.0,1134.2345873,Wheat,NA,NA,2023.01,0.0,NA,728.2836,-662.9509873
1983,streatham,STREATHAM_S6.1_P2312_R1,2025,3,204.5,710.0999999999999,Pasture,NA,NA,0.0,0.0,NA,0.0,-914.5999999999999
1984,streatham,STREATHAM_S9.1_P2121_R1,2023,1,296.0,1399.8675999999998,wheat,NA,NA,6204.0,NA,NA,2233.44,537.5724000000002
1985,streatham,STREATHAM_S9.1_P2121_R1,2024,2,274.92775,728.85,Canola,Field Pea,NA,1767.68,609.43,NA,1498.81814,495.04039
1986,streatham,STREATHAM_S9.1_P2121_R1,2025,3,213.0,951.7611826000001,Wheat,NA,NA,7570.2,0.0,NA,2725.272,1560.5108173999997
1987,streatham,STREATHAM_S7_P3412_R3,2023,1,307.0,1275.4,canola,NA,NA,4141.0,NA,NA,2857.29,1274.8899999999999
1988,streatham,STREATHAM_S7_P3412_R3,2024,2,257.0,1086.9838047,Wheat,NA,NA,3052.2,0.0,NA,1098.792,-245.19180470000015
1989,streatham,STREATHAM_S7_P3412_R3,2025,3,204.5,779.0,Pasture,NA,NA,0.0,0.0,NA,0.0,-983.5
1990,streatham,STREATHAM_S10_P1212_R2,2023,1,389.4887,1123.95,canola,field pea,NA,3013.032,1506.516,NA,2768.976408,1255.537708
1991,streatham,STREATHAM_S10_P1212_R2,2024,2,241.64475,972.0826974500001,Wheat,Vetch,NA,1245.79,0.0,NA,448.4844,-765.2430474500001
1992,streatham,STREATHAM_S10_P1212_R2,2025,3,332.98075,889.66550725,Canola,Field pea,NA,3509.46,509.77,NA,2655.00206,1432.3558027499996
1993,streatham,STREATHAM_S12_P0000_R9,NA,NA,NA,NA,NA,NA,NA,NA,NA,NA,NA,NA
1994,streatham,STREATHAM_S4_P2312_R1,2023,1,307.0,1275.4,canola,NA,NA,4239.0,NA,NA,2924.91,1342.5099999999998
1995,streatham,STREATHAM_S4_P2312_R1,2024,2,257.0,1092.7123844,Wheat,NA,NA,1526.37,0.0,NA,549.4931999999999,-800.2191844000001
1996,streatham,STREATHAM_S4_P2312_R1,2025,3,298.875,711.0,Wheat,Vetch,NA,3775.0,0.0,NA,1359.0,349.125
1997,streatham,STREATHAM_S2.1_P1234_R2,2023,1,292.5,1266.3500000000001,faba bean,NA,NA,2196.0,NA,NA,1043.1,-515.7500000000002
1998,streatham,STREATHAM_S2.1_P1234_R2,2024,2,246.0,830.8279637500001,Canola,NA,NA,2626.26,0.0,NA,1812.1194,735.29143625
1999,streatham,STREATHAM_S2.1_P1234_R2,2025,3,213.0,936.4211565,Wheat,NA,NA,7973.07,0.0,NA,2870.3052,1720.8840434999997
2000,streatham,STREATHAM_S2.1_P2341_R2,2023,1,307.0,1225.4,canola,NA,NA,4142.0,NA,NA,2857.98,1325.58
2001,streatham,STREATHAM_S2.1_P2341_R2,2024,2,257.0,1056.4197666500002,Wheat,NA,NA,3019.08,0.0,NA,1086.8688,-226.5509666500002
2002,streatham,STREATHAM_S2.1_P2341_R2,2025,3,213.0,948.3249913000001,Wheat,NA,NA,8103.47,0.0,NA,2917.2492,1755.9242087000002
2003,streatham,STREATHAM_S1.3_P1212_R3,2023,1,279.0,1160.3999999999999,canola,NA,NA,1784.0,NA,NA,1230.9599999999998,-208.44000000000005
2004,streatham,STREATHAM_S1.3_P1212_R3,2024,2,248.5,879.1825999999999,Wheat,NA,NA,3094.2,0.0,NA,1113.9119999999998,-13.770600000000059
2005,streatham,STREATHAM_S1.3_P1212_R3,2025,3,224.0,929.5500000000001,Canola,NA,NA,4709.14,0.0,NA,3249.3066,2095.7565999999997
2006,streatham,STREATHAM_S3_P3412_R1,2023,1,307.0,1275.4,canola,NA,NA,4282.0,NA,NA,2954.58,1372.1799999999998
2007,streatham,STREATHAM_S3_P3412_R1,2024,2,257.0,1067.34629745,Wheat,NA,NA,2637.49,0.0,NA,949.4964,-374.84989745000007
2008,streatham,STREATHAM_S3_P3412_R1,2025,3,215.5,924.0500000000001,Faba bean,NA,NA,3811.66,0.0,NA,1810.5385,670.9885
2009,streatham,STREATHAM_S2.1_P3412_R2,2023,1,296.0,1352.3675999999998,wheat,NA,NA,5681.0,NA,NA,2045.16,396.79240000000027
2010,streatham,STREATHAM_S2.1_P3412_R2,2024,2,268.0,1064.06681015,Wheat,NA,NA,4545.45,0.0,NA,1636.362,304.29518985000004
2011,streatham,STREATHAM_S2.1_P3412_R2,2025,3,215.5,924.0500000000001,Faba bean,NA,NA,3965.57,0.0,NA,1883.64575,744.0957499999998
2012,streatham,STREATHAM_S6.2_P1231_R1,2023,1,226.5,961.9,balansa clover,balansa clover,chicory ,0.0,NA,NA,0.0,-1188.4
2013,streatham,STREATHAM_S6.2_P1231_R1,2024,2,257.0,1008.9514366000001,Canola,NA,NA,2093.15,0.0,NA,1444.2735,178.32206339999993
2014,streatham,STREATHAM_S6.2_P1231_R1,2025,3,213.0,946.8216565,Wheat,NA,NA,4266.26,0.0,NA,1535.8536,376.0319434999999
2015,streatham,STREATHAM_S9.1_P1212_R1,2023,1,374.58849,1073.95,canola,field pea,NA,3069.0264,1534.5132,NA,2820.4352616,1371.8967716
2016,streatham,STREATHAM_S9.1_P1212_R1,2024,2,257.0,1084.29687715,Wheat,NA,NA,2693.6,0.0,NA,969.696,-371.60087715
2017,streatham,STREATHAM_S9.1_P1212_R1,2025,3,280.38125,817.7500000000001,Canola,Field pea,NA,1782.69,812.56,NA,1602.20858,504.07732999999996
2018,streatham,STREATHAM_S1.3_P1212_R2,2023,1,279.0,1160.3999999999999,canola,NA,NA,4058.0,NA,NA,2800.02,1360.6200000000001
2019,streatham,STREATHAM_S1.3_P1212_R2,2024,2,248.5,879.1825999999999,Wheat,NA,NA,2786.2,0.0,NA,1003.032,-124.65059999999983
2020,streatham,STREATHAM_S1.3_P1212_R2,2025,3,224.0,929.5500000000001,Canola,NA,NA,4216.35,0.0,NA,2909.2815,1755.7314999999999
2021,streatham,STREATHAM_S10_P1212_R1,2023,1,386.439005,1123.95,canola,field pea,NA,2931.7068,1465.8534,NA,2694.2385492,1183.8495441999996
2022,streatham,STREATHAM_S10_P1212_R1,2024,2,236.10325,972.0826974500001,Wheat,Vetch,NA,1024.13,0.0,NA,368.6868,-839.49914745
2023,streatham,STREATHAM_S10_P1212_R1,2025,3,318.413,889.66550725,Canola,Field pea,NA,2606.73,829.79,NA,2178.68752,970.6090127499999
2024,streatham,STREATHAM_S7_P3412_R2,2023,1,307.0,1275.4,canola,NA,NA,4625.0,NA,NA,3191.2499999999995,1608.8499999999995
2025,streatham,STREATHAM_S7_P3412_R2,2024,2,257.0,1086.9838047,Wheat,NA,NA,2724.47,0.0,NA,980.8092,-363.17460470000003
2026,streatham,STREATHAM_S7_P3412_R2,2025,3,204.5,779.0,Pasture,NA,NA,0.0,0.0,NA,0.0,-983.5
2027,streatham,STREATHAM_S6.1_P2312_R3,2023,1,307.0,1275.4,canola,NA,NA,3940.0,NA,NA,2718.6,1136.1999999999998
2028,streatham,STREATHAM_S6.1_P2312_R3,2024,2,257.0,1134.2345873,Wheat,NA,NA,2797.38,0.0,NA,1007.0568,-384.1777873
2029,streatham,STREATHAM_S6.1_P2312_R3,2025,3,204.5,710.0999999999999,Pasture,NA,NA,0.0,0.0,NA,0.0,-914.5999999999999
2030,streatham,STREATHAM_S3_P4123_R2,2023,1,296.0,1399.8675999999998,wheat,NA,NA,6149.0,NA,NA,2213.64,517.7724000000001
2031,streatham,STREATHAM_S3_P4123_R2,2024,2,226.5,758.133,Faba bean,NA,NA,3367.0,0.0,NA,1599.3249999999998,614.6919999999998
2032,streatham,STREATHAM_S3_P4123_R2,2025,3,213.0,935.9807739,Wheat,NA,NA,7766.76,0.0,NA,2796.0336,1647.0528261000002
2033,streatham,STREATHAM_S2.4_P3412_R3,2023,1,296.0,1442.3675999999998,wheat,NA,NA,5767.0,NA,NA,2076.12,337.7524000000001
2034,streatham,STREATHAM_S2.4_P3412_R3,2024,2,268.0,1091.24893515,Wheat,NA,NA,3542.23,0.0,NA,1275.2028,-84.04613515000005
2035,streatham,STREATHAM_S2.4_P3412_R3,2025,3,215.5,924.0500000000001,Faba bean,NA,NA,4194.7,0.0,NA,1992.4825,852.9325
2036,streatham,STREATHAM_S1.1_P2121_R1,2023,1,296.0,1352.3675999999998,wheat,NA,NA,5943.0,NA,NA,2139.48,491.1124000000002
2037,streatham,STREATHAM_S1.1_P2121_R1,2024,2,246.0,857.85503625,Canola,NA,NA,3215.49,0.0,NA,2218.6881,1114.8330637499998
2038,streatham,STREATHAM_S1.1_P2121_R1,2025,3,213.0,944.6562348,Wheat,NA,NA,7352.87,0.0,NA,2647.0332,1489.3769651999999
2039,streatham,STREATHAM_S2.2_P4123_R3,2023,1,296.0,1399.8675999999998,wheat,NA,NA,5410.0,NA,NA,1947.6,251.7324000000001
2040,streatham,STREATHAM_S2.2_P4123_R3,2024,2,226.5,758.133,Faba bean,NA,NA,3169.8,0.0,NA,1505.655,521.0219999999999
2041,streatham,STREATHAM_S2.2_P4123_R3,2025,3,224.0,947.7326087,Canola,NA,NA,5272.61,0.0,NA,3638.1009,2466.3682913
2042,streatham,STREATHAM_S9.3_P2121_R2,2023,1,296.0,1399.8675999999998,wheat,NA,NA,5221.0,NA,NA,1879.56,183.69240000000013
2043,streatham,STREATHAM_S9.3_P2121_R2,2024,2,283.93275,842.1503496500001,Canola,Field Pea,NA,1964.09,433.22,NA,1553.6368599999998,427.55376034999983
2044,streatham,STREATHAM_S9.3_P2121_R2,2025,3,213.0,942.65342175,Wheat,NA,NA,6896.43,0.0,NA,2482.7148,1327.0613782500002
2045,streatham,STREATHAM_S1.3_P2121_R1,2023,1,296.0,1414.8675999999998,wheat,NA,NA,4384.0,NA,NA,1578.24,-132.6275999999998
2046,streatham,STREATHAM_S1.3_P2121_R1,2024,2,248.5,780.3399999999999,Canola,NA,NA,2895.62,0.0,NA,1997.9778,969.1378
2047,streatham,STREATHAM_S1.3_P2121_R1,2025,3,213.0,955.8475999999999,Wheat,NA,NA,6200.98,0.0,NA,2232.3528,1063.5052
2048,streatham,STREATHAM_S9.3_P2121_R3,2023,1,296.0,1399.8675999999998,wheat,NA,NA,5934.0,NA,NA,2136.24,440.37239999999997
2049,streatham,STREATHAM_S9.3_P2121_R3,2024,2,299.661,842.1503496500001,Canola,Field Pea,NA,2268.15,758.29,NA,1912.32032,770.5089703499999
2050,streatham,STREATHAM_S9.3_P2121_R3,2025,3,213.0,942.65342175,Wheat,NA,NA,7938.78,0.0,NA,2857.9608,1702.3073782499998
2051,streatham,STREATHAM_S1.2_P2121_R1,2023,1,296.0,1399.8675999999998,wheat,NA,NA,6047.0,NA,NA,2176.92,481.05240000000026
2052,streatham,STREATHAM_S1.2_P2121_R1,2024,2,237.5,742.19,Canola,NA,NA,3498.88,0.0,NA,2414.2272,1434.5371999999998
2053,streatham,STREATHAM_S1.2_P2121_R1,2025,3,213.0,943.0026,Wheat,NA,NA,6802.12,0.0,NA,2448.7632,1292.7605999999998
2054,streatham,STREATHAM_S1.2_P2121_R2,2023,1,296.0,1399.8675999999998,wheat,NA,NA,6062.0,NA,NA,2182.32,486.45240000000035
2055,streatham,STREATHAM_S1.2_P2121_R2,2024,2,237.5,742.19,Canola,NA,NA,2965.77,0.0,NA,2046.3813,1066.6913
2056,streatham,STREATHAM_S1.2_P2121_R2,2025,3,213.0,943.0026,Wheat,NA,NA,8797.7,0.0,NA,3167.172,2011.1694
2057,streatham,STREATHAM_S1.3_P2121_R3,2023,1,296.0,1414.8675999999998,wheat,NA,NA,4361.0,NA,NA,1569.96,-140.90759999999977
2058,streatham,STREATHAM_S1.3_P2121_R3,2024,2,248.5,780.3399999999999,Canola,NA,NA,2833.78,0.0,NA,1955.3082,926.4682
2059,streatham,STREATHAM_S1.3_P2121_R3,2025,3,213.0,955.8475999999999,Wheat,NA,NA,7488.06,0.0,NA,2695.7016,1526.8539999999998
2060,streatham,STREATHAM_S3_P1234_R1,2023,1,292.5,1266.3500000000001,faba bean,NA,NA,2202.0,NA,NA,1045.95,-512.9000000000001
2061,streatham,STREATHAM_S3_P1234_R1,2024,2,257.0,1074.6465583499999,Wheat,NA,NA,2934.9,0.0,NA,1056.564,-275.0825583499998
2062,streatham,STREATHAM_S3_P1234_R1,2025,3,232.5,976.26855074,Canola,NA,NA,3584.8,0.0,NA,2473.512,1264.74344926
2063,streatham,STREATHAM_S2.3_P1234_R3,2023,1,270.5,1200.1525,faba bean,NA,NA,2938.0,NA,NA,1395.55,-75.10249999999996
2064,streatham,STREATHAM_S2.3_P1234_R3,2024,2,268.0,969.30327715,Canola,NA,NA,2973.79,0.0,NA,2051.9151,814.6118228500002
2065,streatham,STREATHAM_S2.3_P1234_R3,2025,3,213.0,940.6481796999999,Wheat,NA,NA,8838.19,0.0,NA,3181.7484,2028.1002203
2066,streatham,STREATHAM_S1.4_P2121_R1,2023,1,296.0,1442.3675999999998,wheat,NA,NA,5489.0,NA,NA,1976.04,237.67240000000015
2067,streatham,STREATHAM_S1.4_P2121_R1,2024,2,246.0,908.8347554500001,Canola,NA,NA,0.0,0.0,NA,0.0,-1154.83475545
2068,streatham,STREATHAM_S1.4_P2121_R1,2025,3,213.0,960.4115348,Wheat,NA,NA,7269.49,0.0,NA,2617.0164,1443.6048652
2069,streatham,STREATHAM_S3_P2341_R1,2023,1,296.0,1399.8675999999998,wheat,NA,NA,5729.0,NA,NA,2062.44,366.57240000000024
2070,streatham,STREATHAM_S3_P2341_R1,2024,2,246.0,887.3610163000001,Canola,NA,NA,3703.7,0.0,NA,2555.553,1422.1919836999998
2071,streatham,STREATHAM_S3_P2341_R1,2025,3,213.0,956.9580130500001,Wheat,NA,NA,6451.8,0.0,NA,2322.648,1152.68998695
2072,streatham,STREATHAM_S7_P3412_R1,2023,1,307.0,1275.4,canola,NA,NA,4146.0,NA,NA,2860.74,1278.3399999999997
2073,streatham,STREATHAM_S7_P3412_R1,2024,2,257.0,1086.9838047,Wheat,NA,NA,2508.42,0.0,NA,903.0312,-440.95260470000005
2074,streatham,STREATHAM_S7_P3412_R1,2025,3,204.5,779.0,Pasture,NA,NA,0.0,0.0,NA,0.0,-983.5
2075,streatham,STREATHAM_S8_P2312_R2,2023,1,307.0,1275.4,canola,NA,NA,4494.0,NA,NA,3100.86,1518.46
2076,streatham,STREATHAM_S8_P2312_R2,2024,2,257.0,1097.2722394999998,Wheat,NA,NA,2828.28,0.0,NA,1018.1808,-336.09143949999986
2077,streatham,STREATHAM_S8_P2312_R2,2025,3,193.5,687.0,Vetch,NA,NA,0.0,0.0,NA,0.0,-880.5
2078,streatham,STREATHAM_S3_P4123_R1,2023,1,296.0,1399.8675999999998,wheat,NA,NA,5845.0,NA,NA,2104.2,408.3324
2079,streatham,STREATHAM_S3_P4123_R1,2024,2,226.5,758.133,Faba bean,NA,NA,0.0,0.0,NA,0.0,-984.633
2080,streatham,STREATHAM_S3_P4123_R1,2025,3,213.0,935.9807739,Wheat,NA,NA,8618.22,0.0,NA,3102.5592,1953.5784261000001
2081,streatham,STREATHAM_S2.3_P2341_R2,2023,1,279.0,1185.3999999999999,canola,NA,NA,4052.0,NA,NA,2795.88,1331.4800000000002
2082,streatham,STREATHAM_S2.3_P2341_R2,2024,2,257.0,1125.8927757,Wheat,NA,NA,2786.2,0.0,NA,1003.032,-379.86077569999986
2083,streatham,STREATHAM_S2.3_P2341_R2,2025,3,213.0,950.4738318999999,Wheat,NA,NA,6747.43,0.0,NA,2429.0748,1265.6009681
2084,streatham,STREATHAM_S1.4_P1212_R2,2023,1,307.0,1315.4,canola,NA,NA,430.0,NA,NA,296.7,-1325.7
2085,streatham,STREATHAM_S1.4_P1212_R2,2024,2,246.0,1085.9666742999998,Wheat,NA,NA,2581.37,0.0,NA,929.2932,-402.67347429999984
2086,streatham,STREATHAM_S1.4_P1212_R2,2025,3,235.0,920.43333335,Canola,NA,NA,4811.01,0.0,NA,3319.5969,2164.16356665
2087,streatham,STREATHAM_S6.2_P3123_R1,2023,1,296.0,1399.8675999999998,wheat,NA,NA,5984.0,NA,NA,2154.24,458.37239999999997
2088,streatham,STREATHAM_S6.2_P3123_R1,2024,2,226.5,721.225,Pasture,NA,NA,0.0,0.0,NA,0.0,-947.725
2089,streatham,STREATHAM_S6.2_P3123_R1,2025,3,243.5,1019.8847971,Canola,NA,NA,3992.0,0.0,NA,2754.48,1491.0952029
2090,streatham,STREATHAM_S2.3_P4123_R3,2023,1,296.0,1414.8675999999998,wheat,NA,NA,5819.0,NA,NA,2094.84,383.97240000000033
2091,streatham,STREATHAM_S2.3_P4123_R3,2024,2,259.5,847.7660000000001,Faba bean,NA,NA,3035.39,0.0,NA,1441.8102499999998,334.5442499999997
2092,streatham,STREATHAM_S2.3_P4123_R3,2025,3,235.0,950.7344203,Canola,NA,NA,4991.07,0.0,NA,3443.8382999999994,2258.103879699999
2093,streatham,STREATHAM_S2.4_P1234_R1,2023,1,292.5,1266.3500000000001,faba bean,NA,NA,2483.0,NA,NA,1179.425,-379.4250000000002
2094,streatham,STREATHAM_S2.4_P1234_R1,2024,2,246.0,922.1794221,Canola,NA,NA,2940.52,0.0,NA,2028.9588,860.7793779000001
2095,streatham,STREATHAM_S2.4_P1234_R1,2025,3,213.0,957.3807,Wheat,NA,NA,6245.09,0.0,NA,2248.2324,1077.8516999999997
2096,streatham,STREATHAM_S13_P0000_R7,NA,NA,NA,NA,NA,NA,NA,NA,NA,NA,NA,NA
2097,streatham,STREATHAM_S5_P2312_R3,2023,1,296.0,1399.8675999999998,wheat,NA,NA,5882.0,NA,NA,2117.52,421.65240000000017
2098,streatham,STREATHAM_S5_P2312_R3,2024,2,235.0,947.20727715,Barley,NA,NA,3875.45,0.0,NA,1206.04004,23.83276285000011
2099,streatham,STREATHAM_S5_P2312_R3,2025,3,232.5,946.15869565,Canola,NA,NA,5244.26,0.0,NA,3618.5394,2439.88070435
2100,streatham,STREATHAM_S1.3_P1212_R1,2023,1,279.0,1160.3999999999999,canola,NA,NA,3892.0,NA,NA,2685.48,1246.0800000000002
2101,streatham,STREATHAM_S1.3_P1212_R1,2024,2,248.5,879.1825999999999,Wheat,NA,NA,2606.62,0.0,NA,938.3832,-189.29939999999988
2102,streatham,STREATHAM_S1.3_P1212_R1,2025,3,224.0,929.5500000000001,Canola,NA,NA,3542.43,0.0,NA,2444.2767,1290.7266999999997
2103,streatham,STREATHAM_S12_P0000_R4,NA,NA,NA,NA,NA,NA,NA,NA,NA,NA,NA,NA
2104,streatham,STREATHAM_S2.2_P1234_R2,2023,1,292.5,1266.3500000000001,faba bean,NA,NA,2557.0,NA,NA,1214.575,-344.2750000000001
2105,streatham,STREATHAM_S2.2_P1234_R2,2024,2,246.0,916.2324656000001,Canola,NA,NA,2766.55,0.0,NA,1908.9195,746.6870343999999
2106,streatham,STREATHAM_S2.2_P1234_R2,2025,3,213.0,945.6622087000001,Wheat,NA,NA,6977.28,0.0,NA,2511.8208,1353.1585913
2107,streatham,STREATHAM_S8_P1231_R3,2023,1,248.5,994.926,vetch,NA,NA,0.0,NA,NA,0.0,-1243.426
2108,streatham,STREATHAM_S8_P1231_R3,2024,2,246.0,856.6013931,Canola,NA,NA,3307.01,0.0,NA,2281.8369,1179.2355068999998
2109,streatham,STREATHAM_S8_P1231_R3,2025,3,213.0,939.14977825,Wheat,NA,NA,7135.39,0.0,NA,2568.7404,1416.59062175
2110,streatham,STREATHAM_S7_P1234_R2,2023,1,226.5,961.9,balansa clover,balansa clover,chicory ,0.0,NA,NA,0.0,-1188.4
2111,streatham,STREATHAM_S7_P1234_R2,2024,2,193.5,685.75,Pasture,NA,NA,0.0,0.0,NA,0.0,-879.25
2112,streatham,STREATHAM_S7_P1234_R2,2025,3,243.5,1017.4632029,Canola,NA,NA,3958.09,0.0,NA,2731.0821,1470.1188971000001
2113,streatham,STREATHAM_S6.2_P3123_R2,2023,1,296.0,1399.8675999999998,wheat,NA,NA,6009.0,NA,NA,2163.24,467.37239999999997
2114,streatham,STREATHAM_S6.2_P3123_R2,2024,2,226.5,721.225,Pasture,NA,NA,0.0,0.0,NA,0.0,-947.725
2115,streatham,STREATHAM_S6.2_P3123_R2,2025,3,243.5,1019.8847971,Canola,NA,NA,4313.59,0.0,NA,2976.3771,1712.9923029000001
2116,streatham,STREATHAM_S2.1_P3412_R1,2023,1,296.0,1352.3675999999998,wheat,NA,NA,5440.0,NA,NA,1958.4,310.0324000000003
2117,streatham,STREATHAM_S2.1_P3412_R1,2024,2,268.0,1064.0668101499998,Wheat,NA,NA,2744.11,0.0,NA,987.8796,-344.1872101499998
2118,streatham,STREATHAM_S2.1_P3412_R1,2025,3,215.5,924.0500000000001,Faba bean,NA,NA,4334.2,0.0,NA,2058.745,919.1949999999998
2119,streatham,STREATHAM_S9.3_P1212_R3,2023,1,394.46320249999997,1173.95,canola,field pea,NA,3145.6854,1572.8427,NA,2890.8848825999994,1322.4716800999993
2120,streatham,STREATHAM_S9.3_P1212_R3,2024,2,257.0,1117.2093699499999,Wheat,NA,NA,0.0,0.0,NA,0.0,-1374.2093699499999
2121,streatham,STREATHAM_S9.3_P1212_R3,2025,3,323.6015,877.7799275500001,Canola,Field pea,NA,3248.82,735.24,NA,2578.42572,1377.0442924500003
2122,streatham,STREATHAM_S2.3_P3412_R2,2023,1,296.0,1414.8675999999998,wheat,NA,NA,4700.0,NA,NA,1692.0,-18.86759999999981
2123,streatham,STREATHAM_S2.3_P3412_R2,2024,2,268.0,1063.4049785999998,Wheat,NA,NA,4065.66,0.0,NA,1463.6375999999998,132.23262139999997
2124,streatham,STREATHAM_S2.3_P3412_R2,2025,3,215.5,904.65,Faba bean,NA,NA,5230.78,0.0,NA,2484.6204999999995,1364.4704999999994
2125,streatham,STREATHAM_S2.2_P3412_R3,2023,1,296.0,1399.8675999999998,wheat,NA,NA,4825.0,NA,NA,1737.0,41.13240000000019
2126,streatham,STREATHAM_S2.2_P3412_R3,2024,2,268.0,1084.79931195,Wheat,NA,NA,2595.77,0.0,NA,934.4772,-418.3221119499999
2127,streatham,STREATHAM_S2.2_P3412_R3,2025,3,215.5,924.0500000000001,Faba bean,NA,NA,3819.05,0.0,NA,1814.04875,674.4987499999999
2128,streatham,STREATHAM_S1.1_P1212_R2,2023,1,307.0,1225.4,canola,NA,NA,3988.0,NA,NA,2751.72,1219.3199999999997
2129,streatham,STREATHAM_S1.1_P1212_R2,2024,2,246.0,1054.42701305,Wheat,NA,NA,2948.93,0.0,NA,1061.6147999999998,-238.81221305000008
2130,streatham,STREATHAM_S1.1_P1212_R2,2025,3,243.5,935.0555072500001,Canola,NA,NA,4416.89,0.0,NA,3047.6541,1869.09859275
2131,streatham,STREATHAM_S8_P3123_R1,2023,1,296.0,1399.8675999999998,wheat,NA,NA,5075.0,NA,NA,1827.0,131.1324000000002
2132,streatham,STREATHAM_S8_P3123_R1,2024,2,215.5,734.05,Vetch,NA,NA,0.0,0.0,NA,0.0,-949.55
2133,streatham,STREATHAM_S8_P3123_R1,2025,3,232.5,965.584927515,Canola,NA,NA,4034.1,0.0,NA,2783.5289999999995,1585.4440724849997
2134,streatham,STREATHAM_S2.1_P2341_R3,2023,1,307.0,1225.4,canola,NA,NA,4118.0,NA,NA,2841.42,1309.02
2135,streatham,STREATHAM_S2.1_P2341_R3,2024,2,257.0,1056.41976665,Wheat,NA,NA,2786.18,0.0,NA,1003.0248,-310.3949666499999
2136,streatham,STREATHAM_S2.1_P2341_R3,2025,3,213.0,948.3249913000001,Wheat,NA,NA,8354.26,0.0,NA,3007.5336,1846.2086087000002
2137,streatham,STREATHAM_S2.1_P2341_R1,2023,1,307.0,1225.4,canola,NA,NA,4326.0,NA,NA,2984.94,1452.54
2138,streatham,STREATHAM_S2.1_P2341_R1,2024,2,257.0,1056.4197666500002,Wheat,NA,NA,2623.46,0.0,NA,944.4456,-368.97416665000014
2139,streatham,STREATHAM_S2.1_P2341_R1,2025,3,213.0,948.3249913000001,Wheat,NA,NA,7565.21,0.0,NA,2723.4756,1562.1506087000002
2140,streatham,STREATHAM_S9.3_P1212_R1,2023,1,396.71297749999997,1173.95,canola,field pea,NA,3205.6794,1602.8397,NA,2946.0193686,1375.3563910999999
2141,streatham,STREATHAM_S9.3_P1212_R1,2024,2,257.0,1117.2093699499999,Wheat,NA,NA,2494.39,0.0,NA,897.9803999999999,-476.22896994999996
2142,streatham,STREATHAM_S9.3_P1212_R1,2025,3,322.30975,877.7799275500001,Canola,Field pea,NA,2803.93,1128.46,NA,2451.54638,1251.4567024500002
2143,streatham,STREATHAM_S9.2_P2121_R3,2023,1,296.0,1399.8675999999998,wheat,NA,NA,4066.0,NA,NA,1463.76,-232.10759999999982
2144,streatham,STREATHAM_S9.2_P2121_R3,2024,2,224.0,799.7514067,Canola,Field Pea,NA,0.0,0.0,NA,0.0,-1023.7514067
2145,streatham,STREATHAM_S9.2_P2121_R3,2025,3,213.0,950.2877565000001,Wheat,NA,NA,6630.16,0.0,NA,2386.8576,1223.5698434999997
2146,streatham,STREATHAM_S8_P1231_R1,2023,1,248.5,994.926,vetch,NA,NA,0.0,NA,NA,0.0,-1243.426
2147,streatham,STREATHAM_S8_P1231_R1,2024,2,246.0,856.6013931,Canola,NA,NA,3103.25,0.0,NA,2141.2425,1038.6411068999998
2148,streatham,STREATHAM_S8_P1231_R1,2025,3,213.0,939.14977825,Wheat,NA,NA,5553.2,0.0,NA,1999.152,847.00222175
2149,streatham,STREATHAM_S1.1_P2121_R3,2023,1,296.0,1352.3675999999998,wheat,NA,NA,5243.0,NA,NA,1887.48,239.1124000000002
2150,streatham,STREATHAM_S1.1_P2121_R3,2024,2,246.0,857.85503625,Canola,NA,NA,3127.8,0.0,NA,2158.182,1054.3269637499998
2151,streatham,STREATHAM_S1.1_P2121_R3,2025,3,213.0,944.6562348,Wheat,NA,NA,7047.39,0.0,NA,2537.0604,1379.4041651999999
2152,streatham,STREATHAM_S1.4_P2121_R2,2023,1,296.0,1442.3675999999998,wheat,NA,NA,5317.0,NA,NA,1914.12,175.75240000000008
2153,streatham,STREATHAM_S1.4_P2121_R2,2024,2,246.0,908.8347554500001,Canola,NA,NA,3358.59,0.0,NA,2317.4271,1162.5923445499998
2154,streatham,STREATHAM_S1.4_P2121_R2,2025,3,213.0,960.4115348,Wheat,NA,NA,8382.25,0.0,NA,3017.61,1844.1984652
2155,streatham,STREATHAM_S7_P4123_R1,2023,1,296.0,1399.8675999999998,wheat,NA,NA,5622.0,NA,NA,2023.92,328.05240000000026
2156,streatham,STREATHAM_S7_P4123_R1,2024,2,193.5,685.75,Pasture,NA,NA,0.0,0.0,NA,0.0,-879.25
2157,streatham,STREATHAM_S7_P4123_R1,2025,3,193.5,754.1,Pasture,NA,NA,0.0,0.0,NA,0.0,-947.6
2158,streatham,STREATHAM_S3_P3412_R2,2023,1,307.0,1275.4,canola,NA,NA,4538.0,NA,NA,3131.22,1548.8199999999997
2159,streatham,STREATHAM_S3_P3412_R2,2024,2,257.0,1067.34629745,Wheat,NA,NA,3468.01,0.0,NA,1248.4836,-75.86269745000004
2160,streatham,STREATHAM_S3_P3412_R2,2025,3,215.5,924.0500000000001,Faba bean,NA,NA,4478.4,0.0,NA,2127.24,987.6899999999997
2161,streatham,STREATHAM_S4_P3123_R2,2023,1,296.0,1399.8675999999998,wheat,NA,NA,5320.0,NA,NA,1915.2,219.33240000000023
2162,streatham,STREATHAM_S4_P3123_R2,2024,2,204.6,709.75,Wheat,Vetch,NA,4.0,0.0,NA,1.44,-912.91
2163,streatham,STREATHAM_S4_P3123_R2,2025,3,243.5,964.2520289949999,Canola,NA,NA,4640.89,0.0,NA,3202.2141,1994.4620710050003
2164,streatham,STREATHAM_S2.2_P1234_R1,2023,1,292.5,1266.3500000000001,faba bean,NA,NA,2361.0,NA,NA,1121.475,-437.3750000000002
2165,streatham,STREATHAM_S2.2_P1234_R1,2024,2,246.0,916.2324656000001,Canola,NA,NA,2918.07,0.0,NA,2013.4683,851.2358343999999
2166,streatham,STREATHAM_S2.2_P1234_R1,2025,3,213.0,945.6622087000001,Wheat,NA,NA,6947.59,0.0,NA,2501.1324,1342.4701913
2167,streatham,STREATHAM_S6.1_P2312_R2,2023,1,307.0,1275.4,canola,NA,NA,4168.0,NA,NA,2875.92,1293.52
2168,streatham,STREATHAM_S6.1_P2312_R2,2024,2,257.0,1134.2345873,Wheat,NA,NA,2558.92,0.0,NA,921.2112,-470.02338729999997
2169,streatham,STREATHAM_S6.1_P2312_R2,2025,3,204.5,710.0999999999999,Pasture,NA,NA,0.0,0.0,NA,0.0,-914.5999999999999
2170,streatham,STREATHAM_S2.4_P1234_R3,2023,1,292.5,1266.3500000000001,faba bean,NA,NA,2242.0,NA,NA,1064.95,-493.9000000000001
2171,streatham,STREATHAM_S2.4_P1234_R3,2024,2,246.0,922.1794221,Canola,NA,NA,2959.79,0.0,NA,2042.2551,874.0756779000001
2172,streatham,STREATHAM_S2.4_P1234_R3,2025,3,213.0,957.3807,Wheat,NA,NA,7185.45,0.0,NA,2586.762,1416.3813
2173,streatham,STREATHAM_S2.1_P1234_R3,2023,1,292.5,1266.3500000000001,faba bean,NA,NA,2440.0,NA,NA,1159.0,-399.85000000000014
2174,streatham,STREATHAM_S2.1_P1234_R3,2024,2,246.0,830.8279637500001,Canola,NA,NA,3055.0,0.0,NA,2107.95,1031.1220362499998
2175,streatham,STREATHAM_S2.1_P1234_R3,2025,3,213.0,936.4211565,Wheat,NA,NA,7461.59,0.0,NA,2686.1724,1536.7512434999999
2176,streatham,STREATHAM_S2.1_P4123_R2,2023,1,296.0,1352.3675999999998,wheat,NA,NA,4514.0,NA,NA,1625.04,-23.327599999999848
2177,streatham,STREATHAM_S2.1_P4123_R2,2024,2,226.5,758.133,Faba bean,NA,NA,2828.28,0.0,NA,1343.433,358.79999999999995
2178,streatham,STREATHAM_S2.1_P4123_R2,2025,3,224.0,945.8430435,Canola,NA,NA,0.0,0.0,NA,0.0,-1169.8430435
2179,streatham,STREATHAM_S3_P1234_R2,2023,1,292.5,1266.3500000000001,faba bean,NA,NA,2083.0,NA,NA,989.425,-569.4250000000002
2180,streatham,STREATHAM_S3_P1234_R2,2024,2,257.0,1074.6465583499999,Wheat,NA,NA,3630.75,0.0,NA,1307.07,-24.576558349999914
2181,streatham,STREATHAM_S3_P1234_R2,2025,3,232.5,976.26855074,Canola,NA,NA,4866.14,0.0,NA,3357.6366,2148.8680492599997
2182,streatham,STREATHAM_S7_P1234_R1,2023,1,226.5,961.9,balansa clover,balansa clover,chicory ,0.0,NA,NA,0.0,-1188.4
2183,streatham,STREATHAM_S7_P1234_R1,2024,2,193.5,685.75,Pasture,NA,NA,0.0,0.0,NA,0.0,-879.25
2184,streatham,STREATHAM_S7_P1234_R1,2025,3,243.5,1017.4632029,Canola,NA,NA,2992.59,0.0,NA,2064.8871,803.9238970999999
2185,streatham,STREATHAM_S11_P0000_R6,NA,NA,NA,NA,NA,NA,NA,NA,NA,NA,NA,NA
2186,streatham,STREATHAM_S13_P0000_R4,NA,NA,NA,NA,NA,NA,NA,NA,NA,NA,NA,NA
2187,streatham,STREATHAM_S2.2_P2341_R3,2023,1,307.0,1275.4,canola,NA,NA,4347.0,NA,NA,2999.43,1417.0299999999997
2188,streatham,STREATHAM_S2.2_P2341_R3,2024,2,257.0,1090.59076125,Wheat,NA,NA,2760.98,0.0,NA,993.9528,-353.63796125
2189,streatham,STREATHAM_S2.2_P2341_R3,2025,3,213.0,946.9433739000001,Wheat,NA,NA,9064.36,0.0,NA,3263.1696,2103.2262261
2190,streatham,STREATHAM_S9.1_P1212_R2,2023,1,366.8142675,1073.95,canola,field pea,NA,2861.7138,1430.8569,NA,2629.9149822,1189.1507147
2191,streatham,STREATHAM_S9.1_P1212_R2,2024,2,257.0,1084.29687715,Wheat,NA,NA,2786.2,0.0,NA,1003.032,-338.26487714999996
2192,streatham,STREATHAM_S9.1_P1212_R2,2025,3,306.15575,817.7500000000001,Canola,Field pea,NA,2541.72,1084.51,NA,2250.49238,1126.5866300000002
2193,streatham,STREATHAM_S5_P3123_R3,2023,1,285.0,1354.4699999999998,barley,NA,NA,5779.0,NA,NA,1798.4247999999998,158.95479999999998
2194,streatham,STREATHAM_S5_P3123_R3,2024,2,246.0,900.289654,Canola,NA,NA,3147.4,0.0,NA,2171.706,1025.416346
2195,streatham,STREATHAM_S5_P3123_R3,2025,3,213.0,948.1493565000001,Wheat,NA,NA,8550.61,0.0,NA,3078.2196,1917.0702434999998
2196,streatham,STREATHAM_S6.2_P1231_R3,2023,1,226.5,961.9,balansa clover,balansa clover,chicory ,0.0,NA,NA,0.0,-1188.4
2197,streatham,STREATHAM_S6.2_P1231_R3,2024,2,257.0,1008.9514366000001,Canola,NA,NA,1948.92,0.0,NA,1344.7548,78.80336339999985
2198,streatham,STREATHAM_S6.2_P1231_R3,2025,3,213.0,946.8216565,Wheat,NA,NA,6296.78,0.0,NA,2266.8408,1107.0191435
2199,streatham,STREATHAM_S2.1_P4123_R3,2023,1,296.0,1352.3675999999998,wheat,NA,NA,3683.0,NA,NA,1325.88,-322.4875999999997
2200,streatham,STREATHAM_S2.1_P4123_R3,2024,2,226.5,758.133,Faba bean,NA,NA,2987.79,0.0,NA,1419.20025,434.56725000000006
2201,streatham,STREATHAM_S2.1_P4123_R3,2025,3,224.0,945.8430435,Canola,NA,NA,4963.83,0.0,NA,3425.0426999999995,2255.1996564999995
2202,streatham,STREATHAM_S5_P2312_R2,2023,1,296.0,1399.8675999999998,wheat,NA,NA,5442.0,NA,NA,1959.12,263.2524000000001
2203,streatham,STREATHAM_S5_P2312_R2,2024,2,235.0,947.20727715,Barley,NA,NA,4789.56,0.0,NA,1490.511072,308.30379485000003
2204,streatham,STREATHAM_S5_P2312_R2,2025,3,232.5,946.15869565,Canola,NA,NA,5242.56,0.0,NA,3617.3664,2438.70770435
2205,streatham,STREATHAM_S2.3_P4123_R2,2023,1,296.0,1414.8675999999998,wheat,NA,NA,4965.0,NA,NA,1787.4,76.53240000000028
2206,streatham,STREATHAM_S2.3_P4123_R2,2024,2,259.5,847.7660000000001,Faba bean,NA,NA,2839.51,0.0,NA,1348.76725,241.50125000000003
2207,streatham,STREATHAM_S2.3_P4123_R2,2025,3,235.0,950.7344203,Canola,NA,NA,4484.76,0.0,NA,3094.4844,1908.7499796999998
2208,streatham,STREATHAM_S1.2_P1212_R3,2023,1,307.0,1275.4,canola,NA,NA,3797.0,NA,NA,2619.93,1037.5299999999997
2209,streatham,STREATHAM_S1.2_P1212_R3,2024,2,237.5,840.3475999999999,Wheat,NA,NA,2595.77,0.0,NA,934.4772,-143.3703999999999
2210,streatham,STREATHAM_S1.2_P1212_R3,2025,3,243.5,1000.15,Canola,NA,NA,5134.77,0.0,NA,3542.9913,2299.3413
2211,streatham,STREATHAM_S8_P1231_R2,2023,1,248.5,994.926,vetch,NA,NA,0.0,NA,NA,0.0,-1243.426
2212,streatham,STREATHAM_S8_P1231_R2,2024,2,246.0,856.6013931,Canola,NA,NA,2603.82,0.0,NA,1796.6358,694.0344069
2213,streatham,STREATHAM_S8_P1231_R2,2025,3,213.0,939.14977825,Wheat,NA,NA,5945.08,0.0,NA,2140.2288,988.0790217499998
2214,streatham,STREATHAM_S6.2_P2312_R1,2023,1,307.0,1275.4,canola,NA,NA,4349.0,NA,NA,3000.81,1418.4099999999999
2215,streatham,STREATHAM_S6.2_P2312_R1,2024,2,257.0,1096.5376598,Wheat,NA,NA,2898.43,0.0,NA,1043.4348,-310.10285980000003
2216,streatham,STREATHAM_S6.2_P2312_R1,2025,3,215.5,716.6999999999999,Pasture,NA,NA,0.0,0.0,NA,0.0,-932.1999999999999
2217,streatham,STREATHAM_S7_P2341_R3,2023,1,226.5,961.9,Perennial ryegrass,sub clover,NA,0.0,NA,NA,0.0,-1188.4
2218,streatham,STREATHAM_S7_P2341_R3,2024,2,246.0,904.7578279,Canola,NA,NA,1766.91,0.0,NA,1219.1679,68.41007209999987
2219,streatham,STREATHAM_S7_P2341_R3,2025,3,213.0,951.8090087,Wheat,NA,NA,6784.17,0.0,NA,2442.3012,1277.4921912999998
2220,streatham,STREATHAM_S5_P3123_R2,2023,1,285.0,1354.4699999999998,barley,NA,NA,6178.0,NA,NA,1922.5936,283.1236000000001
2221,streatham,STREATHAM_S5_P3123_R2,2024,2,246.0,900.289654,Canola,NA,NA,2786.2,0.0,NA,1922.478,776.188346
2222,streatham,STREATHAM_S5_P3123_R2,2025,3,213.0,948.1493565000001,Wheat,NA,NA,7816.79,0.0,NA,2814.0444,1652.8950435000002
2223,streatham,STREATHAM_S11_P0000_R3,2023,1,332.925,1225.4225,wheat,barley,faba bean,4817.0,NA,NA,1734.12,175.77250000000004
2224,streatham,STREATHAM_S11_P0000_R3,2024,2,525.75,2058.2852192,Wheat,barley,fababean,4588.0,0.0,NA,5545.2729,2961.2376808
2225,streatham,STREATHAM_S11_P0000_R3,2025,3,219.0,2764.8019546,Wheat,NA,NA,8514.46,0.0,NA,3065.2056,81.40364539999973
2226,streatham,STREATHAM_S9.2_P2121_R2,2023,1,296.0,1399.8675999999998,wheat,NA,NA,4875.0,NA,NA,1755.0,59.13240000000019
2227,streatham,STREATHAM_S9.2_P2121_R2,2024,2,289.6145,799.7514067,Canola,Field Pea,NA,2035.35,589.23,NA,1674.2588399999995,584.8929332999994
2228,streatham,STREATHAM_S9.2_P2121_R2,2025,3,213.0,950.2877565000001,Wheat,NA,NA,8133.75,0.0,NA,2928.15,1764.8622435
2229,streatham,STREATHAM_S1.4_P2121_R3,2023,1,296.0,1442.3675999999998,wheat,NA,NA,4920.0,NA,NA,1771.2,32.832400000000234
2230,streatham,STREATHAM_S1.4_P2121_R3,2024,2,246.0,908.8347554500001,Canola,NA,NA,3603.83,0.0,NA,2486.6427,1331.8079445499998
2231,streatham,STREATHAM_S1.4_P2121_R3,2025,3,213.0,960.4115348,Wheat,NA,NA,6977.23,0.0,NA,2511.8028,1338.3912652
2232,streatham,STREATHAM_S2.2_P2341_R2,2023,1,307.0,1275.4,canola,NA,NA,4442.0,NA,NA,3064.98,1482.58
2233,streatham,STREATHAM_S2.2_P2341_R2,2024,2,257.0,1090.5907612499998,Wheat,NA,NA,3232.32,0.0,NA,1163.6352,-183.95556124999985
2234,streatham,STREATHAM_S2.2_P2341_R2,2025,3,213.0,946.9433739000001,Wheat,NA,NA,9415.7,0.0,NA,3389.652,2229.7086261
2235,streatham,STREATHAM_S3_P1234_R3,2023,1,292.5,1266.3500000000001,faba bean,NA,NA,2944.0,NA,NA,1398.4,-160.45000000000005
2236,streatham,STREATHAM_S3_P1234_R3,2024,2,257.0,1074.6465583499999,Wheat,NA,NA,4547.49,0.0,NA,1637.0964,305.44984165000005
2237,streatham,STREATHAM_S3_P1234_R3,2025,3,232.5,976.26855074,Canola,NA,NA,5468.79,0.0,NA,3773.4651,2564.6965492599998
2238,streatham,STREATHAM_S2.3_P3412_R3,2023,1,296.0,1414.8675999999998,wheat,NA,NA,4920.0,NA,NA,1771.2,60.332400000000234
2239,streatham,STREATHAM_S2.3_P3412_R3,2024,2,268.0,1063.4049785999998,Wheat,NA,NA,3648.63,0.0,NA,1313.5068,-17.89817859999971
2240,streatham,STREATHAM_S2.3_P3412_R3,2025,3,215.5,904.65,Faba bean,NA,NA,6815.76,0.0,NA,3237.486,2117.336
2241,streatham,STREATHAM_S2.3_P2341_R3,2023,1,279.0,1185.3999999999999,canola,NA,NA,3843.0,NA,NA,2651.67,1187.2700000000002
2242,streatham,STREATHAM_S2.3_P2341_R3,2024,2,257.0,1125.8927757,Wheat,NA,NA,2954.19,0.0,NA,1063.5084,-319.38437569999996
2243,streatham,STREATHAM_S2.3_P2341_R3,2025,3,213.0,950.4738318999999,Wheat,NA,NA,7201.31,0.0,NA,2592.4716,1428.9977681
2244,streatham,STREATHAM_S6.1_P3123_R3,2023,1,296.0,1399.8675999999998,wheat,NA,NA,5767.0,NA,NA,2076.12,380.2524000000001
2245,streatham,STREATHAM_S6.1_P3123_R3,2024,2,226.5,721.225,Pasture,NA,NA,0.0,0.0,NA,0.0,-947.725
2246,streatham,STREATHAM_S6.1_P3123_R3,2025,3,235.0,955.0127536000001,Canola,NA,NA,5002.17,0.0,NA,3451.4973,2261.4845464
2247,streatham,STREATHAM_S7_P2341_R2,2023,1,226.5,961.9,Perennial ryegrass,sub clover,NA,0.0,NA,NA,0.0,-1188.4
2248,streatham,STREATHAM_S7_P2341_R2,2024,2,246.0,904.7578279,Canola,NA,NA,1778.9,0.0,NA,1227.441,76.68317209999998
2249,streatham,STREATHAM_S7_P2341_R2,2025,3,213.0,951.8090087,Wheat,NA,NA,6086.8,0.0,NA,2191.248,1026.4389913
2250,streatham,STREATHAM_S4_P3123_R1,2023,1,296.0,1399.8675999999998,wheat,NA,NA,5495.0,NA,NA,1978.2,282.33240000000023
2251,streatham,STREATHAM_S4_P3123_R1,2024,2,204.595,709.75,Wheat,Vetch,NA,3.8,0.0,NA,1.368,-912.977
2252,streatham,STREATHAM_S4_P3123_R1,2025,3,243.5,964.252028995,Canola,NA,NA,2841.23,0.0,NA,1960.4487,752.6966710049999
2253,streatham,STREATHAM_S6.2_P2312_R2,2023,1,307.0,1275.4,canola,NA,NA,4130.0,NA,NA,2849.7,1267.2999999999997
2254,streatham,STREATHAM_S6.2_P2312_R2,2024,2,257.0,1096.5376598,Wheat,NA,NA,2727.27,0.0,NA,981.8172,-371.72045980000007
2255,streatham,STREATHAM_S6.2_P2312_R2,2025,3,215.5,716.6999999999999,Pasture,NA,NA,0.0,0.0,NA,0.0,-932.1999999999999
2256,streatham,STREATHAM_S12_P0000_R5,NA,NA,NA,NA,NA,NA,NA,NA,NA,NA,NA,NA
2257,streatham,STREATHAM_S1.1_P1212_R1,2023,1,307.0,1225.4,canola,NA,NA,4389.0,NA,NA,3028.41,1496.0099999999998
2258,streatham,STREATHAM_S1.1_P1212_R1,2024,2,246.0,1054.42701305,Wheat,NA,NA,2511.22,0.0,NA,904.0392,-396.38781304999986
2259,streatham,STREATHAM_S1.1_P1212_R1,2025,3,243.5,935.0555072500001,Canola,NA,NA,2984.63,0.0,NA,2059.3947,880.8391927499997
2260,streatham,STREATHAM_S2.2_P4123_R2,2023,1,296.0,1399.8675999999998,wheat,NA,NA,5512.0,NA,NA,1984.32,288.4524000000001
2261,streatham,STREATHAM_S2.2_P4123_R2,2024,2,226.5,758.133,Faba bean,NA,NA,3361.39,0.0,NA,1596.66025,612.0272499999999
2262,streatham,STREATHAM_S2.2_P4123_R2,2025,3,224.0,947.7326087,Canola,NA,NA,5035.83,0.0,NA,3474.7227,2302.9900912999997
2263,streatham,STREATHAM_S2.4_P2341_R3,2023,1,307.0,1315.4,canola,NA,NA,4479.0,NA,NA,3090.51,1468.1100000000001
2264,streatham,STREATHAM_S2.4_P2341_R3,2024,2,257.0,1120.8738336999998,Wheat,NA,NA,3099.8,0.0,NA,1115.928,-261.94583369999964
2265,streatham,STREATHAM_S2.4_P2341_R3,2025,3,213.0,931.4527913000001,Wheat,NA,NA,8220.65,0.0,NA,2959.434,1814.9812087
2266,streatham,STREATHAM_S11_P0000_R2,2023,1,329.65,1225.4225,wheat,barley,faba bean,4686.0,NA,NA,1686.96,131.88750000000005
2267,streatham,STREATHAM_S11_P0000_R2,2024,2,534.6,2058.2852192,Wheat,barley,fababean,4948.0,0.0,NA,5683.0215,3090.1362807999994
2268,streatham,STREATHAM_S11_P0000_R2,2025,3,219.0,2764.8019546000005,Wheat,NA,NA,7489.59,0.0,NA,2696.2524,-287.54955460000065
2269,streatham,STREATHAM_S7_P4123_R3,2023,1,296.0,1399.8675999999998,wheat,NA,NA,4719.0,NA,NA,1698.84,2.972400000000107
2270,streatham,STREATHAM_S7_P4123_R3,2024,2,193.5,685.75,Pasture,NA,NA,0.0,0.0,NA,0.0,-879.25
2271,streatham,STREATHAM_S7_P4123_R3,2025,3,193.5,754.1,Pasture,NA,NA,0.0,0.0,NA,0.0,-947.6
2272,streatham,STREATHAM_S12_P0000_R3,2023,1,296.0,1399.8675999999998,wheat,NA,NA,4138.0,NA,NA,1489.6799999999998,-206.18759999999997
2273,streatham,STREATHAM_S12_P0000_R3,2024,2,215.5,2052.33133515,Wheat,NA,NA,4865.0,0.0,NA,5861.6049,3593.77356485
2274,streatham,STREATHAM_S12_P0000_R3,2024,3,58.5,57.49999999999999,Warm cover mix,NA,NA,NA,NA,NA,0.0,-116.0
2275,streatham,STREATHAM_S12_P0000_R3,2025,4,282.0,2639.25,Warm cover mix,NA,NA,0.0,0.0,NA,2327.59975,-593.6502500000001
2276,streatham,STREATHAM_S12_P0000_R1,2023,1,296.0,1399.8675999999998,wheat,NA,NA,4826.0,NA,NA,1737.36,41.49240000000009
2277,streatham,STREATHAM_S12_P0000_R1,2024,2,215.5,2052.33133515,Wheat,NA,NA,5544.0,0.0,NA,5980.114799999999,3712.2834648499993
2278,streatham,STREATHAM_S12_P0000_R1,2024,3,130.0,0.0,Warm cover mix,NA,NA,0.0,0.0,NA,0.0,-130.0
2279,streatham,STREATHAM_S12_P0000_R1,2025,4,210.5,2696.75,Faba bean,NA,NA,4314.39,0.0,NA,2049.33525,-857.9147499999999
2280,streatham,STREATHAM_S13_P0000_R6,NA,NA,NA,NA,NA,NA,NA,NA,NA,NA,NA,NA
2281,streatham,STREATHAM_S1.4_P1212_R3,2023,1,307.0,1315.4,canola,NA,NA,4462.0,NA,NA,3078.78,1456.38
2282,streatham,STREATHAM_S1.4_P1212_R3,2024,2,246.0,1085.9666742999998,Wheat,NA,NA,3029.79,0.0,NA,1090.7244,-241.24227429999974
2283,streatham,STREATHAM_S1.4_P1212_R3,2025,3,235.0,920.43333335,Canola,NA,NA,4929.24,0.0,NA,3401.1756,2245.74226665
2284,streatham,STREATHAM_S2.4_P4123_R1,2023,1,296.0,1442.3675999999998,wheat,NA,NA,5862.0,NA,NA,2110.32,371.95240000000035
2285,streatham,STREATHAM_S2.4_P4123_R1,2024,2,226.5,758.133,Faba bean,NA,NA,3047.14,0.0,NA,1447.3915,462.7584999999999
2286,streatham,STREATHAM_S2.4_P4123_R1,2025,3,232.5,1007.50066665,Canola,NA,NA,3794.44,0.0,NA,2618.1636,1378.16293335
2287,streatham,STREATHAM_S6.1_P1231_R3,2023,1,226.5,961.9,balansa clover,balansa clover,chicory ,0.0,NA,NA,0.0,-1188.4
2288,streatham,STREATHAM_S6.1_P1231_R3,2024,2,257.0,976.02311775,Canola,NA,NA,2282.15,0.0,NA,1574.6835,341.6603822500001
2289,streatham,STREATHAM_S6.1_P1231_R3,2025,3,213.0,947.5685565000001,Wheat,NA,NA,5354.66,0.0,NA,1927.6776,767.1090434999999
2290,streatham,STREATHAM_S3_P3412_R3,2023,1,307.0,1275.4,canola,NA,NA,3923.0,NA,NA,2706.87,1124.4699999999998
2291,streatham,STREATHAM_S3_P3412_R3,2024,2,257.0,1067.34629745,Wheat,NA,NA,3097.0,0.0,NA,1114.9199999999998,-209.42629745000022
2292,streatham,STREATHAM_S3_P3412_R3,2025,3,215.5,924.0500000000001,Faba bean,NA,NA,4421.78,0.0,NA,2100.3455,960.7954999999998
2293,streatham,STREATHAM_S13_P0000_R3,2023,1,226.5,1137.9,Perennial ryegrass,sub clover,NA,0.0,NA,NA,0.0,-1364.4
2294,streatham,STREATHAM_S13_P0000_R3,2024,2,202.0,2057.25,Pasture,NA,NA,0.0,0.0,NA,0.0,-2259.25
2295,streatham,STREATHAM_S13_P0000_R3,2025,3,191.0,2262.3,Pasture,NA,NA,0.0,0.0,NA,0.0,-2453.3
2296,streatham,STREATHAM_S13_P0000_R1,2023,1,226.5,961.9,Perennial ryegrass,sub clover,NA,0.0,NA,NA,0.0,-1188.4
2297,streatham,STREATHAM_S13_P0000_R1,2024,2,191.0,2057.25,Pasture,NA,NA,0.0,0.0,NA,0.0,-2248.25
2298,streatham,STREATHAM_S13_P0000_R1,2025,3,191.0,2262.3,Pasture,NA,NA,0.0,0.0,NA,0.0,-2453.3
2299,streatham,STREATHAM_S4_P3123_R3,2023,1,296.0,1399.8675999999998,wheat,NA,NA,5438.0,NA,NA,1957.68,261.81240000000025
2300,streatham,STREATHAM_S4_P3123_R3,2024,2,204.59,709.75,Wheat,Vetch,NA,3.6,0.0,NA,1.296,-913.044
2301,streatham,STREATHAM_S4_P3123_R3,2025,3,243.5,964.252028995,Canola,NA,NA,5148.99,0.0,NA,3552.8031,2345.0510710050003
2302,streatham,STREATHAM_S13_P0000_R9,NA,NA,NA,NA,NA,NA,NA,NA,NA,NA,NA,NA
2303,streatham,STREATHAM_S2.2_P2341_R1,2023,1,307.0,1275.4,canola,NA,NA,3955.0,NA,NA,2728.95,1146.5499999999997
2304,streatham,STREATHAM_S2.2_P2341_R1,2024,2,257.0,1090.59076125,Wheat,NA,NA,1787.32,0.0,NA,643.4352,-704.15556125
2305,streatham,STREATHAM_S2.2_P2341_R1,2025,3,213.0,946.9433739000001,Wheat,NA,NA,8225.38,0.0,NA,2961.1368,1801.1934261000001
2306,streatham,STREATHAM_S13_P0000_R8,NA,NA,NA,NA,NA,NA,NA,NA,NA,NA,NA,NA
2307,streatham,STREATHAM_S11_P0000_R5,NA,NA,NA,NA,NA,NA,NA,NA,NA,NA,NA,NA
2308,streatham,STREATHAM_S6.1_P3123_R2,2023,1,296.0,1399.8675999999998,wheat,NA,NA,5212.0,NA,NA,1876.32,180.45240000000013
2309,streatham,STREATHAM_S6.1_P3123_R2,2024,2,226.5,721.225,Pasture,NA,NA,0.0,0.0,NA,0.0,-947.725
2310,streatham,STREATHAM_S6.1_P3123_R2,2025,3,235.0,955.0127536000001,Canola,NA,NA,4457.42,0.0,NA,3075.6198,1885.6070464
2311,streatham,STREATHAM_S2.4_P4123_R3,2023,1,296.0,1442.3675999999998,wheat,NA,NA,5641.0,NA,NA,2030.76,292.3924000000002
2312,streatham,STREATHAM_S2.4_P4123_R3,2024,2,226.5,758.133,Faba bean,NA,NA,3393.82,0.0,NA,1612.0645,627.4314999999999
2313,streatham,STREATHAM_S2.4_P4123_R3,2025,3,232.5,1007.50066665,Canola,NA,NA,5447.07,0.0,NA,3758.4782999999993,2518.4776333499995
2314,streatham,STREATHAM_S13_P0000_R2,2023,1,226.5,961.9,Perennial ryegrass,sub clover,NA,0.0,NA,NA,0.0,-1188.4
2315,streatham,STREATHAM_S13_P0000_R2,2024,2,202.0,2057.25,Pasture,NA,NA,0.0,0.0,NA,0.0,-2259.25
2316,streatham,STREATHAM_S13_P0000_R2,2025,3,191.0,2262.3,Pasture,NA,NA,0.0,0.0,NA,0.0,-2453.3
2317,streatham,STREATHAM_S3_P4123_R3,2023,1,296.0,1399.8675999999998,wheat,NA,NA,6627.0,NA,NA,2385.72,689.8524
2318,streatham,STREATHAM_S3_P4123_R3,2024,2,226.5,758.133,Faba bean,NA,NA,4169.47,0.0,NA,1980.49825,995.8652500000001
2319,streatham,STREATHAM_S3_P4123_R3,2025,3,213.0,935.9807739,Wheat,NA,NA,10456.38,0.0,NA,3764.2968,2615.3160261000003
2320,streatham,STREATHAM_S2.4_P3412_R1,2023,1,296.0,1442.3675999999998,wheat,NA,NA,5576.0,NA,NA,2007.36,268.9924000000001
2321,streatham,STREATHAM_S2.4_P3412_R1,2024,2,268.0,1091.24893515,Wheat,NA,NA,2143.66,0.0,NA,771.7176,-587.5313351500001
2322,streatham,STREATHAM_S2.4_P3412_R1,2025,3,215.5,924.0500000000001,Faba bean,NA,NA,4853.6,0.0,NA,2305.46,1165.9099999999999
2323,streatham,STREATHAM_S12_P0000_R2,2023,1,216.0,1399.8675999999998,wheat,NA,NA,5340.0,NA,NA,1922.4,306.5324000000003
2324,streatham,STREATHAM_S12_P0000_R2,2024,2,295.5,2052.33133515,Wheat,NA,NA,5102.0,0.0,NA,5813.6763,3465.84496485
2325,streatham,STREATHAM_S12_P0000_R2,2024,3,130.0,0.0,Warm cover mix,NA,NA,0.0,0.0,NA,0.0,-130.0
2326,streatham,STREATHAM_S12_P0000_R2,2025,4,199.5,2696.75,Faba bean,NA,NA,4131.26,0.0,NA,1962.3485,-933.9014999999999
2327,streatham,STREATHAM_S5_P1231_R1,2023,1,307.0,1275.4,canola,NA,NA,4612.0,NA,NA,3182.28,1599.88
2328,streatham,STREATHAM_S5_P1231_R1,2024,2,257.0,1062.4097467499998,Wheat,NA,NA,2993.83,0.0,NA,1077.7788,-241.6309467499998
2329,streatham,STREATHAM_S5_P1231_R1,2025,3,224.0,971.7635507,Barley,NA,NA,10955.82,0.0,NA,3409.451184,2213.6876333
2330,streatham,STREATHAM_S4_P1231_R3,2023,1,248.5,994.926,wheat,vetch ,NA,0.0,NA,NA,0.0,-1243.426
2331,streatham,STREATHAM_S4_P1231_R3,2024,2,246.0,894.7354511000001,Canola,NA,NA,2858.98,0.0,NA,1972.6962,831.9607489
2332,streatham,STREATHAM_S4_P1231_R3,2025,3,213.0,951.05818695,Wheat,NA,NA,7366.44,0.0,NA,2651.9184,1487.8602130499999
2333,streatham,STREATHAM_S5_P1231_R2,2023,1,307.0,1275.4,canola,NA,NA,4677.0,NA,NA,3227.13,1644.73
2334,streatham,STREATHAM_S5_P1231_R2,2024,2,257.0,1062.4097467499998,Wheat,NA,NA,3442.76,0.0,NA,1239.3936,-80.01614674999973
2335,streatham,STREATHAM_S5_P1231_R2,2025,3,224.0,971.7635507,Barley,NA,NA,11017.55,0.0,NA,3428.66156,2232.8980093
2336,streatham,STREATHAM_S8_P2312_R3,2023,1,307.0,1275.4,canola,NA,NA,4178.0,NA,NA,2882.82,1300.42
2337,streatham,STREATHAM_S8_P2312_R3,2024,2,257.0,1097.2722394999998,Wheat,NA,NA,2802.98,0.0,NA,1009.0728,-345.1994394999998
2338,streatham,STREATHAM_S8_P2312_R3,2025,3,193.5,687.0,Vetch,NA,NA,0.0,0.0,NA,0.0,-880.5
2339,streatham,STREATHAM_S8_P3123_R2,2023,1,296.0,1399.8675999999998,wheat,NA,NA,5750.0,NA,NA,2070.0,374.1324000000002
2340,streatham,STREATHAM_S8_P3123_R2,2024,2,215.5,734.05,Vetch,NA,NA,0.0,0.0,NA,0.0,-949.55
2341,streatham,STREATHAM_S8_P3123_R2,2025,3,232.5,965.584927515,Canola,NA,NA,5362.66,0.0,NA,3700.2354,2502.150472485
2342,streatham,STREATHAM_S7_P1234_R3,2023,1,226.5,961.9,balansa clover,balansa clover,chicory ,0.0,NA,NA,0.0,-1188.4
2343,streatham,STREATHAM_S7_P1234_R3,2024,2,193.5,685.75,Pasture,NA,NA,0.0,0.0,NA,0.0,-879.25
2344,streatham,STREATHAM_S7_P1234_R3,2025,3,243.5,1017.4632029,Canola,NA,NA,4832.67,0.0,NA,3334.5423,2073.5790971
2345,streatham,STREATHAM_S2.3_P4123_R1,2023,1,296.0,1414.8675999999998,wheat,NA,NA,4569.0,NA,NA,1644.84,-66.0275999999999
2346,streatham,STREATHAM_S2.3_P4123_R1,2024,2,259.5,847.7660000000001,Faba bean,NA,NA,2570.15,0.0,NA,1220.82125,113.55524999999989
2347,streatham,STREATHAM_S2.3_P4123_R1,2025,3,235.0,950.7344203,Canola,NA,NA,3828.26,0.0,NA,2641.4994,1455.7649797000001
2348,streatham,STREATHAM_S8_P3123_R3,2023,1,296.0,1399.8675999999998,wheat,NA,NA,5352.0,NA,NA,1926.72,230.85240000000022
2349,streatham,STREATHAM_S8_P3123_R3,2024,2,215.5,734.05,Vetch,NA,NA,0.0,0.0,NA,0.0,-949.55
2350,streatham,STREATHAM_S8_P3123_R3,2025,3,232.5,965.584927515,Canola,NA,NA,5385.29,0.0,NA,3715.8501,2517.765172485
2351,streatham,STREATHAM_S5_P1231_R3,2023,1,307.0,1275.4,canola,NA,NA,4674.0,NA,NA,3225.06,1642.6599999999999
2352,streatham,STREATHAM_S5_P1231_R3,2024,2,257.0,1062.4097467499998,Wheat,NA,NA,3122.2,0.0,NA,1123.992,-195.41774674999988
2353,streatham,STREATHAM_S5_P1231_R3,2025,3,224.0,971.7635507,Barley,NA,NA,10139.23,0.0,NA,3155.3283759999995,1959.5648252999995
2354,streatham,STREATHAM_S9.2_P1212_R1,2023,1,276.5,1123.95,canola,field pea,NA,0.0,NA,NA,0.0,-1400.45
2355,streatham,STREATHAM_S9.2_P1212_R1,2024,2,257.0,1085.3711090499999,Wheat,NA,NA,2418.63,0.0,NA,870.7068,-471.6643090499998
2356,streatham,STREATHAM_S9.2_P1212_R1,2025,3,327.46625,898.15898551,Canola,Field pea,NA,2508.78,1289.87,NA,2321.81866,1096.1934244899999
2357,streatham,STREATHAM_S2.3_P2341_R1,2023,1,279.0,1185.3999999999999,canola,NA,NA,4363.0,NA,NA,3010.47,1546.07
2358,streatham,STREATHAM_S2.3_P2341_R1,2024,2,257.0,1125.8927757,Wheat,NA,NA,3108.87,0.0,NA,1119.1932,-263.69957569999997
2359,streatham,STREATHAM_S2.3_P2341_R1,2025,3,213.0,950.4738318999999,Wheat,NA,NA,7953.82,0.0,NA,2863.3752,1699.9013681000001
2360,streatham,STREATHAM_S5_P3123_R1,2023,1,285.0,1354.4699999999998,barley,NA,NA,6881.0,NA,NA,2141.3672,501.89720000000034
2361,streatham,STREATHAM_S5_P3123_R1,2024,2,246.0,900.289654,Canola,NA,NA,3111.67,0.0,NA,2147.0523,1000.7626459999998
2362,streatham,STREATHAM_S5_P3123_R1,2025,3,213.0,948.1493565000001,Wheat,NA,NA,7800.12,0.0,NA,2808.0432,1646.8938435
2363,streatham,STREATHAM_S8_P2312_R1,2023,1,307.0,1275.4,canola,NA,NA,4022.0,NA,NA,2775.18,1192.7799999999997
2364,streatham,STREATHAM_S8_P2312_R1,2024,2,257.0,1097.2722394999998,Wheat,NA,NA,2180.13,0.0,NA,784.8468,-569.4254394999998
2365,streatham,STREATHAM_S8_P2312_R1,2025,3,193.5,687.0,Vetch,NA,NA,0.0,0.0,NA,0.0,-880.5
2366,streatham,STREATHAM_S9.3_P2121_R1,2023,1,296.0,1399.8675999999998,wheat,NA,NA,5778.0,NA,NA,2080.08,384.2124000000001
2367,streatham,STREATHAM_S9.3_P2121_R1,2024,2,280.0045,842.1503496500001,Canola,Field Pea,NA,1795.74,444.44,NA,1442.61412,320.4592703499999
2368,streatham,STREATHAM_S9.3_P2121_R1,2025,3,213.0,942.65342175,Wheat,NA,NA,7135.35,0.0,NA,2568.726,1413.07257825
2369,streatham,STREATHAM_S2.4_P2341_R2,2023,1,307.0,1315.4,canola,NA,NA,4218.0,NA,NA,2910.42,1288.02
2370,streatham,STREATHAM_S2.4_P2341_R2,2024,2,257.0,1120.8738336999998,Wheat,NA,NA,2707.63,0.0,NA,974.7468,-403.12703369999974
2371,streatham,STREATHAM_S2.4_P2341_R2,2025,3,213.0,931.4527913000001,Wheat,NA,NA,7406.44,0.0,NA,2666.3184,1521.8656087
2372,streatham,STREATHAM_S5_P2312_R1,2023,1,296.0,1399.8675999999998,wheat,NA,NA,5159.0,NA,NA,1857.24,161.3724000000002
2373,streatham,STREATHAM_S5_P2312_R1,2024,2,235.0,947.20727715,Barley,NA,NA,3049.94,0.0,NA,949.141328,-233.06594914999994
2374,streatham,STREATHAM_S5_P2312_R1,2025,3,232.5,946.15869565,Canola,NA,NA,3659.12,0.0,NA,2524.7928,1346.1341043500001
2375,streatham,STREATHAM_S10_P1212_R3,2023,1,390.38860999999997,1123.95,canola,field pea,NA,3037.0296,1518.5148,NA,2791.0302024,1276.6915923999998
2376,streatham,STREATHAM_S10_P1212_R3,2024,2,238.64175,972.0826974500001,Wheat,Vetch,NA,1125.67,0.0,NA,405.2412,-805.4832474500001
2377,streatham,STREATHAM_S10_P1212_R3,2025,3,344.17925,889.66550725,Canola,Field pea,NA,3646.25,820.92,NA,2891.89386,1658.04910275
2378,streatham,STREATHAM_S2.3_P1234_R1,2023,1,270.5,1200.1525,faba bean,NA,NA,2572.0,NA,NA,1221.7,-248.95249999999987
2379,streatham,STREATHAM_S2.3_P1234_R1,2024,2,268.0,969.30327715,Canola,NA,NA,2376.54,0.0,NA,1639.8125999999995,402.50932284999953
2380,streatham,STREATHAM_S2.3_P1234_R1,2025,3,213.0,940.6481796999999,Wheat,NA,NA,6469.79,0.0,NA,2329.1244,1175.4762203000003
2381,streatham,STREATHAM_S2.4_P2341_R1,2023,1,307.0,1315.4,canola,NA,NA,4497.0,NA,NA,3102.93,1480.5299999999997
2382,streatham,STREATHAM_S2.4_P2341_R1,2024,2,257.0,1120.8738336999998,Wheat,NA,NA,3237.93,0.0,NA,1165.6547999999998,-212.21903369999995
2383,streatham,STREATHAM_S2.4_P2341_R1,2025,3,213.0,931.4527913000001,Wheat,NA,NA,9487.97,0.0,NA,3415.6692,2271.2164086999996
2384,streatham,STREATHAM_S1.4_P1212_R1,2023,1,307.0,1315.4,canola,NA,NA,4693.0,NA,NA,3238.17,1615.77
2385,streatham,STREATHAM_S1.4_P1212_R1,2024,2,246.0,1085.9666742999998,Wheat,NA,NA,3058.36,0.0,NA,1101.0096,-230.9570742999997
2386,streatham,STREATHAM_S1.4_P1212_R1,2025,3,235.0,920.43333335,Canola,NA,NA,3935.64,0.0,NA,2715.5916,1560.1582666500003
2387,streatham,STREATHAM_S11_P0000_R9,NA,NA,NA,NA,NA,NA,NA,NA,NA,NA,NA,NA
2388,streatham,STREATHAM_S3_P2341_R3,2023,1,296.0,1399.8675999999998,wheat,NA,NA,5905.0,NA,NA,2125.8,429.93240000000037
2389,streatham,STREATHAM_S3_P2341_R3,2024,2,246.0,887.3610163000001,Canola,NA,NA,3130.6,0.0,NA,2160.114,1026.7529837
2390,streatham,STREATHAM_S3_P2341_R3,2025,3,213.0,956.9580130500001,Wheat,NA,NA,7725.71,0.0,NA,2781.2556,1611.2975869499999
2391,streatham,STREATHAM_S2.2_P4123_R1,2023,1,296.0,1399.8675999999998,wheat,NA,NA,5712.0,NA,NA,2056.32,360.45240000000035
2392,streatham,STREATHAM_S2.2_P4123_R1,2024,2,226.5,758.133,Faba bean,NA,NA,3069.58,0.0,NA,1458.0504999999998,473.4174999999998
2393,streatham,STREATHAM_S2.2_P4123_R1,2025,3,224.0,947.7326087,Canola,NA,NA,3945.27,0.0,NA,2722.2363,1550.5036913
2394,streatham,STREATHAM_S1.1_P1212_R3,2023,1,307.0,1225.4,canola,NA,NA,3645.0,NA,NA,2515.05,982.6500000000001
2395,streatham,STREATHAM_S1.1_P1212_R3,2024,2,246.0,1054.42701305,Wheat,NA,NA,3197.8,0.0,NA,1151.208,-149.21901304999983
2396,streatham,STREATHAM_S1.1_P1212_R3,2025,3,243.5,935.0555072500001,Canola,NA,NA,4718.17,0.0,NA,3255.5373,2076.98179275
2397,streatham,STREATHAM_S7_P4123_R2,2023,1,296.0,1399.8675999999998,wheat,NA,NA,5620.0,NA,NA,2023.2,327.33240000000023
2398,streatham,STREATHAM_S7_P4123_R2,2024,2,193.5,685.75,Pasture,NA,NA,0.0,0.0,NA,0.0,-879.25
2399,streatham,STREATHAM_S7_P4123_R2,2025,3,193.5,754.1,Pasture,NA,NA,0.0,0.0,NA,0.0,-947.6
2400,streatham,STREATHAM_S9.2_P2121_R1,2023,1,296.0,1399.8675999999998,wheat,NA,NA,4948.0,NA,NA,1781.28,85.41240000000016
2401,streatham,STREATHAM_S9.2_P2121_R1,2024,2,279.13475,799.7514067,Canola,Field Pea,NA,1851.85,353.54,NA,1439.69782,360.8116633000002
2402,streatham,STREATHAM_S9.2_P2121_R1,2025,3,213.0,950.2877565000001,Wheat,NA,NA,7424.3,0.0,NA,2672.748,1509.4602435
2403,streatham,STREATHAM_S2.4_P1234_R2,2023,1,292.5,1266.3500000000001,faba bean,NA,NA,2856.0,NA,NA,1356.6,-202.25000000000023
2404,streatham,STREATHAM_S2.4_P1234_R2,2024,2,246.0,922.1794221,Canola,NA,NA,3108.87,0.0,NA,2145.1203,976.9408779
2405,streatham,STREATHAM_S2.4_P1234_R2,2025,3,213.0,957.3807,Wheat,NA,NA,6218.5,0.0,NA,2238.66,1068.2792999999997
2406,streatham,STREATHAM_S2.2_P3412_R2,2023,1,296.0,1399.8675999999998,wheat,NA,NA,5573.0,NA,NA,2006.28,310.41240000000016
2407,streatham,STREATHAM_S2.2_P3412_R2,2024,2,268.0,1084.79931195,Wheat,NA,NA,2920.88,0.0,NA,1051.5168,-301.28251194999984
2408,streatham,STREATHAM_S2.2_P3412_R2,2025,3,215.5,924.0500000000001,Faba bean,NA,NA,3892.98,0.0,NA,1849.1655,709.6155
2409,edillilie,EDILLILIE_S1.1_P2121_R1,2023,1,171.5,261.5285999999999,wheat,NA,NA,4033.0,NA,NA,1451.88,1018.8514000000002
2410,edillilie,EDILLILIE_S1.1_P2121_R1,2024,2,166.5,168.95,Canola,NA,NA,5327.22,NA,NA,3675.7818,3340.3318000000004
2411,edillilie,EDILLILIE_S1.1_P2121_R1,2025,3,177.5,251.3476,Wheat,NA,NA,5327.22,NA,NA,1917.7992,1488.9515999999999
2412,edillilie,EDILLILIE_S2.1_P1234_R2,2023,1,171.5,199.353,lentil,NA,NA,1646.0,NA,NA,1265.774,894.9209999999998
2413,edillilie,EDILLILIE_S2.1_P1234_R2,2024,2,141.0,30.375,Canola,NA,NA,4290.56,NA,NA,2960.4864,2789.1114
2414,edillilie,EDILLILIE_S2.1_P1234_R2,2025,3,169.0,233.3476,Wheat,NA,NA,4290.56,NA,NA,1544.6016000000002,1142.2540000000001
2415,edillilie,EDILLILIE_S1.1_P1212_R1,2023,1,160.5,363.44460000000004,canola,NA,NA,2409.0,NA,NA,1662.2099999999998,1138.2653999999998
2416,edillilie,EDILLILIE_S1.1_P1212_R1,2024,2,177.5,179.14999999999998,Wheat,NA,NA,3366.11,NA,NA,1211.7996,855.1496000000001
2417,edillilie,EDILLILIE_S1.1_P1212_R1,2025,3,188.5,265.6,Canola,NA,NA,3366.11,NA,NA,2322.6159,1868.5158999999999
2418,edillilie,EDILLILIE_S3_P4123_R3,2023,1,160.5,196.5286,wheat,NA,NA,3657.0,NA,NA,1316.52,959.4914
2419,edillilie,EDILLILIE_S3_P4123_R3,2024,2,197.0,345.45,Faba Bean ,NA,NA,3514.44,NA,NA,1669.359,1126.9089999999999
2420,edillilie,EDILLILIE_S3_P4123_R3,2025,3,177.5,282.75,Canola,NA,NA,3514.44,NA,NA,2424.9636,1964.7136
2421,edillilie,EDILLILIE_S3_P4123_R1,2023,1,160.5,196.52859999999998,wheat,NA,NA,3846.0,NA,NA,1384.56,1027.5313999999998
2422,edillilie,EDILLILIE_S3_P4123_R1,2024,2,186.0,345.45,Faba Bean ,NA,NA,3462.22,NA,NA,1644.5544999999995,1113.1044999999995
2423,edillilie,EDILLILIE_S3_P4123_R1,2025,3,177.5,282.75,Canola,NA,NA,3462.22,NA,NA,2388.9318,1928.6817999999998
2424,edillilie,EDILLILIE_S3_P3412_R1,2023,1,171.5,267.6262,wheat,NA,NA,3972.0,NA,NA,1429.9199999999998,990.7937999999999
2425,edillilie,EDILLILIE_S3_P3412_R1,2024,2,186.0,268.95,Wheat,NA,NA,3915.0,NA,NA,1409.4,954.45
2426,edillilie,EDILLILIE_S3_P3412_R1,2025,3,171.5,145.3,Faba bean,NA,NA,3915.0,NA,NA,1859.625,1542.825
2427,edillilie,EDILLILIE_S2.1_P1234_R1,2023,1,171.5,199.353,lentil,NA,NA,1500.0,NA,NA,1153.5,782.6469999999999
2428,edillilie,EDILLILIE_S2.1_P1234_R1,2024,2,152.0,30.375,Canola,NA,NA,5252.78,NA,NA,3624.4182,3442.0432
2429,edillilie,EDILLILIE_S2.1_P1234_R1,2025,3,169.0,233.3476,Wheat,NA,NA,5252.78,NA,NA,1891.0008,1488.6532
2430,edillilie,EDILLILIE_S2.1_P4123_R2,2023,1,182.5,200.3686,wheat,NA,NA,4030.0,NA,NA,1450.8,1067.9314
2431,edillilie,EDILLILIE_S2.1_P4123_R2,2024,2,169.0,174.45,Lentil,NA,NA,3550.0,NA,NA,2729.9500000000003,2386.5000000000005
2432,edillilie,EDILLILIE_S2.1_P4123_R2,2025,3,188.5,224.6,Canola,NA,NA,3550.0,NA,NA,2449.5,2036.4
2433,edillilie,EDILLILIE_S2.1_P2341_R2,2023,1,171.5,363.44460000000004,canola,NA,NA,1455.0,NA,NA,1003.95,469.0054
2434,edillilie,EDILLILIE_S2.1_P2341_R2,2024,2,169.0,129.15,Wheat,NA,NA,3910.0,NA,NA,1407.6,1109.4499999999998
2435,edillilie,EDILLILIE_S2.1_P2341_R2,2025,3,169.0,213.3476,Wheat,NA,NA,3910.0,NA,NA,1407.6,1025.2523999999999
2436,edillilie,EDILLILIE_S2.1_P4123_R1,2023,1,171.5,200.3686,wheat,NA,NA,5082.0,NA,NA,1829.52,1457.6514
2437,edillilie,EDILLILIE_S2.1_P4123_R1,2024,2,169.0,174.45,Lentil,NA,NA,4010.0,NA,NA,3083.69,2740.2400000000002
2438,edillilie,EDILLILIE_S2.1_P4123_R1,2025,3,188.5,224.6,Canola,NA,NA,4010.0,NA,NA,2766.9,2353.8
2439,edillilie,EDILLILIE_S2.2_P3412_R2,2023,1,182.5,267.6262,wheat,NA,NA,3722.0,NA,NA,1339.9199999999998,889.7937999999999
2440,edillilie,EDILLILIE_S2.2_P3412_R2,2024,2,175.0,268.95,Wheat,NA,NA,1837.22,NA,NA,661.3992,217.44919999999996
2441,edillilie,EDILLILIE_S2.2_P3412_R2,2025,3,171.5,139.6,Lentil,NA,NA,1837.22,NA,NA,1412.82218,1101.72218
2442,edillilie,EDILLILIE_S2.1_P4123_R3,2023,1,171.5,200.3686,wheat,NA,NA,3611.0,NA,NA,1299.96,928.0914
2443,edillilie,EDILLILIE_S2.1_P4123_R3,2024,2,180.0,174.45,Lentil,NA,NA,3285.0,NA,NA,2526.165,2171.715
2444,edillilie,EDILLILIE_S2.1_P4123_R3,2025,3,188.5,224.6,Canola,NA,NA,3285.0,NA,NA,2266.65,1853.5500000000002
2445,edillilie,EDILLILIE_S1.2_P2121_R2,2023,1,171.5,261.5286,wheat,NA,NA,4134.0,NA,NA,1488.24,1055.2114000000001
2446,edillilie,EDILLILIE_S1.2_P2121_R2,2024,2,158.0,118.95,Canola,NA,NA,4307.22,NA,NA,2971.9818,2695.0318
2447,edillilie,EDILLILIE_S1.2_P2121_R2,2025,3,169.0,226.8476,Wheat,NA,NA,4307.22,NA,NA,1550.5992,1154.7516
2448,edillilie,EDILLILIE_S3_P2341_R3,2023,1,160.5,363.44460000000004,canola,NA,NA,1872.0,NA,NA,1291.6799999999998,767.7353999999998
2449,edillilie,EDILLILIE_S3_P2341_R3,2024,2,197.0,279.15,Wheat,NA,NA,3823.89,NA,NA,1376.6003999999998,900.4503999999998
2450,edillilie,EDILLILIE_S3_P2341_R3,2025,3,177.5,256.3476,Wheat,NA,NA,3823.89,NA,NA,1376.6003999999998,942.7527999999998
2451,edillilie,EDILLILIE_S1.1_P1212_R3,2023,1,171.5,363.4446,canola,NA,NA,1693.0,NA,NA,1168.1699999999998,633.2253999999998
2452,edillilie,EDILLILIE_S1.1_P1212_R3,2024,2,177.5,179.14999999999998,Wheat,NA,NA,2842.78,NA,NA,1023.4008,666.7508
2453,edillilie,EDILLILIE_S1.1_P1212_R3,2025,3,188.5,265.6,Canola,NA,NA,2842.78,NA,NA,1961.5182,1507.4182
2454,edillilie,EDILLILIE_S2.1_P1234_R3,2023,1,171.5,199.353,lentil,NA,NA,1569.0,NA,NA,1206.561,835.7079999999999
2455,edillilie,EDILLILIE_S2.1_P1234_R3,2024,2,141.0,30.375,Canola,NA,NA,4232.22,NA,NA,2920.2318,2748.8568
2456,edillilie,EDILLILIE_S2.1_P1234_R3,2025,3,169.0,233.3476,Wheat,NA,NA,4232.22,NA,NA,1523.5992,1121.2516
2457,edillilie,EDILLILIE_S2.2_P1234_R3,2023,1,171.5,199.353,lentil,NA,NA,1707.0,NA,NA,1312.683,941.8299999999999
2458,edillilie,EDILLILIE_S2.2_P1234_R3,2024,2,141.0,30.375,Canola,NA,NA,3982.22,NA,NA,2747.7318,2576.3568
2459,edillilie,EDILLILIE_S2.2_P1234_R3,2025,3,177.5,253.8476,Wheat,NA,NA,3982.22,NA,NA,1433.5992,1002.2516
2460,edillilie,EDILLILIE_S2.2_P1234_R1,2023,1,171.5,199.353,lentil,NA,NA,1572.0,NA,NA,1208.868,838.0149999999999
2461,edillilie,EDILLILIE_S2.2_P1234_R1,2024,2,141.0,30.375,Canola,NA,NA,4586.11,NA,NA,3164.4158999999995,2993.0408999999995
2462,edillilie,EDILLILIE_S2.2_P1234_R1,2025,3,177.5,253.8476,Wheat,NA,NA,4586.11,NA,NA,1650.9996,1219.652
2463,edillilie,EDILLILIE_S3_P2341_R1,2023,1,182.5,363.4446,canola,NA,NA,1894.0,NA,NA,1306.86,760.9153999999999
2464,edillilie,EDILLILIE_S3_P2341_R1,2024,2,197.0,279.15,Wheat,NA,NA,4737.22,NA,NA,1705.3992,1229.2492000000002
2465,edillilie,EDILLILIE_S3_P2341_R1,2025,3,177.5,256.3476,Wheat,NA,NA,4737.22,NA,NA,1705.3992,1271.5516
2466,edillilie,EDILLILIE_S2.1_P2341_R1,2023,1,171.5,363.44460000000004,canola,NA,NA,1912.0,NA,NA,1319.28,784.3353999999999
2467,edillilie,EDILLILIE_S2.1_P2341_R1,2024,2,169.0,129.15,Wheat,NA,NA,4826.67,NA,NA,1737.6012,1439.4512
2468,edillilie,EDILLILIE_S2.1_P2341_R1,2025,3,169.0,213.3476,Wheat,NA,NA,4826.67,NA,NA,1737.6012,1355.2536
2469,edillilie,EDILLILIE_S1.2_P2121_R3,2023,1,171.5,261.5286,wheat,NA,NA,4030.0,NA,NA,1450.8,1017.7714
2470,edillilie,EDILLILIE_S1.2_P2121_R3,2024,2,158.0,118.95,Canola,NA,NA,3908.89,NA,NA,2697.1341,2420.1841000000004
2471,edillilie,EDILLILIE_S1.2_P2121_R3,2025,3,169.0,226.8476,Wheat,NA,NA,3908.89,NA,NA,1407.2004,1011.3527999999999
2472,edillilie,EDILLILIE_S1.2_P1212_R1,2023,1,171.5,363.44460000000004,canola,NA,NA,2071.0,NA,NA,1428.9899999999998,894.0453999999997
2473,edillilie,EDILLILIE_S1.2_P1212_R1,2024,2,169.0,129.15,Wheat,NA,NA,3288.89,NA,NA,1184.0004,885.8503999999999
2474,edillilie,EDILLILIE_S1.2_P1212_R1,2025,3,188.5,223.6,Canola,NA,NA,3288.89,NA,NA,2269.3341,1857.2341000000001
2475,edillilie,EDILLILIE_S1.3_P2121_R1,2023,1,171.5,261.5286,wheat,NA,NA,3350.0,NA,NA,1206.0,772.9714
2476,edillilie,EDILLILIE_S1.3_P2121_R1,2024,2,175.0,268.95,Canola,NA,NA,4278.89,NA,NA,2952.4341,2508.4841
2477,edillilie,EDILLILIE_S1.3_P2121_R1,2025,3,177.5,306.3476,Wheat,NA,NA,4278.89,NA,NA,1540.4004,1056.5528
2478,edillilie,EDILLILIE_S3_P1234_R1,2023,1,171.5,199.353,fababean,NA,NA,2087.0,NA,NA,991.325,620.472
2479,edillilie,EDILLILIE_S3_P1234_R1,2024,2,152.0,30.375,Canola,NA,NA,5203.33,NA,NA,3590.2977,3407.9227
2480,edillilie,EDILLILIE_S3_P1234_R1,2025,3,177.5,226.8476,Wheat,NA,NA,5203.33,NA,NA,1873.1988,1468.8511999999998
2481,edillilie,EDILLILIE_S1.1_P2121_R3,2023,1,171.5,261.5286,wheat,NA,NA,4048.0,NA,NA,1457.28,1024.2514
2482,edillilie,EDILLILIE_S1.1_P2121_R3,2024,2,177.5,168.95,Canola,NA,NA,4042.78,NA,NA,2789.5182,2443.0682
2483,edillilie,EDILLILIE_S1.1_P2121_R3,2025,3,177.5,251.3476,Wheat,NA,NA,4042.78,NA,NA,1455.4008,1026.5531999999998
2484,edillilie,EDILLILIE_S2.2_P2341_R1,2023,1,171.5,363.4446,canola,NA,NA,1879.0,NA,NA,1296.51,761.5654
2485,edillilie,EDILLILIE_S2.2_P2341_R1,2024,2,186.0,279.15,Wheat,NA,NA,4182.78,NA,NA,1505.8007999999998,1040.6508
2486,edillilie,EDILLILIE_S2.2_P2341_R1,2025,3,177.5,276.3476,Wheat,NA,NA,4182.78,NA,NA,1505.8007999999998,1051.9531999999997
2487,edillilie,EDILLILIE_S1.1_P1212_R2,2023,1,160.5,363.44460000000004,canola,NA,NA,1508.0,NA,NA,1040.52,516.5754
2488,edillilie,EDILLILIE_S1.1_P1212_R2,2024,2,177.5,179.14999999999998,Wheat,NA,NA,3544.44,NA,NA,1275.9984,919.3484
2489,edillilie,EDILLILIE_S1.1_P1212_R2,2025,3,188.5,265.6,Canola,NA,NA,3544.44,NA,NA,2445.6636,1991.5636
2490,edillilie,EDILLILIE_S2.2_P2341_R3,2023,1,160.5,363.44460000000004,canola,NA,NA,1586.0,NA,NA,1094.34,570.3953999999999
2491,edillilie,EDILLILIE_S2.2_P2341_R3,2024,2,186.0,279.15,Wheat,NA,NA,3717.78,NA,NA,1338.4008,873.2507999999999
2492,edillilie,EDILLILIE_S2.2_P2341_R3,2025,3,177.5,276.3476,Wheat,NA,NA,3717.78,NA,NA,1338.4008,884.5531999999998
2493,edillilie,EDILLILIE_S1.1_P2121_R2,2023,1,171.5,261.5286,wheat,NA,NA,3695.0,NA,NA,1330.2,897.1714000000001
2494,edillilie,EDILLILIE_S1.1_P2121_R2,2024,2,177.5,168.95,Canola,NA,NA,4272.22,NA,NA,2947.8318,2601.3818
2495,edillilie,EDILLILIE_S1.1_P2121_R2,2025,3,177.5,251.3476,Wheat,NA,NA,4272.22,NA,NA,1537.9992,1109.1516
2496,edillilie,EDILLILIE_S2.2_P3412_R1,2023,1,171.5,267.6262,wheat,NA,NA,4065.0,NA,NA,1463.4,1024.2738000000002
2497,edillilie,EDILLILIE_S2.2_P3412_R1,2024,2,175.0,268.95,Wheat,NA,NA,2178.89,NA,NA,784.4003999999999,340.4503999999999
2498,edillilie,EDILLILIE_S2.2_P3412_R1,2025,3,171.5,139.6,Lentil,NA,NA,2178.89,NA,NA,1675.56641,1364.46641
2499,edillilie,EDILLILIE_S2.1_P3412_R3,2023,1,160.5,267.6262,wheat,NA,NA,3796.0,NA,NA,1366.56,938.4338
2500,edillilie,EDILLILIE_S2.1_P3412_R3,2024,2,158.0,118.95,Wheat,NA,NA,1752.78,NA,NA,631.0007999999999,354.0507999999999
2501,edillilie,EDILLILIE_S2.1_P3412_R3,2025,3,171.5,139.6,Lentil,NA,NA,1752.78,NA,NA,1347.88782,1036.78782
2502,edillilie,EDILLILIE_S2.1_P2341_R3,2023,1,171.5,363.44460000000004,canola,NA,NA,1492.0,NA,NA,1029.48,494.5354
2503,edillilie,EDILLILIE_S2.1_P2341_R3,2024,2,180.0,129.15,Wheat,NA,NA,3715.56,NA,NA,1337.6016,1028.4515999999999
2504,edillilie,EDILLILIE_S2.1_P2341_R3,2025,3,169.0,213.3476,Wheat,NA,NA,3715.56,NA,NA,1337.6016,955.2539999999999
2505,edillilie,EDILLILIE_S2.1_P3412_R2,2023,1,160.5,267.6262,wheat,NA,NA,4310.0,NA,NA,1551.6,1123.4738
2506,edillilie,EDILLILIE_S2.1_P3412_R2,2024,2,158.0,118.95,Wheat,NA,NA,2017.78,NA,NA,726.4008,449.4508
2507,edillilie,EDILLILIE_S2.1_P3412_R2,2025,3,171.5,139.6,Lentil,NA,NA,2017.78,NA,NA,1551.67282,1240.57282
2508,edillilie,EDILLILIE_S3_P3412_R3,2023,1,171.5,267.6262,wheat,NA,NA,3470.0,NA,NA,1249.2,810.0738000000001
2509,edillilie,EDILLILIE_S3_P3412_R3,2024,2,186.0,268.95,Wheat,NA,NA,2834.44,NA,NA,1020.3984,565.4484
2510,edillilie,EDILLILIE_S3_P3412_R3,2025,3,171.5,145.3,Faba bean,NA,NA,2834.44,NA,NA,1346.359,1029.559
2511,edillilie,EDILLILIE_S2.2_P1234_R2,2023,1,171.5,199.353,lentil,NA,NA,1714.0,NA,NA,1318.066,947.213
2512,edillilie,EDILLILIE_S2.2_P1234_R2,2024,2,141.0,30.375,Canola,NA,NA,4721.11,NA,NA,3257.5659,3086.1909
2513,edillilie,EDILLILIE_S2.2_P1234_R2,2025,3,177.5,253.8476,Wheat,NA,NA,4721.11,NA,NA,1699.5995999999998,1268.2519999999997
2514,edillilie,EDILLILIE_S3_P3412_R2,2023,1,160.5,267.6262,wheat,NA,NA,3525.0,NA,NA,1269.0,840.8738000000001
2515,edillilie,EDILLILIE_S3_P3412_R2,2024,2,186.0,268.95,Wheat,NA,NA,3352.78,NA,NA,1207.0008,752.0508
2516,edillilie,EDILLILIE_S3_P3412_R2,2025,3,171.5,145.3,Faba bean,NA,NA,3352.78,NA,NA,1592.5705,1275.7705
2517,edillilie,EDILLILIE_S1.2_P1212_R3,2023,1,160.5,363.44460000000004,canola,NA,NA,1470.0,NA,NA,1014.3,490.3553999999999
2518,edillilie,EDILLILIE_S1.2_P1212_R3,2024,2,169.0,129.15,Wheat,NA,NA,2856.67,NA,NA,1028.4012,730.2512
2519,edillilie,EDILLILIE_S1.2_P1212_R3,2025,3,188.5,223.6,Canola,NA,NA,2856.67,NA,NA,1971.1023,1559.0023
2520,edillilie,EDILLILIE_S2.2_P4123_R1,2023,1,182.5,200.3686,wheat,NA,NA,3635.0,NA,NA,1308.6,925.7313999999999
2521,edillilie,EDILLILIE_S2.2_P4123_R1,2024,2,186.0,324.45,Lentil,NA,NA,4149.44,NA,NA,3190.91936,2680.46936
2522,edillilie,EDILLILIE_S2.2_P4123_R1,2025,3,188.5,251.6,Canola,NA,NA,4149.44,NA,NA,2863.1136,2423.0136
2523,edillilie,EDILLILIE_S1.3_P1212_R2,2023,1,171.5,363.4446,canola,NA,NA,1858.0,NA,NA,1282.02,747.0754
2524,edillilie,EDILLILIE_S1.3_P1212_R2,2024,2,186.0,279.15,Wheat,NA,NA,3372.22,NA,NA,1213.9992,748.8492
2525,edillilie,EDILLILIE_S1.3_P1212_R2,2025,3,188.5,313.6,Canola,NA,NA,3372.22,NA,NA,2326.8317999999995,1824.7317999999996
2526,edillilie,EDILLILIE_S2.2_P3412_R3,2023,1,160.5,267.6262,wheat,NA,NA,3781.0,NA,NA,1361.16,933.0338000000002
2527,edillilie,EDILLILIE_S2.2_P3412_R3,2024,2,175.0,268.95,Wheat,NA,NA,2063.33,NA,NA,742.7987999999999,298.8487999999999
2528,edillilie,EDILLILIE_S2.2_P3412_R3,2025,3,171.5,139.6,Lentil,NA,NA,2063.33,NA,NA,1586.70077,1275.60077
2529,edillilie,EDILLILIE_S3_P1234_R3,2023,1,182.5,199.353,fababean,NA,NA,2206.0,NA,NA,1047.85,665.9969999999998
2530,edillilie,EDILLILIE_S3_P1234_R3,2024,2,152.0,30.375,Canola,NA,NA,4577.22,NA,NA,3158.2818,2975.9068
2531,edillilie,EDILLILIE_S3_P1234_R3,2025,3,177.5,226.8476,Wheat,NA,NA,4577.22,NA,NA,1647.7992,1243.4515999999999
2532,edillilie,EDILLILIE_S2.2_P4123_R2,2023,1,171.5,200.3686,wheat,NA,NA,3170.0,NA,NA,1141.2,769.3314
2533,edillilie,EDILLILIE_S2.2_P4123_R2,2024,2,186.0,324.45,Lentil,NA,NA,3543.33,NA,NA,2724.82077,2214.37077
2534,edillilie,EDILLILIE_S2.2_P4123_R2,2025,3,188.5,251.6,Canola,NA,NA,3543.33,NA,NA,2444.8977,2004.7977
2535,edillilie,EDILLILIE_S1.3_P1212_R1,2023,1,160.5,363.4446,canola,NA,NA,2071.0,NA,NA,1428.9899999999998,905.0453999999997
2536,edillilie,EDILLILIE_S1.3_P1212_R1,2024,2,186.0,279.15,Wheat,NA,NA,3285.0,NA,NA,1182.6,717.4499999999999
2537,edillilie,EDILLILIE_S1.3_P1212_R1,2025,3,188.5,313.6,Canola,NA,NA,3285.0,NA,NA,2266.65,1764.5500000000002
2538,edillilie,EDILLILIE_S2.1_P3412_R1,2023,1,160.5,267.6262,wheat,NA,NA,4258.0,NA,NA,1532.88,1104.7538000000002
2539,edillilie,EDILLILIE_S2.1_P3412_R1,2024,2,158.0,118.95,Wheat,NA,NA,1692.22,NA,NA,609.1992,332.24920000000003
2540,edillilie,EDILLILIE_S2.1_P3412_R1,2025,3,171.5,139.6,Lentil,NA,NA,1692.22,NA,NA,1301.31718,990.21718
2541,edillilie,EDILLILIE_S1.3_P2121_R3,2023,1,182.5,261.5286,wheat,NA,NA,4061.0,NA,NA,1461.96,1017.9314
2542,edillilie,EDILLILIE_S1.3_P2121_R3,2024,2,186.0,268.95,Canola,NA,NA,4090.0,NA,NA,2822.1,2367.15
2543,edillilie,EDILLILIE_S1.3_P2121_R3,2025,3,177.5,306.3476,Wheat,NA,NA,4090.0,NA,NA,1472.4,988.5524
2544,edillilie,EDILLILIE_S1.2_P1212_R2,2023,1,160.5,363.44460000000004,canola,NA,NA,1354.0,NA,NA,934.26,410.31539999999995
2545,edillilie,EDILLILIE_S1.2_P1212_R2,2024,2,169.0,129.15,Wheat,NA,NA,2941.67,NA,NA,1059.0012,760.8512
2546,edillilie,EDILLILIE_S1.2_P1212_R2,2025,3,188.5,223.6,Canola,NA,NA,2941.67,NA,NA,2029.7523,1617.6523000000002
2547,edillilie,EDILLILIE_S1.3_P2121_R2,2023,1,182.5,261.5286,wheat,NA,NA,3755.0,NA,NA,1351.8,907.7714
2548,edillilie,EDILLILIE_S1.3_P2121_R2,2024,2,186.0,268.95,Canola,NA,NA,4166.67,NA,NA,2875.0023,2420.0523000000003
2549,edillilie,EDILLILIE_S1.3_P2121_R2,2025,3,177.5,306.3476,Wheat,NA,NA,4166.67,NA,NA,1500.0012,1016.1535999999999
2550,edillilie,EDILLILIE_S2.2_P2341_R2,2023,1,149.5,363.44460000000004,canola,NA,NA,1604.0,NA,NA,1106.76,593.8154
2551,edillilie,EDILLILIE_S2.2_P2341_R2,2024,2,186.0,279.15,Wheat,NA,NA,3951.67,NA,NA,1422.6012,957.4512000000001
2552,edillilie,EDILLILIE_S2.2_P2341_R2,2025,3,177.5,276.3476,Wheat,NA,NA,3951.67,NA,NA,1422.6012,968.7536
2553,edillilie,EDILLILIE_S3_P4123_R2,2023,1,171.5,196.5286,wheat,NA,NA,3500.0,NA,NA,1260.0,891.9714
2554,edillilie,EDILLILIE_S3_P4123_R2,2024,2,186.0,345.45,Faba Bean ,NA,NA,3306.11,NA,NA,1570.40225,1038.95225
2555,edillilie,EDILLILIE_S3_P4123_R2,2025,3,177.5,282.75,Canola,NA,NA,3306.11,NA,NA,2281.2159,1820.9659000000001
2556,edillilie,EDILLILIE_S3_P2341_R2,2023,1,160.5,363.44460000000004,canola,NA,NA,1364.0,NA,NA,941.16,417.21539999999993
2557,edillilie,EDILLILIE_S3_P2341_R2,2024,2,186.0,279.15,Wheat,NA,NA,3769.44,NA,NA,1356.9984,891.8484
2558,edillilie,EDILLILIE_S3_P2341_R2,2025,3,177.5,256.3476,Wheat,NA,NA,3769.44,NA,NA,1356.9984,923.1507999999999
2559,edillilie,EDILLILIE_S2.2_P4123_R3,2023,1,171.5,200.3686,wheat,NA,NA,3824.0,NA,NA,1376.64,1004.7714000000001
2560,edillilie,EDILLILIE_S2.2_P4123_R3,2024,2,186.0,324.45,Lentil,NA,NA,3962.78,NA,NA,3047.37782,2536.9278200000003
2561,edillilie,EDILLILIE_S2.2_P4123_R3,2025,3,188.5,251.6,Canola,NA,NA,3962.78,NA,NA,2734.3182,2294.2182000000003
2562,edillilie,EDILLILIE_S1.2_P2121_R1,2023,1,171.5,261.5286,wheat,NA,NA,4243.0,NA,NA,1527.48,1094.4514
2563,edillilie,EDILLILIE_S1.2_P2121_R1,2024,2,158.0,118.95,Canola,NA,NA,4284.44,NA,NA,2956.2635999999998,2679.3136
2564,edillilie,EDILLILIE_S1.2_P2121_R1,2025,3,169.0,226.8476,Wheat,NA,NA,4284.44,NA,NA,1542.3983999999998,1146.5507999999998
2565,edillilie,EDILLILIE_S1.3_P1212_R3,2023,1,149.5,363.44460000000004,canola,NA,NA,1786.0,NA,NA,1232.34,719.3953999999999
2566,edillilie,EDILLILIE_S1.3_P1212_R3,2024,2,186.0,279.15,Wheat,NA,NA,3612.22,NA,NA,1300.3991999999998,835.2491999999999
2567,edillilie,EDILLILIE_S1.3_P1212_R3,2025,3,188.5,313.6,Canola,NA,NA,3612.22,NA,NA,2492.4318,1990.3318
2568,edillilie,EDILLILIE_S3_P1234_R2,2023,1,171.5,199.353,fababean,NA,NA,1489.0,NA,NA,707.275,336.42199999999997
2569,edillilie,EDILLILIE_S3_P1234_R2,2024,2,152.0,30.375,Canola,NA,NA,4921.67,NA,NA,3395.9523,3213.5773
2570,edillilie,EDILLILIE_S3_P1234_R2,2025,3,177.5,226.8476,Wheat,NA,NA,4921.67,NA,NA,1771.8012,1367.4536
2571,warrambine,WARRAMBINE_S4_P3123_R3,2023,1,232.5,790.3376000000001,Wheat,NA,NA,5409.0,NA,NA,1947.24,924.4024
2572,warrambine,WARRAMBINE_S4_P3123_R3,2024,2,196.0,661.575,Pasture,NA,NA,0.0,NA,NA,0.0,-857.575
2573,warrambine,WARRAMBINE_S4_P3123_R3,2025,3,243.5,629.114608695,Canola,NA,NA,3502.21,NA,NA,2416.5249,1543.9102913049999
2574,warrambine,WARRAMBINE_S4_P2312_R1,2023,1,243.5,717.375,Canola,NA,NA,1844.0,NA,NA,1272.36,311.4849999999999
2575,warrambine,WARRAMBINE_S4_P2312_R1,2024,2,224.0,850.8539119802001,Wheat,NA,NA,4343.54,NA,NA,1563.6744,488.8204880198
2576,warrambine,WARRAMBINE_S4_P2312_R1,2025,3,193.5,398.725,Pasture,NA,NA,0.0,NA,NA,0.0,-592.225
2577,warrambine,WARRAMBINE_S4_P2312_R1,2025,4,130.0,0.0,Canola,NA,NA,0.0,NA,NA,0.0,-130.0
2578,warrambine,WARRAMBINE_S4_P3123_R2,2023,1,232.5,790.3376000000001,Wheat,NA,NA,3551.0,NA,NA,1278.36,255.52239999999983
2579,warrambine,WARRAMBINE_S4_P3123_R2,2024,2,196.0,661.575,Pasture,NA,NA,0.0,NA,NA,0.0,-857.575
2580,warrambine,WARRAMBINE_S4_P3123_R2,2025,3,243.5,629.114608695,Canola,NA,NA,3701.5,NA,NA,2554.035,1681.4203913049998
2581,warrambine,WARRAMBINE_S1_P2121_R1,2023,1,232.5,790.3376000000001,Wheat,NA,NA,4126.0,NA,NA,1485.36,462.52239999999983
2582,warrambine,WARRAMBINE_S1_P2121_R1,2024,2,204.5,745.5025,Canola,NA,NA,3337.39,NA,NA,2302.7991,1352.7966000000001
2583,warrambine,WARRAMBINE_S1_P2121_R1,2025,3,213.0,558.643034785,Wheat,NA,NA,9547.49,NA,NA,3437.0964,2665.453365215
2584,warrambine,WARRAMBINE_S4_P2312_R3,2023,1,254.5,717.375,Canola,NA,NA,3200.0,NA,NA,2208.0,1236.125
2585,warrambine,WARRAMBINE_S4_P2312_R3,2024,2,224.0,850.8539119802001,Wheat,NA,NA,2569.01,NA,NA,924.8436,-150.01031198020007
2586,warrambine,WARRAMBINE_S4_P2312_R3,2025,3,193.5,398.725,Pasture,NA,NA,0.0,NA,NA,0.0,-592.225
2587,warrambine,WARRAMBINE_S4_P2312_R3,2025,4,130.0,0.0,Canola,NA,NA,0.0,NA,NA,0.0,-130.0
2588,warrambine,WARRAMBINE_S4_P2312_R2,2023,1,254.5,717.375,Canola,NA,NA,2563.0,NA,NA,1768.4699999999998,796.5949999999998
2589,warrambine,WARRAMBINE_S4_P2312_R2,2024,2,224.0,850.8539119802001,Wheat,NA,NA,4026.32,NA,NA,1449.4752,374.6212880198
2590,warrambine,WARRAMBINE_S4_P2312_R2,2025,3,193.5,398.725,Pasture,NA,NA,0.0,NA,NA,0.0,-592.225
2591,warrambine,WARRAMBINE_S4_P2312_R2,2025,4,130.0,0.0,Canola,NA,NA,0.0,NA,NA,0.0,-130.0
2592,warrambine,WARRAMBINE_S5_P1231_R2,2023,1,237.5,625.4879999999999,fieldpea,NA,NA,0.0,NA,NA,0.0,-862.9879999999999
2593,warrambine,WARRAMBINE_S5_P1231_R2,2024,2,213.0,745.5025,Canola,NA,NA,3622.81,NA,NA,2499.7389,1541.2363999999998
2594,warrambine,WARRAMBINE_S5_P1231_R2,2025,3,213.0,561.5517231900001,Wheat,NA,NA,9466.2,NA,NA,3407.8320000000003,2633.28027681
2595,warrambine,WARRAMBINE_S2_P2312_R2,2023,1,254.5,717.375,Canola,NA,NA,2495.0,NA,NA,1721.55,749.675
2596,warrambine,WARRAMBINE_S2_P2312_R2,2024,2,224.0,872.1160331395466,Wheat,NA,NA,4359.65,NA,NA,1569.4739999999997,473.3579668604531
2597,warrambine,WARRAMBINE_S2_P2312_R2,2025,3,204.5,435.75,Faba bean,NA,NA,4841.81,NA,NA,2299.85975,1659.60975
2598,warrambine,WARRAMBINE_S5_P3123_R3,2023,1,243.5,790.3376000000001,Wheat,NA,NA,4341.0,NA,NA,1562.76,528.9223999999999
2599,warrambine,WARRAMBINE_S5_P3123_R3,2024,2,218.0,718.76635,Field pea,NA,NA,0.0,NA,NA,0.0,-936.76635
2600,warrambine,WARRAMBINE_S5_P3123_R3,2025,3,204.5,467.6,Canola,NA,NA,4531.25,NA,NA,3126.5624999999995,2454.4624999999996
2601,warrambine,WARRAMBINE_S6_P0000_R2,2023,1,292.025,572.3,Wheat,Barley,Faba bean,1833.0,1832.0,276.0,1361.0984,496.77340000000027
2602,warrambine,WARRAMBINE_S6_P0000_R2,2024,2,213.0,860.1631550221666,Canola,NA,NA,3099.42,321.05,NA,2138.5998,1065.4366449778333
2603,warrambine,WARRAMBINE_S6_P0000_R2,2025,3,199.5,533.6225999999999,Wheat,NA,NA,0.0,NA,NA,0.0,-733.1225999999999
2604,warrambine,WARRAMBINE_S5_P1231_R1,2023,1,237.5,625.4879999999999,fieldpea,NA,NA,0.0,NA,NA,0.0,-862.9879999999999
2605,warrambine,WARRAMBINE_S5_P1231_R1,2024,2,213.0,745.5025,Canola,NA,NA,3554.86,NA,NA,2452.8534,1494.3509
2606,warrambine,WARRAMBINE_S5_P1231_R1,2025,3,213.0,561.5517231900001,Wheat,NA,NA,7931.79,NA,NA,2855.4444,2080.89267681
2607,warrambine,WARRAMBINE_S2_P1231_R2,2023,1,193.5,718.15,Faba bean,NA,NA,3923.0,NA,NA,1863.425,951.775
2608,warrambine,WARRAMBINE_S2_P1231_R2,2024,2,213.0,771.2791072732554,Canola,NA,NA,3523.39,NA,NA,2431.1391,1446.8599927267446
2609,warrambine,WARRAMBINE_S2_P1231_R2,2025,3,213.0,554.4488029,Wheat,NA,NA,9072.27,NA,NA,3266.0172,2498.5683971
2610,warrambine,WARRAMBINE_S7_P0000_R3,2023,1,215.5,755.5876000000001,Wheat,NA,NA,4925.0,NA,NA,1773.0,801.9123999999999
2611,warrambine,WARRAMBINE_S7_P0000_R3,2024,2,213.0,725.5054104964341,Canola,Field pea,NA,0.0,NA,NA,0.0,-938.5054104964341
2612,warrambine,WARRAMBINE_S7_P0000_R3,2025,3,191.0,420.79999999999995,Vetch,NA,NA,0.0,NA,NA,0.0,-611.8
2613,warrambine,WARRAMBINE_S2_P1231_R3,2023,1,215.5,718.15,Faba bean,NA,NA,3133.0,NA,NA,1488.175,554.525
2614,warrambine,WARRAMBINE_S2_P1231_R3,2024,2,213.0,771.2791072732554,Canola,NA,NA,3209.81,NA,NA,2214.7689,1230.4897927267448
2615,warrambine,WARRAMBINE_S2_P1231_R3,2025,3,213.0,554.4488029,Wheat,NA,NA,8472.55,NA,NA,3050.1179999999995,2282.6691970999996
2616,warrambine,WARRAMBINE_S5_P3123_R1,2023,1,243.5,790.3376000000001,Wheat,NA,NA,4081.0,NA,NA,1469.16,435.3224
2617,warrambine,WARRAMBINE_S5_P3123_R1,2024,2,218.0,718.76635,Field pea,NA,NA,0.0,NA,NA,0.0,-936.76635
2618,warrambine,WARRAMBINE_S5_P3123_R1,2025,3,204.5,467.59999999999997,Canola,NA,NA,3099.89,NA,NA,2138.9241,1466.8241000000003
2619,warrambine,WARRAMBINE_S2_P1231_R1,2023,1,182.5,718.15,Faba bean,NA,NA,4909.0,NA,NA,2331.775,1431.125
2620,warrambine,WARRAMBINE_S2_P1231_R1,2024,2,213.0,771.2791072732554,Canola,NA,NA,3238.81,NA,NA,2234.7789,1250.4997927267445
2621,warrambine,WARRAMBINE_S2_P1231_R1,2025,3,213.0,554.4488029,Wheat,NA,NA,8688.1,NA,NA,3127.716,2360.2671971
2622,warrambine,WARRAMBINE_S4_P3123_R1,2023,1,232.5,790.3376000000001,Wheat,NA,NA,4151.0,NA,NA,1494.36,471.52239999999983
2623,warrambine,WARRAMBINE_S4_P3123_R1,2024,2,196.0,661.575,Pasture,NA,NA,0.0,NA,NA,0.0,-857.575
2624,warrambine,WARRAMBINE_S4_P3123_R1,2025,3,243.5,629.114608695,Canola,NA,NA,2469.95,NA,NA,1704.2654999999995,831.6508913049995
2625,warrambine,WARRAMBINE_S4_P1231_R3,2023,1,215.5,472.5250000000001,balansa clover,chicory,NA,0.0,0.0,NA,0.0,-688.0250000000001
2626,warrambine,WARRAMBINE_S4_P1231_R3,2024,2,213.0,831.7884051923679,Canola,NA,NA,2226.86,NA,NA,1536.5334,491.7449948076321
2627,warrambine,WARRAMBINE_S4_P1231_R3,2025,3,213.0,559.9354768100001,Wheat,NA,NA,9760.0,NA,NA,3513.6,2740.6645231899997
2628,warrambine,WARRAMBINE_S5_P3123_R2,2023,1,243.5,790.3376000000001,Wheat,NA,NA,4058.0,NA,NA,1460.88,427.04240000000004
2629,warrambine,WARRAMBINE_S5_P3123_R2,2024,2,218.0,718.76635,Field pea,NA,NA,0.0,NA,NA,0.0,-936.76635
2630,warrambine,WARRAMBINE_S5_P3123_R2,2025,3,204.5,467.59999999999997,Canola,NA,NA,3933.8,NA,NA,2714.322,2042.2220000000002
2631,warrambine,WARRAMBINE_S2_P3123_R1,2023,1,232.5,790.3376000000001,Wheat,NA,NA,4519.0,NA,NA,1626.84,604.0023999999999
2632,warrambine,WARRAMBINE_S2_P3123_R1,2024,2,207.0,720.283,Faba beans,NA,NA,3270.7,NA,NA,1553.5824999999998,626.2994999999997
2633,warrambine,WARRAMBINE_S2_P3123_R1,2025,3,204.5,467.59999999999997,Canola,NA,NA,2772.11,NA,NA,1912.7559,1240.6559000000002
2634,warrambine,WARRAMBINE_S3_P3123_R2,2023,1,232.5,790.3376000000001,Wheat,NA,NA,3060.0,NA,NA,1101.6,78.76239999999984
2635,warrambine,WARRAMBINE_S3_P3123_R2,2024,2,218.0,718.76635,Field pea,NA,NA,2722.22,NA,NA,1246.77676,310.01041
2636,warrambine,WARRAMBINE_S3_P3123_R2,2025,3,213.0,495.62091304499995,Canola,NA,NA,3924.14,NA,NA,2707.6566,1999.0356869549998
2637,warrambine,WARRAMBINE_S3_P1231_R1,2023,1,237.5,624.288,fieldpea,NA,NA,3987.0,NA,NA,1826.046,964.258
2638,warrambine,WARRAMBINE_S3_P1231_R1,2024,2,213.0,782.1795867389674,Canola,NA,NA,3412.78,NA,NA,2354.8182,1359.6386132610328
2639,warrambine,WARRAMBINE_S3_P1231_R1,2025,3,213.0,556.18106377,Wheat,NA,NA,8795.93,NA,NA,3166.5348,2397.35373623
2640,warrambine,WARRAMBINE_S1_P2121_R3,2023,1,232.5,790.3376000000001,Wheat,NA,NA,3818.0,NA,NA,1374.48,351.64239999999995
2641,warrambine,WARRAMBINE_S1_P2121_R3,2024,2,204.5,745.5025,Canola,NA,NA,3638.95,NA,NA,2510.8755,1560.873
2642,warrambine,WARRAMBINE_S1_P2121_R3,2025,3,221.5,595.18106377,Wheat,NA,NA,8725.32,NA,NA,3141.1152,2324.43413623
2643,warrambine,WARRAMBINE_S7_P0000_R1,2023,1,226.5,829.8376000000001,Wheat,NA,NA,3789.0,NA,NA,1364.04,307.7023999999999
2644,warrambine,WARRAMBINE_S7_P0000_R1,2024,2,213.0,725.5054104964341,Canola,Field pea,NA,0.0,NA,NA,0.0,-938.5054104964341
2645,warrambine,WARRAMBINE_S7_P0000_R1,2025,3,182.5,376.8,Vetch,NA,NA,0.0,NA,NA,0.0,-559.3
2646,warrambine,WARRAMBINE_S7_P0000_R2,2023,1,226.5,785.5876000000001,Wheat,NA,NA,4727.0,NA,NA,1701.72,689.6324
2647,warrambine,WARRAMBINE_S7_P0000_R2,2024,2,213.0,725.5054104964341,Canola,Field pea,NA,0.0,NA,NA,0.0,-938.5054104964341
2648,warrambine,WARRAMBINE_S7_P0000_R2,2025,3,191.0,420.79999999999995,Vetch,NA,NA,0.0,NA,NA,0.0,-611.8
2649,warrambine,WARRAMBINE_S2_P3123_R2,2023,1,243.5,790.3376000000001,Wheat,NA,NA,3693.0,NA,NA,1329.48,295.64239999999995
2650,warrambine,WARRAMBINE_S2_P3123_R2,2024,2,207.0,720.283,Faba beans,NA,NA,2909.36,NA,NA,1381.946,454.6629999999999
2651,warrambine,WARRAMBINE_S2_P3123_R2,2025,3,204.5,467.59999999999997,Canola,NA,NA,2826.6,NA,NA,1950.354,1278.2540000000001
2652,warrambine,WARRAMBINE_S6_P0000_R3,2023,1,296.25,572.3,Wheat,Barley,Faba bean,1799.0,1798.0,73.0,1241.8526,373.3026
2653,warrambine,WARRAMBINE_S6_P0000_R3,2024,2,213.0,860.1631550221666,Canola,NA,NA,3131.52,258.64,NA,2160.7488,1087.5856449778332
2654,warrambine,WARRAMBINE_S6_P0000_R3,2025,3,199.5,533.6226,Wheat,NA,NA,0.0,NA,NA,0.0,-733.1226
2655,warrambine,WARRAMBINE_S3_P3123_R3,2023,1,232.5,790.3376000000001,Wheat,NA,NA,4375.0,NA,NA,1575.0,552.1623999999999
2656,warrambine,WARRAMBINE_S3_P3123_R3,2024,2,218.0,718.76635,Field pea,NA,NA,1374.39,NA,NA,629.47062,-307.29572999999993
2657,warrambine,WARRAMBINE_S3_P3123_R3,2025,3,213.0,495.62091304499995,Canola,NA,NA,3495.37,NA,NA,2411.8052999999995,1703.1843869549996
2658,warrambine,WARRAMBINE_S6_P0000_R1,2023,1,283.875,572.3,Wheat,Barley,Faba bean,1524.0,1523.0,128.0,1083.3976,227.22260000000006
2659,warrambine,WARRAMBINE_S6_P0000_R1,2024,2,213.0,860.1631550221666,Canola,NA,NA,2203.67,449.43,NA,1520.5323,447.36914497783346
2660,warrambine,WARRAMBINE_S6_P0000_R1,2025,3,191.0,513.6225999999999,Wheat,NA,NA,0.0,NA,NA,0.0,-704.6225999999999
2661,warrambine,WARRAMBINE_S3_P3123_R1,2023,1,232.5,790.3376000000001,Wheat,NA,NA,3684.0,NA,NA,1326.24,303.40239999999994
2662,warrambine,WARRAMBINE_S3_P3123_R1,2024,2,218.0,718.76635,Field pea,NA,NA,1765.83,NA,NA,808.75014,-128.01621
2663,warrambine,WARRAMBINE_S3_P3123_R1,2025,3,221.5,523.6409130449999,Canola,NA,NA,2638.89,NA,NA,1820.8341,1075.693186955
2664,warrambine,WARRAMBINE_S3_P2312_R3,2023,1,232.5,717.375,Canola,NA,NA,2854.0,NA,NA,1969.26,1019.385
2665,warrambine,WARRAMBINE_S3_P2312_R3,2024,2,224.0,887.190277775343,Wheat,NA,NA,3705.64,NA,NA,1334.0304,222.84012222465708
2666,warrambine,WARRAMBINE_S3_P2312_R3,2025,3,215.5,436.7750000000001,Field pea,NA,NA,3571.07,NA,NA,1635.55006,983.2750599999999
2667,warrambine,WARRAMBINE_S3_P2312_R1,2023,1,232.5,717.375,Canola,NA,NA,2914.0,NA,NA,2010.66,1060.785
2668,warrambine,WARRAMBINE_S3_P2312_R1,2024,2,224.0,887.190277775343,Wheat,NA,NA,3694.04,NA,NA,1329.8544,218.66412222465692
2669,warrambine,WARRAMBINE_S3_P2312_R1,2025,3,215.5,436.7750000000001,Field pea,NA,NA,0.0,NA,NA,0.0,-652.2750000000001
2670,warrambine,WARRAMBINE_S3_P1231_R3,2023,1,215.5,624.288,fieldpea,NA,NA,3302.0,NA,NA,1512.316,672.528
2671,warrambine,WARRAMBINE_S3_P1231_R3,2024,2,213.0,782.1795867389674,Canola,NA,NA,3357.69,NA,NA,2316.8061,1321.6265132610324
2672,warrambine,WARRAMBINE_S3_P1231_R3,2025,3,213.0,556.18106377,Wheat,NA,NA,9011.43,NA,NA,3244.1148,2474.93373623
2673,warrambine,WARRAMBINE_S2_P3123_R3,2023,1,243.5,790.3376000000001,Wheat,NA,NA,3723.0,NA,NA,1340.28,306.4423999999999
2674,warrambine,WARRAMBINE_S2_P3123_R3,2024,2,207.0,720.283,Faba beans,NA,NA,1600.56,NA,NA,760.266,-167.01700000000005
2675,warrambine,WARRAMBINE_S2_P3123_R3,2025,3,204.5,467.59999999999997,Canola,NA,NA,3916.46,NA,NA,2702.3574,2030.2574
2676,warrambine,WARRAMBINE_S2_P2312_R1,2023,1,243.5,717.375,Canola,NA,NA,1732.0,NA,NA,1195.08,234.20499999999993
2677,warrambine,WARRAMBINE_S2_P2312_R1,2024,2,224.0,872.1160331395466,Wheat,NA,NA,5161.22,NA,NA,1858.0392,761.9231668604533
2678,warrambine,WARRAMBINE_S2_P2312_R1,2025,3,204.5,435.75,Faba bean,NA,NA,4845.99,NA,NA,2301.84525,1661.5952499999999
2679,warrambine,WARRAMBINE_S1_P1212_R2,2023,1,232.5,717.375,Canola,NA,NA,1989.0,NA,NA,1372.41,422.5350000000001
2680,warrambine,WARRAMBINE_S1_P1212_R2,2024,2,215.5,790.7401000000001,Wheat,NA,NA,3675.44,NA,NA,1323.1584,316.91829999999993
2681,warrambine,WARRAMBINE_S1_P1212_R2,2025,3,213.0,555.0999999999999,Canola,NA,NA,4198.75,NA,NA,2897.1375,2129.0375
2682,warrambine,WARRAMBINE_S5_P2312_R2,2023,1,243.5,717.375,Canola,NA,NA,2944.0,NA,NA,2031.36,1070.485
2683,warrambine,WARRAMBINE_S5_P2312_R2,2024,2,224.0,880.8696535965893,Wheat,NA,NA,4780.7,NA,NA,1721.052,616.1823464034106
2684,warrambine,WARRAMBINE_S5_P2312_R2,2025,3,226.5,456.55,Field pea,NA,NA,0.0,NA,NA,0.0,-683.05
2685,warrambine,WARRAMBINE_S5_P2312_R1,2023,1,243.5,717.375,Canola,NA,NA,2744.0,NA,NA,1893.36,932.4849999999999
2686,warrambine,WARRAMBINE_S5_P2312_R1,2024,2,224.0,880.8696535965893,Wheat,NA,NA,3618.65,NA,NA,1302.714,197.84434640341067
2687,warrambine,WARRAMBINE_S5_P2312_R1,2025,3,226.5,456.55,Field pea,NA,NA,0.0,NA,NA,0.0,-683.05
2688,warrambine,WARRAMBINE_S5_P2312_R3,2023,1,254.5,717.375,Canola,NA,NA,2671.0,NA,NA,1842.99,871.115
2689,warrambine,WARRAMBINE_S5_P2312_R3,2024,2,224.0,880.8696535965893,Wheat,NA,NA,2754.58,NA,NA,991.6488,-113.22085359658922
2690,warrambine,WARRAMBINE_S5_P2312_R3,2025,3,226.5,456.55,Field pea,NA,NA,0.0,NA,NA,0.0,-683.05
2691,warrambine,WARRAMBINE_S4_P1231_R1,2023,1,215.5,472.5250000000001,balansa clover,chicory,NA,0.0,0.0,NA,0.0,-688.0250000000001
2692,warrambine,WARRAMBINE_S4_P1231_R1,2024,2,213.0,831.7884051923679,Canola,NA,NA,2589.31,NA,NA,1786.6238999999998,741.8354948076319
2693,warrambine,WARRAMBINE_S4_P1231_R1,2025,3,213.0,559.9354768100001,Wheat,NA,NA,9473.17,NA,NA,3410.3412,2637.4057231899997
2694,warrambine,WARRAMBINE_S3_P1231_R2,2023,1,215.5,624.288,fieldpea,NA,NA,3580.0,NA,NA,1639.64,799.8520000000001
2695,warrambine,WARRAMBINE_S3_P1231_R2,2024,2,213.0,782.1795867389674,Canola,NA,NA,3277.78,NA,NA,2261.6682,1266.4886132610327
2696,warrambine,WARRAMBINE_S3_P1231_R2,2025,3,213.0,556.18106377,Wheat,NA,NA,9554.4,NA,NA,3439.584,2670.40293623
2697,warrambine,WARRAMBINE_S1_P1212_R1,2023,1,243.5,717.375,Canola,NA,NA,2478.0,NA,NA,1709.82,748.9449999999999
2698,warrambine,WARRAMBINE_S1_P1212_R1,2024,2,215.5,790.7401000000001,Wheat,NA,NA,4763.98,NA,NA,1715.0327999999995,708.7926999999994
2699,warrambine,WARRAMBINE_S1_P1212_R1,2025,3,213.0,555.0999999999999,Canola,NA,NA,3011.38,NA,NA,2077.8522,1309.7522
2700,warrambine,WARRAMBINE_S1_P2121_R2,2023,1,221.5,790.3376000000001,Wheat,NA,NA,3769.0,NA,NA,1356.84,345.00239999999985
2701,warrambine,WARRAMBINE_S1_P2121_R2,2024,2,204.5,745.5025,Canola,NA,NA,3409.36,NA,NA,2352.4584,1402.4559
2702,warrambine,WARRAMBINE_S1_P2121_R2,2025,3,221.5,598.93547681,Wheat,NA,NA,8531.85,NA,NA,3071.466,2251.03052319
2703,warrambine,WARRAMBINE_S3_P2312_R2,2023,1,243.5,717.375,Canola,NA,NA,2489.0,NA,NA,1717.41,756.5350000000001
2704,warrambine,WARRAMBINE_S3_P2312_R2,2024,2,224.0,887.190277775343,Wheat,NA,NA,4178.36,NA,NA,1504.2096,393.0193222246569
2705,warrambine,WARRAMBINE_S3_P2312_R2,2025,3,215.5,436.7750000000001,Field pea,NA,NA,3422.42,NA,NA,1567.46836,915.19336
2706,warrambine,WARRAMBINE_S2_P2312_R3,2023,1,254.5,717.375,Canola,NA,NA,2814.0,NA,NA,1941.66,969.7850000000001
2707,warrambine,WARRAMBINE_S2_P2312_R3,2024,2,224.0,872.1160331395466,Wheat,NA,NA,3592.55,NA,NA,1293.318,197.20196686045335
2708,warrambine,WARRAMBINE_S2_P2312_R3,2025,3,204.5,435.75,Faba bean,NA,NA,5281.9,NA,NA,2508.9025,1868.6525000000001
2709,warrambine,WARRAMBINE_S1_P1212_R3,2023,1,232.5,717.375,Canola,NA,NA,2353.0,NA,NA,1623.57,673.6949999999999
2710,warrambine,WARRAMBINE_S1_P1212_R3,2024,2,215.5,790.7401000000001,Wheat,NA,NA,2238.46,NA,NA,805.8456,-200.3945000000001
2711,warrambine,WARRAMBINE_S1_P1212_R3,2025,3,213.0,555.0999999999999,Canola,NA,NA,3747.11,NA,NA,2585.5059,1817.4059000000002
2712,warrambine,WARRAMBINE_S4_P1231_R2,2023,1,215.5,472.5250000000001,balansa clover,chicory,NA,0.0,0.0,NA,0.0,-688.0250000000001
2713,warrambine,WARRAMBINE_S4_P1231_R2,2024,2,213.0,831.7884051923679,Canola,NA,NA,2090.64,NA,NA,1442.5415999999998,397.75319480763187
2714,warrambine,WARRAMBINE_S4_P1231_R2,2025,3,213.0,559.9354768100001,Wheat,NA,NA,9941.87,NA,NA,3579.0732000000003,2806.13772319
2715,warrambine,WARRAMBINE_S5_P1231_R3,2023,1,237.5,625.4879999999999,fieldpea,NA,NA,0.0,NA,NA,0.0,-862.9879999999999
2716,warrambine,WARRAMBINE_S5_P1231_R3,2024,2,213.0,745.5025,Canola,NA,NA,3969.5,NA,NA,2738.955,1780.4524999999999
2717,warrambine,WARRAMBINE_S5_P1231_R3,2025,3,213.0,561.5517231900001,Wheat,NA,NA,10377.55,NA,NA,3735.918,2961.3662768100003
