,site,plot,year,crop_sequence,operational_costs_dollars,material_input_costs_dollars,crop_1_name,crop_2_name,crop_3_name,crop_1_yield,crop_2_yield,crop_3_yield,plot_revenue_dollars,plot_gross_margin_dollars
0,roseworthy,ROSEWORTHY_S2_P2121_R3,2023,1,279.0,592.1894,durum,NA,NA,2519.0,NA,NA,1201.563,330.3736000000001
1,roseworthy,ROSEWORTHY_S2_P2121_R3,2024,2,193.5,478.53000000000003,Lentil,NA,NA,908.0072558,NA,NA,698.2575797102,26.22757971020002
2,roseworthy,ROSEWORTHY_S2_P2121_R3,2025,3,210.5,806.7444,Durum,NA,NA,2097.38,0.0,NA,1000.45026,-16.794140000000084
3,roseworthy,ROSEWORTHY_S3_P1212_R2,2023,1,259.5,576.9044,vetch,NA,NA,5710.0,NA,NA,0.0,-836.4044
4,roseworthy,ROSEWORTHY_S3_P1212_R2,2024,2,193.5,249.936,Wheat,NA,NA,2112.562229,NA,NA,760.5224024400001,317.08640244000003
5,roseworthy,ROSEWORTHY_S3_P1212_R2,2025,3,193.5,198.8194,Vetch,NA,NA,0.0,0.0,NA,0.0,-392.3194
6,roseworthy,ROSEWORTHY_S6_P0000_R2,2023,1,279.0,592.1894,wheat,NA,NA,5306.0,NA,NA,1910.16,1038.9706
7,roseworthy,ROSEWORTHY_S6_P0000_R2,2024,2,202.0,258.456,Barley,NA,NA,10.81680468,NA,NA,3.366189616416,-457.089810383584
8,roseworthy,ROSEWORTHY_S6_P0000_R2,2025,3,193.5,376.7944,Lentil,NA,NA,1508.97,0.0,NA,1160.39793,590.1035300000001
9,roseworthy,ROSEWORTHY_S1.2_P3123_R2,2023,1,268.0,592.1894,barley,NA,NA,5141.0,NA,NA,1599.8792,739.6898000000001
10,roseworthy,ROSEWORTHY_S1.2_P3123_R2,2024,2,182.5,478.53,Lentil,NA,NA,998.2770728,NA,NA,767.6750689832,106.64506898320008
11,roseworthy,ROSEWORTHY_S1.2_P3123_R2,2025,3,210.5,809.8944,Wheat,NA,NA,4176.03,0.0,NA,1503.3708,482.9763999999999
12,roseworthy,ROSEWORTHY_S8_P0212_R3,2024,1,180.0,231.98,Canola,NA,NA,604.6134156,NA,NA,417.183256764,5.203256764000031
13,roseworthy,ROSEWORTHY_S8_P0212_R3,2025,2,171.5,119.8944,Lentil,NA,NA,1731.6,0.0,NA,1331.6004,1040.2060000000001
14,roseworthy,ROSEWORTHY_S4_P3123_R1,2023,1,365.2,558.6094,barley,fababean,NA,3668.0,560.0,NA,1407.4815999999998,483.67219999999975
15,roseworthy,ROSEWORTHY_S4_P3123_R1,2024,2,213.257062345,267.18,Canola,Field Pea,NA,954.4021304,275.8803634,NA,784.8906764132,304.4536140682
16,roseworthy,ROSEWORTHY_S4_P3123_R1,2025,3,302.6375,398.21639999999996,Wheat,Lentil,NA,4364.61,0.89,NA,1571.94401,871.0901099999999
17,roseworthy,ROSEWORTHY_S1.2_P3123_R3,2023,1,279.0,592.1894,barley,NA,NA,5250.0,NA,NA,1633.8,762.6106
18,roseworthy,ROSEWORTHY_S1.2_P3123_R3,2024,2,182.5,478.53,Lentil,NA,NA,738.1863584,NA,NA,567.6653096096001,-93.36469039039991
19,roseworthy,ROSEWORTHY_S1.2_P3123_R3,2025,3,210.5,809.8944,Wheat,NA,NA,3932.58,0.0,NA,1415.7288,395.3344000000001
20,roseworthy,ROSEWORTHY_S1.1_P2312_R1,2023,1,279.0,592.1894,wheat,NA,NA,5023.0,NA,NA,1808.28,937.0906
21,roseworthy,ROSEWORTHY_S1.1_P2312_R1,2024,2,202.0,299.93600000000004,Barley,NA,NA,906.0226177,NA,NA,281.95423862824,-219.98176137176006
22,roseworthy,ROSEWORTHY_S1.1_P2312_R1,2025,3,193.5,376.7944,Lentil,NA,NA,1855.29,0.0,NA,1426.71801,856.42361
23,roseworthy,ROSEWORTHY_S8_P0121_R2,2024,1,182.5,394.53,Lentil,NA,NA,781.0964306,NA,NA,600.6631551314,23.63315513140003
24,roseworthy,ROSEWORTHY_S8_P0121_R2,2025,2,199.5,397.84439999999995,Canola,NA,NA,1099.07,0.0,NA,758.3582999999999,161.01389999999992
25,roseworthy,ROSEWORTHY_S3_P2121_R2,2023,1,268.0,592.1894,durum,NA,NA,4139.0,NA,NA,1974.303,1114.1136000000001
26,roseworthy,ROSEWORTHY_S3_P2121_R2,2024,2,182.5,298.45500000000004,Vetch,NA,NA,0.0,NA,NA,0.0,-480.95500000000004
27,roseworthy,ROSEWORTHY_S3_P2121_R2,2025,3,210.5,776.0944000000001,Durum,NA,NA,2902.62,0.0,NA,1384.54974,397.95533999999986
28,roseworthy,ROSEWORTHY_S1.1_P1231_R3,2023,1,281.5,786.8794,lentil,NA,NA,1799.0,NA,NA,1383.431,315.0516
29,roseworthy,ROSEWORTHY_S1.1_P1231_R3,2024,2,202.0,299.93600000000004,Wheat,NA,NA,1991.272616,NA,NA,716.85814176,214.92214175999993
30,roseworthy,ROSEWORTHY_S1.1_P1231_R3,2025,3,210.5,810.2444,Barley,NA,NA,4063.67,0.0,NA,1264.614104,243.86970399999996
31,roseworthy,ROSEWORTHY_S4_P1231_R2,2023,1,339.85,579.2794,canola,fieldpea,NA,578.0,1756.0,NA,1203.068,283.93859999999995
32,roseworthy,ROSEWORTHY_S4_P1231_R2,2024,2,214.08516899724998,439.23,Wheat,Lentil,NA,1681.372549,22.03421089,NA,622.23842581441,-31.076743182840005
33,roseworthy,ROSEWORTHY_S4_P1231_R2,2025,3,246.67424999999997,132.3944,Barley,Faba bean,NA,1814.35,312.62,NA,713.1202199999999,334.05156999999997
34,roseworthy,ROSEWORTHY_S1.2_P1231_R1,2023,1,270.5,786.8794,lentil,NA,NA,1621.0,NA,NA,1246.549,189.16959999999995
35,roseworthy,ROSEWORTHY_S1.2_P1231_R1,2024,2,191.0,289.93600000000004,Wheat,NA,NA,2514.7697,NA,NA,905.317092,424.38109199999997
36,roseworthy,ROSEWORTHY_S1.2_P1231_R1,2025,3,210.5,749.2444,Barley,NA,NA,4288.39,0.0,NA,1334.546968,374.80256800000006
37,roseworthy,ROSEWORTHY_S8_P0212_R2,2024,1,180.0,231.98,Canola,NA,NA,351.0925845,NA,NA,242.253883305,-169.726116695
38,roseworthy,ROSEWORTHY_S8_P0212_R2,2025,2,171.5,119.8944,Lentil,NA,NA,1335.81,0.0,NA,1027.23789,735.8434900000001
39,roseworthy,ROSEWORTHY_S1.2_P2312_R2,2023,1,257.0,592.1894,wheat,NA,NA,5613.0,NA,NA,2020.68,1171.4906
40,roseworthy,ROSEWORTHY_S1.2_P2312_R2,2024,2,202.0,289.93600000000004,Barley,NA,NA,1349.467718,NA,NA,419.9543538416,-71.98164615840005
41,roseworthy,ROSEWORTHY_S1.2_P2312_R2,2025,3,193.5,376.7944,Lentil,NA,NA,3215.83,0.0,NA,2472.97327,1902.67887
42,roseworthy,ROSEWORTHY_S8_P0212_R1,2024,1,180.0,231.98,Canola,NA,NA,281.232493,NA,NA,194.05042017,-217.92957983
43,roseworthy,ROSEWORTHY_S8_P0212_R1,2025,2,171.5,119.8944,Lentil,NA,NA,1682.13,0.0,NA,1293.55797,1002.16357
44,roseworthy,ROSEWORTHY_S3_P1212_R3,2023,1,259.5,576.9044,vetch,NA,NA,6330.0,NA,NA,0.0,-836.4044
45,roseworthy,ROSEWORTHY_S3_P1212_R3,2024,2,182.5,249.936,Wheat,NA,NA,1854.611657,NA,NA,667.66019652,235.22419652
46,roseworthy,ROSEWORTHY_S3_P1212_R3,2025,3,193.5,198.8194,Vetch,NA,NA,0.0,0.0,NA,0.0,-392.3194
47,roseworthy,ROSEWORTHY_S2_P1212_R2,2023,1,281.5,786.8794,lentil,NA,NA,1460.0,NA,NA,1122.74,54.36059999999998
48,roseworthy,ROSEWORTHY_S2_P1212_R2,2024,2,191.0,289.93600000000004,Wheat,NA,NA,1626.125553,NA,NA,585.40519908,104.46919907999995
49,roseworthy,ROSEWORTHY_S2_P1212_R2,2025,3,193.5,376.7944,Lentil,NA,NA,1113.17,0.0,NA,856.02773,285.73333
50,roseworthy,ROSEWORTHY_S5_P0000_R2,2023,1,274.0,695.1294,canola,NA,NA,2091.0,NA,NA,1442.79,473.66059999999993
51,roseworthy,ROSEWORTHY_S5_P0000_R2,2024,2,193.5,249.936,Wheat,NA,NA,1515.454483,NA,NA,545.5636138799999,102.12761387999993
52,roseworthy,ROSEWORTHY_S5_P0000_R2,2025,3,210.5,416.9443999999999,Canola,NA,NA,1955.76,0.0,NA,1349.4743999999998,722.03
53,roseworthy,ROSEWORTHY_S1.2_P2312_R1,2023,1,279.0,592.1894,wheat,NA,NA,5590.0,NA,NA,2012.4,1141.2106
54,roseworthy,ROSEWORTHY_S1.2_P2312_R1,2024,2,191.0,289.93600000000004,Barley,NA,NA,2168.05411,NA,NA,674.698439032,193.76243903199997
55,roseworthy,ROSEWORTHY_S1.2_P2312_R1,2025,3,193.5,376.7944,Lentil,NA,NA,2572.67,0.0,NA,1978.38323,1408.08883
56,roseworthy,ROSEWORTHY_S1.1_P3123_R1,2023,1,257.0,592.1894,barley,NA,NA,5260.0,NA,NA,1636.9119999999998,787.7225999999998
57,roseworthy,ROSEWORTHY_S1.1_P3123_R1,2024,2,193.5,478.53000000000003,Lentil,NA,NA,1073.082918,NA,NA,825.2007639420001,153.17076394200006
58,roseworthy,ROSEWORTHY_S1.1_P3123_R1,2025,3,210.5,810.2444,Wheat,NA,NA,4194.76,0.0,NA,1510.1136,489.36919999999986
59,roseworthy,ROSEWORTHY_S1.1_P3123_R2,2023,1,257.0,592.1894,barley,NA,NA,5447.0,NA,NA,1695.1064,845.9169999999999
60,roseworthy,ROSEWORTHY_S1.1_P3123_R2,2024,2,193.5,478.53000000000003,Lentil,NA,NA,455.4766276,NA,NA,350.2615266244,-321.7684733756
61,roseworthy,ROSEWORTHY_S1.1_P3123_R2,2025,3,210.5,810.2444,Wheat,NA,NA,4569.29,0.0,NA,1644.9444,624.2
62,roseworthy,ROSEWORTHY_S4_P2312_R1,2023,1,365.65,816.4513999999999,wheat,lentil,NA,3361.0,445.0,NA,1552.165,370.06359999999995
63,roseworthy,ROSEWORTHY_S4_P2312_R1,2024,2,198.000045812,232.98000000000002,Barley,Faba Bean,NA,1034.812322,25.18951048,NA,333.99861208439995,-96.98143372760006
64,roseworthy,ROSEWORTHY_S4_P2312_R1,2025,3,246.8265,144.5444,Canola,Field pea,NA,2133.06,0.0,NA,1471.8113999999998,1080.4405
65,roseworthy,ROSEWORTHY_S1.2_P1231_R2,2023,1,270.5,786.8794,lentil,NA,NA,1521.0,NA,NA,1169.649,112.26959999999985
66,roseworthy,ROSEWORTHY_S1.2_P1231_R2,2024,2,191.0,289.93600000000004,Wheat,NA,NA,2127.111145,NA,NA,765.7600121999999,284.82401219999986
67,roseworthy,ROSEWORTHY_S1.2_P1231_R2,2025,3,210.5,749.2444,Barley,NA,NA,4569.29,0.0,NA,1421.9630479999998,462.2186479999998
68,roseworthy,ROSEWORTHY_S1.2_P2312_R3,2023,1,268.0,592.1894,wheat,NA,NA,3754.0,NA,NA,1351.44,491.2506000000001
69,roseworthy,ROSEWORTHY_S1.2_P2312_R3,2024,2,202.0,289.93600000000004,Barley,NA,NA,505.830062,NA,NA,157.41431529439998,-334.5216847056
70,roseworthy,ROSEWORTHY_S1.2_P2312_R3,2025,3,193.5,376.7944,Lentil,NA,NA,2275.8,0.0,NA,1750.0902,1179.7958
71,roseworthy,ROSEWORTHY_S5_P0000_R1,2023,1,285.0,695.1294,canola,NA,NA,2031.0,NA,NA,1401.39,421.26060000000007
72,roseworthy,ROSEWORTHY_S5_P0000_R1,2024,2,193.5,249.936,Wheat,NA,NA,1998.62387,NA,NA,719.5045931999999,276.0685931999999
73,roseworthy,ROSEWORTHY_S5_P0000_R1,2025,3,210.5,416.9444,Canola,NA,NA,1687.4,0.0,NA,1164.306,536.8616000000001
74,roseworthy,ROSEWORTHY_S4_P3123_R2,2023,1,381.225,558.6094,barley,fababean,NA,3945.0,484.0,NA,1457.5839999999998,517.7495999999999
75,roseworthy,ROSEWORTHY_S4_P3123_R2,2024,2,221.7404611475,267.18,Canola,Field Pea,NA,981.9810103,147.6374356,NA,745.1848426117999,256.2643814642999
76,roseworthy,ROSEWORTHY_S4_P3123_R2,2025,3,293.11925,398.21639999999996,Wheat,Lentil,NA,3983.84,0.93,NA,1434.89757,743.5619200000001
77,roseworthy,ROSEWORTHY_S2_P1212_R3,2023,1,281.5,786.8794,lentil,NA,NA,1572.0,NA,NA,1208.868,140.4885999999999
78,roseworthy,ROSEWORTHY_S2_P1212_R3,2024,2,191.0,289.93600000000004,Wheat,NA,NA,1901.376475,NA,NA,684.495531,203.559531
79,roseworthy,ROSEWORTHY_S2_P1212_R3,2025,3,193.5,376.7944,Lentil,NA,NA,1200.0,0.0,NA,922.8,352.50559999999996
80,roseworthy,ROSEWORTHY_S7_P0000_R1,2023,1,279.0,675.5094,durum,NA,NA,3288.0,NA,NA,1568.376,613.8666
81,roseworthy,ROSEWORTHY_S7_P0000_R1,2024,2,182.5,402.88599999999997,Barley,NA,NA,2207.692597,NA,NA,687.0339361864,101.64793618639999
82,roseworthy,ROSEWORTHY_S7_P0000_R1,2025,3,185.0,316.41939999999994,Lentil,NA,NA,2795.3,0.0,NA,2149.5857,1648.1663
83,roseworthy,ROSEWORTHY_S4_P1231_R1,2023,1,341.525,579.2794,canola,fieldpea,NA,951.0,1450.0,NA,1320.29,399.4856
84,roseworthy,ROSEWORTHY_S4_P1231_R1,2024,2,208.45653937999998,439.23,Wheat,Lentil,NA,1426.589818,51.6717572,NA,553.3079157668,-94.37862361320003
85,roseworthy,ROSEWORTHY_S4_P1231_R1,2025,3,258.608,132.3944,Barley,Faba bean,NA,2008.07,596.25,NA,908.130134,517.127734
86,roseworthy,ROSEWORTHY_S2_P2121_R1,2023,1,279.0,592.1894,durum,NA,NA,3394.0,NA,NA,1618.938,747.7486000000001
87,roseworthy,ROSEWORTHY_S2_P2121_R1,2024,2,182.5,478.53000000000003,Lentil,NA,NA,1024.675325,NA,NA,787.975324925,126.94532492499997
88,roseworthy,ROSEWORTHY_S2_P2121_R1,2025,3,210.5,806.7444,Durum,NA,NA,3239.7,0.0,NA,1545.3368999999998,528.0924999999997
89,roseworthy,ROSEWORTHY_S1.1_P2312_R3,2023,1,257.0,592.1894,wheat,NA,NA,4659.0,NA,NA,1677.24,828.0506
90,roseworthy,ROSEWORTHY_S1.1_P2312_R3,2024,2,202.0,299.93600000000004,Barley,NA,NA,617.6518386,NA,NA,192.21325217232,-309.72274782768
91,roseworthy,ROSEWORTHY_S1.1_P2312_R3,2025,3,193.5,376.7944,Lentil,NA,NA,1731.6,0.0,NA,1331.6004,761.306
92,roseworthy,ROSEWORTHY_S8_P0121_R3,2024,1,182.5,394.53,Lentil,NA,NA,1006.529272,NA,NA,774.021010168,196.991010168
93,roseworthy,ROSEWORTHY_S8_P0121_R3,2025,2,199.5,397.84439999999995,Canola,NA,NA,2139.07,0.0,NA,1475.9583,878.6139000000001
94,roseworthy,ROSEWORTHY_S5_P0000_R3,2023,1,285.0,695.1294,canola,NA,NA,1587.0,NA,NA,1095.03,114.90059999999994
95,roseworthy,ROSEWORTHY_S5_P0000_R3,2024,2,182.5,249.936,Wheat,NA,NA,1721.2753,NA,NA,619.659108,187.22310799999994
96,roseworthy,ROSEWORTHY_S5_P0000_R3,2025,3,210.5,416.9443999999999,Canola,NA,NA,2401.3,0.0,NA,1656.897,1029.4526
97,roseworthy,ROSEWORTHY_S6_P0000_R3,2023,1,268.0,592.1894,wheat,NA,NA,3493.0,NA,NA,1257.48,397.29060000000004
98,roseworthy,ROSEWORTHY_S6_P0000_R3,2024,2,191.0,258.456,Barley,NA,NA,2.568529201,NA,NA,0.7993262873511999,-448.65667371264885
99,roseworthy,ROSEWORTHY_S6_P0000_R3,2025,3,193.5,376.7944,Lentil,NA,NA,1434.8,0.0,NA,1103.3612,533.0668000000001
100,roseworthy,ROSEWORTHY_S3_P1212_R1,2023,1,259.5,576.9044,vetch,NA,NA,5090.0,NA,NA,0.0,-836.4044
101,roseworthy,ROSEWORTHY_S3_P1212_R1,2024,2,193.5,249.936,Wheat,NA,NA,2397.176471,NA,NA,862.9835295600001,419.54752956000004
102,roseworthy,ROSEWORTHY_S3_P1212_R1,2025,3,193.5,198.8194,Vetch,NA,NA,0.0,0.0,NA,0.0,-392.3194
103,roseworthy,ROSEWORTHY_S8_P0121_R1,2024,1,182.5,394.53,Lentil,NA,NA,819.1592419,NA,NA,629.9334570211,52.90345702110005
104,roseworthy,ROSEWORTHY_S8_P0121_R1,2025,2,199.5,397.84439999999995,Canola,NA,NA,1301.3,0.0,NA,897.8969999999999,300.5526
105,roseworthy,ROSEWORTHY_S7_P0000_R2,2023,1,279.0,675.5094,durum,NA,NA,3575.0,NA,NA,1705.275,750.7656000000001
106,roseworthy,ROSEWORTHY_S7_P0000_R2,2024,2,193.5,402.88599999999997,Barley,NA,NA,1334.787504,NA,NA,415.3858712448,-181.00012875519997
107,roseworthy,ROSEWORTHY_S7_P0000_R2,2025,3,185.0,316.41939999999994,Lentil,NA,NA,2671.61,0.0,NA,2054.4680900000003,1553.0486900000003
108,roseworthy,ROSEWORTHY_S1.2_P3123_R1,2023,1,279.0,592.1894,barley,NA,NA,5069.0,NA,NA,1577.4727999999998,706.2833999999998
109,roseworthy,ROSEWORTHY_S1.2_P3123_R1,2024,2,193.5,478.53,Lentil,NA,NA,1034.142582,NA,NA,795.255645558,123.225645558
110,roseworthy,ROSEWORTHY_S1.2_P3123_R1,2025,3,210.5,809.8944,Wheat,NA,NA,4269.66,0.0,NA,1537.0775999999998,516.6831999999998
111,roseworthy,ROSEWORTHY_S2_P2121_R2,2023,1,268.0,592.1894,durum,NA,NA,3622.0,NA,NA,1727.694,867.5046
112,roseworthy,ROSEWORTHY_S2_P2121_R2,2024,2,182.5,478.53000000000003,Lentil,NA,NA,1027.153223,NA,NA,789.880828487,128.850828487
113,roseworthy,ROSEWORTHY_S2_P2121_R2,2025,3,210.5,806.7444,Durum,NA,NA,3052.43,0.0,NA,1456.00911,438.7647099999999
114,roseworthy,ROSEWORTHY_S1.1_P3123_R3,2023,1,268.0,592.1894,barley,NA,NA,4717.0,NA,NA,1467.9304,607.741
115,roseworthy,ROSEWORTHY_S1.1_P3123_R3,2024,2,182.5,478.53,Lentil,NA,NA,972.8597488,NA,NA,748.1291468272001,87.09914682720012
116,roseworthy,ROSEWORTHY_S1.1_P3123_R3,2025,3,210.5,810.2444,Wheat,NA,NA,3970.04,0.0,NA,1429.2143999999998,408.4699999999998
117,roseworthy,ROSEWORTHY_S7_P0000_R3,2023,1,268.0,675.5094,durum,NA,NA,4197.0,NA,NA,2001.969,1058.4596000000001
118,roseworthy,ROSEWORTHY_S7_P0000_R3,2024,2,182.5,402.88599999999997,Barley,NA,NA,621.166068,NA,NA,193.3068803616,-392.07911963839996
119,roseworthy,ROSEWORTHY_S7_P0000_R3,2025,3,185.0,316.41939999999994,Lentil,NA,NA,2597.4,0.0,NA,1997.4006,1495.9812
120,roseworthy,ROSEWORTHY_S2_P1212_R1,2023,1,270.5,786.8794,lentil,NA,NA,2030.0,NA,NA,1561.07,503.6905999999999
121,roseworthy,ROSEWORTHY_S2_P1212_R1,2024,2,202.0,289.93600000000004,Wheat,NA,NA,3604.886857,NA,NA,1297.75926852,805.8232685199999
122,roseworthy,ROSEWORTHY_S2_P1212_R1,2025,3,193.5,376.7944,Lentil,NA,NA,1781.08,0.0,NA,1369.65052,799.3561199999999
123,roseworthy,ROSEWORTHY_S1.2_P1231_R3,2023,1,270.5,786.8794,lentil,NA,NA,1479.0,NA,NA,1137.351,79.97160000000008
124,roseworthy,ROSEWORTHY_S1.2_P1231_R3,2024,2,202.0,289.93600000000004,Wheat,NA,NA,1517.05563,NA,NA,546.1400268,54.20402679999995
125,roseworthy,ROSEWORTHY_S1.2_P1231_R3,2025,3,210.5,749.2444,Barley,NA,NA,4250.94,0.0,NA,1322.892528,363.14812800000004
126,roseworthy,ROSEWORTHY_S1.1_P1231_R1,2023,1,270.5,786.8794,lentil,NA,NA,1983.0,NA,NA,1524.927,467.5475999999999
127,roseworthy,ROSEWORTHY_S1.1_P1231_R1,2024,2,202.0,299.93600000000004,Wheat,NA,NA,2348.748663,NA,NA,845.5495186799999,343.61351867999986
128,roseworthy,ROSEWORTHY_S1.1_P1231_R1,2025,3,210.5,810.2444,Barley,NA,NA,4250.94,0.0,NA,1322.892528,302.14812800000004
129,roseworthy,ROSEWORTHY_S3_P2121_R1,2023,1,268.0,592.1894,durum,NA,NA,3678.0,NA,NA,1754.406,894.2166
130,roseworthy,ROSEWORTHY_S3_P2121_R1,2024,2,193.5,298.45500000000004,Vetch,NA,NA,0.0,NA,NA,0.0,-491.95500000000004
131,roseworthy,ROSEWORTHY_S3_P2121_R1,2025,3,210.5,776.0944000000001,Durum,NA,NA,2921.35,0.0,NA,1393.4839499999998,406.88954999999976
132,roseworthy,ROSEWORTHY_S4_P3123_R3,2023,1,377.625,558.6094,barley,fababean,NA,3853.0,432.0,NA,1404.2536,468.01919999999996
133,roseworthy,ROSEWORTHY_S4_P3123_R3,2024,2,213.23923865275,267.18,Canola,Field Pea,NA,713.4773054,76.09224071,NA,527.1495869711799,46.73034831842989
134,roseworthy,ROSEWORTHY_S4_P3123_R3,2025,3,305.6865,398.21639999999996,Wheat,Lentil,NA,4486.21,1.25,NA,1615.99685,912.09395
135,roseworthy,ROSEWORTHY_S1.1_P2312_R2,2023,1,279.0,592.1894,wheat,NA,NA,5104.0,NA,NA,1837.44,966.2506000000001
136,roseworthy,ROSEWORTHY_S1.1_P2312_R2,2024,2,202.0,299.93600000000004,Barley,NA,NA,1522.301299,NA,NA,473.7401642488,-28.195835751200036
137,roseworthy,ROSEWORTHY_S1.1_P2312_R2,2025,3,193.5,376.7944,Lentil,NA,NA,2424.24,0.0,NA,1864.24056,1293.94616
138,roseworthy,ROSEWORTHY_S6_P0000_R1,2023,1,268.0,592.1894,wheat,NA,NA,5908.0,NA,NA,2126.88,1266.6906000000001
139,roseworthy,ROSEWORTHY_S6_P0000_R1,2024,2,191.0,258.456,Barley,NA,NA,17.98031466,NA,NA,5.595473922192,-443.860526077808
140,roseworthy,ROSEWORTHY_S6_P0000_R1,2025,3,193.5,376.7944,Lentil,NA,NA,2176.87,0.0,NA,1674.0130299999998,1103.7186299999998
141,roseworthy,ROSEWORTHY_S3_P2121_R3,2023,1,268.0,592.1894,durum,NA,NA,2270.0,NA,NA,1082.79,222.6006
142,roseworthy,ROSEWORTHY_S3_P2121_R3,2024,2,193.5,298.455,Vetch,NA,NA,0.0,NA,NA,0.0,-491.955
143,roseworthy,ROSEWORTHY_S3_P2121_R3,2025,3,210.5,776.0944000000001,Durum,NA,NA,1853.93,0.0,NA,884.32461,-102.26979000000006
144,roseworthy,ROSEWORTHY_S1.1_P1231_R2,2023,1,270.5,786.8794,lentil,NA,NA,1118.0,NA,NA,859.7420000000001,-197.63739999999996
145,roseworthy,ROSEWORTHY_S1.1_P1231_R2,2024,2,202.0,299.93600000000004,Wheat,NA,NA,1880.223392,NA,NA,676.88042112,174.94442112000002
146,roseworthy,ROSEWORTHY_S1.1_P1231_R2,2025,3,210.5,810.2444,Barley,NA,NA,4119.85,0.0,NA,1282.09732,261.35292000000004
147,roseworthy,ROSEWORTHY_S4_P2312_R2,2023,1,362.825,816.4514,wheat,lentil,NA,3184.0,509.0,NA,1537.661,358.3846
148,roseworthy,ROSEWORTHY_S4_P2312_R2,2024,2,216.3249453565,232.98000000000002,Barley,Faba Bean,NA,1312.518549,40.47926526,NA,427.6834234473,-21.6215219092
149,roseworthy,ROSEWORTHY_S4_P2312_R2,2025,3,240.466,144.5444,Canola,Field pea,NA,1851.14,27.5,NA,1289.8816,904.8711999999998
150,roseworthy,ROSEWORTHY_S4_P1231_R3,2023,1,343.5,579.2794,canola,fieldpea,NA,711.0,1769.0,NA,1300.792,378.0125999999999
151,roseworthy,ROSEWORTHY_S4_P1231_R3,2024,2,214.32340459575,439.23,Wheat,Lentil,NA,1683.995518,28.94066583,NA,628.4937585032699,-25.059646092480136
152,roseworthy,ROSEWORTHY_S4_P1231_R3,2025,3,242.34825,132.3944,Barley,Faba bean,NA,1471.04,482.89,NA,687.160398,312.41774799999996
153,roseworthy,ROSEWORTHY_S4_P2312_R3,2023,1,359.9,816.4513999999999,wheat,lentil,NA,3499.0,517.0,NA,1657.213,480.8616000000002
154,roseworthy,ROSEWORTHY_S4_P2312_R3,2024,2,218.664808241,232.98000000000002,Barley,Faba Bean,NA,1419.594828,26.99750164,NA,454.6017237525999,2.9569155115999024
155,roseworthy,ROSEWORTHY_S4_P2312_R3,2025,3,231.13825,144.5444,Canola,Field pea,NA,1505.53,0.0,NA,1038.8157,663.1330500000001
156,warrambine,WARRAMBINE_S1_P1212_R3,2023,1,243.5,722.595,Canola,NA,NA,2353.0,NA,NA,1623.57,657.4749999999999
157,warrambine,WARRAMBINE_S6_P0000_R1,2023,1,294.875,572.3,Wheat,Barley,Faba bean,1524.0,1523.0,128.0,1083.3976,216.22260000000006
158,warrambine,WARRAMBINE_S3_P1231_R1,2023,1,226.5,624.288,fieldpea,NA,NA,3987.0,NA,NA,1826.046,975.258
159,warrambine,WARRAMBINE_S6_P0000_R3,2023,1,296.25,572.3,Wheat,Barley,Faba bean,1799.0,1798.0,73.0,1241.8526,373.3026
160,warrambine,WARRAMBINE_S1_P2121_R1,2023,1,232.5,790.3376000000001,Wheat,NA,NA,4126.0,NA,NA,1485.36,462.52239999999983
161,warrambine,WARRAMBINE_S3_P2312_R3,2023,1,221.5,722.5949999999999,Canola,NA,NA,2854.0,NA,NA,1969.26,1025.165
162,warrambine,WARRAMBINE_S1_P2121_R2,2023,1,232.5,790.3376000000001,Wheat,NA,NA,3769.0,NA,NA,1356.84,334.00239999999985
163,warrambine,WARRAMBINE_S5_P1231_R1,2023,1,237.5,625.4879999999999,fieldpea,NA,NA,0.0,NA,NA,0.0,-862.9879999999999
164,warrambine,WARRAMBINE_S2_P2312_R1,2023,1,232.5,722.595,Canola,NA,NA,1732.0,NA,NA,1195.08,239.9849999999999
165,warrambine,WARRAMBINE_S3_P3123_R3,2023,1,232.5,790.3376000000001,Wheat,NA,NA,4375.0,NA,NA,1575.0,552.1623999999999
166,warrambine,WARRAMBINE_S4_P1231_R2,2023,1,204.5,472.5250000000001,balansa clover,chicory,NA,0.0,0.0,NA,0.0,-677.0250000000001
167,warrambine,WARRAMBINE_S5_P3123_R2,2023,1,232.5,790.3376000000001,Wheat,NA,NA,4058.0,NA,NA,1460.88,438.04240000000004
168,warrambine,WARRAMBINE_S2_P2312_R2,2023,1,243.5,722.595,Canola,NA,NA,2495.0,NA,NA,1721.55,755.4549999999999
169,warrambine,WARRAMBINE_S7_P0000_R1,2023,1,204.5,829.8376000000001,Wheat,NA,NA,3789.0,NA,NA,1364.04,329.7023999999999
170,warrambine,WARRAMBINE_S3_P3123_R2,2023,1,221.5,790.3376000000001,Wheat,NA,NA,3060.0,NA,NA,1101.6,89.76239999999984
171,warrambine,WARRAMBINE_S2_P1231_R3,2023,1,215.5,718.15,Faba bean,NA,NA,3133.0,NA,NA,1488.175,554.525
172,warrambine,WARRAMBINE_S4_P3123_R2,2023,1,221.5,790.3376000000001,Wheat,NA,NA,3551.0,NA,NA,1278.36,266.52239999999983
173,warrambine,WARRAMBINE_S5_P1231_R2,2023,1,237.5,625.488,fieldpea,NA,NA,0.0,NA,NA,0.0,-862.988
174,warrambine,WARRAMBINE_S1_P2121_R3,2023,1,221.5,790.3376000000001,Wheat,NA,NA,3818.0,NA,NA,1374.48,362.64239999999995
175,warrambine,WARRAMBINE_S4_P1231_R1,2023,1,215.5,472.5250000000001,balansa clover,chicory,NA,0.0,0.0,NA,0.0,-688.0250000000001
176,warrambine,WARRAMBINE_S2_P1231_R1,2023,1,204.5,718.15,Faba bean,NA,NA,4909.0,NA,NA,2331.775,1409.125
177,warrambine,WARRAMBINE_S5_P3123_R1,2023,1,221.5,790.3376000000001,Wheat,NA,NA,4081.0,NA,NA,1469.16,457.3224
178,warrambine,WARRAMBINE_S3_P2312_R2,2023,1,232.5,722.595,Canola,NA,NA,2489.0,NA,NA,1717.41,762.315
179,warrambine,WARRAMBINE_S5_P3123_R3,2023,1,232.5,790.3376000000001,Wheat,NA,NA,4341.0,NA,NA,1562.76,539.9223999999999
180,warrambine,WARRAMBINE_S2_P3123_R1,2023,1,221.5,790.3376000000001,Wheat,NA,NA,4519.0,NA,NA,1626.84,615.0023999999999
181,warrambine,WARRAMBINE_S3_P2312_R1,2023,1,221.5,722.595,Canola,NA,NA,2914.0,NA,NA,2010.66,1066.565
182,warrambine,WARRAMBINE_S2_P3123_R2,2023,1,232.5,790.3376000000001,Wheat,NA,NA,3693.0,NA,NA,1329.48,306.64239999999995
183,warrambine,WARRAMBINE_S3_P1231_R3,2023,1,226.5,624.288,fieldpea,NA,NA,3302.0,NA,NA,1512.316,661.528
184,warrambine,WARRAMBINE_S7_P0000_R2,2023,1,204.5,785.5876000000001,Wheat,NA,NA,4727.0,NA,NA,1701.72,711.6324
185,warrambine,WARRAMBINE_S2_P2312_R3,2023,1,243.5,722.595,Canola,NA,NA,2814.0,NA,NA,1941.66,975.565
186,warrambine,WARRAMBINE_S5_P1231_R3,2023,1,226.5,625.4879999999999,fieldpea,NA,NA,0.0,NA,NA,0.0,-851.9879999999999
187,warrambine,WARRAMBINE_S5_P2312_R1,2023,1,243.5,722.595,Canola,NA,NA,2744.0,NA,NA,1893.36,927.2649999999999
188,warrambine,WARRAMBINE_S4_P2312_R1,2023,1,243.5,722.5949999999999,Canola,NA,NA,1844.0,NA,NA,1272.36,306.265
189,warrambine,WARRAMBINE_S4_P3123_R1,2023,1,221.5,790.3376000000001,Wheat,NA,NA,4151.0,NA,NA,1494.36,482.52239999999983
190,warrambine,WARRAMBINE_S2_P1231_R2,2023,1,215.5,718.15,Faba bean,NA,NA,3923.0,NA,NA,1863.425,929.775
191,warrambine,WARRAMBINE_S4_P1231_R3,2023,1,215.5,472.5250000000001,balansa clover,chicory,NA,0.0,0.0,NA,0.0,-688.0250000000001
192,warrambine,WARRAMBINE_S4_P2312_R2,2023,1,221.5,722.595,Canola,NA,NA,2563.0,NA,NA,1768.4699999999998,824.3749999999998
193,warrambine,WARRAMBINE_S3_P3123_R1,2023,1,232.5,790.3376000000001,Wheat,NA,NA,3684.0,NA,NA,1326.24,303.40239999999994
194,warrambine,WARRAMBINE_S4_P2312_R3,2023,1,254.5,722.595,Canola,NA,NA,3200.0,NA,NA,2208.0,1230.905
195,warrambine,WARRAMBINE_S1_P1212_R2,2023,1,232.5,722.595,Canola,NA,NA,1989.0,NA,NA,1372.41,417.31500000000005
196,warrambine,WARRAMBINE_S1_P1212_R1,2023,1,232.5,722.5949999999999,Canola,NA,NA,2478.0,NA,NA,1709.82,754.725
197,warrambine,WARRAMBINE_S5_P2312_R3,2023,1,232.5,722.595,Canola,NA,NA,2671.0,NA,NA,1842.99,887.895
198,warrambine,WARRAMBINE_S6_P0000_R2,2023,1,314.025,572.3,Wheat,Barley,Faba bean,1833.0,1832.0,276.0,1361.0984,474.77340000000027
199,warrambine,WARRAMBINE_S3_P1231_R2,2023,1,237.5,624.288,fieldpea,NA,NA,3580.0,NA,NA,1639.64,777.8520000000001
200,warrambine,WARRAMBINE_S7_P0000_R3,2023,1,204.5,755.5876,Wheat,NA,NA,4925.0,NA,NA,1773.0,812.9124
201,warrambine,WARRAMBINE_S2_P3123_R3,2023,1,232.5,790.3376000000001,Wheat,NA,NA,3723.0,NA,NA,1340.28,317.4423999999999
202,warrambine,WARRAMBINE_S4_P3123_R3,2023,1,232.5,790.3376000000001,Wheat,NA,NA,5409.0,NA,NA,1947.24,924.4024
203,warrambine,WARRAMBINE_S5_P2312_R2,2023,1,243.5,722.595,Canola,NA,NA,2944.0,NA,NA,2031.36,1065.2649999999999
204,edillilie,EDILLILIE_S2.2_P2341_R2,2023,1,180.0,420.9446,canola,NA,NA,1604.0,NA,NA,1106.76,505.8154
205,edillilie,EDILLILIE_S2.2_P2341_R2,2024,2,194.5,352.15,Wheat,NA,NA,3951.67,NA,NA,1422.6012,875.9512000000001
206,edillilie,EDILLILIE_S2.2_P2341_R2,2025,3,177.5,256.3476,Wheat,NA,NA,3951.67,NA,NA,1422.6012,988.7536
207,edillilie,EDILLILIE_S2.1_P1234_R1,2023,1,180.0,296.85299999999995,lentil,NA,NA,1500.0,NA,NA,1153.5,676.647
208,edillilie,EDILLILIE_S2.1_P1234_R1,2024,2,160.5,61.875,Canola,NA,NA,5252.78,NA,NA,3624.4182,3402.0432
209,edillilie,EDILLILIE_S2.1_P1234_R1,2025,3,169.0,213.3476,Wheat,NA,NA,5252.78,NA,NA,1891.0008,1508.6532
210,edillilie,EDILLILIE_S2.2_P1234_R1,2023,1,191.0,296.85299999999995,lentil,NA,NA,1572.0,NA,NA,1208.868,721.015
211,edillilie,EDILLILIE_S2.2_P1234_R1,2024,2,160.5,114.375,Canola,NA,NA,4586.11,NA,NA,3164.4158999999995,2889.5408999999995
212,edillilie,EDILLILIE_S2.2_P1234_R1,2025,3,177.5,233.8476,Wheat,NA,NA,4586.11,NA,NA,1650.9996,1239.652
213,edillilie,EDILLILIE_S1.1_P2121_R3,2023,1,191.0,359.0286,wheat,NA,NA,4048.0,NA,NA,1457.28,907.2514
214,edillilie,EDILLILIE_S1.1_P2121_R3,2024,2,186.0,285.45,Canola,NA,NA,4042.78,NA,NA,2789.5182,2318.0682
215,edillilie,EDILLILIE_S1.1_P2121_R3,2025,3,177.5,231.3476,Wheat,NA,NA,4042.78,NA,NA,1455.4008,1046.5531999999998
216,edillilie,EDILLILIE_S2.1_P4123_R1,2023,1,191.0,257.86859999999996,wheat,NA,NA,5082.0,NA,NA,1829.52,1380.6514
217,edillilie,EDILLILIE_S2.1_P4123_R1,2024,2,169.0,174.45,Lentil,NA,NA,4010.0,NA,NA,3083.69,2740.2400000000002
218,edillilie,EDILLILIE_S2.1_P4123_R1,2025,3,188.5,224.6,Canola,NA,NA,4010.0,NA,NA,2766.9,2353.8
219,edillilie,EDILLILIE_S1.3_P1212_R3,2023,1,191.0,420.9446,canola,NA,NA,1786.0,NA,NA,1232.34,620.3953999999999
220,edillilie,EDILLILIE_S1.3_P1212_R3,2024,2,205.5,352.15,Wheat,NA,NA,3612.22,NA,NA,1300.3991999999998,742.7491999999999
221,edillilie,EDILLILIE_S1.3_P1212_R3,2025,3,188.5,313.6,Canola,NA,NA,3612.22,NA,NA,2492.4318,1990.3318
222,edillilie,EDILLILIE_S2.1_P3412_R3,2023,1,191.0,325.12620000000004,wheat,NA,NA,3796.0,NA,NA,1366.56,850.4337999999999
223,edillilie,EDILLILIE_S2.1_P3412_R3,2024,2,177.5,222.95,Wheat,NA,NA,1752.78,NA,NA,631.0007999999999,230.55079999999992
224,edillilie,EDILLILIE_S2.1_P3412_R3,2025,3,171.5,139.6,Lentil,NA,NA,1752.78,NA,NA,1347.88782,1036.78782
225,edillilie,EDILLILIE_S2.1_P2341_R2,2023,1,169.0,420.94460000000004,canola,NA,NA,1455.0,NA,NA,1003.95,414.0054
226,edillilie,EDILLILIE_S2.1_P2341_R2,2024,2,177.5,217.65,Wheat,NA,NA,3910.0,NA,NA,1407.6,1012.4499999999999
227,edillilie,EDILLILIE_S2.1_P2341_R2,2025,3,169.0,193.3476,Wheat,NA,NA,3910.0,NA,NA,1407.6,1045.2523999999999
228,edillilie,EDILLILIE_S1.3_P2121_R3,2023,1,180.0,359.0286,wheat,NA,NA,4061.0,NA,NA,1461.96,922.9314
229,edillilie,EDILLILIE_S1.3_P2121_R3,2024,2,183.5,347.95,Canola,NA,NA,4090.0,NA,NA,2822.1,2290.65
230,edillilie,EDILLILIE_S1.3_P2121_R3,2025,3,177.5,286.3476,Wheat,NA,NA,4090.0,NA,NA,1472.4,1008.5524
231,edillilie,EDILLILIE_S1.1_P1212_R2,2023,1,191.0,420.94460000000004,canola,NA,NA,1508.0,NA,NA,1040.52,428.57539999999995
232,edillilie,EDILLILIE_S1.1_P1212_R2,2024,2,197.0,293.15,Wheat,NA,NA,3544.44,NA,NA,1275.9984,785.8484
233,edillilie,EDILLILIE_S1.1_P1212_R2,2025,3,188.5,265.6,Canola,NA,NA,3544.44,NA,NA,2445.6636,1991.5636
234,edillilie,EDILLILIE_S1.3_P1212_R2,2023,1,180.0,420.94460000000004,canola,NA,NA,1858.0,NA,NA,1282.02,681.0754
235,edillilie,EDILLILIE_S1.3_P1212_R2,2024,2,205.5,352.15,Wheat,NA,NA,3372.22,NA,NA,1213.9992,656.3492
236,edillilie,EDILLILIE_S1.3_P1212_R2,2025,3,188.5,313.6,Canola,NA,NA,3372.22,NA,NA,2326.8317999999995,1824.7317999999996
237,edillilie,EDILLILIE_S3_P4123_R2,2023,1,169.0,254.02859999999995,wheat,NA,NA,3500.0,NA,NA,1260.0,836.9714
238,edillilie,EDILLILIE_S3_P4123_R2,2024,2,197.0,345.45,Faba Bean ,NA,NA,3306.11,NA,NA,1570.40225,1027.95225
239,edillilie,EDILLILIE_S3_P4123_R2,2025,3,177.5,282.75,Canola,NA,NA,3306.11,NA,NA,2281.2159,1820.9659000000001
240,edillilie,EDILLILIE_S3_P3412_R3,2023,1,180.0,325.1262,wheat,NA,NA,3470.0,NA,NA,1249.2,744.0738000000001
241,edillilie,EDILLILIE_S3_P3412_R3,2024,2,194.5,362.45,Wheat,NA,NA,2834.44,NA,NA,1020.3984,463.44840000000005
242,edillilie,EDILLILIE_S3_P3412_R3,2025,3,171.5,145.3,Faba bean,NA,NA,2834.44,NA,NA,1346.359,1029.559
243,edillilie,EDILLILIE_S2.1_P1234_R2,2023,1,180.0,296.85299999999995,lentil,NA,NA,1646.0,NA,NA,1265.774,788.9209999999999
244,edillilie,EDILLILIE_S2.1_P1234_R2,2024,2,160.5,61.875,Canola,NA,NA,4290.56,NA,NA,2960.4864,2738.1114
245,edillilie,EDILLILIE_S2.1_P1234_R2,2025,3,169.0,213.3476,Wheat,NA,NA,4290.56,NA,NA,1544.6016000000002,1162.2540000000001
246,edillilie,EDILLILIE_S2.1_P3412_R2,2023,1,180.0,325.1262,wheat,NA,NA,4310.0,NA,NA,1551.6,1046.4738
247,edillilie,EDILLILIE_S2.1_P3412_R2,2024,2,166.5,222.95,Wheat,NA,NA,2017.78,NA,NA,726.4008,336.9508
248,edillilie,EDILLILIE_S2.1_P3412_R2,2025,3,171.5,139.60000000000002,Lentil,NA,NA,2017.78,NA,NA,1551.67282,1240.5728199999999
249,edillilie,EDILLILIE_S1.2_P2121_R3,2023,1,180.0,359.02860000000004,wheat,NA,NA,4030.0,NA,NA,1450.8,911.7713999999999
250,edillilie,EDILLILIE_S1.2_P2121_R3,2024,2,166.5,205.95,Canola,NA,NA,3908.89,NA,NA,2697.1341,2324.6841000000004
251,edillilie,EDILLILIE_S1.2_P2121_R3,2025,3,169.0,206.8476,Wheat,NA,NA,3908.89,NA,NA,1407.2004,1031.3528
252,edillilie,EDILLILIE_S3_P1234_R1,2023,1,191.0,296.85299999999995,fababean,NA,NA,2087.0,NA,NA,991.325,503.4720000000001
253,edillilie,EDILLILIE_S3_P1234_R1,2024,2,160.5,168.875,Canola,NA,NA,5203.33,NA,NA,3590.2977,3260.9227
254,edillilie,EDILLILIE_S3_P1234_R1,2025,3,177.5,206.8476,Wheat,NA,NA,5203.33,NA,NA,1873.1988,1488.8511999999998
255,edillilie,EDILLILIE_S1.2_P1212_R1,2023,1,169.0,420.9446,canola,NA,NA,2071.0,NA,NA,1428.9899999999998,839.0453999999997
256,edillilie,EDILLILIE_S1.2_P1212_R1,2024,2,177.5,217.65,Wheat,NA,NA,3288.89,NA,NA,1184.0004,788.8503999999999
257,edillilie,EDILLILIE_S1.2_P1212_R1,2025,3,188.5,223.6,Canola,NA,NA,3288.89,NA,NA,2269.3341,1857.2341000000001
258,edillilie,EDILLILIE_S1.3_P2121_R2,2023,1,180.0,359.02860000000004,wheat,NA,NA,3755.0,NA,NA,1351.8,812.7713999999999
259,edillilie,EDILLILIE_S1.3_P2121_R2,2024,2,183.5,347.95,Canola,NA,NA,4166.67,NA,NA,2875.0023,2343.5523000000003
260,edillilie,EDILLILIE_S1.3_P2121_R2,2025,3,177.5,286.3476,Wheat,NA,NA,4166.67,NA,NA,1500.0012,1036.1535999999999
261,edillilie,EDILLILIE_S3_P4123_R1,2023,1,169.0,254.02859999999995,wheat,NA,NA,3846.0,NA,NA,1384.56,961.5314
262,edillilie,EDILLILIE_S3_P4123_R1,2024,2,186.0,345.45,Faba Bean ,NA,NA,3462.22,NA,NA,1644.5544999999995,1113.1044999999995
263,edillilie,EDILLILIE_S3_P4123_R1,2025,3,177.5,282.75,Canola,NA,NA,3462.22,NA,NA,2388.9318,1928.6817999999998
264,edillilie,EDILLILIE_S1.2_P2121_R2,2023,1,180.0,359.02860000000004,wheat,NA,NA,4134.0,NA,NA,1488.24,949.2113999999999
265,edillilie,EDILLILIE_S1.2_P2121_R2,2024,2,177.5,205.95,Canola,NA,NA,4307.22,NA,NA,2971.9818,2588.5318
266,edillilie,EDILLILIE_S1.2_P2121_R2,2025,3,169.0,206.8476,Wheat,NA,NA,4307.22,NA,NA,1550.5992,1174.7516
267,edillilie,EDILLILIE_S3_P1234_R3,2023,1,180.0,296.85299999999995,fababean,NA,NA,2206.0,NA,NA,1047.85,570.997
268,edillilie,EDILLILIE_S3_P1234_R3,2024,2,160.5,168.875,Canola,NA,NA,4577.22,NA,NA,3158.2818,2828.9068
269,edillilie,EDILLILIE_S3_P1234_R3,2025,3,177.5,206.8476,Wheat,NA,NA,4577.22,NA,NA,1647.7992,1263.4515999999999
270,edillilie,EDILLILIE_S2.2_P4123_R1,2023,1,191.0,257.86859999999996,wheat,NA,NA,3635.0,NA,NA,1308.6,859.7313999999999
271,edillilie,EDILLILIE_S2.2_P4123_R1,2024,2,186.0,324.45,Lentil,NA,NA,4149.44,NA,NA,3190.91936,2680.46936
272,edillilie,EDILLILIE_S2.2_P4123_R1,2025,3,188.5,251.6,Canola,NA,NA,4149.44,NA,NA,2863.1136,2423.0136
273,edillilie,EDILLILIE_S2.1_P2341_R3,2023,1,180.0,420.9446,canola,NA,NA,1492.0,NA,NA,1029.48,428.53540000000004
274,edillilie,EDILLILIE_S2.1_P2341_R3,2024,2,177.5,217.65,Wheat,NA,NA,3715.56,NA,NA,1337.6016,942.4516
275,edillilie,EDILLILIE_S2.1_P2341_R3,2025,3,169.0,193.3476,Wheat,NA,NA,3715.56,NA,NA,1337.6016,975.2539999999999
276,edillilie,EDILLILIE_S2.1_P2341_R1,2023,1,191.0,420.94460000000004,canola,NA,NA,1912.0,NA,NA,1319.28,707.3353999999999
277,edillilie,EDILLILIE_S2.1_P2341_R1,2024,2,177.5,217.65,Wheat,NA,NA,4826.67,NA,NA,1737.6012,1342.4512
278,edillilie,EDILLILIE_S2.1_P2341_R1,2025,3,169.0,193.3476,Wheat,NA,NA,4826.67,NA,NA,1737.6012,1375.2536
279,edillilie,EDILLILIE_S3_P3412_R1,2023,1,169.0,325.1262,wheat,NA,NA,3972.0,NA,NA,1429.9199999999998,935.7937999999999
280,edillilie,EDILLILIE_S3_P3412_R1,2024,2,183.5,362.45,Wheat,NA,NA,3915.0,NA,NA,1409.4,863.45
281,edillilie,EDILLILIE_S3_P3412_R1,2025,3,171.5,145.29999999999998,Faba bean,NA,NA,3915.0,NA,NA,1859.625,1542.825
282,edillilie,EDILLILIE_S2.2_P2341_R3,2023,1,180.0,420.9446,canola,NA,NA,1586.0,NA,NA,1094.34,493.39539999999994
283,edillilie,EDILLILIE_S2.2_P2341_R3,2024,2,194.5,352.15,Wheat,NA,NA,3717.78,NA,NA,1338.4008,791.7507999999999
284,edillilie,EDILLILIE_S2.2_P2341_R3,2025,3,177.5,256.34759999999994,Wheat,NA,NA,3717.78,NA,NA,1338.4008,904.5532
285,edillilie,EDILLILIE_S2.2_P3412_R1,2023,1,180.0,325.1262,wheat,NA,NA,4065.0,NA,NA,1463.4,958.2738000000002
286,edillilie,EDILLILIE_S2.2_P3412_R1,2024,2,183.5,362.45,Wheat,NA,NA,2178.89,NA,NA,784.4003999999999,238.4503999999999
287,edillilie,EDILLILIE_S2.2_P3412_R1,2025,3,171.5,139.6,Lentil,NA,NA,2178.89,NA,NA,1675.56641,1364.46641
288,edillilie,EDILLILIE_S2.2_P3412_R2,2023,1,191.0,325.12620000000004,wheat,NA,NA,3722.0,NA,NA,1339.9199999999998,823.7937999999998
289,edillilie,EDILLILIE_S2.2_P3412_R2,2024,2,183.5,362.45,Wheat,NA,NA,1837.22,NA,NA,661.3992,115.44919999999996
290,edillilie,EDILLILIE_S2.2_P3412_R2,2025,3,171.5,139.6,Lentil,NA,NA,1837.22,NA,NA,1412.82218,1101.72218
291,edillilie,EDILLILIE_S1.1_P2121_R1,2023,1,169.0,359.02860000000004,wheat,NA,NA,4033.0,NA,NA,1451.88,923.8514
292,edillilie,EDILLILIE_S1.1_P2121_R1,2024,2,186.0,285.45,Canola,NA,NA,5327.22,NA,NA,3675.7818,3204.3318000000004
293,edillilie,EDILLILIE_S1.1_P2121_R1,2025,3,177.5,231.3476,Wheat,NA,NA,5327.22,NA,NA,1917.7992,1508.9515999999999
294,edillilie,EDILLILIE_S1.2_P1212_R2,2023,1,169.0,420.94460000000004,canola,NA,NA,1354.0,NA,NA,934.26,344.31539999999995
295,edillilie,EDILLILIE_S1.2_P1212_R2,2024,2,177.5,217.65,Wheat,NA,NA,2941.67,NA,NA,1059.0012,663.8512
296,edillilie,EDILLILIE_S1.2_P1212_R2,2025,3,188.5,223.6,Canola,NA,NA,2941.67,NA,NA,2029.7523,1617.6523000000002
297,edillilie,EDILLILIE_S3_P1234_R2,2023,1,180.0,296.85299999999995,fababean,NA,NA,1489.0,NA,NA,707.275,230.42200000000003
298,edillilie,EDILLILIE_S3_P1234_R2,2024,2,160.5,168.875,Canola,NA,NA,4921.67,NA,NA,3395.9523,3066.5773
299,edillilie,EDILLILIE_S3_P1234_R2,2025,3,177.5,206.8476,Wheat,NA,NA,4921.67,NA,NA,1771.8012,1387.4536
300,edillilie,EDILLILIE_S1.1_P2121_R2,2023,1,191.0,359.0286,wheat,NA,NA,3695.0,NA,NA,1330.2,780.1714000000001
301,edillilie,EDILLILIE_S1.1_P2121_R2,2024,2,186.0,285.45,Canola,NA,NA,4272.22,NA,NA,2947.8318,2476.3818
302,edillilie,EDILLILIE_S1.1_P2121_R2,2025,3,177.5,231.3476,Wheat,NA,NA,4272.22,NA,NA,1537.9992,1129.1516
303,edillilie,EDILLILIE_S1.2_P2121_R1,2023,1,180.0,359.0286,wheat,NA,NA,4243.0,NA,NA,1527.48,988.4514
304,edillilie,EDILLILIE_S1.2_P2121_R1,2024,2,177.5,205.95,Canola,NA,NA,4284.44,NA,NA,2956.2635999999998,2572.8136
305,edillilie,EDILLILIE_S1.2_P2121_R1,2025,3,169.0,206.8476,Wheat,NA,NA,4284.44,NA,NA,1542.3983999999998,1166.5507999999998
306,edillilie,EDILLILIE_S1.3_P2121_R1,2023,1,180.0,359.0286,wheat,NA,NA,3350.0,NA,NA,1206.0,666.9714
307,edillilie,EDILLILIE_S1.3_P2121_R1,2024,2,183.5,347.95,Canola,NA,NA,4278.89,NA,NA,2952.4341,2420.9841
308,edillilie,EDILLILIE_S1.3_P2121_R1,2025,3,177.5,286.3476,Wheat,NA,NA,4278.89,NA,NA,1540.4004,1076.5528
309,edillilie,EDILLILIE_S2.2_P4123_R2,2023,1,191.0,257.86859999999996,wheat,NA,NA,3170.0,NA,NA,1141.2,692.3314
310,edillilie,EDILLILIE_S2.2_P4123_R2,2024,2,197.0,324.45,Lentil,NA,NA,3543.33,NA,NA,2724.82077,2203.37077
311,edillilie,EDILLILIE_S2.2_P4123_R2,2025,3,188.5,251.6,Canola,NA,NA,3543.33,NA,NA,2444.8977,2004.7977
312,edillilie,EDILLILIE_S2.1_P4123_R2,2023,1,191.0,257.86859999999996,wheat,NA,NA,4030.0,NA,NA,1450.8,1001.9313999999999
313,edillilie,EDILLILIE_S2.1_P4123_R2,2024,2,180.0,174.45,Lentil,NA,NA,3550.0,NA,NA,2729.9500000000003,2375.5000000000005
314,edillilie,EDILLILIE_S2.1_P4123_R2,2025,3,188.5,224.6,Canola,NA,NA,3550.0,NA,NA,2449.5,2036.4
315,edillilie,EDILLILIE_S3_P4123_R3,2023,1,169.0,254.02859999999995,wheat,NA,NA,3657.0,NA,NA,1316.52,893.4914
316,edillilie,EDILLILIE_S3_P4123_R3,2024,2,186.0,345.45,Faba Bean ,NA,NA,3514.44,NA,NA,1669.359,1137.9089999999999
317,edillilie,EDILLILIE_S3_P4123_R3,2025,3,177.5,282.75,Canola,NA,NA,3514.44,NA,NA,2424.9636,1964.7136
318,edillilie,EDILLILIE_S2.1_P1234_R3,2023,1,180.0,296.85299999999995,lentil,NA,NA,1569.0,NA,NA,1206.561,729.708
319,edillilie,EDILLILIE_S2.1_P1234_R3,2024,2,160.5,61.875,Canola,NA,NA,4232.22,NA,NA,2920.2318,2697.8568
320,edillilie,EDILLILIE_S2.1_P1234_R3,2025,3,169.0,213.3476,Wheat,NA,NA,4232.22,NA,NA,1523.5992,1141.2516
321,edillilie,EDILLILIE_S1.1_P1212_R3,2023,1,191.0,420.9446,canola,NA,NA,1693.0,NA,NA,1168.1699999999998,556.2253999999998
322,edillilie,EDILLILIE_S1.1_P1212_R3,2024,2,197.0,293.15,Wheat,NA,NA,2842.78,NA,NA,1023.4008,533.2508
323,edillilie,EDILLILIE_S1.1_P1212_R3,2025,3,188.5,265.6,Canola,NA,NA,2842.78,NA,NA,1961.5182,1507.4182
324,edillilie,EDILLILIE_S3_P2341_R2,2023,1,180.0,420.9446,canola,NA,NA,1364.0,NA,NA,941.16,340.2154
325,edillilie,EDILLILIE_S3_P2341_R2,2024,2,186.0,279.15,Wheat,NA,NA,3769.44,NA,NA,1356.9984,891.8484
326,edillilie,EDILLILIE_S3_P2341_R2,2025,3,177.5,236.3476,Wheat,NA,NA,3769.44,NA,NA,1356.9984,943.1507999999999
327,edillilie,EDILLILIE_S1.2_P1212_R3,2023,1,191.0,420.94460000000004,canola,NA,NA,1470.0,NA,NA,1014.3,402.3553999999999
328,edillilie,EDILLILIE_S1.2_P1212_R3,2024,2,188.5,217.65,Wheat,NA,NA,2856.67,NA,NA,1028.4012,622.2512
329,edillilie,EDILLILIE_S1.2_P1212_R3,2025,3,188.5,223.6,Canola,NA,NA,2856.67,NA,NA,1971.1023,1559.0023
330,edillilie,EDILLILIE_S3_P2341_R3,2023,1,180.0,420.9446,canola,NA,NA,1872.0,NA,NA,1291.6799999999998,690.7353999999998
331,edillilie,EDILLILIE_S3_P2341_R3,2024,2,197.0,279.15,Wheat,NA,NA,3823.89,NA,NA,1376.6003999999998,900.4503999999998
332,edillilie,EDILLILIE_S3_P2341_R3,2025,3,177.5,236.3476,Wheat,NA,NA,3823.89,NA,NA,1376.6003999999998,962.7527999999998
333,edillilie,EDILLILIE_S2.1_P3412_R1,2023,1,180.0,325.1262,wheat,NA,NA,4258.0,NA,NA,1532.88,1027.7538000000002
334,edillilie,EDILLILIE_S2.1_P3412_R1,2024,2,166.5,222.95,Wheat,NA,NA,1692.22,NA,NA,609.1992,219.74920000000003
335,edillilie,EDILLILIE_S2.1_P3412_R1,2025,3,171.5,139.60000000000002,Lentil,NA,NA,1692.22,NA,NA,1301.31718,990.21718
336,edillilie,EDILLILIE_S2.1_P4123_R3,2023,1,191.0,257.86859999999996,wheat,NA,NA,3611.0,NA,NA,1299.96,851.0914
337,edillilie,EDILLILIE_S2.1_P4123_R3,2024,2,180.0,174.45,Lentil,NA,NA,3285.0,NA,NA,2526.165,2171.715
338,edillilie,EDILLILIE_S2.1_P4123_R3,2025,3,188.5,224.6,Canola,NA,NA,3285.0,NA,NA,2266.65,1853.5500000000002
339,edillilie,EDILLILIE_S2.2_P3412_R3,2023,1,169.0,325.1262,wheat,NA,NA,3781.0,NA,NA,1361.16,867.0338000000002
340,edillilie,EDILLILIE_S2.2_P3412_R3,2024,2,183.5,362.45,Wheat,NA,NA,2063.33,NA,NA,742.7987999999999,196.84879999999993
341,edillilie,EDILLILIE_S2.2_P3412_R3,2025,3,171.5,139.60000000000002,Lentil,NA,NA,2063.33,NA,NA,1586.70077,1275.60077
342,edillilie,EDILLILIE_S1.3_P1212_R1,2023,1,191.0,420.9446,canola,NA,NA,2071.0,NA,NA,1428.9899999999998,817.0453999999997
343,edillilie,EDILLILIE_S1.3_P1212_R1,2024,2,194.5,352.15,Wheat,NA,NA,3285.0,NA,NA,1182.6,635.9499999999999
344,edillilie,EDILLILIE_S1.3_P1212_R1,2025,3,188.5,313.6,Canola,NA,NA,3285.0,NA,NA,2266.65,1764.5500000000002
345,edillilie,EDILLILIE_S3_P2341_R1,2023,1,180.0,420.94460000000004,canola,NA,NA,1894.0,NA,NA,1306.86,705.9153999999999
346,edillilie,EDILLILIE_S3_P2341_R1,2024,2,197.0,279.15,Wheat,NA,NA,4737.22,NA,NA,1705.3992,1229.2492000000002
347,edillilie,EDILLILIE_S3_P2341_R1,2025,3,177.5,236.3476,Wheat,NA,NA,4737.22,NA,NA,1705.3992,1291.5516
348,edillilie,EDILLILIE_S2.2_P1234_R2,2023,1,180.0,296.85299999999995,lentil,NA,NA,1714.0,NA,NA,1318.066,841.2130000000001
349,edillilie,EDILLILIE_S2.2_P1234_R2,2024,2,149.5,114.375,Canola,NA,NA,4721.11,NA,NA,3257.5659,2993.6909
350,edillilie,EDILLILIE_S2.2_P1234_R2,2025,3,177.5,233.8476,Wheat,NA,NA,4721.11,NA,NA,1699.5995999999998,1288.2519999999997
351,edillilie,EDILLILIE_S2.2_P4123_R3,2023,1,180.0,257.8686,wheat,NA,NA,3824.0,NA,NA,1376.64,938.7714000000001
352,edillilie,EDILLILIE_S2.2_P4123_R3,2024,2,197.0,324.45,Lentil,NA,NA,3962.78,NA,NA,3047.37782,2525.9278200000003
353,edillilie,EDILLILIE_S2.2_P4123_R3,2025,3,188.5,251.6,Canola,NA,NA,3962.78,NA,NA,2734.3182,2294.2182000000003
354,edillilie,EDILLILIE_S2.2_P2341_R1,2023,1,191.0,420.9446,canola,NA,NA,1879.0,NA,NA,1296.51,684.5654
355,edillilie,EDILLILIE_S2.2_P2341_R1,2024,2,205.5,352.15,Wheat,NA,NA,4182.78,NA,NA,1505.8007999999998,948.1507999999998
356,edillilie,EDILLILIE_S2.2_P2341_R1,2025,3,177.5,256.3476,Wheat,NA,NA,4182.78,NA,NA,1505.8007999999998,1071.9531999999997
357,edillilie,EDILLILIE_S1.1_P1212_R1,2023,1,169.0,420.9446,canola,NA,NA,2409.0,NA,NA,1662.2099999999998,1072.2653999999998
358,edillilie,EDILLILIE_S1.1_P1212_R1,2024,2,197.0,293.15,Wheat,NA,NA,3366.11,NA,NA,1211.7996,721.6496000000001
359,edillilie,EDILLILIE_S1.1_P1212_R1,2025,3,188.5,265.6,Canola,NA,NA,3366.11,NA,NA,2322.6159,1868.5158999999999
360,edillilie,EDILLILIE_S3_P3412_R2,2023,1,180.0,325.1262,wheat,NA,NA,3525.0,NA,NA,1269.0,763.8738000000001
361,edillilie,EDILLILIE_S3_P3412_R2,2024,2,183.5,362.45,Wheat,NA,NA,3352.78,NA,NA,1207.0008,661.0508
362,edillilie,EDILLILIE_S3_P3412_R2,2025,3,171.5,145.3,Faba bean,NA,NA,3352.78,NA,NA,1592.5705,1275.7705
363,edillilie,EDILLILIE_S2.2_P1234_R3,2023,1,180.0,296.85299999999995,lentil,NA,NA,1707.0,NA,NA,1312.683,835.83
364,edillilie,EDILLILIE_S2.2_P1234_R3,2024,2,160.5,114.375,Canola,NA,NA,3982.22,NA,NA,2747.7318,2472.8568
365,edillilie,EDILLILIE_S2.2_P1234_R3,2025,3,177.5,233.8476,Wheat,NA,NA,3982.22,NA,NA,1433.5992,1022.2516
366,wallup,WALLUP_S4_P3123_R2,2023,1,158.0,403.46999999999997,Wheat,NA,NA,4961.0,NA,NA,1785.96,1224.49
367,wallup,WALLUP_S4_P3123_R2,2024,2,248.07999999999998,157.49,Lentil,Faba Bean,NA,2183.2,NA,NA,1678.8808,1273.3108
368,wallup,WALLUP_S3_P1234_R2,2023,1,171.5,229.89719999999997,Vetch,NA,NA,0.0,NA,NA,0.0,-401.3972
369,wallup,WALLUP_S3_P1234_R2,2024,2,204.5,274.741,Canola,NA,NA,1353.9,NA,NA,934.191,454.95000000000005
370,wallup,WALLUP_S2_P3412_R2,2023,1,158.0,403.47,Wheat,NA,NA,4792.0,NA,NA,1725.12,1163.6499999999999
371,wallup,WALLUP_S2_P3412_R2,2024,2,202.0,253.13400000000001,Wheat,NA,NA,2562.89,NA,NA,922.6404,467.5064
372,wallup,WALLUP_S3_P2341_R1,2023,1,147.0,546.8,Canola,NA,NA,2495.0,NA,NA,1721.55,1027.75
373,wallup,WALLUP_S3_P2341_R1,2024,2,191.0,196.675,Wheat,NA,NA,1693.02,NA,NA,609.4871999999999,221.8121999999999
374,wallup,WALLUP_S2_P3412_R3,2023,1,169.0,403.47,Wheat,NA,NA,4905.0,NA,NA,1765.8,1193.33
375,wallup,WALLUP_S2_P3412_R3,2024,2,202.0,253.13400000000001,Wheat,NA,NA,2107.26,NA,NA,758.6136,303.4796
376,wallup,WALLUP_S4_P3123_R3,2023,1,158.0,403.46999999999997,Wheat,NA,NA,4781.0,NA,NA,1721.16,1159.69
377,wallup,WALLUP_S4_P3123_R3,2024,2,218.09575,157.49,Lentil,Faba Bean,NA,1423.83,NA,NA,1094.92527,719.33952
378,wallup,WALLUP_S1_P1231_R3,2023,1,160.5,231.2472,Lentil,NA,NA,2767.0,NA,NA,2127.823,1736.0757999999998
379,wallup,WALLUP_S1_P1231_R3,2024,2,180.0,232.175,Wheat,NA,NA,1167.54,NA,NA,420.3144,8.139399999999966
380,wallup,WALLUP_S4_P3123_R1,2023,1,158.0,403.46999999999997,Wheat,NA,NA,4908.0,NA,NA,1766.88,1205.41
381,wallup,WALLUP_S4_P3123_R1,2024,2,201.872,157.49000000000004,Lentil,Faba Bean,NA,334.88,NA,NA,257.52272,-101.83928000000006
382,wallup,WALLUP_S4_P1231_R1,2023,1,245.775,231.24720000000002,Lentil,fababean,NA,3411.0,0.0,NA,2623.059,2146.0368
383,wallup,WALLUP_S4_P1231_R1,2024,2,191.0,233.675,Wheat,NA,NA,1674.42,NA,NA,602.7912,178.1162
384,wallup,WALLUP_S5_P0000_R1,2023,1,169.0,226.97,Wheat,NA,NA,4557.0,NA,NA,1640.52,1244.55
385,wallup,WALLUP_S5_P0000_R1,2024,2,204.5,158.0222,Lentil,NA,NA,1991.42,NA,NA,1531.40198,1168.8797800000002
386,wallup,WALLUP_S3_P3412_R3,2023,1,169.0,403.47,Wheat,NA,NA,5028.0,NA,NA,1810.08,1237.61
387,wallup,WALLUP_S3_P3412_R3,2024,2,193.5,212.13400000000001,Wheat,NA,NA,2314.35,NA,NA,833.1659999999999,427.5319999999999
388,wallup,WALLUP_S3_P3412_R1,2023,1,169.0,403.46999999999997,Wheat,NA,NA,5092.0,NA,NA,1833.12,1260.6499999999999
389,wallup,WALLUP_S3_P3412_R1,2024,2,182.5,212.13400000000001,Wheat,NA,NA,2409.3,NA,NA,867.3480000000001,472.71400000000006
390,wallup,WALLUP_S4_P2312_R2,2023,1,180.0,403.47,Wheat,NA,NA,4927.0,NA,NA,1773.72,1190.25
391,wallup,WALLUP_S4_P2312_R2,2024,2,202.0,247.134,Wheat,NA,NA,1686.05,NA,NA,606.978,157.84399999999997
392,wallup,WALLUP_S3_P4123_R3,2023,1,169.0,403.47,Wheat,NA,NA,5140.0,NA,NA,1850.4,1277.93
393,wallup,WALLUP_S3_P4123_R3,2024,2,193.5,163.3115,Vetch,NA,NA,0.0,NA,NA,0.0,-356.8115
394,wallup,WALLUP_S2_P2341_R3,2023,1,158.0,546.8,Canola,NA,NA,2628.0,NA,NA,1813.32,1108.52
395,wallup,WALLUP_S2_P2341_R3,2024,2,180.0,240.175,Wheat,NA,NA,1595.35,NA,NA,574.3259999999999,154.1509999999999
396,wallup,WALLUP_S2_P3412_R1,2023,1,180.0,403.47,Wheat,NA,NA,4704.0,NA,NA,1693.4399999999998,1109.9699999999998
397,wallup,WALLUP_S2_P3412_R1,2024,2,191.0,253.13400000000001,Wheat,NA,NA,2144.95,NA,NA,772.1819999999999,328.0479999999999
398,wallup,WALLUP_S6_P0000_R3,2023,1,158.0,244.22,Wheat,NA,NA,4665.0,NA,NA,1679.4,1277.18
399,wallup,WALLUP_S6_P0000_R3,2024,2,204.5,158.0222,Lentil,NA,NA,1187.02,NA,NA,912.81838,550.29618
400,wallup,WALLUP_S2_P1234_R2,2023,1,182.5,231.2472,Lentil,NA,NA,3120.0,NA,NA,2399.28,1985.5328000000002
401,wallup,WALLUP_S2_P1234_R2,2024,2,202.0,298.741,Canola,NA,NA,128.14,NA,NA,88.41659999999999,-412.32439999999997
402,wallup,WALLUP_S3_P1234_R3,2023,1,171.5,229.89719999999997,Vetch,NA,NA,0.0,NA,NA,0.0,-401.3972
403,wallup,WALLUP_S3_P1234_R3,2024,2,193.5,274.741,Canola,NA,NA,1366.87,NA,NA,943.1402999999998,474.8992999999998
404,wallup,WALLUP_S3_P3412_R2,2023,1,169.0,403.46999999999997,Wheat,NA,NA,4094.0,NA,NA,1473.84,901.3699999999999
405,wallup,WALLUP_S3_P3412_R2,2024,2,182.5,212.134,Wheat,NA,NA,1607.59,NA,NA,578.7324,184.0984
406,wallup,WALLUP_S2_P1234_R3,2023,1,182.5,231.2472,Lentil,NA,NA,2149.0,NA,NA,1652.581,1238.8337999999999
407,wallup,WALLUP_S2_P1234_R3,2024,2,202.0,298.741,Canola,NA,NA,161.37,NA,NA,111.3453,-389.3957
408,wallup,WALLUP_S2_P4123_R3,2023,1,169.0,403.47,Wheat,NA,NA,4999.0,NA,NA,1799.64,1227.17
409,wallup,WALLUP_S2_P4123_R3,2024,2,204.5,158.0222,Lentil,NA,NA,1457.05,NA,NA,1120.47145,757.94925
410,wallup,WALLUP_S2_P4123_R1,2023,1,169.0,403.47,Wheat,NA,NA,4603.0,NA,NA,1657.08,1084.61
411,wallup,WALLUP_S2_P4123_R1,2024,2,204.5,158.0222,Lentil,NA,NA,1051.16,NA,NA,808.3420400000001,445.8198400000001
412,wallup,WALLUP_S1_P2312_R3,2023,1,169.0,215.97,Wheat,NA,NA,4924.0,NA,NA,1772.64,1387.67
413,wallup,WALLUP_S1_P2312_R3,2024,2,202.0,328.134,Wheat,NA,NA,2534.41,NA,NA,912.3876,382.2536
414,wallup,WALLUP_S1_P1231_R1,2023,1,171.5,231.2472,Lentil,NA,NA,2427.0,NA,NA,1866.363,1463.6158
415,wallup,WALLUP_S1_P1231_R1,2024,2,180.0,232.175,Wheat,NA,NA,1806.28,NA,NA,650.2608,238.0858
416,wallup,WALLUP_S4_P2312_R1,2023,1,169.0,403.47,Wheat,NA,NA,4905.0,NA,NA,1765.8,1193.33
417,wallup,WALLUP_S4_P2312_R1,2024,2,191.0,247.134,Wheat,NA,NA,2122.38,NA,NA,764.0568000000001,325.92280000000005
418,wallup,WALLUP_S1_P2312_R1,2023,1,158.0,215.97,Wheat,NA,NA,4327.0,NA,NA,1557.72,1183.75
419,wallup,WALLUP_S1_P2312_R1,2024,2,202.0,328.134,Wheat,NA,NA,2344.19,NA,NA,843.9084,313.7744
420,wallup,WALLUP_S1_P3123_R1,2023,1,169.0,215.97,Wheat,NA,NA,4259.0,NA,NA,1533.24,1148.27
421,wallup,WALLUP_S1_P3123_R1,2024,2,193.5,158.0222,Lentil,NA,NA,796.06,NA,NA,612.17014,260.64793999999995
422,wallup,WALLUP_S4_P2312_R3,2023,1,180.0,403.47,Wheat,NA,NA,4744.0,NA,NA,1707.84,1124.37
423,wallup,WALLUP_S4_P2312_R3,2024,2,191.0,247.13400000000001,Wheat,NA,NA,2211.68,NA,NA,796.2047999999999,358.07079999999985
424,wallup,WALLUP_S1_P1231_R2,2023,1,171.5,231.2472,Lentil,NA,NA,3036.0,NA,NA,2334.684,1931.9368000000002
425,wallup,WALLUP_S1_P1231_R2,2024,2,180.0,232.175,Wheat,NA,NA,1027.91,NA,NA,370.0476,-42.12740000000002
426,wallup,WALLUP_S6_P0000_R1,2023,1,169.0,271.47,Wheat,NA,NA,4826.0,NA,NA,1737.36,1296.8899999999999
427,wallup,WALLUP_S6_P0000_R1,2024,2,204.5,158.0222,Lentil,NA,NA,1250.85,NA,NA,961.90365,599.38145
428,wallup,WALLUP_S2_P2341_R1,2023,1,147.0,546.8,Canola,NA,NA,2607.0,NA,NA,1798.83,1105.03
429,wallup,WALLUP_S2_P2341_R1,2024,2,180.0,240.175,Wheat,NA,NA,1544.37,NA,NA,555.9731999999999,135.7981999999999
430,wallup,WALLUP_S3_P1234_R1,2023,1,171.5,229.8972,Vetch,NA,NA,0.0,NA,NA,0.0,-401.3972
431,wallup,WALLUP_S3_P1234_R1,2024,2,193.5,274.741,Canola,NA,NA,1372.77,NA,NA,947.2113,478.97030000000007
432,wallup,WALLUP_S6_P0000_R2,2023,1,169.0,271.47,Wheat,NA,NA,4947.0,NA,NA,1780.9199999999998,1340.4499999999998
433,wallup,WALLUP_S6_P0000_R2,2024,2,193.5,158.0222,Lentil,NA,NA,776.74,NA,NA,597.3130600000001,245.79086000000007
434,wallup,WALLUP_S1_P3123_R2,2023,1,169.0,215.97,Wheat,NA,NA,4690.0,NA,NA,1688.4,1303.43
435,wallup,WALLUP_S1_P3123_R2,2024,2,193.5,158.02219999999997,Lentil,NA,NA,1006.17,NA,NA,773.74473,422.22253
436,wallup,WALLUP_S4_P1231_R2,2023,1,227.85,258.7472,Lentil,fababean,NA,2694.0,0.0,NA,2071.686,1585.0888000000002
437,wallup,WALLUP_S4_P1231_R2,2024,2,180.0,233.675,Wheat,NA,NA,1483.72,NA,NA,534.1392,120.46419999999995
438,wallup,WALLUP_S4_P1231_R3,2023,1,244.39999999999998,203.7472,Lentil,fababean,NA,2916.0,0.0,NA,2242.404,1794.2567999999999
439,wallup,WALLUP_S4_P1231_R3,2024,2,180.0,233.675,Wheat,NA,NA,2453.73,NA,NA,883.3428,469.6678
440,wallup,WALLUP_S5_P0000_R3,2023,1,169.0,226.97,Wheat,NA,NA,4019.0,NA,NA,1446.84,1050.87
441,wallup,WALLUP_S5_P0000_R3,2024,2,204.5,158.02219999999997,Lentil,NA,NA,901.76,NA,NA,693.45344,330.93124
442,wallup,WALLUP_S5_P0000_R2,2023,1,158.0,226.97,Wheat,NA,NA,4675.0,NA,NA,1683.0,1298.03
443,wallup,WALLUP_S5_P0000_R2,2024,2,193.5,158.0222,Lentil,NA,NA,1216.46,NA,NA,935.45774,583.93554
444,wallup,WALLUP_S2_P4123_R2,2023,1,158.0,403.46999999999997,Wheat,NA,NA,5203.0,NA,NA,1873.08,1311.61
445,wallup,WALLUP_S2_P4123_R2,2024,2,193.5,158.0222,Lentil,NA,NA,1240.31,NA,NA,953.79839,602.27619
446,wallup,WALLUP_S3_P2341_R2,2023,1,147.0,546.8,Canola,NA,NA,2461.0,NA,NA,1698.09,1004.29
447,wallup,WALLUP_S3_P2341_R2,2024,2,191.0,196.675,Wheat,NA,NA,1431.13,NA,NA,515.2068,127.53180000000003
448,wallup,WALLUP_S2_P2341_R2,2023,1,158.0,546.8,Canola,NA,NA,2187.0,NA,NA,1509.03,804.23
449,wallup,WALLUP_S2_P2341_R2,2024,2,180.0,240.175,Wheat,NA,NA,1153.85,NA,NA,415.386,-4.788999999999987
450,wallup,WALLUP_S2_P1234_R1,2023,1,160.5,231.2472,Lentil,NA,NA,2670.0,NA,NA,2053.23,1661.4828
451,wallup,WALLUP_S2_P1234_R1,2024,2,202.0,298.741,Canola,NA,NA,339.53,NA,NA,234.2757,-266.46529999999996
452,wallup,WALLUP_S3_P4123_R1,2023,1,169.0,403.46999999999997,Wheat,NA,NA,4622.0,NA,NA,1663.9199999999998,1091.4499999999998
453,wallup,WALLUP_S3_P4123_R1,2024,2,193.5,163.3115,Vetch,NA,NA,0.0,NA,NA,0.0,-356.8115
454,wallup,WALLUP_S3_P2341_R3,2023,1,158.0,546.8,Canola,NA,NA,2626.0,NA,NA,1811.94,1107.14
455,wallup,WALLUP_S3_P2341_R3,2024,2,191.0,196.675,Wheat,NA,NA,1371.62,NA,NA,493.7832,106.10820000000001
456,wallup,WALLUP_S3_P4123_R2,2023,1,169.0,403.47,Wheat,NA,NA,4782.0,NA,NA,1721.52,1149.05
457,wallup,WALLUP_S3_P4123_R2,2024,2,193.5,163.3115,Vetch,NA,NA,0.0,NA,NA,0.0,-356.8115
458,wallup,WALLUP_S1_P3123_R3,2023,1,169.0,215.97,Wheat,NA,NA,4660.0,NA,NA,1677.6,1292.6299999999999
459,wallup,WALLUP_S1_P3123_R3,2024,2,193.5,158.0222,Lentil,NA,NA,1034.65,NA,NA,795.6458500000001,444.1236500000001
460,wallup,WALLUP_S1_P2312_R2,2023,1,180.0,215.97,Wheat,NA,NA,4239.0,NA,NA,1526.04,1130.07
461,wallup,WALLUP_S1_P2312_R2,2024,2,191.0,328.134,Wheat,NA,NA,1879.07,NA,NA,676.4652,157.33119999999997
462,appila,APPILA_S4_P2312_R1,2023,1,158.0,206.0,Wheat,NA,NA,590.0,NA,NA,212.4,-151.6
463,appila,APPILA_S4_P2312_R1,2024,2,141.0,191.89999999999998,Wheat,NA,NA,860.0,NA,NA,309.6,-23.299999999999955
464,appila,APPILA_S4_P2312_R1,2025,3,213.675,172.64999999999998,Oats,Vetch,NA,907.0,NA,NA,228.564,-157.761
465,appila,APPILA_S3_P3412_R3,2023,1,158.0,206.0,Wheat,NA,NA,660.0,NA,NA,237.6,-126.4
466,appila,APPILA_S3_P3412_R3,2024,2,141.0,191.89999999999998,Wheat,NA,NA,100.0,NA,NA,36.0,-296.9
467,appila,APPILA_S3_P3412_R3,2025,3,202.0,175.926,Lentil,NA,NA,733.33,NA,NA,563.93077,186.00477000000006
468,appila,APPILA_S4_P1231_R3,2023,1,156.5,116.3,Vetch ,Oat,NA,280.0,0.0,NA,0.0,-272.8
469,appila,APPILA_S4_P1231_R3,2024,2,141.0,191.9,Wheat,NA,NA,260.0,NA,NA,93.6,-239.3
470,appila,APPILA_S4_P1231_R3,2025,3,199.5,250.21999999999997,Wheat,NA,NA,1900.0,NA,NA,684.0,234.28000000000003
471,appila,APPILA_S6_P0000_R3,2023,1,158.0,240.0,Canola,NA,NA,60.0,NA,NA,41.4,-356.6
472,appila,APPILA_S6_P0000_R3,2024,2,141.0,191.89999999999998,Wheat,NA,NA,0.0,NA,NA,0.0,-332.9
473,appila,APPILA_S6_P0000_R3,2025,3,171.5,108.39999999999999,Lentil,NA,NA,0.0,NA,NA,0.0,-279.9
474,appila,APPILA_S4_P3123_R2,2023,1,158.0,206.0,Wheat,NA,NA,580.0,NA,NA,208.8,-155.2
475,appila,APPILA_S4_P3123_R2,2024,2,141.0,128.1,Oats,Vetch,NA,0.0,NA,NA,0.0,-269.1
476,appila,APPILA_S4_P3123_R2,2025,3,199.5,250.22,Wheat,NA,NA,2620.0,NA,NA,943.2,493.48
477,appila,APPILA_S2_P2121_R1,2023,1,158.0,206.0,Wheat,NA,NA,640.0,NA,NA,230.4,-133.6
478,appila,APPILA_S2_P2121_R1,2024,2,141.0,157.39999999999998,Lentil,NA,NA,0.0,NA,NA,0.0,-298.4
479,appila,APPILA_S2_P2121_R1,2025,3,180.0,108.94999999999999,Wheat,NA,NA,1880.0,NA,NA,676.8,387.84999999999997
480,appila,APPILA_S3_P4123_R2,2023,1,158.0,206.0,Wheat,NA,NA,630.0,NA,NA,226.8,-137.2
481,appila,APPILA_S3_P4123_R2,2024,2,141.0,157.4,Lentil,NA,NA,0.0,NA,NA,0.0,-298.4
482,appila,APPILA_S3_P4123_R2,2025,3,182.5,166.076,Canola,NA,NA,0.0,NA,NA,0.0,-348.576
483,appila,APPILA_S1_P3123_R1,2023,1,158.0,183.5,Barley,NA,NA,260.0,NA,NA,80.91199999999999,-260.588
484,appila,APPILA_S1_P3123_R1,2024,2,141.0,157.4,Vetch,NA,NA,0.0,NA,NA,0.0,-298.4
485,appila,APPILA_S1_P3123_R1,2025,3,191.0,237.11999999999998,Wheat,NA,NA,0.0,NA,NA,0.0,-428.12
486,appila,APPILA_S3_P3412_R1,2023,1,158.0,206.0,Wheat,NA,NA,550.0,NA,NA,198.0,-166.0
487,appila,APPILA_S3_P3412_R1,2024,2,141.0,191.89999999999998,Wheat,NA,NA,390.0,NA,NA,140.4,-192.49999999999997
488,appila,APPILA_S3_P3412_R1,2025,3,202.0,175.926,Lentil,NA,NA,0.0,NA,NA,0.0,-377.926
489,appila,APPILA_S4_P2312_R2,2023,1,158.0,206.0,Wheat,NA,NA,590.0,NA,NA,212.4,-151.6
490,appila,APPILA_S4_P2312_R2,2024,2,141.0,191.89999999999998,Wheat,NA,NA,370.0,NA,NA,133.2,-199.7
491,appila,APPILA_S4_P2312_R2,2025,3,215.75,172.64999999999998,Oats,Vetch,NA,990.0,NA,NA,249.48,-138.92
492,appila,APPILA_S1_P3123_R3,2023,1,158.0,183.5,Barley,NA,NA,440.0,NA,NA,136.928,-204.572
493,appila,APPILA_S1_P3123_R3,2024,2,141.0,157.39999999999998,Vetch,NA,NA,0.0,NA,NA,0.0,-298.4
494,appila,APPILA_S1_P3123_R3,2025,3,191.0,237.11999999999998,Wheat,NA,NA,2066.67,NA,NA,744.0012,315.88120000000004
495,appila,APPILA_S1_P1231_R1,2023,1,149.5,125.6,Vetch ,NA,NA,0.0,NA,NA,0.0,-275.1
496,appila,APPILA_S1_P1231_R1,2024,2,141.0,191.9,Wheat,NA,NA,0.0,NA,NA,0.0,-332.9
497,appila,APPILA_S1_P1231_R1,2025,3,191.0,237.11999999999998,Barley,NA,NA,2593.33,NA,NA,807.0442959999999,378.9242959999999
498,appila,APPILA_S6_P0000_R2,2023,1,158.0,239.99999999999997,Canola,NA,NA,100.0,NA,NA,69.0,-329.0
499,appila,APPILA_S6_P0000_R2,2024,2,141.0,191.9,Wheat,NA,NA,200.0,NA,NA,72.0,-260.9
500,appila,APPILA_S6_P0000_R2,2025,3,171.5,108.39999999999999,Lentil,NA,NA,533.33,NA,NA,410.13077,130.23077
501,appila,APPILA_S6_P0000_R1,2023,1,158.0,240.0,Canola,NA,NA,110.0,NA,NA,75.89999999999999,-322.1
502,appila,APPILA_S6_P0000_R1,2024,2,141.0,191.89999999999998,Wheat,NA,NA,720.0,NA,NA,259.2,-73.69999999999999
503,appila,APPILA_S6_P0000_R1,2025,3,171.5,108.39999999999999,Lentil,NA,NA,0.0,NA,NA,0.0,-279.9
504,appila,APPILA_S1_P2312_R1,2023,1,158.0,183.5,Wheat,NA,NA,460.0,NA,NA,165.6,-175.9
505,appila,APPILA_S1_P2312_R1,2024,2,141.0,191.9,Barley,NA,NA,0.0,NA,NA,0.0,-332.9
506,appila,APPILA_S1_P2312_R1,2025,3,182.5,154.2,Vetch,NA,NA,0.0,NA,NA,0.0,-336.7
507,appila,APPILA_S3_P2341_R1,2023,1,158.0,196.5,Canola,NA,NA,0.0,NA,NA,0.0,-354.5
508,appila,APPILA_S3_P2341_R1,2024,2,141.0,191.89999999999998,Wheat,NA,NA,800.0,NA,NA,288.0,-44.89999999999998
509,appila,APPILA_S3_P2341_R1,2025,3,199.5,271.96999999999997,Wheat,NA,NA,1880.0,NA,NA,676.8,205.32999999999998
510,appila,APPILA_S3_P1234_R2,2023,1,149.5,125.6,Lentil,NA,NA,40.0,NA,NA,30.76,-244.33999999999997
511,appila,APPILA_S3_P1234_R2,2024,2,141.0,161.15,Canola,NA,NA,0.0,NA,NA,0.0,-302.15
512,appila,APPILA_S3_P1234_R2,2025,3,199.5,271.96999999999997,Wheat,NA,NA,2520.0,NA,NA,907.2,435.7300000000001
513,appila,APPILA_S1_P1231_R2,2023,1,149.5,125.6,Vetch ,NA,NA,0.0,NA,NA,0.0,-275.1
514,appila,APPILA_S1_P1231_R2,2024,2,141.0,191.89999999999998,Wheat,NA,NA,320.0,NA,NA,115.2,-217.7
515,appila,APPILA_S1_P1231_R2,2025,3,191.0,237.11999999999998,Barley,NA,NA,2186.67,NA,NA,680.491704,252.37170400000005
516,appila,APPILA_S3_P2341_R2,2023,1,158.0,196.5,Canola,NA,NA,100.0,NA,NA,69.0,-285.5
517,appila,APPILA_S3_P2341_R2,2024,2,141.0,191.89999999999998,Wheat,NA,NA,240.0,NA,NA,86.39999999999999,-246.5
518,appila,APPILA_S3_P2341_R2,2025,3,199.5,271.97,Wheat,NA,NA,1733.33,NA,NA,623.9988,152.52879999999993
519,appila,APPILA_S2_P1212_R3,2023,1,149.5,125.6,Lentil,NA,NA,0.0,NA,NA,0.0,-275.1
520,appila,APPILA_S2_P1212_R3,2024,2,141.0,191.89999999999998,Wheat,NA,NA,280.0,NA,NA,100.8,-232.09999999999997
521,appila,APPILA_S2_P1212_R3,2025,3,202.0,197.726,Lentil,NA,NA,453.33,NA,NA,348.61077,-51.11523
522,appila,APPILA_S4_P2312_R3,2023,1,158.0,206.0,Wheat,NA,NA,580.0,NA,NA,208.8,-155.2
523,appila,APPILA_S4_P2312_R3,2024,2,141.0,191.89999999999998,Wheat,NA,NA,0.0,NA,NA,0.0,-332.9
524,appila,APPILA_S4_P2312_R3,2025,3,217.83499999999998,172.64999999999998,Oats,Vetch,NA,1073.4,NA,NA,270.4968,-119.98819999999995
525,appila,APPILA_S1_P1231_R3,2023,1,149.5,125.6,Vetch ,NA,NA,0.0,NA,NA,0.0,-275.1
526,appila,APPILA_S1_P1231_R3,2024,2,141.0,191.89999999999998,Wheat,NA,NA,190.0,NA,NA,68.39999999999999,-264.5
527,appila,APPILA_S1_P1231_R3,2025,3,191.0,237.12,Barley,NA,NA,1560.0,NA,NA,485.472,57.351999999999975
528,appila,APPILA_S4_P3123_R3,2023,1,158.0,206.0,Wheat,NA,NA,820.0,NA,NA,295.2,-68.80000000000001
529,appila,APPILA_S4_P3123_R3,2024,2,161.7,128.1,Oats,Vetch,NA,828.0,NA,NA,208.656,-81.14399999999998
530,appila,APPILA_S4_P3123_R3,2025,3,199.5,250.21999999999997,Wheat,NA,NA,2353.33,NA,NA,847.1987999999999,397.4787999999999
531,appila,APPILA_S3_P2341_R3,2023,1,158.0,196.5,Canola,NA,NA,100.0,NA,NA,69.0,-285.5
532,appila,APPILA_S3_P2341_R3,2024,2,141.0,191.9,Wheat,NA,NA,220.0,NA,NA,79.2,-253.7
533,appila,APPILA_S3_P2341_R3,2025,3,199.5,271.96999999999997,Wheat,NA,NA,2166.67,NA,NA,780.0012,308.53120000000007
534,appila,APPILA_S5_P0000_R2,2023,1,149.5,158.49999999999997,Wheat,NA,NA,580.0,NA,NA,208.8,-99.19999999999996
535,appila,APPILA_S5_P0000_R2,2024,2,141.0,191.89999999999998,Barley,NA,NA,0.0,NA,NA,0.0,-332.9
536,appila,APPILA_S5_P0000_R2,2025,3,171.5,108.39999999999999,Lentil,NA,NA,0.0,NA,NA,0.0,-279.9
537,appila,APPILA_S3_P4123_R1,2023,1,158.0,206.0,Wheat,NA,NA,550.0,NA,NA,198.0,-166.0
538,appila,APPILA_S3_P4123_R1,2024,2,141.0,157.4,Lentil,NA,NA,0.0,NA,NA,0.0,-298.4
539,appila,APPILA_S3_P4123_R1,2025,3,182.5,166.076,Canola,NA,NA,0.0,NA,NA,0.0,-348.576
540,appila,APPILA_S3_P1234_R1,2023,1,149.5,125.6,Lentil,NA,NA,50.0,NA,NA,38.45,-236.64999999999998
541,appila,APPILA_S3_P1234_R1,2024,2,141.0,161.14999999999998,Canola,NA,NA,0.0,NA,NA,0.0,-302.15
542,appila,APPILA_S3_P1234_R1,2025,3,199.5,271.96999999999997,Wheat,NA,NA,1473.33,NA,NA,530.3987999999999,58.92879999999997
543,appila,APPILA_S1_P2312_R3,2023,1,158.0,183.5,Wheat,NA,NA,680.0,NA,NA,244.8,-96.69999999999999
544,appila,APPILA_S1_P2312_R3,2024,2,141.0,191.89999999999998,Barley,NA,NA,0.0,NA,NA,0.0,-332.9
545,appila,APPILA_S1_P2312_R3,2025,3,182.5,154.2,Vetch,NA,NA,0.0,NA,NA,0.0,-336.7
546,appila,APPILA_S4_P1231_R1,2023,1,151.25,116.3,Vetch ,Oat,NA,70.0,0.0,NA,0.0,-267.55
547,appila,APPILA_S4_P1231_R1,2024,2,141.0,191.9,Wheat,NA,NA,510.0,NA,NA,183.6,-149.3
548,appila,APPILA_S4_P1231_R1,2025,3,199.5,250.21999999999997,Wheat,NA,NA,1706.67,NA,NA,614.4012,164.68120000000005
549,appila,APPILA_S2_P1212_R2,2023,1,149.5,125.6,Lentil,NA,NA,390.0,NA,NA,299.91,24.81000000000003
550,appila,APPILA_S2_P1212_R2,2024,2,141.0,191.89999999999998,Wheat,NA,NA,160.0,NA,NA,57.6,-275.29999999999995
551,appila,APPILA_S2_P1212_R2,2025,3,202.0,197.726,Lentil,NA,NA,713.33,NA,NA,548.55077,148.82477000000006
552,appila,APPILA_S5_P0000_R1,2023,1,149.5,158.49999999999997,Wheat,NA,NA,510.0,NA,NA,183.6,-124.39999999999998
553,appila,APPILA_S5_P0000_R1,2024,2,141.0,191.89999999999998,Barley,NA,NA,230.0,NA,NA,71.576,-261.32399999999996
554,appila,APPILA_S5_P0000_R1,2025,3,171.5,108.39999999999999,Lentil,NA,NA,0.0,NA,NA,0.0,-279.9
555,appila,APPILA_S1_P3123_R2,2023,1,158.0,183.49999999999997,Barley,NA,NA,220.0,NA,NA,68.464,-273.03599999999994
556,appila,APPILA_S1_P3123_R2,2024,2,141.0,157.4,Vetch,NA,NA,0.0,NA,NA,0.0,-298.4
557,appila,APPILA_S1_P3123_R2,2025,3,191.0,237.12,Wheat,NA,NA,2226.67,NA,NA,801.6012,373.48119999999994
558,appila,APPILA_S2_P2121_R2,2023,1,158.0,206.0,Wheat,NA,NA,650.0,NA,NA,234.0,-130.0
559,appila,APPILA_S2_P2121_R2,2024,2,141.0,157.4,Lentil,NA,NA,410.0,NA,NA,315.29,16.890000000000015
560,appila,APPILA_S2_P2121_R2,2025,3,180.0,108.94999999999999,Wheat,NA,NA,2373.33,NA,NA,854.3987999999999,565.4487999999999
561,appila,APPILA_S3_P4123_R3,2023,1,158.0,205.99999999999997,Wheat,NA,NA,610.0,NA,NA,219.6,-144.39999999999998
562,appila,APPILA_S3_P4123_R3,2024,2,141.0,157.39999999999998,Lentil,NA,NA,0.0,NA,NA,0.0,-298.4
563,appila,APPILA_S3_P4123_R3,2025,3,182.5,166.076,Canola,NA,NA,0.0,NA,NA,0.0,-348.576
564,appila,APPILA_S4_P3123_R1,2023,1,158.0,206.0,Wheat,NA,NA,0.0,NA,NA,0.0,-364.0
565,appila,APPILA_S4_P3123_R1,2024,2,171.6,128.1,Oats,Vetch,NA,1224.0,NA,NA,308.448,8.74799999999999
566,appila,APPILA_S4_P3123_R1,2025,3,199.5,250.21999999999997,Wheat,NA,NA,1186.67,NA,NA,427.2012,-22.5188
567,appila,APPILA_S3_P1234_R3,2023,1,149.5,125.6,Lentil,NA,NA,20.0,NA,NA,15.38,-259.72
568,appila,APPILA_S3_P1234_R3,2024,2,141.0,161.15,Canola,NA,NA,0.0,NA,NA,0.0,-302.15
569,appila,APPILA_S3_P1234_R3,2025,3,199.5,271.96999999999997,Wheat,NA,NA,1633.33,NA,NA,587.9988,116.52879999999999
570,appila,APPILA_S5_P0000_R3,2023,1,149.5,158.49999999999997,Wheat,NA,NA,550.0,NA,NA,198.0,-109.99999999999997
571,appila,APPILA_S5_P0000_R3,2024,2,141.0,191.9,Barley,NA,NA,0.0,NA,NA,0.0,-332.9
572,appila,APPILA_S5_P0000_R3,2025,3,171.5,108.39999999999999,Lentil,NA,NA,0.0,NA,NA,0.0,-279.9
573,appila,APPILA_S3_P3412_R2,2023,1,158.0,206.0,Wheat,NA,NA,730.0,NA,NA,262.8,-101.19999999999999
574,appila,APPILA_S3_P3412_R2,2024,2,141.0,191.89999999999998,Wheat,NA,NA,760.0,NA,NA,273.6,-59.299999999999955
575,appila,APPILA_S3_P3412_R2,2025,3,202.0,175.926,Lentil,NA,NA,1533.33,NA,NA,1179.13077,801.20477
576,appila,APPILA_S2_P1212_R1,2023,1,149.5,125.6,Lentil,NA,NA,10.0,NA,NA,7.69,-267.40999999999997
577,appila,APPILA_S2_P1212_R1,2024,2,141.0,191.9,Wheat,NA,NA,920.0,NA,NA,331.2,-1.700000000000017
578,appila,APPILA_S2_P1212_R1,2025,3,202.0,197.726,Lentil,NA,NA,0.0,NA,NA,0.0,-399.726
579,appila,APPILA_S1_P2312_R2,2023,1,158.0,183.5,Wheat,NA,NA,550.0,NA,NA,198.0,-143.5
580,appila,APPILA_S1_P2312_R2,2024,2,141.0,191.9,Barley,NA,NA,0.0,NA,NA,0.0,-332.9
581,appila,APPILA_S1_P2312_R2,2025,3,182.5,154.2,Vetch,NA,NA,0.0,NA,NA,0.0,-336.7
582,appila,APPILA_S2_P2121_R3,2023,1,158.0,206.0,Wheat,NA,NA,0.0,NA,NA,0.0,-364.0
583,appila,APPILA_S2_P2121_R3,2024,2,141.0,157.4,Lentil,NA,NA,0.0,NA,NA,0.0,-298.4
584,appila,APPILA_S2_P2121_R3,2025,3,180.0,108.94999999999999,Wheat,NA,NA,1540.0,NA,NA,554.4,265.45
585,appila,APPILA_S4_P1231_R2,2023,1,154.75,116.3,Vetch ,Oat,NA,210.0,0.0,NA,0.0,-271.05
586,appila,APPILA_S4_P1231_R2,2024,2,141.0,191.89999999999998,Wheat,NA,NA,420.0,NA,NA,151.2,-181.7
587,appila,APPILA_S4_P1231_R2,2025,3,199.5,250.21999999999997,Wheat,NA,NA,1986.67,NA,NA,715.2012,265.4812
588,hart,HART_S4.3_P2341_R3,2023,1,202.0,259.75835,wheat,NA,NA,3352.0,NA,NA,1206.72,744.96165
589,hart,HART_S4.3_P2341_R3,2024,2,210.5,274.07172099999997,Canola,NA,NA,62.39,0.0,NA,43.0491,-441.52262099999996
590,hart,HART_S4.3_P2341_R3,2025,3,193.5,209.55079999999998,Barley,NA,NA,2855.68,NA,NA,888.6876159999999,485.63681599999995
591,hart,HART_S7_P4123_R2,2023,1,202.0,235.75835,barley,NA,NA,3234.0,NA,NA,1006.4208,568.66245
592,hart,HART_S7_P4123_R2,2024,2,193.5,242.32440000000003,Lentil,NA,NA,776.09,0.0,NA,596.81321,160.98881
593,hart,HART_S7_P4123_R2,2025,3,193.5,200.4358,Field pea,NA,NA,1197.54,NA,NA,548.4733200000001,154.53752000000006
594,hart,HART_S9_P1234_R3,2023,1,204.5,256.33619999999996,vetch,NA,NA,0.0,NA,NA,0.0,-460.83619999999996
595,hart,HART_S9_P1234_R3,2024,2,210.5,235.51600000000002,Canola,NA,NA,336.52,0.0,NA,232.1988,-213.8172
596,hart,HART_S9_P1234_R3,2025,3,193.5,240.7484,Wheat,NA,NA,2175.03,NA,NA,783.0108,348.7624
597,hart,HART_S4.2_P4123_R1,2023,1,202.0,235.75835,barley,NA,NA,3357.0,NA,NA,1044.6984,606.9400499999999
598,hart,HART_S4.2_P4123_R1,2024,2,193.5,242.32440000000003,Lentil,NA,NA,752.83,0.0,NA,578.92627,143.10187000000002
599,hart,HART_S4.2_P4123_R1,2025,3,202.0,287.31013913043483,Wheat,NA,NA,2507.68,NA,NA,902.7648,413.4546608695652
600,hart,HART_S6_P2341_R2,2023,1,213.0,236.50180000000003,canola,NA,NA,634.0,NA,NA,437.46,-12.041800000000052
601,hart,HART_S6_P2341_R2,2024,2,202.0,189.60315159,Wheat,NA,NA,509.13,0.0,NA,183.2868,-208.31635159
602,hart,HART_S6_P2341_R2,2025,3,193.5,209.55079999999998,Barley,NA,NA,2482.09,NA,NA,772.426408,369.37560800000006
603,hart,HART_S2.3_P0000_R3,2023,1,202.0,285.75834999999995,wheat,NA,NA,3706.0,NA,NA,1334.16,846.4016500000001
604,hart,HART_S2.3_P0000_R3,2024,2,202.0,182.76499213000002,Barley,NA,NA,1208.7,0.0,NA,376.14744,-8.617552130000007
605,hart,HART_S2.3_P0000_R3,2025,3,204.5,365.54830000000004,Lentil,NA,NA,972.36,NA,NA,747.7448400000001,177.69654000000003
606,hart,HART_S9_P4123_R2,2023,1,202.0,235.75835,barley,NA,NA,3792.0,NA,NA,1180.0703999999998,742.3120499999998
607,hart,HART_S9_P4123_R2,2024,2,182.5,139.03,Vetch,NA,NA,0.0,0.0,NA,0.0,-321.53
608,hart,HART_S9_P4123_R2,2025,3,215.5,226.26579999999998,Canola,NA,NA,0.0,NA,NA,0.0,-441.7658
609,hart,HART_S9_P3412_R2,2023,1,202.0,246.75835,wheat,NA,NA,2446.0,NA,NA,880.56,431.80164999999994
610,hart,HART_S9_P3412_R2,2024,2,202.0,220.68351425,Barley,NA,NA,1358.91,0.0,NA,422.892792,0.20927774999998405
611,hart,HART_S9_P3412_R2,2025,3,215.5,226.94779999999997,Vetch,NA,NA,0.0,NA,NA,0.0,-442.4478
612,hart,HART_S4.3_P1234_R2,2023,1,204.5,242.91930000000002,lentil,NA,NA,1771.0,NA,NA,1361.899,914.4796999999999
613,hart,HART_S4.3_P1234_R2,2024,2,202.0,255.72250499999998,Wheat,NA,NA,1785.87,0.0,NA,642.9132,185.19069499999998
614,hart,HART_S4.3_P1234_R2,2025,3,215.5,226.2658,Canola,NA,NA,0.0,NA,NA,0.0,-441.7658
615,hart,HART_S1.1_P1231_R3,2023,1,204.5,242.91930000000002,lentil,NA,NA,1562.0,NA,NA,1201.178,753.7587000000001
616,hart,HART_S1.1_P1231_R3,2024,2,202.0,223.052,Wheat,NA,NA,1487.39,0.0,NA,535.4604,110.40840000000006
617,hart,HART_S1.1_P1231_R3,2025,3,202.0,259.5508,Barley,NA,NA,2456.5,NA,NA,764.4627999999999,302.9119999999999
618,hart,HART_S1.2_P3123_R2,2023,1,202.0,235.75835,barley,NA,NA,3373.0,NA,NA,1049.6776,611.9192499999999
619,hart,HART_S1.2_P3123_R2,2024,2,193.5,242.32440000000003,Lentil,NA,NA,590.43,0.0,NA,454.04067,18.216269999999952
620,hart,HART_S1.2_P3123_R2,2025,3,202.0,296.07100869565215,Wheat,NA,NA,2328.56,NA,NA,838.2815999999999,340.21059130434776
621,hart,HART_S8_P3412_R2,2023,1,202.0,235.75834999999998,barley,NA,NA,3746.0,NA,NA,1165.7551999999998,727.9968499999999
622,hart,HART_S8_P3412_R2,2024,2,202.0,256.61117314999996,Wheat,NA,NA,1440.43,0.0,NA,518.5548,59.943626850000044
623,hart,HART_S8_P3412_R2,2025,3,204.5,365.5483,Lentil,NA,NA,1018.42,NA,NA,783.16498,213.11668000000003
624,hart,HART_S6_P3412_R1,2023,1,202.0,246.75835,wheat,NA,NA,3593.0,NA,NA,1293.48,844.72165
625,hart,HART_S6_P3412_R1,2024,2,202.0,171.85777473,Barley,NA,NA,870.43,0.0,NA,270.87781599999994,-102.97995873000005
626,hart,HART_S6_P3412_R1,2025,3,204.5,365.5483,Lentil,NA,NA,1243.6,NA,NA,956.3284,386.2801
627,hart,HART_S10.2_P3123_R3,2023,1,202.0,213.25835,barley,NA,NA,4222.0,NA,NA,1313.8864,898.62805
628,hart,HART_S10.2_P3123_R3,2024,2,196.72825,226.42584116999998,Canola,Lentil,NA,36.74,192.39,NA,173.29850999999996,-249.85558117000002
629,hart,HART_S10.2_P3123_R3,2025,3,202.0,299.79926956521746,Wheat,NA,NA,2569.09,NA,NA,924.8724,423.0731304347825
630,hart,HART_S3_P3412_R3,2023,1,204.5,242.9193,lentil,NA,NA,1356.0,NA,NA,1042.764,595.3446999999999
631,hart,HART_S3_P3412_R3,2024,2,202.0,155.85440000000003,Barley,NA,NA,1936.09,0.0,NA,602.5112079999999,244.65680799999987
632,hart,HART_S3_P3412_R3,2025,3,204.5,365.5483,Lentil,NA,NA,885.36,NA,NA,680.84184,110.79354000000006
633,hart,HART_S5_P0000_R5,2023,1,204.5,242.91930000000002,lentil,NA,NA,1644.0,NA,NA,1264.236,816.8167000000001
634,hart,HART_S5_P0000_R5,2024,2,193.5,238.44439999999997,Chickpea,NA,NA,0.0,0.0,NA,0.0,-431.9444
635,hart,HART_S5_P0000_R4,2023,1,204.5,242.91930000000002,lentil,NA,NA,1464.0,NA,NA,1125.816,678.3967
636,hart,HART_S5_P0000_R4,2024,2,193.5,238.44439999999997,Chickpea,NA,NA,0.0,0.0,NA,0.0,-431.9444
637,hart,HART_S4.1_P3412_R3,2023,1,213.0,215.0018,canola,NA,NA,701.0,NA,NA,483.69,55.688199999999995
638,hart,HART_S4.1_P3412_R3,2024,2,202.0,204.75806106500002,Barley,NA,NA,538.04,0.0,NA,167.43804799999998,-239.32001306500004
639,hart,HART_S4.1_P3412_R3,2025,3,204.5,365.5483,Lentil,NA,NA,910.95,NA,NA,700.5205500000001,130.4722500000001
640,hart,HART_S6_P4123_R1,2023,1,202.0,235.75835,barley,NA,NA,4478.0,NA,NA,1393.5536,955.7952499999999
641,hart,HART_S6_P4123_R1,2024,2,193.5,242.32440000000003,Lentil,NA,NA,490.87,0.0,NA,377.47903,-58.34537
642,hart,HART_S6_P4123_R1,2025,3,224.0,240.17406086956527,Canola,NA,NA,0.0,NA,NA,0.0,-464.17406086956527
643,hart,HART_S9_P1234_R2,2023,1,204.5,256.3362,vetch,NA,NA,0.0,NA,NA,0.0,-460.8362
644,hart,HART_S9_P1234_R2,2024,2,210.5,235.51599999999996,Canola,NA,NA,164.13,0.0,NA,113.2497,-332.76629999999994
645,hart,HART_S9_P1234_R2,2025,3,193.5,240.7484,Wheat,NA,NA,1990.79,NA,NA,716.6844,282.436
646,hart,HART_S4.3_P4123_R2,2023,1,202.0,258.75835,barley,NA,NA,3373.0,NA,NA,1049.6776,588.9192499999999
647,hart,HART_S4.3_P4123_R2,2024,2,193.5,242.32440000000003,Lentil,NA,NA,794.35,0.0,NA,610.85515,175.03074999999995
648,hart,HART_S4.3_P4123_R2,2025,3,202.0,312.0972695652174,Wheat,NA,NA,2369.5,NA,NA,853.02,338.9227304347826
649,hart,HART_S10.3_P1231_R3,2023,1,241.0,248.1693,canola,lentil,NA,358.0,1102.0,NA,1094.458,605.2887000000001
650,hart,HART_S10.3_P1231_R3,2024,2,202.0,232.17947586,Wheat,NA,NA,1115.43,0.0,NA,401.5548,-32.624675859999996
651,hart,HART_S10.3_P1231_R3,2025,3,193.5,209.55079999999998,Barley,NA,NA,3111.57,NA,NA,968.320584,565.2697840000001
652,hart,HART_S4.2_P1234_R3,2023,1,204.5,242.91929999999996,lentil,NA,NA,1924.0,NA,NA,1479.556,1032.1367
653,hart,HART_S4.2_P1234_R3,2024,2,202.0,223.82467649999998,Wheat,NA,NA,2005.87,0.0,NA,722.1131999999999,296.2885234999999
654,hart,HART_S4.2_P1234_R3,2025,3,215.5,226.26579999999998,Canola,NA,NA,0.0,NA,NA,0.0,-441.7658
655,hart,HART_S4.1_P4123_R3,2023,1,202.0,209.25835,barley,NA,NA,3460.0,NA,NA,1076.752,665.4936499999999
656,hart,HART_S4.1_P4123_R3,2024,2,193.5,242.32440000000003,Lentil,NA,NA,663.26,0.0,NA,510.04694,74.22253999999998
657,hart,HART_S4.1_P4123_R3,2025,3,202.0,257.81674782608695,Wheat,NA,NA,2226.2,NA,NA,801.4319999999999,341.61525217391295
658,hart,HART_S3_P1234_R1,2023,1,204.5,242.9193,lentil,NA,NA,1515.0,NA,NA,1165.035,717.6157000000001
659,hart,HART_S3_P1234_R1,2024,2,202.0,216.27188242000003,Wheat,NA,NA,1806.52,0.0,NA,650.3471999999999,232.0753175799999
660,hart,HART_S3_P1234_R1,2025,3,204.5,365.5483,Lentil,NA,NA,885.36,NA,NA,680.84184,110.79354000000006
661,hart,HART_S7_P2341_R3,2023,1,204.5,230.3862,field pea,NA,NA,1752.0,NA,NA,802.416,367.5298
662,hart,HART_S7_P2341_R3,2024,2,202.0,229.628198315,Wheat,NA,NA,2078.26,0.0,NA,748.1736000000001,316.5454016850001
663,hart,HART_S7_P2341_R3,2025,3,193.5,209.55079999999998,Barley,NA,NA,2896.62,NA,NA,901.428144,498.377344
664,hart,HART_S6_P1234_R2,2023,1,204.5,242.91930000000002,lentil,NA,NA,1350.0,NA,NA,1038.15,590.7307000000001
665,hart,HART_S6_P1234_R2,2024,2,210.5,235.51599999999996,Canola,NA,NA,4.57,0.0,NA,3.1533,-442.86269999999996
666,hart,HART_S6_P1234_R2,2025,3,202.0,272.3210086956522,Wheat,NA,NA,1878.2,NA,NA,676.152,201.83099130434783
667,hart,HART_S1.2_P1231_R2,2023,1,204.5,242.91929999999996,lentil,NA,NA,1608.0,NA,NA,1236.552,789.1326999999999
668,hart,HART_S1.2_P1231_R2,2024,2,202.0,202.61067411000002,Wheat,NA,NA,2192.83,0.0,NA,789.4187999999999,384.8081258899999
669,hart,HART_S1.2_P1231_R2,2025,3,193.5,209.55079999999998,Barley,NA,NA,2589.56,NA,NA,805.8710719999999,402.82027199999993
670,hart,HART_S1.2_P3123_R3,2023,1,202.0,235.75835,barley,NA,NA,3997.0,NA,NA,1243.8664,806.10805
671,hart,HART_S1.2_P3123_R3,2024,2,193.5,242.32440000000003,Lentil,NA,NA,807.83,0.0,NA,621.22127,185.39686999999998
672,hart,HART_S1.2_P3123_R3,2025,3,202.0,296.07100869565215,Wheat,NA,NA,2574.21,NA,NA,926.7156,428.64459130434784
673,hart,HART_S8_P2341_R1,2023,1,202.0,246.75835,wheat,NA,NA,3255.0,NA,NA,1171.8,723.0416499999999
674,hart,HART_S8_P2341_R1,2024,2,202.0,198.84890383,Barley,NA,NA,1099.57,0.0,NA,342.186184,-58.662719829999986
675,hart,HART_S8_P2341_R1,2025,3,202.0,282.9405739130435,Wheat,NA,NA,2210.85,NA,NA,795.906,310.9654260869564
676,hart,HART_S8_P4123_R2,2023,1,202.0,246.75835,wheat,NA,NA,2723.0,NA,NA,980.28,531.5216499999999
677,hart,HART_S8_P4123_R2,2024,2,193.5,242.32439999999997,Lentil,NA,NA,677.39,0.0,NA,520.91291,85.08851000000004
678,hart,HART_S8_P4123_R2,2025,3,202.0,277.83767536231886,Wheat,NA,NA,2246.67,NA,NA,808.8012,328.96352463768113
679,hart,HART_S4.2_P2341_R2,2023,1,202.0,246.75834999999998,wheat,NA,NA,2369.0,NA,NA,852.8399999999999,404.08164999999997
680,hart,HART_S4.2_P2341_R2,2024,2,210.5,237.424870683,Canola,NA,NA,75.22,0.0,NA,51.9018,-396.023070683
681,hart,HART_S4.2_P2341_R2,2025,3,202.0,239.09123478260875,Barley,NA,NA,2461.62,NA,NA,766.0561439999999,324.96490921739115
682,hart,HART_S7_P3412_R1,2023,1,202.0,246.75835,wheat,NA,NA,3787.0,NA,NA,1363.32,914.5616499999999
683,hart,HART_S7_P3412_R1,2024,2,202.0,214.90329390000002,Barley,NA,NA,244.35,0.0,NA,76.04172,-340.86157390000005
684,hart,HART_S7_P3412_R1,2025,3,204.5,365.5483,Lentil,NA,NA,1069.6,NA,NA,822.5224,252.47409999999996
685,hart,HART_S1.1_P3123_R1,2023,1,202.0,235.75834999999998,barley,NA,NA,3536.0,NA,NA,1100.4032,662.64485
686,hart,HART_S1.1_P3123_R1,2024,2,193.5,242.32440000000003,Lentil,NA,NA,696.52,0.0,NA,535.62388,99.79947999999996
687,hart,HART_S1.1_P3123_R1,2025,3,202.0,280.7484,Wheat,NA,NA,2292.73,NA,NA,825.3828,342.63439999999997
688,hart,HART_S3_P1234_R2,2023,1,204.5,242.91929999999996,lentil,NA,NA,1310.0,NA,NA,1007.39,559.9707000000001
689,hart,HART_S3_P1234_R2,2024,2,202.0,216.27188242000003,Wheat,NA,NA,1700.0,0.0,NA,612.0,193.72811757999997
690,hart,HART_S3_P1234_R2,2025,3,204.5,365.5483,Lentil,NA,NA,875.13,NA,NA,672.97497,102.92667
691,hart,HART_S4.1_P2341_R2,2023,1,202.0,225.25835,wheat,NA,NA,2687.0,NA,NA,967.32,540.0616500000001
692,hart,HART_S4.1_P2341_R2,2024,2,210.5,254.733718125,Canola,NA,NA,69.13,0.0,NA,47.69969999999999,-417.534018125
693,hart,HART_S4.1_P2341_R2,2025,3,193.5,209.55079999999998,Barley,NA,NA,2415.56,NA,NA,751.722272,348.671472
694,hart,HART_S8_P2341_R3,2023,1,202.0,246.75834999999998,wheat,NA,NA,3419.0,NA,NA,1230.84,782.08165
695,hart,HART_S8_P2341_R3,2024,2,202.0,198.84890383,Barley,NA,NA,0.0,0.0,NA,0.0,-400.84890383000004
696,hart,HART_S8_P2341_R3,2025,3,202.0,282.9405739130435,Wheat,NA,NA,2001.02,NA,NA,720.3671999999999,235.4266260869564
697,hart,HART_S6_P1234_R3,2023,1,204.5,242.91929999999996,lentil,NA,NA,1866.0,NA,NA,1434.954,987.5346999999999
698,hart,HART_S6_P1234_R3,2024,2,210.5,235.51599999999996,Canola,NA,NA,686.96,0.0,NA,474.0024,27.98640000000006
699,hart,HART_S6_P1234_R3,2025,3,202.0,272.3210086956522,Wheat,NA,NA,2374.62,NA,NA,854.8631999999999,380.5421913043477
700,hart,HART_S4.3_P4123_R3,2023,1,202.0,258.75835,barley,NA,NA,3833.0,NA,NA,1192.8295999999998,732.0712499999997
701,hart,HART_S4.3_P4123_R3,2024,2,193.5,242.32439999999997,Lentil,NA,NA,1221.96,0.0,NA,939.68724,503.86284
702,hart,HART_S4.3_P4123_R3,2025,3,202.0,312.0972695652174,Wheat,NA,NA,3152.51,NA,NA,1134.9036,620.8063304347827
703,hart,HART_S10.3_P3123_R3,2023,1,202.0,235.75835,barley,NA,NA,3270.0,NA,NA,1017.624,579.86565
704,hart,HART_S10.3_P3123_R3,2024,2,207.625,247.12695128,Canola,Lentil,NA,34.35,630.65,NA,508.67135,53.91939872000003
705,hart,HART_S10.3_P3123_R3,2025,3,193.5,240.7484,Wheat,NA,NA,1965.2,NA,NA,707.472,273.2236
706,hart,HART_S10.2_P1231_R2,2023,1,236.575,248.16929999999996,canola,lentil,NA,188.0,1095.0,NA,971.775,487.0307000000001
707,hart,HART_S10.2_P1231_R2,2024,2,202.0,250.74418625,Wheat,NA,NA,1389.78,0.0,NA,500.3208,47.57661375000001
708,hart,HART_S10.2_P1231_R2,2025,3,193.5,209.55079999999998,Barley,NA,NA,2569.09,NA,NA,799.500808,396.450008
709,hart,HART_S4.1_P1234_R2,2023,1,204.5,242.9193,lentil,NA,NA,1264.0,NA,NA,972.016,524.5966999999999
710,hart,HART_S4.1_P1234_R2,2024,2,202.0,214.75948176,Wheat,NA,NA,1507.83,0.0,NA,542.8188,126.05931824000001
711,hart,HART_S4.1_P1234_R2,2025,3,215.5,226.26579999999998,Canola,NA,NA,0.0,NA,NA,0.0,-441.7658
712,hart,HART_S3_P3412_R2,2023,1,204.5,242.91929999999996,lentil,NA,NA,1561.0,NA,NA,1200.409,752.9897000000001
713,hart,HART_S3_P3412_R2,2024,2,202.0,155.85440000000003,Barley,NA,NA,2033.04,0.0,NA,632.6820479999999,274.82764799999984
714,hart,HART_S3_P3412_R2,2025,3,204.5,365.5483,Lentil,NA,NA,931.42,NA,NA,716.26198,146.21368
715,hart,HART_S6_P2341_R1,2023,1,213.0,236.5018,canola,NA,NA,500.0,NA,NA,345.0,-104.5018
716,hart,HART_S6_P2341_R1,2024,2,202.0,189.60315159,Wheat,NA,NA,682.17,0.0,NA,245.5812,-146.02195159000001
717,hart,HART_S6_P2341_R1,2025,3,193.5,209.5508,Barley,NA,NA,2543.5,NA,NA,791.5372,388.4864
718,hart,HART_S1.1_P3123_R2,2023,1,202.0,235.75835,barley,NA,NA,3664.0,NA,NA,1140.2368,702.4784499999998
719,hart,HART_S1.1_P3123_R2,2024,2,193.5,242.32439999999997,Lentil,NA,NA,0.0,0.0,NA,0.0,-435.82439999999997
720,hart,HART_S1.1_P3123_R2,2025,3,202.0,280.74839999999995,Wheat,NA,NA,2563.97,NA,NA,923.0292,440.2808
721,hart,HART_S2.1_P0000_R1,2023,1,202.0,238.25835,wheat,NA,NA,4052.0,NA,NA,1458.72,1018.46165
722,hart,HART_S2.1_P0000_R1,2024,2,202.0,183.213910535,Barley,NA,NA,210.9,0.0,NA,65.63208,-319.581830535
723,hart,HART_S2.1_P0000_R1,2025,3,204.5,365.5483,Lentil,NA,NA,772.77,NA,NA,594.26013,24.21183000000002
724,hart,HART_S6_P3412_R2,2023,1,202.0,246.75835,wheat,NA,NA,2979.0,NA,NA,1072.44,623.68165
725,hart,HART_S6_P3412_R2,2024,2,202.0,171.85777473,Barley,NA,NA,1000.43,0.0,NA,311.333816,-62.523958729999976
726,hart,HART_S6_P3412_R2,2025,3,204.5,365.5483,Lentil,NA,NA,992.84,NA,NA,763.49396,193.44566000000003
727,hart,HART_S4.3_P3412_R2,2023,1,213.0,249.50179999999997,canola,NA,NA,670.0,NA,NA,462.3,-0.20179999999996312
728,hart,HART_S4.3_P3412_R2,2024,2,202.0,205.27791397000001,Barley,NA,NA,267.39,0.0,NA,83.21176799999999,-324.06614597000004
729,hart,HART_S4.3_P3412_R2,2025,3,204.5,365.5483,Lentil,NA,NA,767.66,NA,NA,590.33054,20.28224000000006
730,hart,HART_S4.3_P2341_R1,2023,1,202.0,259.75835,wheat,NA,NA,2605.0,NA,NA,937.8,476.04164999999995
731,hart,HART_S4.3_P2341_R1,2024,2,210.5,274.071721,Canola,NA,NA,388.48,0.0,NA,268.0512,-216.52052100000003
732,hart,HART_S4.3_P2341_R1,2025,3,193.5,209.55079999999998,Barley,NA,NA,2589.56,NA,NA,805.8710719999999,402.82027199999993
733,hart,HART_S2.3_P0000_R1,2023,1,202.0,285.75835,wheat,NA,NA,4428.0,NA,NA,1594.08,1106.3216499999999
734,hart,HART_S2.3_P0000_R1,2024,2,202.0,182.76499213000002,Barley,NA,NA,408.7,0.0,NA,127.18743999999998,-257.5775521300001
735,hart,HART_S2.3_P0000_R1,2025,3,204.5,365.54830000000004,Lentil,NA,NA,1100.31,NA,NA,846.13839,276.0900899999999
736,hart,HART_S10.3_P3123_R1,2023,1,202.0,235.75835,barley,NA,NA,4319.0,NA,NA,1344.0728,906.3144499999999
737,hart,HART_S10.3_P3123_R1,2024,2,199.7065,247.12695128000001,Canola,Lentil,NA,0.0,348.26,NA,267.81194,-179.02151128000003
738,hart,HART_S10.3_P3123_R1,2025,3,193.5,240.7484,Wheat,NA,NA,2308.09,NA,NA,830.9124,396.66400000000004
739,hart,HART_S1.1_P2312_R2,2023,1,202.0,246.75835,wheat,NA,NA,2984.0,NA,NA,1074.24,625.48165
740,hart,HART_S1.1_P2312_R2,2024,2,202.0,205.85440000000003,Barley,NA,NA,1251.52,0.0,NA,389.473024,-18.381376000000017
741,hart,HART_S1.1_P2312_R2,2025,3,204.5,365.54830000000004,Lentil,NA,NA,962.13,NA,NA,739.87797,169.82966999999996
742,hart,HART_S5_P0000_R6,2023,1,204.5,242.91930000000002,lentil,NA,NA,2062.0,NA,NA,1585.678,1138.2587
743,hart,HART_S5_P0000_R6,2024,2,193.5,238.44439999999997,Chickpea,NA,NA,0.0,0.0,NA,0.0,-431.9444
744,hart,HART_S1.1_P2312_R1,2023,1,202.0,246.75835,wheat,NA,NA,3327.0,NA,NA,1197.72,748.96165
745,hart,HART_S1.1_P2312_R1,2024,2,202.0,205.85440000000003,Barley,NA,NA,681.74,0.0,NA,212.157488,-195.69691200000003
746,hart,HART_S1.1_P2312_R1,2025,3,204.5,365.5483,Lentil,NA,NA,1059.37,NA,NA,814.6555299999999,244.6072299999999
747,hart,HART_S6_P2341_R3,2023,1,213.0,236.5018,canola,NA,NA,624.0,NA,NA,430.56,-18.9418
748,hart,HART_S6_P2341_R3,2024,2,202.0,189.60315159,Wheat,NA,NA,1046.96,0.0,NA,376.9056,-14.697551590000018
749,hart,HART_S6_P2341_R3,2025,3,193.5,209.55079999999998,Barley,NA,NA,2881.27,NA,NA,896.651224,493.600424
750,hart,HART_S7_P1234_R1,2023,1,204.5,242.91930000000002,lentil,NA,NA,1840.0,NA,NA,1414.96,967.5407
751,hart,HART_S7_P1234_R1,2024,2,193.5,229.7944,Field pea,NA,NA,577.61,0.0,NA,264.54538,-158.74901999999997
752,hart,HART_S7_P1234_R1,2025,3,202.0,263.8644869565218,Wheat,NA,NA,2405.32,NA,NA,865.9152,400.05071304347825
753,hart,HART_S2.2_P0000_R2,2023,1,202.0,264.25834999999995,wheat,NA,NA,2881.0,NA,NA,1037.16,570.9016500000001
754,hart,HART_S2.2_P0000_R2,2024,2,202.0,182.41727117500002,Barley,NA,NA,1687.0,0.0,NA,524.9943999999999,140.5771288249999
755,hart,HART_S2.2_P0000_R2,2025,3,204.5,365.5483,Lentil,NA,NA,829.07,NA,NA,637.55483,67.50653000000005
756,hart,HART_S4.1_P1234_R3,2023,1,204.5,242.9193,lentil,NA,NA,1750.0,NA,NA,1345.75,898.3307
757,hart,HART_S4.1_P1234_R3,2024,2,202.0,214.75948176,Wheat,NA,NA,2208.7,0.0,NA,795.132,378.37251824
758,hart,HART_S4.1_P1234_R3,2025,3,215.5,226.26579999999998,Canola,NA,NA,0.0,NA,NA,0.0,-441.7658
759,hart,HART_S9_P2341_R2,2023,1,213.0,236.50179999999997,canola,NA,NA,466.0,NA,NA,321.54,-127.96179999999995
760,hart,HART_S9_P2341_R2,2024,2,202.0,221.59511175000003,Wheat,NA,NA,654.35,0.0,NA,235.566,-188.02911175000003
761,hart,HART_S9_P2341_R2,2025,3,193.5,209.5508,Barley,NA,NA,2318.32,NA,NA,721.461184,318.410384
762,hart,HART_S4.2_P3412_R1,2023,1,213.0,236.50179999999997,canola,NA,NA,875.0,NA,NA,603.75,154.24820000000003
763,hart,HART_S4.2_P3412_R1,2024,2,202.0,179.28229034,Barley,NA,NA,171.3,0.0,NA,53.30856,-327.97373034
764,hart,HART_S4.2_P3412_R1,2025,3,204.5,365.5483,Lentil,NA,NA,1166.84,NA,NA,897.2999599999999,327.25165999999996
765,hart,HART_S3_P2341_R1,2023,1,202.0,246.75835,wheat,NA,NA,3117.0,NA,NA,1122.12,673.3616499999998
766,hart,HART_S3_P2341_R1,2024,2,193.5,242.32440000000003,Lentil,NA,NA,724.13,0.0,NA,556.85597,121.03156999999993
767,hart,HART_S3_P2341_R1,2025,3,202.0,227.015147826087,Barley,NA,NA,3167.86,NA,NA,985.838032,556.822884173913
768,hart,HART_S1.2_P2312_R2,2023,1,202.0,246.75835,wheat,NA,NA,2871.0,NA,NA,1033.56,584.8016499999999
769,hart,HART_S1.2_P2312_R2,2024,2,202.0,180.720449485,Barley,NA,NA,509.57,0.0,NA,158.578184,-224.142265485
770,hart,HART_S1.2_P2312_R2,2025,3,204.5,365.5483,Lentil,NA,NA,859.77,NA,NA,661.16313,91.11483000000004
771,hart,HART_S10.1_P1231_R2,2023,1,243.875,248.1693,canola,lentil,NA,232.0,1343.0,NA,1192.847,700.8027
772,hart,HART_S10.1_P1231_R2,2024,2,202.0,228.395073865,Wheat,NA,NA,960.65,0.0,NA,345.834,-84.561073865
773,hart,HART_S10.1_P1231_R2,2025,3,193.5,209.55079999999998,Barley,NA,NA,2686.8,NA,NA,836.13216,433.08136
774,hart,HART_S4.1_P1234_R1,2023,1,204.5,242.91930000000002,lentil,NA,NA,1602.0,NA,NA,1231.938,784.5187000000001
775,hart,HART_S4.1_P1234_R1,2024,2,202.0,214.75948176,Wheat,NA,NA,1731.09,0.0,NA,623.1923999999999,206.4329182399999
776,hart,HART_S4.1_P1234_R1,2025,3,215.5,226.26579999999998,Canola,NA,NA,0.0,NA,NA,0.0,-441.7658
777,hart,HART_S4.2_P4123_R2,2023,1,202.0,235.75835,barley,NA,NA,3475.0,NA,NA,1081.4199999999998,643.6616499999998
778,hart,HART_S4.2_P4123_R2,2024,2,193.5,242.32439999999997,Lentil,NA,NA,717.61,0.0,NA,551.84209,116.01769000000002
779,hart,HART_S4.2_P4123_R2,2025,3,202.0,287.3101391304348,Wheat,NA,NA,2395.09,NA,NA,862.2324,372.9222608695652
780,hart,HART_S1.3_P1231_R2,2023,1,204.5,242.91930000000002,lentil,NA,NA,1273.0,NA,NA,978.937,531.5177
781,hart,HART_S1.3_P1231_R2,2024,2,202.0,243.052,Wheat,NA,NA,1784.78,0.0,NA,642.5208,197.46880000000002
782,hart,HART_S1.3_P1231_R2,2025,3,202.0,284.5508,Barley,NA,NA,2482.09,NA,NA,772.426408,285.87560800000006
783,hart,HART_S6_P3412_R3,2023,1,202.0,246.75834999999998,wheat,NA,NA,2584.0,NA,NA,930.24,481.48165000000006
784,hart,HART_S6_P3412_R3,2024,2,202.0,171.85777473,Barley,NA,NA,1770.87,0.0,NA,551.0947439999999,177.2369692699999
785,hart,HART_S6_P3412_R3,2025,3,204.5,365.5483,Lentil,NA,NA,864.89,NA,NA,665.10041,95.05211000000003
786,hart,HART_S7_P4123_R1,2023,1,202.0,235.75835,barley,NA,NA,4483.0,NA,NA,1395.1096,957.3512499999999
787,hart,HART_S7_P4123_R1,2024,2,193.5,242.32439999999997,Lentil,NA,NA,565.22,0.0,NA,434.65418000000005,-1.1702199999999152
788,hart,HART_S7_P4123_R1,2025,3,193.5,200.4358,Field pea,NA,NA,1177.07,NA,NA,539.09806,145.16226000000003
789,hart,HART_S10.3_P2312_R3,2023,1,202.0,246.75835,wheat,NA,NA,3173.0,NA,NA,1142.28,693.5216499999999
790,hart,HART_S10.3_P2312_R3,2024,2,202.0,194.978155215,Barley,NA,NA,1013.48,0.0,NA,315.394976,-81.583179215
791,hart,HART_S10.3_P2312_R3,2025,3,209.43925000000002,187.1908,Canola,Lentil,NA,112.91,524.66,NA,481.37144,84.74139
792,hart,HART_S8_P3412_R1,2023,1,202.0,235.75835,barley,NA,NA,3547.0,NA,NA,1103.8264,666.0680499999999
793,hart,HART_S8_P3412_R1,2024,2,202.0,256.61117314999996,Wheat,NA,NA,1706.3,0.0,NA,614.2679999999999,155.65682684999996
794,hart,HART_S8_P3412_R1,2025,3,204.5,365.54830000000004,Lentil,NA,NA,1018.42,NA,NA,783.16498,213.11667999999997
795,hart,HART_S10.3_P2312_R1,2023,1,202.0,246.75835,wheat,NA,NA,2799.0,NA,NA,1007.64,558.88165
796,hart,HART_S10.3_P2312_R1,2024,2,202.0,194.978155215,Barley,NA,NA,1380.43,0.0,NA,429.589816,32.611660785
797,hart,HART_S10.3_P2312_R1,2025,3,209.91899999999998,187.1908,Canola,Lentil,NA,99.33,557.43,NA,497.20137,100.09157000000002
798,hart,HART_S4.1_P4123_R1,2023,1,202.0,209.25835,barley,NA,NA,3572.0,NA,NA,1111.6064,700.3480499999998
799,hart,HART_S4.1_P4123_R1,2024,2,193.5,242.32440000000003,Lentil,NA,NA,705.87,0.0,NA,542.81403,106.98962999999998
800,hart,HART_S4.1_P4123_R1,2025,3,202.0,257.81674782608695,Wheat,NA,NA,2773.8,NA,NA,998.568,538.751252173913
801,hart,HART_S7_P3412_R3,2023,1,202.0,246.75835,wheat,NA,NA,3275.0,NA,NA,1179.0,730.2416499999999
802,hart,HART_S7_P3412_R3,2024,2,202.0,214.90329390000002,Barley,NA,NA,1741.52,0.0,NA,541.961024,125.05773009999993
803,hart,HART_S7_P3412_R3,2025,3,204.5,365.5483,Lentil,NA,NA,1079.84,NA,NA,830.3969599999999,260.34865999999994
804,hart,HART_S2.3_P0000_R2,2023,1,202.0,285.75835,wheat,NA,NA,3737.0,NA,NA,1345.32,857.5616499999999
805,hart,HART_S2.3_P0000_R2,2024,2,202.0,182.76499213000002,Barley,NA,NA,743.5,0.0,NA,231.3772,-153.38779213000004
806,hart,HART_S2.3_P0000_R2,2025,3,204.5,365.5483,Lentil,NA,NA,951.89,NA,NA,732.00341,161.95511000000005
807,hart,HART_S1.3_P3123_R3,2023,1,202.0,258.75834999999995,barley,NA,NA,4176.0,NA,NA,1299.5712,838.8128500000001
808,hart,HART_S1.3_P3123_R3,2024,2,193.5,242.32440000000003,Lentil,NA,NA,557.17,0.0,NA,428.46373,-7.360670000000027
809,hart,HART_S1.3_P3123_R3,2025,3,202.0,300.7484,Wheat,NA,NA,2876.15,NA,NA,1035.414,532.6656
810,hart,HART_S1.3_P2312_R1,2023,1,202.0,259.75835,wheat,NA,NA,3480.0,NA,NA,1252.8,791.0416499999999
811,hart,HART_S1.3_P2312_R1,2024,2,202.0,230.85440000000003,Barley,NA,NA,135.0,0.0,NA,42.01199999999999,-390.8424
812,hart,HART_S1.3_P2312_R1,2025,3,204.5,365.5483,Lentil,NA,NA,854.66,NA,NA,657.23354,87.18523999999996
813,hart,HART_S9_P4123_R1,2023,1,202.0,235.75835,barley,NA,NA,3700.0,NA,NA,1151.4399999999998,713.6816499999998
814,hart,HART_S9_P4123_R1,2024,2,182.5,139.03,Vetch,NA,NA,0.0,0.0,NA,0.0,-321.53
815,hart,HART_S9_P4123_R1,2025,3,215.5,226.2658,Canola,NA,NA,0.0,NA,NA,0.0,-441.7658
816,hart,HART_S2.1_P0000_R2,2023,1,202.0,238.25835,wheat,NA,NA,3129.0,NA,NA,1126.44,686.18165
817,hart,HART_S2.1_P0000_R2,2024,2,202.0,183.213910535,Barley,NA,NA,2060.9,0.0,NA,641.35208,256.13816946500003
818,hart,HART_S2.1_P0000_R2,2025,3,204.5,365.5483,Lentil,NA,NA,767.66,NA,NA,590.33054,20.28224000000006
819,hart,HART_S7_P1234_R3,2023,1,204.5,242.91930000000002,lentil,NA,NA,1752.0,NA,NA,1347.288,899.8687
820,hart,HART_S7_P1234_R3,2024,2,193.5,229.7944,Field pea,NA,NA,949.35,0.0,NA,434.8023,11.507900000000006
821,hart,HART_S7_P1234_R3,2025,3,202.0,263.8644869565218,Wheat,NA,NA,2538.38,NA,NA,913.8168,447.95231304347817
822,hart,HART_S4.2_P3412_R3,2023,1,213.0,236.50180000000003,canola,NA,NA,307.0,NA,NA,211.83,-237.67180000000002
823,hart,HART_S4.2_P3412_R3,2024,2,202.0,179.28229034,Barley,NA,NA,174.13,0.0,NA,54.18925599999999,-327.09303434000003
824,hart,HART_S4.2_P3412_R3,2025,3,204.5,365.54830000000004,Lentil,NA,NA,895.6,NA,NA,688.7164,118.66809999999998
825,hart,HART_S4.1_P2341_R3,2023,1,202.0,225.25835,wheat,NA,NA,3286.0,NA,NA,1182.96,755.70165
826,hart,HART_S4.1_P2341_R3,2024,2,210.5,254.733718125,Canola,NA,NA,112.17,0.0,NA,77.3973,-387.836418125
827,hart,HART_S4.1_P2341_R3,2025,3,193.5,209.55079999999998,Barley,NA,NA,2415.56,NA,NA,751.722272,348.671472
828,hart,HART_S1.3_P3123_R2,2023,1,202.0,258.75835,barley,NA,NA,3153.0,NA,NA,981.2136,520.45525
829,hart,HART_S1.3_P3123_R2,2024,2,193.5,242.32440000000003,Lentil,NA,NA,679.35,0.0,NA,522.42015,86.59575000000001
830,hart,HART_S1.3_P3123_R2,2025,3,202.0,300.7484,Wheat,NA,NA,2302.97,NA,NA,829.0691999999999,326.3207999999999
831,hart,HART_S10.3_P3123_R2,2023,1,202.0,235.75835,barley,NA,NA,3260.0,NA,NA,1014.512,576.7536499999999
832,hart,HART_S10.3_P3123_R2,2024,2,201.40224999999998,247.12695128,Canola,Lentil,NA,131.09,285.0,NA,309.6171,-138.91210127999997
833,hart,HART_S10.3_P3123_R2,2025,3,193.5,240.7484,Wheat,NA,NA,2251.79,NA,NA,810.6443999999999,376.3959999999999
834,hart,HART_S4.1_P2341_R1,2023,1,202.0,225.25835,wheat,NA,NA,2738.0,NA,NA,985.68,558.42165
835,hart,HART_S4.1_P2341_R1,2024,2,210.5,254.733718125,Canola,NA,NA,142.61,0.0,NA,98.4009,-366.832818125
836,hart,HART_S4.1_P2341_R1,2025,3,193.5,209.55079999999998,Barley,NA,NA,2589.56,NA,NA,805.8710719999999,402.82027199999993
837,hart,HART_S3_P4123_R3,2023,1,202.0,235.75835,barley,NA,NA,3961.0,NA,NA,1232.6632,794.9048499999999
838,hart,HART_S3_P4123_R3,2024,2,193.5,242.32440000000003,Lentil,NA,NA,360.22,0.0,NA,277.00918,-158.81522
839,hart,HART_S3_P4123_R3,2025,3,202.0,258.12535652173915,Wheat,NA,NA,2958.03,NA,NA,1064.8908,604.7654434782607
840,hart,HART_S10.2_P2312_R3,2023,1,202.0,218.75835,wheat,NA,NA,2881.0,NA,NA,1037.16,616.40165
841,hart,HART_S10.2_P2312_R3,2024,2,202.0,181.97245029500002,Barley,NA,NA,1719.78,0.0,NA,535.195536,151.22308570499993
842,hart,HART_S10.2_P2312_R3,2025,3,218.94575,191.50906086956522,Canola,Lentil,NA,53.67,624.16,NA,517.01134,106.55652913043482
843,hart,HART_S10.1_P3123_R2,2023,1,193.5,190.25835,barley,NA,NA,3506.0,NA,NA,1091.0672,707.3088499999999
844,hart,HART_S10.1_P3123_R2,2024,2,199.3425,203.29500000000002,Canola,Lentil,NA,128.48,545.22,NA,507.92538,105.28788000000003
845,hart,HART_S10.1_P3123_R2,2025,3,202.0,297.22318260869565,Wheat,NA,NA,2400.2,NA,NA,864.0719999999999,364.84881739130424
846,hart,HART_S7_P4123_R3,2023,1,202.0,235.75835,barley,NA,NA,3792.0,NA,NA,1180.0703999999998,742.3120499999998
847,hart,HART_S7_P4123_R3,2024,2,193.5,242.32440000000003,Lentil,NA,NA,675.0,0.0,NA,519.075,83.25060000000002
848,hart,HART_S7_P4123_R3,2025,3,193.5,200.4358,Field pea,NA,NA,1402.25,NA,NA,642.2305,248.2947
849,hart,HART_S5_P0000_R9,2023,1,204.5,242.91930000000002,lentil,NA,NA,1211.0,NA,NA,931.259,483.8397
850,hart,HART_S5_P0000_R9,2024,2,193.5,238.44439999999997,Chickpea,NA,NA,0.0,0.0,NA,0.0,-431.9444
851,hart,HART_S9_P3412_R1,2023,1,202.0,246.75835000000004,wheat,NA,NA,3280.0,NA,NA,1180.8,732.0416499999999
852,hart,HART_S9_P3412_R1,2024,2,202.0,220.68351425,Barley,NA,NA,401.09,0.0,NA,124.819208,-297.86430625
853,hart,HART_S9_P3412_R1,2025,3,215.5,226.9478,Vetch,NA,NA,0.0,NA,NA,0.0,-442.44780000000003
854,hart,HART_S10.1_P1231_R1,2023,1,235.225,248.1693,canola,lentil,NA,195.0,1034.0,NA,929.696,446.3017
855,hart,HART_S10.1_P1231_R1,2024,2,202.0,228.395073865,Wheat,NA,NA,1159.78,0.0,NA,417.5208,-12.874273864999992
856,hart,HART_S10.1_P1231_R1,2025,3,193.5,209.55079999999998,Barley,NA,NA,3004.09,NA,NA,934.872808,531.822008
857,hart,HART_S4.3_P3412_R3,2023,1,213.0,249.5018,canola,NA,NA,563.0,NA,NA,388.47,-74.03179999999998
858,hart,HART_S4.3_P3412_R3,2024,2,202.0,205.27791397000001,Barley,NA,NA,320.87,0.0,NA,99.854744,-307.42316997
859,hart,HART_S4.3_P3412_R3,2025,3,204.5,365.5483,Lentil,NA,NA,849.54,NA,NA,653.29626,83.24795999999998
860,hart,HART_S3_P2341_R3,2023,1,202.0,246.75835,wheat,NA,NA,3173.0,NA,NA,1142.28,693.5216499999999
861,hart,HART_S3_P2341_R3,2024,2,193.5,242.32440000000003,Lentil,NA,NA,969.57,0.0,NA,745.59933,309.77493
862,hart,HART_S3_P2341_R3,2025,3,202.0,227.01514782608697,Barley,NA,NA,2702.15,NA,NA,840.90908,411.8939321739131
863,hart,HART_S6_P4123_R2,2023,1,202.0,235.75835,barley,NA,NA,3634.0,NA,NA,1130.9008,693.1424499999998
864,hart,HART_S6_P4123_R2,2024,2,193.5,242.32440000000003,Lentil,NA,NA,798.91,0.0,NA,614.36179,178.53739000000002
865,hart,HART_S6_P4123_R2,2025,3,224.0,240.17406086956527,Canola,NA,NA,0.0,NA,NA,0.0,-464.17406086956527
866,hart,HART_S7_P3412_R2,2023,1,202.0,246.75835,wheat,NA,NA,2820.0,NA,NA,1015.2,566.44165
867,hart,HART_S7_P3412_R2,2024,2,202.0,214.90329390000002,Barley,NA,NA,731.52,0.0,NA,227.649024,-189.25426990000003
868,hart,HART_S7_P3412_R2,2025,3,204.5,365.5483,Lentil,NA,NA,921.19,NA,NA,708.39511,138.34681000000006
869,hart,HART_S10.1_P2312_R2,2023,1,193.5,190.25835,wheat,NA,NA,2810.0,NA,NA,1011.6,627.8416500000001
870,hart,HART_S10.1_P2312_R2,2024,2,202.0,193.16680829999999,Barley,NA,NA,791.09,0.0,NA,246.187208,-148.9796003
871,hart,HART_S10.1_P2312_R2,2025,3,208.34199999999998,187.1908,Canola,Lentil,NA,22.57,571.11,NA,454.75689000000006,59.224090000000075
872,hart,HART_S10.3_P1231_R1,2023,1,240.2,248.1693,canola,lentil,NA,213.0,1215.0,NA,1081.305,592.9357
873,hart,HART_S10.3_P1231_R1,2024,2,202.0,232.17947586,Wheat,NA,NA,919.57,0.0,NA,331.0452,-103.13427585999997
874,hart,HART_S10.3_P1231_R1,2025,3,193.5,209.55079999999998,Barley,NA,NA,2958.03,NA,NA,920.538936,517.488136
875,hart,HART_S8_P1234_R1,2023,1,204.5,242.91929999999996,lentil,NA,NA,1274.0,NA,NA,979.706,532.2867000000001
876,hart,HART_S8_P1234_R1,2024,2,202.0,214.29387340500003,Wheat,NA,NA,1868.04,0.0,NA,672.4943999999999,256.2005265949999
877,hart,HART_S8_P1234_R1,2025,3,193.5,209.55079999999998,Barley,NA,NA,0.0,NA,NA,0.0,-403.0508
878,hart,HART_S8_P4123_R1,2023,1,202.0,246.75835,wheat,NA,NA,3383.0,NA,NA,1217.88,769.12165
879,hart,HART_S8_P4123_R1,2024,2,193.5,242.32440000000003,Lentil,NA,NA,675.43,0.0,NA,519.40567,83.58126999999996
880,hart,HART_S8_P4123_R1,2025,3,202.0,277.83767536231886,Wheat,NA,NA,2558.85,NA,NA,921.186,441.3483246376812
881,hart,HART_S1.3_P1231_R1,2023,1,204.5,242.91930000000002,lentil,NA,NA,1536.0,NA,NA,1181.184,733.7647
882,hart,HART_S1.3_P1231_R1,2024,2,202.0,243.052,Wheat,NA,NA,226.52,0.0,NA,81.5472,-363.5048
883,hart,HART_S1.3_P1231_R1,2025,3,202.0,284.5508,Barley,NA,NA,1765.61,NA,NA,549.4578319999999,62.90703199999996
884,hart,HART_S10.2_P2312_R2,2023,1,202.0,218.75835,wheat,NA,NA,2851.0,NA,NA,1026.36,605.6016499999998
885,hart,HART_S10.2_P2312_R2,2024,2,202.0,181.97245029500002,Barley,NA,NA,1115.22,0.0,NA,347.056464,-36.91598629500001
886,hart,HART_S10.2_P2312_R2,2025,3,214.95725,191.50906086956522,Canola,Lentil,NA,72.34,445.95,NA,392.85015,-13.61616086956522
887,hart,HART_S7_P2341_R1,2023,1,204.5,230.3862,field pea,NA,NA,1474.0,NA,NA,675.092,240.20579999999998
888,hart,HART_S7_P2341_R1,2024,2,202.0,229.628198315,Wheat,NA,NA,1962.83,0.0,NA,706.6188,274.990601685
889,hart,HART_S7_P2341_R1,2025,3,193.5,209.55079999999998,Barley,NA,NA,2824.97,NA,NA,879.1306639999999,476.07986399999993
890,hart,HART_S4.2_P1234_R2,2023,1,204.5,242.91929999999996,lentil,NA,NA,1167.0,NA,NA,897.423,450.00370000000004
891,hart,HART_S4.2_P1234_R2,2024,2,202.0,223.82467649999998,Wheat,NA,NA,1377.83,0.0,NA,496.0188,70.19412350000002
892,hart,HART_S4.2_P1234_R2,2025,3,215.5,226.26579999999998,Canola,NA,NA,0.0,NA,NA,0.0,-441.7658
893,hart,HART_S6_P1234_R1,2023,1,204.5,242.91930000000002,lentil,NA,NA,1428.0,NA,NA,1098.132,650.7127
894,hart,HART_S6_P1234_R1,2024,2,210.5,235.51600000000002,Canola,NA,NA,560.0,0.0,NA,386.4,-59.61600000000004
895,hart,HART_S6_P1234_R1,2025,3,202.0,272.3210086956522,Wheat,NA,NA,2333.67,NA,NA,840.1212,365.80019130434783
896,hart,HART_S9_P4123_R3,2023,1,202.0,235.75835,barley,NA,NA,4299.0,NA,NA,1337.8488,900.0904499999999
897,hart,HART_S9_P4123_R3,2024,2,182.5,139.03,Vetch,NA,NA,0.0,0.0,NA,0.0,-321.53
898,hart,HART_S9_P4123_R3,2025,3,215.5,226.2658,Canola,NA,NA,0.0,NA,NA,0.0,-441.7658
899,hart,HART_S1.2_P1231_R3,2023,1,204.5,242.91930000000002,lentil,NA,NA,1665.0,NA,NA,1280.385,832.9657
900,hart,HART_S1.2_P1231_R3,2024,2,202.0,202.61067411000002,Wheat,NA,NA,1543.04,0.0,NA,555.4943999999999,150.8837258899999
901,hart,HART_S1.2_P1231_R3,2025,3,193.5,209.55079999999998,Barley,NA,NA,2328.56,NA,NA,724.6478719999999,321.5970719999999
902,hart,HART_S9_P2341_R1,2023,1,213.0,236.5018,canola,NA,NA,788.0,NA,NA,543.7199999999999,94.21819999999991
903,hart,HART_S9_P2341_R1,2024,2,202.0,221.59511175000003,Wheat,NA,NA,915.22,0.0,NA,329.4792,-94.11591175000004
904,hart,HART_S9_P2341_R1,2025,3,193.5,209.55079999999998,Barley,NA,NA,3085.98,NA,NA,960.356976,557.306176
905,hart,HART_S10.2_P2312_R1,2023,1,202.0,218.75835,wheat,NA,NA,3777.0,NA,NA,1359.72,938.96165
906,hart,HART_S10.2_P2312_R1,2024,2,202.0,181.97245029500002,Barley,NA,NA,212.83,0.0,NA,66.232696,-317.739754295
907,hart,HART_S10.2_P2312_R1,2025,3,217.756,191.50906086956522,Canola,Lentil,NA,40.04,590.2,NA,481.4914,72.22633913043481
908,hart,HART_S10.3_P2312_R2,2023,1,202.0,246.75835,wheat,NA,NA,2999.0,NA,NA,1079.64,630.88165
909,hart,HART_S10.3_P2312_R2,2024,2,202.0,194.978155215,Barley,NA,NA,1590.22,0.0,NA,494.876464,97.89830878500001
910,hart,HART_S10.3_P2312_R2,2025,3,207.33775,187.1908,Canola,Lentil,NA,35.63,517.88,NA,422.83442,28.305870000000027
911,hart,HART_S1.2_P2312_R3,2023,1,202.0,246.75835,wheat,NA,NA,3132.0,NA,NA,1127.52,678.7616499999999
912,hart,HART_S1.2_P2312_R3,2024,2,202.0,180.720449485,Barley,NA,NA,726.96,0.0,NA,226.229952,-156.490497485
913,hart,HART_S1.2_P2312_R3,2025,3,204.5,365.5483,Lentil,NA,NA,1003.07,NA,NA,771.3608300000001,201.3125300000001
914,hart,HART_S4.1_P3412_R2,2023,1,213.0,215.0018,canola,NA,NA,537.0,NA,NA,370.53,-57.47180000000003
915,hart,HART_S4.1_P3412_R2,2024,2,202.0,204.75806106500002,Barley,NA,NA,371.96,0.0,NA,115.75395199999998,-291.004109065
916,hart,HART_S4.1_P3412_R2,2025,3,204.5,365.5483,Lentil,NA,NA,777.89,NA,NA,598.19741,28.149110000000007
917,hart,HART_S9_P1234_R1,2023,1,204.5,256.3362,vetch,NA,NA,0.0,NA,NA,0.0,-460.8362
918,hart,HART_S9_P1234_R1,2024,2,210.5,235.51599999999996,Canola,NA,NA,780.22,0.0,NA,538.3518,92.33580000000006
919,hart,HART_S9_P1234_R1,2025,3,193.5,240.7484,Wheat,NA,NA,2006.14,NA,NA,722.2104,287.96200000000005
920,hart,HART_S4.1_P3412_R1,2023,1,213.0,215.00180000000003,canola,NA,NA,1049.0,NA,NA,723.81,295.80819999999994
921,hart,HART_S4.1_P3412_R1,2024,2,202.0,204.75806106500002,Barley,NA,NA,13.7,0.0,NA,4.263439999999999,-402.49462106500005
922,hart,HART_S4.1_P3412_R1,2025,3,204.5,365.5483,Lentil,NA,NA,649.95,NA,NA,499.81155000000007,-70.23674999999992
923,hart,HART_S10.1_P2312_R1,2023,1,193.5,190.25835,wheat,NA,NA,2600.0,NA,NA,936.0,552.2416499999999
924,hart,HART_S10.1_P2312_R1,2024,2,202.0,193.16680829999999,Barley,NA,NA,1591.09,0.0,NA,495.1472079999999,99.98039969999994
925,hart,HART_S10.1_P2312_R1,2025,3,207.3555,187.1908,Canola,Lentil,NA,58.41,495.81,NA,421.58079,27.034489999999977
926,hart,HART_S2.2_P0000_R3,2023,1,202.0,264.25834999999995,wheat,NA,NA,3938.0,NA,NA,1417.6799999999998,951.4216499999999
927,hart,HART_S2.2_P0000_R3,2024,2,202.0,182.41727117500002,Barley,NA,NA,1115.2,0.0,NA,347.05024,-37.36703117500005
928,hart,HART_S2.2_P0000_R3,2025,3,204.5,365.5483,Lentil,NA,NA,1013.31,NA,NA,779.2353899999999,209.18708999999996
929,hart,HART_S10.2_P3123_R1,2023,1,202.0,213.25835,barley,NA,NA,4427.0,NA,NA,1377.6824,962.4240499999999
930,hart,HART_S10.2_P3123_R1,2024,2,198.63049999999998,226.42584117,Canola,Lentil,NA,148.7,156.52,NA,222.96688,-202.08946117
931,hart,HART_S10.2_P3123_R1,2025,3,202.0,299.7992695652174,Wheat,NA,NA,2466.73,NA,NA,888.0228,386.22353043478256
932,hart,HART_S4.2_P1234_R1,2023,1,204.5,242.91929999999996,lentil,NA,NA,1832.0,NA,NA,1408.808,961.3887
933,hart,HART_S4.2_P1234_R1,2024,2,202.0,223.82467649999998,Wheat,NA,NA,896.96,0.0,NA,322.9056,-102.91907649999999
934,hart,HART_S4.2_P1234_R1,2025,3,215.5,226.26579999999998,Canola,NA,NA,0.0,NA,NA,0.0,-441.7658
935,hart,HART_S8_P1234_R3,2023,1,204.5,242.91930000000002,lentil,NA,NA,1407.0,NA,NA,1081.983,634.5636999999999
936,hart,HART_S8_P1234_R3,2024,2,202.0,214.29387340500003,Wheat,NA,NA,1884.35,0.0,NA,678.366,262.072126595
937,hart,HART_S8_P1234_R3,2025,3,193.5,209.55079999999998,Barley,NA,NA,2169.91,NA,NA,675.2759919999999,272.2251919999999
938,hart,HART_S8_P2341_R2,2023,1,202.0,246.75835,wheat,NA,NA,2579.0,NA,NA,928.44,479.68165000000005
939,hart,HART_S8_P2341_R2,2024,2,202.0,198.84890383,Barley,NA,NA,724.57,0.0,NA,225.486184,-175.36271983
940,hart,HART_S8_P2341_R2,2025,3,202.0,282.9405739130435,Wheat,NA,NA,1821.9,NA,NA,655.884,170.9434260869565
941,hart,HART_S10.3_P1231_R2,2023,1,237.1,248.16930000000002,canola,lentil,NA,198.0,1106.0,NA,987.134,501.86469999999997
942,hart,HART_S10.3_P1231_R2,2024,2,202.0,232.17947586,Wheat,NA,NA,883.48,0.0,NA,318.0528,-116.12667586
943,hart,HART_S10.3_P1231_R2,2025,3,193.5,209.55079999999998,Barley,NA,NA,2359.26,NA,NA,734.201712,331.15091200000006
944,hart,HART_S3_P4123_R1,2023,1,202.0,235.75835,barley,NA,NA,3449.0,NA,NA,1073.3288,635.5704499999999
945,hart,HART_S3_P4123_R1,2024,2,193.5,242.32440000000003,Lentil,NA,NA,645.65,0.0,NA,496.50485,60.68044999999995
946,hart,HART_S3_P4123_R1,2025,3,202.0,258.12535652173915,Wheat,NA,NA,2676.56,NA,NA,963.5616,503.43624347826085
947,hart,HART_S6_P4123_R3,2023,1,202.0,235.75835,barley,NA,NA,4053.0,NA,NA,1261.2936,823.5352499999999
948,hart,HART_S6_P4123_R3,2024,2,193.5,242.32439999999997,Lentil,NA,NA,590.43,0.0,NA,454.04067,18.21627000000001
949,hart,HART_S6_P4123_R3,2025,3,224.0,240.17406086956527,Canola,NA,NA,0.0,NA,NA,0.0,-464.17406086956527
950,hart,HART_S8_P3412_R3,2023,1,202.0,235.75834999999998,barley,NA,NA,3982.0,NA,NA,1239.1984,801.44005
951,hart,HART_S8_P3412_R3,2024,2,202.0,256.61117314999996,Wheat,NA,NA,1347.83,0.0,NA,485.21879999999993,26.607626849999974
952,hart,HART_S8_P3412_R3,2025,3,204.5,365.5483,Lentil,NA,NA,1166.84,NA,NA,897.2999599999999,327.25165999999996
953,hart,HART_S3_P2341_R2,2023,1,202.0,246.75835,wheat,NA,NA,2702.0,NA,NA,972.72,523.96165
954,hart,HART_S3_P2341_R2,2024,2,193.5,242.32440000000003,Lentil,NA,NA,621.52,0.0,NA,477.94888,42.12447999999995
955,hart,HART_S3_P2341_R2,2025,3,202.0,227.015147826087,Barley,NA,NA,2773.8,NA,NA,863.20656,434.19141217391297
956,hart,HART_S1.1_P3123_R3,2023,1,202.0,235.75835,barley,NA,NA,3603.0,NA,NA,1121.2536,683.4952499999999
957,hart,HART_S1.1_P3123_R3,2024,2,193.5,242.32440000000003,Lentil,NA,NA,674.13,0.0,NA,518.40597,82.58157
958,hart,HART_S1.1_P3123_R3,2025,3,202.0,280.7484,Wheat,NA,NA,2758.44,NA,NA,993.0384,510.29
959,hart,HART_S10.2_P3123_R2,2023,1,202.0,213.25835,barley,NA,NA,3347.0,NA,NA,1041.5864,626.3280499999998
960,hart,HART_S10.2_P3123_R2,2024,2,205.2825,226.42584117,Canola,Lentil,NA,92.39,478.91,NA,432.03089,0.32254882999998813
961,hart,HART_S10.2_P3123_R2,2025,3,202.0,299.7992695652174,Wheat,NA,NA,2210.85,NA,NA,795.906,294.10673043478255
962,hart,HART_S4.3_P2341_R2,2023,1,202.0,259.75835,wheat,NA,NA,2605.0,NA,NA,937.8,476.04164999999995
963,hart,HART_S4.3_P2341_R2,2024,2,210.5,274.07172099999997,Canola,NA,NA,23.91,0.0,NA,16.497899999999998,-468.07382099999995
964,hart,HART_S4.3_P2341_R2,2025,3,193.5,209.55079999999998,Barley,NA,NA,2384.85,NA,NA,742.16532,339.11451999999997
965,hart,HART_S10.1_P1231_R3,2023,1,241.3,248.16929999999996,canola,lentil,NA,264.0,1208.0,NA,1111.112,621.6427000000001
966,hart,HART_S10.1_P1231_R3,2024,2,202.0,228.395073865,Wheat,NA,NA,849.78,0.0,NA,305.9208,-124.47427386500001
967,hart,HART_S10.1_P1231_R3,2025,3,193.5,209.55079999999998,Barley,NA,NA,2983.62,NA,NA,928.502544,525.451744
968,hart,HART_S5_P0000_R8,2023,1,204.5,242.91930000000002,lentil,NA,NA,1258.0,NA,NA,967.402,519.9827
969,hart,HART_S5_P0000_R8,2024,2,193.5,238.44439999999997,Chickpea,NA,NA,0.0,0.0,NA,0.0,-431.9444
970,hart,HART_S8_P1234_R2,2023,1,204.5,242.91929999999996,lentil,NA,NA,1433.0,NA,NA,1101.977,654.5577000000001
971,hart,HART_S8_P1234_R2,2024,2,202.0,214.29387340500003,Wheat,NA,NA,2115.87,0.0,NA,761.7131999999999,345.4193265949999
972,hart,HART_S8_P1234_R2,2025,3,193.5,209.55079999999998,Barley,NA,NA,2456.5,NA,NA,764.4627999999999,361.4119999999999
973,hart,HART_S4.3_P4123_R1,2023,1,202.0,258.75834999999995,barley,NA,NA,4350.0,NA,NA,1353.7199999999998,892.9616499999998
974,hart,HART_S4.3_P4123_R1,2024,2,193.5,242.32440000000003,Lentil,NA,NA,414.57,0.0,NA,318.80433,-117.02007000000003
975,hart,HART_S4.3_P4123_R1,2025,3,202.0,312.0972695652174,Wheat,NA,NA,3019.45,NA,NA,1087.002,572.9047304347826
976,hart,HART_S2.1_P0000_R3,2023,1,202.0,238.25834999999998,wheat,NA,NA,4340.0,NA,NA,1562.4,1122.14165
977,hart,HART_S2.1_P0000_R3,2024,2,202.0,183.213910535,Barley,NA,NA,1615.2,0.0,NA,502.65024,117.436329465
978,hart,HART_S2.1_P0000_R3,2025,3,204.5,365.54830000000004,Lentil,NA,NA,1013.31,NA,NA,779.2353899999999,209.1870899999999
979,hart,HART_S1.2_P1231_R1,2023,1,204.5,242.91929999999996,lentil,NA,NA,1237.0,NA,NA,951.253,503.8337000000001
980,hart,HART_S1.2_P1231_R1,2024,2,202.0,202.61067411000002,Wheat,NA,NA,2089.35,0.0,NA,752.1659999999999,347.55532588999995
981,hart,HART_S1.2_P1231_R1,2025,3,193.5,209.55079999999998,Barley,NA,NA,2645.85,NA,NA,823.3885199999999,420.3377199999999
982,hart,HART_S1.3_P3123_R1,2023,1,202.0,258.75835,barley,NA,NA,3644.0,NA,NA,1134.0128,673.2544499999999
983,hart,HART_S1.3_P3123_R1,2024,2,193.5,242.32440000000003,Lentil,NA,NA,674.57,0.0,NA,518.7443300000001,82.91993000000008
984,hart,HART_S1.3_P3123_R1,2025,3,202.0,300.74839999999995,Wheat,NA,NA,2420.68,NA,NA,871.4447999999999,368.6963999999999
985,hart,HART_S3_P3412_R1,2023,1,204.5,242.9193,lentil,NA,NA,1607.0,NA,NA,1235.783,788.3636999999999
986,hart,HART_S3_P3412_R1,2024,2,202.0,155.85440000000003,Barley,NA,NA,2572.83,0.0,NA,800.6646959999999,442.8102959999999
987,hart,HART_S3_P3412_R1,2025,3,204.5,365.5483,Lentil,NA,NA,1151.48,NA,NA,885.48812,315.43982
988,hart,HART_S4.2_P2341_R1,2023,1,202.0,246.75835,wheat,NA,NA,2518.0,NA,NA,906.48,457.72165
989,hart,HART_S4.2_P2341_R1,2024,2,210.5,237.424870683,Canola,NA,NA,194.35,0.0,NA,134.1015,-313.823370683
990,hart,HART_S4.2_P2341_R1,2025,3,202.0,239.09123478260872,Barley,NA,NA,2686.8,NA,NA,836.13216,395.0409252173913
991,hart,HART_S9_P3412_R3,2023,1,202.0,246.75835,wheat,NA,NA,3055.0,NA,NA,1099.8,651.0416499999999
992,hart,HART_S9_P3412_R3,2024,2,202.0,220.68351425,Barley,NA,NA,1084.13,0.0,NA,337.381256,-85.30225825
993,hart,HART_S9_P3412_R3,2025,3,215.5,226.94779999999997,Vetch,NA,NA,0.0,NA,NA,0.0,-442.4478
994,hart,HART_S4.3_P1234_R3,2023,1,204.5,242.91929999999996,lentil,NA,NA,1786.0,NA,NA,1373.434,926.0147
995,hart,HART_S4.3_P1234_R3,2024,2,202.0,255.72250499999998,Wheat,NA,NA,2382.17,0.0,NA,857.5812,399.858695
996,hart,HART_S4.3_P1234_R3,2025,3,215.5,226.26579999999998,Canola,NA,NA,0.0,NA,NA,0.0,-441.7658
997,hart,HART_S4.2_P2341_R3,2023,1,202.0,246.75835,wheat,NA,NA,3480.0,NA,NA,1252.8,804.0416499999999
998,hart,HART_S4.2_P2341_R3,2024,2,210.5,237.424870683,Canola,NA,NA,384.78,0.0,NA,265.49819999999994,-182.42667068300005
999,hart,HART_S4.2_P2341_R3,2025,3,202.0,239.09123478260872,Barley,NA,NA,2666.33,NA,NA,829.7618959999999,388.67066121739117
1000,hart,HART_S1.2_P2312_R1,2023,1,202.0,246.75835,wheat,NA,NA,3250.0,NA,NA,1170.0,721.2416499999999
1001,hart,HART_S1.2_P2312_R1,2024,2,202.0,180.720449485,Barley,NA,NA,261.74,0.0,NA,81.453488,-301.266961485
1002,hart,HART_S1.2_P2312_R1,2025,3,204.5,365.5483,Lentil,NA,NA,931.42,NA,NA,716.26198,146.21368
1003,hart,HART_S4.2_P4123_R3,2023,1,202.0,235.75835,barley,NA,NA,3997.0,NA,NA,1243.8664,806.10805
1004,hart,HART_S4.2_P4123_R3,2024,2,193.5,242.32439999999997,Lentil,NA,NA,795.22,0.0,NA,611.52418,175.69978000000003
1005,hart,HART_S4.2_P4123_R3,2025,3,202.0,287.31013913043483,Wheat,NA,NA,2594.68,NA,NA,934.0848,444.77466086956514
1006,hart,HART_S7_P1234_R2,2023,1,204.5,242.91930000000002,lentil,NA,NA,1443.0,NA,NA,1109.667,662.2476999999999
1007,hart,HART_S7_P1234_R2,2024,2,193.5,229.7944,Field pea,NA,NA,773.26,0.0,NA,354.15308,-69.14132000000001
1008,hart,HART_S7_P1234_R2,2025,3,202.0,263.8644869565218,Wheat,NA,NA,2185.26,NA,NA,786.6936000000001,320.8291130434783
1009,hart,HART_S1.2_P3123_R1,2023,1,202.0,235.75835,barley,NA,NA,4463.0,NA,NA,1388.8855999999998,951.1272499999998
1010,hart,HART_S1.2_P3123_R1,2024,2,193.5,242.32440000000003,Lentil,NA,NA,38.04,0.0,NA,29.25276,-406.57164
1011,hart,HART_S1.2_P3123_R1,2025,3,202.0,296.07100869565215,Wheat,NA,NA,2502.56,NA,NA,900.9216,402.85059130434786
1012,hart,HART_S1.1_P2312_R3,2023,1,202.0,246.75835,wheat,NA,NA,2835.0,NA,NA,1020.6,571.8416500000001
1013,hart,HART_S1.1_P2312_R3,2024,2,202.0,205.85440000000003,Barley,NA,NA,710.0,0.0,NA,220.952,-186.90240000000003
1014,hart,HART_S1.1_P2312_R3,2025,3,204.5,365.5483,Lentil,NA,NA,931.42,NA,NA,716.26198,146.21368
1015,hart,HART_S5_P0000_R3,2023,1,204.5,242.91930000000002,lentil,NA,NA,1515.0,NA,NA,1165.035,717.6157000000001
1016,hart,HART_S5_P0000_R3,2024,2,193.5,238.44439999999997,Chickpea,NA,NA,0.0,0.0,NA,0.0,-431.9444
1017,hart,HART_S5_P0000_R3,2025,3,193.5,191.2908,Oats,NA,NA,2047.1,NA,NA,515.8692,131.0784
1018,hart,HART_S9_P2341_R3,2023,1,213.0,236.50179999999997,canola,NA,NA,624.0,NA,NA,430.56,-18.941799999999972
1019,hart,HART_S9_P2341_R3,2024,2,202.0,221.59511175000003,Wheat,NA,NA,780.65,0.0,NA,281.034,-142.56111175000004
1020,hart,HART_S9_P2341_R3,2025,3,193.5,209.55079999999998,Barley,NA,NA,2753.33,NA,NA,856.836296,453.78549599999997
1021,hart,HART_S10.1_P3123_R3,2023,1,193.5,190.25834999999998,barley,NA,NA,3864.0,NA,NA,1202.4768,818.71845
1022,hart,HART_S10.1_P3123_R3,2024,2,197.136,203.295,Canola,Lentil,NA,13.48,571.96,NA,449.13844000000006,48.70744000000008
1023,hart,HART_S10.1_P3123_R3,2025,3,202.0,297.22318260869565,Wheat,NA,NA,2359.26,NA,NA,849.3336,350.1104173913044
1024,hart,HART_S5_P0000_R7,2023,1,204.5,242.91929999999996,lentil,NA,NA,1758.0,NA,NA,1351.902,904.4827
1025,hart,HART_S5_P0000_R7,2024,2,193.5,238.44439999999997,Chickpea,NA,NA,0.0,0.0,NA,0.0,-431.9444
1026,hart,HART_S10.1_P2312_R3,2023,1,193.5,190.25835,wheat,NA,NA,2636.0,NA,NA,948.96,565.20165
1027,hart,HART_S10.1_P2312_R3,2024,2,202.0,193.16680829999999,Barley,NA,NA,1103.91,0.0,NA,343.536792,-51.630016299999994
1028,hart,HART_S10.1_P2312_R3,2025,3,206.0265,187.1908,Canola,Lentil,NA,50.21,450.85,NA,381.3485500000001,-11.868749999999892
1029,hart,HART_S4.3_P3412_R1,2023,1,213.0,249.50179999999997,canola,NA,NA,578.0,NA,NA,398.82,-63.68179999999998
1030,hart,HART_S4.3_P3412_R1,2024,2,202.0,205.27791397000001,Barley,NA,NA,67.39,0.0,NA,20.971768,-386.30614597
1031,hart,HART_S4.3_P3412_R1,2025,3,204.5,365.5483,Lentil,NA,NA,1054.25,NA,NA,810.71825,240.66995000000003
1032,hart,HART_S2.2_P0000_R1,2023,1,202.0,264.25834999999995,wheat,NA,NA,3608.0,NA,NA,1298.88,832.6216500000002
1033,hart,HART_S2.2_P0000_R1,2024,2,202.0,182.41727117500002,Barley,NA,NA,1480.4,0.0,NA,460.70048,76.283208825
1034,hart,HART_S2.2_P0000_R1,2025,3,204.5,365.5483,Lentil,NA,NA,1095.19,NA,NA,842.2011100000001,272.1528100000001
1035,hart,HART_S1.3_P2312_R2,2023,1,202.0,259.75835,wheat,NA,NA,2764.0,NA,NA,995.04,533.2816499999999
1036,hart,HART_S1.3_P2312_R2,2024,2,202.0,230.85439999999997,Barley,NA,NA,701.74,0.0,NA,218.381488,-214.47291199999998
1037,hart,HART_S1.3_P2312_R2,2025,3,204.5,365.5483,Lentil,NA,NA,885.36,NA,NA,680.84184,110.79354000000006
1038,hart,HART_S4.3_P1234_R1,2023,1,204.5,242.91929999999996,lentil,NA,NA,1218.0,NA,NA,936.642,489.2227000000001
1039,hart,HART_S4.3_P1234_R1,2024,2,202.0,255.72250499999998,Wheat,NA,NA,1730.43,0.0,NA,622.9548,165.232295
1040,hart,HART_S4.3_P1234_R1,2025,3,215.5,226.26579999999998,Canola,NA,NA,0.0,NA,NA,0.0,-441.7658
1041,hart,HART_S10.2_P1231_R3,2023,1,236.975,248.1693,canola,lentil,NA,275.0,1024.0,NA,977.206,492.0617
1042,hart,HART_S10.2_P1231_R3,2024,2,202.0,250.74418625,Wheat,NA,NA,818.04,0.0,NA,294.4944,-158.24978625000003
1043,hart,HART_S10.2_P1231_R3,2025,3,193.5,209.55079999999998,Barley,NA,NA,2374.62,NA,NA,738.9817439999999,335.93094399999995
1044,hart,HART_S5_P0000_R1,2023,1,204.5,242.9193,lentil,NA,NA,1835.0,NA,NA,1411.115,963.6957
1045,hart,HART_S5_P0000_R1,2024,2,193.5,238.44439999999997,Chickpea,NA,NA,0.0,0.0,NA,0.0,-431.9444
1046,hart,HART_S5_P0000_R1,2025,3,193.5,191.2908,Oats,NA,NA,2239.49,NA,NA,564.3514799999999,179.56067999999993
1047,hart,HART_S3_P1234_R3,2023,1,204.5,242.9193,lentil,NA,NA,1730.0,NA,NA,1330.37,882.9506999999999
1048,hart,HART_S3_P1234_R3,2024,2,202.0,216.27188242000003,Wheat,NA,NA,1149.35,0.0,NA,413.766,-4.505882420000006
1049,hart,HART_S3_P1234_R3,2025,3,204.5,365.5483,Lentil,NA,NA,1115.66,NA,NA,857.9425400000001,287.89424000000014
1050,hart,HART_S1.3_P1231_R3,2023,1,204.5,242.91930000000002,lentil,NA,NA,1247.0,NA,NA,958.943,511.52369999999996
1051,hart,HART_S1.3_P1231_R3,2024,2,202.0,243.052,Wheat,NA,NA,1604.57,0.0,NA,577.6451999999999,132.59319999999994
1052,hart,HART_S1.3_P1231_R3,2025,3,202.0,284.5508,Barley,NA,NA,2374.62,NA,NA,738.9817439999999,252.43094399999995
1053,hart,HART_S8_P4123_R3,2023,1,202.0,246.75835,wheat,NA,NA,3485.0,NA,NA,1254.6,805.8416499999998
1054,hart,HART_S8_P4123_R3,2024,2,193.5,242.32439999999997,Lentil,NA,NA,686.74,0.0,NA,528.10306,92.27866000000006
1055,hart,HART_S8_P4123_R3,2025,3,202.0,277.83767536231886,Wheat,NA,NA,2553.74,NA,NA,919.3464,439.50872463768115
1056,hart,HART_S1.3_P2312_R3,2023,1,202.0,259.75834999999995,wheat,NA,NA,3112.0,NA,NA,1120.32,658.56165
1057,hart,HART_S1.3_P2312_R3,2024,2,202.0,230.85439999999997,Barley,NA,NA,1211.96,0.0,NA,377.161952,-55.692447999999985
1058,hart,HART_S1.3_P2312_R3,2025,3,204.5,365.5483,Lentil,NA,NA,1284.54,NA,NA,987.81126,417.76295999999996
1059,hart,HART_S1.1_P1231_R2,2023,1,204.5,242.91929999999996,lentil,NA,NA,1319.0,NA,NA,1014.311,566.8917000000001
1060,hart,HART_S1.1_P1231_R2,2024,2,202.0,223.052,Wheat,NA,NA,1835.22,0.0,NA,660.6792,235.62720000000004
1061,hart,HART_S1.1_P1231_R2,2025,3,202.0,259.5508,Barley,NA,NA,2144.32,NA,NA,667.312384,205.76158399999997
1062,hart,HART_S10.1_P3123_R1,2023,1,193.5,190.25835,barley,NA,NA,4452.0,NA,NA,1385.4624,1001.7040499999998
1063,hart,HART_S10.1_P3123_R1,2024,2,196.04325,203.295,Canola,Lentil,NA,40.43,501.3,NA,413.3964,14.05815000000004
1064,hart,HART_S10.1_P3123_R1,2025,3,202.0,297.22318260869565,Wheat,NA,NA,2466.73,NA,NA,888.0228,388.7996173913043
1065,hart,HART_S10.2_P1231_R1,2023,1,239.825,248.1693,canola,lentil,NA,244.0,1169.0,NA,1067.321,579.3266999999998
1066,hart,HART_S10.2_P1231_R1,2024,2,202.0,250.74418625,Wheat,NA,NA,1038.04,0.0,NA,373.6944,-79.04978625000004
1067,hart,HART_S10.2_P1231_R1,2025,3,193.5,209.55079999999998,Barley,NA,NA,3172.98,NA,NA,987.431376,584.380576
1068,hart,HART_S4.1_P4123_R2,2023,1,202.0,209.25835,barley,NA,NA,3209.0,NA,NA,998.6408,587.3824500000001
1069,hart,HART_S4.1_P4123_R2,2024,2,193.5,242.32439999999997,Lentil,NA,NA,1022.39,0.0,NA,786.21791,350.39351
1070,hart,HART_S4.1_P4123_R2,2025,3,202.0,257.81674782608695,Wheat,NA,NA,2389.97,NA,NA,860.3891999999998,400.5724521739129
1071,hart,HART_S7_P2341_R2,2023,1,204.5,230.3862,field pea,NA,NA,1582.0,NA,NA,724.556,289.6698
1072,hart,HART_S7_P2341_R2,2024,2,202.0,229.628198315,Wheat,NA,NA,1618.26,0.0,NA,582.5735999999999,150.94540168499995
1073,hart,HART_S7_P2341_R2,2025,3,193.5,209.55079999999998,Barley,NA,NA,2466.73,NA,NA,767.6463759999999,364.59557599999994
1074,hart,HART_S4.2_P3412_R2,2023,1,213.0,236.50180000000003,canola,NA,NA,573.0,NA,NA,395.37,-54.13180000000003
1075,hart,HART_S4.2_P3412_R2,2024,2,202.0,179.28229034,Barley,NA,NA,403.04,0.0,NA,125.426048,-255.85624234
1076,hart,HART_S4.2_P3412_R2,2025,3,204.5,365.54830000000004,Lentil,NA,NA,890.48,NA,NA,684.77912,114.73082
1077,hart,HART_S5_P0000_R2,2023,1,204.5,242.91929999999996,lentil,NA,NA,1680.0,NA,NA,1291.92,844.5007
1078,hart,HART_S5_P0000_R2,2024,2,193.5,238.44439999999997,Chickpea,NA,NA,0.0,0.0,NA,0.0,-431.9444
1079,hart,HART_S5_P0000_R2,2025,3,193.5,191.2908,Oats,NA,NA,2125.36,NA,NA,535.59072,150.79992000000004
1080,hart,HART_S3_P4123_R2,2023,1,202.0,235.75834999999998,barley,NA,NA,3306.0,NA,NA,1028.8272,591.06885
1081,hart,HART_S3_P4123_R2,2024,2,193.5,242.32440000000003,Lentil,NA,NA,932.17,0.0,NA,716.8387299999999,281.0143299999999
1082,hart,HART_S3_P4123_R2,2025,3,202.0,258.12535652173915,Wheat,NA,NA,2400.2,NA,NA,864.0719999999999,403.94664347826074
1083,hart,HART_S1.1_P1231_R1,2023,1,204.5,242.91929999999996,lentil,NA,NA,1938.0,NA,NA,1490.322,1042.9026999999999
1084,hart,HART_S1.1_P1231_R1,2024,2,202.0,223.052,Wheat,NA,NA,1338.04,0.0,NA,481.6944,56.64239999999998
1085,hart,HART_S1.1_P1231_R1,2025,3,202.0,259.5508,Barley,NA,NA,3239.51,NA,NA,1008.135512,546.584712
1086,streatham,STREATHAM_S5_P1231_R2,2023,1,307.0,1275.4,canola,NA,NA,4677.0,NA,NA,3227.13,1644.73
1087,streatham,STREATHAM_S5_P1231_R2,2024,2,259.5,1083.0697467391306,Wheat,NA,NA,3442.760943,0.0,NA,1239.39393948,-103.17580725913058
1088,streatham,STREATHAM_S5_P1231_R2,2025,3,232.5,978.8171014,Barley,NA,NA,11017.55,0.0,NA,3428.66156,2217.3444586
1089,streatham,STREATHAM_S13_P0000_R6,NA,NA,NA,NA,NA,NA,NA,NA,NA,NA,NA,NA
1090,streatham,STREATHAM_S8_P3123_R2,2023,1,296.0,1399.8675999999998,wheat,NA,NA,5750.0,NA,NA,2070.0,374.1324000000002
1091,streatham,STREATHAM_S8_P3123_R2,2024,2,207.0,659.3,Vetch,NA,NA,0.0,0.0,NA,0.0,-866.3
1092,streatham,STREATHAM_S8_P3123_R2,2025,3,232.5,925.464927515,Canola,NA,NA,5362.66,0.0,NA,3700.2354,2542.270472485
1093,streatham,STREATHAM_S9.1_P1212_R3,2023,1,379.488,1073.95,canola,field pea,NA,3199.68,1599.84,NA,2940.50592,1487.0679200000002
1094,streatham,STREATHAM_S9.1_P1212_R3,2024,2,259.5,1104.9568771739132,Wheat,NA,NA,3167.002688,0.0,NA,1140.12096768,-224.33590949391328
1095,streatham,STREATHAM_S9.1_P1212_R3,2025,3,322.2525,785.0500000000001,Canola,Field pea,NA,2894.29,1375.81,NA,2627.18108,1519.8785799999996
1096,streatham,STREATHAM_S11_P0000_R3,2023,1,327.2,1225.4225,wheat,barley,faba bean,4588.0,NA,NA,1651.6799999999998,99.05749999999989
1097,streatham,STREATHAM_S11_P0000_R3,2024,2,531.475,2158.8602192028984,Wheat,barley,fababean,4817.0,0.0,NA,5502.76670226,2812.431483057101
1098,streatham,STREATHAM_S11_P0000_R3,2025,3,238.5,2745.0915923000002,Wheat,NA,NA,7127.45,0.0,NA,2565.882,-417.70959230000017
1099,streatham,STREATHAM_S2.2_P1234_R1,2023,1,292.5,1266.3500000000001,faba bean,NA,NA,2361.0,NA,NA,1121.475,-437.3750000000002
1100,streatham,STREATHAM_S2.2_P1234_R1,2024,2,248.5,910.4324655797102,Canola,NA,NA,2918.069585,0.0,NA,2013.46801365,854.5355480702899
1101,streatham,STREATHAM_S2.2_P1234_R1,2025,3,230.0,1054.4114261,Wheat,NA,NA,6947.59,0.0,NA,2501.1324,1216.7209739
1102,streatham,STREATHAM_S10_P2121_R1,2023,1,328.825,1090.88,wheat ,vetch ,NA,2873.0,NA,NA,1034.28,-385.4250000000002
1103,streatham,STREATHAM_S10_P2121_R1,2024,2,265.892817055,819.9151902173915,Canola,Field Pea,NA,1515.151515,500.5611672,NA,1274.7115599276,188.9035526552086
1104,streatham,STREATHAM_S10_P2121_R1,2025,3,313.45825,837.57897105,Wheat,Vetch,NA,3678.33,0.0,NA,1324.1988,173.16157894999992
1105,streatham,STREATHAM_S2.2_P4123_R3,2023,1,296.0,1399.8675999999998,wheat,NA,NA,5410.0,NA,NA,1947.6,251.7324000000001
1106,streatham,STREATHAM_S2.2_P4123_R3,2024,2,240.0,836.633,Faba bean,NA,NA,3169.802867,0.0,NA,1505.656361825,429.02336182499994
1107,streatham,STREATHAM_S2.2_P4123_R3,2025,3,232.5,982.7952174000001,Canola,NA,NA,5272.61,0.0,NA,3638.1009,2422.8056825999997
1108,streatham,STREATHAM_S4_P3123_R3,2023,1,296.0,1399.8675999999998,wheat,NA,NA,5438.0,NA,NA,1957.68,261.81240000000025
1109,streatham,STREATHAM_S4_P3123_R3,2024,2,286.0,635.0,Wheat,Vetch,NA,3600.0,0.0,NA,0.0,-921.0
1110,streatham,STREATHAM_S4_P3123_R3,2025,3,243.5,920.652028995,Canola,NA,NA,5148.99,0.0,NA,3552.8031,2388.651071005
1111,streatham,STREATHAM_S9.1_P2121_R3,2023,1,296.0,1399.8675999999998,wheat,NA,NA,5023.0,NA,NA,1808.28,112.41240000000016
1112,streatham,STREATHAM_S9.1_P2121_R3,2024,2,280.71471775,654.1,Canola,Field Pea,NA,2948.58871,0.0,NA,2034.5262099,1099.7114921500001
1113,streatham,STREATHAM_S9.1_P2121_R3,2025,3,230.0,1072.7083478,Wheat,NA,NA,8019.86,0.0,NA,2887.1496,1584.4412522000002
1114,streatham,STREATHAM_S11_P0000_R4,NA,NA,NA,NA,NA,NA,NA,NA,NA,NA,NA,NA
1115,streatham,STREATHAM_S10_P2121_R3,2023,1,343.975,1090.88,wheat ,vetch ,NA,3479.0,NA,NA,1252.44,-182.41500000000008
1116,streatham,STREATHAM_S10_P2121_R3,2024,2,264.6291442675,819.9151902173915,Canola,Field Pea,NA,1204.077061,761.0887097,NA,1179.3918011326,94.84746664770853
1117,streatham,STREATHAM_S10_P2121_R3,2025,3,290.7175,837.57897105,Wheat,Vetch,NA,2768.7,0.0,NA,996.732,-131.56447104999995
1118,streatham,STREATHAM_S1.3_P2121_R3,2023,1,296.0,1414.8675999999998,wheat,NA,NA,4361.0,NA,NA,1569.96,-140.90759999999977
1119,streatham,STREATHAM_S1.3_P2121_R3,2024,2,262.0,811.5450000000001,Canola,NA,NA,2833.781362,0.0,NA,1955.30913978,881.7641397799998
1120,streatham,STREATHAM_S1.3_P2121_R3,2025,3,221.5,1011.0976,Wheat,NA,NA,7488.06,0.0,NA,2695.7016,1463.1039999999998
1121,streatham,STREATHAM_S6.2_P1231_R3,2023,1,226.5,961.9,balansa clover,balansa clover,chicory ,0.0,NA,NA,0.0,-1188.4
1122,streatham,STREATHAM_S6.2_P1231_R3,2024,2,259.5,1041.8964365942031,Canola,NA,NA,1948.924731,0.0,NA,1344.7580643899998,43.36162779579672
1123,streatham,STREATHAM_S6.2_P1231_R3,2025,3,230.0,1057.8897695,Wheat,NA,NA,6296.78,0.0,NA,2266.8408,978.9510304999999
1124,streatham,STREATHAM_S13_P0000_R4,NA,NA,NA,NA,NA,NA,NA,NA,NA,NA,NA,NA
1125,streatham,STREATHAM_S6.2_P2312_R1,2023,1,307.0,1275.4,canola,NA,NA,4349.0,NA,NA,3000.81,1418.4099999999999
1126,streatham,STREATHAM_S6.2_P2312_R1,2024,2,259.5,1117.1976597826088,Wheat,NA,NA,2898.428732,0.0,NA,1043.43434352,-333.26331626260867
1127,streatham,STREATHAM_S6.2_P2312_R1,2025,3,215.5,716.6999999999999,Pasture,NA,NA,0.0,0.0,NA,0.0,-932.1999999999999
1128,streatham,STREATHAM_S2.3_P1234_R1,2023,1,270.5,1200.1524999999997,faba bean,NA,NA,2572.0,NA,NA,1221.7,-248.95249999999965
1129,streatham,STREATHAM_S2.3_P1234_R1,2024,2,281.5,1000.5082771739131,Canola,NA,NA,2376.54321,0.0,NA,1639.8148148999996,357.8065377260865
1130,streatham,STREATHAM_S2.3_P1234_R1,2025,3,221.5,980.6987593999999,Wheat,NA,NA,6469.79,0.0,NA,2329.1244,1126.9256406000004
1131,streatham,STREATHAM_S2.1_P4123_R3,2023,1,296.0,1352.3675999999998,wheat,NA,NA,3683.0,NA,NA,1325.88,-322.4875999999997
1132,streatham,STREATHAM_S2.1_P4123_R3,2024,2,240.0,836.633,Faba bean,NA,NA,2987.791219,0.0,NA,1419.200829025,342.56782902500004
1133,streatham,STREATHAM_S2.1_P4123_R3,2025,3,232.5,979.0160870000001,Canola,NA,NA,4963.83,0.0,NA,3425.0426999999995,2213.5266129999995
1134,streatham,STREATHAM_S7_P1234_R3,2023,1,226.5,961.9,balansa clover,balansa clover,chicory ,0.0,NA,NA,0.0,-1188.4
1135,streatham,STREATHAM_S7_P1234_R3,2024,2,185.0,611.0,Pasture,NA,NA,0.0,0.0,NA,0.0,-796.0
1136,streatham,STREATHAM_S7_P1234_R3,2025,3,252.0,1036.62028985,Canola,NA,NA,4832.67,0.0,NA,3334.5423,2045.92201015
1137,streatham,STREATHAM_S8_P2312_R2,2023,1,307.0,1275.4,canola,NA,NA,4494.0,NA,NA,3100.86,1518.46
1138,streatham,STREATHAM_S8_P2312_R2,2024,2,259.5,1117.9322394927535,Wheat,NA,NA,2828.282828,0.0,NA,1018.18181808,-359.25042141275355
1139,streatham,STREATHAM_S8_P2312_R2,2025,3,193.5,687.0,Vetch,NA,NA,0.0,0.0,NA,0.0,-880.5
1140,streatham,STREATHAM_S1.2_P2121_R1,2023,1,296.0,1399.8675999999998,wheat,NA,NA,6047.0,NA,NA,2176.92,481.05240000000026
1141,streatham,STREATHAM_S1.2_P2121_R1,2024,2,240.0,736.39,Canola,NA,NA,3498.877666,0.0,NA,2414.22558954,1437.83558954
1142,streatham,STREATHAM_S1.2_P2121_R1,2025,3,230.0,1046.4326,Wheat,NA,NA,6802.12,0.0,NA,2448.7632,1172.3305999999998
1143,streatham,STREATHAM_S1.4_P2121_R1,2023,1,296.0,1442.3675999999998,wheat,NA,NA,5489.0,NA,NA,1976.04,237.67240000000015
1144,streatham,STREATHAM_S1.4_P2121_R1,2024,2,248.5,903.0347554347826,Canola,NA,NA,0.0,0.0,NA,0.0,-1151.5347554347827
1145,streatham,STREATHAM_S1.4_P2121_R1,2025,3,230.0,1098.6594043999999,Wheat,NA,NA,7269.49,0.0,NA,2617.0164,1288.3569956000001
1146,streatham,STREATHAM_S1.1_P1212_R1,2023,1,307.0,1225.4,canola,NA,NA,4389.0,NA,NA,3028.41,1496.0099999999998
1147,streatham,STREATHAM_S1.1_P1212_R1,2024,2,248.5,1075.0870130434785,Wheat,NA,NA,2511.223345,0.0,NA,904.0404042,-419.54660884347845
1148,streatham,STREATHAM_S1.1_P1212_R1,2025,3,243.5,891.45550725,Canola,NA,NA,2984.63,0.0,NA,2059.3947,924.4391927499998
1149,streatham,STREATHAM_S12_P0000_R1,2023,1,216.0,1399.8675999999998,wheat,NA,NA,5544.0,NA,NA,1995.84,379.9724000000001
1150,streatham,STREATHAM_S12_P0000_R1,2024,2,295.5,2152.9063351449277,Wheat,NA,NA,4826.0,0.0,NA,5662.26662178,3213.860286635072
1151,streatham,STREATHAM_S12_P0000_R1,2025,3,202.0,2405.25,Faba bean,NA,NA,3869.31,0.0,NA,1837.92225,-769.3277499999999
1152,streatham,STREATHAM_S7_P4123_R1,2023,1,296.0,1399.8675999999998,wheat,NA,NA,5622.0,NA,NA,2023.92,328.05240000000026
1153,streatham,STREATHAM_S7_P4123_R1,2024,2,185.0,611.0,Pasture,NA,NA,0.0,0.0,NA,0.0,-796.0
1154,streatham,STREATHAM_S2.4_P2341_R3,2023,1,307.0,1315.4,canola,NA,NA,4479.0,NA,NA,3090.51,1468.1100000000001
1155,streatham,STREATHAM_S2.4_P2341_R3,2024,2,259.5,1141.5338336956522,Wheat,NA,NA,3099.798387,0.0,NA,1115.92741932,-285.1064143756523
1156,streatham,STREATHAM_S2.4_P2341_R3,2025,3,230.0,1011.7831739000001,Wheat,NA,NA,8220.65,0.0,NA,2959.434,1717.6508261000001
1157,streatham,STREATHAM_S8_P2312_R3,2023,1,307.0,1275.4,canola,NA,NA,4178.0,NA,NA,2882.82,1300.42
1158,streatham,STREATHAM_S8_P2312_R3,2024,2,259.5,1117.9322394927535,Wheat,NA,NA,2802.979391,0.0,NA,1009.07258076,-368.3596587327535
1159,streatham,STREATHAM_S8_P2312_R3,2025,3,193.5,687.0,Vetch,NA,NA,0.0,0.0,NA,0.0,-880.5
1160,streatham,STREATHAM_S5_P3123_R3,2023,1,285.0,1354.4699999999998,barley,NA,NA,5779.0,NA,NA,1798.4247999999998,158.95479999999998
1161,streatham,STREATHAM_S5_P3123_R3,2024,2,248.5,894.4896539855073,Canola,NA,NA,3147.401434,0.0,NA,2171.70698946,1028.7173354744928
1162,streatham,STREATHAM_S5_P3123_R3,2025,3,230.0,1061.8728695,Wheat,NA,NA,8550.61,0.0,NA,3078.2196,1786.3467305
1163,streatham,STREATHAM_S2.2_P2341_R2,2023,1,307.0,1275.4,canola,NA,NA,4442.0,NA,NA,3064.98,1482.58
1164,streatham,STREATHAM_S2.2_P2341_R2,2024,2,259.5,1111.250761231884,Wheat,NA,NA,3232.323232,0.0,NA,1163.63636352,-207.11439771188407
1165,streatham,STREATHAM_S2.2_P2341_R2,2025,3,230.0,1058.2549217,Wheat,NA,NA,9415.7,0.0,NA,3389.652,2101.3970783
1166,streatham,STREATHAM_S1.4_P1212_R2,2023,1,307.0,1315.4,canola,NA,NA,430.0,NA,NA,296.7,-1325.7
1167,streatham,STREATHAM_S1.4_P1212_R2,2024,2,248.5,1106.6266742753623,Wheat,NA,NA,2581.369248,0.0,NA,929.29292928,-425.8337449953624
1168,streatham,STREATHAM_S1.4_P1212_R2,2025,3,243.5,951.1166667000001,Canola,NA,NA,4811.01,0.0,NA,3319.5969,2124.9802333
1169,streatham,STREATHAM_S11_P0000_R7,NA,NA,NA,NA,NA,NA,NA,NA,NA,NA,NA,NA
1170,streatham,STREATHAM_S1.2_P2121_R3,2023,1,296.0,1399.8675999999998,wheat,NA,NA,5175.0,NA,NA,1863.0,167.1324000000002
1171,streatham,STREATHAM_S1.2_P2121_R3,2024,2,240.0,736.39,Canola,NA,NA,3435.819892,0.0,NA,2370.71572548,1394.32572548
1172,streatham,STREATHAM_S1.2_P2121_R3,2025,3,230.0,1046.4326,Wheat,NA,NA,7474.86,0.0,NA,2690.9496,1414.5169999999998
1173,streatham,STREATHAM_S9.1_P2121_R2,2023,1,296.0,1399.8675999999998,wheat,NA,NA,4564.0,NA,NA,1643.04,-52.82759999999985
1174,streatham,STREATHAM_S9.1_P2121_R2,2024,2,269.9629629725,654.1,Canola,Field Pea,NA,1907.968575,610.5499439,NA,1596.1301910562,672.0672280836999
1175,streatham,STREATHAM_S9.1_P2121_R2,2025,3,230.0,1072.7083478,Wheat,NA,NA,7357.95,0.0,NA,2648.862,1346.1536522000001
1176,streatham,STREATHAM_S2.1_P4123_R1,2023,1,296.0,1352.3675999999998,wheat,NA,NA,5625.0,NA,NA,2025.0,376.6324000000002
1177,streatham,STREATHAM_S2.1_P4123_R1,2024,2,240.0,836.633,Faba bean,NA,NA,0.0,0.0,NA,0.0,-1076.633
1178,streatham,STREATHAM_S2.1_P4123_R1,2025,3,232.5,979.016087,Canola,NA,NA,4224.85,0.0,NA,2915.1465,1703.6304129999999
1179,streatham,STREATHAM_S2.4_P4123_R3,2023,1,296.0,1442.3675999999998,wheat,NA,NA,5641.0,NA,NA,2030.76,292.3924000000002
1180,streatham,STREATHAM_S2.4_P4123_R3,2024,2,240.0,836.633,Faba bean,NA,NA,3393.817204,0.0,NA,1612.0631718999998,535.4301718999998
1181,streatham,STREATHAM_S2.4_P4123_R3,2025,3,241.0,1025.21666665,Canola,NA,NA,5447.07,0.0,NA,3758.4782999999993,2492.261633349999
1182,streatham,STREATHAM_S1.2_P1212_R2,2023,1,307.0,1275.4,canola,NA,NA,4308.0,NA,NA,2972.52,1390.12
1183,streatham,STREATHAM_S1.2_P1212_R2,2024,2,240.0,861.0076,Wheat,NA,NA,2710.43771,0.0,NA,975.7575756,-125.25002440000003
1184,streatham,STREATHAM_S1.2_P1212_R2,2025,3,252.0,1022.5500000000001,Canola,NA,NA,4558.36,0.0,NA,3145.2683999999995,1870.7183999999993
1185,streatham,STREATHAM_S10_P1212_R3,2023,1,390.38860999999997,1123.9499999999998,canola,field pea,NA,3037.0296,1518.5148,NA,2791.0302024,1276.6915924
1186,streatham,STREATHAM_S10_P1212_R3,2024,2,221.641801075,822.5826974637681,Wheat,Vetch,NA,1125.672043,0.0,NA,405.24193548,-638.9825630587682
1187,streatham,STREATHAM_S10_P1212_R3,2025,3,344.17925,856.9655072500001,Canola,Field pea,NA,3646.25,820.92,NA,2891.89386,1690.74910275
1188,streatham,STREATHAM_S1.4_P2121_R3,2023,1,296.0,1442.3675999999998,wheat,NA,NA,4920.0,NA,NA,1771.2,32.832400000000234
1189,streatham,STREATHAM_S1.4_P2121_R3,2024,2,248.5,903.0347554347826,Canola,NA,NA,3603.830645,0.0,NA,2486.64314505,1335.1083896152172
1190,streatham,STREATHAM_S1.4_P2121_R3,2025,3,230.0,1098.6594044,Wheat,NA,NA,6977.23,0.0,NA,2511.8028,1183.1433955999998
1191,streatham,STREATHAM_S4_P2312_R3,2023,1,307.0,1275.4,canola,NA,NA,4172.0,NA,NA,2878.68,1296.2799999999997
1192,streatham,STREATHAM_S4_P2312_R3,2024,2,259.5,1113.37238442029,Wheat,NA,NA,2444.556452,0.0,NA,880.04032272,-492.83206170029007
1193,streatham,STREATHAM_S4_P2312_R3,2025,3,204.5,711.0,Wheat,Vetch,NA,0.0,0.0,NA,0.0,-915.5
1194,streatham,STREATHAM_S13_P0000_R7,NA,NA,NA,NA,NA,NA,NA,NA,NA,NA,NA,NA
1195,streatham,STREATHAM_S1.1_P2121_R2,2023,1,296.0,1352.3675999999998,wheat,NA,NA,5500.0,NA,NA,1980.0,331.6324000000002
1196,streatham,STREATHAM_S1.1_P2121_R2,2024,2,248.5,852.0550362318841,Canola,NA,NA,3268.799102,0.0,NA,2255.47138038,1154.916344148116
1197,streatham,STREATHAM_S1.1_P2121_R2,2025,3,230.0,1051.3935044,Wheat,NA,NA,34.32,0.0,NA,12.3552,-1269.0383044
1198,streatham,STREATHAM_S1.4_P2121_R2,2023,1,296.0,1442.3675999999998,wheat,NA,NA,5317.0,NA,NA,1914.12,175.75240000000008
1199,streatham,STREATHAM_S1.4_P2121_R2,2024,2,248.5,903.0347554347826,Canola,NA,NA,3358.585859,0.0,NA,2317.42424271,1165.889487275217
1200,streatham,STREATHAM_S1.4_P2121_R2,2025,3,230.0,1098.6594043999999,Wheat,NA,NA,8382.25,0.0,NA,3017.61,1688.9505956000003
1201,streatham,STREATHAM_S6.2_P1231_R2,2023,1,226.5,961.9,balansa clover,balansa clover,chicory ,0.0,NA,NA,0.0,-1188.4
1202,streatham,STREATHAM_S6.2_P1231_R2,2024,2,259.5,1041.8964365942031,Canola,NA,NA,1882.716049,0.0,NA,1299.07407381,-2.322362784203051
1203,streatham,STREATHAM_S6.2_P1231_R2,2025,3,230.0,1057.8897695,Wheat,NA,NA,4655.57,0.0,NA,1676.0051999999998,388.1154304999998
1204,streatham,STREATHAM_S6.1_P3123_R2,2023,1,296.0,1399.8675999999998,wheat,NA,NA,5212.0,NA,NA,1876.32,180.45240000000013
1205,streatham,STREATHAM_S6.1_P3123_R2,2024,2,218.0,646.475,Pasture,NA,NA,0.0,0.0,NA,0.0,-864.475
1206,streatham,STREATHAM_S6.1_P3123_R2,2025,3,243.5,990.7555072000001,Canola,NA,NA,4457.42,0.0,NA,3075.6198,1841.3642928
1207,streatham,STREATHAM_S7_P2341_R2,2023,1,226.5,961.9,Perennial ryegrass,sub clover,NA,0.0,NA,NA,0.0,-1188.4
1208,streatham,STREATHAM_S7_P2341_R2,2024,2,248.5,898.9578278985507,Canola,NA,NA,1778.900112,0.0,NA,1227.44107728,79.98324938144924
1209,streatham,STREATHAM_S7_P2341_R2,2025,3,230.0,1072.8518261,Wheat,NA,NA,6086.8,0.0,NA,2191.248,888.3961739000001
1210,streatham,STREATHAM_S3_P4123_R2,2023,1,296.0,1399.8675999999998,wheat,NA,NA,6149.0,NA,NA,2213.64,517.7724000000001
1211,streatham,STREATHAM_S3_P4123_R2,2024,2,240.0,836.633,Faba bean,NA,NA,3367.003367,0.0,NA,1599.3265993249995,522.6935993249995
1212,streatham,STREATHAM_S3_P4123_R2,2025,3,230.0,1025.3671217,Wheat,NA,NA,7766.76,0.0,NA,2796.0336,1540.6664783
1213,streatham,STREATHAM_S2.4_P2341_R2,2023,1,307.0,1315.4,canola,NA,NA,4218.0,NA,NA,2910.42,1288.02
1214,streatham,STREATHAM_S2.4_P2341_R2,2024,2,259.5,1141.5338336956522,Wheat,NA,NA,2707.631874,0.0,NA,974.74747464,-426.28635905565227
1215,streatham,STREATHAM_S2.4_P2341_R2,2025,3,230.0,1011.7831739000001,Wheat,NA,NA,7406.44,0.0,NA,2666.3184,1424.5352261
1216,streatham,STREATHAM_S2.4_P3412_R1,2023,1,296.0,1442.3675999999998,wheat,NA,NA,5576.0,NA,NA,2007.36,268.9924000000001
1217,streatham,STREATHAM_S2.4_P3412_R1,2024,2,259.5,1111.9089351449275,Wheat,NA,NA,2143.65881,0.0,NA,771.7171715999999,-599.6917635449275
1218,streatham,STREATHAM_S2.4_P3412_R1,2025,3,215.5,846.0500000000001,Faba bean,NA,NA,4853.6,0.0,NA,2305.46,1243.9099999999999
1219,streatham,STREATHAM_S9.3_P1212_R3,2023,1,394.46320249999997,1173.95,canola,field pea,NA,3145.6854,1572.8427,NA,2890.8848825999994,1322.4716800999993
1220,streatham,STREATHAM_S9.3_P1212_R3,2024,2,259.5,1137.8693699275361,Wheat,NA,NA,0.0,0.0,NA,0.0,-1397.3693699275361
1221,streatham,STREATHAM_S9.3_P1212_R3,2025,3,332.1015,905.1098551000001,Canola,Field pea,NA,3248.82,735.24,NA,2578.42572,1341.2143649000004
1222,streatham,STREATHAM_S3_P3412_R1,2023,1,307.0,1275.4,canola,NA,NA,4282.0,NA,NA,2954.58,1372.1799999999998
1223,streatham,STREATHAM_S3_P3412_R1,2024,2,259.5,1088.006297463768,Wheat,NA,NA,2637.485971,0.0,NA,949.49494956,-398.01134790376807
1224,streatham,STREATHAM_S3_P3412_R1,2025,3,215.5,846.0500000000001,Faba bean,NA,NA,3811.66,0.0,NA,1810.5385,748.9885
1225,streatham,STREATHAM_S12_P0000_R9,NA,NA,NA,NA,NA,NA,NA,NA,NA,NA,NA,NA
1226,streatham,STREATHAM_S11_P0000_R1,2023,1,410.7,1225.4225,wheat,barley,faba bean,4728.0,NA,NA,1702.08,65.95749999999998
1227,streatham,STREATHAM_S11_P0000_R1,2024,2,449.8,2158.8602192028984,Wheat,barley,fababean,4896.0,0.0,NA,5482.89867546,2874.2384562571015
1228,streatham,STREATHAM_S11_P0000_R1,2025,3,219.0,2745.0915923000007,Wheat,NA,NA,6378.08,0.0,NA,2296.1088,-667.9827923000007
1229,streatham,STREATHAM_S2.4_P3412_R2,2023,1,296.0,1442.3675999999998,wheat,NA,NA,4837.0,NA,NA,1741.32,2.952400000000125
1230,streatham,STREATHAM_S2.4_P3412_R2,2024,2,259.5,1111.9089351449275,Wheat,NA,NA,3016.27385,0.0,NA,1085.858586,-285.5503491449274
1231,streatham,STREATHAM_S2.4_P3412_R2,2025,3,215.5,846.0500000000001,Faba bean,NA,NA,3773.75,0.0,NA,1792.53125,730.9812499999999
1232,streatham,STREATHAM_S9.1_P2121_R1,2023,1,296.0,1399.8675999999998,wheat,NA,NA,6204.0,NA,NA,2233.44,537.5724000000002
1233,streatham,STREATHAM_S9.1_P2121_R1,2024,2,266.427609435,654.1,Canola,Field Pea,NA,1767.676768,609.4276094,NA,1498.8148150252,578.2872055902
1234,streatham,STREATHAM_S9.1_P2121_R1,2025,3,230.0,1072.7083478,Wheat,NA,NA,7570.2,0.0,NA,2725.272,1422.5636522
1235,streatham,STREATHAM_S2.2_P4123_R1,2023,1,296.0,1399.8675999999998,wheat,NA,NA,5712.0,NA,NA,2056.32,360.45240000000035
1236,streatham,STREATHAM_S2.2_P4123_R1,2024,2,240.0,836.633,Faba bean,NA,NA,3069.584736,0.0,NA,1458.0527495999995,381.4197495999995
1237,streatham,STREATHAM_S2.2_P4123_R1,2025,3,232.5,982.7952174000001,Canola,NA,NA,3945.27,0.0,NA,2722.2363,1506.9410825999998
1238,streatham,STREATHAM_S4_P3123_R2,2023,1,296.0,1399.8675999999998,wheat,NA,NA,5320.0,NA,NA,1915.2,219.33240000000023
1239,streatham,STREATHAM_S4_P3123_R2,2024,2,296.0,635.0,Wheat,Vetch,NA,4000.0,0.0,NA,0.0,-931.0
1240,streatham,STREATHAM_S4_P3123_R2,2025,3,243.5,920.652028995,Canola,NA,NA,4640.89,0.0,NA,3202.2141,2038.0620710050002
1241,streatham,STREATHAM_S2.4_P1234_R3,2023,1,292.5,1266.3500000000001,faba bean,NA,NA,2242.0,NA,NA,1064.95,-493.9000000000001
1242,streatham,STREATHAM_S2.4_P1234_R3,2024,2,248.5,916.3794221014491,Canola,NA,NA,2959.789427,0.0,NA,2042.25470463,877.375282528551
1243,streatham,STREATHAM_S2.4_P1234_R3,2025,3,230.0,1089.5669,Wheat,NA,NA,7185.45,0.0,NA,2586.762,1267.1951000000001
1244,streatham,STREATHAM_S5_P2312_R2,2023,1,296.0,1399.8675999999998,wheat,NA,NA,5442.0,NA,NA,1959.12,263.2524000000001
1245,streatham,STREATHAM_S5_P2312_R2,2024,2,237.5,911.807277173913,Barley,NA,NA,4789.56229,0.0,NA,1490.5117846479998,341.20450747408677
1246,streatham,STREATHAM_S5_P2312_R2,2025,3,232.5,906.03869565,Canola,NA,NA,5242.56,0.0,NA,3617.3664,2478.8277043499997
1247,streatham,STREATHAM_S12_P0000_R8,NA,NA,NA,NA,NA,NA,NA,NA,NA,NA,NA,NA
1248,streatham,STREATHAM_S7_P2341_R1,2023,1,226.5,961.9,Perennial ryegrass,sub clover,NA,0.0,NA,NA,0.0,-1188.4
1249,streatham,STREATHAM_S7_P2341_R1,2024,2,248.5,898.9578278985507,Canola,NA,NA,1820.987654,0.0,NA,1256.48148126,109.0236533614493
1250,streatham,STREATHAM_S7_P2341_R1,2025,3,230.0,1072.8518261,Wheat,NA,NA,6742.86,0.0,NA,2427.4296,1124.5777739
1251,streatham,STREATHAM_S6.1_P2312_R1,2023,1,307.0,1275.4,canola,NA,NA,4326.0,NA,NA,2984.94,1402.54
1252,streatham,STREATHAM_S6.1_P2312_R1,2024,2,259.5,1154.8945873188406,Wheat,NA,NA,2023.007856,0.0,NA,728.28282816,-686.1117591588406
1253,streatham,STREATHAM_S6.1_P2312_R1,2025,3,204.5,710.0999999999999,Pasture,NA,NA,0.0,0.0,NA,0.0,-914.5999999999999
1254,streatham,STREATHAM_S2.1_P1234_R1,2023,1,292.5,1266.3500000000001,faba bean,NA,NA,2538.0,NA,NA,1205.55,-353.3000000000002
1255,streatham,STREATHAM_S2.1_P1234_R1,2024,2,248.5,825.027963768116,Canola,NA,NA,3097.643098,0.0,NA,2137.37373762,1063.8457738518841
1256,streatham,STREATHAM_S2.1_P1234_R1,2025,3,230.0,1026.6882695,Wheat,NA,NA,6931.84,0.0,NA,2495.4624,1238.7741305
1257,streatham,STREATHAM_S6.1_P1231_R2,2023,1,226.5,961.9,balansa clover,balansa clover,chicory ,0.0,NA,NA,0.0,-1188.4
1258,streatham,STREATHAM_S6.1_P1231_R2,2024,2,259.5,1008.9681177536233,Canola,NA,NA,2474.747475,0.0,NA,1707.57575775,439.10763999637675
1259,streatham,STREATHAM_S6.1_P1231_R2,2025,3,230.0,1060.1304695000001,Wheat,NA,NA,5072.67,0.0,NA,1826.1612,536.0307304999999
1260,streatham,STREATHAM_S6.1_P3123_R3,2023,1,296.0,1399.8675999999998,wheat,NA,NA,5767.0,NA,NA,2076.12,380.2524000000001
1261,streatham,STREATHAM_S6.1_P3123_R3,2024,2,218.0,646.475,Pasture,NA,NA,0.0,0.0,NA,0.0,-864.475
1262,streatham,STREATHAM_S6.1_P3123_R3,2025,3,243.5,990.7555072000001,Canola,NA,NA,5002.17,0.0,NA,3451.4973,2217.2417928
1263,streatham,STREATHAM_S7_P4123_R3,2023,1,296.0,1399.8675999999998,wheat,NA,NA,4719.0,NA,NA,1698.84,2.972400000000107
1264,streatham,STREATHAM_S7_P4123_R3,2024,2,185.0,611.0,Pasture,NA,NA,0.0,0.0,NA,0.0,-796.0
1265,streatham,STREATHAM_S9.2_P2121_R2,2023,1,296.0,1399.8675999999998,wheat,NA,NA,4875.0,NA,NA,1755.0,59.13240000000019
1266,streatham,STREATHAM_S9.2_P2121_R2,2024,2,281.114478105,725.0014067028986,Canola,Field Pea,NA,2035.353535,589.2255892,NA,1674.2592590035997,668.1433741957011
1267,streatham,STREATHAM_S9.2_P2121_R2,2025,3,230.0,1068.2880695000001,Wheat,NA,NA,8133.75,0.0,NA,2928.15,1629.8619305
1268,streatham,STREATHAM_S6.1_P3123_R1,2023,1,296.0,1399.8675999999998,wheat,NA,NA,5017.0,NA,NA,1806.12,110.25240000000008
1269,streatham,STREATHAM_S6.1_P3123_R1,2024,2,218.0,646.475,Pasture,NA,NA,0.0,0.0,NA,0.0,-864.475
1270,streatham,STREATHAM_S6.1_P3123_R1,2025,3,243.5,990.7555072,Canola,NA,NA,4163.63,0.0,NA,2872.9047,1638.6491928
1271,streatham,STREATHAM_S9.2_P1212_R3,2023,1,276.5,1123.95,canola,field pea,NA,0.0,NA,NA,0.0,-1400.45
1272,streatham,STREATHAM_S9.2_P1212_R3,2024,2,259.5,1106.031109057971,Wheat,NA,NA,2956.989247,0.0,NA,1064.51612892,-301.01498013797095
1273,streatham,STREATHAM_S9.2_P1212_R3,2025,3,337.3625,865.45898551,Canola,Field pea,NA,3576.69,617.81,NA,2750.87308,1548.0515944899996
1274,streatham,STREATHAM_S2.3_P2341_R3,2023,1,279.0,1185.3999999999999,canola,NA,NA,3843.0,NA,NA,2651.67,1187.2700000000002
1275,streatham,STREATHAM_S2.3_P2341_R3,2024,2,248.5,1078.3927757246377,Wheat,NA,NA,2954.189068,0.0,NA,1063.50806448,-263.38471124463763
1276,streatham,STREATHAM_S2.3_P2341_R3,2025,3,221.5,1000.3500637999999,Wheat,NA,NA,7201.31,0.0,NA,2592.4716,1370.6215361999998
1277,streatham,STREATHAM_S2.3_P1234_R3,2023,1,270.5,1200.1525,faba bean,NA,NA,2938.0,NA,NA,1395.55,-75.10249999999996
1278,streatham,STREATHAM_S2.3_P1234_R3,2024,2,281.5,1000.5082771739131,Canola,NA,NA,2973.790323,0.0,NA,2051.91532287,769.907045696087
1279,streatham,STREATHAM_S2.3_P1234_R3,2025,3,221.5,980.6987593999999,Wheat,NA,NA,8838.19,0.0,NA,3181.7484,1979.5496406000002
1280,streatham,STREATHAM_S2.2_P3412_R2,2023,1,296.0,1399.8675999999998,wheat,NA,NA,5573.0,NA,NA,2006.28,310.41240000000016
1281,streatham,STREATHAM_S2.2_P3412_R2,2024,2,259.5,1105.4593119565218,Wheat,NA,NA,2920.875421,0.0,NA,1051.51515156,-313.44416039652174
1282,streatham,STREATHAM_S2.2_P3412_R2,2025,3,215.5,846.0500000000001,Faba bean,NA,NA,3892.98,0.0,NA,1849.1655,787.6155
1283,streatham,STREATHAM_S2.1_P3412_R3,2023,1,296.0,1352.3675999999998,wheat,NA,NA,4877.0,NA,NA,1755.72,107.35240000000022
1284,streatham,STREATHAM_S2.1_P3412_R3,2024,2,259.5,1084.7268101449276,Wheat,NA,NA,3643.033154,0.0,NA,1311.49193544,-32.73487470492773
1285,streatham,STREATHAM_S2.1_P3412_R3,2025,3,215.5,846.0500000000001,Faba bean,NA,NA,4226.34,0.0,NA,2007.5115,945.9615
1286,streatham,STREATHAM_S1.3_P2121_R1,2023,1,296.0,1414.8675999999998,wheat,NA,NA,4384.0,NA,NA,1578.24,-132.6275999999998
1287,streatham,STREATHAM_S1.3_P2121_R1,2024,2,262.0,811.5450000000001,Canola,NA,NA,2895.622896,0.0,NA,1997.97979824,924.43479824
1288,streatham,STREATHAM_S1.3_P2121_R1,2025,3,221.5,1011.0975999999999,Wheat,NA,NA,6200.98,0.0,NA,2232.3528,999.7552000000002
1289,streatham,STREATHAM_S1.1_P1212_R3,2023,1,307.0,1225.4,canola,NA,NA,3645.0,NA,NA,2515.05,982.6500000000001
1290,streatham,STREATHAM_S1.1_P1212_R3,2024,2,248.5,1075.0870130434782,Wheat,NA,NA,3197.804659,0.0,NA,1151.20967724,-172.37733580347822
1291,streatham,STREATHAM_S1.1_P1212_R3,2025,3,243.5,891.45550725,Canola,NA,NA,4718.17,0.0,NA,3255.5373,2120.58179275
1292,streatham,STREATHAM_S2.1_P1234_R2,2023,1,292.5,1266.3500000000001,faba bean,NA,NA,2196.0,NA,NA,1043.1,-515.7500000000002
1293,streatham,STREATHAM_S2.1_P1234_R2,2024,2,248.5,825.027963768116,Canola,NA,NA,2626.262626,0.0,NA,1812.12121194,738.5932481718839
1294,streatham,STREATHAM_S2.1_P1234_R2,2025,3,230.0,1026.6882695,Wheat,NA,NA,7973.07,0.0,NA,2870.3052,1613.6169304999999
1295,streatham,STREATHAM_S5_P3123_R2,2023,1,285.0,1354.4699999999998,barley,NA,NA,6178.0,NA,NA,1922.5936,283.1236000000001
1296,streatham,STREATHAM_S5_P3123_R2,2024,2,248.5,894.4896539855074,Canola,NA,NA,2786.195286,0.0,NA,1922.47474734,779.4850933544926
1297,streatham,STREATHAM_S5_P3123_R2,2025,3,230.0,1061.8728695,Wheat,NA,NA,7816.79,0.0,NA,2814.0444,1522.1715305000002
1298,streatham,STREATHAM_S6.1_P1231_R3,2023,1,226.5,961.9,balansa clover,balansa clover,chicory ,0.0,NA,NA,0.0,-1188.4
1299,streatham,STREATHAM_S6.1_P1231_R3,2024,2,259.5,1008.9681177536233,Canola,NA,NA,2282.146057,0.0,NA,1574.6807793299995,306.21266157637615
1300,streatham,STREATHAM_S6.1_P1231_R3,2025,3,230.0,1060.1304695,Wheat,NA,NA,5354.66,0.0,NA,1927.6776,637.5471305000001
1301,streatham,STREATHAM_S1.3_P1212_R1,2023,1,279.0,1160.3999999999999,canola,NA,NA,3892.0,NA,NA,2685.48,1246.0800000000002
1302,streatham,STREATHAM_S1.3_P1212_R1,2024,2,240.0,831.6826,Wheat,NA,NA,2606.621773,0.0,NA,938.38383828,-133.29876172000002
1303,streatham,STREATHAM_S1.3_P1212_R1,2025,3,232.5,964.45,Canola,NA,NA,3542.43,0.0,NA,2444.2767,1247.3266999999998
1304,streatham,STREATHAM_S13_P0000_R8,NA,NA,NA,NA,NA,NA,NA,NA,NA,NA,NA,NA
1305,streatham,STREATHAM_S6.2_P3123_R1,2023,1,296.0,1399.8675999999998,wheat,NA,NA,5984.0,NA,NA,2154.24,458.37239999999997
1306,streatham,STREATHAM_S6.2_P3123_R1,2024,2,218.0,646.475,Pasture,NA,NA,0.0,0.0,NA,0.0,-864.475
1307,streatham,STREATHAM_S6.2_P3123_R1,2025,3,252.0,1040.0797101499998,Canola,NA,NA,3992.0,0.0,NA,2754.48,1462.4002898500003
1308,streatham,STREATHAM_S2.4_P4123_R2,2023,1,296.0,1442.3675999999998,wheat,NA,NA,6312.0,NA,NA,2272.32,533.9524000000004
1309,streatham,STREATHAM_S2.4_P4123_R2,2024,2,240.0,836.633,Faba bean,NA,NA,3636.363636,0.0,NA,1727.2727271,650.6397271000001
1310,streatham,STREATHAM_S2.4_P4123_R2,2025,3,241.0,1025.21666665,Canola,NA,NA,5228.02,0.0,NA,3607.3338,2341.1171333499997
1311,streatham,STREATHAM_S2.4_P3412_R3,2023,1,296.0,1442.3675999999998,wheat,NA,NA,5767.0,NA,NA,2076.12,337.7524000000001
1312,streatham,STREATHAM_S2.4_P3412_R3,2024,2,259.5,1111.9089351449275,Wheat,NA,NA,3542.226703,0.0,NA,1275.2016130799998,-96.20732206492767
1313,streatham,STREATHAM_S2.4_P3412_R3,2025,3,215.5,846.0500000000001,Faba bean,NA,NA,4194.7,0.0,NA,1992.4825,930.9325
1314,streatham,STREATHAM_S1.3_P1212_R2,2023,1,279.0,1160.3999999999999,canola,NA,NA,4058.0,NA,NA,2800.02,1360.6200000000001
1315,streatham,STREATHAM_S1.3_P1212_R2,2024,2,240.0,831.6826,Wheat,NA,NA,2786.195286,0.0,NA,1003.03030296,-68.65229704000001
1316,streatham,STREATHAM_S1.3_P1212_R2,2025,3,232.5,964.45,Canola,NA,NA,4216.35,0.0,NA,2909.2815,1712.3315
1317,streatham,STREATHAM_S2.3_P4123_R2,2023,1,296.0,1414.8675999999998,wheat,NA,NA,4965.0,NA,NA,1787.4,76.53240000000028
1318,streatham,STREATHAM_S2.3_P4123_R2,2024,2,273.0,932.0660000000001,Faba bean,NA,NA,2839.506173,0.0,NA,1348.765432175,143.69943217499974
1319,streatham,STREATHAM_S2.3_P4123_R2,2025,3,243.5,985.0688405999999,Canola,NA,NA,4484.76,0.0,NA,3094.4844,1865.9155594
1320,streatham,STREATHAM_S9.2_P1212_R1,2023,1,276.5,1123.95,canola,field pea,NA,0.0,NA,NA,0.0,-1400.45
1321,streatham,STREATHAM_S9.2_P1212_R1,2024,2,259.5,1106.031109057971,Wheat,NA,NA,2418.630752,0.0,NA,870.7070707199999,-494.82403833797105
1322,streatham,STREATHAM_S9.2_P1212_R1,2025,3,327.46625,865.45898551,Canola,Field pea,NA,2508.78,1289.87,NA,2321.81866,1128.89342449
1323,streatham,STREATHAM_S2.1_P2341_R3,2023,1,307.0,1225.4,canola,NA,NA,4118.0,NA,NA,2841.42,1309.02
1324,streatham,STREATHAM_S2.1_P2341_R3,2024,2,259.5,1077.0797666666667,Wheat,NA,NA,2786.178315,0.0,NA,1003.0241934,-333.5555732666668
1325,streatham,STREATHAM_S2.1_P2341_R3,2025,3,221.5,991.7373826,Wheat,NA,NA,8354.26,0.0,NA,3007.5336,1794.2962174000002
1326,streatham,STREATHAM_S12_P0000_R5,NA,NA,NA,NA,NA,NA,NA,NA,NA,NA,NA,NA
1327,streatham,STREATHAM_S4_P1231_R1,2023,1,248.5,994.926,wheat,vetch ,NA,0.0,NA,NA,0.0,-1243.426
1328,streatham,STREATHAM_S4_P1231_R1,2024,2,248.5,888.9354510869566,Canola,NA,NA,2592.592593,0.0,NA,1788.88888917,651.4534380830435
1329,streatham,STREATHAM_S4_P1231_R1,2025,3,230.0,1070.59936085,Wheat,NA,NA,7740.46,0.0,NA,2786.5656,1485.9662391499999
1330,streatham,STREATHAM_S8_P2312_R1,2023,1,307.0,1275.4,canola,NA,NA,4022.0,NA,NA,2775.18,1192.7799999999997
1331,streatham,STREATHAM_S8_P2312_R1,2024,2,259.5,1117.9322394927535,Wheat,NA,NA,2180.13468,0.0,NA,784.8484848,-592.5837546927535
1332,streatham,STREATHAM_S8_P2312_R1,2025,3,193.5,687.0,Vetch,NA,NA,0.0,0.0,NA,0.0,-880.5
1333,streatham,STREATHAM_S2.1_P2341_R2,2023,1,307.0,1225.4,canola,NA,NA,4142.0,NA,NA,2857.98,1325.58
1334,streatham,STREATHAM_S2.1_P2341_R2,2024,2,259.5,1077.0797666666667,Wheat,NA,NA,3019.079686,0.0,NA,1086.86868696,-249.71107970666662
1335,streatham,STREATHAM_S2.1_P2341_R2,2025,3,221.5,991.7373826,Wheat,NA,NA,8103.47,0.0,NA,2917.2492,1704.0118174000002
1336,streatham,STREATHAM_S1.2_P2121_R2,2023,1,296.0,1399.8675999999998,wheat,NA,NA,6062.0,NA,NA,2182.32,486.45240000000035
1337,streatham,STREATHAM_S1.2_P2121_R2,2024,2,240.0,736.39,Canola,NA,NA,2965.768799,0.0,NA,2046.38047131,1069.99047131
1338,streatham,STREATHAM_S1.2_P2121_R2,2025,3,230.0,1046.4326,Wheat,NA,NA,8797.7,0.0,NA,3167.172,1890.7394
1339,streatham,STREATHAM_S2.4_P4123_R1,2023,1,296.0,1442.3675999999998,wheat,NA,NA,5862.0,NA,NA,2110.32,371.95240000000035
1340,streatham,STREATHAM_S2.4_P4123_R1,2024,2,240.0,836.633,Faba bean,NA,NA,3047.138047,0.0,NA,1447.390572325,370.75757232499996
1341,streatham,STREATHAM_S2.4_P4123_R1,2025,3,241.0,1025.21666665,Canola,NA,NA,3794.44,0.0,NA,2618.1636,1351.9469333499999
1342,streatham,STREATHAM_S6.2_P3123_R2,2023,1,296.0,1399.8675999999998,wheat,NA,NA,6009.0,NA,NA,2163.24,467.37239999999997
1343,streatham,STREATHAM_S6.2_P3123_R2,2024,2,218.0,646.475,Pasture,NA,NA,0.0,0.0,NA,0.0,-864.475
1344,streatham,STREATHAM_S6.2_P3123_R2,2025,3,252.0,1040.07971015,Canola,NA,NA,4313.59,0.0,NA,2976.3771,1684.2973898500002
1345,streatham,STREATHAM_S2.3_P4123_R3,2023,1,296.0,1414.8675999999998,wheat,NA,NA,5819.0,NA,NA,2094.84,383.97240000000033
1346,streatham,STREATHAM_S2.3_P4123_R3,2024,2,273.0,932.0660000000001,Faba bean,NA,NA,3035.394265,0.0,NA,1441.8122758749998,236.7462758749997
1347,streatham,STREATHAM_S2.3_P4123_R3,2025,3,243.5,985.0688405999999,Canola,NA,NA,4991.07,0.0,NA,3443.8382999999994,2215.2694593999995
1348,streatham,STREATHAM_S2.2_P1234_R2,2023,1,292.5,1266.3500000000001,faba bean,NA,NA,2557.0,NA,NA,1214.575,-344.2750000000001
1349,streatham,STREATHAM_S2.2_P1234_R2,2024,2,248.5,910.4324655797102,Canola,NA,NA,2766.554433,0.0,NA,1908.92255877,749.9900931902898
1350,streatham,STREATHAM_S2.2_P1234_R2,2025,3,230.0,1054.4114261,Wheat,NA,NA,6977.28,0.0,NA,2511.8208,1227.4093739
1351,streatham,STREATHAM_S2.2_P3412_R1,2023,1,296.0,1399.8675999999998,wheat,NA,NA,5851.0,NA,NA,2106.36,410.4924000000003
1352,streatham,STREATHAM_S2.2_P3412_R1,2024,2,259.5,1105.4593119565218,Wheat,NA,NA,3044.332211,0.0,NA,1095.95959596,-268.9997159965219
1353,streatham,STREATHAM_S2.2_P3412_R1,2025,3,215.5,846.0500000000001,Faba bean,NA,NA,5362.19,0.0,NA,2547.04025,1485.4902499999998
1354,streatham,STREATHAM_S2.3_P2341_R1,2023,1,279.0,1185.3999999999999,canola,NA,NA,4363.0,NA,NA,3010.47,1546.07
1355,streatham,STREATHAM_S2.3_P2341_R1,2024,2,248.5,1078.3927757246377,Wheat,NA,NA,3108.866442,0.0,NA,1119.19191912,-207.7008566046377
1356,streatham,STREATHAM_S2.3_P2341_R1,2025,3,221.5,1000.3500637999999,Wheat,NA,NA,7953.82,0.0,NA,2863.3752,1641.5251362
1357,streatham,STREATHAM_S7_P3412_R3,2023,1,307.0,1275.4,canola,NA,NA,4141.0,NA,NA,2857.29,1274.8899999999999
1358,streatham,STREATHAM_S7_P3412_R3,2024,2,259.5,1107.6438047101449,Wheat,NA,NA,3052.195341,0.0,NA,1098.79032276,-268.3534819501449
1359,streatham,STREATHAM_S7_P3412_R3,2025,3,204.5,779.0,Pasture,NA,NA,0.0,0.0,NA,0.0,-983.5
1360,streatham,STREATHAM_S10_P2121_R2,2023,1,346.95,1090.88,wheat ,vetch ,NA,3598.0,NA,NA,1295.28,-142.55000000000018
1361,streatham,STREATHAM_S10_P2121_R2,2024,2,268.081369245,819.9151902173915,Canola,Field Pea,NA,1515.151515,588.1032548,NA,1314.8058360484,226.80927658600854
1362,streatham,STREATHAM_S10_P2121_R2,2025,3,313.931,837.57897105,Wheat,Vetch,NA,3697.24,0.0,NA,1331.0064,179.49642895
1363,streatham,STREATHAM_S3_P2341_R3,2023,1,296.0,1399.8675999999998,wheat,NA,NA,5905.0,NA,NA,2125.8,429.93240000000037
1364,streatham,STREATHAM_S3_P2341_R3,2024,2,248.5,881.5610163043478,Canola,NA,NA,3130.600358,0.0,NA,2160.11424702,1030.0532307156523
1365,streatham,STREATHAM_S3_P2341_R3,2025,3,230.0,1088.29883915,Wheat,NA,NA,7725.71,0.0,NA,2781.2556,1462.95676085
1366,streatham,STREATHAM_S9.2_P1212_R2,2023,1,383.8142675,1123.95,canola,field pea,NA,2861.7138,1430.8569,NA,2629.9149822,1122.1507147
1367,streatham,STREATHAM_S9.2_P1212_R2,2024,2,259.5,1106.031109057971,Wheat,NA,NA,2696.40853,0.0,NA,970.7070708,-394.824038257971
1368,streatham,STREATHAM_S9.2_P1212_R2,2025,3,327.2265,865.45898551,Canola,Field pea,NA,3145.72,643.34,NA,2465.1965199999995,1272.5110344899997
1369,streatham,STREATHAM_S3_P3412_R2,2023,1,307.0,1275.4,canola,NA,NA,4538.0,NA,NA,3131.22,1548.8199999999997
1370,streatham,STREATHAM_S3_P3412_R2,2024,2,259.5,1088.006297463768,Wheat,NA,NA,3468.013468,0.0,NA,1248.48484848,-99.0214489837681
1371,streatham,STREATHAM_S3_P3412_R2,2025,3,215.5,846.0500000000001,Faba bean,NA,NA,4478.4,0.0,NA,2127.24,1065.6899999999996
1372,streatham,STREATHAM_S13_P0000_R2,2023,1,226.5,961.9,Perennial ryegrass,sub clover,NA,0.0,NA,NA,0.0,-1188.4
1373,streatham,STREATHAM_S13_P0000_R2,2024,2,185.0,1833.0,Pasture,NA,NA,0.0,0.0,NA,0.0,-2018.0
1374,streatham,STREATHAM_S13_P0000_R2,2025,3,202.0,2262.3,Pasture,NA,NA,0.0,0.0,NA,0.0,-2464.3
1375,streatham,STREATHAM_S2.1_P4123_R2,2023,1,296.0,1352.3675999999998,wheat,NA,NA,4514.0,NA,NA,1625.04,-23.327599999999848
1376,streatham,STREATHAM_S2.1_P4123_R2,2024,2,240.0,836.633,Faba bean,NA,NA,2828.282828,0.0,NA,1343.4343433,266.80134329999987
1377,streatham,STREATHAM_S2.1_P4123_R2,2025,3,232.5,979.016087,Canola,NA,NA,0.0,0.0,NA,0.0,-1211.516087
1378,streatham,STREATHAM_S2.2_P2341_R3,2023,1,307.0,1275.4,canola,NA,NA,4347.0,NA,NA,2999.43,1417.0299999999997
1379,streatham,STREATHAM_S2.2_P2341_R3,2024,2,259.5,1111.250761231884,Wheat,NA,NA,2760.976703,0.0,NA,993.95161308,-376.7991481518841
1380,streatham,STREATHAM_S2.2_P2341_R3,2025,3,230.0,1058.2549217,Wheat,NA,NA,9064.36,0.0,NA,3263.1696,1974.9146783
1381,streatham,STREATHAM_S2.2_P4123_R2,2023,1,296.0,1399.8675999999998,wheat,NA,NA,5512.0,NA,NA,1984.32,288.4524000000001
1382,streatham,STREATHAM_S2.2_P4123_R2,2024,2,240.0,836.633,Faba bean,NA,NA,3361.391695,0.0,NA,1596.6610551249998,520.0280551249998
1383,streatham,STREATHAM_S2.2_P4123_R2,2025,3,232.5,982.7952174000001,Canola,NA,NA,5035.83,0.0,NA,3474.7227,2259.4274825999996
1384,streatham,STREATHAM_S4_P2312_R1,2023,1,307.0,1275.4,canola,NA,NA,4239.0,NA,NA,2924.91,1342.5099999999998
1385,streatham,STREATHAM_S4_P2312_R1,2024,2,259.5,1113.37238442029,Wheat,NA,NA,1526.37486,0.0,NA,549.4949495999999,-823.3774348202901
1386,streatham,STREATHAM_S4_P2312_R1,2025,3,204.5,711.0,Wheat,Vetch,NA,0.0,0.0,NA,0.0,-915.5
1387,streatham,STREATHAM_S6.1_P1231_R1,2023,1,226.5,961.9,balansa clover,balansa clover,chicory ,0.0,NA,NA,0.0,-1188.4
1388,streatham,STREATHAM_S6.1_P1231_R1,2024,2,259.5,1008.9681177536233,Canola,NA,NA,2331.649832,0.0,NA,1608.83838408,340.3702663263766
1389,streatham,STREATHAM_S6.1_P1231_R1,2025,3,230.0,1060.1304695000001,Wheat,NA,NA,5995.41,0.0,NA,2158.3476,868.2171304999999
1390,streatham,STREATHAM_S2.2_P3412_R3,2023,1,296.0,1399.8675999999998,wheat,NA,NA,4825.0,NA,NA,1737.0,41.13240000000019
1391,streatham,STREATHAM_S2.2_P3412_R3,2024,2,259.5,1105.4593119565218,Wheat,NA,NA,2595.766129,0.0,NA,934.47580644,-430.48350551652175
1392,streatham,STREATHAM_S2.2_P3412_R3,2025,3,215.5,846.0500000000001,Faba bean,NA,NA,3819.05,0.0,NA,1814.04875,752.4987499999999
1393,streatham,STREATHAM_S2.4_P1234_R2,2023,1,292.5,1266.3500000000001,faba bean,NA,NA,2856.0,NA,NA,1356.6,-202.25000000000023
1394,streatham,STREATHAM_S2.4_P1234_R2,2024,2,248.5,916.3794221014492,Canola,NA,NA,3108.866442,0.0,NA,2145.11784498,980.2384228785508
1395,streatham,STREATHAM_S2.4_P1234_R2,2025,3,230.0,1089.5669,Wheat,NA,NA,6218.5,0.0,NA,2238.66,919.0930999999998
1396,streatham,STREATHAM_S3_P4123_R3,2023,1,296.0,1399.8675999999998,wheat,NA,NA,6627.0,NA,NA,2385.72,689.8524
1397,streatham,STREATHAM_S3_P4123_R3,2024,2,240.0,836.633,Faba bean,NA,NA,4169.466846,0.0,NA,1980.49675185,903.86375185
1398,streatham,STREATHAM_S3_P4123_R3,2025,3,230.0,1025.3671217,Wheat,NA,NA,10456.38,0.0,NA,3764.2968,2508.9296783
1399,streatham,STREATHAM_S10_P1212_R1,2023,1,386.439005,1123.95,canola,field pea,NA,2931.7068,1465.8534,NA,2694.2385492,1183.8495441999996
1400,streatham,STREATHAM_S10_P1212_R1,2024,2,219.10325477499998,822.5826974637681,Wheat,Vetch,NA,1024.130191,0.0,NA,368.68686876,-672.9990834787682
1401,streatham,STREATHAM_S10_P1212_R1,2025,3,318.413,856.9655072500001,Canola,Field pea,NA,2606.73,829.79,NA,2178.68752,1003.3090127499999
1402,streatham,STREATHAM_S3_P4123_R1,2023,1,296.0,1399.8675999999998,wheat,NA,NA,5845.0,NA,NA,2104.2,408.3324
1403,streatham,STREATHAM_S3_P4123_R1,2024,2,240.0,836.633,Faba bean,NA,NA,0.0,0.0,NA,0.0,-1076.633
1404,streatham,STREATHAM_S3_P4123_R1,2025,3,230.0,1025.3671217,Wheat,NA,NA,8618.22,0.0,NA,3102.5592,1847.1920783
1405,streatham,STREATHAM_S6.2_P3123_R3,2023,1,296.0,1399.8675999999998,wheat,NA,NA,4467.0,NA,NA,1608.12,-87.74759999999992
1406,streatham,STREATHAM_S6.2_P3123_R3,2024,2,218.0,646.475,Pasture,NA,NA,0.0,0.0,NA,0.0,-864.475
1407,streatham,STREATHAM_S6.2_P3123_R3,2025,3,252.0,1040.07971015,Canola,NA,NA,4631.92,0.0,NA,3196.0248,1903.9450898500002
1408,streatham,STREATHAM_S11_P0000_R5,NA,NA,NA,NA,NA,NA,NA,NA,NA,NA,NA,NA
1409,streatham,STREATHAM_S1.1_P1212_R2,2023,1,307.0,1225.4,canola,NA,NA,3988.0,NA,NA,2751.72,1219.3199999999997
1410,streatham,STREATHAM_S1.1_P1212_R2,2024,2,248.5,1075.0870130434782,Wheat,NA,NA,2948.933782,0.0,NA,1061.61616152,-261.97085152347813
1411,streatham,STREATHAM_S1.1_P1212_R2,2025,3,243.5,891.45550725,Canola,NA,NA,4416.89,0.0,NA,3047.6541,1912.6985927500002
1412,streatham,STREATHAM_S6.2_P2312_R2,2023,1,307.0,1275.4,canola,NA,NA,4130.0,NA,NA,2849.7,1267.2999999999997
1413,streatham,STREATHAM_S6.2_P2312_R2,2024,2,259.5,1117.1976597826088,Wheat,NA,NA,2727.272727,0.0,NA,981.81818172,-394.87947806260877
1414,streatham,STREATHAM_S6.2_P2312_R2,2025,3,215.5,716.7,Pasture,NA,NA,0.0,0.0,NA,0.0,-932.2
1415,streatham,STREATHAM_S9.3_P1212_R2,2023,1,395.58808999999997,1173.95,canola,field pea,NA,3175.6824,1587.8412,NA,2918.4521256,1348.9140355999996
1416,streatham,STREATHAM_S9.3_P1212_R2,2024,2,259.5,1137.8693699275361,Wheat,NA,NA,2951.739618,0.0,NA,1062.62626248,-334.7431074475362
1417,streatham,STREATHAM_S9.3_P1212_R2,2025,3,340.2735,905.10985508,Canola,Field pea,NA,3364.53,946.41,NA,2754.9814800000004,1509.5981249200001
1418,streatham,STREATHAM_S9.3_P2121_R1,2023,1,296.0,1399.8675999999998,wheat,NA,NA,5778.0,NA,NA,2080.08,384.2124000000001
1419,streatham,STREATHAM_S9.3_P2121_R1,2024,2,271.504489335,767.4003496376812,Canola,Field Pea,NA,1795.735129,444.4444444,NA,1442.6127945452,403.7079555725187
1420,streatham,STREATHAM_S9.3_P2121_R1,2025,3,230.0,1045.38506525,Wheat,NA,NA,7135.35,0.0,NA,2568.726,1293.34093475
1421,streatham,STREATHAM_S13_P0000_R9,NA,NA,NA,NA,NA,NA,NA,NA,NA,NA,NA,NA
1422,streatham,STREATHAM_S9.3_P2121_R2,2023,1,296.0,1399.8675999999998,wheat,NA,NA,5221.0,NA,NA,1879.56,183.69240000000013
1423,streatham,STREATHAM_S9.3_P2121_R2,2024,2,275.43265992249997,767.4003496376812,Canola,Field Pea,NA,1964.085297,433.2210999,NA,1553.6341186841998,510.8011091240188
1424,streatham,STREATHAM_S9.3_P2121_R2,2025,3,230.0,1045.38506525,Wheat,NA,NA,6896.43,0.0,NA,2482.7148,1207.3297347500002
1425,streatham,STREATHAM_S7_P1234_R2,2023,1,226.5,961.9,balansa clover,balansa clover,chicory ,0.0,NA,NA,0.0,-1188.4
1426,streatham,STREATHAM_S7_P1234_R2,2024,2,185.0,611.0,Pasture,NA,NA,0.0,0.0,NA,0.0,-796.0
1427,streatham,STREATHAM_S7_P1234_R2,2025,3,252.0,1036.62028985,Canola,NA,NA,3958.09,0.0,NA,2731.0821,1442.46181015
1428,streatham,STREATHAM_S2.3_P3412_R2,2023,1,296.0,1414.8675999999998,wheat,NA,NA,4700.0,NA,NA,1692.0,-18.86759999999981
1429,streatham,STREATHAM_S2.3_P3412_R2,2024,2,259.5,1015.9049786231884,Wheat,NA,NA,4065.656566,0.0,NA,1463.63636376,188.23138513681158
1430,streatham,STREATHAM_S2.3_P3412_R2,2025,3,215.5,826.65,Faba bean,NA,NA,5230.78,0.0,NA,2484.6204999999995,1442.4704999999994
1431,streatham,STREATHAM_S6.1_P2312_R3,2023,1,307.0,1275.4,canola,NA,NA,3940.0,NA,NA,2718.6,1136.1999999999998
1432,streatham,STREATHAM_S6.1_P2312_R3,2024,2,259.5,1154.8945873188404,Wheat,NA,NA,2797.379032,0.0,NA,1007.05645152,-407.3381357988404
1433,streatham,STREATHAM_S6.1_P2312_R3,2025,3,204.5,710.1,Pasture,NA,NA,0.0,0.0,NA,0.0,-914.6
1434,streatham,STREATHAM_S6.1_P2312_R2,2023,1,307.0,1275.4,canola,NA,NA,4168.0,NA,NA,2875.92,1293.52
1435,streatham,STREATHAM_S6.1_P2312_R2,2024,2,259.5,1154.8945873188406,Wheat,NA,NA,2558.922559,0.0,NA,921.21212124,-493.18246607884066
1436,streatham,STREATHAM_S6.1_P2312_R2,2025,3,204.5,710.1,Pasture,NA,NA,0.0,0.0,NA,0.0,-914.6
1437,streatham,STREATHAM_S11_P0000_R9,NA,NA,NA,NA,NA,NA,NA,NA,NA,NA,NA,NA
1438,streatham,STREATHAM_S2.1_P2341_R1,2023,1,307.0,1225.4,canola,NA,NA,4326.0,NA,NA,2984.94,1452.54
1439,streatham,STREATHAM_S2.1_P2341_R1,2024,2,259.5,1077.0797666666665,Wheat,NA,NA,2623.45679,0.0,NA,944.4444444,-392.13532226666655
1440,streatham,STREATHAM_S2.1_P2341_R1,2025,3,221.5,991.7373826,Wheat,NA,NA,7565.21,0.0,NA,2723.4756,1510.2382174000002
1441,streatham,STREATHAM_S5_P1231_R3,2023,1,307.0,1275.4,canola,NA,NA,4674.0,NA,NA,3225.06,1642.6599999999999
1442,streatham,STREATHAM_S5_P1231_R3,2024,2,259.5,1083.0697467391306,Wheat,NA,NA,3122.199821,0.0,NA,1123.99193556,-218.57781117913055
1443,streatham,STREATHAM_S5_P1231_R3,2025,3,232.5,978.8171014,Barley,NA,NA,10139.23,0.0,NA,3155.3283759999995,1944.0112745999995
1444,streatham,STREATHAM_S3_P1234_R3,2023,1,292.5,1266.3500000000001,faba bean,NA,NA,2944.0,NA,NA,1398.4,-160.45000000000005
1445,streatham,STREATHAM_S3_P1234_R3,2024,2,259.5,1095.3065583333334,Wheat,NA,NA,4547.491039,0.0,NA,1637.0967740399997,282.29021570666623
1446,streatham,STREATHAM_S3_P1234_R3,2025,3,232.5,936.14855074,Canola,NA,NA,5468.79,0.0,NA,3773.4651,2604.81654926
1447,streatham,STREATHAM_S12_P0000_R2,2023,1,216.0,1399.8675999999998,wheat,NA,NA,5340.0,NA,NA,1922.4,306.5324000000003
1448,streatham,STREATHAM_S12_P0000_R2,2024,2,295.5,2152.9063351449277,Wheat,NA,NA,4712.0,0.0,NA,5608.46087529,3160.0545401450727
1449,streatham,STREATHAM_S12_P0000_R2,2025,3,213.0,2405.25,Faba bean,NA,NA,4071.41,0.0,NA,1933.91975,-684.33025
1450,streatham,STREATHAM_S4_P1231_R3,2023,1,248.5,994.926,wheat,vetch ,NA,0.0,NA,NA,0.0,-1243.426
1451,streatham,STREATHAM_S4_P1231_R3,2024,2,248.5,888.9354510869566,Canola,NA,NA,2858.982975,0.0,NA,1972.69825275,835.2628016630433
1452,streatham,STREATHAM_S4_P1231_R3,2025,3,230.0,1070.59936085,Wheat,NA,NA,7366.44,0.0,NA,2651.9184,1351.31903915
1453,streatham,STREATHAM_S8_P3123_R1,2023,1,296.0,1399.8675999999998,wheat,NA,NA,5075.0,NA,NA,1827.0,131.1324000000002
1454,streatham,STREATHAM_S8_P3123_R1,2024,2,207.0,659.3,Vetch,NA,NA,0.0,0.0,NA,0.0,-866.3
1455,streatham,STREATHAM_S8_P3123_R1,2025,3,232.5,925.464927515,Canola,NA,NA,4034.1,0.0,NA,2783.5289999999995,1625.5640724849995
1456,streatham,STREATHAM_S2.4_P2341_R1,2023,1,307.0,1315.4,canola,NA,NA,4497.0,NA,NA,3102.93,1480.5299999999997
1457,streatham,STREATHAM_S2.4_P2341_R1,2024,2,259.5,1141.533833695652,Wheat,NA,NA,3237.934905,0.0,NA,1165.6565658,-235.37726789565204
1458,streatham,STREATHAM_S2.4_P2341_R1,2025,3,230.0,1011.7831739000001,Wheat,NA,NA,9487.97,0.0,NA,3415.6692,2173.8860261
1459,streatham,STREATHAM_S2.3_P2341_R2,2023,1,279.0,1185.3999999999999,canola,NA,NA,4052.0,NA,NA,2795.88,1331.4800000000002
1460,streatham,STREATHAM_S2.3_P2341_R2,2024,2,248.5,1078.3927757246377,Wheat,NA,NA,2786.195286,0.0,NA,1003.03030296,-323.8624727646377
1461,streatham,STREATHAM_S2.3_P2341_R2,2025,3,221.5,1000.3500637999999,Wheat,NA,NA,6747.43,0.0,NA,2429.0748,1207.2247361999998
1462,streatham,STREATHAM_S2.3_P3412_R3,2023,1,296.0,1414.8675999999998,wheat,NA,NA,4920.0,NA,NA,1771.2,60.332400000000234
1463,streatham,STREATHAM_S2.3_P3412_R3,2024,2,259.5,1015.9049786231884,Wheat,NA,NA,3648.633513,0.0,NA,1313.50806468,38.10308605681155
1464,streatham,STREATHAM_S2.3_P3412_R3,2025,3,215.5,826.6500000000001,Faba bean,NA,NA,6815.76,0.0,NA,3237.486,2195.336
1465,streatham,STREATHAM_S5_P3123_R1,2023,1,285.0,1354.4699999999998,barley,NA,NA,6881.0,NA,NA,2141.3672,501.89720000000034
1466,streatham,STREATHAM_S5_P3123_R1,2024,2,248.5,894.4896539855073,Canola,NA,NA,3111.672278,0.0,NA,2147.05387182,1004.0642178344928
1467,streatham,STREATHAM_S5_P3123_R1,2025,3,230.0,1061.8728695,Wheat,NA,NA,7800.12,0.0,NA,2808.0432,1516.1703305
1468,streatham,STREATHAM_S3_P3412_R3,2023,1,307.0,1275.4,canola,NA,NA,3923.0,NA,NA,2706.87,1124.4699999999998
1469,streatham,STREATHAM_S3_P3412_R3,2024,2,259.5,1088.006297463768,Wheat,NA,NA,3096.998208,0.0,NA,1114.91935488,-232.58694258376818
1470,streatham,STREATHAM_S3_P3412_R3,2025,3,215.5,846.0500000000001,Faba bean,NA,NA,4421.78,0.0,NA,2100.3455,1038.7954999999997
1471,streatham,STREATHAM_S8_P1231_R3,2023,1,248.5,994.926,vetch,NA,NA,0.0,NA,NA,0.0,-1243.426
1472,streatham,STREATHAM_S8_P1231_R3,2024,2,248.5,850.801393115942,Canola,NA,NA,3307.011649,0.0,NA,2281.83803781,1182.536644694058
1473,streatham,STREATHAM_S8_P1231_R3,2025,3,230.0,1034.87413475,Wheat,NA,NA,7135.39,0.0,NA,2568.7404,1303.8662652500002
1474,streatham,STREATHAM_S12_P0000_R3,2023,1,296.0,1399.8675999999998,wheat,NA,NA,4138.0,NA,NA,1489.6799999999998,-206.18759999999997
1475,streatham,STREATHAM_S12_P0000_R3,2024,2,215.5,2152.9063351449277,Wheat,NA,NA,5272.0,0.0,NA,5842.92439062,3474.5180554750723
1476,streatham,STREATHAM_S12_P0000_R3,2025,3,202.0,2405.25,Faba bean,NA,NA,4474.73,0.0,NA,2125.49675,-481.7532500000002
1477,streatham,STREATHAM_S9.2_P2121_R3,2023,1,296.0,1399.8675999999998,wheat,NA,NA,4066.0,NA,NA,1463.76,-232.10759999999982
1478,streatham,STREATHAM_S9.2_P2121_R3,2024,2,215.5,725.0014067028986,Canola,Field Pea,NA,0.0,0.0,NA,0.0,-940.5014067028986
1479,streatham,STREATHAM_S9.2_P2121_R3,2025,3,230.0,1068.2880695000001,Wheat,NA,NA,6630.16,0.0,NA,2386.8576,1088.5695304999997
1480,streatham,STREATHAM_S1.2_P1212_R1,2023,1,307.0,1275.4,canola,NA,NA,4363.0,NA,NA,3010.47,1428.0699999999997
1481,streatham,STREATHAM_S1.2_P1212_R1,2024,2,240.0,861.0076,Wheat,NA,NA,3285.634119,0.0,NA,1182.82828284,81.8206828399999
1482,streatham,STREATHAM_S1.2_P1212_R1,2025,3,252.0,1022.5500000000001,Canola,NA,NA,3727.82,0.0,NA,2572.1958,1297.6457999999998
1483,streatham,STREATHAM_S13_P0000_R3,2023,1,146.5,1137.9,Perennial ryegrass,sub clover,NA,0.0,NA,NA,0.0,-1284.4
1484,streatham,STREATHAM_S13_P0000_R3,2024,2,265.0,1833.0,Pasture,NA,NA,0.0,0.0,NA,0.0,-2098.0
1485,streatham,STREATHAM_S13_P0000_R3,2025,3,202.0,2262.3,Pasture,NA,NA,0.0,0.0,NA,0.0,-2464.3
1486,streatham,STREATHAM_S3_P1234_R1,2023,1,292.5,1266.3500000000001,faba bean,NA,NA,2202.0,NA,NA,1045.95,-512.9000000000001
1487,streatham,STREATHAM_S3_P1234_R1,2024,2,259.5,1095.3065583333334,Wheat,NA,NA,2934.904602,0.0,NA,1056.56565672,-298.24090161333334
1488,streatham,STREATHAM_S3_P1234_R1,2025,3,232.5,936.14855074,Canola,NA,NA,3584.8,0.0,NA,2473.512,1304.8634492600002
1489,streatham,STREATHAM_S12_P0000_R6,NA,NA,NA,NA,NA,NA,NA,NA,NA,NA,NA,NA
1490,streatham,STREATHAM_S6.2_P1231_R1,2023,1,226.5,961.9,balansa clover,balansa clover,chicory ,0.0,NA,NA,0.0,-1188.4
1491,streatham,STREATHAM_S6.2_P1231_R1,2024,2,259.5,1041.896436594203,Canola,NA,NA,2093.15376,0.0,NA,1444.2760944,142.87965780579702
1492,streatham,STREATHAM_S6.2_P1231_R1,2025,3,230.0,1057.8897695,Wheat,NA,NA,4266.26,0.0,NA,1535.8536,247.96383049999986
1493,streatham,STREATHAM_S5_P1231_R1,2023,1,307.0,1275.4,canola,NA,NA,4612.0,NA,NA,3182.28,1599.88
1494,streatham,STREATHAM_S5_P1231_R1,2024,2,259.5,1083.0697467391303,Wheat,NA,NA,2993.82716,0.0,NA,1077.7777775999998,-264.7919691391305
1495,streatham,STREATHAM_S5_P1231_R1,2025,3,232.5,978.8171014,Barley,NA,NA,10955.82,0.0,NA,3409.451184,2198.1340826
1496,streatham,STREATHAM_S11_P0000_R6,NA,NA,NA,NA,NA,NA,NA,NA,NA,NA,NA,NA
1497,streatham,STREATHAM_S7_P2341_R3,2023,1,226.5,961.9,Perennial ryegrass,sub clover,NA,0.0,NA,NA,0.0,-1188.4
1498,streatham,STREATHAM_S7_P2341_R3,2024,2,248.5,898.9578278985507,Canola,NA,NA,1766.913082,0.0,NA,1219.17002658,71.71219868144931
1499,streatham,STREATHAM_S7_P2341_R3,2025,3,230.0,1072.8518261,Wheat,NA,NA,6784.17,0.0,NA,2442.3012,1139.4493739
1500,streatham,STREATHAM_S1.1_P2121_R1,2023,1,296.0,1352.3675999999998,wheat,NA,NA,5943.0,NA,NA,2139.48,491.1124000000002
1501,streatham,STREATHAM_S1.1_P2121_R1,2024,2,248.5,852.0550362318841,Canola,NA,NA,3215.488215,0.0,NA,2218.68686835,1118.131832118116
1502,streatham,STREATHAM_S1.1_P2121_R1,2025,3,230.0,1051.3935044,Wheat,NA,NA,7352.87,0.0,NA,2647.0332,1365.6396955999999
1503,streatham,STREATHAM_S7_P4123_R2,2023,1,296.0,1399.8675999999998,wheat,NA,NA,5620.0,NA,NA,2023.2,327.33240000000023
1504,streatham,STREATHAM_S7_P4123_R2,2024,2,185.0,611.0,Pasture,NA,NA,0.0,0.0,NA,0.0,-796.0
1505,streatham,STREATHAM_S7_P1234_R1,2023,1,226.5,961.9,balansa clover,balansa clover,chicory ,0.0,NA,NA,0.0,-1188.4
1506,streatham,STREATHAM_S7_P1234_R1,2024,2,185.0,611.0,Pasture,NA,NA,0.0,0.0,NA,0.0,-796.0
1507,streatham,STREATHAM_S7_P1234_R1,2025,3,252.0,1036.62028985,Canola,NA,NA,2992.59,0.0,NA,2064.8871,776.2668101499999
1508,streatham,STREATHAM_S13_P0000_R5,NA,NA,NA,NA,NA,NA,NA,NA,NA,NA,NA,NA
1509,streatham,STREATHAM_S4_P1231_R2,2023,1,248.5,994.926,wheat,vetch ,NA,0.0,NA,NA,0.0,-1243.426
1510,streatham,STREATHAM_S4_P1231_R2,2024,2,248.5,888.9354510869566,Canola,NA,NA,2909.652076,0.0,NA,2007.65993244,870.2244813530433
1511,streatham,STREATHAM_S4_P1231_R2,2025,3,230.0,1070.59936085,Wheat,NA,NA,7443.77,0.0,NA,2679.7572,1379.15783915
1512,streatham,STREATHAM_S4_P2312_R2,2023,1,307.0,1275.4,canola,NA,NA,4151.0,NA,NA,2864.19,1281.79
1513,streatham,STREATHAM_S4_P2312_R2,2024,2,259.5,1113.37238442029,Wheat,NA,NA,2637.485971,0.0,NA,949.49494956,-423.37743486029
1514,streatham,STREATHAM_S4_P2312_R2,2025,3,204.5,711.0,Wheat,Vetch,NA,0.0,0.0,NA,0.0,-915.5
1515,streatham,STREATHAM_S4_P3123_R1,2023,1,296.0,1399.8675999999998,wheat,NA,NA,5495.0,NA,NA,1978.2,282.33240000000023
1516,streatham,STREATHAM_S4_P3123_R1,2024,2,291.0,635.0,Wheat,Vetch,NA,3800.0,0.0,NA,0.0,-926.0
1517,streatham,STREATHAM_S4_P3123_R1,2025,3,243.5,920.652028995,Canola,NA,NA,2841.23,0.0,NA,1960.4487,796.2966710049999
1518,streatham,STREATHAM_S2.1_P3412_R1,2023,1,296.0,1352.3675999999998,wheat,NA,NA,5440.0,NA,NA,1958.4,310.0324000000003
1519,streatham,STREATHAM_S2.1_P3412_R1,2024,2,259.5,1084.7268101449274,Wheat,NA,NA,2744.107744,0.0,NA,987.87878784,-356.34802230492744
1520,streatham,STREATHAM_S2.1_P3412_R1,2025,3,215.5,846.0500000000001,Faba bean,NA,NA,4334.2,0.0,NA,2058.745,997.1949999999998
1521,streatham,STREATHAM_S2.1_P1234_R3,2023,1,292.5,1266.3500000000001,faba bean,NA,NA,2440.0,NA,NA,1159.0,-399.85000000000014
1522,streatham,STREATHAM_S2.1_P1234_R3,2024,2,248.5,825.027963768116,Canola,NA,NA,3054.99552,0.0,NA,2107.9469088,1034.418945031884
1523,streatham,STREATHAM_S2.1_P1234_R3,2025,3,230.0,1026.6882695,Wheat,NA,NA,7461.59,0.0,NA,2686.1724,1429.4841305
1524,streatham,STREATHAM_S11_P0000_R2,2023,1,407.9,1225.4225,wheat,barley,faba bean,4616.0,NA,NA,1661.76,28.437500000000227
1525,streatham,STREATHAM_S11_P0000_R2,2024,2,456.35,2158.8602192028984,Wheat,barley,fababean,4948.0,0.0,NA,5631.42742974,3016.217210537101
1526,streatham,STREATHAM_S11_P0000_R2,2025,3,227.5,2745.0915923000002,Wheat,NA,NA,7089.46,0.0,NA,2552.2056,-420.38599230000045
1527,streatham,STREATHAM_S7_P3412_R2,2023,1,307.0,1275.4,canola,NA,NA,4625.0,NA,NA,3191.2499999999995,1608.8499999999995
1528,streatham,STREATHAM_S7_P3412_R2,2024,2,259.5,1107.6438047101449,Wheat,NA,NA,2724.466891,0.0,NA,980.80808076,-386.3357239501448
1529,streatham,STREATHAM_S7_P3412_R2,2025,3,204.5,779.0,Pasture,NA,NA,0.0,0.0,NA,0.0,-983.5
1530,streatham,STREATHAM_S1.4_P1212_R1,2023,1,307.0,1315.4,canola,NA,NA,4693.0,NA,NA,3238.17,1615.77
1531,streatham,STREATHAM_S1.4_P1212_R1,2024,2,248.5,1106.6266742753623,Wheat,NA,NA,3058.361392,0.0,NA,1101.01010112,-254.1165731553624
1532,streatham,STREATHAM_S1.4_P1212_R1,2025,3,243.5,951.1166667000001,Canola,NA,NA,3935.64,0.0,NA,2715.5916,1520.9749333
1533,streatham,STREATHAM_S9.3_P1212_R1,2023,1,396.71297749999997,1173.95,canola,field pea,NA,3205.6794,1602.8397,NA,2946.0193686,1375.3563910999999
1534,streatham,STREATHAM_S9.3_P1212_R1,2024,2,259.5,1137.8693699275364,Wheat,NA,NA,2494.388328,0.0,NA,897.97979808,-499.38957184753633
1535,streatham,STREATHAM_S9.3_P1212_R1,2025,3,330.80975,905.1098551000001,Canola,Field pea,NA,2803.93,1128.46,NA,2451.54638,1215.6267749000003
1536,streatham,STREATHAM_S3_P2341_R1,2023,1,296.0,1399.8675999999998,wheat,NA,NA,5729.0,NA,NA,2062.44,366.57240000000024
1537,streatham,STREATHAM_S3_P2341_R1,2024,2,248.5,881.5610163043478,Canola,NA,NA,3703.703704,0.0,NA,2555.55555576,1425.494539455652
1538,streatham,STREATHAM_S3_P2341_R1,2025,3,230.0,1088.29883915,Wheat,NA,NA,6451.8,0.0,NA,2322.648,1004.3491608500001
1539,streatham,STREATHAM_S8_P1231_R1,2023,1,248.5,994.926,vetch,NA,NA,0.0,NA,NA,0.0,-1243.426
1540,streatham,STREATHAM_S8_P1231_R1,2024,2,248.5,850.801393115942,Canola,NA,NA,3103.25477,0.0,NA,2141.2457913,1041.9443981840577
1541,streatham,STREATHAM_S8_P1231_R1,2025,3,230.0,1034.87413475,Wheat,NA,NA,5553.2,0.0,NA,1999.152,734.2778652500001
1542,streatham,STREATHAM_S3_P1234_R2,2023,1,292.5,1266.3500000000001,faba bean,NA,NA,2083.0,NA,NA,989.425,-569.4250000000002
1543,streatham,STREATHAM_S3_P1234_R2,2024,2,259.5,1095.3065583333332,Wheat,NA,NA,3630.751964,0.0,NA,1307.07070704,-47.735851293333326
1544,streatham,STREATHAM_S3_P1234_R2,2025,3,232.5,936.14855074,Canola,NA,NA,4866.14,0.0,NA,3357.6366,2188.9880492599996
1545,streatham,STREATHAM_S11_P0000_R8,NA,NA,NA,NA,NA,NA,NA,NA,NA,NA,NA,NA
1546,streatham,STREATHAM_S13_P0000_R1,2023,1,226.5,961.9,Perennial ryegrass,sub clover,NA,0.0,NA,NA,0.0,-1188.4
1547,streatham,STREATHAM_S13_P0000_R1,2024,2,152.0,1833.0,Pasture,NA,NA,0.0,0.0,NA,0.0,-1985.0
1548,streatham,STREATHAM_S13_P0000_R1,2025,3,191.0,2262.3,Pasture,NA,NA,0.0,0.0,NA,0.0,-2453.3
1549,streatham,STREATHAM_S9.1_P1212_R2,2023,1,366.8142675,1073.95,canola,field pea,NA,2861.7138,1430.8569,NA,2629.9149822,1189.1507147
1550,streatham,STREATHAM_S9.1_P1212_R2,2024,2,259.5,1104.9568771739132,Wheat,NA,NA,2786.195286,0.0,NA,1003.03030296,-361.4265742139132
1551,streatham,STREATHAM_S9.1_P1212_R2,2025,3,306.15575,785.0500000000001,Canola,Field pea,NA,2541.72,1084.51,NA,2250.49238,1159.28663
1552,streatham,STREATHAM_S6.2_P2312_R3,2023,1,298.5,1200.4,canola,NA,NA,3668.0,NA,NA,2530.92,1032.02
1553,streatham,STREATHAM_S6.2_P2312_R3,2024,2,259.5,1117.1976597826088,Wheat,NA,NA,2735.77509,0.0,NA,984.8790324,-391.8186273826087
1554,streatham,STREATHAM_S6.2_P2312_R3,2025,3,215.5,716.7,Pasture,NA,NA,0.0,0.0,NA,0.0,-932.2
1555,streatham,STREATHAM_S9.1_P1212_R1,2023,1,374.58849,1073.95,canola,field pea,NA,3069.0264,1534.5132,NA,2820.4352616,1371.8967716
1556,streatham,STREATHAM_S9.1_P1212_R1,2024,2,259.5,1104.9568771739132,Wheat,NA,NA,2693.602694,0.0,NA,969.69696984,-394.75990733391325
1557,streatham,STREATHAM_S9.1_P1212_R1,2025,3,280.38125,785.0500000000001,Canola,Field pea,NA,1782.69,812.56,NA,1602.20858,536.77733
1558,streatham,STREATHAM_S2.4_P1234_R1,2023,1,292.5,1266.3500000000001,faba bean,NA,NA,2483.0,NA,NA,1179.425,-379.4250000000002
1559,streatham,STREATHAM_S2.4_P1234_R1,2024,2,248.5,916.3794221014492,Canola,NA,NA,2940.516274,0.0,NA,2028.95622906,864.0768069585507
1560,streatham,STREATHAM_S2.4_P1234_R1,2025,3,230.0,1089.5669,Wheat,NA,NA,6245.09,0.0,NA,2248.2324,928.6654999999998
1561,streatham,STREATHAM_S1.1_P2121_R3,2023,1,296.0,1352.3675999999998,wheat,NA,NA,5243.0,NA,NA,1887.48,239.1124000000002
1562,streatham,STREATHAM_S1.1_P2121_R3,2024,2,248.5,852.0550362318841,Canola,NA,NA,3127.800179,0.0,NA,2158.18212351,1057.627087278116
1563,streatham,STREATHAM_S1.1_P2121_R3,2025,3,230.0,1051.3935044,Wheat,NA,NA,7047.39,0.0,NA,2537.0604,1255.6668955999999
1564,streatham,STREATHAM_S1.2_P1212_R3,2023,1,307.0,1275.4,canola,NA,NA,3797.0,NA,NA,2619.93,1037.5299999999997
1565,streatham,STREATHAM_S1.2_P1212_R3,2024,2,240.0,861.0076,Wheat,NA,NA,2595.766129,0.0,NA,934.47580644,-166.53179355999998
1566,streatham,STREATHAM_S1.2_P1212_R3,2025,3,252.0,1022.5500000000001,Canola,NA,NA,5134.77,0.0,NA,3542.9913,2268.4413
1567,streatham,STREATHAM_S1.3_P2121_R2,2023,1,296.0,1414.8675999999998,wheat,NA,NA,4113.0,NA,NA,1480.6799999999998,-230.18759999999997
1568,streatham,STREATHAM_S1.3_P2121_R2,2024,2,262.0,811.5450000000001,Canola,NA,NA,2457.912458,0.0,NA,1695.9595960199997,622.4145960199996
1569,streatham,STREATHAM_S1.3_P2121_R2,2025,3,221.5,1011.0975999999999,Wheat,NA,NA,6485.33,0.0,NA,2334.7188,1102.1212
1570,streatham,STREATHAM_S2.1_P3412_R2,2023,1,296.0,1352.3675999999998,wheat,NA,NA,5681.0,NA,NA,2045.16,396.79240000000027
1571,streatham,STREATHAM_S2.1_P3412_R2,2024,2,259.5,1084.7268101449274,Wheat,NA,NA,4545.454545,0.0,NA,1636.3636361999995,292.1368260550721
1572,streatham,STREATHAM_S2.1_P3412_R2,2025,3,215.5,846.0500000000001,Faba bean,NA,NA,3965.57,0.0,NA,1883.64575,822.0957499999998
1573,streatham,STREATHAM_S1.4_P1212_R3,2023,1,307.0,1315.4,canola,NA,NA,4462.0,NA,NA,3078.78,1456.38
1574,streatham,STREATHAM_S1.4_P1212_R3,2024,2,248.5,1106.6266742753623,Wheat,NA,NA,3029.793907,0.0,NA,1090.72580652,-264.40086775536224
1575,streatham,STREATHAM_S1.4_P1212_R3,2025,3,243.5,951.1166667000001,Canola,NA,NA,4929.24,0.0,NA,3401.1756,2206.5589333
1576,streatham,STREATHAM_S8_P1231_R2,2023,1,248.5,994.926,vetch,NA,NA,0.0,NA,NA,0.0,-1243.426
1577,streatham,STREATHAM_S8_P1231_R2,2024,2,248.5,850.801393115942,Canola,NA,NA,2603.815937,0.0,NA,1796.6329965299997,697.3316034140577
1578,streatham,STREATHAM_S8_P1231_R2,2025,3,230.0,1034.87413475,Wheat,NA,NA,5945.08,0.0,NA,2140.2288,875.3546652499999
1579,streatham,STREATHAM_S9.2_P2121_R1,2023,1,296.0,1399.8675999999998,wheat,NA,NA,4948.0,NA,NA,1781.28,85.41240000000016
1580,streatham,STREATHAM_S9.2_P2121_R1,2024,2,270.6346801375,725.0014067028986,Canola,Field Pea,NA,1851.851852,353.5353535,NA,1439.6969697829998,444.0608829426011
1581,streatham,STREATHAM_S9.2_P2121_R1,2025,3,230.0,1068.2880695000001,Wheat,NA,NA,7424.3,0.0,NA,2672.748,1374.4599305
1582,streatham,STREATHAM_S12_P0000_R7,NA,NA,NA,NA,NA,NA,NA,NA,NA,NA,NA,NA
1583,streatham,STREATHAM_S2.3_P3412_R1,2023,1,296.0,1414.8675999999998,wheat,NA,NA,3889.0,NA,NA,1400.04,-310.82759999999985
1584,streatham,STREATHAM_S2.3_P3412_R1,2024,2,259.5,1015.9049786231884,Wheat,NA,NA,1618.967452,0.0,NA,582.8282827200001,-692.5766959031884
1585,streatham,STREATHAM_S2.3_P3412_R1,2025,3,215.5,826.65,Faba bean,NA,NA,4834.09,0.0,NA,2296.19275,1254.04275
1586,streatham,STREATHAM_S2.3_P1234_R2,2023,1,270.5,1200.1525,faba bean,NA,NA,1882.0,NA,NA,893.9499999999999,-576.7025
1587,streatham,STREATHAM_S2.3_P1234_R2,2024,2,281.5,1000.508277173913,Canola,NA,NA,2544.893378,0.0,NA,1755.97643082,473.9681536460869
1588,streatham,STREATHAM_S2.3_P1234_R2,2025,3,221.5,980.6987593999999,Wheat,NA,NA,6263.82,0.0,NA,2254.9752,1052.7764406000001
1589,streatham,STREATHAM_S9.3_P2121_R3,2023,1,296.0,1399.8675999999998,wheat,NA,NA,5934.0,NA,NA,2136.24,440.37239999999997
1590,streatham,STREATHAM_S9.3_P2121_R3,2024,2,291.16084228750003,767.4003496376812,Canola,Field Pea,NA,2268.145161,758.2885305,NA,1912.316308059,853.7551161338189
1591,streatham,STREATHAM_S9.3_P2121_R3,2025,3,230.0,1045.38506525,Wheat,NA,NA,7938.78,0.0,NA,2857.9608,1582.5757347499998
1592,streatham,STREATHAM_S10_P1212_R2,2023,1,389.4887,1123.95,canola,field pea,NA,3013.032,1506.516,NA,2768.976408,1255.537708
1593,streatham,STREATHAM_S10_P1212_R2,2024,2,224.64478115,822.5826974637681,Wheat,Vetch,NA,1245.791246,0.0,NA,448.48484856,-598.7426300537682
1594,streatham,STREATHAM_S10_P1212_R2,2025,3,332.98075,856.9655072500001,Canola,Field pea,NA,3509.46,509.77,NA,2655.00206,1465.0558027499997
1595,streatham,STREATHAM_S5_P2312_R3,2023,1,296.0,1399.8675999999998,wheat,NA,NA,5882.0,NA,NA,2117.52,421.65240000000017
1596,streatham,STREATHAM_S5_P2312_R3,2024,2,237.5,911.807277173913,Barley,NA,NA,3875.448029,0.0,NA,1206.0394266248,56.732149450886936
1597,streatham,STREATHAM_S5_P2312_R3,2025,3,232.5,906.03869565,Canola,NA,NA,5244.26,0.0,NA,3618.5394,2480.00070435
1598,streatham,STREATHAM_S8_P3123_R3,2023,1,296.0,1399.8675999999998,wheat,NA,NA,5352.0,NA,NA,1926.72,230.85240000000022
1599,streatham,STREATHAM_S8_P3123_R3,2024,2,207.0,659.3,Vetch,NA,NA,0.0,0.0,NA,0.0,-866.3
1600,streatham,STREATHAM_S8_P3123_R3,2025,3,232.5,925.464927515,Canola,NA,NA,5385.29,0.0,NA,3715.8501,2557.885172485
1601,streatham,STREATHAM_S12_P0000_R4,NA,NA,NA,NA,NA,NA,NA,NA,NA,NA,NA,NA
1602,streatham,STREATHAM_S1.3_P1212_R3,2023,1,279.0,1160.3999999999999,canola,NA,NA,1784.0,NA,NA,1230.9599999999998,-208.44000000000005
1603,streatham,STREATHAM_S1.3_P1212_R3,2024,2,240.0,831.6826,Wheat,NA,NA,3094.198029,0.0,NA,1113.91129044,42.22869043999992
1604,streatham,STREATHAM_S1.3_P1212_R3,2025,3,232.5,964.45,Canola,NA,NA,4709.14,0.0,NA,3249.3066,2052.3566
1605,streatham,STREATHAM_S7_P3412_R1,2023,1,307.0,1275.4,canola,NA,NA,4146.0,NA,NA,2860.74,1278.3399999999997
1606,streatham,STREATHAM_S7_P3412_R1,2024,2,259.5,1107.643804710145,Wheat,NA,NA,2508.417508,0.0,NA,903.03030288,-464.1135018301451
1607,streatham,STREATHAM_S7_P3412_R1,2025,3,204.5,779.0,Pasture,NA,NA,0.0,0.0,NA,0.0,-983.5
1608,streatham,STREATHAM_S2.3_P4123_R1,2023,1,296.0,1414.8675999999998,wheat,NA,NA,4569.0,NA,NA,1644.84,-66.0275999999999
1609,streatham,STREATHAM_S2.3_P4123_R1,2024,2,273.0,932.0660000000001,Faba bean,NA,NA,2570.145903,0.0,NA,1220.819303925,15.753303924999841
1610,streatham,STREATHAM_S2.3_P4123_R1,2025,3,243.5,985.0688405999999,Canola,NA,NA,3828.26,0.0,NA,2641.4994,1412.9305594000002
1611,streatham,STREATHAM_S2.2_P2341_R1,2023,1,307.0,1275.4,canola,NA,NA,3955.0,NA,NA,2728.95,1146.5499999999997
1612,streatham,STREATHAM_S2.2_P2341_R1,2024,2,259.5,1111.250761231884,Wheat,NA,NA,1787.317621,0.0,NA,643.43434356,-727.3164176718841
1613,streatham,STREATHAM_S2.2_P2341_R1,2025,3,230.0,1058.2549217,Wheat,NA,NA,8225.38,0.0,NA,2961.1368,1672.8818783000002
1614,streatham,STREATHAM_S3_P2341_R2,2023,1,296.0,1399.8675999999998,wheat,NA,NA,5311.0,NA,NA,1911.96,216.09240000000023
1615,streatham,STREATHAM_S3_P2341_R2,2024,2,248.5,881.5610163043478,Canola,NA,NA,3347.362514,0.0,NA,2309.68013466,1179.619118355652
1616,streatham,STREATHAM_S3_P2341_R2,2025,3,230.0,1088.2988391499998,Wheat,NA,NA,7065.08,0.0,NA,2543.4288,1225.1299608500003
1617,streatham,STREATHAM_S2.2_P1234_R3,2023,1,292.5,1266.3500000000001,faba bean,NA,NA,1727.0,NA,NA,820.3249999999999,-738.5250000000002
1618,streatham,STREATHAM_S2.2_P1234_R3,2024,2,248.5,910.4324655797102,Canola,NA,NA,3040.994624,0.0,NA,2098.28629056,939.3538249802898
1619,streatham,STREATHAM_S2.2_P1234_R3,2025,3,230.0,1054.4114261,Wheat,NA,NA,7692.99,0.0,NA,2769.4764,1485.0649739
1620,streatham,STREATHAM_S5_P2312_R1,2023,1,296.0,1399.8675999999998,wheat,NA,NA,5159.0,NA,NA,1857.24,161.3724000000002
1621,streatham,STREATHAM_S5_P2312_R1,2024,2,237.5,911.807277173913,Barley,NA,NA,3049.943883,0.0,NA,949.1425363896,-200.16474078431304
1622,streatham,STREATHAM_S5_P2312_R1,2025,3,232.5,906.03869565,Canola,NA,NA,3659.12,0.0,NA,2524.7928,1386.25410435
1623,manang,MANANG_S3_P3123_R1,2023,1,202.0,447.91999999999996,wheat,NA,NA,2607.0,NA,NA,938.52,288.6
1624,manang,MANANG_S3_P3123_R1,2024,2,193.5,214.8017,Lentil,NA,NA,208.33,NA,NA,160.20577,-248.09593
1625,manang,MANANG_S3_P3123_R1,2025,3,193.5,232.89989999999997,Lentil,NA,NA,1889.53,NA,NA,1453.04857,1026.64867
1626,manang,MANANG_S7_P3123_R1,2023,1,202.0,447.91999999999996,wheat,NA,NA,3405.0,NA,NA,1225.8,575.88
1627,manang,MANANG_S7_P3123_R1,2025,2,246.0,399.7426,Wheat,NA,NA,4450.25,NA,NA,1602.09,956.3473999999999
1628,manang,MANANG_S8.1_P2312_R1,2023,1,191.0,447.91999999999996,wheat,NA,NA,3536.0,NA,NA,1272.96,634.0400000000001
1629,manang,MANANG_S8.1_P2312_R1,2024,2,221.5,336.2692,Wheat,NA,NA,895.91,NA,NA,322.52759999999995,-235.24160000000006
1630,manang,MANANG_S8.1_P2312_R1,2025,3,215.5,319.22440000000006,Vetch,NA,NA,0.0,NA,NA,0.0,-534.7244000000001
1631,manang,MANANG_S1.2_P2312_R2,2023,1,213.0,447.91999999999996,wheat,NA,NA,3841.0,NA,NA,1382.76,721.84
1632,manang,MANANG_S1.2_P2312_R2,2024,2,221.5,341.2692,Wheat,NA,NA,1699.13,NA,NA,611.6868000000001,48.91760000000005
1633,manang,MANANG_S1.2_P2312_R2,2025,3,193.5,232.8999,Lentil,NA,NA,1899.22,NA,NA,1460.50018,1034.10028
1634,manang,MANANG_S9_P1231_R1,2023,1,226.5,550.0,vetch,NA,NA,0.0,NA,NA,0.0,-776.5
1635,manang,MANANG_S9_P1231_R1,2024,2,213.0,326.7692,Wheat,NA,NA,803.23,NA,NA,289.1628,-250.6064
1636,manang,MANANG_S9_P1231_R1,2025,3,213.0,361.3654,Oats,NA,NA,5013.0,NA,NA,1263.276,688.9106
1637,manang,MANANG_S9_P1231_R2,2023,1,237.5,550.0,vetch,NA,NA,0.0,NA,NA,0.0,-787.5
1638,manang,MANANG_S9_P1231_R2,2024,2,213.0,326.7692,Wheat,NA,NA,2286.82,NA,NA,823.2552000000001,283.48600000000005
1639,manang,MANANG_S9_P1231_R2,2025,3,213.0,361.3654,Oats,NA,NA,7053.33,NA,NA,1777.43916,1203.0737599999998
1640,manang,MANANG_S5_P3412_R2,2023,1,180.0,447.91999999999996,wheat,NA,NA,2714.0,NA,NA,977.04,349.12
1641,manang,MANANG_S5_P3412_R2,2024,2,221.5,331.2692,Wheat,NA,NA,1366.58,NA,NA,491.96879999999993,-60.80040000000008
1642,manang,MANANG_S5_P3412_R2,2025,3,193.5,232.89989999999997,Lentil,NA,NA,1802.33,NA,NA,1385.99177,959.5918700000001
1643,manang,MANANG_S11_P1212_R3,2023,1,314.375,462.0972,wheat,vetch,NA,3615.0,0.0,NA,0.0,-776.4721999999999
1644,manang,MANANG_S11_P1212_R3,2024,2,221.5,331.2692,Wheat,NA,NA,2378.33,NA,NA,856.1987999999999,303.4295999999999
1645,manang,MANANG_S11_P1212_R3,2025,3,317.6725,488.4943999999999,Wheat,Vetch,NA,3846.9,NA,NA,1384.884,578.7171
1646,manang,MANANG_S9_P3123_R2,2023,1,235.0,531.32,oat,NA,NA,0.0,NA,NA,0.0,-766.32
1647,manang,MANANG_S9_P3123_R2,2024,2,193.5,244.75219999999996,Vetch,NA,NA,2017.14,NA,NA,0.0,-438.25219999999996
1648,manang,MANANG_S9_P3123_R2,2025,3,202.0,268.98539999999997,Wheat,NA,NA,4206.12,NA,NA,1514.2032,1043.2178
1649,manang,MANANG_S10.1_P1231_R3,2023,1,289.05,462.0972,wheat,vetch,NA,2602.0,0.0,NA,0.0,-751.1472
1650,manang,MANANG_S10.1_P1231_R3,2024,2,221.5,334.7692,Wheat,NA,NA,2172.83,NA,NA,782.2188,225.94959999999998
1651,manang,MANANG_S10.1_P1231_R3,2025,3,202.0,301.4854,Wheat,NA,NA,4035.47,NA,NA,1452.7692,949.2837999999999
1652,manang,MANANG_S10.2_P2312_R3,2023,1,202.0,447.91999999999996,wheat,NA,NA,3207.0,NA,NA,1154.52,504.6
1653,manang,MANANG_S10.2_P2312_R3,2024,2,213.0,350.7692,Wheat,NA,NA,2075.0,NA,NA,747.0,183.2308
1654,manang,MANANG_S10.2_P2312_R3,2025,3,319.247,485.4943999999999,Wheat,Vetch,NA,3909.88,NA,NA,1407.5568,602.8154000000001
1655,manang,MANANG_S1.2_P2312_R1,2023,1,180.0,447.91999999999996,wheat,NA,NA,3349.0,NA,NA,1205.64,577.7200000000001
1656,manang,MANANG_S1.2_P2312_R1,2024,2,221.5,341.2692,Wheat,NA,NA,931.93,NA,NA,335.4948,-227.2744
1657,manang,MANANG_S1.2_P2312_R1,2025,3,193.5,232.8999,Lentil,NA,NA,1445.54,NA,NA,1111.62026,685.2203599999999
1658,manang,MANANG_S10.1_P3123_R2,2023,1,182.5,423.42,wheat,NA,NA,3451.0,NA,NA,1242.36,636.4399999999998
1659,manang,MANANG_S10.1_P3123_R2,2024,2,236.2955,232.65720000000002,Wheat,Vetch,NA,1711.82,NA,NA,616.2552,147.30249999999992
1660,manang,MANANG_S10.1_P3123_R2,2025,3,202.0,336.9854,Wheat,NA,NA,3613.85,NA,NA,1300.986,762.0006000000001
1661,manang,MANANG_S10.2_P3123_R1,2023,1,191.0,447.91999999999996,wheat,NA,NA,3694.0,NA,NA,1329.84,690.92
1662,manang,MANANG_S10.2_P3123_R1,2024,2,232.4975,306.1572,Wheat,Vetch,NA,879.9,NA,NA,316.76399999999995,-221.89070000000004
1663,manang,MANANG_S10.2_P3123_R1,2025,3,202.0,289.4854,Wheat,NA,NA,3729.3,NA,NA,1342.548,851.0626
1664,manang,MANANG_S12_P0000_R5,2023,1,182.5,437.59999999999997,canola,NA,NA,1642.0,NA,NA,1132.98,512.8800000000001
1665,manang,MANANG_S12_P0000_R5,2024,2,213.0,280.76919999999996,Wheat,NA,NA,2069.85,NA,NA,745.146,251.3768
1666,manang,MANANG_S12_P0000_R5,2025,3,193.5,256.5854,Barley,NA,NA,4161.82,NA,NA,1295.1583839999998,845.0729839999999
1667,manang,MANANG_S8.1_P3123_R3,2023,1,202.0,447.91999999999996,wheat,NA,NA,3347.0,NA,NA,1204.9199999999998,554.9999999999999
1668,manang,MANANG_S8.1_P3123_R3,2024,2,204.5,249.80219999999997,Vetch,NA,NA,0.0,NA,NA,0.0,-454.30219999999997
1669,manang,MANANG_S8.1_P3123_R3,2025,3,202.0,275.4854,Wheat,NA,NA,4418.6,NA,NA,1590.696,1113.2105999999999
1670,manang,MANANG_S7_P3123_R3,2023,1,202.0,447.91999999999996,wheat,NA,NA,3019.0,NA,NA,1086.84,436.91999999999996
1671,manang,MANANG_S7_P3123_R3,2025,2,246.0,399.7426,Wheat,NA,NA,4467.05,NA,NA,1608.138,962.3953999999999
1672,manang,MANANG_S1.2_P3123_R2,2023,1,191.0,447.91999999999996,wheat,NA,NA,3192.0,NA,NA,1149.12,510.19999999999993
1673,manang,MANANG_S1.2_P3123_R2,2024,2,193.5,214.80169999999998,Lentil,NA,NA,395.7,NA,NA,304.2933,-104.0084
1674,manang,MANANG_S1.2_P3123_R2,2025,3,202.0,313.98539999999997,Wheat,NA,NA,4181.2,NA,NA,1505.232,989.2466
1675,manang,MANANG_S4_P3412_R1,2023,1,213.0,447.91999999999996,wheat,NA,NA,3138.0,NA,NA,1129.68,468.7600000000001
1676,manang,MANANG_S4_P3412_R1,2024,2,221.5,332.7692,Wheat,NA,NA,1379.9,NA,NA,496.764,-57.5052
1677,manang,MANANG_S4_P3412_R1,2025,3,193.5,232.89989999999995,Lentil,NA,NA,1821.71,NA,NA,1400.89499,974.4950900000001
1678,manang,MANANG_S10.2_P1231_R1,2023,1,280.625,462.0972,wheat,vetch,NA,2705.0,0.0,NA,0.0,-742.7221999999999
1679,manang,MANANG_S10.2_P1231_R1,2024,2,213.0,327.7692,Wheat,NA,NA,758.78,NA,NA,273.1608,-267.6084
1680,manang,MANANG_S10.2_P1231_R1,2025,3,202.0,306.48539999999997,Wheat,NA,NA,2690.31,NA,NA,968.5116,460.0262000000001
1681,manang,MANANG_S11_P1212_R2,2023,1,308.65,462.0972,wheat,vetch,NA,3386.0,0.0,NA,0.0,-770.7472
1682,manang,MANANG_S11_P1212_R2,2024,2,221.5,331.2692,Wheat,NA,NA,2228.39,NA,NA,802.2203999999999,249.45119999999991
1683,manang,MANANG_S11_P1212_R2,2025,3,322.76324999999997,488.4944,Wheat,Vetch,NA,4050.53,NA,NA,1458.1908,646.9331500000001
1684,manang,MANANG_S10.1_P2312_R3,2023,1,193.5,423.41999999999996,wheat,NA,NA,3383.0,NA,NA,1217.88,600.9600000000002
1685,manang,MANANG_S10.1_P2312_R3,2024,2,221.5,337.2692,Wheat,NA,NA,2449.5,NA,NA,881.8199999999999,323.0507999999999
1686,manang,MANANG_S10.1_P2312_R3,2025,3,312.56399999999996,427.9944,Wheat,Vetch,NA,3982.56,NA,NA,1433.7216,693.1632
1687,manang,MANANG_S1.1_P3123_R1,2023,1,213.0,472.41999999999996,wheat,NA,NA,3640.0,NA,NA,1310.4,624.9800000000001
1688,manang,MANANG_S1.1_P3123_R1,2024,2,193.5,214.8017,Lentil,NA,NA,191.8,NA,NA,147.4942,-260.8075
1689,manang,MANANG_S1.1_P3123_R1,2025,3,202.0,299.9854,Wheat,NA,NA,4195.74,NA,NA,1510.4663999999998,1008.4809999999998
1690,manang,MANANG_S8.2_P1231_R2,2023,1,215.5,550.0,vetch,NA,NA,0.0,NA,NA,0.0,-765.5
1691,manang,MANANG_S8.2_P1231_R2,2024,2,213.0,326.2692,Wheat,NA,NA,2399.38,NA,NA,863.7768,324.50759999999997
1692,manang,MANANG_S8.2_P1231_R2,2025,3,202.0,295.48539999999997,Wheat,NA,NA,3884.89,NA,NA,1398.5603999999998,901.0749999999998
1693,manang,MANANG_S8.1_P1231_R1,2023,1,215.5,550.0,vetch,NA,NA,0.0,NA,NA,0.0,-765.5
1694,manang,MANANG_S8.1_P1231_R1,2024,2,213.0,370.26919999999996,Wheat,NA,NA,1570.41,NA,NA,565.3476,-17.9215999999999
1695,manang,MANANG_S8.1_P1231_R1,2025,3,202.0,265.48539999999997,Wheat,NA,NA,3724.28,NA,NA,1340.7408,873.2554
1696,manang,MANANG_S3_P1231_R2,2023,1,226.5,514.9472000000001,lentil,NA,NA,885.0,NA,NA,680.565,-60.88220000000001
1697,manang,MANANG_S3_P1231_R2,2024,2,193.5,214.8017,Lentil,NA,NA,411.26,NA,NA,316.25894,-92.04276000000002
1698,manang,MANANG_S3_P1231_R2,2025,3,202.0,276.9854,Wheat,NA,NA,4246.28,NA,NA,1528.6608,1049.6754
1699,manang,MANANG_S4_P3412_R2,2023,1,202.0,447.91999999999996,wheat,NA,NA,3129.0,NA,NA,1126.44,476.5200000000001
1700,manang,MANANG_S4_P3412_R2,2024,2,221.5,332.7692,Wheat,NA,NA,1167.64,NA,NA,420.3504,-133.91880000000003
1701,manang,MANANG_S4_P3412_R2,2025,3,193.5,232.8999,Lentil,NA,NA,1997.66,NA,NA,1536.20054,1109.80064
1702,manang,MANANG_S2_P1212_R2,2023,1,204.5,514.9472000000001,lentil,NA,NA,1145.0,NA,NA,880.505,161.05779999999993
1703,manang,MANANG_S2_P1212_R2,2024,2,221.5,348.2692,Wheat,NA,NA,1920.54,NA,NA,691.3943999999999,121.6251999999999
1704,manang,MANANG_S2_P1212_R2,2025,3,193.5,232.89989999999997,Lentil,NA,NA,1806.93,NA,NA,1389.52917,963.12927
1705,manang,MANANG_S7_P1231_R1,2024,1,265.5,665.2192000000001,Wheat,NA,NA,1907.93,NA,NA,686.8548,-243.86440000000016
1706,manang,MANANG_S7_P1231_R1,2025,2,202.0,285.9854,Wheat,NA,NA,4165.97,NA,NA,1499.7492,1011.7638
1707,manang,MANANG_S7_P2312_R2,2023,1,213.0,447.91999999999996,wheat,NA,NA,3181.0,NA,NA,1145.16,484.2400000000001
1708,manang,MANANG_S7_P2312_R2,2024,2,221.5,324.2692,Wheat,NA,NA,1879.34,NA,NA,676.5623999999999,130.7931999999999
1709,manang,MANANG_S5_P2341_R2,2023,1,191.0,447.91999999999996,wheat,NA,NA,3197.0,NA,NA,1150.9199999999998,511.9999999999999
1710,manang,MANANG_S5_P2341_R2,2024,2,221.5,354.2692,Wheat,NA,NA,1603.61,NA,NA,577.2995999999999,1.5303999999999292
1711,manang,MANANG_S5_P2341_R2,2025,3,202.0,286.4854,Wheat,NA,NA,3696.71,NA,NA,1330.8156,842.3301999999999
1712,manang,MANANG_S4_P2341_R3,2023,1,202.0,476.0,canola,NA,NA,1338.0,NA,NA,923.22,245.22000000000003
1713,manang,MANANG_S4_P2341_R3,2024,2,213.0,342.7692,Wheat,NA,NA,2270.66,NA,NA,817.4375999999999,261.66839999999985
1714,manang,MANANG_S4_P2341_R3,2025,3,202.0,273.48539999999997,Wheat,NA,NA,3879.87,NA,NA,1396.7532,921.2678000000001
1715,manang,MANANG_S7_P1231_R2,2024,1,265.5,665.2192,Wheat,NA,NA,1738.98,NA,NA,626.0328,-304.68640000000005
1716,manang,MANANG_S7_P1231_R2,2025,2,202.0,285.9854,Wheat,NA,NA,3217.05,NA,NA,1158.138,670.1525999999999
1717,manang,MANANG_S10.2_P2312_R2,2023,1,202.0,447.91999999999996,wheat,NA,NA,2598.0,NA,NA,935.28,285.36
1718,manang,MANANG_S10.2_P2312_R2,2024,2,213.0,350.7692,Wheat,NA,NA,1765.01,NA,NA,635.4036,71.63439999999997
1719,manang,MANANG_S10.2_P2312_R2,2025,3,317.188,485.4944,Wheat,Vetch,NA,3827.52,NA,NA,1377.9072,575.2248
1720,manang,MANANG_S10.2_P2312_R1,2023,1,191.0,447.91999999999996,wheat,NA,NA,3656.0,NA,NA,1316.16,677.2400000000001
1721,manang,MANANG_S10.2_P2312_R1,2024,2,213.0,350.7692,Wheat,NA,NA,1334.24,NA,NA,480.3264,-83.44280000000003
1722,manang,MANANG_S10.2_P2312_R1,2025,3,315.10875,485.4944,Wheat,Vetch,NA,3744.35,NA,NA,1347.966,547.36285
1723,manang,MANANG_S12_P0000_R3,2023,1,193.5,437.59999999999997,canola,NA,NA,1144.0,NA,NA,789.3599999999999,158.25999999999993
1724,manang,MANANG_S12_P0000_R3,2024,2,213.0,280.76919999999996,Wheat,NA,NA,1879.45,NA,NA,676.602,182.83280000000002
1725,manang,MANANG_S12_P0000_R3,2025,3,193.5,256.5854,Barley,NA,NA,4206.12,NA,NA,1308.944544,858.859144
1726,manang,MANANG_S1.3_P3123_R2,2023,1,202.0,492.91999999999996,wheat,NA,NA,2768.0,NA,NA,996.48,301.56000000000006
1727,manang,MANANG_S1.3_P3123_R2,2024,2,193.5,214.80169999999998,Lentil,NA,NA,1520.31,NA,NA,1169.11839,760.8166900000001
1728,manang,MANANG_S1.3_P3123_R2,2025,3,202.0,349.4854,Wheat,NA,NA,4375.0,NA,NA,1575.0,1023.5146
1729,manang,MANANG_S10.2_P3123_R3,2023,1,202.0,447.91999999999996,wheat,NA,NA,2862.0,NA,NA,1030.32,380.4
1730,manang,MANANG_S10.2_P3123_R3,2024,2,261.80674999999997,306.1572,Wheat,Vetch,NA,2052.27,NA,NA,738.8172,170.85325
1731,manang,MANANG_S10.2_P3123_R3,2025,3,202.0,289.4854,Wheat,NA,NA,3866.28,NA,NA,1391.8608,900.3753999999999
1732,manang,MANANG_S3_P1231_R3,2023,1,204.5,514.9472000000001,lentil,NA,NA,815.0,NA,NA,626.735,-92.71220000000005
1733,manang,MANANG_S3_P1231_R3,2024,2,193.5,214.8017,Lentil,NA,NA,499.44,NA,NA,384.06936,-24.232339999999994
1734,manang,MANANG_S3_P1231_R3,2025,3,202.0,276.9854,Wheat,NA,NA,4462.21,NA,NA,1606.3956,1127.4102
1735,manang,MANANG_S12_P0000_R1,2023,1,182.5,437.59999999999997,canola,NA,NA,935.0,NA,NA,645.15,25.05000000000001
1736,manang,MANANG_S12_P0000_R1,2024,2,213.0,280.76919999999996,Wheat,NA,NA,1240.88,NA,NA,446.7168,-47.05239999999998
1737,manang,MANANG_S12_P0000_R1,2025,3,193.5,256.5854,Barley,NA,NA,4200.58,NA,NA,1307.220496,857.135096
1738,manang,MANANG_S1.1_P1231_R1,2023,1,193.5,532.1972000000001,lentil,NA,NA,1186.0,NA,NA,912.034,186.33679999999993
1739,manang,MANANG_S1.1_P1231_R1,2024,2,213.0,319.7692,Wheat,NA,NA,1366.58,NA,NA,491.96879999999993,-40.80040000000008
1740,manang,MANANG_S1.1_P1231_R1,2025,3,202.0,321.98539999999997,Wheat,NA,NA,3458.26,NA,NA,1244.9736,720.9882
1741,manang,MANANG_S12_P0000_R6,2023,1,182.5,437.59999999999997,canola,NA,NA,1079.0,NA,NA,744.51,124.41000000000003
1742,manang,MANANG_S12_P0000_R6,2024,2,213.0,280.76919999999996,Wheat,NA,NA,1992.62,NA,NA,717.3431999999999,223.57399999999996
1743,manang,MANANG_S12_P0000_R6,2025,3,193.5,256.5854,Barley,NA,NA,3817.83,NA,NA,1188.1086959999998,738.0232959999998
1744,manang,MANANG_S5_P1234_R1,2023,1,204.5,532.1972000000001,lentil,NA,NA,907.0,NA,NA,697.4830000000001,-39.214200000000005
1745,manang,MANANG_S5_P1234_R1,2024,2,221.5,336.7692,Wheat,NA,NA,1369.6,NA,NA,493.0559999999999,-65.21320000000009
1746,manang,MANANG_S5_P1234_R1,2025,3,202.0,275.4854,Wheat,NA,NA,3483.35,NA,NA,1254.006,776.5206000000001
1747,manang,MANANG_S8.2_P1231_R1,2023,1,204.5,550.0,vetch,NA,NA,0.0,NA,NA,0.0,-754.5
1748,manang,MANANG_S8.2_P1231_R1,2024,2,213.0,326.2692,Wheat,NA,NA,1639.89,NA,NA,590.3604,51.091200000000015
1749,manang,MANANG_S8.2_P1231_R1,2025,3,202.0,295.4854,Wheat,NA,NA,3854.78,NA,NA,1387.7208,890.2354
1750,manang,MANANG_S1.1_P1231_R2,2023,1,204.5,514.9472000000001,lentil,NA,NA,720.0,NA,NA,553.6800000000001,-165.7672
1751,manang,MANANG_S1.1_P1231_R2,2024,2,213.0,319.7692,Wheat,NA,NA,2317.0,NA,NA,834.12,301.3508
1752,manang,MANANG_S1.1_P1231_R2,2025,3,202.0,321.9854,Wheat,NA,NA,3842.05,NA,NA,1383.138,859.1525999999999
1753,manang,MANANG_S10.1_P1231_R2,2023,1,312.375,462.0972,wheat,vetch,NA,3535.0,0.0,NA,0.0,-774.4721999999999
1754,manang,MANANG_S10.1_P1231_R2,2024,2,221.5,334.7692,Wheat,NA,NA,1807.26,NA,NA,650.6136,94.34440000000001
1755,manang,MANANG_S10.1_P1231_R2,2025,3,202.0,301.48539999999997,Wheat,NA,NA,3856.59,NA,NA,1388.3724,884.887
1756,manang,MANANG_S4_P1234_R2,2023,1,215.5,514.9472000000001,lentil,NA,NA,1079.0,NA,NA,829.751,99.30379999999991
1757,manang,MANANG_S4_P1234_R2,2024,2,202.0,332.44720000000007,Canola,NA,NA,662.03,NA,NA,456.8007,-77.64650000000006
1758,manang,MANANG_S4_P1234_R2,2025,3,202.0,321.4854,Wheat,NA,NA,2098.04,NA,NA,755.2944,231.80899999999997
1759,manang,MANANG_S2_P1212_R1,2023,1,226.5,514.9472000000001,lentil,NA,NA,870.0,NA,NA,669.03,-72.4172000000001
1760,manang,MANANG_S2_P1212_R1,2024,2,221.5,348.2692,Wheat,NA,NA,1782.38,NA,NA,641.6568,71.88759999999996
1761,manang,MANANG_S2_P1212_R1,2025,3,193.5,232.89989999999997,Lentil,NA,NA,1952.52,NA,NA,1501.48788,1075.08798
1762,manang,MANANG_S5_P1234_R2,2023,1,215.5,514.9472000000001,lentil,NA,NA,1081.0,NA,NA,831.289,100.84179999999992
1763,manang,MANANG_S5_P1234_R2,2024,2,221.5,336.7692,Wheat,NA,NA,2138.58,NA,NA,769.8888,211.61959999999993
1764,manang,MANANG_S5_P1234_R2,2025,3,202.0,275.4854,Wheat,NA,NA,3804.58,NA,NA,1369.6488,892.1633999999999
1765,manang,MANANG_S10.1_P2312_R2,2023,1,182.5,423.42,wheat,NA,NA,2966.0,NA,NA,1067.76,461.84
1766,manang,MANANG_S10.1_P2312_R2,2024,2,221.5,337.2692,Wheat,NA,NA,1915.39,NA,NA,689.5404,130.77119999999996
1767,manang,MANANG_S10.1_P2312_R2,2025,3,308.20349999999996,427.9944,Wheat,Vetch,NA,3808.14,NA,NA,1370.9304,634.7325000000001
1768,manang,MANANG_S8.2_P3123_R2,2023,1,191.0,447.91999999999996,wheat,NA,NA,3548.0,NA,NA,1277.28,638.36
1769,manang,MANANG_S8.2_P3123_R2,2024,2,193.5,244.7522,Vetch,NA,NA,0.0,NA,NA,0.0,-438.2522
1770,manang,MANANG_S8.2_P3123_R2,2025,3,202.0,282.9854,Wheat,NA,NA,4069.77,NA,NA,1465.1172,980.1317999999999
1771,manang,MANANG_S1.3_P2312_R1,2023,1,202.0,492.91999999999996,wheat,NA,NA,3726.0,NA,NA,1341.36,646.4399999999999
1772,manang,MANANG_S1.3_P2312_R1,2024,2,213.0,399.2692,Wheat,NA,NA,1333.65,NA,NA,480.114,-132.15520000000004
1773,manang,MANANG_S1.3_P2312_R1,2025,3,193.5,232.89989999999997,Lentil,NA,NA,1872.18,NA,NA,1439.70642,1013.30652
1774,manang,MANANG_S6_P1111_R4,2023,1,202.0,447.91999999999996,wheat,NA,NA,3628.0,NA,NA,1306.08,656.16
1775,manang,MANANG_S6_P1111_R4,2024,2,221.5,346.26920000000007,Wheat,NA,NA,2105.9,NA,NA,758.124,190.35479999999995
1776,manang,MANANG_S6_P1111_R4,2025,3,202.0,291.4854,Wheat,NA,NA,3982.56,NA,NA,1433.7216,940.2362
1777,manang,MANANG_S4_P4123_R2,2023,1,191.0,447.91999999999996,wheat,NA,NA,2856.0,NA,NA,1028.16,389.2400000000001
1778,manang,MANANG_S4_P4123_R2,2024,2,193.5,214.8017,Lentil,NA,NA,401.61,NA,NA,308.83809,-99.46360999999999
1779,manang,MANANG_S4_P4123_R2,2025,3,213.0,371.0804,Canola,NA,NA,2199.61,NA,NA,1517.7309,933.6505
1780,manang,MANANG_S10.1_P2312_R1,2023,1,182.5,423.42,wheat,NA,NA,2718.0,NA,NA,978.48,372.56
1781,manang,MANANG_S10.1_P2312_R1,2024,2,221.5,337.2692,Wheat,NA,NA,1442.81,NA,NA,519.4115999999999,-39.357600000000105
1782,manang,MANANG_S10.1_P2312_R1,2025,3,305.05425,427.9944,Wheat,Vetch,NA,3682.17,NA,NA,1325.5812,592.5325500000001
1783,manang,MANANG_S8.2_P3123_R3,2023,1,191.0,447.91999999999996,wheat,NA,NA,3512.0,NA,NA,1264.32,625.4
1784,manang,MANANG_S8.2_P3123_R3,2024,2,193.5,244.75219999999996,Vetch,NA,NA,0.0,NA,NA,0.0,-438.25219999999996
1785,manang,MANANG_S8.2_P3123_R3,2025,3,202.0,282.9854,Wheat,NA,NA,4176.36,NA,NA,1503.4896,1018.5042000000001
1786,manang,MANANG_S2_P2121_R3,2023,1,202.0,447.91999999999996,wheat,NA,NA,3182.0,NA,NA,1145.52,495.6
1787,manang,MANANG_S2_P2121_R3,2024,2,193.5,214.8017,Lentil,NA,NA,334.68,NA,NA,257.36892,-150.93278
1788,manang,MANANG_S2_P2121_R3,2025,3,202.0,324.98539999999997,Wheat,NA,NA,4379.84,NA,NA,1576.7424,1049.757
1789,manang,MANANG_S1.1_P2312_R2,2023,1,202.0,472.41999999999996,wheat,NA,NA,3365.0,NA,NA,1211.4,536.9800000000001
1790,manang,MANANG_S1.1_P2312_R2,2024,2,213.0,341.2692,Wheat,NA,NA,1524.81,NA,NA,548.9316,-5.337600000000009
1791,manang,MANANG_S1.1_P2312_R2,2025,3,193.5,232.89989999999997,Lentil,NA,NA,1721.6,NA,NA,1323.9104,897.5105
1792,manang,MANANG_S13_P0000_R4,2023,1,182.5,538.6,canola,NA,NA,1476.0,NA,NA,1018.44,297.34000000000003
1793,manang,MANANG_S13_P0000_R4,2024,2,213.0,279.26919999999996,Wheat,NA,NA,1941.13,NA,NA,698.8068000000001,206.5376000000001
1794,manang,MANANG_S13_P0000_R4,2025,3,193.5,237.0854,Barley,NA,NA,4130.83,NA,NA,1285.5142959999998,854.9288959999999
1795,manang,MANANG_S8.2_P2312_R3,2023,1,202.0,447.91999999999996,wheat,NA,NA,2330.0,NA,NA,838.8,188.88
1796,manang,MANANG_S8.2_P2312_R3,2024,2,221.5,320.2692,Wheat,NA,NA,2419.98,NA,NA,871.1927999999999,329.4235999999999
1797,manang,MANANG_S8.2_P2312_R3,2025,3,215.5,329.1744,Vetch,NA,NA,0.0,NA,NA,0.0,-544.6744
1798,manang,MANANG_S8.1_P1231_R3,2023,1,226.5,550.0,vetch,NA,NA,0.0,NA,NA,0.0,-776.5
1799,manang,MANANG_S8.1_P1231_R3,2024,2,213.0,370.26920000000007,Wheat,NA,NA,2397.51,NA,NA,863.1036,279.83439999999996
1800,manang,MANANG_S8.1_P1231_R3,2025,3,202.0,265.48539999999997,Wheat,NA,NA,3953.49,NA,NA,1423.2563999999998,955.7709999999997
1801,manang,MANANG_S10.1_P3123_R1,2023,1,193.5,423.41999999999996,wheat,NA,NA,3270.0,NA,NA,1177.2,560.2800000000001
1802,manang,MANANG_S10.1_P3123_R1,2024,2,215.92525,232.65720000000002,Wheat,Vetch,NA,897.01,NA,NA,322.9236,-125.65885
1803,manang,MANANG_S10.1_P3123_R1,2025,3,202.0,336.98539999999997,Wheat,NA,NA,3628.88,NA,NA,1306.3968,767.4114
1804,manang,MANANG_S1.3_P1231_R3,2023,1,193.5,514.9472000000001,lentil,NA,NA,868.0,NA,NA,667.492,-40.955200000000104
1805,manang,MANANG_S1.3_P1231_R3,2024,2,221.5,363.7692,Wheat,NA,NA,2296.81,NA,NA,826.8516,241.58239999999995
1806,manang,MANANG_S1.3_P1231_R3,2025,3,202.0,346.48539999999997,Wheat,NA,NA,3934.11,NA,NA,1416.2796,867.7942
1807,manang,MANANG_S2_P1212_R3,2023,1,204.5,514.9472000000001,lentil,NA,NA,674.0,NA,NA,518.306,-201.14120000000003
1808,manang,MANANG_S2_P1212_R3,2024,2,221.5,348.2692,Wheat,NA,NA,2248.86,NA,NA,809.5896,239.8204
1809,manang,MANANG_S2_P1212_R3,2025,3,193.5,232.89989999999995,Lentil,NA,NA,1991.28,NA,NA,1531.29432,1104.89442
1810,manang,MANANG_S3_P3123_R2,2023,1,191.0,447.91999999999996,wheat,NA,NA,3614.0,NA,NA,1301.04,662.12
1811,manang,MANANG_S3_P3123_R2,2024,2,193.5,214.80169999999998,Lentil,NA,NA,514.08,NA,NA,395.3275200000001,-12.974179999999876
1812,manang,MANANG_S3_P3123_R2,2025,3,193.5,232.89989999999997,Lentil,NA,NA,2148.23,NA,NA,1651.98887,1225.58897
1813,manang,MANANG_S3_P2312_R1,2023,1,215.5,514.9472000000001,lentil,NA,NA,944.0,NA,NA,725.936,-4.511200000000031
1814,manang,MANANG_S3_P2312_R1,2024,2,213.0,356.7692,Wheat,NA,NA,1863.86,NA,NA,670.9896,101.22039999999998
1815,manang,MANANG_S3_P2312_R1,2025,3,193.5,232.89989999999997,Lentil,NA,NA,2389.16,NA,NA,1837.26404,1410.8641400000001
1816,manang,MANANG_S6_P1111_R6,2023,1,202.0,447.91999999999996,wheat,NA,NA,2927.0,NA,NA,1053.72,403.80000000000007
1817,manang,MANANG_S6_P1111_R6,2024,2,221.5,346.2692,Wheat,NA,NA,2272.84,NA,NA,818.2224,250.45319999999998
1818,manang,MANANG_S6_P1111_R6,2025,3,202.0,291.4854,Wheat,NA,NA,4296.47,NA,NA,1546.7292,1053.2438
1819,manang,MANANG_S4_P2341_R1,2023,1,191.0,475.99999999999994,canola,NA,NA,1248.0,NA,NA,861.1199999999999,194.11999999999995
1820,manang,MANANG_S4_P2341_R1,2024,2,213.0,342.7692,Wheat,NA,NA,1238.73,NA,NA,445.9428,-109.82640000000004
1821,manang,MANANG_S4_P2341_R1,2025,3,202.0,273.48539999999997,Wheat,NA,NA,3420.54,NA,NA,1231.3944,755.9089999999999
1822,manang,MANANG_S1.3_P1231_R2,2023,1,204.5,514.9472000000001,lentil,NA,NA,1031.0,NA,NA,792.839,73.39179999999999
1823,manang,MANANG_S1.3_P1231_R2,2024,2,221.5,363.7692,Wheat,NA,NA,1807.26,NA,NA,650.6136,65.34440000000001
1824,manang,MANANG_S1.3_P1231_R2,2025,3,202.0,346.4854,Wheat,NA,NA,3536.82,NA,NA,1273.2552,724.7698
1825,manang,MANANG_S4_P2341_R2,2023,1,180.0,476.0,canola,NA,NA,1344.0,NA,NA,927.36,271.36
1826,manang,MANANG_S4_P2341_R2,2024,2,213.0,342.7692,Wheat,NA,NA,1905.59,NA,NA,686.0124,130.24319999999994
1827,manang,MANANG_S4_P2341_R2,2025,3,202.0,273.48539999999997,Wheat,NA,NA,4253.88,NA,NA,1531.3968,1055.9114
1828,manang,MANANG_S3_P2312_R3,2023,1,226.5,514.9472000000001,lentil,NA,NA,875.0,NA,NA,672.875,-68.57220000000007
1829,manang,MANANG_S3_P2312_R3,2024,2,213.0,356.7692,Wheat,NA,NA,2579.72,NA,NA,928.6992,358.93
1830,manang,MANANG_S3_P2312_R3,2025,3,193.5,232.89989999999995,Lentil,NA,NA,1977.58,NA,NA,1520.75902,1094.35912
1831,manang,MANANG_S1.1_P2312_R3,2023,1,213.0,472.41999999999996,wheat,NA,NA,3331.0,NA,NA,1199.16,513.7400000000001
1832,manang,MANANG_S1.1_P2312_R3,2024,2,213.0,341.2692,Wheat,NA,NA,2152.24,NA,NA,774.8063999999999,220.53719999999993
1833,manang,MANANG_S1.1_P2312_R3,2025,3,193.5,232.8999,Lentil,NA,NA,1686.46,NA,NA,1296.88774,870.4878399999999
1834,manang,MANANG_S8.2_P2312_R2,2023,1,202.0,447.91999999999996,wheat,NA,NA,3349.0,NA,NA,1205.64,555.7200000000001
1835,manang,MANANG_S8.2_P2312_R2,2024,2,221.5,320.2692,Wheat,NA,NA,1838.15,NA,NA,661.734,119.96480000000003
1836,manang,MANANG_S8.2_P2312_R2,2025,3,215.5,329.1744,Vetch,NA,NA,0.0,NA,NA,0.0,-544.6744
1837,manang,MANANG_S13_P0000_R3,2023,1,182.5,538.6,canola,NA,NA,1158.0,NA,NA,799.02,77.91999999999996
1838,manang,MANANG_S13_P0000_R3,2024,2,213.0,279.26919999999996,Wheat,NA,NA,1718.08,NA,NA,618.5088,126.2396
1839,manang,MANANG_S13_P0000_R3,2025,3,193.5,237.0854,Barley,NA,NA,4375.0,NA,NA,1361.5,930.9146000000001
1840,manang,MANANG_S9_P3123_R1,2023,1,224.0,531.32,oat,NA,NA,0.0,NA,NA,0.0,-755.32
1841,manang,MANANG_S9_P3123_R1,2024,2,193.5,244.75220000000002,Vetch,NA,NA,1384.78,NA,NA,0.0,-438.2522
1842,manang,MANANG_S9_P3123_R1,2025,3,202.0,268.98539999999997,Wheat,NA,NA,4196.08,NA,NA,1510.5888,1039.6034
1843,manang,MANANG_S13_P0000_R1,2023,1,193.5,538.6,canola,NA,NA,912.0,NA,NA,629.28,-102.82000000000005
1844,manang,MANANG_S13_P0000_R1,2024,2,213.0,279.26919999999996,Wheat,NA,NA,751.74,NA,NA,270.6264,-221.64279999999997
1845,manang,MANANG_S13_P0000_R1,2025,3,193.5,237.0854,Barley,NA,NA,3081.4,NA,NA,958.93168,528.34628
1846,manang,MANANG_S13_P0000_R5,2023,1,182.5,538.6,canola,NA,NA,1263.0,NA,NA,871.4699999999999,150.3699999999999
1847,manang,MANANG_S13_P0000_R5,2024,2,213.0,279.26919999999996,Wheat,NA,NA,1947.67,NA,NA,701.1612,208.89200000000005
1848,manang,MANANG_S13_P0000_R5,2025,3,193.5,237.0854,Barley,NA,NA,4617.7,NA,NA,1437.02824,1006.4428400000002
1849,manang,MANANG_S3_P3123_R3,2023,1,202.0,447.91999999999996,wheat,NA,NA,2488.0,NA,NA,895.68,245.76
1850,manang,MANANG_S3_P3123_R3,2024,2,193.5,214.80169999999998,Lentil,NA,NA,530.34,NA,NA,407.8314600000001,-0.4702399999998761
1851,manang,MANANG_S3_P3123_R3,2025,3,193.5,232.8999,Lentil,NA,NA,1977.58,NA,NA,1520.75902,1094.35912
1852,manang,MANANG_S1.3_P3123_R3,2023,1,191.0,492.91999999999996,wheat,NA,NA,3146.0,NA,NA,1132.56,448.64
1853,manang,MANANG_S1.3_P3123_R3,2024,2,193.5,214.8017,Lentil,NA,NA,360.42,NA,NA,277.16298,-131.13872
1854,manang,MANANG_S1.3_P3123_R3,2025,3,202.0,349.48539999999997,Wheat,NA,NA,4637.78,NA,NA,1669.6008,1118.1154
1855,manang,MANANG_S4_P1234_R3,2023,1,204.5,514.9472000000001,lentil,NA,NA,884.0,NA,NA,679.796,-39.65120000000002
1856,manang,MANANG_S4_P1234_R3,2024,2,202.0,332.4472,Canola,NA,NA,957.69,NA,NA,660.8061,126.3589
1857,manang,MANANG_S4_P1234_R3,2025,3,202.0,321.4854,Wheat,NA,NA,2771.32,NA,NA,997.6752,474.1898
1858,manang,MANANG_S7_P3123_R2,2023,1,213.0,447.91999999999996,wheat,NA,NA,2690.0,NA,NA,968.4,307.48
1859,manang,MANANG_S7_P3123_R2,2025,2,246.0,399.7426,Wheat,NA,NA,4670.54,NA,NA,1681.3944,1035.6517999999999
1860,manang,MANANG_S12_P0000_R4,2023,1,193.5,437.59999999999997,canola,NA,NA,1477.0,NA,NA,1019.13,388.03000000000003
1861,manang,MANANG_S12_P0000_R4,2024,2,213.0,280.76919999999996,Wheat,NA,NA,1540.7,NA,NA,554.652,60.88280000000009
1862,manang,MANANG_S12_P0000_R4,2025,3,193.5,256.5854,Barley,NA,NA,3965.2,NA,NA,1233.97024,783.8848400000002
1863,manang,MANANG_S1.1_P1231_R3,2023,1,215.5,514.9472000000001,lentil,NA,NA,1014.0,NA,NA,779.766,49.3187999999999
1864,manang,MANANG_S1.1_P1231_R3,2024,2,213.0,319.7692,Wheat,NA,NA,2409.68,NA,NA,867.4848,334.71559999999994
1865,manang,MANANG_S1.1_P1231_R3,2025,3,202.0,321.98539999999997,Wheat,NA,NA,4186.05,NA,NA,1506.978,982.9926
1866,manang,MANANG_S5_P1234_R3,2023,1,215.5,514.9472000000001,lentil,NA,NA,948.0,NA,NA,729.0120000000001,-1.435200000000009
1867,manang,MANANG_S5_P1234_R3,2024,2,221.5,336.7692,Wheat,NA,NA,2431.45,NA,NA,875.3219999999999,317.0527999999999
1868,manang,MANANG_S5_P1234_R3,2025,3,202.0,275.4854,Wheat,NA,NA,3789.53,NA,NA,1364.2308,886.7454
1869,manang,MANANG_S1.2_P2312_R3,2023,1,191.0,447.91999999999996,wheat,NA,NA,2940.0,NA,NA,1058.4,419.48000000000013
1870,manang,MANANG_S1.2_P2312_R3,2024,2,221.5,341.2692,Wheat,NA,NA,2008.07,NA,NA,722.9051999999999,160.1359999999999
1871,manang,MANANG_S1.2_P2312_R3,2025,3,193.5,232.89989999999997,Lentil,NA,NA,1917.35,NA,NA,1474.44215,1048.0422500000002
1872,manang,MANANG_S10.2_P3123_R2,2023,1,213.0,447.91999999999996,wheat,NA,NA,2758.0,NA,NA,992.88,331.96000000000004
1873,manang,MANANG_S10.2_P3123_R2,2024,2,258.8285,306.1572,Wheat,Vetch,NA,1933.14,NA,NA,695.9304,130.94469999999995
1874,manang,MANANG_S10.2_P3123_R2,2025,3,202.0,289.4854,Wheat,NA,NA,4089.15,NA,NA,1472.094,980.6086
1875,manang,MANANG_S6_P1111_R5,2023,1,202.0,447.91999999999996,wheat,NA,NA,2556.0,NA,NA,920.16,270.24
1876,manang,MANANG_S6_P1111_R5,2024,2,221.5,346.2692,Wheat,NA,NA,2270.66,NA,NA,817.4375999999999,249.66839999999985
1877,manang,MANANG_S6_P1111_R5,2025,3,202.0,291.4854,Wheat,NA,NA,3935.08,NA,NA,1416.6288,923.1433999999999
1878,manang,MANANG_S1.3_P1231_R1,2023,1,215.5,532.1972000000001,lentil,NA,NA,1090.0,NA,NA,838.21,90.51279999999997
1879,manang,MANANG_S1.3_P1231_R1,2024,2,221.5,363.76920000000007,Wheat,NA,NA,963.8,NA,NA,346.968,-238.30120000000005
1880,manang,MANANG_S1.3_P1231_R1,2025,3,202.0,346.48539999999997,Wheat,NA,NA,2984.5,NA,NA,1074.42,525.9346
1881,manang,MANANG_S12_P0000_R8,2023,1,182.5,437.59999999999997,canola,NA,NA,1145.0,NA,NA,790.05,169.95
1882,manang,MANANG_S12_P0000_R8,2024,2,213.0,280.76919999999996,Wheat,NA,NA,2203.72,NA,NA,793.3391999999999,299.56999999999994
1883,manang,MANANG_S12_P0000_R8,2025,3,193.5,256.5854,Barley,NA,NA,4127.91,NA,NA,1284.605592,834.520192
1884,manang,MANANG_S1.1_P3123_R2,2023,1,213.0,472.41999999999996,wheat,NA,NA,3782.0,NA,NA,1361.52,676.1
1885,manang,MANANG_S1.1_P3123_R2,2024,2,193.5,214.8017,Lentil,NA,NA,386.17,NA,NA,296.96473000000003,-111.33696999999998
1886,manang,MANANG_S1.1_P3123_R2,2025,3,202.0,299.9854,Wheat,NA,NA,4098.84,NA,NA,1475.5824,973.597
1887,manang,MANANG_S5_P2341_R1,2023,1,202.0,447.91999999999996,wheat,NA,NA,3121.0,NA,NA,1123.56,473.64
1888,manang,MANANG_S5_P2341_R1,2024,2,221.5,354.2692,Wheat,NA,NA,1098.06,NA,NA,395.3016,-180.4676
1889,manang,MANANG_S5_P2341_R1,2025,3,202.0,286.4854,Wheat,NA,NA,3817.83,NA,NA,1374.4188,885.9333999999999
1890,manang,MANANG_S4_P4123_R1,2023,1,202.0,447.91999999999996,wheat,NA,NA,3129.0,NA,NA,1126.44,476.5200000000001
1891,manang,MANANG_S4_P4123_R1,2024,2,193.5,214.80169999999998,Lentil,NA,NA,239.5,NA,NA,184.1755,-224.12619999999998
1892,manang,MANANG_S4_P4123_R1,2025,3,213.0,371.08039999999994,Canola,NA,NA,2034.88,NA,NA,1404.0672,819.9868
1893,manang,MANANG_S8.1_P2312_R3,2023,1,202.0,447.91999999999996,wheat,NA,NA,3238.0,NA,NA,1165.68,515.7600000000001
1894,manang,MANANG_S8.1_P2312_R3,2024,2,221.5,336.2692,Wheat,NA,NA,2389.08,NA,NA,860.0687999999999,302.2995999999999
1895,manang,MANANG_S8.1_P2312_R3,2025,3,215.5,319.2244,Vetch,NA,NA,0.0,NA,NA,0.0,-534.7244000000001
1896,manang,MANANG_S5_P2341_R3,2023,1,180.0,447.91999999999996,wheat,NA,NA,3540.0,NA,NA,1274.4,646.4800000000001
1897,manang,MANANG_S5_P2341_R3,2024,2,221.5,354.2692,Wheat,NA,NA,1716.61,NA,NA,617.9795999999999,42.21039999999988
1898,manang,MANANG_S5_P2341_R3,2025,3,202.0,286.4854,Wheat,NA,NA,3332.78,NA,NA,1199.8008,711.3154
1899,manang,MANANG_S2_P2121_R1,2023,1,191.0,447.91999999999996,wheat,NA,NA,3854.0,NA,NA,1387.44,748.5200000000001
1900,manang,MANANG_S2_P2121_R1,2024,2,193.5,214.8017,Lentil,NA,NA,285.18,NA,NA,219.30342,-188.99828000000002
1901,manang,MANANG_S2_P2121_R1,2025,3,202.0,324.98539999999997,Wheat,NA,NA,4316.86,NA,NA,1554.0695999999998,1027.0841999999998
1902,manang,MANANG_S6_P1111_R2,2023,1,191.0,447.91999999999996,wheat,NA,NA,3636.0,NA,NA,1308.96,670.0400000000001
1903,manang,MANANG_S6_P1111_R2,2024,2,221.5,346.2692,Wheat,NA,NA,1181.46,NA,NA,425.3256,-142.4436
1904,manang,MANANG_S6_P1111_R2,2025,3,202.0,291.4854,Wheat,NA,NA,3372.93,NA,NA,1214.2548,720.7693999999999
1905,manang,MANANG_S8.2_P2312_R1,2023,1,213.0,447.91999999999996,wheat,NA,NA,2828.0,NA,NA,1018.08,357.1600000000001
1906,manang,MANANG_S8.2_P2312_R1,2024,2,221.5,320.2692,Wheat,NA,NA,957.69,NA,NA,344.7684,-197.00080000000003
1907,manang,MANANG_S8.2_P2312_R1,2025,3,215.5,329.1744,Vetch,NA,NA,0.0,NA,NA,0.0,-544.6744
1908,manang,MANANG_S9_P3123_R3,2023,1,246.0,531.32,oat,NA,NA,0.0,NA,NA,0.0,-777.32
1909,manang,MANANG_S9_P3123_R3,2024,2,193.5,244.7522,Vetch,NA,NA,2502.0,NA,NA,0.0,-438.2522
1910,manang,MANANG_S9_P3123_R3,2025,3,202.0,268.98539999999997,Wheat,NA,NA,4467.05,NA,NA,1608.138,1137.1526
1911,manang,MANANG_S5_P3412_R3,2023,1,202.0,447.91999999999996,wheat,NA,NA,3475.0,NA,NA,1251.0,601.08
1912,manang,MANANG_S5_P3412_R3,2024,2,221.5,331.2692,Wheat,NA,NA,2028.66,NA,NA,730.3176,177.54839999999996
1913,manang,MANANG_S5_P3412_R3,2025,3,193.5,232.89989999999997,Lentil,NA,NA,1786.85,NA,NA,1374.08765,947.6877499999999
1914,manang,MANANG_S9_P2312_R1,2023,1,202.0,447.91999999999996,wheat,NA,NA,2843.0,NA,NA,1023.48,373.56000000000006
1915,manang,MANANG_S9_P2312_R1,2024,2,202.0,373.62919999999997,Oats,NA,NA,5100.0,NA,NA,1285.2,709.5708000000001
1916,manang,MANANG_S9_P2312_R1,2025,3,204.5,304.5944,Vetch,NA,NA,0.0,NA,NA,0.0,-509.0944
1917,manang,MANANG_S8.1_P2312_R2,2023,1,202.0,447.91999999999996,wheat,NA,NA,3156.0,NA,NA,1136.16,486.2400000000001
1918,manang,MANANG_S8.1_P2312_R2,2024,2,221.5,336.2692,Wheat,NA,NA,1108.99,NA,NA,399.2364,-158.5328
1919,manang,MANANG_S8.1_P2312_R2,2025,3,215.5,319.2244,Vetch,NA,NA,0.0,NA,NA,0.0,-534.7244000000001
1920,manang,MANANG_S12_P0000_R2,2023,1,193.5,437.59999999999997,canola,NA,NA,1391.0,NA,NA,959.79,328.69
1921,manang,MANANG_S12_P0000_R2,2024,2,213.0,280.76919999999996,Wheat,NA,NA,1668.66,NA,NA,600.7176000000001,106.9484000000001
1922,manang,MANANG_S12_P0000_R2,2025,3,193.5,256.5854,Barley,NA,NA,4090.68,NA,NA,1273.0196159999998,822.9342159999999
1923,manang,MANANG_S11_P1212_R1,2023,1,275.375,462.0972,wheat,vetch,NA,2935.0,0.0,NA,0.0,-737.4721999999999
1924,manang,MANANG_S11_P1212_R1,2024,2,221.5,331.2692,Wheat,NA,NA,808.38,NA,NA,291.0168,-261.7524
1925,manang,MANANG_S11_P1212_R1,2025,3,292.27125,488.4944,Wheat,Vetch,NA,2830.85,NA,NA,1019.106,238.34035
1926,manang,MANANG_S13_P0000_R7,2023,1,182.5,538.6,canola,NA,NA,1419.0,NA,NA,979.11,258.01
1927,manang,MANANG_S13_P0000_R7,2024,2,213.0,279.26919999999996,Wheat,NA,NA,2188.28,NA,NA,787.7808,295.51160000000004
1928,manang,MANANG_S13_P0000_R7,2025,3,193.5,237.0854,Barley,NA,NA,4090.68,NA,NA,1273.0196159999998,842.4342159999999
1929,manang,MANANG_S3_P1231_R1,2023,1,204.5,514.9472000000001,lentil,NA,NA,888.0,NA,NA,682.8720000000001,-36.575199999999995
1930,manang,MANANG_S3_P1231_R1,2024,2,193.5,214.8017,Lentil,NA,NA,216.25,NA,NA,166.29625,-242.00545000000002
1931,manang,MANANG_S3_P1231_R1,2025,3,202.0,276.9854,Wheat,NA,NA,4296.47,NA,NA,1546.7292,1067.7438
1932,manang,MANANG_S1.2_P3123_R1,2023,1,213.0,447.91999999999996,wheat,NA,NA,3151.0,NA,NA,1134.36,473.43999999999994
1933,manang,MANANG_S1.2_P3123_R1,2024,2,193.5,214.80169999999998,Lentil,NA,NA,325.92,NA,NA,250.63248,-157.66922
1934,manang,MANANG_S1.2_P3123_R1,2025,3,202.0,313.9854,Wheat,NA,NA,3623.89,NA,NA,1304.6003999999998,788.6149999999998
1935,manang,MANANG_S8.1_P1231_R2,2023,1,215.5,550.0,vetch,NA,NA,0.0,NA,NA,0.0,-765.5
1936,manang,MANANG_S8.1_P1231_R2,2024,2,213.0,370.2692,Wheat,NA,NA,1996.12,NA,NA,718.6031999999999,135.3339999999999
1937,manang,MANANG_S8.1_P1231_R2,2025,3,202.0,265.48539999999997,Wheat,NA,NA,3662.79,NA,NA,1318.6044,851.1189999999999
1938,manang,MANANG_S12_P0000_R7,2023,1,171.5,437.59999999999997,canola,NA,NA,1382.0,NA,NA,953.58,344.4800000000001
1939,manang,MANANG_S12_P0000_R7,2024,2,213.0,280.76919999999996,Wheat,NA,NA,2275.81,NA,NA,819.2915999999999,325.52239999999995
1940,manang,MANANG_S12_P0000_R7,2025,3,193.5,256.5854,Barley,NA,NA,3938.95,NA,NA,1225.8012399999998,775.7158399999998
1941,manang,MANANG_S9_P2312_R2,2023,1,191.0,447.91999999999996,wheat,NA,NA,3229.0,NA,NA,1162.44,523.5200000000001
1942,manang,MANANG_S9_P2312_R2,2024,2,202.0,373.62919999999997,Oats,NA,NA,6100.0,NA,NA,1537.2,961.5708000000001
1943,manang,MANANG_S9_P2312_R2,2025,3,204.5,304.5944,Vetch,NA,NA,0.0,NA,NA,0.0,-509.0944
1944,manang,MANANG_S8.1_P3123_R1,2023,1,202.0,447.91999999999996,wheat,NA,NA,3247.0,NA,NA,1168.9199999999998,518.9999999999999
1945,manang,MANANG_S8.1_P3123_R1,2024,2,204.5,249.80219999999997,Vetch,NA,NA,0.0,NA,NA,0.0,-454.30219999999997
1946,manang,MANANG_S8.1_P3123_R1,2025,3,202.0,275.4854,Wheat,NA,NA,4035.47,NA,NA,1452.7692,975.2837999999999
1947,manang,MANANG_S1.2_P1231_R1,2023,1,226.5,532.1972000000001,lentil,NA,NA,767.0,NA,NA,589.823,-168.8742000000001
1948,manang,MANANG_S1.2_P1231_R1,2024,2,221.5,328.2692,Wheat,NA,NA,1853.6,NA,NA,667.2959999999999,117.52679999999992
1949,manang,MANANG_S1.2_P1231_R1,2025,3,202.0,278.9854,Wheat,NA,NA,3864.82,NA,NA,1391.3352,910.3498
1950,manang,MANANG_S9_P1231_R3,2023,1,226.5,550.0,vetch,NA,NA,0.0,NA,NA,0.0,-776.5
1951,manang,MANANG_S9_P1231_R3,2024,2,213.0,326.7692,Wheat,NA,NA,2450.87,NA,NA,882.3131999999999,342.5439999999999
1952,manang,MANANG_S9_P1231_R3,2025,3,213.0,361.3654,Oats,NA,NA,6316.17,NA,NA,1591.67484,1017.3094399999999
1953,manang,MANANG_S5_P4123_R3,2023,1,191.0,447.91999999999996,wheat,NA,NA,2713.0,NA,NA,976.68,337.76
1954,manang,MANANG_S5_P4123_R3,2024,2,193.5,214.80169999999998,Lentil,NA,NA,762.41,NA,NA,586.29329,177.99158999999997
1955,manang,MANANG_S5_P4123_R3,2025,3,202.0,279.9854,Wheat,NA,NA,4563.95,NA,NA,1643.022,1161.0366
1956,manang,MANANG_S10.2_P1231_R2,2023,1,277.125,462.0972,wheat,vetch,NA,3005.0,0.0,NA,0.0,-739.2221999999999
1957,manang,MANANG_S10.2_P1231_R2,2024,2,213.0,327.76920000000007,Wheat,NA,NA,2046.16,NA,NA,736.6176,195.84839999999997
1958,manang,MANANG_S10.2_P1231_R2,2025,3,202.0,306.4854,Wheat,NA,NA,4147.29,NA,NA,1493.0244,984.539
1959,manang,MANANG_S8.2_P3123_R1,2023,1,202.0,447.91999999999996,wheat,NA,NA,2874.0,NA,NA,1034.64,384.72000000000014
1960,manang,MANANG_S8.2_P3123_R1,2024,2,193.5,244.7522,Vetch,NA,NA,0.0,NA,NA,0.0,-438.2522
1961,manang,MANANG_S8.2_P3123_R1,2025,3,202.0,282.9854,Wheat,NA,NA,3672.48,NA,NA,1322.0928,837.1073999999999
1962,manang,MANANG_S4_P1234_R1,2023,1,215.5,514.9472000000001,lentil,NA,NA,672.0,NA,NA,516.768,-213.67920000000004
1963,manang,MANANG_S4_P1234_R1,2024,2,202.0,332.44720000000007,Canola,NA,NA,855.54,NA,NA,590.3226,55.8753999999999
1964,manang,MANANG_S4_P1234_R1,2025,3,202.0,321.48539999999997,Wheat,NA,NA,2981.43,NA,NA,1073.3148,549.8294000000001
1965,manang,MANANG_S6_P1111_R3,2023,1,180.0,447.91999999999996,wheat,NA,NA,2823.0,NA,NA,1016.28,388.36
1966,manang,MANANG_S6_P1111_R3,2024,2,221.5,346.2692,Wheat,NA,NA,2280.96,NA,NA,821.1456,253.37639999999993
1967,manang,MANANG_S6_P1111_R3,2025,3,202.0,291.4854,Wheat,NA,NA,3837.21,NA,NA,1381.3956,887.9102
1968,manang,MANANG_S1.3_P2312_R2,2023,1,180.0,492.91999999999996,wheat,NA,NA,3184.0,NA,NA,1146.24,473.32000000000005
1969,manang,MANANG_S1.3_P2312_R2,2024,2,213.0,399.2692,Wheat,NA,NA,2141.94,NA,NA,771.0984,158.82919999999996
1970,manang,MANANG_S1.3_P2312_R2,2025,3,193.5,232.89989999999997,Lentil,NA,NA,2369.19,NA,NA,1821.90711,1395.5072100000002
1971,manang,MANANG_S1.3_P3123_R1,2023,1,202.0,492.91999999999996,wheat,NA,NA,3598.0,NA,NA,1295.28,600.36
1972,manang,MANANG_S1.3_P3123_R1,2024,2,193.5,214.80169999999998,Lentil,NA,NA,210.0,NA,NA,161.49,-246.81169999999997
1973,manang,MANANG_S1.3_P3123_R1,2025,3,202.0,349.4854,Wheat,NA,NA,4020.41,NA,NA,1447.3475999999998,895.8621999999998
1974,manang,MANANG_S3_P2312_R2,2023,1,215.5,514.9472000000001,lentil,NA,NA,695.0,NA,NA,534.455,-195.99220000000003
1975,manang,MANANG_S3_P2312_R2,2024,2,213.0,356.7692,Wheat,NA,NA,1946.78,NA,NA,700.8408,131.07159999999993
1976,manang,MANANG_S3_P2312_R2,2025,3,193.5,232.89989999999997,Lentil,NA,NA,1576.04,NA,NA,1211.97476,785.5748600000001
1977,manang,MANANG_S2_P2121_R2,2023,1,191.0,447.91999999999996,wheat,NA,NA,3007.0,NA,NA,1082.52,443.6
1978,manang,MANANG_S2_P2121_R2,2024,2,193.5,214.8017,Lentil,NA,NA,460.32,NA,NA,353.98608,-54.315619999999996
1979,manang,MANANG_S2_P2121_R2,2025,3,202.0,324.9854,Wheat,NA,NA,3585.27,NA,NA,1290.6971999999998,763.7117999999998
1980,manang,MANANG_S11_P2121_R3,2023,1,202.0,447.91999999999996,wheat,NA,NA,2878.0,NA,NA,1036.08,386.15999999999997
1981,manang,MANANG_S11_P2121_R3,2024,2,253.74625,324.6572,Wheat,Vetch,NA,2069.85,NA,NA,745.146,166.74254999999994
1982,manang,MANANG_S11_P2121_R3,2025,3,202.0,310.9854,Wheat,NA,NA,3570.74,NA,NA,1285.4663999999998,772.4809999999998
1983,manang,MANANG_S13_P0000_R9,2023,1,193.5,538.6,canola,NA,NA,1289.0,NA,NA,889.41,157.30999999999995
1984,manang,MANANG_S13_P0000_R9,2024,2,213.0,279.26919999999996,Wheat,NA,NA,2395.0,NA,NA,862.1999999999999,369.9308
1985,manang,MANANG_S13_P0000_R9,2025,3,193.5,237.0854,Barley,NA,NA,4316.86,NA,NA,1343.406832,912.821432
1986,manang,MANANG_S5_P3412_R1,2023,1,191.0,447.91999999999996,wheat,NA,NA,2528.0,NA,NA,910.08,271.1600000000001
1987,manang,MANANG_S5_P3412_R1,2024,2,221.5,331.2692,Wheat,NA,NA,661.71,NA,NA,238.2156,-314.5536
1988,manang,MANANG_S5_P3412_R1,2025,3,193.5,232.89989999999997,Lentil,NA,NA,1591.1,NA,NA,1223.5559,797.1560000000001
1989,manang,MANANG_S13_P0000_R2,2023,1,193.5,538.6,canola,NA,NA,1177.0,NA,NA,812.1299999999999,80.02999999999986
1990,manang,MANANG_S13_P0000_R2,2024,2,213.0,279.26919999999996,Wheat,NA,NA,1067.87,NA,NA,384.4332,-107.83599999999996
1991,manang,MANANG_S13_P0000_R2,2025,3,193.5,237.0854,Barley,NA,NA,3458.26,NA,NA,1076.210512,645.6251120000002
1992,manang,MANANG_S13_P0000_R8,2023,1,182.5,538.6,canola,NA,NA,1441.0,NA,NA,994.29,273.18999999999994
1993,manang,MANANG_S13_P0000_R8,2024,2,213.0,279.26919999999996,Wheat,NA,NA,2275.81,NA,NA,819.2915999999999,327.02239999999995
1994,manang,MANANG_S13_P0000_R8,2025,3,193.5,237.0854,Barley,NA,NA,4336.24,NA,NA,1349.437888,918.852488
1995,manang,MANANG_S9_P2312_R3,2023,1,191.0,447.91999999999996,wheat,NA,NA,3037.0,NA,NA,1093.32,454.4
1996,manang,MANANG_S9_P2312_R3,2024,2,202.0,373.62919999999997,Oats,NA,NA,5000.0,NA,NA,1260.0,684.3708
1997,manang,MANANG_S9_P2312_R3,2025,3,204.5,304.5944,Vetch,NA,NA,0.0,NA,NA,0.0,-509.0944
1998,manang,MANANG_S1.1_P2312_R1,2023,1,191.0,472.41999999999996,wheat,NA,NA,3522.0,NA,NA,1267.9199999999998,604.4999999999999
1999,manang,MANANG_S1.1_P2312_R1,2024,2,213.0,341.2692,Wheat,NA,NA,1020.41,NA,NA,367.3476,-186.9216
2000,manang,MANANG_S1.1_P2312_R1,2025,3,193.5,232.89989999999997,Lentil,NA,NA,1812.02,NA,NA,1393.44338,967.0434799999999
2001,manang,MANANG_S7_P1231_R3,2024,1,276.5,665.2192000000001,Wheat,NA,NA,2564.15,NA,NA,923.094,-18.625200000000063
2002,manang,MANANG_S7_P1231_R3,2025,2,202.0,285.9854,Wheat,NA,NA,4025.43,NA,NA,1449.1547999999998,961.1693999999998
2003,manang,MANANG_S10.1_P3123_R3,2023,1,204.5,423.41999999999996,wheat,NA,NA,2615.0,NA,NA,941.4,313.48
2004,manang,MANANG_S10.1_P3123_R3,2024,2,247.82075,232.65720000000002,Wheat,Vetch,NA,2172.83,NA,NA,782.2188,301.74085
2005,manang,MANANG_S10.1_P3123_R3,2025,3,202.0,336.9854,Wheat,NA,NA,3701.55,NA,NA,1332.558,793.5726
2006,manang,MANANG_S1.2_P3123_R3,2023,1,202.0,447.91999999999996,wheat,NA,NA,3684.0,NA,NA,1326.24,676.32
2007,manang,MANANG_S1.2_P3123_R3,2024,2,193.5,214.8017,Lentil,NA,NA,355.27,NA,NA,273.20263,-135.09907
2008,manang,MANANG_S1.2_P3123_R3,2025,3,202.0,313.9854,Wheat,NA,NA,4045.51,NA,NA,1456.3836,940.3981999999999
2009,manang,MANANG_S5_P4123_R2,2023,1,202.0,447.91999999999996,wheat,NA,NA,2353.0,NA,NA,847.0799999999999,197.15999999999997
2010,manang,MANANG_S5_P4123_R2,2024,2,193.5,214.80169999999998,Lentil,NA,NA,348.84,NA,NA,268.25796,-140.04373999999996
2011,manang,MANANG_S5_P4123_R2,2025,3,202.0,279.9854,Wheat,NA,NA,3691.86,NA,NA,1329.0696,847.0842
2012,manang,MANANG_S8.1_P3123_R2,2023,1,202.0,447.91999999999996,wheat,NA,NA,3875.0,NA,NA,1395.0,745.08
2013,manang,MANANG_S8.1_P3123_R2,2024,2,204.5,249.80219999999997,Vetch,NA,NA,0.0,NA,NA,0.0,-454.30219999999997
2014,manang,MANANG_S8.1_P3123_R2,2025,3,202.0,275.4854,Wheat,NA,NA,4312.02,NA,NA,1552.3272000000002,1074.8418000000001
2015,manang,MANANG_S1.1_P3123_R3,2023,1,213.0,472.41999999999996,wheat,NA,NA,2545.0,NA,NA,916.2,230.7800000000001
2016,manang,MANANG_S1.1_P3123_R3,2024,2,193.5,214.80169999999998,Lentil,NA,NA,374.01,NA,NA,287.61369,-120.68800999999996
2017,manang,MANANG_S1.1_P3123_R3,2025,3,202.0,299.9854,Wheat,NA,NA,4210.27,NA,NA,1515.6972,1013.7118
2018,manang,MANANG_S12_P0000_R9,2023,1,182.5,437.59999999999997,canola,NA,NA,1441.0,NA,NA,994.29,374.19
2019,manang,MANANG_S12_P0000_R9,2024,2,213.0,280.76919999999996,Wheat,NA,NA,2358.19,NA,NA,848.9484,355.17920000000004
2020,manang,MANANG_S12_P0000_R9,2025,3,193.5,256.5854,Barley,NA,NA,4307.17,NA,NA,1340.391304,890.305904
2021,manang,MANANG_S1.3_P2312_R3,2023,1,191.0,492.91999999999996,wheat,NA,NA,3274.0,NA,NA,1178.64,494.72000000000014
2022,manang,MANANG_S1.3_P2312_R3,2024,2,213.0,399.2692,Wheat,NA,NA,1870.06,NA,NA,673.2216,60.952399999999955
2023,manang,MANANG_S1.3_P2312_R3,2025,3,193.5,232.89989999999997,Lentil,NA,NA,1786.85,NA,NA,1374.08765,947.6877499999999
2024,manang,MANANG_S4_P3412_R3,2023,1,202.0,447.91999999999996,wheat,NA,NA,2473.0,NA,NA,890.28,240.36
2025,manang,MANANG_S4_P3412_R3,2024,2,221.5,332.7692,Wheat,NA,NA,2268.04,NA,NA,816.4943999999999,262.2251999999999
2026,manang,MANANG_S4_P3412_R3,2025,3,193.5,232.89989999999995,Lentil,NA,NA,1942.83,NA,NA,1494.03627,1067.6363700000002
2027,manang,MANANG_S11_P2121_R2,2023,1,202.0,447.91999999999996,wheat,NA,NA,2768.0,NA,NA,996.48,346.56000000000006
2028,manang,MANANG_S11_P2121_R2,2024,2,234.58225,324.6572,Wheat,Vetch,NA,1303.29,NA,NA,469.1844,-90.05505
2029,manang,MANANG_S11_P2121_R2,2025,3,202.0,310.98539999999997,Wheat,NA,NA,3272.54,NA,NA,1178.1144,665.1289999999999
2030,manang,MANANG_S4_P4123_R3,2023,1,202.0,447.91999999999996,wheat,NA,NA,2910.0,NA,NA,1047.6,397.67999999999995
2031,manang,MANANG_S4_P4123_R3,2024,2,193.5,214.80169999999998,Lentil,NA,NA,422.21,NA,NA,324.67949,-83.62221
2032,manang,MANANG_S4_P4123_R3,2025,3,213.0,371.0804,Canola,NA,NA,2610.01,NA,NA,1800.9069,1216.8265
2033,manang,MANANG_S7_P2312_R1,2023,1,202.0,447.91999999999996,wheat,NA,NA,2744.0,NA,NA,987.84,337.9200000000001
2034,manang,MANANG_S7_P2312_R1,2024,2,221.5,324.2692,Wheat,NA,NA,1167.54,NA,NA,420.3144,-125.45480000000003
2035,manang,MANANG_S1.2_P1231_R2,2023,1,204.5,514.9472000000001,lentil,NA,NA,948.0,NA,NA,729.0120000000001,9.564799999999991
2036,manang,MANANG_S1.2_P1231_R2,2024,2,221.5,328.2692,Wheat,NA,NA,1942.96,NA,NA,699.4656,149.69639999999998
2037,manang,MANANG_S1.2_P1231_R2,2025,3,202.0,278.9854,Wheat,NA,NA,3593.78,NA,NA,1293.7608,812.7754
2038,manang,MANANG_S8.2_P1231_R3,2023,1,248.5,550.0,vetch,NA,NA,0.0,NA,NA,0.0,-798.5
2039,manang,MANANG_S8.2_P1231_R3,2024,2,213.0,326.2692,Wheat,NA,NA,2687.72,NA,NA,967.5792,428.31
2040,manang,MANANG_S8.2_P1231_R3,2025,3,202.0,295.48539999999997,Wheat,NA,NA,4137.6,NA,NA,1489.536,992.0506
2041,manang,MANANG_S10.2_P1231_R3,2023,1,298.725,462.0972,wheat,vetch,NA,3429.0,0.0,NA,0.0,-760.8222000000001
2042,manang,MANANG_S10.2_P1231_R3,2024,2,213.0,327.7692,Wheat,NA,NA,2255.21,NA,NA,811.8756,271.10639999999995
2043,manang,MANANG_S10.2_P1231_R3,2025,3,202.0,306.48539999999997,Wheat,NA,NA,3935.08,NA,NA,1416.6288,908.1433999999999
2044,manang,MANANG_S10.1_P1231_R1,2023,1,277.65,462.0972,wheat,vetch,NA,3026.0,0.0,NA,0.0,-739.7472
2045,manang,MANANG_S10.1_P1231_R1,2024,2,221.5,334.7692,Wheat,NA,NA,1419.32,NA,NA,510.95519999999993,-45.31400000000008
2046,manang,MANANG_S10.1_P1231_R1,2025,3,202.0,301.48539999999997,Wheat,NA,NA,3565.89,NA,NA,1283.7204,780.2349999999999
2047,manang,MANANG_S5_P4123_R1,2023,1,202.0,447.91999999999996,wheat,NA,NA,2791.0,NA,NA,1004.76,354.84000000000003
2048,manang,MANANG_S5_P4123_R1,2024,2,193.5,214.80169999999998,Lentil,NA,NA,192.64,NA,NA,148.14015999999998,-260.16154
2049,manang,MANANG_S5_P4123_R1,2025,3,202.0,279.9854,Wheat,NA,NA,4035.47,NA,NA,1452.7692,970.7837999999999
2050,manang,MANANG_S11_P2121_R1,2023,1,191.0,447.91999999999996,wheat,NA,NA,3798.0,NA,NA,1367.28,728.36
2051,manang,MANANG_S11_P2121_R1,2024,2,225.73525,324.6572,Wheat,Vetch,NA,949.41,NA,NA,341.7876,-208.60485
2052,manang,MANANG_S11_P2121_R1,2025,3,202.0,310.98539999999997,Wheat,NA,NA,3546.51,NA,NA,1276.7436,763.7582
2053,manang,MANANG_S13_P0000_R6,2023,1,193.5,538.6,canola,NA,NA,1202.0,NA,NA,829.3799999999999,97.27999999999986
2054,manang,MANANG_S13_P0000_R6,2024,2,213.0,279.26919999999996,Wheat,NA,NA,1889.64,NA,NA,680.2704,188.00120000000004
2055,manang,MANANG_S13_P0000_R6,2025,3,193.5,237.0854,Barley,NA,NA,4467.05,NA,NA,1390.14596,959.5605600000001
2056,manang,MANANG_S7_P2312_R3,2023,1,202.0,447.91999999999996,wheat,NA,NA,2981.0,NA,NA,1073.16,423.2400000000001
2057,manang,MANANG_S7_P2312_R3,2024,2,221.5,324.26920000000007,Wheat,NA,NA,2229.47,NA,NA,802.6091999999999,256.8399999999998
2058,manang,MANANG_S1.2_P1231_R3,2023,1,215.5,514.9472000000001,lentil,NA,NA,693.0,NA,NA,532.917,-197.53020000000004
2059,manang,MANANG_S1.2_P1231_R3,2024,2,221.5,328.2692,Wheat,NA,NA,2528.1,NA,NA,910.116,360.3468
2060,manang,MANANG_S1.2_P1231_R3,2025,3,202.0,278.9854,Wheat,NA,NA,3827.52,NA,NA,1377.9072,896.9218000000001
2061,manang,MANANG_S6_P1111_R1,2023,1,191.0,447.91999999999996,wheat,NA,NA,3445.0,NA,NA,1240.2,601.2800000000001
2062,manang,MANANG_S6_P1111_R1,2024,2,221.5,346.2692,Wheat,NA,NA,998.88,NA,NA,359.5968,-208.17240000000004
2063,manang,MANANG_S6_P1111_R1,2025,3,202.0,291.4854,Wheat,NA,NA,3438.18,NA,NA,1237.7448,744.2593999999999
2064,kinnabulla,KINNABULLA_S4_P2341_R2,2023,1,169.0,477.3909160305343,canola,NA,NA,1567.0,NA,NA,1081.23,434.8390839694657
2065,kinnabulla,KINNABULLA_S5_P1212_R3,2023,1,204.5,280.27200000000005,lentil,NA,NA,1479.0,NA,NA,1137.351,652.5790000000001
2066,kinnabulla,KINNABULLA_S13_P0000_R4,2023,1,169.0,369.39091603053436,canola,NA,NA,1749.0,NA,NA,1206.81,668.4190839694656
2067,kinnabulla,KINNABULLA_S10_P1231_R2,2023,1,182.5,236.87,tillage radish,NA,NA,4740.0,NA,NA,0.0,-419.37
2068,kinnabulla,KINNABULLA_S9.1_P3123_R2,2023,1,171.5,189.04000000000002,wheat,NA,NA,5084.0,NA,NA,1830.24,1469.7
2069,kinnabulla,KINNABULLA_S4_P3412_R3,2023,1,169.0,317.54,wheat,NA,NA,4772.0,NA,NA,1717.9199999999998,1231.3799999999999
2070,kinnabulla,KINNABULLA_S12_P0000_R4,2023,1,169.0,477.39091603053436,canola,NA,NA,1670.0,NA,NA,1152.3,505.9090839694656
2071,kinnabulla,KINNABULLA_S14_P0000_R5,2023,1,169.0,477.39091603053436,canola,NA,NA,1619.0,NA,NA,1117.11,470.71908396946554
2072,kinnabulla,KINNABULLA_S2.1_P2121_R3,2023,1,180.0,317.53999999999996,wheat,NA,NA,4656.0,NA,NA,1676.16,1178.6200000000001
2073,kinnabulla,KINNABULLA_S2.2_P2121_R3,2023,1,191.0,359.53999999999996,wheat,NA,NA,4551.0,NA,NA,1638.36,1087.82
2074,kinnabulla,KINNABULLA_S1.3_P2312_R2,2023,1,180.0,359.54,wheat,NA,NA,5210.0,NA,NA,1875.6,1336.06
2075,kinnabulla,KINNABULLA_S9.2_P2312_R2,2023,1,182.5,189.04000000000002,wheat,NA,NA,5121.0,NA,NA,1843.56,1472.02
2076,kinnabulla,KINNABULLA_S9.2_P3123_R3,2023,1,160.5,189.04000000000002,wheat,NA,NA,4805.0,NA,NA,1729.8,1380.26
2077,kinnabulla,KINNABULLA_S8_P3123_R1,2023,1,191.0,317.53999999999996,wheat,NA,NA,4969.0,NA,NA,1788.84,1280.3
2078,kinnabulla,KINNABULLA_S12_P0000_R5,2023,1,169.0,477.39091603053436,canola,NA,NA,1395.0,NA,NA,962.55,316.1590839694656
2079,kinnabulla,KINNABULLA_S1.1_P1231_R2,2023,1,182.5,280.27200000000005,lentil,NA,NA,1619.0,NA,NA,1245.011,782.2389999999999
2080,kinnabulla,KINNABULLA_S1.2_P3123_R3,2023,1,169.0,317.54,wheat,NA,NA,4363.0,NA,NA,1570.6799999999998,1084.1399999999999
2081,kinnabulla,KINNABULLA_S5_P1212_R1,2023,1,193.5,280.27200000000005,lentil,NA,NA,1250.0,NA,NA,961.25,487.47799999999995
2082,kinnabulla,KINNABULLA_S13_P0000_R2,2023,1,169.0,369.39091603053436,canola,NA,NA,2066.0,NA,NA,1425.54,887.1490839694657
2083,kinnabulla,KINNABULLA_S2.1_P1212_R2,2023,1,204.5,280.27200000000005,lentil,NA,NA,1386.0,NA,NA,1065.834,581.062
2084,kinnabulla,KINNABULLA_S5_P2121_R2,2023,1,169.0,307.54,barley,NA,NA,4535.0,NA,NA,1411.292,934.752
2085,kinnabulla,KINNABULLA_S13_P0000_R5,2023,1,169.0,369.39091603053436,canola,NA,NA,1526.0,NA,NA,1052.9399999999998,514.5490839694655
2086,kinnabulla,KINNABULLA_S2.1_P1212_R3,2023,1,215.5,280.27200000000005,lentil,NA,NA,1237.0,NA,NA,951.253,455.481
2087,kinnabulla,KINNABULLA_S12_P0000_R1,2023,1,180.0,477.39091603053436,canola,NA,NA,1713.0,NA,NA,1181.9699999999998,524.5790839694655
2088,kinnabulla,KINNABULLA_S1.3_P3123_R3,2023,1,169.0,359.54,wheat,NA,NA,4940.0,NA,NA,1778.4,1249.8600000000001
2089,kinnabulla,KINNABULLA_S13_P0000_R1,2023,1,169.0,369.39091603053436,canola,NA,NA,2139.0,NA,NA,1475.91,937.5190839694658
2090,kinnabulla,KINNABULLA_S12_P0000_R8,2023,1,169.0,477.39091603053436,canola,NA,NA,1569.0,NA,NA,1082.61,436.21908396946554
2091,kinnabulla,KINNABULLA_S8_P2312_R3,2023,1,169.0,317.54,wheat,NA,NA,4379.0,NA,NA,1576.44,1089.9
2092,kinnabulla,KINNABULLA_S3_P2312_R2,2023,1,215.5,280.27200000000005,lentil,NA,NA,1438.0,NA,NA,1105.822,610.0499999999998
2093,kinnabulla,KINNABULLA_S1.2_P2312_R2,2023,1,191.0,317.53999999999996,wheat,NA,NA,5070.0,NA,NA,1825.2,1316.66
2094,kinnabulla,KINNABULLA_S14_P0000_R3,2023,1,180.0,477.39091603053436,canola,NA,NA,2093.0,NA,NA,1444.1699999999998,786.7790839694655
2095,kinnabulla,KINNABULLA_S13_P0000_R7,2023,1,169.0,369.39091603053436,canola,NA,NA,1404.0,NA,NA,968.76,430.36908396946563
2096,kinnabulla,KINNABULLA_S13_P0000_R8,2023,1,169.0,369.39091603053436,canola,NA,NA,1605.0,NA,NA,1107.4499999999998,569.0590839694655
2097,kinnabulla,KINNABULLA_S14_P0000_R4,2023,1,169.0,477.39091603053436,canola,NA,NA,1423.0,NA,NA,981.87,335.47908396946565
2098,kinnabulla,KINNABULLA_S10_P3123_R2,2023,1,191.0,317.53999999999996,wheat,NA,NA,5600.0,NA,NA,2016.0,1507.46
2099,kinnabulla,KINNABULLA_S7_P1111_R2,2023,1,191.0,317.53999999999996,wheat,NA,NA,5716.0,NA,NA,2057.76,1549.2200000000003
2100,kinnabulla,KINNABULLA_S1.1_P2312_R2,2023,1,191.0,238.04000000000002,wheat,NA,NA,4665.0,NA,NA,1679.4,1250.3600000000001
2101,kinnabulla,KINNABULLA_S1.1_P1231_R3,2023,1,204.5,280.27200000000005,lentil,NA,NA,1414.0,NA,NA,1087.366,602.5939999999999
2102,kinnabulla,KINNABULLA_S1.1_P2312_R1,2023,1,191.0,238.04000000000002,wheat,NA,NA,5237.0,NA,NA,1885.32,1456.28
2103,kinnabulla,KINNABULLA_S1.2_P2312_R1,2023,1,180.0,317.53999999999996,wheat,NA,NA,5177.0,NA,NA,1863.72,1366.18
2104,kinnabulla,KINNABULLA_S6_P2341_R1,2023,1,180.0,317.54,wheat,NA,NA,5665.0,NA,NA,2039.4,1541.8600000000001
2105,kinnabulla,KINNABULLA_S11_P2312_R1,2023,1,191.0,317.53999999999996,wheat,NA,NA,4729.0,NA,NA,1702.4399999999998,1193.8999999999999
2106,kinnabulla,KINNABULLA_S2.2_P1212_R1,2023,1,204.5,280.27200000000005,lentil,NA,NA,1113.0,NA,NA,855.897,371.125
2107,kinnabulla,KINNABULLA_S1.2_P2312_R3,2023,1,191.0,317.54,wheat,NA,NA,4473.0,NA,NA,1610.28,1101.74
2108,kinnabulla,KINNABULLA_S1.1_P3123_R2,2023,1,169.0,238.04,wheat,NA,NA,4633.0,NA,NA,1667.88,1260.8400000000001
2109,kinnabulla,KINNABULLA_S14_P0000_R8,2023,1,180.0,477.3909160305343,canola,NA,NA,1485.0,NA,NA,1024.65,367.2590839694658
2110,kinnabulla,KINNABULLA_S13_P0000_R6,2023,1,169.0,369.39091603053436,canola,NA,NA,1438.0,NA,NA,992.22,453.82908396946567
2111,kinnabulla,KINNABULLA_S11_P1231_R2,2023,1,264.9,236.87,tillage radish,vetch,NA,1761.0,2415.0,NA,0.0,-501.77
2112,kinnabulla,KINNABULLA_S5_P1212_R2,2023,1,193.5,280.27200000000005,lentil,NA,NA,1358.0,NA,NA,1044.302,570.5299999999999
2113,kinnabulla,KINNABULLA_S4_P4123_R3,2023,1,191.0,317.53999999999996,wheat,NA,NA,4255.0,NA,NA,1531.8,1023.26
2114,kinnabulla,KINNABULLA_S6_P4123_R1,2023,1,169.0,317.54,wheat,NA,NA,5775.0,NA,NA,2079.0,1592.46
2115,kinnabulla,KINNABULLA_S9.1_P2312_R2,2023,1,160.5,189.04000000000002,wheat,NA,NA,5121.0,NA,NA,1843.56,1494.02
2116,kinnabulla,KINNABULLA_S4_P3412_R1,2023,1,169.0,317.54,wheat,NA,NA,5332.0,NA,NA,1919.52,1432.98
2117,kinnabulla,KINNABULLA_S3_P2312_R3,2023,1,215.5,280.27200000000005,lentil,NA,NA,1308.0,NA,NA,1005.852,510.0799999999999
2118,kinnabulla,KINNABULLA_S8_P1231_R1,NA,NA,NA,NA,NA,NA,NA,NA,NA,NA,NA,NA
2119,kinnabulla,KINNABULLA_S4_P1234_R3,2023,1,204.5,280.27200000000005,lentil,NA,NA,1377.0,NA,NA,1058.913,574.141
2120,kinnabulla,KINNABULLA_S9.1_P1231_R2,2023,1,182.5,291.72,vetch,NA,NA,4347.0,NA,NA,0.0,-474.22
2121,kinnabulla,KINNABULLA_S7_P1111_R5,2023,1,180.0,317.53999999999996,wheat,NA,NA,5042.0,NA,NA,1815.12,1317.58
2122,kinnabulla,KINNABULLA_S9.1_P1231_R3,2023,1,182.5,291.72,vetch,NA,NA,2381.0,NA,NA,0.0,-474.22
2123,kinnabulla,KINNABULLA_S7_P1111_R6,2023,1,191.0,317.53999999999996,wheat,NA,NA,5000.0,NA,NA,1800.0,1291.46
2124,kinnabulla,KINNABULLA_S1.2_P3123_R1,2023,1,191.0,317.53999999999996,wheat,NA,NA,5705.0,NA,NA,2053.8,1545.2600000000002
2125,kinnabulla,KINNABULLA_S3_P1231_R2,2023,1,193.5,280.27200000000005,lentil,NA,NA,1348.0,NA,NA,1036.612,562.84
2126,kinnabulla,KINNABULLA_S3_P1231_R1,2023,1,204.5,280.27200000000005,lentil,NA,NA,1254.0,NA,NA,964.326,479.554
2127,kinnabulla,KINNABULLA_S9.1_P3123_R1,2023,1,182.5,189.04000000000002,wheat,NA,NA,4975.0,NA,NA,1791.0,1419.46
2128,kinnabulla,KINNABULLA_S14_P0000_R6,2023,1,169.0,477.39091603053436,canola,NA,NA,1488.0,NA,NA,1026.72,380.32908396946567
2129,kinnabulla,KINNABULLA_S11_P3123_R2,2023,1,180.0,317.54,wheat,NA,NA,4811.0,NA,NA,1731.96,1234.42
2130,kinnabulla,KINNABULLA_S12_P0000_R3,2023,1,169.0,477.39091603053436,canola,NA,NA,2033.0,NA,NA,1402.77,756.3790839694657
2131,kinnabulla,KINNABULLA_S11_P1231_R3,2023,1,250.2,236.87,tillage radish,vetch,NA,1865.0,843.0,NA,0.0,-487.07
2132,kinnabulla,KINNABULLA_S3_P3123_R2,2023,1,180.0,317.54,wheat,NA,NA,4651.0,NA,NA,1674.36,1176.82
2133,kinnabulla,KINNABULLA_S4_P2341_R3,2023,1,169.0,477.3909160305343,canola,NA,NA,1609.0,NA,NA,1110.2099999999998,463.8190839694655
2134,kinnabulla,KINNABULLA_S2.1_P2121_R2,2023,1,180.0,317.53999999999996,wheat,NA,NA,5367.0,NA,NA,1932.12,1434.58
2135,kinnabulla,KINNABULLA_S8_P3123_R2,2023,1,180.0,317.53999999999996,wheat,NA,NA,4985.0,NA,NA,1794.6,1297.06
2136,kinnabulla,KINNABULLA_S9.2_P2312_R1,2023,1,171.5,189.04000000000002,wheat,NA,NA,5403.0,NA,NA,1945.08,1584.54
2137,kinnabulla,KINNABULLA_S3_P2312_R1,2023,1,204.5,280.27200000000005,lentil,NA,NA,1669.0,NA,NA,1283.461,798.689
2138,kinnabulla,KINNABULLA_S2.2_P1212_R3,2023,1,204.5,280.27200000000005,lentil,NA,NA,1209.0,NA,NA,929.721,444.94899999999996
2139,kinnabulla,KINNABULLA_S9.1_P1231_R1,2023,1,171.5,291.71999999999997,vetch,NA,NA,1911.0,NA,NA,0.0,-463.21999999999997
2140,kinnabulla,KINNABULLA_S1.2_P1231_R3,2023,1,204.5,280.27200000000005,lentil,NA,NA,1540.0,NA,NA,1184.26,699.4879999999999
2141,kinnabulla,KINNABULLA_S3_P3123_R3,2023,1,191.0,317.53999999999996,wheat,NA,NA,4656.0,NA,NA,1676.16,1167.6200000000001
2142,kinnabulla,KINNABULLA_S11_P2312_R3,2023,1,180.0,317.54,wheat,NA,NA,4543.0,NA,NA,1635.48,1137.94
2143,kinnabulla,KINNABULLA_S4_P3412_R2,2023,1,180.0,317.54,wheat,NA,NA,4999.0,NA,NA,1799.64,1302.1000000000001
2144,kinnabulla,KINNABULLA_S8_P3123_R3,2023,1,191.0,317.53999999999996,wheat,NA,NA,5051.0,NA,NA,1818.36,1309.82
2145,kinnabulla,KINNABULLA_S4_P1234_R1,2023,1,182.5,280.27200000000005,lentil,NA,NA,1186.0,NA,NA,912.034,449.26199999999994
2146,kinnabulla,KINNABULLA_S1.1_P3123_R3,2023,1,191.0,238.04000000000002,wheat,NA,NA,4633.0,NA,NA,1667.88,1238.8400000000001
2147,kinnabulla,KINNABULLA_S7_P1111_R4,2023,1,191.0,317.53999999999996,wheat,NA,NA,5229.0,NA,NA,1882.44,1373.9
2148,kinnabulla,KINNABULLA_S1.3_P1231_R1,2023,1,204.5,280.27200000000005,lentil,NA,NA,945.0,NA,NA,726.705,241.933
2149,kinnabulla,KINNABULLA_S1.3_P3123_R2,2023,1,191.0,359.53999999999996,wheat,NA,NA,5159.0,NA,NA,1857.24,1306.7
2150,kinnabulla,KINNABULLA_S1.1_P2312_R3,2023,1,180.0,238.04,wheat,NA,NA,4698.0,NA,NA,1691.28,1273.24
2151,kinnabulla,KINNABULLA_S6_P4123_R3,2023,1,191.0,317.53999999999996,wheat,NA,NA,4423.0,NA,NA,1592.28,1083.74
2152,kinnabulla,KINNABULLA_S2.2_P1212_R2,2023,1,204.5,280.27200000000005,lentil,NA,NA,1721.0,NA,NA,1323.449,838.677
2153,kinnabulla,KINNABULLA_S6_P4123_R2,2023,1,180.0,317.54,wheat,NA,NA,5302.0,NA,NA,1908.72,1411.18
2154,kinnabulla,KINNABULLA_S9.1_P2312_R1,2023,1,171.5,189.04000000000002,wheat,NA,NA,5501.0,NA,NA,1980.36,1619.82
2155,kinnabulla,KINNABULLA_S14_P0000_R9,2023,1,169.0,477.3909160305343,canola,NA,NA,1464.0,NA,NA,1010.16,363.76908396946567
2156,kinnabulla,KINNABULLA_S4_P4123_R1,2023,1,169.0,317.54,wheat,NA,NA,4903.0,NA,NA,1765.08,1278.54
2157,kinnabulla,KINNABULLA_S11_P3123_R1,2023,1,180.0,317.54,wheat,NA,NA,6124.0,NA,NA,2204.64,1707.1
2158,kinnabulla,KINNABULLA_S10_P2312_R1,2023,1,191.0,317.53999999999996,wheat,NA,NA,5884.0,NA,NA,2118.24,1609.6999999999998
2159,kinnabulla,KINNABULLA_S12_P0000_R7,2023,1,169.0,477.39091603053436,canola,NA,NA,1479.0,NA,NA,1020.51,374.11908396946563
2160,kinnabulla,KINNABULLA_S10_P1231_R3,2023,1,182.5,236.87,tillage radish,NA,NA,3557.0,NA,NA,0.0,-419.37
2161,kinnabulla,KINNABULLA_S1.1_P3123_R1,2023,1,180.0,238.04,wheat,NA,NA,5173.0,NA,NA,1862.28,1444.24
2162,kinnabulla,KINNABULLA_S9.2_P1231_R3,2023,1,182.5,273.72,vetch,NA,NA,2706.0,NA,NA,0.0,-456.22
2163,kinnabulla,KINNABULLA_S4_P2341_R1,2023,1,169.0,477.39091603053436,canola,NA,NA,1733.0,NA,NA,1195.77,549.3790839694657
2164,kinnabulla,KINNABULLA_S10_P1231_R1,2023,1,182.5,236.87,tillage radish,NA,NA,6600.0,NA,NA,0.0,-419.37
2165,kinnabulla,KINNABULLA_S9.2_P1231_R2,2023,1,182.5,273.72,vetch,NA,NA,3551.0,NA,NA,0.0,-456.22
2166,kinnabulla,KINNABULLA_S6_P3412_R3,2023,1,180.0,317.54,wheat,NA,NA,4624.0,NA,NA,1664.64,1167.1000000000001
2167,kinnabulla,KINNABULLA_S10_P3123_R3,2023,1,180.0,317.54,wheat,NA,NA,4953.0,NA,NA,1783.08,1285.54
2168,kinnabulla,KINNABULLA_S1.1_P1231_R1,2023,1,204.5,280.27200000000005,lentil,NA,NA,1179.0,NA,NA,906.651,421.8789999999999
2169,kinnabulla,KINNABULLA_S5_P2121_R3,2023,1,191.0,307.53999999999996,barley,NA,NA,4054.0,NA,NA,1261.6047999999998,763.0647999999999
2170,kinnabulla,KINNABULLA_S1.3_P2312_R1,2023,1,180.0,359.54,wheat,NA,NA,4978.0,NA,NA,1792.08,1252.54
2171,kinnabulla,KINNABULLA_S9.2_P1231_R1,2023,1,193.5,273.72,vetch,NA,NA,2601.0,NA,NA,0.0,-467.22
2172,kinnabulla,KINNABULLA_S1.3_P3123_R1,2023,1,191.0,359.53999999999996,wheat,NA,NA,5649.0,NA,NA,2033.64,1483.1000000000001
2173,kinnabulla,KINNABULLA_S6_P2341_R2,2023,1,180.0,317.53999999999996,wheat,NA,NA,4926.0,NA,NA,1773.36,1275.82
2174,kinnabulla,KINNABULLA_S6_P1234_R2,2023,1,204.5,280.27200000000005,lentil,NA,NA,1462.0,NA,NA,1124.278,639.506
2175,kinnabulla,KINNABULLA_S14_P0000_R7,2023,1,180.0,477.39091603053436,canola,NA,NA,1311.0,NA,NA,904.59,247.19908396946568
2176,kinnabulla,KINNABULLA_S3_P1231_R3,2023,1,204.5,280.27200000000005,lentil,NA,NA,1260.0,NA,NA,968.94,484.168
2177,kinnabulla,KINNABULLA_S12_P0000_R6,2023,1,180.0,477.39091603053436,canola,NA,NA,1619.0,NA,NA,1117.11,459.71908396946554
2178,kinnabulla,KINNABULLA_S14_P0000_R2,2023,1,169.0,477.39091603053436,canola,NA,NA,1933.0,NA,NA,1333.77,687.3790839694657
2179,kinnabulla,KINNABULLA_S1.2_P1231_R1,2023,1,204.5,280.27200000000005,lentil,NA,NA,1654.0,NA,NA,1271.926,787.1539999999999
2180,kinnabulla,KINNABULLA_S8_P1231_R3,NA,NA,NA,NA,NA,NA,NA,NA,NA,NA,NA,NA
2181,kinnabulla,KINNABULLA_S7_P1111_R1,2023,1,180.0,317.54,wheat,NA,NA,5346.0,NA,NA,1924.56,1427.02
2182,kinnabulla,KINNABULLA_S9.2_P3123_R1,2023,1,171.5,189.04000000000002,wheat,NA,NA,5760.0,NA,NA,2073.6,1713.06
2183,kinnabulla,KINNABULLA_S1.3_P1231_R3,2023,1,193.5,280.27200000000005,lentil,NA,NA,1121.0,NA,NA,862.049,388.27699999999993
2184,kinnabulla,KINNABULLA_S2.1_P2121_R1,2023,1,180.0,317.53999999999996,wheat,NA,NA,5631.0,NA,NA,2027.16,1529.6200000000001
2185,kinnabulla,KINNABULLA_S5_P2121_R1,2023,1,191.0,307.53999999999996,barley,NA,NA,4860.0,NA,NA,1512.4319999999998,1013.8919999999998
2186,kinnabulla,KINNABULLA_S11_P2312_R2,2023,1,180.0,317.53999999999996,wheat,NA,NA,5433.0,NA,NA,1955.88,1458.3400000000001
2187,kinnabulla,KINNABULLA_S4_P1234_R2,2023,1,204.5,280.27200000000005,lentil,NA,NA,1447.0,NA,NA,1112.743,627.9709999999999
2188,kinnabulla,KINNABULLA_S7_P1111_R3,2023,1,169.0,317.54,wheat,NA,NA,4902.0,NA,NA,1764.72,1278.18
2189,kinnabulla,KINNABULLA_S14_P0000_R1,2023,1,169.0,477.3909160305343,canola,NA,NA,2104.0,NA,NA,1451.76,805.3690839694657
2190,kinnabulla,KINNABULLA_S11_P1231_R1,2023,1,266.75,236.87,tillage radish,vetch,NA,2307.0,1503.0,NA,0.0,-503.62
2191,kinnabulla,KINNABULLA_S13_P0000_R3,2023,1,169.0,369.3909160305343,canola,NA,NA,1635.0,NA,NA,1128.15,589.7590839694658
2192,kinnabulla,KINNABULLA_S8_P2312_R1,2023,1,180.0,317.54,wheat,NA,NA,5195.0,NA,NA,1870.2,1372.66
2193,kinnabulla,KINNABULLA_S2.2_P2121_R2,2023,1,169.0,359.54,wheat,NA,NA,5074.0,NA,NA,1826.64,1298.1000000000001
2194,kinnabulla,KINNABULLA_S8_P1231_R2,NA,NA,NA,NA,NA,NA,NA,NA,NA,NA,NA,NA
2195,kinnabulla,KINNABULLA_S2.2_P2121_R1,2023,1,180.0,359.53999999999996,wheat,NA,NA,5126.0,NA,NA,1845.36,1305.82
2196,kinnabulla,KINNABULLA_S6_P3412_R2,2023,1,180.0,317.54,wheat,NA,NA,4981.0,NA,NA,1793.16,1295.6200000000001
2197,kinnabulla,KINNABULLA_S1.3_P2312_R3,2023,1,180.0,359.54,wheat,NA,NA,4358.0,NA,NA,1568.88,1029.3400000000001
2198,kinnabulla,KINNABULLA_S10_P3123_R1,2023,1,191.0,317.53999999999996,wheat,NA,NA,5888.0,NA,NA,2119.68,1611.1399999999999
2199,kinnabulla,KINNABULLA_S10_P2312_R3,2023,1,180.0,317.54,wheat,NA,NA,4628.0,NA,NA,1666.08,1168.54
2200,kinnabulla,KINNABULLA_S9.1_P2312_R3,2023,1,182.5,189.04000000000002,wheat,NA,NA,4856.0,NA,NA,1748.16,1376.6200000000001
2201,kinnabulla,KINNABULLA_S4_P4123_R2,2023,1,169.0,317.54,wheat,NA,NA,4872.0,NA,NA,1753.9199999999998,1267.3799999999999
2202,kinnabulla,KINNABULLA_S2.1_P1212_R1,2023,1,204.5,280.27200000000005,lentil,NA,NA,1306.0,NA,NA,1004.314,519.5419999999999
2203,kinnabulla,KINNABULLA_S1.3_P1231_R2,2023,1,193.5,280.27200000000005,lentil,NA,NA,1572.0,NA,NA,1208.868,735.0959999999999
2204,kinnabulla,KINNABULLA_S3_P3123_R1,2023,1,191.0,317.53999999999996,wheat,NA,NA,4904.0,NA,NA,1765.4399999999998,1256.8999999999999
2205,kinnabulla,KINNABULLA_S9.2_P3123_R2,2023,1,160.5,189.04000000000002,wheat,NA,NA,4995.0,NA,NA,1798.2,1448.66
2206,kinnabulla,KINNABULLA_S6_P1234_R3,2023,1,215.5,280.27200000000005,lentil,NA,NA,1550.0,NA,NA,1191.95,696.178
2207,kinnabulla,KINNABULLA_S10_P2312_R2,2023,1,169.0,317.54,wheat,NA,NA,4764.0,NA,NA,1715.04,1228.5
2208,kinnabulla,KINNABULLA_S6_P1234_R1,2023,1,204.5,280.27200000000005,lentil,NA,NA,1170.0,NA,NA,899.73,414.95799999999997
2209,kinnabulla,KINNABULLA_S8_P2312_R2,2023,1,180.0,317.53999999999996,wheat,NA,NA,4989.0,NA,NA,1796.04,1298.5
2210,kinnabulla,KINNABULLA_S1.2_P3123_R2,2023,1,191.0,317.53999999999996,wheat,NA,NA,5018.0,NA,NA,1806.48,1297.94
2211,kinnabulla,KINNABULLA_S12_P0000_R9,2023,1,169.0,477.39091603053436,canola,NA,NA,1251.0,NA,NA,863.1899999999999,216.79908396946558
2212,kinnabulla,KINNABULLA_S1.2_P1231_R2,2023,1,204.5,280.27200000000005,lentil,NA,NA,1758.0,NA,NA,1351.902,867.13
2213,kinnabulla,KINNABULLA_S6_P3412_R1,2023,1,180.0,317.54,wheat,NA,NA,4735.0,NA,NA,1704.6,1207.06
2214,kinnabulla,KINNABULLA_S12_P0000_R2,2023,1,169.0,477.39091603053436,canola,NA,NA,1658.0,NA,NA,1144.02,497.6290839694656
2215,kinnabulla,KINNABULLA_S9.1_P3123_R3,2023,1,171.5,189.04000000000002,wheat,NA,NA,4816.0,NA,NA,1733.76,1373.22
2216,kinnabulla,KINNABULLA_S11_P3123_R3,2023,1,191.0,317.53999999999996,wheat,NA,NA,3837.0,NA,NA,1381.32,872.78
2217,kinnabulla,KINNABULLA_S13_P0000_R9,2023,1,180.0,369.3909160305343,canola,NA,NA,1465.0,NA,NA,1010.85,461.4590839694657
2218,kinnabulla,KINNABULLA_S6_P2341_R3,2023,1,191.0,317.53999999999996,wheat,NA,NA,4706.0,NA,NA,1694.16,1185.6200000000001
2219,kinnabulla,KINNABULLA_S9.2_P2312_R3,2023,1,171.5,189.04000000000002,wheat,NA,NA,5088.0,NA,NA,1831.68,1471.14
